"datetime","Total_Particle_concentration","0.103730_um","0.111469_um","0.119786_um","0.128723_um","0.138327_um","0.148647_um","0.159737_um","0.171655_um","0.184462_um","0.198224_um","0.213013_um","0.228905_um","0.245984_um","0.264336_um","0.284057_um","0.305250_um","0.328024_um","0.352497_um","0.378797_um","0.407058_um","0.437427_um","0.470063_um","0.505133_um","0.542820_um","0.583319_um","0.626839_um","0.673606_um","0.723862_um","0.777868_um","0.835903_um","0.898268_um","0.965286_um","1.037304_um","1.114695_um","1.197860_um","1.287230_um","1.383267_um","1.486470_um","1.597372_um","1.716548_um","1.844616_um","1.982239_um","2.130130_um","2.289054_um","2.459835_um","2.643358_um","2.840573_um","3.052502_um","3.280243_um","3.524975_um","3.787966_um","4.070578_um","4.374274_um","4.700629_um","5.051333_um","5.428202_um","5.833189_um","6.268390_um","6.736061_um","7.238624_um","7.778682_um","8.359033_um","8.982682_um","9.652861_um","10.373039_um","11.146949_um","11.978599_um","12.872296_um","13.832670_um","14.864696_um","15.973718_um","17.165483_um","18.446161_um","19.822390_um","21.301296_um","22.890539_um","24.598352_um","26.433582_um","0.000000_um","qc_flag_Total_Particle_concentration","qc_flag_0.103730_um","qc_flag_0.111469_um","qc_flag_0.119786_um","qc_flag_0.128723_um","qc_flag_0.138327_um","qc_flag_0.148647_um","qc_flag_0.159737_um","qc_flag_0.171655_um","qc_flag_0.184462_um","qc_flag_0.198224_um","qc_flag_0.213013_um","qc_flag_0.228905_um","qc_flag_0.245984_um","qc_flag_0.264336_um","qc_flag_0.284057_um","qc_flag_0.305250_um","qc_flag_0.328024_um","qc_flag_0.352497_um","qc_flag_0.378797_um","qc_flag_0.407058_um","qc_flag_0.437427_um","qc_flag_0.470063_um","qc_flag_0.505133_um","qc_flag_0.542820_um","qc_flag_0.583319_um","qc_flag_0.626839_um","qc_flag_0.673606_um","qc_flag_0.723862_um","qc_flag_0.777868_um","qc_flag_0.835903_um","qc_flag_0.898268_um","qc_flag_0.965286_um","qc_flag_1.037304_um","qc_flag_1.114695_um","qc_flag_1.197860_um","qc_flag_1.287230_um","qc_flag_1.383267_um","qc_flag_1.486470_um","qc_flag_1.597372_um","qc_flag_1.716548_um","qc_flag_1.844616_um","qc_flag_1.982239_um","qc_flag_2.130130_um","qc_flag_2.289054_um","qc_flag_2.459835_um","qc_flag_2.643358_um","qc_flag_2.840573_um","qc_flag_3.052502_um","qc_flag_3.280243_um","qc_flag_3.524975_um","qc_flag_3.787966_um","qc_flag_4.070578_um","qc_flag_4.374274_um","qc_flag_4.700629_um","qc_flag_5.051333_um","qc_flag_5.428202_um","qc_flag_5.833189_um","qc_flag_6.268390_um","qc_flag_6.736061_um","qc_flag_7.238624_um","qc_flag_7.778682_um","qc_flag_8.359033_um","qc_flag_8.982682_um","qc_flag_9.652861_um","qc_flag_10.373039_um","qc_flag_11.146949_um","qc_flag_11.978599_um","qc_flag_12.872296_um","qc_flag_13.832670_um","qc_flag_14.864696_um","qc_flag_15.973718_um","qc_flag_17.165483_um","qc_flag_18.446161_um","qc_flag_19.822390_um","qc_flag_21.301296_um","qc_flag_22.890539_um","qc_flag_24.598352_um","qc_flag_26.433582_um","qc_flag_0.000000_um"
2026-08-01,73.0821962666667,0,0,0,0,0,0,0.0754783333333333,3.124595,9.31557,11.8301716666667,9.50723666666667,7.60468666666667,6.98135333333333,6.97603166666667,6.61230666666667,4.54138166666667,1.67854666666667,0.899435,0.51959,0.406823333333333,0.39607,0.399463333333333,0.395338333333333,0.315331666666667,0.24208,0.177476666666667,0.151456666666667,0.148861666666667,0.128836666666667,0.147143333333333,0.118315,0.111818333333333,0.094925,0.0841333333333333,0.08837,0.072065,0.0565916666666667,0.0561083333333333,0.035635,0.03091,0.0235316666666667,0.0177416666666667,0.018235,0.0136266666666667,0.013615,0.0145466666666667,0.0147416666666667,0.00980333333333333,0.00703,0.00547333333333333,0.00477333333333333,0.0054,0.00603166666666667,0.00152,0.00226333333333333,0.00405333333333333,0.00169166666666667,0.000746666666666667,0.000888333333333333,0.00178333333333333,0.000426666666666667,0.00107166666666667,0.00059,0.000423333333333333,0.00123,0.000918333333333333,0.00042,0.000816666666666667,0.000851666666666667,0.00083,0,0.000108333333333333,0.000316666666666667,0.000341666666666667,0.000366666666666667,0.000391666666666667,0.000416666666666667,0.000125,0,1,0,0,0,0,0,0,1,1,1,1,1,1,1,1,1,1,1,1,1,1,1,1,1,1,1,1,1,1,1,1,1,1,1,1,1,1,1,1,1,1,1,1,1,1,1,1,1,1,1,1,1,1,1,1,1,1,1,1,1,1,1,1,1,1,1,1,1,1,1,1,1,1,1,1,1,1,1,1,0
2026-08-01 01:00:00,79.9403127666667,0,0,0,0,0,0,0.0837083333333333,3.237245,10.0032433333333,12.9186183333333,10.441375,8.36302,7.54997166666667,7.53677333333333,7.08531833333333,4.98861,1.78868166666667,0.9901,0.607461666666667,0.470318333333333,0.418655,0.447281666666667,0.422746666666667,0.334365,0.238546666666667,0.181005,0.170935,0.164016666666667,0.14032,0.134111666666667,0.12374,0.123058333333333,0.103881666666667,0.09198,0.0790383333333333,0.0780916666666667,0.049445,0.0505266666666667,0.0438583333333333,0.0275433333333333,0.0253083333333333,0.0205033333333333,0.0188266666666667,0.01024,0.0130083333333333,0.010135,0.00787,0.00597833333333333,0.00494,0.00843833333333333,0.004685,0.00337333333333333,0.00285833333333333,0.00228,0.00052,0.00177666666666667,0.00252333333333333,0.000428333333333333,0.00257,0.000426666666666667,0.000853333333333333,0.000425,0.000811666666666667,0.000846666666666667,0.000883333333333333,0.000843333333333333,0.00042,0,0,0,0,0,0,0,0,0,0,0,0,1,0,0,0,0,0,0,1,1,1,1,1,1,1,1,1,1,1,1,1,1,1,1,1,1,1,1,1,1,1,1,1,1,1,1,1,1,1,1,1,1,1,1,1,1,1,1,1,1,1,1,1,1,1,1,1,1,1,1,1,1,1,1,1,1,1,1,1,1,1,1,1,1,1,1,1,1,1,1,0
2026-08-01 02:00:00,80.1638154,0,0,0,0,0,0,0.0929333333333333,3.101785,9.93156833333333,13.0961766666667,10.3560666666667,8.38190833333333,7.50602333333333,7.36994333333333,7.33082166666667,5.31742833333333,1.91316,1.00687,0.610366666666667,0.468895,0.420363333333333,0.43339,0.433668333333333,0.331733333333333,0.24485,0.192985,0.161453333333333,0.15507,0.134396666666667,0.129298333333333,0.118793333333333,0.111821666666667,0.0947516666666667,0.0847933333333333,0.076815,0.073905,0.0567633333333333,0.0423116666666667,0.0364116666666667,0.02868,0.0206033333333333,0.0244666666666667,0.0160016666666667,0.00791,0.01596,0.0135466666666667,0.00837666666666667,0.0103116666666667,0.00786333333333333,0.00688,0.00642,0.00460333333333333,0.00302333333333333,0.00507333333333333,0.00174333333333333,0.00279166666666667,0.00123333333333333,0.000803333333333333,0.00365833333333333,0.000678333333333333,0.000616666666666667,0.00215833333333333,0.001015,0.000885,0,0.00112666666666667,0.000558333333333333,0,0.000833333333333333,0,0.00016,0.000296666666666667,0.000126666666666667,0.000136666666666667,0.000146666666666667,0.000156666666666667,0.000166666666666667,0.00005,0,1,0,0,0,0,0,0,1,1,1,1,1,1,1,1,1,1,1,1,1,1,1,1,1,1,1,1,1,1,1,1,1,1,1,1,1,1,1,1,1,1,1,1,1,1,1,1,1,1,1,1,1,1,1,1,1,1,1,1,1,1,1,1,1,1,1,1,1,1,1,1,1,1,1,1,1,1,1,1,0
2026-08-01 03:00:00,71.6217505,0,0,0,0,0,0,0.0706933333333333,2.661615,8.55269333333333,11.657815,9.35987666666667,7.54732833333333,6.73722666666667,6.61269166666667,6.93580166666667,4.72829166666667,1.66484666666667,0.914621666666667,0.562035,0.416048333333333,0.393935,0.352616666666667,0.376233333333333,0.272175,0.206033333333333,0.17166,0.153695,0.136626666666667,0.103536666666667,0.107423333333333,0.111696666666667,0.106498333333333,0.081295,0.065685,0.06957,0.05836,0.0474316666666667,0.0358816666666667,0.023885,0.0242033333333333,0.0173116666666667,0.0147133333333333,0.009635,0.00472833333333333,0.0113516666666667,0.0103,0.008015,0.005275,0.00506833333333333,0.00631333333333333,0.00295333333333333,0.00547,0.001295,0.00377833333333333,0.00276666666666667,0.003955,0.002495,0,0.00188833333333333,0.00110666666666667,0.000853333333333333,0.000748333333333333,0.000526666666666667,0,0.000346666666666667,0.000075,0.00042,0,0,0,0.000413333333333333,0.0000216666666666667,0.0000633333333333333,0.0000683333333333333,0.0000733333333333333,0.0000783333333333333,0.0000833333333333333,0.000025,0,1,0,0,0,0,0,0,1,1,1,1,1,1,1,1,1,1,1,1,1,1,1,1,1,1,1,1,1,1,1,1,1,1,1,1,1,1,1,1,1,1,1,1,1,1,1,1,1,1,1,1,1,1,1,1,1,1,1,1,1,1,1,1,1,1,1,1,1,1,1,1,1,1,1,1,1,1,1,1,0
2026-08-01 04:00:00,66.5162505666667,0,0,0,0,0,0,0.0693366666666667,2.414605,8.00000666666667,11.0608716666667,8.83364666666667,7.04033833333333,6.28790666666667,6.19423,6.31361666666667,4.54321,1.56254666666667,0.812346666666667,0.483258333333333,0.355546666666667,0.341176666666667,0.337155,0.331305,0.258863333333333,0.212245,0.163298333333333,0.129488333333333,0.113113333333333,0.106066666666667,0.106116666666667,0.0931533333333333,0.0922083333333333,0.0726366666666667,0.07154,0.0658183333333333,0.0511983333333333,0.04874,0.0336966666666667,0.0289383333333333,0.0247166666666667,0.0193716666666667,0.0129516666666667,0.0145883333333333,0.01005,0.0108066666666667,0.010915,0.00837833333333333,0.00757333333333333,0.00369333333333333,0.006385,0.00493,0.00419166666666667,0.00285833333333333,0.0039,0.00236833333333333,0.0018,0.00220666666666667,0.00206,0.00214166666666667,0.000855,0.000426666666666667,0.000425,0,0.00169333333333333,0.000346666666666667,0.000496666666666667,0,0.000418333333333333,0.00125,0,0.000413333333333333,0.000455,0.000126666666666667,0.000136666666666667,0.000146666666666667,0.000156666666666667,0.000166666666666667,0.00005,0,1,0,0,0,0,0,0,1,1,1,1,1,1,1,1,1,1,1,1,1,1,1,1,1,1,1,1,1,1,1,1,1,1,1,1,1,1,1,1,1,1,1,1,1,1,1,1,1,1,1,1,1,1,1,1,1,1,1,1,1,1,1,1,1,1,1,1,1,1,1,1,1,1,1,1,1,1,1,1,0
2026-08-01 05:00:00,67.7232424,0,0,0,0,0,0,0.0588533333333333,2.48199166666667,8.00452666666667,11.1901466666667,8.99889,7.19178666666667,6.52738333333333,6.352015,6.32530166666667,4.57758,1.50218,0.828185,0.477618333333333,0.37997,0.35989,0.352953333333333,0.346535,0.282996666666667,0.204963333333333,0.146016666666667,0.13609,0.117775,0.121193333333333,0.117716666666667,0.09812,0.10156,0.100421666666667,0.0770833333333333,0.0692366666666667,0.0743116666666667,0.0628016666666667,0.0483683333333333,0.0354066666666667,0.03323,0.0260766666666667,0.0207,0.0136533333333333,0.01033,0.01876,0.010355,0.00873666666666667,0.00796,0.00977333333333333,0.009005,0.00527,0.00788333333333333,0.00410666666666667,0.00655,0.004,0.00626166666666667,0.00327,0.00389166666666667,0.00108666666666667,0.00367,0.00379333333333333,0.00217333333333333,0.001275,0.00127,0.00168833333333333,0.00197,0.00226333333333333,0.000395,0.000833333333333333,0.000415,0,0.0000216666666666667,0.0000633333333333333,0.0000683333333333333,0.0000733333333333333,0.0000783333333333333,0.0000833333333333333,0.000025,0,1,0,0,0,0,0,0,1,1,1,1,1,1,1,1,1,1,1,1,1,1,1,1,1,1,1,1,1,1,1,1,1,1,1,1,1,1,1,1,1,1,1,1,1,1,1,1,1,1,1,1,1,1,1,1,1,1,1,1,1,1,1,1,1,1,1,1,1,1,1,1,1,1,1,1,1,1,1,1,0
2026-08-01 06:00:00,67.6227961833333,0,0,0,0,0,0,0.06716,2.53011166666667,8.143195,11.5181216666667,9.32948333333333,7.485105,6.60358166666667,6.48089166666667,5.898845,4.08928,1.34287,0.740453333333333,0.446176666666667,0.348896666666667,0.324723333333333,0.348058333333333,0.319375,0.243715,0.191205,0.133603333333333,0.136948333333333,0.124151666666667,0.123116666666667,0.113793333333333,0.103635,0.0890766666666667,0.0833083333333333,0.0715816666666667,0.0707866666666667,0.0685883333333333,0.05638,0.0426583333333333,0.0349566666666667,0.0302183333333333,0.0212516666666667,0.026385,0.0154083333333333,0.0144383333333333,0.00785666666666667,0.0133866666666667,0.009825,0.00596333333333333,0.00693166666666667,0.00515,0.00453833333333333,0.00376,0.00624166666666667,0.005265,0.00237,0.002745,0.002725,0.00263833333333333,0.00157,0.00153333333333333,0.00170666666666667,0.00117333333333333,0.000951666666666667,0.00119333333333333,0.000498333333333333,0,0.000996666666666667,0.000263333333333333,0.000416666666666667,0.00083,0,0.0000216666666666667,0.0000633333333333333,0.0000683333333333333,0.0000733333333333333,0.0000783333333333333,0.0000833333333333333,0.000025,0,1,0,0,0,0,0,0,1,1,1,1,1,1,1,1,1,1,1,1,1,1,1,1,1,1,1,1,1,1,1,1,1,1,1,1,1,1,1,1,1,1,1,1,1,1,1,1,1,1,1,1,1,1,1,1,1,1,1,1,1,1,1,1,1,1,1,1,1,1,1,1,1,1,1,1,1,1,1,1,0
2026-08-01 07:00:00,75.7445612166667,0,0,0,0,0,0,0.0681033333333333,2.77365333333333,9.02763666666667,12.627425,10.4193233333333,8.56166833333333,7.824835,7.60577,6.45932333333333,4.16043333333333,1.46784666666667,0.764848333333333,0.464511666666667,0.377555,0.37242,0.355373333333333,0.330871666666667,0.237745,0.211573333333333,0.148876666666667,0.139645,0.139693333333333,0.118616666666667,0.129466666666667,0.10635,0.0981333333333333,0.0882133333333333,0.079085,0.0806816666666667,0.071575,0.06091,0.0457733333333333,0.0412316666666667,0.0299783333333333,0.0289883333333333,0.02767,0.0221083333333333,0.01544,0.0147016666666667,0.013805,0.01149,0.00938666666666667,0.00667,0.0106433333333333,0.00381666666666667,0.00127666666666667,0.00254333333333333,0.00351333333333333,0.00168333333333333,0.00263166666666667,0.00043,0.001175,0.00295166666666667,0.00186166666666667,0.00019,0.00108666666666667,0.000425,0.00123166666666667,0.0000383333333333333,0.000705,0.000558333333333333,0.000398333333333333,0.000688333333333333,0.000753333333333333,0.0004,0.000795,0.00038,0.00041,0.00044,0.00047,0.0005,0.00015,0,1,0,0,0,0,0,0,1,1,1,1,1,1,1,1,1,1,1,1,1,1,1,1,1,1,1,1,1,1,1,1,1,1,1,1,1,1,1,1,1,1,1,1,1,1,1,1,1,1,1,1,1,1,1,1,1,1,1,1,1,1,1,1,1,1,1,1,1,1,1,1,1,1,1,1,1,1,1,1,0
2026-08-01 08:00:00,84.3402209,0,0,0,0,0,0,0.0779516666666667,3.13020666666667,9.93720833333333,13.9335483333333,11.5964816666667,9.64861,8.70018,8.76179666666667,7.34227666666667,4.64591666666667,1.63689833333333,0.938281666666667,0.539086666666667,0.40103,0.364566666666667,0.423226666666667,0.334206666666667,0.26497,0.207376666666667,0.164793333333333,0.126948333333333,0.137773333333333,0.124843333333333,0.14125,0.09995,0.110646666666667,0.088935,0.0791883333333333,0.08698,0.0727983333333333,0.0719216666666667,0.050485,0.039935,0.031845,0.02791,0.0233366666666667,0.0157866666666667,0.0187033333333333,0.0142383333333333,0.0121933333333333,0.01027,0.00920833333333333,0.005195,0.00691333333333333,0.00621,0.00542166666666667,0.00427,0.0028,0.00253666666666667,0.00354833333333333,0.001405,0.00149,0.00219666666666667,0.00128166666666667,0.000853333333333333,0.001275,0.001275,0.000846666666666667,0.000693333333333333,0.00015,0.00126,0.000398333333333333,0.0000183333333333333,0,0.00016,0.000275,0.0000633333333333333,0.0000683333333333333,0.0000733333333333333,0.0000783333333333333,0.0000833333333333333,0.000025,0,1,0,0,0,0,0,0,1,1,1,1,1,1,1,1,1,1,1,1,1,1,1,1,1,1,1,1,1,1,1,1,1,1,1,1,1,1,1,1,1,1,1,1,1,1,1,1,1,1,1,1,1,1,1,1,1,1,1,1,1,1,1,1,1,1,1,1,1,1,1,1,1,1,1,1,1,1,1,1,0
2026-08-01 09:00:00,90.38232625,0,0,0,0,0,0,0.08156,3.375115,10.77547,14.7562966666667,12.2672166666667,10.09248,9.52392,9.41768333333333,7.922835,5.10998166666667,1.88288833333333,0.979963333333333,0.586105,0.435626666666667,0.389443333333333,0.424013333333333,0.372868333333333,0.29149,0.204558333333333,0.141021666666667,0.134781666666667,0.13794,0.102531666666667,0.122081666666667,0.10401,0.0986333333333333,0.079365,0.0779633333333333,0.0732,0.0788316666666667,0.056025,0.0465766666666667,0.037275,0.0283166666666667,0.02167,0.0231566666666667,0.0136416666666667,0.011015,0.01182,0.01211,0.00824166666666667,0.00784666666666667,0.005735,0.00539333333333333,0.002975,0.0054,0.00558833333333333,0.0048,0.002625,0.00314666666666667,0.001635,0.00166,0.00126166666666667,0.00093,0.00128,0.000425,0.000811666666666667,0.000885,0,0.000421666666666667,0.00042,0,0,0.000588333333333333,0.00024,0.000476666666666667,0.00019,0.000205,0.00022,0.000235,0.00025,0.000075,0,1,0,0,0,0,0,0,1,1,1,1,1,1,1,1,1,1,1,1,1,1,1,1,1,1,1,1,1,1,1,1,1,1,1,1,1,1,1,1,1,1,1,1,1,1,1,1,1,1,1,1,1,1,1,1,1,1,1,1,1,1,1,1,1,1,1,1,1,1,1,1,1,1,1,1,1,1,1,1,0
2026-08-01 10:00:00,81.9362536333333,0,0,0,0,0,0,0.079045,3.180275,10.021565,13.4767133333333,11.0878083333333,9.23907833333333,8.50301833333333,8.41972333333333,7.23431666666667,4.640505,1.64438166666667,0.83314,0.499853333333333,0.395655,0.352565,0.36981,0.33143,0.23723,0.180251666666667,0.145033333333333,0.131438333333333,0.109635,0.10272,0.0942216666666667,0.07532,0.0839216666666667,0.06728,0.0533433333333333,0.0587433333333333,0.0526583333333333,0.043105,0.038165,0.0313283333333333,0.0247583333333333,0.02079,0.01512,0.0127916666666667,0.0137183333333333,0.00976,0.01176,0.00766166666666667,0.00567166666666667,0.00774166666666667,0.00437833333333333,0.00586166666666667,0.004145,0.0042,0.00314333333333333,0.00213833333333333,0.00185333333333333,0.00212166666666667,0.001175,0.000966666666666667,0.000426666666666667,0.00170666666666667,0.00085,0.00123666666666667,0.000846666666666667,0.000808333333333333,0.000075,0,0,0,0.000173333333333333,0.0004,0.000296666666666667,0.000126666666666667,0.000136666666666667,0.000146666666666667,0.000156666666666667,0.000166666666666667,0.00005,0,1,0,0,0,0,0,0,1,1,1,1,1,1,1,1,1,1,1,1,1,1,1,1,1,1,1,1,1,1,1,1,1,1,1,1,1,1,1,1,1,1,1,1,1,1,1,1,1,1,1,1,1,1,1,1,1,1,1,1,1,1,1,1,1,1,1,1,1,1,1,1,1,1,1,1,1,1,1,1,0
2026-08-01 11:00:00,77.9697315833333,0,0,0,0,0,0,0.0703066666666667,2.99882833333333,9.566125,12.8808166666667,10.6594633333333,8.88019166666667,8.132115,7.94804,6.91805166666667,4.35038166666667,1.498685,0.773278333333333,0.466511666666667,0.334788333333333,0.346463333333333,0.324286666666667,0.311503333333333,0.232663333333333,0.167361666666667,0.13138,0.104483333333333,0.0994583333333333,0.0919366666666667,0.089485,0.0675666666666667,0.0712283333333333,0.0692683333333333,0.0529066666666667,0.051165,0.049315,0.047785,0.0333566666666667,0.0297416666666667,0.0211466666666667,0.0229733333333333,0.0111416666666667,0.0150216666666667,0.00887666666666667,0.00781333333333333,0.00912666666666667,0.007665,0.00862666666666667,0.00644333333333333,0.00329166666666667,0.00817333333333333,0.00417,0.00254166666666667,0.00307333333333333,0.002625,0.000481666666666667,0,0,0.00146,0.00153166666666667,0.00170666666666667,0.00117333333333333,0.00133833333333333,0.00250166666666667,0.001345,0.000843333333333333,0.00042,0.000418333333333333,0,0.000415,0.000413333333333333,0.00127833333333333,0.000126666666666667,0.000136666666666667,0.000146666666666667,0.000156666666666667,0.000166666666666667,0.00005,0,1,0,0,0,0,0,0,1,1,1,1,1,1,1,1,1,1,1,1,1,1,1,1,1,1,1,1,1,1,1,1,1,1,1,1,1,1,1,1,1,1,1,1,1,1,1,1,1,1,1,1,1,1,1,1,1,1,1,1,1,1,1,1,1,1,1,1,1,1,1,1,1,1,1,1,1,1,1,1,0
2026-08-01 12:00:00,65.48265225,0,0,0,0,0,0,0.0673183333333333,2.47558,7.91317833333333,10.6599466666667,8.77921166666667,7.10095166666667,6.55313333333333,6.35503333333333,6.29636333333333,3.96865833333333,1.22408,0.649745,0.36847,0.31051,0.262373333333333,0.23589,0.256841666666667,0.182981666666667,0.13513,0.113791666666667,0.0877583333333333,0.085825,0.0708066666666667,0.0626383333333333,0.05716,0.0575383333333333,0.050945,0.0381483333333333,0.0312483333333333,0.0319516666666667,0.02681,0.0226983333333333,0.0213016666666667,0.0179266666666667,0.0147733333333333,0.0142533333333333,0.0123233333333333,0.0106816666666667,0.00979333333333333,0.007185,0.00658666666666667,0.00398833333333333,0.00741833333333333,0.00279333333333333,0.00462166666666667,0.00209666666666667,0.002135,0.00179666666666667,0.00501833333333333,0.001445,0.00171833333333333,0.00209166666666667,0.001515,0.00238666666666667,0.00147,0.000985,0.00176333333333333,0.000423333333333333,0.00157666666666667,0.000855,0.000138333333333333,0,0.000416666666666667,0.000415,0,0.0000433333333333333,0.000126666666666667,0.000136666666666667,0.000146666666666667,0.000156666666666667,0.000166666666666667,0.00005,0,1,0,0,0,0,0,0,1,1,1,1,1,1,1,1,1,1,1,1,1,1,1,1,1,1,1,1,1,1,1,1,1,1,1,1,1,1,1,1,1,1,1,1,1,1,1,1,1,1,1,1,1,1,1,1,1,1,1,1,1,1,1,1,1,1,1,1,1,1,1,1,1,1,1,1,1,1,1,1,0
2026-08-01 13:00:00,65.1083135,0,0,0,0,0,0,0.0671783333333333,2.61002166666667,8.080025,10.6205583333333,8.55018166666667,7.03527666666667,6.48111166666667,6.21289333333333,6.22343333333333,4.10041,1.280325,0.68406,0.399935,0.297636666666667,0.25992,0.268228333333333,0.265633333333333,0.179633333333333,0.143523333333333,0.108815,0.100495,0.0753483333333333,0.0678533333333333,0.0604766666666667,0.052465,0.0438983333333333,0.044725,0.0542866666666667,0.0408683333333333,0.0392133333333333,0.0291916666666667,0.0221116666666667,0.0203116666666667,0.01984,0.0199133333333333,0.0144633333333333,0.0134066666666667,0.00905166666666667,0.00915333333333333,0.00904833333333333,0.00903666666666667,0.00543833333333333,0.00554666666666667,0.00891,0.00221333333333333,0.00417,0.005285,0.003195,0.00266,0.002255,0.00086,0.00123166666666667,0.00305333333333333,0.00128166666666667,0.00147,0.00130833333333333,0.00232833333333333,0.000423333333333333,0.000843333333333333,0.000421666666666667,0,0.000418333333333333,0,0,0.000413333333333333,0.0000866666666666667,0.000253333333333333,0.000273333333333333,0.000293333333333333,0.000313333333333333,0.000333333333333333,0.0001,0,1,0,0,0,0,0,0,1,1,1,1,1,1,1,1,1,1,1,1,1,1,1,1,1,1,1,1,1,1,1,1,1,1,1,1,1,1,1,1,1,1,1,1,1,1,1,1,1,1,1,1,1,1,1,1,1,1,1,1,1,1,1,1,1,1,1,1,1,1,1,1,1,1,1,1,1,1,1,1,0
2026-08-01 14:00:00,61.3684766166667,0,0,0,0,0,0,0.08082,2.60069,8.05217833333333,10.36838,8.18066,6.630425,6.01748166666667,5.86324333333333,5.72847833333333,3.75076166666667,1.15137833333333,0.6296,0.376588333333333,0.296806666666667,0.238058333333333,0.246621666666667,0.229643333333333,0.176986666666667,0.13405,0.10051,0.08367,0.0777916666666667,0.0745583333333333,0.0658666666666667,0.0610766666666667,0.0423666666666667,0.0463633333333333,0.0398066666666667,0.0351383333333333,0.0363383333333333,0.023395,0.0247333333333333,0.0229916666666667,0.0189533333333333,0.0171983333333333,0.01488,0.0139266666666667,0.0127283333333333,0.012195,0.008395,0.00521166666666667,0.007285,0.00618666666666667,0.00450833333333333,0.00260166666666667,0.00339666666666667,0.00204166666666667,0.00177833333333333,0.00133,0.00223,0.000831666666666667,0.000858333333333333,0.00188833333333333,0.002385,0.00104333333333333,0.000236666666666667,0.000386666666666667,0.000461666666666667,0,0,0.00042,0.000418333333333333,0.000863333333333333,0.000386666666666667,0,0.000498333333333333,0.000253333333333333,0.000273333333333333,0.000293333333333333,0.000313333333333333,0.000333333333333333,0.0001,0,1,0,0,0,0,0,0,1,1,1,1,1,1,1,1,1,1,1,1,1,1,1,1,1,1,1,1,1,1,1,1,1,1,1,1,1,1,1,1,1,1,1,1,1,1,1,1,1,1,1,1,1,1,1,1,1,1,1,1,1,1,1,1,1,1,1,1,1,1,1,1,1,1,1,1,1,1,1,1,0
2026-08-01 15:00:00,51.8293717333333,0,0,0,0,0,0,0.075545,2.36743333333333,6.665725,8.413985,6.760115,5.343885,4.96001,4.857035,4.963335,3.41341166666667,1.04631,0.555086666666667,0.344055,0.240233333333333,0.23572,0.232128333333333,0.21691,0.162021666666667,0.118468333333333,0.0717383333333333,0.08112,0.06301,0.0533,0.055035,0.04541,0.038185,0.0436683333333333,0.0409966666666667,0.0340333333333333,0.0282816666666667,0.0322616666666667,0.032205,0.0235983333333333,0.018575,0.0141166666666667,0.013875,0.008015,0.00684333333333333,0.00546833333333333,0.00515666666666667,0.00752166666666667,0.00815666666666667,0.00448,0.003265,0.003385,0.003325,0.00333666666666667,0.00176,0.00319833333333333,0.00172,0.00189166666666667,0.00192,0.00169,0.00135833333333333,0.000853333333333333,0,0.001275,0.00123166666666667,0.001155,0.00127666666666667,0.000138333333333333,0,0.000416666666666667,0,0,0.0000433333333333333,0.000126666666666667,0.000136666666666667,0.000146666666666667,0.000156666666666667,0.000166666666666667,0.00005,0,1,0,0,0,0,0,0,1,1,1,1,1,1,1,1,1,1,1,1,1,1,1,1,1,1,1,1,1,1,1,1,1,1,1,1,1,1,1,1,1,1,1,1,1,1,1,1,1,1,1,1,1,1,1,1,1,1,1,1,1,1,1,1,1,1,1,1,1,1,1,1,1,1,1,1,1,1,1,1,0
2026-08-01 16:00:00,48.4756213333333,0,0,0,0,0,0,0.070005,2.23241,6.30281666666667,8.06928166666667,6.2996,5.04312833333333,4.54613333333333,4.50100333333333,4.63704666666667,3.12411166666667,1.01114833333333,0.551273333333333,0.305773333333333,0.24427,0.217365,0.227658333333333,0.218646666666667,0.158858333333333,0.114773333333333,0.08219,0.0675333333333333,0.0613,0.0565966666666667,0.0527066666666667,0.047715,0.0400816666666667,0.03846,0.0367766666666667,0.0333483333333333,0.0269883333333333,0.0265516666666667,0.021695,0.023325,0.01392,0.012915,0.0140433333333333,0.00926333333333333,0.00962,0.00639,0.01064,0.005775,0.00484,0.00591,0.00534833333333333,0.00390166666666667,0.00332666666666667,0.00175,0.00282666666666667,0.00193666666666667,0.00311833333333333,0.00123333333333333,0.00128833333333333,0.00035,0.00135666666666667,0.00170666666666667,0.000748333333333333,0.000913333333333333,0.000846666666666667,0.000385,0.00078,0.00126666666666667,0.000131666666666667,0,0,0.0014,0.000773333333333333,0.000316666666666667,0.000341666666666667,0.000366666666666667,0.000391666666666667,0.000416666666666667,0.000125,0,1,0,0,0,0,0,0,1,1,1,1,1,1,1,1,1,1,1,1,1,1,1,1,1,1,1,1,1,1,1,1,1,1,1,1,1,1,1,1,1,1,1,1,1,1,1,1,1,1,1,1,1,1,1,1,1,1,1,1,1,1,1,1,1,1,1,1,1,1,1,1,1,1,1,1,1,1,1,1,0
2026-08-01 17:00:00,51.6363732,0,0,0,0,0,0,0.0750533333333333,2.43485666666667,7.04319166666667,8.70392666666667,6.80811333333333,5.41892,5.00717333333333,4.92798666666667,4.71283333333333,2.948005,1.02507,0.555683333333333,0.321878333333333,0.23851,0.230525,0.230768333333333,0.200823333333333,0.156541666666667,0.120941666666667,0.0907466666666667,0.0803116666666667,0.0688416666666667,0.0621483333333333,0.05446,0.0475633333333333,0.04912,0.0479766666666667,0.040765,0.0304816666666667,0.0274983333333333,0.028125,0.0251733333333333,0.0173583333333333,0.0168466666666667,0.018615,0.0138016666666667,0.011955,0.00852833333333333,0.007685,0.00651666666666667,0.008975,0.005835,0.00532333333333333,0.00545833333333333,0.00213,0.003715,0.00254333333333333,0.00229833333333333,0.00167333333333333,0.00051,0.00100333333333333,0.000688333333333333,0.001285,0.00128,0.00232333333333333,0.000661666666666667,0.00197166666666667,0.000153333333333333,0.00077,0.000075,0.00154833333333333,0.00055,0.000833333333333333,0.001245,0,0.000931666666666667,0.000316666666666667,0.000341666666666667,0.000366666666666667,0.000391666666666667,0.000416666666666667,0.000125,0,1,0,0,0,0,0,0,1,1,1,1,1,1,1,1,1,1,1,1,1,1,1,1,1,1,1,1,1,1,1,1,1,1,1,1,1,1,1,1,1,1,1,1,1,1,1,1,1,1,1,1,1,1,1,1,1,1,1,1,1,1,1,1,1,1,1,1,1,1,1,1,1,1,1,1,1,1,1,1,0
2026-08-01 18:00:00,62.6931494166667,0,0,0,0,0,0,0.084185,2.81409833333333,8.347125,10.6637383333333,8.37321666666667,6.67292333333333,6.14251833333333,5.97619666666667,5.44949666666667,3.31408833333333,1.30157666666667,0.647803333333333,0.387505,0.31215,0.2742,0.272053333333333,0.26424,0.190105,0.15683,0.116588333333333,0.105826666666667,0.0865683333333333,0.0780116666666667,0.08075,0.06261,0.0537916666666667,0.0526233333333333,0.0435166666666667,0.040275,0.0330933333333333,0.0250416666666667,0.0220633333333333,0.0283216666666667,0.0195433333333333,0.0178483333333333,0.0175266666666667,0.01029,0.00862166666666667,0.00799,0.0102483333333333,0.00685833333333333,0.00494833333333333,0.00432666666666667,0.00376666666666667,0.00464333333333333,0.00378333333333333,0.0054,0.00191833333333333,0.00214,0.00228166666666667,0.002035,0.002235,0.000856666666666667,0.000853333333333333,0.00213333333333333,0.00159833333333333,0.002575,0.000923333333333333,0.00161333333333333,0.000496666666666667,0.00084,0.000418333333333333,0,0,0.000573333333333333,0.00034,0.000253333333333333,0.000273333333333333,0.000293333333333333,0.000313333333333333,0.000333333333333333,0.0001,0,1,0,0,0,0,0,0,1,1,1,1,1,1,1,1,1,1,1,1,1,1,1,1,1,1,1,1,1,1,1,1,1,1,1,1,1,1,1,1,1,1,1,1,1,1,1,1,1,1,1,1,1,1,1,1,1,1,1,1,1,1,1,1,1,1,1,1,1,1,1,1,1,1,1,1,1,1,1,1,0
2026-08-01 19:00:00,81.3602658666667,0,0,0,0,0,0,0.103205,3.73187333333333,10.8504966666667,13.9965966666667,11.1000883333333,8.58078166666667,7.739115,7.51811333333333,7.16868166666667,4.23996333333333,1.67849833333333,0.896621666666667,0.540903333333333,0.396106666666667,0.352168333333333,0.38139,0.3498,0.263006666666667,0.198523333333333,0.16764,0.141055,0.136075,0.0964733333333333,0.110255,0.092035,0.08242,0.0781866666666667,0.06974,0.062565,0.0543233333333333,0.03655,0.0346833333333333,0.02762,0.0210733333333333,0.0176416666666667,0.021185,0.0132833333333333,0.0123516666666667,0.0143583333333333,0.0132133333333333,0.00787666666666667,0.006945,0.00386666666666667,0.00455333333333333,0.00423166666666667,0.00414666666666667,0.00299833333333333,0.00229833333333333,0.00124166666666667,0.00306166666666667,0.00172,0.000801666666666667,0.001515,0.00153333333333333,0.00170666666666667,0.00085,0.001275,0.00123166666666667,0.000806666666666667,0.000496666666666667,0.00084,0.000816666666666667,0.000851666666666667,0.000173333333333333,0.000653333333333333,0.000065,0.00019,0.000205,0.00022,0.000235,0.00025,0.000075,0,1,0,0,0,0,0,0,1,1,1,1,1,1,1,1,1,1,1,1,1,1,1,1,1,1,1,1,1,1,1,1,1,1,1,1,1,1,1,1,1,1,1,1,1,1,1,1,1,1,1,1,1,1,1,1,1,1,1,1,1,1,1,1,1,1,1,1,1,1,1,1,1,1,1,1,1,1,1,1,0
2026-08-01 20:00:00,90.8176483666667,0,0,0,0,0,0,0.106521666666667,3.75171333333333,11.686345,15.36116,12.2012683333333,9.36199166666667,8.51779,8.43772666666667,8.13018333333333,4.73431166666667,1.96043833333333,1.05870333333333,0.64713,0.501136666666667,0.521485,0.50797,0.458138333333333,0.343243333333333,0.250903333333333,0.192078333333333,0.18367,0.170131666666667,0.143381666666667,0.148841666666667,0.102428333333333,0.116998333333333,0.100491666666667,0.0843333333333333,0.0844633333333333,0.0768216666666667,0.0665483333333333,0.0567133333333333,0.036215,0.0369383333333333,0.0247616666666667,0.0199316666666667,0.019115,0.0115233333333333,0.013105,0.01267,0.0110633333333333,0.0126266666666667,0.00878166666666667,0.00552666666666667,0.00473,0.00542166666666667,0.00404,0.00276333333333333,0.00266,0.00397333333333333,0.00120333333333333,0.00217666666666667,0.001515,0.00196,0.000616666666666667,0.00260166666666667,0.001035,0.00161666666666667,0.00153833333333333,0.00093,0.00139833333333333,0.000398333333333333,0.0000183333333333333,0.000346666666666667,0.00048,0.000433333333333333,0.0000633333333333333,0.0000683333333333333,0.0000733333333333333,0.0000783333333333333,0.0000833333333333333,0.000025,0,1,0,0,0,0,0,0,1,1,1,1,1,1,1,1,1,1,1,1,1,1,1,1,1,1,1,1,1,1,1,1,1,1,1,1,1,1,1,1,1,1,1,1,1,1,1,1,1,1,1,1,1,1,1,1,1,1,1,1,1,1,1,1,1,1,1,1,1,1,1,1,1,1,1,1,1,1,1,1,0
2026-08-01 21:00:00,96.6249699122807,0,0,0,0,0,0,0.108163157894737,3.98138771929825,12.4939473684211,16.4795438596491,13.2566561403509,10.2869929824561,9.28149824561403,9.0006,8.60629824561403,5.0862701754386,2.07210526315789,1.14313333333333,0.707201754385965,0.546626315789474,0.512321052631579,0.48410350877193,0.465208771929825,0.339717543859649,0.249778947368421,0.203149122807018,0.179826315789474,0.172684210526316,0.145201754385965,0.166884210526316,0.111694736842105,0.121708771929825,0.096519298245614,0.086319298245614,0.0908912280701754,0.0781105263157895,0.0718842105263158,0.0470736842105263,0.0432982456140351,0.0304122807017544,0.0337508771929825,0.0222122807017544,0.0204947368421053,0.0168684210526316,0.0119684210526316,0.0115754385964912,0.0088859649122807,0.0104350877192982,0.00661754385964912,0.00544912280701754,0.00667017543859649,0.00307017543859649,0.00768771929824561,0.00496666666666667,0.00276140350877193,0.00189649122807018,0.00150877192982456,0.00156842105263158,0.00222982456140351,0.00187894736842105,0.0002,0.000249122807017544,0.000447368421052632,0,0.000889473684210526,0.000887719298245614,0,0.000880701754385965,0.00087719298245614,0.00131052631578947,0,0.0000456140350877193,0.000133333333333333,0.000143859649122807,0.000154385964912281,0.000164912280701754,0.000175438596491228,0.0000526315789473684,0,1,0,0,0,0,0,0,1,1,1,1,1,1,1,1,1,1,1,1,1,1,1,1,1,1,1,1,1,1,1,1,1,1,1,1,1,1,1,1,1,1,1,1,1,1,1,1,1,1,1,1,1,1,1,1,1,1,1,1,1,1,1,1,1,1,1,1,1,1,1,1,1,1,1,1,1,1,1,1,0
2026-08-01 22:00:00,115.186622316667,0,0,0,0,0,0,0.135855,4.799195,14.913245,19.74075,15.907295,12.5500666666667,10.97249,10.35265,9.76065833333333,6.38586,2.60510333333333,1.51521666666667,0.915636666666667,0.672706666666667,0.578155,0.620613333333333,0.510755,0.368435,0.288011666666667,0.213025,0.199343333333333,0.187741666666667,0.154768333333333,0.158481666666667,0.11538,0.127731666666667,0.086285,0.0860233333333333,0.0922916666666667,0.0759016666666667,0.0599383333333333,0.0541283333333333,0.0457016666666667,0.0359716666666667,0.0238783333333333,0.0253016666666667,0.017095,0.0104966666666667,0.0154833333333333,0.0139366666666667,0.0108533333333333,0.00799,0.0104366666666667,0.00694833333333333,0.00720166666666667,0.00460333333333333,0.00343,0.00229833333333333,0.00248333333333333,0.00446,0.00338333333333333,0.00203333333333333,0.00089,0.001785,0.000853333333333333,0.00107166666666667,0.000203333333333333,0.000385,0.0000383333333333333,0.000421666666666667,0,0.000816666666666667,0.0000183333333333333,0,0.00016,0.000361666666666667,0.000316666666666667,0.000341666666666667,0.000366666666666667,0.000391666666666667,0.000416666666666667,0.000125,0,1,0,0,0,0,0,0,1,1,1,1,1,1,1,1,1,1,1,1,1,1,1,1,1,1,1,1,1,1,1,1,1,1,1,1,1,1,1,1,1,1,1,1,1,1,1,1,1,1,1,1,1,1,1,1,1,1,1,1,1,1,1,1,1,1,1,1,1,1,1,1,1,1,1,1,1,1,1,1,0
2026-08-01 23:00:00,90.253679137931,0,0,0,0,0,0,0.0883862068965517,3.74843620689655,11.5508413793103,15.2256189655172,12.2518224137931,9.75825689655172,8.5430724137931,8.25903448275862,7.84697413793103,5.22967586206897,1.99174310344828,1.07454310344828,0.616731034482759,0.468581034482759,0.432779310344828,0.428246551724138,0.393910344827586,0.312077586206897,0.221391379310345,0.167474137931034,0.156960344827586,0.136948275862069,0.102863793103448,0.11588275862069,0.0968172413793103,0.10466724137931,0.0713793103448276,0.0744327586206897,0.0579258620689655,0.0629172413793103,0.0523,0.04115,0.0315086206896552,0.0297810344827586,0.0216206896551724,0.0203155172413793,0.0137948275862069,0.0113965517241379,0.0171448275862069,0.0111844827586207,0.00672931034482759,0.00729655172413793,0.00769137931034483,0.00537068965517241,0.00422586206896552,0.00304137931034483,0.00258275862068966,0.00183965517241379,0.00366206896551724,0.0027,0.00335,0.00106896551724138,0.000886206896551724,0.00132758620689655,0.00107931034482759,0.000579310344827586,0.000544827586206897,0.00167241379310345,0.0000793103448275862,0,0.000868965517241379,0.000412068965517241,0.0000189655172413793,0,0.000855172413793103,0,0,0,0,0,0,0,0,1,0,0,0,0,0,0,1,1,1,1,1,1,1,1,1,1,1,1,1,1,1,1,1,1,1,1,1,1,1,1,1,1,1,1,1,1,1,1,1,1,1,1,1,1,1,1,1,1,1,1,1,1,1,1,1,1,1,1,1,1,1,1,1,1,1,1,1,1,1,1,1,1,1,1,1,1,1,1,0
2026-08-02,94.9785576666667,0,0,0,0,0,0,0.0999933333333333,3.83817666666667,11.90041,15.7572516666667,12.8043783333333,10.3145866666667,9.29515666666667,8.91659666666667,8.38912833333333,5.563425,2.27406,1.22693166666667,0.713171666666667,0.549428333333333,0.517243333333333,0.454691666666667,0.409523333333333,0.307355,0.223426666666667,0.16219,0.142251666666667,0.13184,0.104496666666667,0.123436666666667,0.0824966666666667,0.0893766666666667,0.073715,0.0657483333333333,0.0666233333333333,0.0592,0.04622,0.0435633333333333,0.02847,0.0227783333333333,0.0189333333333333,0.020345,0.01651,0.0144416666666667,0.0114966666666667,0.0101866666666667,0.007365,0.0064,0.00557666666666667,0.00433666666666667,0.00594666666666667,0.00667666666666667,0.00631333333333333,0.00450833333333333,0.000898333333333333,0.00097,0.000803333333333333,0.000803333333333333,0.002975,0.001785,0.00170666666666667,0.000425,0.00204833333333333,0.000923333333333333,0.000846666666666667,0.000566666666666667,0.00169333333333333,0.000681666666666667,0.000223333333333333,0.000608333333333333,0.000826666666666667,0.0000433333333333333,0.000126666666666667,0.000136666666666667,0.000146666666666667,0.000156666666666667,0.000166666666666667,0.00005,0,1,0,0,0,0,0,0,1,1,1,1,1,1,1,1,1,1,1,1,1,1,1,1,1,1,1,1,1,1,1,1,1,1,1,1,1,1,1,1,1,1,1,1,1,1,1,1,1,1,1,1,1,1,1,1,1,1,1,1,1,1,1,1,1,1,1,1,1,1,1,1,1,1,1,1,1,1,1,1,0
2026-08-02 01:00:00,98.1768503166667,0,0,0,0,0,0,0.104393333333333,3.97616666666667,12.3350916666667,16.2922,13.3028766666667,10.8237683333333,9.69552166666667,9.34253666666667,8.653535,5.596545,2.26811833333333,1.20035,0.734363333333333,0.57424,0.502015,0.50079,0.453943333333333,0.33397,0.22631,0.168918333333333,0.157765,0.139628333333333,0.102893333333333,0.132288333333333,0.100258333333333,0.0987383333333333,0.06818,0.0673533333333333,0.0650566666666667,0.0575316666666667,0.05072,0.03782,0.0393783333333333,0.0299633333333333,0.021005,0.0112366666666667,0.013775,0.010895,0.01341,0.007805,0.00961666666666667,0.00978333333333333,0.00514,0.00545833333333333,0.00735,0.00544666666666667,0.00518,0.00248333333333333,0.00260666666666667,0.002335,0.00126166666666667,0.002465,0.00225166666666667,0.00128166666666667,0.000616666666666667,0.00108666666666667,0,0.00077,0.001345,0.000421666666666667,0.00042,0.000418333333333333,0,0.000415,0,0,0,0,0,0,0,0,0,1,0,0,0,0,0,0,1,1,1,1,1,1,1,1,1,1,1,1,1,1,1,1,1,1,1,1,1,1,1,1,1,1,1,1,1,1,1,1,1,1,1,1,1,1,1,1,1,1,1,1,1,1,1,1,1,1,1,1,1,1,1,1,1,1,1,1,1,1,1,1,1,1,1,1,1,1,1,1,0
2026-08-02 02:00:00,88.73631185,0,0,0,0,0,0,0.0978566666666667,3.60166833333333,11.0493716666667,14.7700233333333,12.214405,9.82877833333333,8.77805833333333,8.479775,7.755245,5.19538,2.01344333333333,1.04367666666667,0.590181666666667,0.43765,0.426911666666667,0.441201666666667,0.386536666666667,0.295543333333333,0.218075,0.146413333333333,0.13663,0.127911666666667,0.104213333333333,0.118783333333333,0.0771466666666667,0.0854366666666667,0.0735133333333333,0.0591833333333333,0.06068,0.052375,0.0483216666666667,0.036135,0.0284783333333333,0.025775,0.0191466666666667,0.0149666666666667,0.0121483333333333,0.007595,0.0106516666666667,0.009305,0.00643833333333333,0.007795,0.00794,0.00728666666666667,0.006355,0.00375833333333333,0.00350333333333333,0.00248333333333333,0.00309166666666667,0.00319833333333333,0.00240833333333333,0.00089,0.00272166666666667,0.00161166666666667,0.00232333333333333,0.000985,0.00133833333333333,0.000461666666666667,0.00119166666666667,0.000075,0,0,0,0,0,0.000065,0.00019,0.000205,0.00022,0.000235,0.00025,0.000075,0,1,0,0,0,0,0,0,1,1,1,1,1,1,1,1,1,1,1,1,1,1,1,1,1,1,1,1,1,1,1,1,1,1,1,1,1,1,1,1,1,1,1,1,1,1,1,1,1,1,1,1,1,1,1,1,1,1,1,1,1,1,1,1,1,1,1,1,1,1,1,1,1,1,1,1,1,1,1,1,0
2026-08-02 03:00:00,89.7375972833333,0,0,0,0,0,0,0.0865483333333333,3.53785833333333,11.1520483333333,15.0016716666667,12.4066816666667,9.89003333333333,8.90601666666667,8.41519,7.672125,5.07699333333333,2.00011833333333,1.05664166666667,0.632296666666667,0.46828,0.445155,0.443511666666667,0.378648333333333,0.276831666666667,0.204693333333333,0.147913333333333,0.148845,0.134961666666667,0.0918566666666667,0.107823333333333,0.078175,0.08766,0.0794116666666667,0.067385,0.059155,0.0475333333333333,0.0409783333333333,0.0410483333333333,0.03075,0.020135,0.0150383333333333,0.0159633333333333,0.0156016666666667,0.0105166666666667,0.0101666666666667,0.0111866666666667,0.005625,0.00585166666666667,0.00758666666666667,0.004785,0.00540666666666667,0.00508166666666667,0.00429333333333333,0.00489666666666667,0.00273,0.002815,0.00186333333333333,0.00106,0.001945,0.000251666666666667,0.00256,0.00107166666666667,0.000203333333333333,0,0.000421666666666667,0,0,0.000796666666666667,0.00026,0.000193333333333333,0,0.0000216666666666667,0.0000633333333333333,0.0000683333333333333,0.0000733333333333333,0.0000783333333333333,0.0000833333333333333,0.000025,0,1,0,0,0,0,0,0,1,1,1,1,1,1,1,1,1,1,1,1,1,1,1,1,1,1,1,1,1,1,1,1,1,1,1,1,1,1,1,1,1,1,1,1,1,1,1,1,1,1,1,1,1,1,1,1,1,1,1,1,1,1,1,1,1,1,1,1,1,1,1,1,1,1,1,1,1,1,1,1,0
2026-08-02 04:00:00,91.2488514,0,0,0,0,0,0,0.0913616666666667,3.59096666666667,11.2511916666667,15.0747583333333,12.5293283333333,10.141695,9.20892333333333,8.84867833333333,8.05868166666667,5.18696666666667,2.006285,1.04219833333333,0.625316666666667,0.481326666666667,0.450158333333333,0.443861666666667,0.397966666666667,0.323383333333333,0.223985,0.164771666666667,0.14247,0.14435,0.094115,0.118456666666667,0.0873366666666667,0.0917083333333333,0.0698666666666667,0.078765,0.0579416666666667,0.0552133333333333,0.043425,0.047395,0.02899,0.0239333333333333,0.0167616666666667,0.0161916666666667,0.0158333333333333,0.0113566666666667,0.01047,0.00960833333333333,0.00982166666666667,0.009785,0.006415,0.00470166666666667,0.005425,0.00253,0.00446833333333333,0.00457833333333333,0.00381166666666667,0.00236333333333333,0.00166333333333333,0.00043,0.00171333333333333,0,0.00147,0.000661666666666667,0.000386666666666667,0.000885,0,0.000421666666666667,0.00126,0.000418333333333333,0.000416666666666667,0,0,0.0000216666666666667,0.0000633333333333333,0.0000683333333333333,0.0000733333333333333,0.0000783333333333333,0.0000833333333333333,0.000025,0,1,0,0,0,0,0,0,1,1,1,1,1,1,1,1,1,1,1,1,1,1,1,1,1,1,1,1,1,1,1,1,1,1,1,1,1,1,1,1,1,1,1,1,1,1,1,1,1,1,1,1,1,1,1,1,1,1,1,1,1,1,1,1,1,1,1,1,1,1,1,1,1,1,1,1,1,1,1,1,0
2026-08-02 05:00:00,90.6210057833333,0,0,0,0,0,0,0.0945416666666667,3.56260166666667,10.88992,15.0455083333333,12.5529233333333,10.054535,9.11142166666667,8.75219166666667,7.97995333333333,5.02619666666667,1.94398166666667,1.05774833333333,0.617905,0.475518333333333,0.453321666666667,0.447501666666667,0.40389,0.303536666666667,0.214693333333333,0.15804,0.147683333333333,0.13778,0.118128333333333,0.123738333333333,0.0977133333333333,0.108175,0.0719766666666667,0.093095,0.07149,0.0560133333333333,0.0550233333333333,0.05031,0.035815,0.0269833333333333,0.022425,0.0147266666666667,0.02025,0.01245,0.013225,0.011285,0.0109233333333333,0.009785,0.0119183333333333,0.005185,0.00555166666666667,0.00376,0.00397833333333333,0.003365,0.00392,0.00266,0.00169166666666667,0.000801666666666667,0.00108666666666667,0.00153166666666667,0.000426666666666667,0.00234666666666667,0.000628333333333333,0.00077,0.0000766666666666667,0.000421666666666667,0.00126,0,0.000416666666666667,0.000415,0,0.00052,0.000316666666666667,0.000341666666666667,0.000366666666666667,0.000391666666666667,0.000416666666666667,0.000125,0,1,0,0,0,0,0,0,1,1,1,1,1,1,1,1,1,1,1,1,1,1,1,1,1,1,1,1,1,1,1,1,1,1,1,1,1,1,1,1,1,1,1,1,1,1,1,1,1,1,1,1,1,1,1,1,1,1,1,1,1,1,1,1,1,1,1,1,1,1,1,1,1,1,1,1,1,1,1,1,0
2026-08-02 06:00:00,88.6695110166667,0,0,0,0,0,0,0.0829816666666667,3.460225,10.7632916666667,14.5344883333333,12.293685,10.0353116666667,9.01760666666667,8.71854333333333,7.81879166666667,4.758225,1.9006,1.01301833333333,0.582513333333333,0.446463333333333,0.403536666666667,0.413765,0.36715,0.269485,0.208501666666667,0.171555,0.154743333333333,0.150475,0.11653,0.128428333333333,0.0876883333333333,0.10454,0.08906,0.086765,0.0857266666666667,0.0789483333333333,0.0633433333333333,0.051705,0.0486333333333333,0.0309716666666667,0.0226783333333333,0.0235883333333333,0.0185833333333333,0.0123216666666667,0.01147,0.011915,0.008955,0.00750333333333333,0.00970666666666667,0.00746833333333333,0.00757833333333333,0.00417166666666667,0.00432833333333333,0.00344166666666667,0.001295,0.00134666666666667,0.00209333333333333,0.00128833333333333,0.00266666666666667,0.00289166666666667,0.00170666666666667,0.00149833333333333,0.00144,0.000461666666666667,0.000768333333333333,0.00148333333333333,0.000985,0.000131666666666667,0.000833333333333333,0.000346666666666667,0.00048,0.000065,0.00019,0.000205,0.00022,0.000235,0.00025,0.000075,0,1,0,0,0,0,0,0,1,1,1,1,1,1,1,1,1,1,1,1,1,1,1,1,1,1,1,1,1,1,1,1,1,1,1,1,1,1,1,1,1,1,1,1,1,1,1,1,1,1,1,1,1,1,1,1,1,1,1,1,1,1,1,1,1,1,1,1,1,1,1,1,1,1,1,1,1,1,1,1,0
2026-08-02 07:00:00,93.6266865,0,0,0,0,0,0,0.09439,3.59510166666667,11.4217233333333,15.5773266666667,13.1177183333333,10.5760783333333,9.55405166666667,9.24169333333333,7.901555,4.490315,1.73336666666667,0.969293333333333,0.557826666666667,0.438485,0.432361666666667,0.451108333333333,0.388335,0.292141666666667,0.214391666666667,0.162136666666667,0.15102,0.145853333333333,0.12272,0.147738333333333,0.111533333333333,0.122386666666667,0.103561666666667,0.097205,0.103198333333333,0.0771566666666667,0.0633133333333333,0.05568,0.0388666666666667,0.038525,0.026715,0.0233683333333333,0.02068,0.01979,0.0170516666666667,0.01405,0.01323,0.00942833333333333,0.00982333333333333,0.00436,0.00685333333333333,0.00672166666666667,0.00329,0.00372333333333333,0.00384,0.002315,0.00367,0.00292166666666667,0.00205333333333333,0.001105,0,0.000425,0.001275,0.000808333333333333,0.00165,0.00078,0.000558333333333333,0,0.000833333333333333,0.000415,0.000573333333333333,0.000361666666666667,0.000316666666666667,0.000341666666666667,0.000366666666666667,0.000391666666666667,0.000416666666666667,0.000125,0,1,0,0,0,0,0,0,1,1,1,1,1,1,1,1,1,1,1,1,1,1,1,1,1,1,1,1,1,1,1,1,1,1,1,1,1,1,1,1,1,1,1,1,1,1,1,1,1,1,1,1,1,1,1,1,1,1,1,1,1,1,1,1,1,1,1,1,1,1,1,1,1,1,1,1,1,1,1,1,0
2026-08-02 08:00:00,92.8264704333333,0,0,0,0,0,0,0.0957216666666667,3.57915666666667,11.5388366666667,15.5607433333333,13.25856,10.4500466666667,9.45851666666667,9.04253666666667,7.96030666666667,4.359345,1.72755333333333,0.976011666666667,0.544416666666667,0.443693333333333,0.400016666666667,0.429526666666667,0.39447,0.29903,0.202521666666667,0.168791666666667,0.155613333333333,0.141521666666667,0.112291666666667,0.138215,0.0939766666666667,0.118261666666667,0.0909383333333333,0.0841333333333333,0.0827883333333333,0.0742483333333333,0.0565666666666667,0.0506116666666667,0.04574,0.0387366666666667,0.0269466666666667,0.0255033333333333,0.0178683333333333,0.0174533333333333,0.0170216666666667,0.01558,0.01039,0.0119083333333333,0.00919,0.005595,0.00460166666666667,0.00505833333333333,0.00694333333333333,0.00497333333333333,0.00436666666666667,0.00324666666666667,0.00186333333333333,0.00272333333333333,0.00149166666666667,0.00160833333333333,0.00213333333333333,0.000748333333333333,0.00180166666666667,0.000808333333333333,0.000461666666666667,0,0,0.000398333333333333,0.0000183333333333333,0,0.000413333333333333,0.0000433333333333333,0.000126666666666667,0.000136666666666667,0.000146666666666667,0.000156666666666667,0.000166666666666667,0.00005,0,1,0,0,0,0,0,0,1,1,1,1,1,1,1,1,1,1,1,1,1,1,1,1,1,1,1,1,1,1,1,1,1,1,1,1,1,1,1,1,1,1,1,1,1,1,1,1,1,1,1,1,1,1,1,1,1,1,1,1,1,1,1,1,1,1,1,1,1,1,1,1,1,1,1,1,1,1,1,1,0
2026-08-02 09:00:00,94.1580825833333,0,0,0,0,0,0,0.103396666666667,3.69781,11.399075,15.5820266666667,13.25851,10.630325,9.36302,9.203935,8.18193833333333,4.61679666666667,1.76312833333333,0.996968333333333,0.587795,0.455455,0.421815,0.44169,0.405533333333333,0.305206666666667,0.218478333333333,0.165798333333333,0.158806666666667,0.160801666666667,0.121003333333333,0.14162,0.091185,0.119008333333333,0.0999333333333333,0.0857316666666667,0.0832583333333333,0.0760783333333333,0.0665033333333333,0.058365,0.0445216666666667,0.035365,0.0206983333333333,0.0254533333333333,0.0184633333333333,0.015875,0.0205783333333333,0.012055,0.01243,0.0130116666666667,0.0114383333333333,0.00781833333333333,0.00941666666666667,0.00663,0.004515,0.00535333333333333,0.00265833333333333,0.00228166666666667,0.001175,0.00464,0.002055,0.00153333333333333,0.00213333333333333,0.0016,0.00176333333333333,0.000808333333333333,0.000846666666666667,0.000496666666666667,0.00126,0.000398333333333333,0.00254833333333333,0.00139,0.00024,0.000108333333333333,0.000316666666666667,0.000341666666666667,0.000366666666666667,0.000391666666666667,0.000416666666666667,0.000125,0,1,0,0,0,0,0,0,1,1,1,1,1,1,1,1,1,1,1,1,1,1,1,1,1,1,1,1,1,1,1,1,1,1,1,1,1,1,1,1,1,1,1,1,1,1,1,1,1,1,1,1,1,1,1,1,1,1,1,1,1,1,1,1,1,1,1,1,1,1,1,1,1,1,1,1,1,1,1,1,0
2026-08-02 10:00:00,95.5442227,0,0,0,0,0,0,0.113903333333333,3.88812333333333,11.790185,15.802605,13.3618333333333,10.7772266666667,9.50342166666667,9.09175333333333,8.43111833333333,4.78442833333333,1.75090666666667,0.95901,0.577978333333333,0.423421666666667,0.407748333333333,0.399023333333333,0.380565,0.289233333333333,0.196428333333333,0.15363,0.152295,0.145296666666667,0.11815,0.135146666666667,0.103436666666667,0.101715,0.0900983333333333,0.0896216666666667,0.0772,0.06619,0.0605366666666667,0.0551666666666667,0.0439966666666667,0.027505,0.0200416666666667,0.01834,0.0187133333333333,0.0112333333333333,0.0190483333333333,0.0142516666666667,0.010255,0.0108383333333333,0.00859833333333333,0.00824,0.00709833333333333,0.00423666666666667,0.002905,0.002985,0.00309166666666667,0.00578,0.003955,0.00154833333333333,0.001285,0.00170666666666667,0.00251166666666667,0.00197,0.00140166666666667,0.0005,0.00119,0.000496666666666667,0.000288333333333333,0.000948333333333333,0.000241666666666667,0.00143833333333333,0.000413333333333333,0.00013,0.00038,0.000408333333333333,0.000438333333333333,0.00047,0.000501666666666667,0.000148333333333333,0,1,0,0,0,0,0,0,1,1,1,1,1,1,1,1,1,1,1,1,1,1,1,1,1,1,1,1,1,1,1,1,1,1,1,1,1,1,1,1,1,1,1,1,1,1,1,1,1,1,1,1,1,1,1,1,1,1,1,1,1,1,1,1,1,1,1,1,1,1,1,1,1,1,1,1,1,1,1,1,0
2026-08-02 11:00:00,98.4663056833333,0,0,0,0,0,0,0.109648333333333,3.91605166666667,11.9269366666667,16.4846216666667,13.8756033333333,11.4112733333333,10.2215383333333,9.76403666666667,9.27194,5.30876333333333,1.8186,0.974091666666667,0.547526666666667,0.422675,0.402666666666667,0.401038333333333,0.381585,0.286773333333333,0.205226666666667,0.151946666666667,0.12572,0.139488333333333,0.125946666666667,0.130513333333333,0.104871666666667,0.119576666666667,0.0939833333333333,0.0888583333333333,0.08427,0.08006,0.0663283333333333,0.0516466666666667,0.0397316666666667,0.031465,0.023565,0.02008,0.01702,0.0103033333333333,0.0164916666666667,0.0110766666666667,0.0108416666666667,0.01268,0.0106716666666667,0.00868166666666667,0.00806833333333333,0.00549166666666667,0.00406166666666667,0.00552,0.00287166666666667,0.003195,0.00306666666666667,0.00286333333333333,0.00135833333333333,0.00339666666666667,0.00275,0.00151166666666667,0.00119833333333333,0.00246333333333333,0.00176666666666667,0.00120166666666667,0.00171,0.00218,0.001105,0.000753333333333333,0.000813333333333333,0.00034,0.000253333333333333,0.000273333333333333,0.000293333333333333,0.000313333333333333,0.000333333333333333,0.0001,0,1,0,0,0,0,0,0,1,1,1,1,1,1,1,1,1,1,1,1,1,1,1,1,1,1,1,1,1,1,1,1,1,1,1,1,1,1,1,1,1,1,1,1,1,1,1,1,1,1,1,1,1,1,1,1,1,1,1,1,1,1,1,1,1,1,1,1,1,1,1,1,1,1,1,1,1,1,1,1,0
2026-08-02 12:00:00,97.8693804166667,0,0,0,0,0,0,0.104121666666667,3.914925,11.747195,16.2013383333333,13.672975,11.12614,9.885735,9.45342166666667,8.93236166666667,5.36301166666667,1.736825,0.913268333333333,0.544883333333333,0.387078333333333,0.361611666666667,0.378031666666667,0.353163333333333,0.253813333333333,0.193036666666667,0.151936666666667,0.124865,0.122526666666667,0.096855,0.104743333333333,0.086175,0.0917083333333333,0.071355,0.0727133333333333,0.07168,0.0551433333333333,0.0611716666666667,0.0452983333333333,0.0374383333333333,0.0267133333333333,0.0204933333333333,0.0218366666666667,0.0154833333333333,0.0117083333333333,0.01275,0.00934333333333333,0.00636,0.0153233333333333,0.00924666666666667,0.009495,0.00640166666666667,0.00795333333333333,0.007505,0.00405166666666667,0.00436666666666667,0.00416166666666667,0.00421666666666667,0.00332166666666667,0.00192,0.00374666666666667,0.00341166666666667,0,0.000773333333333333,0.000923333333333333,0.000423333333333333,0.00141,0.001825,0.001785,0.00210166666666667,0.000588333333333333,0.00122666666666667,0.000383333333333333,0.00038,0.00041,0.00044,0.00047,0.0005,0.00015,0,1,0,0,0,0,0,0,1,1,1,1,1,1,1,1,1,1,1,1,1,1,1,1,1,1,1,1,1,1,1,1,1,1,1,1,1,1,1,1,1,1,1,1,1,1,1,1,1,1,1,1,1,1,1,1,1,1,1,1,1,1,1,1,1,1,1,1,1,1,1,1,1,1,1,1,1,1,1,1,0
2026-08-02 13:00:00,98.4825721333333,0,0,0,0,0,0,0.120411666666667,3.95127,11.6815666666667,16.3346816666667,13.461335,11.1883583333333,10.04446,9.55439833333333,9.44475666666667,5.62171666666667,1.83763833333333,0.97458,0.553776666666667,0.410215,0.34907,0.380768333333333,0.345778333333333,0.250351666666667,0.182935,0.143165,0.109335,0.1274,0.106041666666667,0.09069,0.0830933333333333,0.083635,0.0549583333333333,0.0623533333333333,0.0726883333333333,0.0580966666666667,0.0553816666666667,0.0479066666666667,0.0329483333333333,0.0254716666666667,0.0212516666666667,0.02159,0.017275,0.0120766666666667,0.01472,0.0102783333333333,0.00918,0.00888,0.00535,0.00473166666666667,0.00932833333333333,0.00585666666666667,0.00306833333333333,0.00360166666666667,0.00273,0.00201166666666667,0.00352666666666667,0.001545,0.00403,0.00153333333333333,0.00128,0.00149666666666667,0.00105333333333333,0.00250166666666667,0.000806666666666667,0.00120166666666667,0.000138333333333333,0.001215,0.0009,0.000733333333333333,0.000893333333333333,0.000108333333333333,0.000316666666666667,0.000341666666666667,0.000366666666666667,0.000391666666666667,0.000416666666666667,0.000125,0,1,0,0,0,0,0,0,1,1,1,1,1,1,1,1,1,1,1,1,1,1,1,1,1,1,1,1,1,1,1,1,1,1,1,1,1,1,1,1,1,1,1,1,1,1,1,1,1,1,1,1,1,1,1,1,1,1,1,1,1,1,1,1,1,1,1,1,1,1,1,1,1,1,1,1,1,1,1,1,0
2026-08-02 14:00:00,103.338510566667,0,0,0,0,0,0,0.134108333333333,4.20000333333333,12.59918,17.1777816666667,14.6183383333333,11.76887,10.6594116666667,10.0976533333333,9.80949166666667,5.690845,1.82994,0.959561666666667,0.565798333333333,0.401135,0.361038333333333,0.344291666666667,0.35505,0.242615,0.170378333333333,0.135495,0.118463333333333,0.111265,0.0880683333333333,0.09776,0.0626516666666667,0.0707883333333333,0.06306,0.0621683333333333,0.0653416666666667,0.0509366666666667,0.0465183333333333,0.04145,0.0344333333333333,0.0231316666666667,0.0181616666666667,0.01189,0.0166183333333333,0.01469,0.00919166666666667,0.0105716666666667,0.0152616666666667,0.00690333333333333,0.00741166666666667,0.00647666666666667,0.00672666666666667,0.00686166666666667,0.00463333333333333,0.006605,0.00254666666666667,0.00403333333333333,0.00332833333333333,0.004185,0.00225333333333333,0.00128,0.00189666666666667,0.00130833333333333,0.00147833333333333,0.00238666666666667,0.00126833333333333,0.00127666666666667,0.001975,0.000681666666666667,0,0.00083,0.000826666666666667,0.001885,0.000696666666666667,0.00075,0.000805,0.000861666666666667,0.000918333333333333,0.000273333333333333,0,1,0,0,0,0,0,0,1,1,1,1,1,1,1,1,1,1,1,1,1,1,1,1,1,1,1,1,1,1,1,1,1,1,1,1,1,1,1,1,1,1,1,1,1,1,1,1,1,1,1,1,1,1,1,1,1,1,1,1,1,1,1,1,1,1,1,1,1,1,1,1,1,1,1,1,1,1,1,1,0
2026-08-02 15:00:00,213.556442933333,0,0,0,0,0,0,0.283698333333333,8.941155,26.4412333333333,35.287125,29.1754333333333,24.02153,21.293315,19.8618933333333,18.73532,13.656205,5.665755,2.66744666666667,1.48735,0.996288333333333,0.822121666666667,0.798735,0.729763333333333,0.564423333333333,0.377738333333333,0.26591,0.187938333333333,0.154635,0.138226666666667,0.11767,0.0914116666666667,0.0940366666666667,0.0699316666666667,0.0690816666666667,0.0636483333333333,0.0551866666666667,0.0494166666666667,0.0389816666666667,0.0278633333333333,0.0262766666666667,0.0182883333333333,0.0213816666666667,0.01631,0.0178283333333333,0.01461,0.00814,0.013165,0.01011,0.00921666666666667,0.00873833333333333,0.00800666666666667,0.00710666666666667,0.00558833333333333,0.00685166666666667,0.00593333333333333,0.00429166666666667,0.003555,0.00266666666666667,0.002735,0.00128,0.00317666666666667,0.002685,0.00133833333333333,0.000846666666666667,0.00130666666666667,0.000988333333333333,0.000696666666666667,0.001255,0.000833333333333333,0.00083,0.000573333333333333,0.00129333333333333,0.000633333333333333,0.000683333333333333,0.000733333333333333,0.000783333333333333,0.000833333333333333,0.00025,0,1,0,0,0,0,0,0,1,1,1,1,1,1,1,1,1,1,1,1,1,1,1,1,1,1,1,1,1,1,1,1,1,1,1,1,1,1,1,1,1,1,1,1,1,1,1,1,1,1,1,1,1,1,1,1,1,1,1,1,1,1,1,1,1,1,1,1,1,1,1,1,1,1,1,1,1,1,1,1,0
2026-08-02 16:00:00,124.466303633333,0,0,0,0,0,0,0.179671666666667,6.00124833333333,17.231695,22.6098183333333,17.5913533333333,13.8726,12.0623833333333,11.2682116666667,10.53054,6.21314166666667,1.93518666666667,1.00569666666667,0.617965,0.430338333333333,0.381213333333333,0.352611666666667,0.350031666666667,0.262945,0.184076666666667,0.124663333333333,0.113866666666667,0.105458333333333,0.083455,0.0864533333333333,0.0712633333333333,0.0759333333333333,0.05882,0.0602983333333333,0.05649,0.0527133333333333,0.04704,0.0392233333333333,0.0291183333333333,0.0197166666666667,0.0212216666666667,0.0174616666666667,0.0126633333333333,0.013135,0.0184316666666667,0.00910166666666667,0.01367,0.00775833333333333,0.006415,0.00651833333333333,0.008895,0.00421666666666667,0.00607833333333333,0.00490333333333333,0.00474666666666667,0.00295,0.003585,0.00344166666666667,0.00240333333333333,0.00160833333333333,0.00104333333333333,0.00173333333333333,0.00105333333333333,0.00200166666666667,0.00173,0.00120166666666667,0.00294666666666667,0.00134666666666667,0.000676666666666667,0.00119666666666667,0.000813333333333333,0.000448333333333333,0.00057,0.000611666666666667,0.000656666666666667,0.000705,0.000753333333333333,0.000221666666666667,0,1,0,0,0,0,0,0,1,1,1,1,1,1,1,1,1,1,1,1,1,1,1,1,1,1,1,1,1,1,1,1,1,1,1,1,1,1,1,1,1,1,1,1,1,1,1,1,1,1,1,1,1,1,1,1,1,1,1,1,1,1,1,1,1,1,1,1,1,1,1,1,1,1,1,1,1,1,1,1,0
2026-08-02 17:00:00,133.6284268,0,0,0,0,0,0,0.189881666666667,6.470595,18.7135966666667,24.240865,18.876035,14.8458833333333,12.9532333333333,11.888905,11.2024416666667,6.93763333333333,2.22766333333333,1.12780666666667,0.626681666666667,0.468201666666667,0.402073333333333,0.417125,0.382946666666667,0.29269,0.200005,0.136803333333333,0.11647,0.11532,0.0893583333333333,0.095885,0.0715516666666667,0.0744233333333333,0.05683,0.059995,0.05594,0.0456966666666667,0.04481,0.0340316666666667,0.0341833333333333,0.023995,0.0204633333333333,0.01552,0.0180283333333333,0.0105483333333333,0.014375,0.0132566666666667,0.0165566666666667,0.0125216666666667,0.00496,0.00615333333333333,0.00837666666666667,0.00462666666666667,0.00924333333333333,0.00621666666666667,0.004765,0.00368,0.00447166666666667,0.00515833333333333,0.00359166666666667,0.00256666666666667,0.00251333333333333,0.00442,0.00359,0.00296333333333333,0.00173,0.00232666666666667,0.00127333333333333,0.000681666666666667,0.000446666666666667,0.001805,0.000653333333333333,0.000563333333333333,0.000443333333333333,0.000478333333333333,0.000513333333333333,0.000548333333333333,0.000583333333333333,0.000175,0,1,0,0,0,0,0,0,1,1,1,1,1,1,1,1,1,1,1,1,1,1,1,1,1,1,1,1,1,1,1,1,1,1,1,1,1,1,1,1,1,1,1,1,1,1,1,1,1,1,1,1,1,1,1,1,1,1,1,1,1,1,1,1,1,1,1,1,1,1,1,1,1,1,1,1,1,1,1,1,0
2026-08-02 18:00:00,127.795562,0,0,0,0,0,0,0.165168333333333,5.69672666666667,16.8772766666667,22.5296283333333,18.266505,14.3864533333333,12.911955,12.171085,11.1127483333333,6.29744833333333,1.97555,1.04805666666667,0.614218333333333,0.453186666666667,0.412735,0.405276666666667,0.40805,0.28541,0.197911666666667,0.138956666666667,0.134313333333333,0.130075,0.105393333333333,0.12469,0.0856883333333333,0.0999166666666667,0.0721683333333333,0.0714916666666667,0.0633383333333333,0.0643533333333333,0.06191,0.048605,0.0337516666666667,0.0402283333333333,0.0277866666666667,0.0224883333333333,0.0231016666666667,0.0240266666666667,0.0166333333333333,0.00936666666666667,0.00707333333333333,0.0113233333333333,0.0104666666666667,0.0139383333333333,0.00727166666666667,0.00966166666666667,0.009245,0.00577666666666667,0.00844333333333333,0.005265,0.00653833333333333,0.00997333333333333,0.00324166666666667,0.00238666666666667,0.00379333333333333,0.00217333333333333,0.00166166666666667,0.00331,0.00222666666666667,0.00295833333333333,0.00196333333333333,0.00055,0.00230666666666667,0.000608333333333333,0.000413333333333333,0.00108333333333333,0.00076,0.00082,0.00088,0.00094,0.001,0.0003,0,1,0,0,0,0,0,0,1,1,1,1,1,1,1,1,1,1,1,1,1,1,1,1,1,1,1,1,1,1,1,1,1,1,1,1,1,1,1,1,1,1,1,1,1,1,1,1,1,1,1,1,1,1,1,1,1,1,1,1,1,1,1,1,1,1,1,1,1,1,1,1,1,1,1,1,1,1,1,1,0
2026-08-02 19:00:00,125.768781666667,0,0,0,0,0,0,0.15484,5.48843333333333,16.29665,21.8839133333333,17.9481566666667,14.5523116666667,12.8728683333333,12.4859933333333,10.4905783333333,5.65442666666667,2.01869666666667,1.09396166666667,0.63316,0.503981666666667,0.450408333333333,0.433918333333333,0.425206666666667,0.30578,0.218675,0.163386666666667,0.15218,0.154205,0.123968333333333,0.141978333333333,0.101033333333333,0.113348333333333,0.0858283333333333,0.0853883333333333,0.0850433333333333,0.078575,0.071205,0.0694883333333333,0.0485916666666667,0.0341383333333333,0.0344966666666667,0.0280633333333333,0.0263516666666667,0.0253933333333333,0.01941,0.01814,0.0176333333333333,0.0155366666666667,0.0181083333333333,0.012615,0.0121116666666667,0.0109133333333333,0.00724666666666667,0.0113866666666667,0.00709666666666667,0.0100166666666667,0.00613666666666667,0.0059,0.00559166666666667,0.00666333333333333,0.00298666666666667,0.00362166666666667,0.00275333333333333,0.00365666666666667,0.00492166666666667,0.00157166666666667,0.00298333333333333,0.00158666666666667,0.00170333333333333,0.000588333333333333,0.00205333333333333,0.000491666666666667,0.000696666666666667,0.000748333333333333,0.000803333333333333,0.000861666666666667,0.00092,0.000271666666666667,0,1,0,0,0,0,0,0,1,1,1,1,1,1,1,1,1,1,1,1,1,1,1,1,1,1,1,1,1,1,1,1,1,1,1,1,1,1,1,1,1,1,1,1,1,1,1,1,1,1,1,1,1,1,1,1,1,1,1,1,1,1,1,1,1,1,1,1,1,1,1,1,1,1,1,1,1,1,1,1,0
2026-08-02 20:00:00,256.6026792,0,0,0,0,0,0,0.369891666666667,12.38639,36.3349616666667,48.1860033333333,38.1773616666667,30.2369833333333,26.0178666666667,23.00449,17.15198,9.282105,4.24663833333333,2.27214333333333,1.361785,0.958018333333333,0.775735,0.697698333333333,0.617038333333333,0.430226666666667,0.299683333333333,0.22151,0.189591666666667,0.177955,0.133813333333333,0.149348333333333,0.105836666666667,0.13396,0.0998083333333333,0.0903766666666667,0.094255,0.0670416666666667,0.0598933333333333,0.0654433333333333,0.0474083333333333,0.0386316666666667,0.0386083333333333,0.0256883333333333,0.0298083333333333,0.025955,0.0190383333333333,0.0194933333333333,0.01149,0.0182983333333333,0.0169866666666667,0.0107866666666667,0.010985,0.010435,0.00643,0.005645,0.00973,0.00437833333333333,0.00570666666666667,0.00633833333333333,0.00449833333333333,0.00560666666666667,0.00317666666666667,0.00258333333333333,0.00511166666666667,0.00346333333333333,0.00192333333333333,0.00171,0.00156166666666667,0.00165,0.000833333333333333,0.00135,0.00129333333333333,0.000426666666666667,0.000506666666666667,0.000546666666666667,0.000586666666666667,0.000626666666666667,0.000666666666666667,0.0002,0,1,0,0,0,0,0,0,1,1,1,1,1,1,1,1,1,1,1,1,1,1,1,1,1,1,1,1,1,1,1,1,1,1,1,1,1,1,1,1,1,1,1,1,1,1,1,1,1,1,1,1,1,1,1,1,1,1,1,1,1,1,1,1,1,1,1,1,1,1,1,1,1,1,1,1,1,1,1,1,0
2026-08-02 21:00:00,328.618262233333,0,0,0,0,0,0,0.447746666666667,16.5189016666667,48.9046316666667,64.2775116666667,50.2342383333333,39.3570483333333,32.6381983333333,28.27952,21.1868233333333,11.4579933333333,5.31277666666667,2.83544166666667,1.76363166666667,1.21685333333333,0.898361666666667,0.792505,0.704536666666667,0.480961666666667,0.357746666666667,0.276325,0.230115,0.18528,0.151921666666667,0.15088,0.113966666666667,0.125935,0.0998916666666667,0.0959316666666667,0.0838183333333333,0.0706716666666667,0.070825,0.0556616666666667,0.0461,0.037725,0.03469,0.0304483333333333,0.0294066666666667,0.0201966666666667,0.01734,0.0166466666666667,0.0193816666666667,0.01682,0.0150266666666667,0.00916833333333333,0.00945333333333333,0.0104783333333333,0.008575,0.00941333333333333,0.00537,0.00709333333333333,0.003985,0.00234833333333333,0.00221666666666667,0.00425166666666667,0.00374666666666667,0.00319166666666667,0.00475,0.002655,0.00172833333333333,0.00247333333333333,0.00168166666666667,0.00341833333333333,0.000055,0.000173333333333333,0.000653333333333333,0.000626666666666667,0.000631666666666667,0.000681666666666667,0.000731666666666667,0.000783333333333333,0.000835,0.000248333333333333,0,1,0,0,0,0,0,0,1,1,1,1,1,1,1,1,1,1,1,1,1,1,1,1,1,1,1,1,1,1,1,1,1,1,1,1,1,1,1,1,1,1,1,1,1,1,1,1,1,1,1,1,1,1,1,1,1,1,1,1,1,1,1,1,1,1,1,1,1,1,1,1,1,1,1,1,1,1,1,1,0
2026-08-02 22:00:00,313.335103816667,0,0,0,0,0,0,0.461503333333333,15.9511016666667,47.8284266666667,62.6481633333333,48.66846,37.8298016666667,31.346445,27.7496283333333,19.22766,8.96094,4.06657666666667,2.072195,1.24266,0.915908333333333,0.709716666666667,0.679176666666667,0.560273333333333,0.433321666666667,0.30237,0.217348333333333,0.199826666666667,0.20137,0.155056666666667,0.137036666666667,0.0993116666666667,0.116465,0.100631666666667,0.08877,0.09129,0.0721466666666667,0.0645083333333333,0.0517866666666667,0.0463566666666667,0.0433733333333333,0.03264,0.02595,0.0251116666666667,0.0204116666666667,0.012995,0.0122116666666667,0.01488,0.01084,0.0117116666666667,0.013445,0.00568333333333333,0.00961833333333333,0.00773333333333333,0.00779166666666667,0.00514333333333333,0.005915,0.00513166666666667,0.00409833333333333,0.00603,0.00264,0.00440833333333333,0.00445333333333333,0.00302,0.00338666666666667,0.002995,0.00112666666666667,0.001135,0.00309333333333333,0.00262333333333333,0.00139,0.00024,0.00028,0.000821666666666667,0.000881666666666667,0.000946666666666667,0.00101666666666667,0.00109,0.00032,0,1,0,0,0,0,0,0,1,1,1,1,1,1,1,1,1,1,1,1,1,1,1,1,1,1,1,1,1,1,1,1,1,1,1,1,1,1,1,1,1,1,1,1,1,1,1,1,1,1,1,1,1,1,1,1,1,1,1,1,1,1,1,1,1,1,1,1,1,1,1,1,1,1,1,1,1,1,1,1,0
2026-08-02 23:00:00,221.921923833333,0,0,0,0,0,0,0.305161666666667,11.356535,33.5943166666667,44.1307183333333,34.10567,26.36854,22.15902,20.0511216666667,14.501605,6.915395,2.634375,1.330525,0.821405,0.633146666666667,0.535926666666667,0.498268333333333,0.464233333333333,0.31419,0.238971666666667,0.172156666666667,0.167768333333333,0.149776666666667,0.119661666666667,0.135776666666667,0.09425,0.100443333333333,0.081635,0.0848933333333333,0.0774766666666667,0.0595683333333333,0.0539366666666667,0.0450966666666667,0.0416983333333333,0.030505,0.0276883333333333,0.0233133333333333,0.0226183333333333,0.01668,0.01857,0.01451,0.01409,0.0146083333333333,0.014315,0.0127866666666667,0.00759666666666667,0.007085,0.006045,0.00436833333333333,0.00515666666666667,0.00712666666666667,0.00493166666666667,0.00575666666666667,0.00504166666666667,0.002565,0.00317666666666667,0.00193833333333333,0.00119833333333333,0.00173166666666667,0.00214833333333333,0.00169333333333333,0.00112333333333333,0.000968333333333333,0.000416666666666667,0.00083,0.00016,0.000383333333333333,0.00038,0.00041,0.00044,0.00047,0.0005,0.00015,0,1,0,0,0,0,0,0,1,1,1,1,1,1,1,1,1,1,1,1,1,1,1,1,1,1,1,1,1,1,1,1,1,1,1,1,1,1,1,1,1,1,1,1,1,1,1,1,1,1,1,1,1,1,1,1,1,1,1,1,1,1,1,1,1,1,1,1,1,1,1,1,1,1,1,1,1,1,1,1,0
2026-08-03,139.822358783333,0,0,0,0,0,0,0.215641666666667,7.40888666666667,21.02193,26.9584233333333,20.2497333333333,15.52196,13.0752883333333,11.9135033333333,10.6043283333333,6.298975,1.94496333333333,1.02086833333333,0.548695,0.39811,0.372268333333333,0.360531666666667,0.34897,0.24702,0.175908333333333,0.129396666666667,0.111358333333333,0.105855,0.0956416666666667,0.0947133333333333,0.0706466666666667,0.0772633333333333,0.061375,0.06274,0.0542383333333333,0.0488816666666667,0.0447933333333333,0.0422916666666667,0.0275383333333333,0.02884,0.025815,0.0152816666666667,0.0185466666666667,0.010865,0.016125,0.016585,0.00967,0.0106733333333333,0.00963,0.00832333333333333,0.0122816666666667,0.00797666666666667,0.00595,0.00521333333333333,0.003145,0.00268833333333333,0.00303833333333333,0.00318,0.00446666666666667,0.00382333333333333,0.00336666666666667,0.00174833333333333,0.00085,0.000846666666666667,0.00119166666666667,0.00190666666666667,0.000985,0.000131666666666667,0.00064,0.000608333333333333,0.00016,0.000318333333333333,0.00019,0.000205,0.00022,0.000235,0.00025,0.000075,0,1,0,0,0,0,0,0,1,1,1,1,1,1,1,1,1,1,1,1,1,1,1,1,1,1,1,1,1,1,1,1,1,1,1,1,1,1,1,1,1,1,1,1,1,1,1,1,1,1,1,1,1,1,1,1,1,1,1,1,1,1,1,1,1,1,1,1,1,1,1,1,1,1,1,1,1,1,1,1,0
2026-08-03 01:00:00,141.761203183333,0,0,0,0,0,0,0.235371666666667,8.02464333333333,22.4326266666667,26.927265,20.408625,15.4655833333333,13.3159866666667,11.974205,10.4966233333333,5.920105,1.87630666666667,0.965976666666667,0.547051666666667,0.433345,0.378118333333333,0.369096666666667,0.346116666666667,0.238586666666667,0.173725,0.128538333333333,0.111235,0.114665,0.0990483333333333,0.104445,0.0685,0.0619816666666667,0.0534083333333333,0.0561266666666667,0.0674183333333333,0.0541433333333333,0.0499266666666667,0.038965,0.0309016666666667,0.02787,0.0234283333333333,0.0188216666666667,0.0177616666666667,0.0132866666666667,0.0121316666666667,0.0141366666666667,0.00946666666666667,0.00964166666666667,0.00904666666666667,0.00905,0.00679166666666667,0.00585666666666667,0.00556666666666667,0.00471166666666667,0.004655,0.00289833333333333,0.00329666666666667,0.00340666666666667,0.002095,0.004855,0.00360333333333333,0.000661666666666667,0,0.002925,0.000806666666666667,0.00190666666666667,0.000276666666666667,0.000836666666666667,0.000833333333333333,0.000588333333333333,0.00024,0.00052,0.000316666666666667,0.000341666666666667,0.000366666666666667,0.000391666666666667,0.000416666666666667,0.000125,0,1,0,0,0,0,0,0,1,1,1,1,1,1,1,1,1,1,1,1,1,1,1,1,1,1,1,1,1,1,1,1,1,1,1,1,1,1,1,1,1,1,1,1,1,1,1,1,1,1,1,1,1,1,1,1,1,1,1,1,1,1,1,1,1,1,1,1,1,1,1,1,1,1,1,1,1,1,1,1,0
2026-08-03 02:00:00,152.4113544,0,0,0,0,0,0,0.229635,8.03137166666667,23.0057633333333,28.7618183333333,21.9328,16.65242,14.273125,13.321575,11.8231566666667,6.49045166666667,2.15173833333333,1.08026833333333,0.641606666666667,0.48446,0.441933333333333,0.431045,0.405433333333333,0.293536666666667,0.192983333333333,0.153075,0.133435,0.123588333333333,0.12253,0.107785,0.0812166666666667,0.0810083333333333,0.0668316666666667,0.0594333333333333,0.058905,0.047535,0.051305,0.0369916666666667,0.0314416666666667,0.0245466666666667,0.02167,0.016545,0.01948,0.01398,0.014945,0.011125,0.0117866666666667,0.0131916666666667,0.012915,0.00785666666666667,0.00807,0.00378333333333333,0.00932333333333333,0.00666333333333333,0.00454333333333333,0.00453666666666667,0.00220666666666667,0.00269833333333333,0.00399666666666667,0.00264166666666667,0.00123333333333333,0.00122166666666667,0.000951666666666667,0.00211666666666667,0.00119166666666667,0.001485,0.000276666666666667,0.00209333333333333,0.000833333333333333,0.000415,0.00016,0.000405,0.000443333333333333,0.000478333333333333,0.000513333333333333,0.000548333333333333,0.000583333333333333,0.000175,0,1,0,0,0,0,0,0,1,1,1,1,1,1,1,1,1,1,1,1,1,1,1,1,1,1,1,1,1,1,1,1,1,1,1,1,1,1,1,1,1,1,1,1,1,1,1,1,1,1,1,1,1,1,1,1,1,1,1,1,1,1,1,1,1,1,1,1,1,1,1,1,1,1,1,1,1,1,1,1,0
2026-08-03 03:00:00,181.466809366667,0,0,0,0,0,0,0.263918333333333,9.10648666666667,26.1400616666667,33.8368183333333,26.0073116666667,20.58908,18.0198566666667,16.7074183333333,14.3070666666667,6.89235333333333,2.67952666666667,1.46196166666667,0.875006666666667,0.668836666666667,0.565248333333333,0.532883333333333,0.529583333333333,0.357168333333333,0.252463333333333,0.17976,0.152911666666667,0.153593333333333,0.124531666666667,0.129581666666667,0.102798333333333,0.0940133333333333,0.08334,0.084345,0.0724183333333333,0.0710666666666667,0.0522816666666667,0.0459233333333333,0.0377566666666667,0.0334033333333333,0.0239983333333333,0.0226233333333333,0.0168083333333333,0.0132866666666667,0.015255,0.0156283333333333,0.0129466666666667,0.01288,0.0149283333333333,0.00739166666666667,0.009905,0.0067,0.00651,0.00264833333333333,0.00367166666666667,0.00249833333333333,0.00622166666666667,0.0033,0.00288666666666667,0.00161166666666667,0.00341333333333333,0.000748333333333333,0.000913333333333333,0.00130833333333333,0.000845,0.000421666666666667,0.00084,0.000418333333333333,0.00064,0.000193333333333333,0.000826666666666667,0.000065,0.00019,0.000205,0.00022,0.000235,0.00025,0.000075,0,1,0,0,0,0,0,0,1,1,1,1,1,1,1,1,1,1,1,1,1,1,1,1,1,1,1,1,1,1,1,1,1,1,1,1,1,1,1,1,1,1,1,1,1,1,1,1,1,1,1,1,1,1,1,1,1,1,1,1,1,1,1,1,1,1,1,1,1,1,1,1,1,1,1,1,1,1,1,1,0
2026-08-03 04:00:00,207.923009733333,0,0,0,0,0,0,0.302335,10.4282833333333,30.2927533333333,39.0684733333333,30.3917116666667,23.955385,21.26333,20.728955,17.0955416666667,5.754755,2.44464166666667,1.30280333333333,0.783201666666667,0.605151666666667,0.506591666666667,0.518333333333333,0.452311666666667,0.294621666666667,0.230645,0.175445,0.152136666666667,0.141828333333333,0.12346,0.123843333333333,0.109895,0.107041666666667,0.0812266666666667,0.093565,0.0912366666666667,0.0798716666666667,0.0779383333333333,0.0577533333333333,0.0453666666666667,0.039045,0.0347966666666667,0.023095,0.0214566666666667,0.0175816666666667,0.022515,0.0147916666666667,0.015255,0.0137683333333333,0.00863166666666667,0.00922833333333333,0.0097,0.00886666666666667,0.00854333333333333,0.00555666666666667,0.003125,0.00327833333333333,0.005045,0.00332833333333333,0.00320666666666667,0.000756666666666667,0.00294,0.002395,0.00225166666666667,0.001655,0.000538333333333333,0.00112666666666667,0.001975,0.000681666666666667,0,0.000415,0.00124,0.000151666666666667,0.000443333333333333,0.000478333333333333,0.000513333333333333,0.000548333333333333,0.000583333333333333,0.000175,0,1,0,0,0,0,0,0,1,1,1,1,1,1,1,1,1,1,1,1,1,1,1,1,1,1,1,1,1,1,1,1,1,1,1,1,1,1,1,1,1,1,1,1,1,1,1,1,1,1,1,1,1,1,1,1,1,1,1,1,1,1,1,1,1,1,1,1,1,1,1,1,1,1,1,1,1,1,1,1,0
2026-08-03 05:00:00,209.0476868,0,0,0,0,0,0,0.265448333333333,10.0016733333333,28.9498366666667,38.3533916666667,30.0394383333333,24.1759783333333,22.1922066666667,21.9150333333333,18.8219333333333,5.58427666666667,2.43071833333333,1.28345833333333,0.751236666666667,0.576678333333333,0.483341666666667,0.507681666666667,0.496241666666667,0.315501666666667,0.223208333333333,0.147851666666667,0.147658333333333,0.149126666666667,0.128096666666667,0.133105,0.115151666666667,0.119833333333333,0.110625,0.106935,0.101811666666667,0.0830833333333333,0.0867366666666667,0.067435,0.059955,0.0450416666666667,0.0374383333333333,0.0293533333333333,0.0278366666666667,0.0207316666666667,0.025265,0.0203316666666667,0.02032,0.01608,0.01536,0.0109183333333333,0.00677,0.00927333333333333,0.00607,0.00591833333333333,0.00787166666666667,0.00468166666666667,0.00587833333333333,0.00458,0.00211833333333333,0.00221166666666667,0.00208666666666667,0.00304166666666667,0.00365333333333333,0.000961666666666667,0.001725,0.00225166666666667,0.00211166666666667,0.0011,0,0.000588333333333333,0.00106666666666667,0.00052,0.000316666666666667,0.000341666666666667,0.000366666666666667,0.000391666666666667,0.000416666666666667,0.000125,0,1,0,0,0,0,0,0,1,1,1,1,1,1,1,1,1,1,1,1,1,1,1,1,1,1,1,1,1,1,1,1,1,1,1,1,1,1,1,1,1,1,1,1,1,1,1,1,1,1,1,1,1,1,1,1,1,1,1,1,1,1,1,1,1,1,1,1,1,1,1,1,1,1,1,1,1,1,1,1,0
2026-08-03 06:00:00,195.775721433333,0,0,0,0,0,0,0.261701666666667,8.81928666666667,25.7897333333333,33.9943866666667,27.34534,22.6781766666667,20.5750533333333,20.8873783333333,18.998135,6.13545666666667,2.67861333333333,1.39798333333333,0.85362,0.675201666666667,0.613311666666667,0.594611666666667,0.56686,0.356123333333333,0.272591666666667,0.19262,0.1729,0.166895,0.163925,0.160686666666667,0.139118333333333,0.142475,0.12958,0.128641666666667,0.117705,0.107531666666667,0.0986716666666667,0.0829483333333333,0.0645866666666667,0.052585,0.0457616666666667,0.0282333333333333,0.0293266666666667,0.0280366666666667,0.020535,0.0177533333333333,0.018725,0.024895,0.0192816666666667,0.0136416666666667,0.009745,0.00713333333333333,0.008215,0.00774,0.00429666666666667,0.00150833333333333,0.006165,0.00601333333333333,0.00265666666666667,0.003495,0.00317666666666667,0.00248166666666667,0.00324166666666667,0.00254,0.00249666666666667,0.002605,0.001415,0.000263333333333333,0.00166666666666667,0.000415,0.00016,0.000448333333333333,0.00057,0.000611666666666667,0.000656666666666667,0.000705,0.000753333333333333,0.000221666666666667,0,1,0,0,0,0,0,0,1,1,1,1,1,1,1,1,1,1,1,1,1,1,1,1,1,1,1,1,1,1,1,1,1,1,1,1,1,1,1,1,1,1,1,1,1,1,1,1,1,1,1,1,1,1,1,1,1,1,1,1,1,1,1,1,1,1,1,1,1,1,1,1,1,1,1,1,1,1,1,1,0
2026-08-03 07:00:00,159.953560833333,0,0,0,0,0,0,0.215578333333333,7.197435,21.0507216666667,27.7299333333333,22.2443683333333,18.4687016666667,16.9410633333333,16.8042316666667,14.6212,5.66381333333333,2.46759,1.36133833333333,0.822193333333333,0.66404,0.578241666666667,0.58909,0.56419,0.380198333333333,0.30363,0.215871666666667,0.191026666666667,0.206106666666667,0.183278333333333,0.18792,0.140805,0.152646666666667,0.13122,0.143523333333333,0.130913333333333,0.10179,0.106626666666667,0.0884383333333333,0.0856266666666667,0.0545816666666667,0.05057,0.0387016666666667,0.0329716666666667,0.0322383333333333,0.0286633333333333,0.0284616666666667,0.024945,0.022435,0.02818,0.012205,0.0134733333333333,0.00975166666666667,0.013045,0.00875833333333333,0.009525,0.00945666666666667,0.00839833333333333,0.00395333333333333,0.007475,0.00749,0.00256,0.00289333333333333,0.001745,0.00207833333333333,0.00203666666666667,0.00169833333333333,0.00265833333333333,0.00247,0.00170333333333333,0.00166,0.00140166666666667,0.00216,0.00076,0.00082,0.00088,0.00094,0.001,0.0003,0,1,0,0,0,0,0,0,1,1,1,1,1,1,1,1,1,1,1,1,1,1,1,1,1,1,1,1,1,1,1,1,1,1,1,1,1,1,1,1,1,1,1,1,1,1,1,1,1,1,1,1,1,1,1,1,1,1,1,1,1,1,1,1,1,1,1,1,1,1,1,1,1,1,1,1,1,1,1,1,0
2026-08-03 08:00:00,145.2989442,0,0,0,0,0,0,0.208798333333333,6.81711333333333,19.5480583333333,25.7651416666667,20.32438,16.61346,15.1785816666667,14.938475,12.005875,5.26374666666667,2.20485833333333,1.13326666666667,0.713591666666667,0.567808333333333,0.518001666666667,0.497718333333333,0.484431666666667,0.366456666666667,0.263808333333333,0.201431666666667,0.168131666666667,0.181458333333333,0.152956666666667,0.175893333333333,0.136638333333333,0.145555,0.121213333333333,0.09959,0.119613333333333,0.103715,0.0922333333333333,0.08011,0.07817,0.0498466666666667,0.04236,0.03573,0.041695,0.030845,0.0300016666666667,0.0303133333333333,0.0205533333333333,0.02097,0.01984,0.0211366666666667,0.0145483333333333,0.0118716666666667,0.0153366666666667,0.01318,0.00927,0.008735,0.009635,0.00825333333333333,0.00618833333333333,0.00739833333333333,0.00606833333333333,0.00235666666666667,0.00667166666666667,0.00400166666666667,0.00341666666666667,0.00281333333333333,0.00223833333333333,0.00161333333333333,0.00172166666666667,0.000415,0.00181333333333333,0.00168333333333333,0.00057,0.000613333333333333,0.000658333333333333,0.000705,0.000751666666666667,0.000223333333333333,0,1,0,0,0,0,0,0,1,1,1,1,1,1,1,1,1,1,1,1,1,1,1,1,1,1,1,1,1,1,1,1,1,1,1,1,1,1,1,1,1,1,1,1,1,1,1,1,1,1,1,1,1,1,1,1,1,1,1,1,1,1,1,1,1,1,1,1,1,1,1,1,1,1,1,1,1,1,1,1,0
2026-08-03 09:00:00,146.957355083333,0,0,0,0,0,0,0.218946666666667,7.42615666666667,21.295995,26.8393733333333,20.850215,16.2690733333333,14.2550316666667,13.8536783333333,11.6633433333333,5.760915,2.01955333333333,1.04603666666667,0.61406,0.47784,0.423955,0.440053333333333,0.414395,0.32063,0.231315,0.169776666666667,0.157468333333333,0.168618333333333,0.13529,0.142083333333333,0.113771666666667,0.126831666666667,0.105943333333333,0.102081666666667,0.109336666666667,0.095325,0.0916,0.0719083333333333,0.0609966666666667,0.0488216666666667,0.0472983333333333,0.0384566666666667,0.0365316666666667,0.0216583333333333,0.0235016666666667,0.0236933333333333,0.0237016666666667,0.0212716666666667,0.0162166666666667,0.0195933333333333,0.017685,0.0112333333333333,0.0109666666666667,0.0140983333333333,0.0119833333333333,0.009165,0.00908833333333333,0.009225,0.00803833333333333,0.00945666666666667,0.00616333333333333,0.00576166666666667,0.00336166666666667,0.004965,0.003725,0.00233333333333333,0.00364833333333333,0.00381666666666667,0.00138333333333333,0.0042,0.00129333333333333,0.00187833333333333,0.00114,0.001225,0.001315,0.00141,0.001505,0.000445,0,1,0,0,0,0,0,0,1,1,1,1,1,1,1,1,1,1,1,1,1,1,1,1,1,1,1,1,1,1,1,1,1,1,1,1,1,1,1,1,1,1,1,1,1,1,1,1,1,1,1,1,1,1,1,1,1,1,1,1,1,1,1,1,1,1,1,1,1,1,1,1,1,1,1,1,1,1,1,1,0
2026-08-03 10:00:00,159.914316816667,0,0,0,0,0,0,0.294201666666667,8.98602166666667,24.5948266666667,30.7055716666667,22.8062483333333,17.3121083333333,14.6601283333333,13.511095,12.16658,6.64510666666667,2.05393666666667,1.01600666666667,0.578176666666667,0.438603333333333,0.39075,0.383963333333333,0.38285,0.287368333333333,0.19503,0.14499,0.142058333333333,0.125176666666667,0.106793333333333,0.123821666666667,0.0976,0.11236,0.0838966666666667,0.0740266666666667,0.083435,0.07407,0.06516,0.060155,0.043175,0.0359983333333333,0.0291233333333333,0.02585,0.0291983333333333,0.0251816666666667,0.0245916666666667,0.02414,0.0169633333333333,0.0207966666666667,0.0166483333333333,0.0159633333333333,0.0162816666666667,0.00970833333333333,0.0117983333333333,0.00877666666666667,0.0112133333333333,0.00518666666666667,0.00908833333333333,0.009485,0.005965,0.00442833333333333,0.00630666666666667,0.00659166666666667,0.004555,0.00619833333333333,0.00633833333333333,0.00212666666666667,0.00309833333333333,0.00246666666666667,0.00254833333333333,0.00139166666666667,0.00148,0.00203666666666667,0.00114,0.00122666666666667,0.00131666666666667,0.00141,0.00150333333333333,0.000446666666666667,0,1,0,0,0,0,0,0,1,1,1,1,1,1,1,1,1,1,1,1,1,1,1,1,1,1,1,1,1,1,1,1,1,1,1,1,1,1,1,1,1,1,1,1,1,1,1,1,1,1,1,1,1,1,1,1,1,1,1,1,1,1,1,1,1,1,1,1,1,1,1,1,1,1,1,1,1,1,1,1,0
2026-08-03 11:00:00,178.302556583333,0,0,0,0,0,0,0.330291666666667,10.33656,28.7855816666667,35.3003333333333,25.796175,19.284305,15.9173933333333,14.2969316666667,13.140285,7.60449,2.186365,1.04850666666667,0.586638333333333,0.44906,0.394148333333333,0.394626666666667,0.367983333333333,0.25448,0.174381666666667,0.13399,0.113835,0.105856666666667,0.101233333333333,0.100093333333333,0.0772233333333333,0.08567,0.0733566666666667,0.0656066666666667,0.070395,0.05442,0.0426533333333333,0.0499483333333333,0.0409066666666667,0.03025,0.0228933333333333,0.0249983333333333,0.0222266666666667,0.02135,0.019835,0.0159783333333333,0.016415,0.0184783333333333,0.015155,0.0142566666666667,0.0156483333333333,0.00922833333333333,0.0119866666666667,0.009685,0.00718666666666667,0.00806666666666667,0.00748333333333333,0.00699333333333333,0.00459166666666667,0.00819833333333333,0.00635166666666667,0.006545,0.00281666666666667,0.00361833333333333,0.00311166666666667,0.00288833333333333,0.00336666666666667,0.00212333333333333,0.00201166666666667,0.00383166666666667,0.00204,0.00343,0.00132833333333333,0.00143,0.001535,0.001645,0.001755,0.00052,0,1,0,0,0,0,0,0,1,1,1,1,1,1,1,1,1,1,1,1,1,1,1,1,1,1,1,1,1,1,1,1,1,1,1,1,1,1,1,1,1,1,1,1,1,1,1,1,1,1,1,1,1,1,1,1,1,1,1,1,1,1,1,1,1,1,1,1,1,1,1,1,1,1,1,1,1,1,1,1,0
2026-08-03 12:00:00,183.803981333333,0,0,0,0,0,0,0.327596666666667,10.3154583333333,29.4344266666667,36.908275,26.7749466666667,19.7546316666667,16.39012,14.60244,14.119945,8.26644166666667,2.33317833333333,1.133065,0.618203333333333,0.433183333333333,0.40191,0.379838333333333,0.352713333333333,0.26028,0.175166666666667,0.115428333333333,0.10235,0.1042,0.0800716666666667,0.082825,0.077115,0.0737916666666667,0.06882,0.0552783333333333,0.0516633333333333,0.0535416666666667,0.0440716666666667,0.039865,0.032405,0.0297283333333333,0.0257183333333333,0.0236666666666667,0.0248666666666667,0.0201633333333333,0.024935,0.0170766666666667,0.015455,0.0195266666666667,0.015205,0.01827,0.00947666666666667,0.01597,0.0132233333333333,0.008595,0.01223,0.00830333333333333,0.009865,0.00610333333333333,0.0055,0.00578666666666667,0.00341333333333333,0.003095,0.004865,0.00758166666666667,0.00245833333333333,0.00191833333333333,0.00421833333333333,0.00244666666666667,0.00362333333333333,0.001825,0.00181333333333333,0.00105333333333333,0.00113833333333333,0.00122666666666667,0.00131666666666667,0.00141,0.00150333333333333,0.000446666666666667,0,1,0,0,0,0,0,0,1,1,1,1,1,1,1,1,1,1,1,1,1,1,1,1,1,1,1,1,1,1,1,1,1,1,1,1,1,1,1,1,1,1,1,1,1,1,1,1,1,1,1,1,1,1,1,1,1,1,1,1,1,1,1,1,1,1,1,1,1,1,1,1,1,1,1,1,1,1,1,1,0
2026-08-03 13:00:00,180.973648066667,0,0,0,0,0,0,0.310241666666667,9.99759333333333,28.1530283333333,35.6338633333333,26.1655933333333,19.4706466666667,16.25947,14.639875,14.04434,8.25182333333333,2.29681666666667,1.14226833333333,0.626828333333333,0.42483,0.381416666666667,0.370046666666667,0.33144,0.255008333333333,0.172896666666667,0.10996,0.08771,0.08587,0.0818,0.0965283333333333,0.0626466666666667,0.0693066666666667,0.0589066666666667,0.0512683333333333,0.05205,0.0466566666666667,0.0489033333333333,0.046505,0.034265,0.02081,0.0290966666666667,0.0182883333333333,0.0233116666666667,0.0205383333333333,0.0139216666666667,0.01891,0.0129183333333333,0.014295,0.01132,0.00834333333333333,0.0141583333333333,0.00795333333333333,0.009605,0.00876,0.0111533333333333,0.00922,0.00719666666666667,0.00656,0.004095,0.00809333333333333,0.00531,0.00355333333333333,0.00302,0.002925,0.00203666666666667,0.00437333333333333,0.00322166666666667,0.00431666666666667,0.00333333333333333,0.00159166666666667,0.00353333333333333,0.00324333333333333,0.00152,0.001635,0.001755,0.00188,0.002005,0.000595,0,1,0,0,0,0,0,0,1,1,1,1,1,1,1,1,1,1,1,1,1,1,1,1,1,1,1,1,1,1,1,1,1,1,1,1,1,1,1,1,1,1,1,1,1,1,1,1,1,1,1,1,1,1,1,1,1,1,1,1,1,1,1,1,1,1,1,1,1,1,1,1,1,1,1,1,1,1,1,1,0
2026-08-03 14:00:00,178.8676793,0,0,0,0,0,0,0.306606666666667,9.38424166666667,27.1589983333333,35.0455183333333,26.17243,19.5283,16.4267433333333,14.861215,14.34173,8.49247,2.42806833333333,1.24830166666667,0.663363333333333,0.458193333333333,0.401443333333333,0.362171666666667,0.367323333333333,0.265961666666667,0.16515,0.129151666666667,0.105611666666667,0.0871933333333333,0.0709683333333333,0.0746916666666667,0.066375,0.0653966666666667,0.060255,0.048065,0.04875,0.032575,0.0433383333333333,0.0442133333333333,0.0287116666666667,0.0229666666666667,0.0263983333333333,0.0211683333333333,0.020275,0.0167166666666667,0.0123766666666667,0.0136466666666667,0.01657,0.00911666666666667,0.0115433333333333,0.00813666666666667,0.014605,0.00970666666666667,0.00823833333333333,0.00727166666666667,0.00695666666666667,0.00771666666666667,0.00547666666666667,0.00527333333333333,0.00356833333333333,0.00349,0.00270166666666667,0.00390666666666667,0.00221333333333333,0.00431333333333333,0.00227,0.00311333333333333,0.00210666666666667,0.004275,0.002345,0.00161166666666667,0.00138666666666667,0.000896666666666667,0.00114,0.00122333333333333,0.00131333333333333,0.00141,0.00150666666666667,0.000443333333333333,0,1,0,0,0,0,0,0,1,1,1,1,1,1,1,1,1,1,1,1,1,1,1,1,1,1,1,1,1,1,1,1,1,1,1,1,1,1,1,1,1,1,1,1,1,1,1,1,1,1,1,1,1,1,1,1,1,1,1,1,1,1,1,1,1,1,1,1,1,1,1,1,1,1,1,1,1,1,1,1,0
2026-08-03 15:00:00,181.693160533333,0,0,0,0,0,0,0.302691666666667,9.51314166666667,27.4129833333333,35.256235,26.081045,19.6925716666667,16.8134383333333,15.4502833333333,14.7688516666667,8.11470833333333,2.37834,1.18876666666667,0.630193333333333,0.453886666666667,0.407186666666667,0.371276666666667,0.359586666666667,0.256646666666667,0.178436666666667,0.114928333333333,0.112698333333333,0.106635,0.0706733333333333,0.0757666666666667,0.0688316666666667,0.0666033333333333,0.05052,0.04914,0.0519833333333333,0.0475466666666667,0.0417666666666667,0.0375433333333333,0.0335516666666667,0.0257633333333333,0.021875,0.016205,0.0184266666666667,0.016215,0.0177533333333333,0.012855,0.0151133333333333,0.01363,0.009035,0.0140633333333333,0.00963666666666667,0.00546833333333333,0.0101633333333333,0.0102666666666667,0.00910333333333333,0.00472833333333333,0.005475,0.00750666666666667,0.00460166666666667,0.00203666666666667,0.00256,0.00544166666666667,0.004295,0.00535,0.00222666666666667,0.00288833333333333,0.00210666666666667,0.00220333333333333,0.001685,0.00166,0.00388166666666667,0.000946666666666667,0.000823333333333333,0.000888333333333333,0.000953333333333333,0.00101833333333333,0.00108333333333333,0.000325,0,1,0,0,0,0,0,0,1,1,1,1,1,1,1,1,1,1,1,1,1,1,1,1,1,1,1,1,1,1,1,1,1,1,1,1,1,1,1,1,1,1,1,1,1,1,1,1,1,1,1,1,1,1,1,1,1,1,1,1,1,1,1,1,1,1,1,1,1,1,1,1,1,1,1,1,1,1,1,1,0
2026-08-03 16:00:00,193.862939666667,0,0,0,0,0,0,0.293513333333333,9.86453,28.2629416666667,36.6310333333333,27.557745,21.1009366666667,18.2351816666667,17.20456,16.5248866666667,8.65265166666667,2.67216833333333,1.343575,0.727341666666667,0.546503333333333,0.458928333333333,0.411198333333333,0.41489,0.27677,0.18682,0.12811,0.104976666666667,0.0996216666666667,0.084835,0.0780266666666667,0.0728733333333333,0.0606283333333333,0.0547733333333333,0.0490166666666667,0.0508916666666667,0.0462166666666667,0.0452233333333333,0.0311483333333333,0.0345133333333333,0.0239166666666667,0.0175183333333333,0.0227066666666667,0.0205183333333333,0.0157233333333333,0.0145116666666667,0.0138866666666667,0.014975,0.0123366666666667,0.01304,0.00988166666666667,0.00957833333333333,0.00916166666666667,0.00949833333333333,0.006245,0.00794333333333333,0.00639333333333333,0.00539,0.00592833333333333,0.00505166666666667,0.00367166666666667,0.00379333333333333,0.002395,0.004415,0.00284833333333333,0.00296,0.003245,0.00279666666666667,0.00209166666666667,0.00272333333333333,0.00410333333333333,0.000973333333333333,0.00122166666666667,0.000886666666666667,0.000955,0.001025,0.00109666666666667,0.00116833333333333,0.000348333333333333,0,1,0,0,0,0,0,0,1,1,1,1,1,1,1,1,1,1,1,1,1,1,1,1,1,1,1,1,1,1,1,1,1,1,1,1,1,1,1,1,1,1,1,1,1,1,1,1,1,1,1,1,1,1,1,1,1,1,1,1,1,1,1,1,1,1,1,1,1,1,1,1,1,1,1,1,1,1,1,1,0
2026-08-03 17:00:00,205.752448,0,0,0,0,0,0,0.330645,10.76031,30.5559366666667,39.1970383333333,29.25029,22.3806583333333,19.5021733333333,18.2579833333333,17.57438,9.48696333333333,2.90641333333333,1.48152666666667,0.774983333333333,0.543426666666667,0.458685,0.427561666666667,0.437628333333333,0.301321666666667,0.205631666666667,0.142145,0.11576,0.107841666666667,0.0846216666666667,0.084895,0.0726516666666667,0.0801683333333333,0.0604183333333333,0.0597216666666667,0.05389,0.049,0.0421266666666667,0.03189,0.0323366666666667,0.0276266666666667,0.02671,0.0212266666666667,0.0199533333333333,0.0212883333333333,0.01309,0.0163533333333333,0.0168416666666667,0.0100266666666667,0.0121983333333333,0.00787166666666667,0.00846166666666667,0.00585666666666667,0.010855,0.00790666666666667,0.00699,0.005595,0.005505,0.00639333333333333,0.00587666666666667,0.00434666666666667,0.00208666666666667,0.005595,0.00199166666666667,0.002655,0.00238166666666667,0.00254166666666667,0.00252666666666667,0.000928333333333333,0.00131666666666667,0.00180666666666667,0.00056,0.00237,0.000633333333333333,0.000683333333333333,0.000733333333333333,0.000783333333333333,0.000833333333333333,0.00025,0,1,0,0,0,0,0,0,1,1,1,1,1,1,1,1,1,1,1,1,1,1,1,1,1,1,1,1,1,1,1,1,1,1,1,1,1,1,1,1,1,1,1,1,1,1,1,1,1,1,1,1,1,1,1,1,1,1,1,1,1,1,1,1,1,1,1,1,1,1,1,1,1,1,1,1,1,1,1,1,0
2026-08-03 18:00:00,185.8362165,0,0,0,0,0,0,0.28546,9.56698,27.1667416666667,35.1545033333333,26.62316,20.5906733333333,17.3411283333333,16.1048766666667,14.6789283333333,8.30171166666667,2.53146333333333,1.35169833333333,0.786716666666667,0.581065,0.516581666666667,0.546601666666667,0.509473333333333,0.383806666666667,0.268465,0.19232,0.20415,0.196245,0.160006666666667,0.183363333333333,0.142518333333333,0.148758333333333,0.132548333333333,0.104363333333333,0.123281666666667,0.101725,0.0956716666666667,0.0870466666666667,0.0733,0.049595,0.0450033333333333,0.03989,0.0362516666666667,0.03187,0.034895,0.0295816666666667,0.023715,0.0244216666666667,0.023725,0.0175633333333333,0.01828,0.0180766666666667,0.0194566666666667,0.0104616666666667,0.0182533333333333,0.01337,0.00937666666666667,0.00950666666666667,0.00578833333333333,0.0111666666666667,0.00635166666666667,0.00794,0.003895,0.00542666666666667,0.00622333333333333,0.00537333333333333,0.00337166666666667,0.00326333333333333,0.00386666666666667,0.00253833333333333,0.0046,0.00293666666666667,0.00183333333333333,0.00197166666666667,0.00211666666666667,0.00227166666666667,0.00242666666666667,0.000715,0,1,0,0,0,0,0,0,1,1,1,1,1,1,1,1,1,1,1,1,1,1,1,1,1,1,1,1,1,1,1,1,1,1,1,1,1,1,1,1,1,1,1,1,1,1,1,1,1,1,1,1,1,1,1,1,1,1,1,1,1,1,1,1,1,1,1,1,1,1,1,1,1,1,1,1,1,1,1,1,0
2026-08-03 19:00:00,162.020106216667,0,0,0,0,0,0,0.239528333333333,8.3143,23.9033316666667,30.6885116666667,23.540475,18.2767516666667,15.4054116666667,14.3538216666667,12.1387266666667,6.48375833333333,2.18631833333333,1.209995,0.701058333333333,0.53954,0.517735,0.579113333333333,0.49592,0.410316666666667,0.278813333333333,0.245003333333333,0.238131666666667,0.244193333333333,0.219675,0.248035,0.189665,0.188888333333333,0.184403333333333,0.156866666666667,0.148135,0.13834,0.135651666666667,0.11975,0.0979983333333333,0.0769533333333333,0.0610733333333333,0.0531033333333333,0.0483566666666667,0.0372233333333333,0.031175,0.03257,0.032155,0.0248716666666667,0.0283066666666667,0.0247333333333333,0.022625,0.0172283333333333,0.01886,0.0171383333333333,0.0124383333333333,0.0128466666666667,0.0128766666666667,0.0112033333333333,0.0132466666666667,0.00570833333333333,0.00991,0.00673,0.008715,0.00504333333333333,0.004995,0.004385,0.00365,0.00400833333333333,0.001715,0.00547166666666667,0.00253333333333333,0.000858333333333333,0.00177166666666667,0.00190666666666667,0.00204833333333333,0.00219333333333333,0.00234,0.000695,0,1,0,0,0,0,0,0,1,1,1,1,1,1,1,1,1,1,1,1,1,1,1,1,1,1,1,1,1,1,1,1,1,1,1,1,1,1,1,1,1,1,1,1,1,1,1,1,1,1,1,1,1,1,1,1,1,1,1,1,1,1,1,1,1,1,1,1,1,1,1,1,1,1,1,1,1,1,1,1,0
2026-08-03 20:00:00,161.46313405,0,0,0,0,0,0,0.231563333333333,7.967445,23.1552866666667,29.8487566666667,23.0383266666667,17.9954533333333,15.6486983333333,15.0972783333333,11.7160166666667,5.82983166666667,2.20915333333333,1.24804666666667,0.778381666666667,0.622396666666667,0.58952,0.669645,0.583071666666667,0.498056666666667,0.343013333333333,0.296723333333333,0.312768333333333,0.281748333333333,0.248548333333333,0.270991666666667,0.201665,0.259711666666667,0.192591666666667,0.172868333333333,0.168701666666667,0.171421666666667,0.146153333333333,0.136346666666667,0.113731666666667,0.0883583333333333,0.0601316666666667,0.0507016666666667,0.046265,0.0426283333333333,0.0425366666666667,0.0366133333333333,0.0364916666666667,0.026345,0.0237433333333333,0.0269016666666667,0.0222283333333333,0.0172266666666667,0.01383,0.0118333333333333,0.0132916666666667,0.00988833333333333,0.00869166666666667,0.00681833333333333,0.00881666666666667,0.00792166666666667,0.00635166666666667,0.00379,0.00383166666666667,0.00169333333333333,0.00484166666666667,0.00325833333333333,0.00183,0.00313166666666667,0.00278,0.000955,0.00146666666666667,0.002225,0.00095,0.00102333333333333,0.00109833333333333,0.001175,0.00125166666666667,0.000373333333333333,0,1,0,0,0,0,0,0,1,1,1,1,1,1,1,1,1,1,1,1,1,1,1,1,1,1,1,1,1,1,1,1,1,1,1,1,1,1,1,1,1,1,1,1,1,1,1,1,1,1,1,1,1,1,1,1,1,1,1,1,1,1,1,1,1,1,1,1,1,1,1,1,1,1,1,1,1,1,1,1,0
2026-08-03 21:00:00,168.484265866667,0,0,0,0,0,0,0.230438333333333,8.077755,23.42666,30.6184983333333,23.8679733333333,18.9489966666667,16.4020583333333,15.748495,12.2022766666667,5.88918,2.35465,1.27734833333333,0.833926666666667,0.685621666666667,0.614828333333333,0.71717,0.591411666666667,0.524505,0.370441666666667,0.309358333333333,0.333128333333333,0.325313333333333,0.278025,0.308731666666667,0.20888,0.2596,0.203506666666667,0.205855,0.195763333333333,0.147791666666667,0.146723333333333,0.136616666666667,0.112,0.07572,0.060195,0.0514166666666667,0.0436283333333333,0.03125,0.034165,0.0322633333333333,0.0270116666666667,0.025045,0.023405,0.02038,0.018475,0.01426,0.0126866666666667,0.0151266666666667,0.0137866666666667,0.00668833333333333,0.0084,0.00765333333333333,0.00585166666666667,0.00961166666666667,0.00497833333333333,0.00388666666666667,0.00298166666666667,0.00619666666666667,0.00295833333333333,0.00402666666666667,0.00280166666666667,0.00304,0.00251833333333333,0.00183333333333333,0.000653333333333333,0.00065,0.000696666666666667,0.000751666666666667,0.000806666666666667,0.000861666666666667,0.000916666666666667,0.000275,0,1,0,0,0,0,0,0,1,1,1,1,1,1,1,1,1,1,1,1,1,1,1,1,1,1,1,1,1,1,1,1,1,1,1,1,1,1,1,1,1,1,1,1,1,1,1,1,1,1,1,1,1,1,1,1,1,1,1,1,1,1,1,1,1,1,1,1,1,1,1,1,1,1,1,1,1,1,1,1,0
2026-08-03 22:00:00,184.115253483333,0,0,0,0,0,0,0.248906666666667,8.858285,26.0861233333333,34.08633,26.4124983333333,20.7588116666667,17.9552516666667,17.30978,13.37893,6.502675,2.57188333333333,1.34119666666667,0.833408333333333,0.676441666666667,0.641366666666667,0.709398333333333,0.632346666666667,0.512173333333333,0.373616666666667,0.307938333333333,0.31989,0.32737,0.277706666666667,0.320415,0.221235,0.240721666666667,0.211956666666667,0.205931666666667,0.196425,0.160011666666667,0.143876666666667,0.131626666666667,0.0907066666666667,0.07736,0.06882,0.0528816666666667,0.0411566666666667,0.0376216666666667,0.034335,0.028305,0.0236216666666667,0.0217216666666667,0.02017,0.0169066666666667,0.02156,0.0180266666666667,0.0172733333333333,0.0123516666666667,0.00963833333333333,0.00882333333333333,0.00487333333333333,0.00699333333333333,0.00896166666666667,0.00528,0.00270333333333333,0.005405,0.00450333333333333,0.00304,0.00211166666666667,0.00190666666666667,0.00211333333333333,0.000661666666666667,0.000435,0.001245,0.000986666666666667,0.00129333333333333,0.000633333333333333,0.000683333333333333,0.000733333333333333,0.000783333333333333,0.000833333333333333,0.00025,0,1,0,0,0,0,0,0,1,1,1,1,1,1,1,1,1,1,1,1,1,1,1,1,1,1,1,1,1,1,1,1,1,1,1,1,1,1,1,1,1,1,1,1,1,1,1,1,1,1,1,1,1,1,1,1,1,1,1,1,1,1,1,1,1,1,1,1,1,1,1,1,1,1,1,1,1,1,1,1,0
2026-08-03 23:00:00,241.779746283333,0,0,0,0,0,0,0.356425,11.9571833333333,35.391325,46.04079,35.23855,27.3597816666667,23.48277,22.10976,17.19768,8.36543333333333,3.25774166666667,1.63946833333333,0.995513333333333,0.773858333333333,0.70364,0.807236666666667,0.689065,0.558561666666667,0.402441666666667,0.314956666666667,0.31955,0.324725,0.260126666666667,0.293366666666667,0.208281666666667,0.237893333333333,0.190783333333333,0.175523333333333,0.177723333333333,0.155776666666667,0.134988333333333,0.11092,0.085095,0.0763516666666667,0.0567083333333333,0.04598,0.0412633333333333,0.02753,0.0303233333333333,0.0206766666666667,0.0240666666666667,0.02358,0.0205483333333333,0.01607,0.0161433333333333,0.0163116666666667,0.00981666666666667,0.013615,0.00730833333333333,0.0101566666666667,0.00682166666666667,0.00948333333333333,0.00476666666666667,0.005455,0.00355666666666667,0.00423333333333333,0.00277833333333333,0.00296333333333333,0.00126833333333333,0.00330833333333333,0.00265833333333333,0.001255,0.00147333333333333,0.00195833333333333,0.00154666666666667,0.00065,0.000696666666666667,0.000751666666666667,0.000806666666666667,0.000861666666666667,0.000916666666666667,0.000275,0,1,0,0,0,0,0,0,1,1,1,1,1,1,1,1,1,1,1,1,1,1,1,1,1,1,1,1,1,1,1,1,1,1,1,1,1,1,1,1,1,1,1,1,1,1,1,1,1,1,1,1,1,1,1,1,1,1,1,1,1,1,1,1,1,1,1,1,1,1,1,1,1,1,1,1,1,1,1,1,0
2026-08-04,238.66776965,0,0,0,0,0,0,0.376231666666667,12.3225616666667,35.932845,46.778125,35.1276833333333,26.9722066666667,23.0676266666667,21.7653216666667,17.6134683333333,8.22285666666667,3.13461,1.602,0.90299,0.73826,0.674245,0.722075,0.621523333333333,0.463183333333333,0.341721666666667,0.231638333333333,0.239556666666667,0.239953333333333,0.185045,0.213458333333333,0.154608333333333,0.163393333333333,0.13506,0.138085,0.126066666666667,0.114641666666667,0.09425,0.0762983333333333,0.0720966666666667,0.0430133333333333,0.0366866666666667,0.0334816666666667,0.0326916666666667,0.0291,0.0207183333333333,0.0213383333333333,0.0166183333333333,0.0166483333333333,0.0178583333333333,0.01305,0.01181,0.0138266666666667,0.0105366666666667,0.0109216666666667,0.00813333333333333,0.00962166666666667,0.006625,0.00378166666666667,0.00514833333333333,0.004,0.00588,0.00468833333333333,0.00217,0.00461833333333333,0.00365,0.00360333333333333,0.00196333333333333,0.00136666666666667,0.00126833333333333,0.00183333333333333,0.00329333333333333,0.00101,0.00101166666666667,0.00108666666666667,0.00116666666666667,0.00125166666666667,0.00134,0.000393333333333333,0,1,0,0,0,0,0,0,1,1,1,1,1,1,1,1,1,1,1,1,1,1,1,1,1,1,1,1,1,1,1,1,1,1,1,1,1,1,1,1,1,1,1,1,1,1,1,1,1,1,1,1,1,1,1,1,1,1,1,1,1,1,1,1,1,1,1,1,1,1,1,1,1,1,1,1,1,1,1,1,0
2026-08-04 01:00:00,237.537486783333,0,0,0,0,0,0,0.398678333333333,13.2327883333333,36.7164433333333,45.40327,34.4903966666667,25.9170116666667,22.5246816666667,20.8915133333333,19.0961416666667,8.88827166666667,3.21481,1.627955,0.897135,0.660111666666667,0.597355,0.601978333333333,0.55322,0.409775,0.295368333333333,0.202081666666667,0.174166666666667,0.167763333333333,0.128521666666667,0.16759,0.123256666666667,0.11779,0.0909016666666667,0.100281666666667,0.0911866666666667,0.0696,0.063405,0.0499366666666667,0.0466433333333333,0.034065,0.0251833333333333,0.0279966666666667,0.0268766666666667,0.01447,0.02208,0.01276,0.010985,0.014515,0.0129083333333333,0.00855,0.00623333333333333,0.00799666666666667,0.00826166666666667,0.01092,0.006515,0.00481166666666667,0.00728166666666667,0.00352833333333333,0.005305,0.00256333333333333,0.00426666666666667,0.003095,0.00328,0.00157833333333333,0.00130666666666667,0.000358333333333333,0.00252666666666667,0.00134666666666667,0.00026,0.000608333333333333,0.000573333333333333,0.000838333333333333,0.000506666666666667,0.000545,0.000585,0.000626666666666667,0.000668333333333333,0.000198333333333333,0,1,0,0,0,0,0,0,1,1,1,1,1,1,1,1,1,1,1,1,1,1,1,1,1,1,1,1,1,1,1,1,1,1,1,1,1,1,1,1,1,1,1,1,1,1,1,1,1,1,1,1,1,1,1,1,1,1,1,1,1,1,1,1,1,1,1,1,1,1,1,1,1,1,1,1,1,1,1,1,0
2026-08-04 02:00:00,237.637642916667,0,0,0,0,0,0,0.381416666666667,12.49112,34.9274083333333,43.8544083333333,33.5465233333333,25.7421266666667,22.7747733333333,21.2246766666667,20.973685,10.4857966666667,3.54578666666667,1.84956333333333,1.05957833333333,0.732138333333333,0.643935,0.658781666666667,0.589903333333333,0.398341666666667,0.289463333333333,0.19712,0.16921,0.161251666666667,0.148923333333333,0.142211666666667,0.112715,0.119225,0.0942366666666667,0.09201,0.0823033333333333,0.0795566666666667,0.07257,0.04796,0.04233,0.0354783333333333,0.023445,0.0249383333333333,0.024495,0.0226583333333333,0.01915,0.0171466666666667,0.0171266666666667,0.011765,0.011795,0.00784666666666667,0.00893833333333333,0.00840833333333333,0.00811,0.00797,0.00675333333333333,0.00887,0.00539,0.00759,0.00425166666666667,0.00495166666666667,0.00426666666666667,0.002245,0.00154166666666667,0.00127,0.00157666666666667,0.00113833333333333,0.000696666666666667,0.000418333333333333,0.00105666666666667,0.000955,0.00105333333333333,0.000296666666666667,0.000126666666666667,0.000136666666666667,0.000146666666666667,0.000156666666666667,0.000166666666666667,0.00005,0,1,0,0,0,0,0,0,1,1,1,1,1,1,1,1,1,1,1,1,1,1,1,1,1,1,1,1,1,1,1,1,1,1,1,1,1,1,1,1,1,1,1,1,1,1,1,1,1,1,1,1,1,1,1,1,1,1,1,1,1,1,1,1,1,1,1,1,1,1,1,1,1,1,1,1,1,1,1,1,0
2026-08-04 03:00:00,230.7296501,0,0,0,0,0,0,0.356721666666667,11.4538666666667,32.183885,40.129245,30.906585,24.7082683333333,22.771395,22.393835,22.4082466666667,10.8504883333333,4.03603333333333,2.03031,1.11196833333333,0.803813333333333,0.745716666666667,0.705613333333333,0.622641666666667,0.420045,0.289141666666667,0.201076666666667,0.166935,0.153685,0.127865,0.13174,0.103893333333333,0.111705,0.0918466666666667,0.0986816666666667,0.074915,0.0791033333333333,0.06794,0.06309,0.063835,0.0378383333333333,0.0236483333333333,0.0221983333333333,0.0272033333333333,0.0137,0.0205166666666667,0.0164816666666667,0.013725,0.0150066666666667,0.0168333333333333,0.01051,0.00854666666666667,0.00788,0.00935833333333333,0.00742333333333333,0.00614833333333333,0.00554,0.00751333333333333,0.003325,0.00217333333333333,0.00349333333333333,0.00317666666666667,0.00428333333333333,0.00267666666666667,0.00257833333333333,0.00242333333333333,0.002265,0.001675,0.001235,0.00193833333333333,0.00175666666666667,0.00048,0.00013,0.00038,0.000408333333333333,0.000438333333333333,0.00047,0.000501666666666667,0.000148333333333333,0,1,0,0,0,0,0,0,1,1,1,1,1,1,1,1,1,1,1,1,1,1,1,1,1,1,1,1,1,1,1,1,1,1,1,1,1,1,1,1,1,1,1,1,1,1,1,1,1,1,1,1,1,1,1,1,1,1,1,1,1,1,1,1,1,1,1,1,1,1,1,1,1,1,1,1,1,1,1,1,0
2026-08-04 04:00:00,224.723472133333,0,0,0,0,0,0,0.555345,11.41995,31.53015,39.2075433333333,30.4342233333333,23.9487183333333,22.1113733333333,21.792385,21.8006833333333,10.8695883333333,3.863645,1.995095,1.14669333333333,0.82268,0.71551,0.681765,0.636885,0.433511666666667,0.282221666666667,0.205293333333333,0.17198,0.15634,0.123426666666667,0.138265,0.111528333333333,0.110233333333333,0.09604,0.0941883333333333,0.0842916666666667,0.0824416666666667,0.0637933333333333,0.05863,0.055145,0.03983,0.03243,0.0258333333333333,0.024095,0.0273516666666667,0.0150166666666667,0.0205533333333333,0.0219766666666667,0.0172383333333333,0.0156383333333333,0.0101516666666667,0.0125933333333333,0.0100733333333333,0.00680333333333333,0.007095,0.00735,0.00881333333333333,0.007,0.00335166666666667,0.00394166666666667,0.00221333333333333,0.00208666666666667,0.00356833333333333,0.00397666666666667,0.00134666666666667,0.00169166666666667,0.002045,0.00113333333333333,0.00147833333333333,0.00087,0.000415,0.000413333333333333,0.000541666666666667,0.00038,0.00041,0.00044,0.00047,0.0005,0.00015,0,1,0,0,0,0,0,0,1,1,1,1,1,1,1,1,1,1,1,1,1,1,1,1,1,1,1,1,1,1,1,1,1,1,1,1,1,1,1,1,1,1,1,1,1,1,1,1,1,1,1,1,1,1,1,1,1,1,1,1,1,1,1,1,1,1,1,1,1,1,1,1,1,1,1,1,1,1,1,1,0
2026-08-04 05:00:00,218.684046416667,0,0,0,0,0,0,0.3425,11.0402816666667,30.6689233333333,38.03403,29.672495,23.297275,21.26221,20.886155,21.1553933333333,10.840805,3.77473333333333,1.91204333333333,1.05233166666667,0.80674,0.693143333333333,0.617851666666667,0.595375,0.411235,0.266835,0.177971666666667,0.164605,0.145633333333333,0.12134,0.124205,0.107616666666667,0.0986266666666667,0.0910883333333333,0.0746583333333333,0.0844866666666667,0.0625983333333333,0.0562683333333333,0.0539933333333333,0.0445916666666667,0.0334216666666667,0.0331533333333333,0.0239316666666667,0.0252883333333333,0.0246166666666667,0.0146916666666667,0.0199533333333333,0.0134266666666667,0.0130066666666667,0.012645,0.0129916666666667,0.00918333333333333,0.00542333333333333,0.00629,0.008295,0.00553,0.007655,0.00481666666666667,0.00352166666666667,0.00230666666666667,0.00256166666666667,0.00189666666666667,0.00163166666666667,0.00192833333333333,0.00211666666666667,0.00161333333333333,0.00127666666666667,0.000138333333333333,0.001255,0.000416666666666667,0.00083,0.0014,0.00112,0.000126666666666667,0.000136666666666667,0.000146666666666667,0.000156666666666667,0.000166666666666667,0.00005,0,1,0,0,0,0,0,0,1,1,1,1,1,1,1,1,1,1,1,1,1,1,1,1,1,1,1,1,1,1,1,1,1,1,1,1,1,1,1,1,1,1,1,1,1,1,1,1,1,1,1,1,1,1,1,1,1,1,1,1,1,1,1,1,1,1,1,1,1,1,1,1,1,1,1,1,1,1,1,1,0
2026-08-04 06:00:00,192.156965816667,0,0,0,0,0,0,0.307718333333333,9.47353166666667,26.1624783333333,32.7226183333333,25.5105816666667,20.3560733333333,18.5830033333333,18.28079,18.830435,11.2082533333333,3.53671666666667,1.77691666666667,0.981371666666667,0.720643333333333,0.626228333333333,0.584671666666667,0.526236666666667,0.377051666666667,0.219161666666667,0.168298333333333,0.134051666666667,0.118336666666667,0.0998466666666667,0.0982216666666667,0.10445,0.0790916666666667,0.0718933333333333,0.0658716666666667,0.0664916666666667,0.055565,0.0583016666666667,0.0437716666666667,0.0312166666666667,0.0278866666666667,0.031615,0.01683,0.0193383333333333,0.01569,0.0170483333333333,0.00932666666666667,0.0115033333333333,0.01243,0.011385,0.0130716666666667,0.0109966666666667,0.00546833333333333,0.010015,0.00454166666666667,0.00318,0.00406,0.00352666666666667,0.00389833333333333,0.00374333333333333,0.00331833333333333,0.002465,0.00404166666666667,0.003705,0.001695,0.000421666666666667,0.00154833333333333,0.00139833333333333,0.00167333333333333,0.000223333333333333,0.000608333333333333,0,0.000108333333333333,0.000316666666666667,0.000341666666666667,0.000366666666666667,0.000391666666666667,0.000416666666666667,0.000125,0,1,0,0,0,0,0,0,1,1,1,1,1,1,1,1,1,1,1,1,1,1,1,1,1,1,1,1,1,1,1,1,1,1,1,1,1,1,1,1,1,1,1,1,1,1,1,1,1,1,1,1,1,1,1,1,1,1,1,1,1,1,1,1,1,1,1,1,1,1,1,1,1,1,1,1,1,1,1,1,0
2026-08-04 07:00:00,134.124652216667,0,0,0,0,0,0,0.16208,6.25472166666667,18.0693416666667,23.60425,18.214135,14.4587333333333,12.8555666666667,12.6287933333333,12.4087616666667,8.13875666666667,2.38823333333333,1.26395833333333,0.67302,0.517361666666667,0.457786666666667,0.421143333333333,0.3746,0.270393333333333,0.170298333333333,0.112448333333333,0.115691666666667,0.105768333333333,0.0769833333333333,0.08538,0.0552733333333333,0.0697033333333333,0.060065,0.0564166666666667,0.0667383333333333,0.0457866666666667,0.0424916666666667,0.036705,0.0309966666666667,0.02062,0.019275,0.0198483333333333,0.0177583333333333,0.013075,0.013825,0.0158466666666667,0.00887666666666667,0.00832166666666667,0.00677666666666667,0.008115,0.00330333333333333,0.003785,0.006125,0.00360833333333333,0.00436833333333333,0.00410666666666667,0.001605,0.00538333333333333,0.003195,0.00392,0.00275,0.002805,0.00125666666666667,0.00127,0.000421666666666667,0.00112666666666667,0.000978333333333333,0.00209166666666667,0.0025,0,0.000413333333333333,0.00026,0.00076,0.000818333333333333,0.000878333333333333,0.00094,0.00100166666666667,0.000298333333333333,0,1,0,0,0,0,0,0,1,1,1,1,1,1,1,1,1,1,1,1,1,1,1,1,1,1,1,1,1,1,1,1,1,1,1,1,1,1,1,1,1,1,1,1,1,1,1,1,1,1,1,1,1,1,1,1,1,1,1,1,1,1,1,1,1,1,1,1,1,1,1,1,1,1,1,1,1,1,1,1,0
2026-08-04 08:00:00,102.2817053,0,0,0,0,0,0,0.136925,4.78672,13.9628966666667,18.29411,14.2602566666667,11.6679233333333,10.399875,10.2473966666667,8.50364666666667,4.45111166666667,1.66019833333333,0.853436666666667,0.490856666666667,0.380456666666667,0.336671666666667,0.330966666666667,0.298618333333333,0.226755,0.138588333333333,0.0898916666666667,0.0844283333333333,0.0861966666666667,0.0724583333333333,0.0757883333333333,0.0674633333333333,0.0654983333333333,0.0572433333333333,0.0505416666666667,0.0458783333333333,0.0398083333333333,0.037745,0.0300216666666667,0.0233483333333333,0.0233333333333333,0.0181933333333333,0.0134033333333333,0.01119,0.010145,0.0113516666666667,0.0122633333333333,0.009965,0.00714,0.00624333333333333,0.00596333333333333,0.00542666666666667,0.00337333333333333,0.00545166666666667,0.00469333333333333,0.00528,0.00408166666666667,0.00398333333333333,0.00492666666666667,0.0028,0.00324333333333333,0.00232333333333333,0.00215833333333333,0.002715,0.00211666666666667,0.002,0.00127666666666667,0.00223833333333333,0,0.000446666666666667,0.000801666666666667,0.00264,0.000773333333333333,0.000316666666666667,0.000341666666666667,0.000366666666666667,0.000391666666666667,0.000416666666666667,0.000125,0,1,0,0,0,0,0,0,1,1,1,1,1,1,1,1,1,1,1,1,1,1,1,1,1,1,1,1,1,1,1,1,1,1,1,1,1,1,1,1,1,1,1,1,1,1,1,1,1,1,1,1,1,1,1,1,1,1,1,1,1,1,1,1,1,1,1,1,1,1,1,1,1,1,1,1,1,1,1,1,0
2026-08-04 09:00:00,73.5280156666667,0,0,0,0,0,0,0.100788333333333,3.409205,10.23885,13.7142633333333,10.6968333333333,8.65389833333333,7.70480666666667,7.582575,5.75517833333333,2.65171666666667,1.058315,0.534345,0.307726666666667,0.262571666666667,0.231488333333333,0.230206666666667,0.214128333333333,0.143851666666667,0.103793333333333,0.0876516666666667,0.06987,0.0602066666666667,0.061255,0.0534466666666667,0.0467916666666667,0.0498616666666667,0.04361,0.04195,0.038015,0.04107,0.031475,0.02424,0.026275,0.0100133333333333,0.0103916666666667,0.0110066666666667,0.00985833333333333,0.009865,0.00723833333333333,0.005685,0.00715833333333333,0.00790333333333333,0.00435333333333333,0.00325333333333333,0.005965,0.003805,0.00449166666666667,0.001055,0.002625,0.00269,0.00260833333333333,0.00243666666666667,0.00194333333333333,0.00281333333333333,0.00275,0.000883333333333333,0.000976666666666667,0.00173166666666667,0.00130666666666667,0.000843333333333333,0,0.000418333333333333,0,0.000761666666666667,0.00048,0.00013,0.00038,0.00041,0.00044,0.00047,0.0005,0.00015,0,1,0,0,0,0,0,0,1,1,1,1,1,1,1,1,1,1,1,1,1,1,1,1,1,1,1,1,1,1,1,1,1,1,1,1,1,1,1,1,1,1,1,1,1,1,1,1,1,1,1,1,1,1,1,1,1,1,1,1,1,1,1,1,1,1,1,1,1,1,1,1,1,1,1,1,1,1,1,1,0
2026-08-04 10:00:00,69.9078937666667,0,0,0,0,0,0,0.08766,3.25762666666667,9.90589333333333,13.0638466666667,10.1599483333333,8.21409166666667,7.31961,7.25602333333333,4.93977833333333,2.09506833333333,0.853251666666667,0.462235,0.286156666666667,0.21163,0.187781666666667,0.199056666666667,0.180035,0.134946666666667,0.0841366666666667,0.0745483333333333,0.06018,0.073815,0.0480116666666667,0.05855,0.0481433333333333,0.0540116666666667,0.0543533333333333,0.0465983333333333,0.0434716666666667,0.03379,0.0324166666666667,0.0299266666666667,0.02091,0.0221433333333333,0.0124783333333333,0.00774333333333333,0.00732333333333333,0.00877333333333333,0.00893666666666667,0.00744166666666667,0.00665666666666667,0.00436666666666667,0.00693,0.00554166666666667,0.00505666666666667,0.00293833333333333,0.00326666666666667,0.00365333333333333,0.00567833333333333,0.00299833333333333,0.00166333333333333,0.002035,0.001745,0.001785,0.00166,0.00249666666666667,0.00334833333333333,0.00180833333333333,0.000806666666666667,0.00134,0,0.000816666666666667,0.000435,0,0.000413333333333333,0.00065,0.000696666666666667,0.000751666666666667,0.000806666666666667,0.000861666666666667,0.000916666666666667,0.000275,0,1,0,0,0,0,0,0,1,1,1,1,1,1,1,1,1,1,1,1,1,1,1,1,1,1,1,1,1,1,1,1,1,1,1,1,1,1,1,1,1,1,1,1,1,1,1,1,1,1,1,1,1,1,1,1,1,1,1,1,1,1,1,1,1,1,1,1,1,1,1,1,1,1,1,1,1,1,1,1,0
2026-08-04 11:00:00,64.75153195,0,0,0,0,0,0,0.0862016666666667,3.22538166666667,9.35066,12.23164,9.301205,7.52731666666667,6.71989,6.72561833333333,4.223945,1.83542666666667,0.73739,0.369271666666667,0.228293333333333,0.182588333333333,0.163163333333333,0.172533333333333,0.165525,0.117463333333333,0.0803633333333333,0.06294,0.062155,0.0651966666666667,0.048275,0.05698,0.0452883333333333,0.0473566666666667,0.0368716666666667,0.0363316666666667,0.0359816666666667,0.0376116666666667,0.0281666666666667,0.0222116666666667,0.0246,0.01288,0.014775,0.011455,0.00606166666666667,0.00495333333333333,0.00470333333333333,0.00688166666666667,0.003825,0.00422166666666667,0.00484166666666667,0.00230333333333333,0.00169333333333333,0.00337166666666667,0.00494833333333333,0.00148666666666667,0.00133,0.000911666666666667,0.00172,0.000803333333333333,0.00169,0.00135833333333333,0.00104333333333333,0.00056,0.000913333333333333,0.000846666666666667,0.0000383333333333333,0.000283333333333333,0.000138333333333333,0,0.00125,0.000415,0.00016,0.00034,0.000253333333333333,0.000273333333333333,0.000293333333333333,0.000313333333333333,0.000333333333333333,0.0001,0,1,0,0,0,0,0,0,1,1,1,1,1,1,1,1,1,1,1,1,1,1,1,1,1,1,1,1,1,1,1,1,1,1,1,1,1,1,1,1,1,1,1,1,1,1,1,1,1,1,1,1,1,1,1,1,1,1,1,1,1,1,1,1,1,1,1,1,1,1,1,1,1,1,1,1,1,1,1,1,0
2026-08-04 12:00:00,66.4794033166667,0,0,0,0,0,0,0.0978333333333333,3.20382166666667,9.35488166666667,12.2557533333333,9.61707833333333,7.77256666666667,7.27135333333333,7.30305666666667,4.38136666666667,2.000785,0.790175,0.42561,0.228441666666667,0.17709,0.16873,0.177903333333333,0.155951666666667,0.106405,0.07416,0.0626466666666667,0.0625183333333333,0.06844,0.053495,0.0487916666666667,0.0394733333333333,0.05113,0.04485,0.0427166666666667,0.03408,0.035345,0.027305,0.024795,0.01858,0.014885,0.0137983333333333,0.009075,0.00754,0.01123,0.00591166666666667,0.00544333333333333,0.00542,0.00453166666666667,0.00662333333333333,0.0029,0.00338666666666667,0.00291666666666667,0.002975,0.001875,0.00202666666666667,0.00051,0.00143333333333333,0.00315,0.000538333333333333,0.00128333333333333,0.00147,0.00151166666666667,0.00116,0.000538333333333333,0.000846666666666667,0.000421666666666667,0.000288333333333333,0.00053,0.000435,0,0,0.000173333333333333,0.000506666666666667,0.000543333333333333,0.000583333333333333,0.000626666666666667,0.00067,0.000196666666666667,0,1,0,0,0,0,0,0,1,1,1,1,1,1,1,1,1,1,1,1,1,1,1,1,1,1,1,1,1,1,1,1,1,1,1,1,1,1,1,1,1,1,1,1,1,1,1,1,1,1,1,1,1,1,1,1,1,1,1,1,1,1,1,1,1,1,1,1,1,1,1,1,1,1,1,1,1,1,1,1,0
2026-08-04 13:00:00,47.2525666166667,0,0,0,0,0,0,0.07022,2.40888166666667,7.04999,9.30677333333333,7.15757833333333,5.62395833333333,4.94283333333333,4.81962833333333,2.95732666666667,1.55120166666667,0.607516666666667,0.303275,0.185495,0.139463333333333,0.124288333333333,0.120983333333333,0.0996666666666667,0.0839783333333333,0.058875,0.0366483333333333,0.045135,0.0434283333333333,0.0343366666666667,0.046205,0.0291516666666667,0.0297,0.0290783333333333,0.0182083333333333,0.0208266666666667,0.0248966666666667,0.0167983333333333,0.018165,0.0144533333333333,0.01162,0.0105183333333333,0.00692,0.00586166666666667,0.00691,0.00920666666666667,0.00696,0.00497833333333333,0.00357166666666667,0.00486,0.00499833333333333,0.00256166666666667,0.00419166666666667,0.004305,0.002815,0.00593333333333333,0.00265166666666667,0.0033,0.003155,0.00148166666666667,0.00135833333333333,0.00203833333333333,0.003415,0.00135833333333333,0.00123166666666667,0.00165166666666667,0.00078,0.000558333333333333,0.00165333333333333,0.001715,0.00222166666666667,0.00164,0.00174833333333333,0.00076,0.000818333333333333,0.000878333333333333,0.00094,0.00100166666666667,0.000298333333333333,0,1,0,0,0,0,0,0,1,1,1,1,1,1,1,1,1,1,1,1,1,1,1,1,1,1,1,1,1,1,1,1,1,1,1,1,1,1,1,1,1,1,1,1,1,1,1,1,1,1,1,1,1,1,1,1,1,1,1,1,1,1,1,1,1,1,1,1,1,1,1,1,1,1,1,1,1,1,1,1,0
2026-08-04 14:00:00,30.6894721833333,0,0,0,0,0,0,0.0594333333333333,1.91912333333333,5.182835,6.40732166666667,4.66421833333333,3.46653333333333,2.77680666666667,2.58244666666667,1.45817666666667,0.836556666666667,0.33052,0.178245,0.122065,0.08613,0.0751416666666667,0.0763933333333333,0.0621416666666667,0.058115,0.04238,0.030655,0.0324766666666667,0.0336133333333333,0.0258583333333333,0.023835,0.0193783333333333,0.0230183333333333,0.022235,0.0175566666666667,0.01789,0.0195183333333333,0.0161433333333333,0.0128433333333333,0.00593166666666667,0.00691333333333333,0.006565,0.00607666666666667,0.005785,0.00547666666666667,0.00564,0.006215,0.00360333333333333,0.00320833333333333,0.00517166666666667,0.00292666666666667,0.00813166666666667,0.00419166666666667,0.00208833333333333,0.00332833333333333,0.00420833333333333,0.00208166666666667,0.00369666666666667,0.00269333333333333,0.00211833333333333,0.00306833333333333,0.00274833333333333,0.000985,0.002575,0.00127,0.00092,0.000705,0.000715,0.00108,0.00210333333333333,0.000763333333333333,0.00130833333333333,0.000216666666666667,0.000633333333333333,0.000683333333333333,0.000733333333333333,0.000783333333333333,0.000833333333333333,0.00025,0,1,0,0,0,0,0,0,1,1,1,1,1,1,1,1,1,1,1,1,1,1,1,1,1,1,1,1,1,1,1,1,1,1,1,1,1,1,1,1,1,1,1,1,1,1,1,1,1,1,1,1,1,1,1,1,1,1,1,1,1,1,1,1,1,1,1,1,1,1,1,1,1,1,1,1,1,1,1,1,0
2026-08-04 15:00:00,28.5860276666667,0,0,0,0,0,0,0.0531966666666667,1.62963333333333,4.49555833333333,5.39254333333333,4.13791833333333,3.179575,2.72790833333333,2.59861,1.63249,1.00704166666667,0.415951666666667,0.214281666666667,0.139198333333333,0.109281666666667,0.0994483333333333,0.0811533333333333,0.0864133333333333,0.04635,0.04324,0.032765,0.0376866666666667,0.0305766666666667,0.0228866666666667,0.0309266666666667,0.0175916666666667,0.0272266666666667,0.0170933333333333,0.0173516666666667,0.0161133333333333,0.0230583333333333,0.0177283333333333,0.0122466666666667,0.00982666666666667,0.00867666666666667,0.00887166666666667,0.00714333333333333,0.00658,0.00752833333333333,0.007545,0.00699166666666667,0.005415,0.00436833333333333,0.00517166666666667,0.00521833333333333,0.00451833333333333,0.00294,0.00336,0.002985,0.00185,0.00311833333333333,0.002265,0.00315166666666667,0.002525,0.00186166666666667,0.00208666666666667,0.00132333333333333,0.00324666666666667,0.00142333333333333,0.00119166666666667,0.00162333333333333,0.000846666666666667,0.00222333333333333,0.000416666666666667,0.000588333333333333,0.00056,0.000636666666666667,0.00038,0.00041,0.00044,0.00047,0.0005,0.00015,0,1,0,0,0,0,0,0,1,1,1,1,1,1,1,1,1,1,1,1,1,1,1,1,1,1,1,1,1,1,1,1,1,1,1,1,1,1,1,1,1,1,1,1,1,1,1,1,1,1,1,1,1,1,1,1,1,1,1,1,1,1,1,1,1,1,1,1,1,1,1,1,1,1,1,1,1,1,1,1,0
2026-08-04 16:00:00,23.0609503833333,0,0,0,0,0,0,0.04605,1.46755,3.953635,4.51031,3.195065,2.45128,2.12685,2.1481,1.33048166666667,0.879873333333333,0.3392,0.187315,0.101315,0.0804233333333333,0.0668666666666667,0.07189,0.0529966666666667,0.0506116666666667,0.033905,0.0297033333333333,0.0232483333333333,0.0266866666666667,0.01909,0.0251016666666667,0.015455,0.019175,0.0155416666666667,0.00941833333333333,0.01366,0.010345,0.00809166666666667,0.00592166666666667,0.00501666666666667,0.00482666666666667,0.00547666666666667,0.00472,0.003685,0.00590833333333333,0.00185833333333333,0.00445,0.004765,0.00339166666666667,0.0042,0.00272166666666667,0.00258,0.00289333333333333,0.00270833333333333,0.00259,0.002915,0.00139333333333333,0.00163333333333333,0.00180333333333333,0.002745,0.00239,0.00189666666666667,0.00173333333333333,0.000628333333333333,0.00157833333333333,0.000883333333333333,0.000075,0.00042,0.000418333333333333,0.000416666666666667,0,0.000826666666666667,0.000151666666666667,0.000443333333333333,0.000478333333333333,0.000513333333333333,0.000548333333333333,0.000583333333333333,0.000175,0,1,0,0,0,0,0,0,1,1,1,1,1,1,1,1,1,1,1,1,1,1,1,1,1,1,1,1,1,1,1,1,1,1,1,1,1,1,1,1,1,1,1,1,1,1,1,1,1,1,1,1,1,1,1,1,1,1,1,1,1,1,1,1,1,1,1,1,1,1,1,1,1,1,1,1,1,1,1,1,0
2026-08-04 17:00:00,45.0556650333333,0,0,0,0,0,0,0.07127,2.45802166666667,7.08120666666667,8.81363166666667,6.58093,4.86587666666667,4.25782333333333,3.91955166666667,2.42482833333333,1.34590666666667,0.663188333333333,0.382163333333333,0.245206666666667,0.195361666666667,0.166868333333333,0.167706666666667,0.13149,0.103411666666667,0.07759,0.0671233333333333,0.05582,0.05672,0.039515,0.0422066666666667,0.0306116666666667,0.031965,0.0284233333333333,0.0236716666666667,0.0223616666666667,0.01666,0.014855,0.015875,0.01392,0.00769333333333333,0.00722333333333333,0.00541,0.004865,0.004855,0.006,0.00442833333333333,0.00390666666666667,0.00293666666666667,0.00532166666666667,0.00190833333333333,0.000846666666666667,0.00298666666666667,0.00233333333333333,0.00278166666666667,0.002625,0.00225833333333333,0.00166333333333333,0.00172,0.00146,0.001535,0.000853333333333333,0.00117333333333333,0.000488333333333333,0.00123166666666667,0.00134333333333333,0.000843333333333333,0.000708333333333333,0.000928333333333333,0.0000366666666666667,0.00100333333333333,0.0004,0.000838333333333333,0.000506666666666667,0.000546666666666667,0.000586666666666667,0.000626666666666667,0.000666666666666667,0.0002,0,1,0,0,0,0,0,0,1,1,1,1,1,1,1,1,1,1,1,1,1,1,1,1,1,1,1,1,1,1,1,1,1,1,1,1,1,1,1,1,1,1,1,1,1,1,1,1,1,1,1,1,1,1,1,1,1,1,1,1,1,1,1,1,1,1,1,1,1,1,1,1,1,1,1,1,1,1,1,1,0
2026-08-04 18:00:00,196.618654933333,0,0,0,0,0,0,0.272515,9.13611333333333,27.3045216666667,35.5033916666667,27.8546033333333,21.7213683333333,19.03237,16.936365,13.241665,7.891475,4.29109166666667,2.53922166666667,1.730025,1.26651666666667,1.022575,0.880036666666667,0.705933333333333,0.552181666666667,0.464145,0.376443333333333,0.323666666666667,0.254815,0.21609,0.20373,0.16377,0.13299,0.115753333333333,0.101381666666667,0.0849133333333333,0.0654016666666667,0.0488366666666667,0.0385466666666667,0.0311566666666667,0.0253833333333333,0.02585,0.0185183333333333,0.0159633333333333,0.0112733333333333,0.0101433333333333,0.0102133333333333,0.0128833333333333,0.00676,0.00700333333333333,0.006675,0.00299166666666667,0.00125333333333333,0.00465666666666667,0.00169,0.00298333333333333,0.00327333333333333,0.001405,0.00191833333333333,0.000658333333333333,0.00153333333333333,0.00232333333333333,0.00056,0.000101666666666667,0,0.00169166666666667,0.00112666666666667,0.001135,0.000681666666666667,0.00125,0.00100333333333333,0.000653333333333333,0.000065,0.00019,0.000205,0.00022,0.000235,0.00025,0.000075,0,1,0,0,0,0,0,0,1,1,1,1,1,1,1,1,1,1,1,1,1,1,1,1,1,1,1,1,1,1,1,1,1,1,1,1,1,1,1,1,1,1,1,1,1,1,1,1,1,1,1,1,1,1,1,1,1,1,1,1,1,1,1,1,1,1,1,1,1,1,1,1,1,1,1,1,1,1,1,1,0
2026-08-04 19:00:00,105.153432466667,0,0,0,0,0,0,0.173043333333333,5.81835666666667,15.676045,19.4797033333333,14.5884783333333,11.3314166666667,9.82946,8.74335333333333,6.84973166666667,4.37509,2.47923,1.43725333333333,1.00013333333333,0.688418333333333,0.571766666666667,0.492066666666667,0.4151,0.317815,0.253705,0.194256666666667,0.185455,0.1572,0.136323333333333,0.125588333333333,0.11799,0.0936416666666667,0.0866216666666667,0.06126,0.062755,0.053845,0.0399583333333333,0.0335716666666667,0.0235783333333333,0.02221,0.0205733333333333,0.01251,0.01101,0.00962,0.00753166666666667,0.00643833333333333,0.003185,0.00806333333333333,0.00404666666666667,0.00273666666666667,0.00342666666666667,0.00207333333333333,0.00084,0.00205166666666667,0.00222833333333333,0.00228166666666667,0.000573333333333333,0.00111833333333333,0.000428333333333333,0.000853333333333333,0.000426666666666667,0.000425,0.000425,0,0.000423333333333333,0.000421666666666667,0.00042,0,0,0,0,0.0000433333333333333,0.000126666666666667,0.000135,0.000145,0.000156666666666667,0.000168333333333333,0.0000483333333333333,0,1,0,0,0,0,0,0,1,1,1,1,1,1,1,1,1,1,1,1,1,1,1,1,1,1,1,1,1,1,1,1,1,1,1,1,1,1,1,1,1,1,1,1,1,1,1,1,1,1,1,1,1,1,1,1,1,1,1,1,1,1,1,1,1,1,1,1,1,1,1,1,1,1,1,1,1,1,1,1,0
2026-08-04 20:00:00,59.02188925,0,0,0,0,0,0,0.113965,3.51788666666667,9.12796333333333,10.6832866666667,8.07892333333333,6.09083166666667,5.28141833333333,4.89216833333333,3.82906166666667,2.49106,1.356685,0.833323333333333,0.549075,0.467761666666667,0.391436666666667,0.325186666666667,0.291241666666667,0.229811666666667,0.177613333333333,0.150513333333333,0.127155,0.118278333333333,0.0921166666666667,0.0982383333333333,0.081625,0.0715983333333333,0.0594566666666667,0.0455866666666667,0.04828,0.044815,0.0352166666666667,0.0283516666666667,0.0221183333333333,0.0169933333333333,0.00866166666666667,0.0140466666666667,0.0103266666666667,0.00519833333333333,0.00523,0.00455833333333333,0.00346333333333333,0.002465,0.00425333333333333,0.00202166666666667,0.00371333333333333,0.000843333333333333,0.00158666666666667,0.00134666666666667,0.00257,0.00102166666666667,0.001835,0.000258333333333333,0.00146,0.00068,0.000426666666666667,0.000323333333333333,0.000488333333333333,0.00130833333333333,0,0,0,0.000418333333333333,0,0,0,0.0000433333333333333,0.000126666666666667,0.000136666666666667,0.000146666666666667,0.000156666666666667,0.000166666666666667,0.00005,0,1,0,0,0,0,0,0,1,1,1,1,1,1,1,1,1,1,1,1,1,1,1,1,1,1,1,1,1,1,1,1,1,1,1,1,1,1,1,1,1,1,1,1,1,1,1,1,1,1,1,1,1,1,1,1,1,1,1,1,1,1,1,1,1,1,1,1,1,1,1,1,1,1,1,1,1,1,1,1,0
2026-08-04 21:00:00,29.4984224333333,0,0,0,0,0,0,0.0535883333333333,1.73315666666667,4.54259833333333,5.44061666666667,4.066065,3.112665,2.61687333333333,2.561315,1.60815166666667,0.9601,0.52159,0.298353333333333,0.211673333333333,0.165991666666667,0.165546666666667,0.183336666666667,0.157591666666667,0.126625,0.117031666666667,0.0822566666666667,0.0789016666666667,0.0721133333333333,0.0624716666666667,0.0651283333333333,0.0624116666666667,0.0515083333333333,0.0446766666666667,0.0425083333333333,0.03571,0.0302516666666667,0.0283283333333333,0.0204,0.0204683333333333,0.0117433333333333,0.012905,0.008895,0.011655,0.00504666666666667,0.00594666666666667,0.00470666666666667,0.00730333333333333,0.00415166666666667,0.00407333333333333,0.00396833333333333,0.00351166666666667,0.00248333333333333,0.00131833333333333,0.00250166666666667,0.000898333333333333,0.00094,0.000573333333333333,0.00154833333333333,0.000778333333333333,0.000503333333333333,0.00104333333333333,0.000661666666666667,0,0.001655,0.000385,0.000075,0.000996666666666667,0.000263333333333333,0,0,0,0.000433333333333333,0.0000633333333333333,0.0000683333333333333,0.0000733333333333333,0.0000783333333333333,0.0000833333333333333,0.000025,0,1,0,0,0,0,0,0,1,1,1,1,1,1,1,1,1,1,1,1,1,1,1,1,1,1,1,1,1,1,1,1,1,1,1,1,1,1,1,1,1,1,1,1,1,1,1,1,1,1,1,1,1,1,1,1,1,1,1,1,1,1,1,1,1,1,1,1,1,1,1,1,1,1,1,1,1,1,1,1,0
2026-08-04 22:00:00,24.6268162,0,0,0,0,0,0,0.0352016666666667,1.35648666666667,3.77721833333333,4.76019,3.447755,2.48669666666667,2.18889833333333,2.061585,1.15569,0.655923333333333,0.338423333333333,0.206215,0.13164,0.124775,0.126736666666667,0.160275,0.138948333333333,0.131101666666667,0.108263333333333,0.08409,0.0976266666666667,0.0861133333333333,0.077465,0.0728283333333333,0.0662733333333333,0.075845,0.0647733333333333,0.0508266666666667,0.0437216666666667,0.0376233333333333,0.0309033333333333,0.0238666666666667,0.0242666666666667,0.0160766666666667,0.0153233333333333,0.0166083333333333,0.0135166666666667,0.00846833333333333,0.00796666666666667,0.00687333333333333,0.00332333333333333,0.00605166666666667,0.00499,0.00279,0.00297166666666667,0.00294,0.00295166666666667,0.00212166666666667,0.00222666666666667,0.00185166666666667,0.000573333333333333,0.000686666666666667,0,0.000855,0,0.00117333333333333,0.000526666666666667,0,0.000421666666666667,0,0,0.000398333333333333,0.0000183333333333333,0,0,0.0000433333333333333,0.000126666666666667,0.000136666666666667,0.000146666666666667,0.000156666666666667,0.000166666666666667,0.00005,0,1,0,0,0,0,0,0,1,1,1,1,1,1,1,1,1,1,1,1,1,1,1,1,1,1,1,1,1,1,1,1,1,1,1,1,1,1,1,1,1,1,1,1,1,1,1,1,1,1,1,1,1,1,1,1,1,1,1,1,1,1,1,1,1,1,1,1,1,1,1,1,1,1,1,1,1,1,1,1,0
2026-08-04 23:00:00,24.4707961,0,0,0,0,0,0,0.0335683333333333,1.41868833333333,4.24445333333333,5.05157666666667,3.46055333333333,2.40343166666667,1.89965333333333,1.72320666666667,1.08009,0.656596666666667,0.319748333333333,0.207241666666667,0.15361,0.131901666666667,0.139428333333333,0.15334,0.157195,0.13816,0.124418333333333,0.103116666666667,0.100208333333333,0.0877633333333333,0.090905,0.0939233333333333,0.0700333333333333,0.068105,0.0652333333333333,0.0599283333333333,0.0513383333333333,0.0470433333333333,0.03392,0.0265866666666667,0.0156683333333333,0.0163166666666667,0.02013,0.015605,0.00988166666666667,0.00579166666666667,0.00727333333333333,0.00595833333333333,0.00411166666666667,0.00467666666666667,0.00532333333333333,0.00368333333333333,0.00208333333333333,0.001275,0.00154,0.00184833333333333,0.0000883333333333333,0.000458333333333333,0.000831666666666667,0.000858333333333333,0.000428333333333333,0.00128,0.000426666666666667,0,0.00085,0,0.000423333333333333,0,0.000288333333333333,0.000131666666666667,0,0,0.000413333333333333,0.000065,0.00019,0.000205,0.00022,0.000235,0.00025,0.000075,0,1,0,0,0,0,0,0,1,1,1,1,1,1,1,1,1,1,1,1,1,1,1,1,1,1,1,1,1,1,1,1,1,1,1,1,1,1,1,1,1,1,1,1,1,1,1,1,1,1,1,1,1,1,1,1,1,1,1,1,1,1,1,1,1,1,1,1,1,1,1,1,1,1,1,1,1,1,1,1,0
2026-08-05,61.6883465833333,0,0,0,0,0,0,0.0872033333333333,3.28950666666667,9.50324166666667,11.782475,8.73470166666667,6.27052833333333,4.99950666666667,4.353275,3.31152666666667,2.26912666666667,1.27070666666667,0.814911666666667,0.580726666666667,0.481325,0.406001666666667,0.37999,0.343158333333333,0.305523333333333,0.245241666666667,0.195971666666667,0.220496666666667,0.175718333333333,0.16027,0.13975,0.143381666666667,0.133646666666667,0.111455,0.09743,0.0808816666666667,0.0737333333333333,0.0604016666666667,0.0451266666666667,0.030975,0.0285566666666667,0.0240866666666667,0.017955,0.0116516666666667,0.0112983333333333,0.0121083333333333,0.00577,0.0135416666666667,0.00598166666666667,0.00749333333333333,0.004075,0.00305666666666667,0.00337333333333333,0.00204166666666667,0.00221,0.00052,0.00131833333333333,0.000831666666666667,0,0.000856666666666667,0.000428333333333333,0.00166,0.00217333333333333,0.00123666666666667,0.0000383333333333333,0.000846666666666667,0.000283333333333333,0.000558333333333333,0.000836666666666667,0,0,0.000413333333333333,0.0000216666666666667,0.0000633333333333333,0.0000683333333333333,0.0000733333333333333,0.0000783333333333333,0.0000833333333333333,0.000025,0,1,0,0,0,0,0,0,1,1,1,1,1,1,1,1,1,1,1,1,1,1,1,1,1,1,1,1,1,1,1,1,1,1,1,1,1,1,1,1,1,1,1,1,1,1,1,1,1,1,1,1,1,1,1,1,1,1,1,1,1,1,1,1,1,1,1,1,1,1,1,1,1,1,1,1,1,1,1,1,0
2026-08-05 01:00:00,100.637237,0,0,0,0,0,0,0.152618333333333,5.19346833333333,15.103465,18.9589983333333,14.4452116666667,10.6774666666667,8.48820333333333,7.15954666666667,5.85247666666667,3.92019666666667,2.25288333333333,1.51389666666667,1.08582333333333,0.79372,0.639971666666667,0.545696666666667,0.501016666666667,0.445236666666667,0.368575,0.304915,0.290473333333333,0.25869,0.21409,0.210135,0.163336666666667,0.154551666666667,0.128775,0.11914,0.0991833333333333,0.08746,0.066495,0.0510316666666667,0.04336,0.0321383333333333,0.024535,0.0203283333333333,0.018585,0.01276,0.0137516666666667,0.01012,0.00861333333333333,0.00705,0.007005,0.00424166666666667,0.002435,0.00125333333333333,0.00245,0.00134666666666667,0.00095,0.00131833333333333,0.00126166666666667,0.000746666666666667,0.001745,0.000931666666666667,0.000853333333333333,0.000323333333333333,0.000951666666666667,0.000385,0.0000383333333333333,0.000283333333333333,0.000426666666666667,0.000131666666666667,0,0,0,0.000455,0.000126666666666667,0.000136666666666667,0.000146666666666667,0.000156666666666667,0.000166666666666667,0.00005,0,1,0,0,0,0,0,0,1,1,1,1,1,1,1,1,1,1,1,1,1,1,1,1,1,1,1,1,1,1,1,1,1,1,1,1,1,1,1,1,1,1,1,1,1,1,1,1,1,1,1,1,1,1,1,1,1,1,1,1,1,1,1,1,1,1,1,1,1,1,1,1,1,1,1,1,1,1,1,1,0
2026-08-05 02:00:00,56.65496195,0,0,0,0,0,0,0.0843666666666667,2.84054333333333,8.32021,10.6870616666667,8.16232166666667,5.91994,4.76976666666667,4.07062166666667,3.486475,2.329265,1.20581666666667,0.752918333333333,0.579633333333333,0.413893333333333,0.378616666666667,0.308288333333333,0.300553333333333,0.243218333333333,0.206995,0.181578333333333,0.157693333333333,0.156283333333333,0.133323333333333,0.12843,0.115148333333333,0.11295,0.0885233333333333,0.0784716666666667,0.0633983333333333,0.0568883333333333,0.04902,0.0307266666666667,0.0258333333333333,0.020785,0.0200366666666667,0.0129483333333333,0.01165,0.00833833333333333,0.008315,0.00649333333333333,0.006225,0.00489333333333333,0.005395,0.00238333333333333,0.00381666666666667,0.00168666666666667,0.00163333333333333,0.000571666666666667,0.001295,0.00134666666666667,0.00114666666666667,0.00169166666666667,0.00225166666666667,0.00128333333333333,0,0,0,0,0,0.000283333333333333,0.000138333333333333,0,0,0,0,0.0000433333333333333,0.000126666666666667,0.000136666666666667,0.000146666666666667,0.000156666666666667,0.000166666666666667,0.00005,0,1,0,0,0,0,0,0,1,1,1,1,1,1,1,1,1,1,1,1,1,1,1,1,1,1,1,1,1,1,1,1,1,1,1,1,1,1,1,1,1,1,1,1,1,1,1,1,1,1,1,1,1,1,1,1,1,1,1,1,1,1,1,1,1,1,1,1,1,1,1,1,1,1,1,1,1,1,1,1,0
2026-08-05 03:00:00,46.5926515833333,0,0,0,0,0,0,0.0671916666666667,2.23246,6.63212333333333,8.71391333333333,6.99776166666667,5.11147,4.102485,3.48017833333333,2.99021666666667,1.867975,0.897996666666667,0.576998333333333,0.405203333333333,0.319403333333333,0.257845,0.243306666666667,0.22145,0.214281666666667,0.161186666666667,0.126826666666667,0.113935,0.131391666666667,0.09889,0.0936383333333333,0.0881816666666667,0.084255,0.0692366666666667,0.0518016666666667,0.05582,0.0413533333333333,0.0304683333333333,0.0328833333333333,0.0236633333333333,0.0172066666666667,0.0139166666666667,0.00798666666666667,0.01082,0.00660166666666667,0.00474,0.00337833333333333,0.003685,0.00366166666666667,0.0041,0.00360333333333333,0.00344833333333333,0.00335,0.00120166666666667,0.00100333333333333,0.000431666666666667,0.0000283333333333333,0.000573333333333333,0.00229166666666667,0.000888333333333333,0.000503333333333333,0.000853333333333333,0.000748333333333333,0.000913333333333333,0.0000383333333333333,0,0,0,0,0,0,0,0,0,0,0,0,0,0,0,1,0,0,0,0,0,0,1,1,1,1,1,1,1,1,1,1,1,1,1,1,1,1,1,1,1,1,1,1,1,1,1,1,1,1,1,1,1,1,1,1,1,1,1,1,1,1,1,1,1,1,1,1,1,1,1,1,1,1,1,1,1,1,1,1,1,1,1,1,1,1,1,1,1,1,1,1,1,1,0
2026-08-05 04:00:00,44.8411762166667,0,0,0,0,0,0,0.0566266666666667,2.09383166666667,6.47808166666667,8.49042666666667,6.842695,5.02365166666667,4.05574666666667,3.43313,2.88062666666667,1.76256833333333,0.806155,0.521148333333333,0.335048333333333,0.27859,0.233555,0.201085,0.195503333333333,0.162545,0.133251666666667,0.10913,0.107973333333333,0.09595,0.0935866666666667,0.0908483333333333,0.0674733333333333,0.0586716666666667,0.057205,0.052035,0.0519983333333333,0.0439483333333333,0.0229083333333333,0.02018,0.0162083333333333,0.0132783333333333,0.01346,0.00715166666666667,0.00927666666666667,0.00706833333333333,0.00667,0.00614333333333333,0.004835,0.00366166666666667,0.00274666666666667,0.002315,0.002125,0.000866666666666667,0.00172666666666667,0.000863333333333333,0,0.00086,0.00086,0,0.000778333333333333,0.000503333333333333,0,0,0,0,0,0.000421666666666667,0,0,0.000416666666666667,0,0,0,0,0,0,0,0,0,0,1,0,0,0,0,0,0,1,1,1,1,1,1,1,1,1,1,1,1,1,1,1,1,1,1,1,1,1,1,1,1,1,1,1,1,1,1,1,1,1,1,1,1,1,1,1,1,1,1,1,1,1,1,1,1,1,1,1,1,1,1,1,1,1,1,1,1,1,1,1,1,1,1,1,1,1,1,1,1,0
2026-08-05 05:00:00,40.1072755,0,0,0,0,0,0,0.0612433333333333,1.96734833333333,5.83855333333333,7.54649,6.03673,4.55704166666667,3.68303,3.12479166666667,2.79483166666667,1.57331666666667,0.618043333333333,0.39287,0.280023333333333,0.206573333333333,0.187071666666667,0.16803,0.159546666666667,0.128603333333333,0.110245,0.101423333333333,0.0922416666666667,0.0876016666666667,0.0717966666666667,0.077545,0.065,0.0630366666666667,0.059135,0.0468833333333333,0.0394716666666667,0.040185,0.03136,0.025825,0.0169433333333333,0.0117233333333333,0.0106333333333333,0.00839166666666667,0.00638,0.00554,0.005105,0.00484666666666667,0.00426833333333333,0.00451166666666667,0.00346,0.00168333333333333,0.00367166666666667,0.00212,0.002905,0.00014,0.000378333333333333,0.000911666666666667,0.000601666666666667,0.000688333333333333,0.000428333333333333,0.000428333333333333,0.000426666666666667,0,0,0,0.000423333333333333,0,0,0,0,0,0,0.0000216666666666667,0.0000633333333333333,0.0000683333333333333,0.0000733333333333333,0.0000783333333333333,0.0000833333333333333,0.000025,0,1,0,0,0,0,0,0,1,1,1,1,1,1,1,1,1,1,1,1,1,1,1,1,1,1,1,1,1,1,1,1,1,1,1,1,1,1,1,1,1,1,1,1,1,1,1,1,1,1,1,1,1,1,1,1,1,1,1,1,1,1,1,1,1,1,1,1,1,1,1,1,1,1,1,1,1,1,1,1,0
2026-08-05 06:00:00,48.88299645,0,0,0,0,0,0,0.0769616666666667,2.49870666666667,7.15126833333333,9.33011666666667,7.32671666666667,5.5321,4.55304,3.88486666666667,3.46108666666667,1.86991833333333,0.702968333333333,0.401973333333333,0.257636666666667,0.196066666666667,0.173255,0.174948333333333,0.177798333333333,0.13963,0.12028,0.094055,0.07915,0.0793733333333333,0.0753466666666667,0.073565,0.0642383333333333,0.0689416666666667,0.0524283333333333,0.05266,0.0486266666666667,0.0335516666666667,0.03116,0.0240333333333333,0.01847,0.0161466666666667,0.00867166666666667,0.00948166666666667,0.00840333333333333,0.00662666666666667,0.00417333333333333,0.00448166666666667,0.00491833333333333,0.005835,0.0015,0.00277833333333333,0.00251833333333333,0.00166333333333333,0.00161,0.000915,0.00219166666666667,0.00134166666666667,0.00232166666666667,0.00106,0.000483333333333333,0.000428333333333333,0.000426666666666667,0.000323333333333333,0.000526666666666667,0.000385,0.0000383333333333333,0.000421666666666667,0,0,0,0.000415,0,0.0000216666666666667,0.0000633333333333333,0.0000683333333333333,0.0000733333333333333,0.0000783333333333333,0.0000833333333333333,0.000025,0,1,0,0,0,0,0,0,1,1,1,1,1,1,1,1,1,1,1,1,1,1,1,1,1,1,1,1,1,1,1,1,1,1,1,1,1,1,1,1,1,1,1,1,1,1,1,1,1,1,1,1,1,1,1,1,1,1,1,1,1,1,1,1,1,1,1,1,1,1,1,1,1,1,1,1,1,1,1,1,0
2026-08-05 07:00:00,61.9496023333333,0,0,0,0,0,0,0.110336666666667,3.70991833333333,10.1869883333333,12.0359633333333,8.93980666666667,6.56863,5.54954,5.004745,4.517735,2.10295166666667,0.768451666666667,0.413236666666667,0.270183333333333,0.20409,0.185931666666667,0.189728333333333,0.187318333333333,0.143978333333333,0.122325,0.0905033333333333,0.0808,0.081755,0.06766,0.07385,0.06721,0.0708416666666667,0.067695,0.0596166666666667,0.0499233333333333,0.0468083333333333,0.0396616666666667,0.033035,0.0229,0.01769,0.0142433333333333,0.013215,0.0112233333333333,0.0121433333333333,0.00848833333333333,0.00704666666666667,0.00541666666666667,0.00784666666666667,0.00606166666666667,0.00250833333333333,0.00375666666666667,0.00166333333333333,0.00201833333333333,0.00264166666666667,0.00176,0.00137,0.002895,0.000946666666666667,0.00103166666666667,0.000251666666666667,0.00128,0,0,0.000808333333333333,0.0000383333333333333,0,0,0,0,0,0,0.000433333333333333,0.0000633333333333333,0.0000683333333333333,0.0000733333333333333,0.0000783333333333333,0.0000833333333333333,0.000025,0,1,0,0,0,0,0,0,1,1,1,1,1,1,1,1,1,1,1,1,1,1,1,1,1,1,1,1,1,1,1,1,1,1,1,1,1,1,1,1,1,1,1,1,1,1,1,1,1,1,1,1,1,1,1,1,1,1,1,1,1,1,1,1,1,1,1,1,1,1,1,1,1,1,1,1,1,1,1,1,0
2026-08-05 08:00:00,52.8212131166667,0,0,0,0,0,0,0.102413333333333,3.25270333333333,8.953525,10.3993116666667,7.17445833333333,5.44202666666667,4.62980333333333,4.44122833333333,3.70895666666667,1.67565333333333,0.695498333333333,0.375981666666667,0.237628333333333,0.174231666666667,0.181835,0.23138,0.188921666666667,0.141053333333333,0.121948333333333,0.0910083333333333,0.0866916666666667,0.100403333333333,0.081045,0.0801466666666667,0.0643133333333333,0.07639,0.0541683333333333,0.05332,0.04704,0.0357183333333333,0.037705,0.030595,0.0204516666666667,0.0212033333333333,0.0169583333333333,0.0103116666666667,0.0127433333333333,0.0123233333333333,0.014755,0.00974833333333333,0.00969333333333333,0.00705,0.00778833333333333,0.00601333333333333,0.003365,0.00332666666666667,0.003675,0.002175,0.00280166666666667,0.00268833333333333,0.00114666666666667,0.000946666666666667,0.00146,0.000678333333333333,0,0.001275,0.00085,0.000808333333333333,0.00157833333333333,0.001415,0.00084,0.000398333333333333,0.000435,0.000415,0.00016,0.000795,0.00038,0.00041,0.00044,0.00047,0.0005,0.00015,0,1,0,0,0,0,0,0,1,1,1,1,1,1,1,1,1,1,1,1,1,1,1,1,1,1,1,1,1,1,1,1,1,1,1,1,1,1,1,1,1,1,1,1,1,1,1,1,1,1,1,1,1,1,1,1,1,1,1,1,1,1,1,1,1,1,1,1,1,1,1,1,1,1,1,1,1,1,1,1,0
2026-08-05 09:00:00,40.06176205,0,0,0,0,0,0,0.0642466666666667,2.27675666666667,6.07958333333333,7.25206166666667,5.15025166666667,3.96291666666667,3.40495,3.33425333333333,2.93212166666667,1.68696,0.686955,0.386843333333333,0.266936666666667,0.212298333333333,0.19693,0.225866666666667,0.19446,0.15955,0.110476666666667,0.085735,0.09436,0.0846133333333333,0.0678066666666667,0.0842383333333333,0.05959,0.0672366666666667,0.05051,0.04061,0.0405983333333333,0.0292416666666667,0.0245233333333333,0.02309,0.0300266666666667,0.0175666666666667,0.0103,0.00778833333333333,0.00860166666666667,0.00815333333333333,0.009525,0.00504833333333333,0.00651333333333333,0.00190166666666667,0.00310833333333333,0.00407833333333333,0.00550833333333333,0.00293666666666667,0.00247333333333333,0.00262333333333333,0.00222833333333333,0.00322666666666667,0.00238,0.00212,0.00242666666666667,0.004525,0.000853333333333333,0.000323333333333333,0.00133833333333333,0.00127,0.001575,0.00212,0.000138333333333333,0.000398333333333333,0.000435,0.00100333333333333,0.000813333333333333,0.00125,0.000506666666666667,0.000545,0.000585,0.000626666666666667,0.000668333333333333,0.000198333333333333,0,1,0,0,0,0,0,0,1,1,1,1,1,1,1,1,1,1,1,1,1,1,1,1,1,1,1,1,1,1,1,1,1,1,1,1,1,1,1,1,1,1,1,1,1,1,1,1,1,1,1,1,1,1,1,1,1,1,1,1,1,1,1,1,1,1,1,1,1,1,1,1,1,1,1,1,1,1,1,1,0
2026-08-05 10:00:00,35.1490101333333,0,0,0,0,0,0,0.0498183333333333,1.73701166666667,4.74949666666667,5.717145,4.098695,3.104215,2.89969166666667,2.96923666666667,2.96132833333333,2.504445,0.999578333333333,0.571228333333333,0.371751666666667,0.301225,0.270776666666667,0.297776666666667,0.266316666666667,0.202551666666667,0.138225,0.100838333333333,0.0888116666666667,0.08707,0.0710083333333333,0.0738433333333333,0.0517883333333333,0.04415,0.0483683333333333,0.0410116666666667,0.0417983333333333,0.0282116666666667,0.02732,0.025065,0.023935,0.011425,0.012045,0.00714,0.00994333333333333,0.00790666666666667,0.006915,0.00621,0.00426333333333333,0.00871666666666667,0.00748166666666667,0.00431,0.005015,0.00458,0.00270666666666667,0.00241333333333333,0.001365,0.00231,0.00329666666666667,0.00218,0.00126166666666667,0.003495,0.00123333333333333,0.00164666666666667,0.000526666666666667,0.00157833333333333,0.000808333333333333,0.00169833333333333,0.00252666666666667,0.000968333333333333,0.000416666666666667,0.00083,0.0014,0.000923333333333333,0.000758333333333333,0.000818333333333333,0.000878333333333333,0.00094,0.00100166666666667,0.000298333333333333,0,1,0,0,0,0,0,0,1,1,1,1,1,1,1,1,1,1,1,1,1,1,1,1,1,1,1,1,1,1,1,1,1,1,1,1,1,1,1,1,1,1,1,1,1,1,1,1,1,1,1,1,1,1,1,1,1,1,1,1,1,1,1,1,1,1,1,1,1,1,1,1,1,1,1,1,1,1,1,1,0
2026-08-05 11:00:00,31.04980825,0,0,0,0,0,0,0.0442716666666667,1.53612666666667,4.072755,4.694965,3.42243166666667,2.61369,2.49841833333333,2.63698166666667,2.912845,2.76855,1.09724666666667,0.611163333333333,0.374478333333333,0.302985,0.270715,0.297251666666667,0.269101666666667,0.202623333333333,0.135845,0.09731,0.07654,0.0588733333333333,0.0510866666666667,0.0598933333333333,0.04379,0.049155,0.03888,0.034435,0.0260266666666667,0.0214,0.0232783333333333,0.0207033333333333,0.0152783333333333,0.0131133333333333,0.011825,0.0103883333333333,0.00678666666666667,0.00383166666666667,0.00464,0.00528166666666667,0.00803166666666667,0.00750333333333333,0.00672166666666667,0.00625666666666667,0.00347166666666667,0.006265,0.00504166666666667,0.00139833333333333,0.00141833333333333,0.00139833333333333,0.00157666666666667,0.00292333333333333,0.00119666666666667,0.001105,0.00270333333333333,0.00145833333333333,0.002575,0.002155,0.000461666666666667,0.00183166666666667,0.00153666666666667,0.000816666666666667,0.000851666666666667,0.000415,0.000733333333333333,0.000745,0.000696666666666667,0.00075,0.000805,0.000861666666666667,0.000918333333333333,0.000273333333333333,0,1,0,0,0,0,0,0,1,1,1,1,1,1,1,1,1,1,1,1,1,1,1,1,1,1,1,1,1,1,1,1,1,1,1,1,1,1,1,1,1,1,1,1,1,1,1,1,1,1,1,1,1,1,1,1,1,1,1,1,1,1,1,1,1,1,1,1,1,1,1,1,1,1,1,1,1,1,1,1,0
2026-08-05 12:00:00,22.7996745,0,0,0,0,0,0,0.0514733333333333,1.64278833333333,4.27587833333333,4.36817333333333,2.78226333333333,1.85553833333333,1.48523833333333,1.36395,1.37003666666667,1.15709,0.532876666666667,0.296558333333333,0.209225,0.162741666666667,0.176273333333333,0.192386666666667,0.172596666666667,0.140708333333333,0.100593333333333,0.0757283333333333,0.07406,0.064095,0.0598416666666667,0.0486783333333333,0.04985,0.04255,0.0355833333333333,0.0358183333333333,0.0285116666666667,0.027845,0.02532,0.0178683333333333,0.0177533333333333,0.0137783333333333,0.0125933333333333,0.009485,0.01067,0.008685,0.00648833333333333,0.00794,0.00642166666666667,0.007595,0.00463333333333333,0.00713833333333333,0.00381833333333333,0.00505833333333333,0.00665,0.002155,0.00364666666666667,0.00451333333333333,0.00209333333333333,0.003755,0.00260166666666667,0.00306666666666667,0.00336666666666667,0.000796666666666667,0.00176333333333333,0.00207833333333333,0.00092,0.000283333333333333,0.000978333333333333,0.00243166666666667,0.001355,0.000386666666666667,0.000413333333333333,0.000585,0.000506666666666667,0.000546666666666667,0.000586666666666667,0.000626666666666667,0.000666666666666667,0.0002,0,1,0,0,0,0,0,0,1,1,1,1,1,1,1,1,1,1,1,1,1,1,1,1,1,1,1,1,1,1,1,1,1,1,1,1,1,1,1,1,1,1,1,1,1,1,1,1,1,1,1,1,1,1,1,1,1,1,1,1,1,1,1,1,1,1,1,1,1,1,1,1,1,1,1,1,1,1,1,1,0
2026-08-05 13:00:00,18.9248537333333,0,0,0,0,0,0,0.0501566666666667,1.47021666666667,3.33750833333333,3.39079,2.19041333333333,1.537745,1.29772166666667,1.24324166666667,1.11371166666667,0.877363333333333,0.354246666666667,0.206308333333333,0.160218333333333,0.128483333333333,0.149438333333333,0.1571,0.13603,0.12185,0.0869383333333333,0.07334,0.0706266666666667,0.06656,0.056105,0.0568233333333333,0.0402633333333333,0.0449083333333333,0.05093,0.041425,0.0358066666666667,0.03299,0.0317333333333333,0.0238733333333333,0.0228316666666667,0.0176133333333333,0.0106216666666667,0.01189,0.0108683333333333,0.00962166666666667,0.00477166666666667,0.00614333333333333,0.00730166666666667,0.00907833333333333,0.008275,0.007385,0.00811666666666667,0.00626833333333333,0.00256833333333333,0.00257166666666667,0.00413666666666667,0.00252333333333333,0.00160666666666667,0.000373333333333333,0.00126166666666667,0.00264166666666667,0.000853333333333333,0.000748333333333333,0.00176333333333333,0.00173166666666667,0.000346666666666667,0.00078,0.000426666666666667,0.001745,0.000888333333333333,0.00141833333333333,0.000653333333333333,0.000715,0.000886666666666667,0.000956666666666667,0.00102666666666667,0.00109666666666667,0.00116666666666667,0.00035,0,1,0,0,0,0,0,0,1,1,1,1,1,1,1,1,1,1,1,1,1,1,1,1,1,1,1,1,1,1,1,1,1,1,1,1,1,1,1,1,1,1,1,1,1,1,1,1,1,1,1,1,1,1,1,1,1,1,1,1,1,1,1,1,1,1,1,1,1,1,1,1,1,1,1,1,1,1,1,1,0
2026-08-05 14:00:00,22.8649981333333,0,0,0,0,0,0,0.05712,1.66145833333333,4.013455,3.993455,2.70545333333333,2.039985,1.68240166666667,1.602375,1.47671166666667,0.976585,0.41647,0.242631666666667,0.170468333333333,0.163738333333333,0.16727,0.185741666666667,0.171126666666667,0.129035,0.107685,0.0839083333333333,0.0769016666666667,0.0738966666666667,0.07069,0.0790466666666667,0.05935,0.0634933333333333,0.0533766666666667,0.0544833333333333,0.051165,0.0397333333333333,0.03797,0.025665,0.0232816666666667,0.0170066666666667,0.016,0.0155283333333333,0.01262,0.0131933333333333,0.00938833333333333,0.00734166666666667,0.00816666666666667,0.006905,0.00575333333333333,0.00553,0.00549166666666667,0.00291666666666667,0.00548333333333333,0.00513166666666667,0.00352333333333333,0.00446166666666667,0.00166333333333333,0.000428333333333333,0.00342666666666667,0.00256666666666667,0.00289333333333333,0.00127,0.000951666666666667,0.001155,0.000885,0.00078,0.00126666666666667,0.00055,0.000833333333333333,0.000693333333333333,0.00236,0.000491666666666667,0.000696666666666667,0.00075,0.000805,0.000861666666666667,0.000918333333333333,0.000273333333333333,0,1,0,0,0,0,0,0,1,1,1,1,1,1,1,1,1,1,1,1,1,1,1,1,1,1,1,1,1,1,1,1,1,1,1,1,1,1,1,1,1,1,1,1,1,1,1,1,1,1,1,1,1,1,1,1,1,1,1,1,1,1,1,1,1,1,1,1,1,1,1,1,1,1,1,1,1,1,1,1,0
2026-08-05 15:00:00,27.0188968666667,0,0,0,0,0,0,0.059235,1.63163833333333,4.20358166666667,4.603675,3.30518,2.51612,2.30314333333333,2.11037,2.05078833333333,1.40102833333333,0.547018333333333,0.312463333333333,0.227373333333333,0.205143333333333,0.192416666666667,0.244325,0.219666666666667,0.174821666666667,0.133235,0.109418333333333,0.090515,0.0800833333333333,0.082135,0.0766016666666667,0.0651566666666667,0.0679516666666667,0.070285,0.0643916666666667,0.053865,0.0504016666666667,0.0422883333333333,0.0442266666666667,0.0385483333333333,0.021345,0.0316266666666667,0.0255166666666667,0.0193983333333333,0.0175816666666667,0.01703,0.0139166666666667,0.0167466666666667,0.02185,0.0128866666666667,0.01267,0.0144883333333333,0.0104583333333333,0.00744333333333333,0.00746,0.00837,0.00860166666666667,0.009635,0.0105333333333333,0.0038,0.00460333333333333,0.009145,0.00759,0.004825,0.00350166666666667,0.00557166666666667,0.00572666666666667,0.00366166666666667,0.00273166666666667,0.00316,0.00327333333333333,0.00164,0.00305166666666667,0.00340333333333333,0.00365833333333333,0.00393166666666667,0.00422166666666667,0.00453166666666667,0.00132833333333333,0,1,0,0,0,0,0,0,1,1,1,1,1,1,1,1,1,1,1,1,1,1,1,1,1,1,1,1,1,1,1,1,1,1,1,1,1,1,1,1,1,1,1,1,1,1,1,1,1,1,1,1,1,1,1,1,1,1,1,1,1,1,1,1,1,1,1,1,1,1,1,1,1,1,1,1,1,1,1,1,0
2026-08-05 16:00:00,31.8455794833333,0,0,0,0,0,0,0.0567233333333333,1.71543833333333,4.716205,5.431825,3.97309166666667,3.07008,2.74125333333333,2.64842333333333,2.44081166666667,1.61190666666667,0.603356666666667,0.341005,0.218941666666667,0.214875,0.204111666666667,0.234031666666667,0.23337,0.17353,0.156756666666667,0.119625,0.10166,0.0919316666666667,0.08474,0.08348,0.0726566666666667,0.0719433333333333,0.0627066666666667,0.0611833333333333,0.05678,0.0531666666666667,0.0450616666666667,0.044305,0.0350016666666667,0.02686,0.0202616666666667,0.015285,0.01557,0.007315,0.00717333333333333,0.006765,0.00723833333333333,0.00761166666666667,0.00476,0.00592166666666667,0.00724666666666667,0.00540166666666667,0.0067,0.00224333333333333,0.00463833333333333,0.00644333333333333,0.00166333333333333,0.00246333333333333,0.00157,0.003245,0.00204,0.00286833333333333,0.00140166666666667,0.001655,0.002075,0.00254166666666667,0.000846666666666667,0.000948333333333333,0.000658333333333333,0.00220166666666667,0.00130666666666667,0.000195,0.00057,0.000613333333333333,0.000658333333333333,0.000705,0.000751666666666667,0.000223333333333333,0,1,0,0,0,0,0,0,1,1,1,1,1,1,1,1,1,1,1,1,1,1,1,1,1,1,1,1,1,1,1,1,1,1,1,1,1,1,1,1,1,1,1,1,1,1,1,1,1,1,1,1,1,1,1,1,1,1,1,1,1,1,1,1,1,1,1,1,1,1,1,1,1,1,1,1,1,1,1,1,0
2026-08-05 17:00:00,33.3143077166667,0,0,0,0,0,0,0.0525716666666667,1.86016166666667,5.107795,5.68509833333333,4.24001166666667,3.19843666666667,2.74567333333333,2.64550166666667,2.44207,1.55791833333333,0.590693333333333,0.327005,0.25939,0.205371666666667,0.22885,0.237105,0.225388333333333,0.194745,0.163591666666667,0.115886666666667,0.106291666666667,0.0912883333333333,0.0940816666666667,0.083735,0.070255,0.0722416666666667,0.0740033333333333,0.065935,0.0575316666666667,0.0533666666666667,0.048615,0.0379866666666667,0.0341616666666667,0.023465,0.02881,0.0231433333333333,0.0144283333333333,0.0140016666666667,0.00908666666666667,0.0102216666666667,0.00685666666666667,0.00802833333333333,0.00637,0.00678833333333333,0.00902166666666667,0.00412333333333333,0.00165833333333333,0.00393666666666667,0.00214,0.00322666666666667,0.00521833333333333,0.001005,0.003205,0.00246666666666667,0.00298666666666667,0.00255,0,0.000846666666666667,0.000421666666666667,0.00154833333333333,0.000846666666666667,0.00055,0,0.00266333333333333,0.00122666666666667,0.000448333333333333,0.00057,0.000611666666666667,0.000656666666666667,0.000705,0.000753333333333333,0.000221666666666667,0,1,0,0,0,0,0,0,1,1,1,1,1,1,1,1,1,1,1,1,1,1,1,1,1,1,1,1,1,1,1,1,1,1,1,1,1,1,1,1,1,1,1,1,1,1,1,1,1,1,1,1,1,1,1,1,1,1,1,1,1,1,1,1,1,1,1,1,1,1,1,1,1,1,1,1,1,1,1,1,0
2026-08-05 18:00:00,36.1263164333333,0,0,0,0,0,0,0.05326,2.03262833333333,5.650195,6.41112,4.73772666666667,3.53146,2.999985,2.80280666666667,2.285255,1.30490333333333,0.547648333333333,0.331298333333333,0.232575,0.223498333333333,0.20915,0.257048333333333,0.244031666666667,0.186541666666667,0.166085,0.134868333333333,0.13977,0.140446666666667,0.111288333333333,0.113975,0.0828266666666667,0.0940766666666667,0.0800233333333333,0.0777883333333333,0.0551016666666667,0.06281,0.0567766666666667,0.0514366666666667,0.043035,0.0309983333333333,0.0270433333333333,0.0233233333333333,0.0138683333333333,0.0122033333333333,0.00938833333333333,0.00915166666666667,0.00983333333333333,0.00746666666666667,0.00769,0.00615333333333333,0.00842,0.00376,0.00379333333333333,0.00384833333333333,0.00352166666666667,0.00145,0.00114666666666667,0.003355,0.00145,0.00171166666666667,0.00146833333333333,0.00300833333333333,0.000628333333333333,0.00157833333333333,0.000461666666666667,0.00106333333333333,0.001825,0.00055,0.000833333333333333,0,0,0.00132166666666667,0.000253333333333333,0.000273333333333333,0.000293333333333333,0.000313333333333333,0.000333333333333333,0.0001,0,1,0,0,0,0,0,0,1,1,1,1,1,1,1,1,1,1,1,1,1,1,1,1,1,1,1,1,1,1,1,1,1,1,1,1,1,1,1,1,1,1,1,1,1,1,1,1,1,1,1,1,1,1,1,1,1,1,1,1,1,1,1,1,1,1,1,1,1,1,1,1,1,1,1,1,1,1,1,1,0
2026-08-05 19:00:00,40.6355892777778,0,0,0,0,0,0,0.0663222222222222,2.30932407407407,6.42619444444444,7.43001111111111,5.43093518518519,3.95905555555556,3.34837592592593,3.23537407407407,2.53108888888889,1.36680740740741,0.621951851851852,0.35832962962963,0.248124074074074,0.21642962962963,0.252114814814815,0.323144444444444,0.265431481481481,0.236401851851852,0.169596296296296,0.156192592592593,0.172559259259259,0.161148148148148,0.141064814814815,0.159898148148148,0.104322222222222,0.121772222222222,0.0958814814814815,0.0826092592592593,0.0692203703703704,0.0610777777777778,0.0623092592592593,0.0580185185185185,0.038,0.0288907407407407,0.0298907407407407,0.0238055555555556,0.0215962962962963,0.014487037037037,0.0141592592592593,0.0096037037037037,0.0130944444444444,0.010612962962963,0.00661481481481481,0.00659259259259259,0.00515925925925926,0.00422962962962963,0.00133518518518519,0.00542037037037037,0.00355185185185185,0.00605555555555556,0.00235740740740741,0.00130555555555556,0.00241481481481481,0.00150740740740741,0.00231851851851852,0.000998148148148148,0.00137407407407407,0.0000425925925925926,0.00132407407407407,0.00102037037037037,0,0.000464814814814815,0.000462962962962963,0.00184444444444444,0,0.0000481481481481481,0.000140740740740741,0.000151851851851852,0.000162962962962963,0.000174074074074074,0.000185185185185185,0.0000555555555555556,0,1,0,0,0,0,0,0,1,1,1,1,1,1,1,1,1,1,1,1,1,1,1,1,1,1,1,1,1,1,1,1,1,1,1,1,1,1,1,1,1,1,1,1,1,1,1,1,1,1,1,1,1,1,1,1,1,1,1,1,1,1,1,1,1,1,1,1,1,1,1,1,1,1,1,1,1,1,1,1,0
2026-08-05 20:00:00,41.163542637931,0,0,0,0,0,0,0.0675034482758621,2.27758448275862,6.34100344827586,7.20166724137931,5.28607413793103,4.01981379310345,3.50109655172414,3.39844137931034,2.75851551724138,1.62798793103448,0.724720689655172,0.429663793103448,0.303246551724138,0.265198275862069,0.261220689655172,0.351806896551724,0.279612068965517,0.275743103448276,0.205408620689655,0.163043103448276,0.168213793103448,0.16825,0.141129310344828,0.190306896551724,0.128265517241379,0.13213275862069,0.110862068965517,0.104134482758621,0.0994793103448276,0.0708396551724138,0.0575206896551724,0.0487672413793103,0.0429672413793103,0.0369051724137931,0.0284068965517241,0.0225844827586207,0.0220275862068966,0.0199931034482759,0.0129534482758621,0.00858103448275862,0.015198275862069,0.00963448275862069,0.00684827586206897,0.0060948275862069,0.00442068965517241,0.00346551724137931,0.00646034482758621,0.00421724137931034,0.0044448275862069,0.00372586206896552,0.00145344827586207,0.00358448275862069,0.00155689655172414,0.00221034482758621,0.00264827586206897,0.00121379310344828,0.000905172413793103,0.0000793103448275862,0.000358620689655172,0.00095,0.00103103448275862,0.00155,0.00045,0.000429310344827586,0.00128275862068966,0.00105172413793103,0.000587931034482759,0.000631034482758621,0.000679310344827586,0.000729310344827586,0.000781034482758621,0.000229310344827586,0,1,0,0,0,0,0,0,1,1,1,1,1,1,1,1,1,1,1,1,1,1,1,1,1,1,1,1,1,1,1,1,1,1,1,1,1,1,1,1,1,1,1,1,1,1,1,1,1,1,1,1,1,1,1,1,1,1,1,1,1,1,1,1,1,1,1,1,1,1,1,1,1,1,1,1,1,1,1,1,0
2026-08-05 21:00:00,41.934466122807,0,0,0,0,0,0,0.0571508771929825,2.08247192982456,5.72369649122807,6.76674561403509,5.17546315789474,4.05491578947368,3.6005649122807,3.67740701754386,3.07220526315789,1.92685438596491,0.800777192982456,0.475440350877193,0.308350877192982,0.296505263157895,0.2949,0.36909649122807,0.306975438596491,0.290385964912281,0.218243859649123,0.179822807017544,0.189568421052632,0.179268421052632,0.172124561403509,0.182285964912281,0.120001754385965,0.159657894736842,0.133184210526316,0.126087719298246,0.114814035087719,0.0905736842105263,0.0784701754385965,0.060180701754386,0.0509754385964912,0.0363333333333333,0.0330684210526316,0.0252631578947368,0.0151280701754386,0.0190684210526316,0.0177719298245614,0.0114789473684211,0.0144473684210526,0.00896666666666667,0.00890526315789474,0.00826140350877193,0.00701929824561404,0.00705263157894737,0.0103649122807018,0.00383508771929825,0.00853333333333333,0.00292631578947368,0.00350175438596491,0.000452631578947368,0.00198771929824561,0.000264912280701754,0.00284561403508772,0.00198421052631579,0.000107017543859649,0.0022280701754386,0.0017,0.000821052631578947,0.000145614035087719,0.000880701754385965,0,0.000619298245614035,0.00129122807017544,0.000335087719298246,0.0002,0.000215789473684211,0.000231578947368421,0.000247368421052632,0.000263157894736842,0.0000789473684210526,0,1,0,0,0,0,0,0,1,1,1,1,1,1,1,1,1,1,1,1,1,1,1,1,1,1,1,1,1,1,1,1,1,1,1,1,1,1,1,1,1,1,1,1,1,1,1,1,1,1,1,1,1,1,1,1,1,1,1,1,1,1,1,1,1,1,1,1,1,1,1,1,1,1,1,1,1,1,1,1,0
2026-08-05 22:00:00,39.2728353,0,0,0,0,0,0,0.0575583333333333,1.90443666666667,5.24338666666667,6.215525,4.76317333333333,3.838245,3.46161666666667,3.466685,2.956295,1.85340333333333,0.796485,0.435513333333333,0.324216666666667,0.3113,0.311763333333333,0.378736666666667,0.317715,0.291723333333333,0.208956666666667,0.184351666666667,0.213711666666667,0.18909,0.167361666666667,0.186945,0.120525,0.165758333333333,0.135865,0.11782,0.115126666666667,0.09444,0.0811016666666667,0.0677016666666667,0.0527366666666667,0.0399783333333333,0.0318533333333333,0.0256166666666667,0.0280766666666667,0.016125,0.0160883333333333,0.009545,0.0119416666666667,0.00951,0.0108516666666667,0.00770333333333333,0.0125033333333333,0.00963666666666667,0.00642833333333333,0.00494,0.00429833333333333,0.00322666666666667,0.00453,0.00394833333333333,0.00146,0.001105,0.000426666666666667,0.00149666666666667,0.001015,0.00130833333333333,0.00119333333333333,0.000496666666666667,0.000996666666666667,0.00108,0.000851666666666667,0.000415,0,0.000498333333333333,0.000253333333333333,0.000273333333333333,0.000293333333333333,0.000313333333333333,0.000333333333333333,0.0001,0,1,0,0,0,0,0,0,1,1,1,1,1,1,1,1,1,1,1,1,1,1,1,1,1,1,1,1,1,1,1,1,1,1,1,1,1,1,1,1,1,1,1,1,1,1,1,1,1,1,1,1,1,1,1,1,1,1,1,1,1,1,1,1,1,1,1,1,1,1,1,1,1,1,1,1,1,1,1,1,0
2026-08-05 23:00:00,37.1485123333333,0,0,0,0,0,0,0.0510216666666667,1.86256166666667,5.14330166666667,5.98973333333333,4.64097333333333,3.49633333333333,3.17632666666667,3.20089333333333,2.793705,1.632535,0.722945,0.420503333333333,0.31198,0.279886666666667,0.296895,0.347913333333333,0.326593333333333,0.264186666666667,0.22457,0.19045,0.207173333333333,0.20453,0.173763333333333,0.174023333333333,0.134038333333333,0.159356666666667,0.113626666666667,0.100091666666667,0.0952733333333333,0.0905583333333333,0.0659166666666667,0.0576366666666667,0.04866,0.0378183333333333,0.0314116666666667,0.0241683333333333,0.0226216666666667,0.0180783333333333,0.015155,0.0122416666666667,0.0137383333333333,0.00873666666666667,0.01189,0.009505,0.0120716666666667,0.005445,0.00638166666666667,0.004535,0.00289,0.00354833333333333,0.00192,0.00553,0.00357,0.002215,0.000851666666666667,0.00234666666666667,0.000628333333333333,0.00123166666666667,0.000883333333333333,0.00168666666666667,0.000288333333333333,0.00055,0.00064,0.000193333333333333,0,0.0000433333333333333,0.000126666666666667,0.000136666666666667,0.000146666666666667,0.000156666666666667,0.000166666666666667,0.00005,0,1,0,0,0,0,0,0,1,1,1,1,1,1,1,1,1,1,1,1,1,1,1,1,1,1,1,1,1,1,1,1,1,1,1,1,1,1,1,1,1,1,1,1,1,1,1,1,1,1,1,1,1,1,1,1,1,1,1,1,1,1,1,1,1,1,1,1,1,1,1,1,1,1,1,1,1,1,1,1,0
2026-08-06,29.8537372166667,0,0,0,0,0,0,0.0451233333333333,1.63454833333333,4.63667,5.368425,3.727815,2.808045,2.37616333333333,2.31704666666667,1.98527166666667,1.12790666666667,0.522448333333333,0.30708,0.206588333333333,0.188373333333333,0.209698333333333,0.241068333333333,0.241925,0.174653333333333,0.152263333333333,0.132048333333333,0.13083,0.125266666666667,0.117883333333333,0.139893333333333,0.109696666666667,0.106411666666667,0.081235,0.0792183333333333,0.0696816666666667,0.058105,0.0503316666666667,0.0386866666666667,0.0274716666666667,0.0203533333333333,0.018505,0.0140933333333333,0.0143433333333333,0.00697333333333333,0.0145083333333333,0.00582333333333333,0.004985,0.00936666666666667,0.004425,0.00689833333333333,0.00625166666666667,0.00383,0.00319666666666667,0.001575,0.00405,0.00200666666666667,0.00126166666666667,0.000746666666666667,0.00131666666666667,0.00221333333333333,0.00127833333333333,0.001275,0.00166166666666667,0.0000383333333333333,0.000421666666666667,0.00141,0.000276666666666667,0,0,0,0,0.000476666666666667,0.00019,0.000205,0.00022,0.000235,0.00025,0.000075,0,1,0,0,0,0,0,0,1,1,1,1,1,1,1,1,1,1,1,1,1,1,1,1,1,1,1,1,1,1,1,1,1,1,1,1,1,1,1,1,1,1,1,1,1,1,1,1,1,1,1,1,1,1,1,1,1,1,1,1,1,1,1,1,1,1,1,1,1,1,1,1,1,1,1,1,1,1,1,1,0
2026-08-06 01:00:00,27.94518985,0,0,0,0,0,0,0.049855,1.64605666666667,4.71571833333333,5.26345333333333,3.69237166666667,2.56791833333333,2.13224666666667,1.978965,1.68515666666667,0.977443333333333,0.456005,0.242453333333333,0.190326666666667,0.154511666666667,0.165535,0.213165,0.192265,0.15513,0.122041666666667,0.11423,0.106195,0.110778333333333,0.0920216666666667,0.092995,0.083955,0.0829216666666667,0.063555,0.062215,0.0624183333333333,0.04395,0.035025,0.0309683333333333,0.021835,0.0159833333333333,0.01664,0.0118766666666667,0.008755,0.00884166666666667,0.00799666666666667,0.00668666666666667,0.00686166666666667,0.00393333333333333,0.006575,0.00498666666666667,0.00341,0.00371333333333333,0.00194833333333333,0.00191833333333333,0.002465,0.00155333333333333,0.00209333333333333,0.00043,0.001285,0.00128333333333333,0.000426666666666667,0.000748333333333333,0.000913333333333333,0.0000383333333333333,0,0.000421666666666667,0.00042,0,0.000223333333333333,0.000366666666666667,0.000653333333333333,0.000433333333333333,0.0000633333333333333,0.0000683333333333333,0.0000733333333333333,0.0000783333333333333,0.0000833333333333333,0.000025,0,1,0,0,0,0,0,0,1,1,1,1,1,1,1,1,1,1,1,1,1,1,1,1,1,1,1,1,1,1,1,1,1,1,1,1,1,1,1,1,1,1,1,1,1,1,1,1,1,1,1,1,1,1,1,1,1,1,1,1,1,1,1,1,1,1,1,1,1,1,1,1,1,1,1,1,1,1,1,1,0
2026-08-06 02:00:00,31.9172457666667,0,0,0,0,0,0,0.0500333333333333,1.70989,4.83872166666667,5.74512666666667,4.10350666666667,3.098635,2.68054,2.46481666666667,2.310185,1.353325,0.586823333333333,0.35641,0.246616666666667,0.2042,0.215495,0.221326666666667,0.239088333333333,0.189566666666667,0.169236666666667,0.131791666666667,0.125553333333333,0.11558,0.108606666666667,0.114933333333333,0.109845,0.08826,0.0806266666666667,0.06789,0.0545183333333333,0.0488683333333333,0.04843,0.0373783333333333,0.028215,0.022985,0.0159633333333333,0.0130233333333333,0.013355,0.00894166666666667,0.00816166666666667,0.007735,0.00446833333333333,0.00543666666666667,0.00432666666666667,0.005055,0.0051,0.00501333333333333,0.00288166666666667,0.00107333333333333,0.000863333333333333,0.00129,0.00043,0.00043,0.00120666666666667,0.000931666666666667,0.00128,0,0,0.000423333333333333,0.00119,0.000075,0.000288333333333333,0.000131666666666667,0,0,0.000826666666666667,0.000455,0.000126666666666667,0.000136666666666667,0.000146666666666667,0.000156666666666667,0.000166666666666667,0.00005,0,1,0,0,0,0,0,0,1,1,1,1,1,1,1,1,1,1,1,1,1,1,1,1,1,1,1,1,1,1,1,1,1,1,1,1,1,1,1,1,1,1,1,1,1,1,1,1,1,1,1,1,1,1,1,1,1,1,1,1,1,1,1,1,1,1,1,1,1,1,1,1,1,1,1,1,1,1,1,1,0
2026-08-06 03:00:00,41.3371232333333,0,0,0,0,0,0,0.0609766666666667,2.04281333333333,5.73281166666667,7.123185,5.32597666666667,4.20281,3.66994,3.50985333333333,3.29736666666667,1.93119666666667,0.761135,0.463856666666667,0.289525,0.247696666666667,0.249246666666667,0.271215,0.290838333333333,0.25027,0.200405,0.162441666666667,0.152256666666667,0.142863333333333,0.138323333333333,0.143383333333333,0.12515,0.114345,0.101173333333333,0.0893766666666667,0.07188,0.060365,0.0550533333333333,0.03881,0.0320116666666667,0.0238566666666667,0.024515,0.0201316666666667,0.014655,0.01192,0.0123116666666667,0.00872166666666667,0.00758,0.00962166666666667,0.00423166666666667,0.00585333333333333,0.00600833333333333,0.00376,0.00420166666666667,0.00341666666666667,0.00185,0.00220166666666667,0.00257833333333333,0.00284166666666667,0.000943333333333333,0.00135833333333333,0.000426666666666667,0.000323333333333333,0.00133833333333333,0.000461666666666667,0.000423333333333333,0.000421666666666667,0,0,0,0,0,0.0000216666666666667,0.0000633333333333333,0.0000683333333333333,0.0000733333333333333,0.0000783333333333333,0.0000833333333333333,0.000025,0,1,0,0,0,0,0,0,1,1,1,1,1,1,1,1,1,1,1,1,1,1,1,1,1,1,1,1,1,1,1,1,1,1,1,1,1,1,1,1,1,1,1,1,1,1,1,1,1,1,1,1,1,1,1,1,1,1,1,1,1,1,1,1,1,1,1,1,1,1,1,1,1,1,1,1,1,1,1,1,0
2026-08-06 04:00:00,45.3742821833333,0,0,0,0,0,0,0.06478,2.16876333333333,6.28936833333333,7.70731333333333,5.910065,4.67332666666667,4.2753,4.00542666666667,3.65811,2.134705,0.856998333333333,0.481248333333333,0.319416666666667,0.27082,0.27684,0.287143333333333,0.3423,0.263116666666667,0.234308333333333,0.197776666666667,0.167301666666667,0.16486,0.148455,0.154921666666667,0.122408333333333,0.117385,0.107106666666667,0.098875,0.0724233333333333,0.08294,0.0561216666666667,0.0480916666666667,0.0434233333333333,0.0269716666666667,0.0260483333333333,0.0254716666666667,0.0156066666666667,0.0120733333333333,0.01208,0.012675,0.0114133333333333,0.01138,0.007585,0.008735,0.00546833333333333,0.00546833333333333,0.006965,0.00315833333333333,0.00331833333333333,0.00440833333333333,0.00338333333333333,0.00128666666666667,0.00171333333333333,0.000853333333333333,0.000616666666666667,0.00056,0.000526666666666667,0,0.000843333333333333,0.000421666666666667,0.000708333333333333,0.000131666666666667,0.000223333333333333,0.000608333333333333,0,0,0,0,0,0,0,0,0,1,0,0,0,0,0,0,1,1,1,1,1,1,1,1,1,1,1,1,1,1,1,1,1,1,1,1,1,1,1,1,1,1,1,1,1,1,1,1,1,1,1,1,1,1,1,1,1,1,1,1,1,1,1,1,1,1,1,1,1,1,1,1,1,1,1,1,1,1,1,1,1,1,1,1,1,1,1,1,0
2026-08-06 05:00:00,47.6974821333333,0,0,0,0,0,0,0.06412,2.27454333333333,6.39451333333333,8.02347333333333,6.0908,4.864525,4.41093833333333,4.26039166666667,3.69637333333333,2.009995,0.813321666666667,0.47735,0.330571666666667,0.270055,0.297116666666667,0.338008333333333,0.35355,0.278946666666667,0.243693333333333,0.202131666666667,0.18291,0.186225,0.163365,0.162488333333333,0.13537,0.128593333333333,0.115956666666667,0.110963333333333,0.0871783333333333,0.0881533333333333,0.0596083333333333,0.046605,0.046065,0.0264233333333333,0.0241866666666667,0.0230966666666667,0.0174533333333333,0.01581,0.0135,0.013055,0.0121383333333333,0.0106566666666667,0.00519333333333333,0.00623,0.00784833333333333,0.00706166666666667,0.00680166666666667,0.00397666666666667,0.00228166666666667,0.000996666666666667,0.00266833333333333,0.00106166666666667,0.00194333333333333,0.000678333333333333,0.00213333333333333,0.000748333333333333,0.000488333333333333,0.000423333333333333,0.000883333333333333,0.000421666666666667,0.000288333333333333,0.00055,0.000223333333333333,0.000193333333333333,0,0.000411666666666667,0,0,0,0,0,0,0,1,0,0,0,0,0,0,1,1,1,1,1,1,1,1,1,1,1,1,1,1,1,1,1,1,1,1,1,1,1,1,1,1,1,1,1,1,1,1,1,1,1,1,1,1,1,1,1,1,1,1,1,1,1,1,1,1,1,1,1,1,1,1,1,1,1,1,1,1,1,1,1,1,1,1,1,1,1,1,0
2026-08-06 06:00:00,50.10997315,0,0,0,0,0,0,0.066435,2.43548166666667,6.8849,8.51602166666667,6.48199166666667,5.20674166666667,4.71996166666667,4.50842,3.62892,1.856365,0.813353333333333,0.512031666666667,0.34094,0.315855,0.323938333333333,0.338141666666667,0.395123333333333,0.294253333333333,0.250268333333333,0.193018333333333,0.191896666666667,0.171931666666667,0.164101666666667,0.161371666666667,0.142118333333333,0.140368333333333,0.126405,0.118751666666667,0.106145,0.083955,0.0792783333333333,0.0629233333333333,0.05472,0.0407766666666667,0.031645,0.025485,0.0237116666666667,0.0220366666666667,0.015855,0.0153916666666667,0.0162783333333333,0.0115083333333333,0.00898166666666667,0.0111716666666667,0.00596333333333333,0.00421666666666667,0.00456333333333333,0.0039,0.00274833333333333,0.00231166666666667,0.00381333333333333,0.00086,0.00214166666666667,0.00170666666666667,0.00227666666666667,0.00178166666666667,0.00147833333333333,0.000423333333333333,0.000346666666666667,0.000918333333333333,0,0.000418333333333333,0.000416666666666667,0.000415,0.000413333333333333,0.000455,0.000126666666666667,0.000135,0.000145,0.000156666666666667,0.000168333333333333,0.0000483333333333333,0,1,0,0,0,0,0,0,1,1,1,1,1,1,1,1,1,1,1,1,1,1,1,1,1,1,1,1,1,1,1,1,1,1,1,1,1,1,1,1,1,1,1,1,1,1,1,1,1,1,1,1,1,1,1,1,1,1,1,1,1,1,1,1,1,1,1,1,1,1,1,1,1,1,1,1,1,1,1,1,0
2026-08-06 07:00:00,46.7302658833333,0,0,0,0,0,0,0.06268,2.3123,6.40142333333333,7.89825833333333,6.18045666666667,5.04623833333333,4.44431333333333,4.28886666666667,3.21529333333333,1.68274833333333,0.745925,0.427538333333333,0.313853333333333,0.275718333333333,0.268553333333333,0.326713333333333,0.306615,0.265373333333333,0.19199,0.170891666666667,0.175488333333333,0.153463333333333,0.141811666666667,0.145841666666667,0.124076666666667,0.130361666666667,0.109421666666667,0.0997183333333333,0.087865,0.0824216666666667,0.059235,0.045485,0.0384683333333333,0.03488,0.0260616666666667,0.0253116666666667,0.0240866666666667,0.0166866666666667,0.0161183333333333,0.0104183333333333,0.0119416666666667,0.006035,0.0112833333333333,0.011395,0.00801,0.00667666666666667,0.00744666666666667,0.00412833333333333,0.00395,0.00357166666666667,0.004615,0.00212,0.00260166666666667,0.00136,0.00104333333333333,0.00193666666666667,0.000425,0.00119333333333333,0.000845,0.000496666666666667,0.00112833333333333,0.000131666666666667,0.00105666666666667,0.000608333333333333,0.000573333333333333,0.00034,0.000253333333333333,0.000273333333333333,0.000293333333333333,0.000313333333333333,0.000333333333333333,0.0001,0,1,0,0,0,0,0,0,1,1,1,1,1,1,1,1,1,1,1,1,1,1,1,1,1,1,1,1,1,1,1,1,1,1,1,1,1,1,1,1,1,1,1,1,1,1,1,1,1,1,1,1,1,1,1,1,1,1,1,1,1,1,1,1,1,1,1,1,1,1,1,1,1,1,1,1,1,1,1,1,0
2026-08-06 08:00:00,39.64526345,0,0,0,0,0,0,0.0516933333333333,1.75304166666667,5.24505166666667,6.52457166666667,5.32369833333333,4.31547833333333,3.96125833333333,3.85798666666667,2.96681333333333,1.610465,0.683245,0.403731666666667,0.269021666666667,0.255218333333333,0.25022,0.258435,0.226788333333333,0.18988,0.164938333333333,0.12851,0.12809,0.119795,0.102768333333333,0.098885,0.102248333333333,0.089605,0.0821233333333333,0.0820466666666667,0.0598116666666667,0.0551433333333333,0.0528366666666667,0.046845,0.0363983333333333,0.0269616666666667,0.0230033333333333,0.022405,0.0215516666666667,0.0118866666666667,0.0143216666666667,0.0141816666666667,0.012505,0.00781166666666667,0.00641333333333333,0.00638166666666667,0.006335,0.0072,0.006895,0.007545,0.004995,0.00233833333333333,0.00326833333333333,0.002605,0.00219666666666667,0.00170833333333333,0.00142333333333333,0.00145833333333333,0.000526666666666667,0.002425,0.000536666666666667,0.000283333333333333,0.000715,0.000263333333333333,0.00125,0.000415,0.000413333333333333,0.000563333333333333,0.000443333333333333,0.000476666666666667,0.000511666666666667,0.000548333333333333,0.000585,0.000173333333333333,0,1,0,0,0,0,0,0,1,1,1,1,1,1,1,1,1,1,1,1,1,1,1,1,1,1,1,1,1,1,1,1,1,1,1,1,1,1,1,1,1,1,1,1,1,1,1,1,1,1,1,1,1,1,1,1,1,1,1,1,1,1,1,1,1,1,1,1,1,1,1,1,1,1,1,1,1,1,1,1,0
2026-08-06 09:00:00,38.2596303333333,0,0,0,0,0,0,0.0474616666666667,1.80673833333333,5.0214,6.28200666666667,5.00083666666667,4.07798666666667,3.78523833333333,3.71247,2.95746,1.56392,0.681965,0.39311,0.275745,0.234745,0.211853333333333,0.249265,0.224908333333333,0.187613333333333,0.146156666666667,0.124635,0.11941,0.101511666666667,0.09206,0.101008333333333,0.0825016666666667,0.085865,0.0830233333333333,0.068045,0.0583766666666667,0.0533,0.05267,0.03786,0.0353033333333333,0.0260683333333333,0.0262866666666667,0.0207866666666667,0.0184883333333333,0.01497,0.0146033333333333,0.00800833333333333,0.007655,0.00795666666666667,0.0107,0.00721833333333333,0.00466333333333333,0.00341833333333333,0.00456166666666667,0.00477166666666667,0.00363666666666667,0.000916666666666667,0.003125,0.000631666666666667,0.00254666666666667,0.001785,0.00251166666666667,0.00174833333333333,0.00162333333333333,0.0005,0.00127,0.000283333333333333,0.00168666666666667,0.000968333333333333,0.000416666666666667,0,0.000413333333333333,0.000541666666666667,0.00038,0.00041,0.00044,0.00047,0.0005,0.00015,0,1,0,0,0,0,0,0,1,1,1,1,1,1,1,1,1,1,1,1,1,1,1,1,1,1,1,1,1,1,1,1,1,1,1,1,1,1,1,1,1,1,1,1,1,1,1,1,1,1,1,1,1,1,1,1,1,1,1,1,1,1,1,1,1,1,1,1,1,1,1,1,1,1,1,1,1,1,1,1,0
2026-08-06 10:00:00,41.12023745,0,0,0,0,0,0,0.0446466666666667,1.84747833333333,5.35813166666667,6.73155,5.47345,4.51351333333333,4.16283,4.237925,3.36666166666667,1.78499166666667,0.738188333333333,0.432278333333333,0.307971666666667,0.253496666666667,0.217876666666667,0.252028333333333,0.252535,0.176908333333333,0.145021666666667,0.121135,0.110601666666667,0.107983333333333,0.0842266666666667,0.103671666666667,0.0837666666666667,0.0847883333333333,0.0706516666666667,0.0737616666666667,0.0573683333333333,0.0504933333333333,0.0489633333333333,0.0387433333333333,0.0335433333333333,0.029765,0.02497,0.021815,0.0179066666666667,0.0166733333333333,0.00935666666666667,0.012265,0.00846166666666667,0.00759333333333333,0.00715833333333333,0.00794333333333333,0.00744833333333333,0.005855,0.00453833333333333,0.00465666666666667,0.00831833333333333,0.0016,0.00292333333333333,0.00297833333333333,0.00131666666666667,0.00221333333333333,0.00104333333333333,0.001835,0.002575,0.00211666666666667,0.000846666666666667,0.00190666666666667,0.00111666666666667,0.00165333333333333,0.000851666666666667,0.00083,0.000413333333333333,0.000585,0.000506666666666667,0.000545,0.000585,0.000626666666666667,0.000668333333333333,0.000198333333333333,0,1,0,0,0,0,0,0,1,1,1,1,1,1,1,1,1,1,1,1,1,1,1,1,1,1,1,1,1,1,1,1,1,1,1,1,1,1,1,1,1,1,1,1,1,1,1,1,1,1,1,1,1,1,1,1,1,1,1,1,1,1,1,1,1,1,1,1,1,1,1,1,1,1,1,1,1,1,1,1,0
2026-08-06 11:00:00,40.2122157666667,0,0,0,0,0,0,0.0524783333333333,1.76134666666667,5.06151166666667,6.46608333333333,5.28999,4.25792166666667,4.00087333333333,3.96747833333333,3.56954666666667,2.07521,0.802231666666667,0.455323333333333,0.29522,0.237508333333333,0.229445,0.230918333333333,0.230728333333333,0.169566666666667,0.133916666666667,0.103253333333333,0.091565,0.090755,0.0834783333333333,0.0684566666666667,0.0603416666666667,0.0612033333333333,0.061715,0.0569783333333333,0.0524783333333333,0.0486133333333333,0.0435833333333333,0.0348783333333333,0.028435,0.023415,0.0207883333333333,0.0174933333333333,0.015745,0.012945,0.00854166666666667,0.00961833333333333,0.0100383333333333,0.00946166666666667,0.00847333333333333,0.00604333333333333,0.00633833333333333,0.00754166666666667,0.00470333333333333,0.00426166666666667,0.00231666666666667,0.00397666666666667,0.00206333333333333,0.00131833333333333,0.00237166666666667,0.000251666666666667,0.001895,0.00193666666666667,0.00123666666666667,0.000885,0.00119333333333333,0.000075,0.00126,0,0,0.000588333333333333,0.000653333333333333,0.0013,0.00019,0.000205,0.00022,0.000235,0.00025,0.000075,0,1,0,0,0,0,0,0,1,1,1,1,1,1,1,1,1,1,1,1,1,1,1,1,1,1,1,1,1,1,1,1,1,1,1,1,1,1,1,1,1,1,1,1,1,1,1,1,1,1,1,1,1,1,1,1,1,1,1,1,1,1,1,1,1,1,1,1,1,1,1,1,1,1,1,1,1,1,1,1,0
2026-08-06 12:00:00,40.2970092,0,0,0,0,0,0,0.052975,1.79511333333333,5.29515333333333,6.72840833333333,5.29959833333333,4.371265,3.91795,3.827225,3.362695,1.88603,0.750951666666667,0.398415,0.264941666666667,0.221738333333333,0.222123333333333,0.225133333333333,0.222358333333333,0.15909,0.138245,0.0945366666666667,0.0909766666666667,0.0894266666666667,0.07559,0.0695516666666667,0.0736566666666667,0.064285,0.065305,0.05019,0.0443083333333333,0.0413866666666667,0.0374683333333333,0.02424,0.03195,0.0274383333333333,0.0197166666666667,0.0189883333333333,0.0188316666666667,0.0105816666666667,0.00760833333333333,0.009825,0.0115683333333333,0.00574666666666667,0.00906166666666667,0.00659833333333333,0.00670666666666667,0.00494166666666667,0.00386166666666667,0.00314333333333333,0.00251833333333333,0.003165,0.001375,0.00206333333333333,0.00146,0.00281333333333333,0.00123333333333333,0.002395,0.00147833333333333,0.00157833333333333,0.00180666666666667,0.000421666666666667,0.000708333333333333,0.000968333333333333,0.000416666666666667,0.000415,0.00048,0.000846666666666667,0.000253333333333333,0.000273333333333333,0.000293333333333333,0.000313333333333333,0.000333333333333333,0.0001,0,1,0,0,0,0,0,0,1,1,1,1,1,1,1,1,1,1,1,1,1,1,1,1,1,1,1,1,1,1,1,1,1,1,1,1,1,1,1,1,1,1,1,1,1,1,1,1,1,1,1,1,1,1,1,1,1,1,1,1,1,1,1,1,1,1,1,1,1,1,1,1,1,1,1,1,1,1,1,1,0
2026-08-06 13:00:00,40.2179349666667,0,0,0,0,0,0,0.0534333333333333,1.94875166666667,5.75439166666667,7.13607333333333,5.560635,4.38960666666667,3.90783,3.61428666666667,3.150235,1.70346666666667,0.670843333333333,0.3784,0.240371666666667,0.186081666666667,0.182191666666667,0.20855,0.19641,0.162273333333333,0.107695,0.0939466666666667,0.0922233333333333,0.0863366666666667,0.0797116666666667,0.0702416666666667,0.0580183333333333,0.06669,0.0576033333333333,0.0470566666666667,0.04149,0.0396333333333333,0.03569,0.0345433333333333,0.02355,0.0225933333333333,0.016095,0.0116516666666667,0.0155066666666667,0.0122016666666667,0.00806166666666667,0.00892333333333333,0.0104033333333333,0.011525,0.00809666666666667,0.007705,0.00566,0.00662833333333333,0.00540333333333333,0.00302,0.00288833333333333,0.00134166666666667,0.000515,0.00404,0.000515,0.00349333333333333,0.000426666666666667,0.00117333333333333,0.00350166666666667,0.00157833333333333,0.000461666666666667,0.00120166666666667,0.001265,0.00053,0.00149166666666667,0.000608333333333333,0,0.000888333333333333,0.00019,0.000205,0.00022,0.000235,0.00025,0.000075,0,1,0,0,0,0,0,0,1,1,1,1,1,1,1,1,1,1,1,1,1,1,1,1,1,1,1,1,1,1,1,1,1,1,1,1,1,1,1,1,1,1,1,1,1,1,1,1,1,1,1,1,1,1,1,1,1,1,1,1,1,1,1,1,1,1,1,1,1,1,1,1,1,1,1,1,1,1,1,1,0
2026-08-06 14:00:00,45.0001374333333,0,0,0,0,0,0,0.0548,2.09034166666667,6.33876333333333,7.98349333333333,6.23363,4.97983,4.33624166666667,4.182665,3.410405,1.85880333333333,0.820273333333333,0.423103333333333,0.25838,0.230168333333333,0.224208333333333,0.229361666666667,0.214415,0.151781666666667,0.120073333333333,0.0918766666666667,0.0959483333333333,0.09221,0.07455,0.0702633333333333,0.0603733333333333,0.0623466666666667,0.055785,0.04094,0.043525,0.0444133333333333,0.0329216666666667,0.029735,0.0260416666666667,0.0252216666666667,0.0184033333333333,0.0170666666666667,0.0139866666666667,0.0132916666666667,0.0141283333333333,0.008605,0.00794833333333333,0.00742833333333333,0.00746166666666667,0.008995,0.00821666666666667,0.00494333333333333,0.005495,0.00219166666666667,0.00222833333333333,0.00535166666666667,0.00309666666666667,0.00384166666666667,0.00122833333333333,0.00246333333333333,0.00189666666666667,0.00120666666666667,0.00277833333333333,0.00134666666666667,0.000768333333333333,0.00106333333333333,0.001825,0.000131666666666667,0.000416666666666667,0.000588333333333333,0.00148,0.000671666666666667,0.00076,0.000816666666666667,0.000876666666666667,0.00094,0.00100333333333333,0.000296666666666667,0,1,0,0,0,0,0,0,1,1,1,1,1,1,1,1,1,1,1,1,1,1,1,1,1,1,1,1,1,1,1,1,1,1,1,1,1,1,1,1,1,1,1,1,1,1,1,1,1,1,1,1,1,1,1,1,1,1,1,1,1,1,1,1,1,1,1,1,1,1,1,1,1,1,1,1,1,1,1,1,0
2026-08-06 15:00:00,37.4160898833333,0,0,0,0,0,0,0.0470116666666667,1.86543833333333,5.375695,6.64374833333333,5.13230833333333,3.94205666666667,3.456305,3.21745,2.882625,1.59710333333333,0.636585,0.34326,0.218955,0.161693333333333,0.16362,0.175931666666667,0.162816666666667,0.144175,0.0863166666666667,0.0732866666666667,0.0789316666666667,0.06961,0.0735433333333333,0.070335,0.0556133333333333,0.0454366666666667,0.0463983333333333,0.0395316666666667,0.0439716666666667,0.0358766666666667,0.0324883333333333,0.0262916666666667,0.027435,0.02226,0.0157783333333333,0.01969,0.016685,0.00940833333333333,0.011065,0.01134,0.00880166666666667,0.00879166666666667,0.006135,0.00376666666666667,0.00509833333333333,0.00375833333333333,0.00461,0.004605,0.00537166666666667,0.00319333333333333,0.00349666666666667,0.00243666666666667,0.0028,0.000678333333333333,0.00147,0.00141,0.00137666666666667,0.000423333333333333,0.00119333333333333,0.00162333333333333,0.002395,0.000681666666666667,0.000833333333333333,0.000173333333333333,0.00148,0.000173333333333333,0.000506666666666667,0.000546666666666667,0.000586666666666667,0.000626666666666667,0.000666666666666667,0.0002,0,1,0,0,0,0,0,0,1,1,1,1,1,1,1,1,1,1,1,1,1,1,1,1,1,1,1,1,1,1,1,1,1,1,1,1,1,1,1,1,1,1,1,1,1,1,1,1,1,1,1,1,1,1,1,1,1,1,1,1,1,1,1,1,1,1,1,1,1,1,1,1,1,1,1,1,1,1,1,1,0
2026-08-06 16:00:00,44.98479035,0,0,0,0,0,0,0.06838,2.32580166666667,6.41173666666667,7.85052833333333,6.15169166666667,4.75249833333333,4.00954333333333,3.75822166666667,3.29863166666667,1.88966833333333,0.763121666666667,0.405336666666667,0.244026666666667,0.18364,0.175773333333333,0.205285,0.183751666666667,0.12587,0.09701,0.0730383333333333,0.0677033333333333,0.0774033333333333,0.0657116666666667,0.0661383333333333,0.053815,0.0596466666666667,0.040435,0.048075,0.046505,0.0343866666666667,0.028355,0.030975,0.0246733333333333,0.02015,0.01838,0.0120633333333333,0.012465,0.00999166666666667,0.0114933333333333,0.008365,0.005495,0.007375,0.00638666666666667,0.00601666666666667,0.006315,0.00332666666666667,0.006055,0.00506166666666667,0.00487,0.00656,0.0039,0.00237833333333333,0.00157,0.001105,0.00294,0.00164666666666667,0.000875,0.000885,0.00207333333333333,0.00120166666666667,0.00126666666666667,0.00053,0.000241666666666667,0.00161166666666667,0.00189333333333333,0.000173333333333333,0.000506666666666667,0.000545,0.000585,0.000626666666666667,0.000668333333333333,0.000198333333333333,0,1,0,0,0,0,0,0,1,1,1,1,1,1,1,1,1,1,1,1,1,1,1,1,1,1,1,1,1,1,1,1,1,1,1,1,1,1,1,1,1,1,1,1,1,1,1,1,1,1,1,1,1,1,1,1,1,1,1,1,1,1,1,1,1,1,1,1,1,1,1,1,1,1,1,1,1,1,1,1,0
2026-08-06 17:00:00,45.54567645,0,0,0,0,0,0,0.0685683333333333,2.320495,6.46357333333333,8.11309666666667,6.31346166666667,4.92314333333333,4.26563666666667,4.09074666666667,3.44070833333333,1.96339333333333,0.855458333333333,0.450148333333333,0.26644,0.19316,0.192623333333333,0.202213333333333,0.171106666666667,0.126025,0.105713333333333,0.07499,0.0750583333333333,0.077725,0.0692566666666667,0.0787233333333333,0.04881,0.05143,0.0556616666666667,0.0539483333333333,0.03364,0.0371916666666667,0.0286383333333333,0.0264433333333333,0.02467,0.021745,0.0217983333333333,0.0122783333333333,0.0110883333333333,0.0110133333333333,0.0127833333333333,0.00659333333333333,0.00983666666666667,0.00715833333333333,0.00544666666666667,0.00545833333333333,0.003385,0.00539833333333333,0.00623833333333333,0.00283333333333333,0.00266,0.00319833333333333,0.00249666666666667,0.00112,0.00137166666666667,0.00221333333333333,0.00166,0.00164666666666667,0.000913333333333333,0.00173166666666667,0.00127,0,0.000708333333333333,0.00136666666666667,0.000851666666666667,0.000173333333333333,0.00024,0.000108333333333333,0.000316666666666667,0.000341666666666667,0.000366666666666667,0.000391666666666667,0.000416666666666667,0.000125,0,1,0,0,0,0,0,0,1,1,1,1,1,1,1,1,1,1,1,1,1,1,1,1,1,1,1,1,1,1,1,1,1,1,1,1,1,1,1,1,1,1,1,1,1,1,1,1,1,1,1,1,1,1,1,1,1,1,1,1,1,1,1,1,1,1,1,1,1,1,1,1,1,1,1,1,1,1,1,1,0
2026-08-06 18:00:00,55.1426126333333,0,0,0,0,0,0,0.0778883333333333,2.89389833333333,8.07956666666667,9.773765,7.54018333333333,5.88387666666667,5.06636333333333,4.95274166666667,4.111095,2.31669833333333,1.068275,0.569725,0.351118333333333,0.2544,0.236635,0.254946666666667,0.244305,0.174905,0.134253333333333,0.0913433333333333,0.0995733333333333,0.0967616666666667,0.0722116666666667,0.0748933333333333,0.0578816666666667,0.062885,0.052225,0.04668,0.0503916666666667,0.04832,0.0364483333333333,0.0287016666666667,0.0218766666666667,0.01574,0.015445,0.0131066666666667,0.0122833333333333,0.011235,0.00812833333333333,0.0134766666666667,0.009305,0.008775,0.0103166666666667,0.00651833333333333,0.00753,0.00417,0.00525,0.00412166666666667,0.00183166666666667,0.00284833333333333,0.00521833333333333,0.001435,0.002,0.00238833333333333,0.000426666666666667,0.00097,0.00196666666666667,0.000423333333333333,0.000883333333333333,0.000988333333333333,0.000696666666666667,0,0.00105666666666667,0.000608333333333333,0.000413333333333333,0.000541666666666667,0.00038,0.00041,0.00044,0.00047,0.0005,0.00015,0,1,0,0,0,0,0,0,1,1,1,1,1,1,1,1,1,1,1,1,1,1,1,1,1,1,1,1,1,1,1,1,1,1,1,1,1,1,1,1,1,1,1,1,1,1,1,1,1,1,1,1,1,1,1,1,1,1,1,1,1,1,1,1,1,1,1,1,1,1,1,1,1,1,1,1,1,1,1,1,0
2026-08-06 19:00:00,56.24631035,0,0,0,0,0,0,0.0819583333333333,2.80041,8.086525,9.85016,7.66446666666667,6.047745,5.271315,5.118175,4.41077,2.47322666666667,1.15507333333333,0.639923333333333,0.37573,0.301793333333333,0.257746666666667,0.295638333333333,0.279031666666667,0.188136666666667,0.140036666666667,0.100211666666667,0.0954316666666667,0.0982216666666667,0.0802716666666667,0.0871716666666667,0.0675883333333333,0.0692916666666667,0.05488,0.0577966666666667,0.0486766666666667,0.0513933333333333,0.0493333333333333,0.03848,0.02217,0.022665,0.021015,0.01403,0.01363,0.00880833333333333,0.0126366666666667,0.0121,0.0127983333333333,0.00732166666666667,0.0103183333333333,0.00604333333333333,0.00674833333333333,0.00253,0.00410666666666667,0.00607,0.0052,0.00319333333333333,0.000916666666666667,0.00355333333333333,0.00236333333333333,0.00171,0.00189666666666667,0.00215833333333333,0.001865,0.00127,0.000731666666666667,0.000993333333333333,0.00141666666666667,0.000661666666666667,0.000658333333333333,0.000781666666666667,0.000813333333333333,0.000361666666666667,0.000316666666666667,0.000341666666666667,0.000366666666666667,0.000391666666666667,0.000416666666666667,0.000125,0,1,0,0,0,0,0,0,1,1,1,1,1,1,1,1,1,1,1,1,1,1,1,1,1,1,1,1,1,1,1,1,1,1,1,1,1,1,1,1,1,1,1,1,1,1,1,1,1,1,1,1,1,1,1,1,1,1,1,1,1,1,1,1,1,1,1,1,1,1,1,1,1,1,1,1,1,1,1,1,0
2026-08-06 20:00:00,58.4138981724138,0,0,0,0,0,0,0.072901724137931,2.61874655172414,7.65023965517241,9.64428275862069,7.81305689655172,6.27165862068965,5.49439827586207,5.41349310344828,4.82122586206897,3.19511896551724,1.54703965517241,0.82105,0.493041379310345,0.373348275862069,0.316877586206897,0.34573275862069,0.307544827586207,0.223029310344828,0.175677586206897,0.123005172413793,0.118596551724138,0.101344827586207,0.0775258620689655,0.0886672413793103,0.0691293103448276,0.0702362068965517,0.0546327586206897,0.0420034482758621,0.0404689655172414,0.0470689655172414,0.0398,0.0327741379310345,0.0246344827586207,0.021948275862069,0.0179120689655172,0.0160034482758621,0.0168758620689655,0.0116551724137931,0.00923275862068966,0.00997931034482759,0.00724310344827586,0.00637413793103448,0.00576896551724138,0.00447413793103448,0.00563965517241379,0.00521034482758621,0.00638620689655172,0.00598448275862069,0.0028051724137931,0.00227758620689655,0.00168965517241379,0.00352758620689655,0.00232931034482759,0.00132758620689655,0.00240344827586207,0.00200344827586207,0.00255862068965517,0.000477586206896552,0.000475862068965517,0.00130862068965517,0.00043448275862069,0.000846551724137931,0.00111206896551724,0.000629310344827586,0.000427586206896552,0.0000448275862068966,0.000131034482758621,0.000141379310344828,0.000151724137931034,0.000162068965517241,0.000172413793103448,0.0000517241379310345,0,1,0,0,0,0,0,0,1,1,1,1,1,1,1,1,1,1,1,1,1,1,1,1,1,1,1,1,1,1,1,1,1,1,1,1,1,1,1,1,1,1,1,1,1,1,1,1,1,1,1,1,1,1,1,1,1,1,1,1,1,1,1,1,1,1,1,1,1,1,1,1,1,1,1,1,1,1,1,1,0
2026-08-06 21:00:00,65.7748516842105,0,0,0,0,0,0,0.0824666666666667,2.8791701754386,8.25987192982456,10.6170473684211,8.45845263157895,6.91081578947368,6.09623333333333,6.09522456140351,5.68914210526316,4.05268947368421,1.75210526315789,0.973929824561404,0.556187719298246,0.4275,0.397156140350877,0.404142105263158,0.347682456140351,0.279068421052632,0.160789473684211,0.140417543859649,0.130084210526316,0.1166,0.0953649122807017,0.101480701754386,0.067340350877193,0.0693245614035088,0.0582982456140351,0.0577456140350877,0.0535789473684211,0.0382701754385965,0.037940350877193,0.0297175438596491,0.0228684210526316,0.0151368421052632,0.0162368421052632,0.0164228070175439,0.0121473684210526,0.0121877192982456,0.0105473684210526,0.0116052631578947,0.00911754385964912,0.00786140350877193,0.00946666666666667,0.00484561403508772,0.00451929824561403,0.00441228070175439,0.00275087719298246,0.00134385964912281,0.00310350877192982,0.00155087719298246,0.0026859649122807,0.000845614035087719,0.00132982456140351,0.00187719298245614,0.00154736842105263,0.000696491228070175,0.00130175438596491,0.000485964912280702,0.000889473684210526,0,0.000442105263157895,0.000440350877192982,0.000673684210526316,0.000203508771929825,0.000435087719298246,0.0000684210526315789,0.0002,0.000215789473684211,0.000231578947368421,0.000247368421052632,0.000263157894736842,0.0000789473684210526,0,1,0,0,0,0,0,0,1,1,1,1,1,1,1,1,1,1,1,1,1,1,1,1,1,1,1,1,1,1,1,1,1,1,1,1,1,1,1,1,1,1,1,1,1,1,1,1,1,1,1,1,1,1,1,1,1,1,1,1,1,1,1,1,1,1,1,1,1,1,1,1,1,1,1,1,1,1,1,1,0
2026-08-06 22:00:00,68.04985295,0,0,0,0,0,0,0.0767166666666667,2.91067333333333,8.49388,10.7192666666667,8.68106666666667,7.06523833333333,6.33782666666667,6.30838666666667,6.16893333333333,4.356235,1.87843666666667,1.057975,0.611955,0.470636666666667,0.406605,0.415988333333333,0.385441666666667,0.276691666666667,0.214746666666667,0.152345,0.144155,0.118755,0.110623333333333,0.0888633333333333,0.0754266666666667,0.0757166666666667,0.0600266666666667,0.0616783333333333,0.0478583333333333,0.0445366666666667,0.031135,0.0302666666666667,0.0278166666666667,0.0208533333333333,0.0235166666666667,0.014885,0.01047,0.008465,0.012885,0.009265,0.00902666666666667,0.00996666666666667,0.00506833333333333,0.00434333333333333,0.00868333333333333,0.00337333333333333,0.00340666666666667,0.00324,0.00278333333333333,0.00190333333333333,0.00212166666666667,0,0.00103166666666667,0.00153166666666667,0.00123333333333333,0.000473333333333333,0.00123666666666667,0.000461666666666667,0,0.000843333333333333,0,0.000398333333333333,0.0000183333333333333,0,0.000413333333333333,0.0000866666666666667,0.000253333333333333,0.000273333333333333,0.000293333333333333,0.000313333333333333,0.000333333333333333,0.0001,0,1,0,0,0,0,0,0,1,1,1,1,1,1,1,1,1,1,1,1,1,1,1,1,1,1,1,1,1,1,1,1,1,1,1,1,1,1,1,1,1,1,1,1,1,1,1,1,1,1,1,1,1,1,1,1,1,1,1,1,1,1,1,1,1,1,1,1,1,1,1,1,1,1,1,1,1,1,1,1,0
2026-08-06 23:00:00,64.6940960833333,0,0,0,0,0,0,0.0627533333333333,2.71455333333333,8.056695,10.1652683333333,8.32207166666667,6.690155,6.07033166666667,6.04338833333333,5.75094666666667,4.04995166666667,1.72911666666667,0.899601666666667,0.566735,0.439406666666667,0.396723333333333,0.382775,0.349446666666667,0.244676666666667,0.175961666666667,0.131993333333333,0.12112,0.0886783333333333,0.0792183333333333,0.0882983333333333,0.0637583333333333,0.0808433333333333,0.064285,0.0475833333333333,0.0443916666666667,0.0432516666666667,0.0382016666666667,0.0328316666666667,0.022645,0.0169533333333333,0.0156766666666667,0.014475,0.0123666666666667,0.0102733333333333,0.00871666666666667,0.00511833333333333,0.0076,0.00712166666666667,0.004525,0.004455,0.00561333333333333,0.00423833333333333,0.00266166666666667,0.00146166666666667,0.00112833333333333,0.00129,0.00120333333333333,0.00206666666666667,0.00077,0.00110666666666667,0.00170666666666667,0.000425,0,0,0,0.000421666666666667,0.00042,0,0,0,0,0.0000433333333333333,0.000126666666666667,0.000136666666666667,0.000146666666666667,0.000156666666666667,0.000166666666666667,0.00005,0,1,0,0,0,0,0,0,1,1,1,1,1,1,1,1,1,1,1,1,1,1,1,1,1,1,1,1,1,1,1,1,1,1,1,1,1,1,1,1,1,1,1,1,1,1,1,1,1,1,1,1,1,1,1,1,1,1,1,1,1,1,1,1,1,1,1,1,1,1,1,1,1,1,1,1,1,1,1,1,0
2026-08-07,88.9849356,0,0,0,0,0,0,0.0972366666666667,3.72974166666667,11.0735433333333,14.2755483333333,11.76623,9.63567333333333,8.60173166666667,8.39596,7.73247833333333,5.14665333333333,2.586535,1.297815,0.797948333333333,0.602205,0.52746,0.506723333333333,0.48263,0.340856666666667,0.241851666666667,0.188223333333333,0.150258333333333,0.154121666666667,0.114355,0.105791666666667,0.0716633333333333,0.0848183333333333,0.0695833333333333,0.0647516666666667,0.0577183333333333,0.045055,0.03862,0.0309383333333333,0.0243933333333333,0.0237316666666667,0.01972,0.0173283333333333,0.01016,0.009835,0.00882833333333333,0.00899333333333333,0.0097,0.008065,0.00483333333333333,0.00463333333333333,0.004665,0.00291666666666667,0.00292833333333333,0.00255333333333333,0.00185,0.00134166666666667,0.00103166666666667,0.00229,0.002175,0.00135666666666667,0.00208666666666667,0.000898333333333333,0.00085,0.000846666666666667,0.000423333333333333,0,0,0,0.000416666666666667,0,0.000413333333333333,0.0000433333333333333,0.000126666666666667,0.000136666666666667,0.000146666666666667,0.000156666666666667,0.000166666666666667,0.00005,0,1,0,0,0,0,0,0,1,1,1,1,1,1,1,1,1,1,1,1,1,1,1,1,1,1,1,1,1,1,1,1,1,1,1,1,1,1,1,1,1,1,1,1,1,1,1,1,1,1,1,1,1,1,1,1,1,1,1,1,1,1,1,1,1,1,1,1,1,1,1,1,1,1,1,1,1,1,1,1,0
2026-08-07 01:00:00,88.2887326833333,0,0,0,0,0,0,0.115843333333333,3.752965,11.194125,14.5242666666667,11.8515266666667,9.78606666666667,8.55002666666667,8.15068333333333,7.76382833333333,5.12216333333333,2.45053333333333,1.29382333333333,0.76897,0.582346666666667,0.482066666666667,0.443496666666667,0.419958333333333,0.317033333333333,0.207203333333333,0.152558333333333,0.143711666666667,0.124693333333333,0.101813333333333,0.088285,0.0785783333333333,0.0715783333333333,0.0572933333333333,0.0526283333333333,0.0434183333333333,0.0477866666666667,0.031495,0.0254133333333333,0.0262816666666667,0.02037,0.015765,0.0123383333333333,0.00968666666666667,0.00949333333333333,0.00833333333333333,0.00625166666666667,0.006575,0.00688666666666667,0.00438166666666667,0.003435,0.00673166666666667,0.00496666666666667,0.00249666666666667,0.00272166666666667,0.00206,0.00188,0.00123333333333333,0.00123,0.00176833333333333,0.000426666666666667,0.00104333333333333,0.000985,0.000488333333333333,0.000461666666666667,0.00169166666666667,0.000843333333333333,0,0.000418333333333333,0.000223333333333333,0.000608333333333333,0,0,0,0,0,0,0,0,0,1,0,0,0,0,0,0,1,1,1,1,1,1,1,1,1,1,1,1,1,1,1,1,1,1,1,1,1,1,1,1,1,1,1,1,1,1,1,1,1,1,1,1,1,1,1,1,1,1,1,1,1,1,1,1,1,1,1,1,1,1,1,1,1,1,1,1,1,1,1,1,1,1,1,1,1,1,1,1,0
2026-08-07 02:00:00,73.58345865,0,0,0,0,0,0,0.07762,3.01949166666667,9.174725,11.9750833333333,9.90525,8.11668333333333,7.06380833333333,6.61335166666667,6.63522,4.22314666666667,1.87303333333333,1.01380333333333,0.586353333333333,0.434591666666667,0.376206666666667,0.362008333333333,0.322211666666667,0.244305,0.167358333333333,0.119191666666667,0.10863,0.0947633333333333,0.08052,0.0773983333333333,0.0619816666666667,0.054765,0.0501583333333333,0.0481533333333333,0.0424116666666667,0.0306266666666667,0.02373,0.021335,0.020215,0.0156,0.0111633333333333,0.0105916666666667,0.009995,0.00641166666666667,0.00721,0.00472166666666667,0.00477333333333333,0.00320666666666667,0.00606166666666667,0.00510833333333333,0.00460166666666667,0.004215,0.00410666666666667,0.00407666666666667,0.00170833333333333,0.00142166666666667,0.00100333333333333,0.00180833333333333,0.000593333333333333,0.00128166666666667,0.00104333333333333,0.000985,0.000526666666666667,0,0.000846666666666667,0.000421666666666667,0.00084,0,0,0,0,0.0000216666666666667,0.0000633333333333333,0.0000683333333333333,0.0000733333333333333,0.0000783333333333333,0.0000833333333333333,0.000025,0,1,0,0,0,0,0,0,1,1,1,1,1,1,1,1,1,1,1,1,1,1,1,1,1,1,1,1,1,1,1,1,1,1,1,1,1,1,1,1,1,1,1,1,1,1,1,1,1,1,1,1,1,1,1,1,1,1,1,1,1,1,1,1,1,1,1,1,1,1,1,1,1,1,1,1,1,1,1,1,0
2026-08-07 03:00:00,71.141246,0,0,0,0,0,0,0.0843383333333333,2.96389166666667,8.82847666666667,11.8104466666667,9.71938833333333,7.830075,6.92011833333333,6.60703833333333,6.44589333333333,4.36486,1.84537166666667,0.969776666666667,0.58062,0.446986666666667,0.38805,0.350161666666667,0.32527,0.229518333333333,0.161716666666667,0.1202,0.110306666666667,0.08305,0.0805766666666667,0.0757566666666667,0.05486,0.05253,0.035275,0.0423016666666667,0.038185,0.0282816666666667,0.0241133333333333,0.0227266666666667,0.0175466666666667,0.0145433333333333,0.015555,0.0116866666666667,0.007555,0.00678333333333333,0.00352,0.00579333333333333,0.00585666666666667,0.00542,0.00499,0.002535,0.003735,0.00294,0.00595,0.00273,0.00253666666666667,0.00051,0.000831666666666667,0.00240833333333333,0.00187833333333333,0.000428333333333333,0,0,0,0,0,0,0,0,0,0,0,0.0000433333333333333,0.000126666666666667,0.000136666666666667,0.000146666666666667,0.000156666666666667,0.000166666666666667,0.00005,0,1,0,0,0,0,0,0,1,1,1,1,1,1,1,1,1,1,1,1,1,1,1,1,1,1,1,1,1,1,1,1,1,1,1,1,1,1,1,1,1,1,1,1,1,1,1,1,1,1,1,1,1,1,1,1,1,1,1,1,1,1,1,1,1,1,1,1,1,1,1,1,1,1,1,1,1,1,1,1,0
2026-08-07 04:00:00,60.1174074833333,0,0,0,0,0,0,0.0705016666666667,2.497005,7.39901666666667,9.86121666666667,8.037155,6.40214,5.734495,5.52668833333333,5.50150166666667,3.47537666666667,1.50877166666667,0.82568,0.49232,0.370468333333333,0.305165,0.313036666666667,0.274255,0.205541666666667,0.127791666666667,0.104543333333333,0.0912433333333333,0.0847066666666667,0.0620383333333333,0.061225,0.0489583333333333,0.045845,0.049015,0.0371866666666667,0.0301116666666667,0.0314516666666667,0.0247883333333333,0.017045,0.0172616666666667,0.0123666666666667,0.011605,0.0101716666666667,0.00771666666666667,0.00517,0.00601333333333333,0.00424833333333333,0.00353666666666667,0.00485833333333333,0.00340666666666667,0.0023,0.00439833333333333,0.00335,0.00177333333333333,0.000863333333333333,0.000863333333333333,0.00220666666666667,0.00192,0.00146333333333333,0.000856666666666667,0,0,0.001275,0.000386666666666667,0.000461666666666667,0,0,0,0,0.000416666666666667,0.000415,0,0,0,0,0,0,0,0,0,1,0,0,0,0,0,0,1,1,1,1,1,1,1,1,1,1,1,1,1,1,1,1,1,1,1,1,1,1,1,1,1,1,1,1,1,1,1,1,1,1,1,1,1,1,1,1,1,1,1,1,1,1,1,1,1,1,1,1,1,1,1,1,1,1,1,1,1,1,1,1,1,1,1,1,1,1,1,1,0
2026-08-07 05:00:00,57.55564505,0,0,0,0,0,0,0.0592133333333333,2.325605,7.05529,9.66037,7.78014,6.25149333333333,5.46229666666667,5.22755166666667,5.12103666666667,3.33952,1.43161666666667,0.749835,0.450508333333333,0.374008333333333,0.303661666666667,0.288615,0.27263,0.212775,0.145095,0.0959133333333333,0.093145,0.0901233333333333,0.06563,0.06411,0.0602716666666667,0.051195,0.0445566666666667,0.0485916666666667,0.0404716666666667,0.0276633333333333,0.0307383333333333,0.02511,0.0187583333333333,0.0145633333333333,0.0119366666666667,0.01339,0.0102933333333333,0.00731333333333333,0.00733666666666667,0.00639166666666667,0.00599833333333333,0.004405,0.00460833333333333,0.00499833333333333,0.004685,0.00164,0.00249666666666667,0.00186666666666667,0.002105,0.00435333333333333,0,0.00155,0.00102166666666667,0.000426666666666667,0.000806666666666667,0.000796666666666667,0.000101666666666667,0,0.00119,0.000496666666666667,0.000708333333333333,0.000131666666666667,0.000416666666666667,0.000415,0.00016,0.000316666666666667,0.00019,0.000203333333333333,0.000218333333333333,0.000235,0.000251666666666667,0.0000733333333333333,0,1,0,0,0,0,0,0,1,1,1,1,1,1,1,1,1,1,1,1,1,1,1,1,1,1,1,1,1,1,1,1,1,1,1,1,1,1,1,1,1,1,1,1,1,1,1,1,1,1,1,1,1,1,1,1,1,1,1,1,1,1,1,1,1,1,1,1,1,1,1,1,1,1,1,1,1,1,1,1,0
2026-08-07 06:00:00,60.4983559333333,0,0,0,0,0,0,0.0745566666666667,2.79168833333333,8.03495166666667,10.10508,8.07950166666667,6.50684666666667,5.75080833333333,5.81494166666667,5.094475,2.96879833333333,1.47423333333333,0.757626666666667,0.478986666666667,0.36284,0.324496666666667,0.336021666666667,0.293448333333333,0.217118333333333,0.161883333333333,0.120931666666667,0.0934116666666667,0.102956666666667,0.07256,0.07005,0.04858,0.0592966666666667,0.0499933333333333,0.05003,0.0383116666666667,0.0321266666666667,0.0261383333333333,0.0331133333333333,0.0266233333333333,0.02283,0.0153266666666667,0.0131383333333333,0.01587,0.0106733333333333,0.0123166666666667,0.009935,0.00794666666666667,0.00651,0.00522,0.006625,0.005595,0.00499,0.00682666666666667,0.00261166666666667,0.00179666666666667,0.00190833333333333,0.002065,0.00123333333333333,0.000911666666666667,0.00170833333333333,0.00251333333333333,0.00229333333333333,0.00073,0.001655,0.000806666666666667,0.000075,0.000288333333333333,0.000928333333333333,0.00087,0,0.000413333333333333,0.000455,0.000126666666666667,0.000136666666666667,0.000146666666666667,0.000156666666666667,0.000166666666666667,0.00005,0,1,0,0,0,0,0,0,1,1,1,1,1,1,1,1,1,1,1,1,1,1,1,1,1,1,1,1,1,1,1,1,1,1,1,1,1,1,1,1,1,1,1,1,1,1,1,1,1,1,1,1,1,1,1,1,1,1,1,1,1,1,1,1,1,1,1,1,1,1,1,1,1,1,1,1,1,1,1,1,0
2026-08-07 07:00:00,37.5141909666667,0,0,0,0,0,0,0.0570866666666667,1.92780833333333,5.349455,6.57320333333333,5.14425833333333,4.065905,3.59295666666667,3.53174833333333,2.90932166666667,1.69673166666667,0.758831666666667,0.4031,0.250648333333333,0.204203333333333,0.171156666666667,0.192988333333333,0.174035,0.11577,0.0961866666666667,0.0690916666666667,0.0637566666666667,0.0641933333333333,0.0592983333333333,0.0551583333333333,0.0458116666666667,0.041305,0.039335,0.0396,0.03618,0.031405,0.0274683333333333,0.0253033333333333,0.0171183333333333,0.0149066666666667,0.014115,0.0110666666666667,0.00638666666666667,0.00903166666666667,0.007165,0.006065,0.00469166666666667,0.00484,0.00675,0.00325,0.00383833333333333,0.00250666666666667,0.00302166666666667,0.003945,0.00244,0.002735,0.00086,0.00209166666666667,0.00101,0.000758333333333333,0.000851666666666667,0.00149666666666667,0.00059,0.00127,0.000883333333333333,0,0.00084,0.000418333333333333,0.000416666666666667,0.000588333333333333,0.000653333333333333,0.0000216666666666667,0.0000633333333333333,0.0000683333333333333,0.0000733333333333333,0.0000783333333333333,0.0000833333333333333,0.000025,0,1,0,0,0,0,0,0,1,1,1,1,1,1,1,1,1,1,1,1,1,1,1,1,1,1,1,1,1,1,1,1,1,1,1,1,1,1,1,1,1,1,1,1,1,1,1,1,1,1,1,1,1,1,1,1,1,1,1,1,1,1,1,1,1,1,1,1,1,1,1,1,1,1,1,1,1,1,1,1,0
2026-08-07 08:00:00,29.61965085,0,0,0,0,0,0,0.0487783333333333,1.58212333333333,4.44324333333333,5.31584333333333,3.99363333333333,3.00695833333333,2.59202333333333,2.60995333333333,2.22092666666667,1.35475833333333,0.557793333333333,0.290225,0.188726666666667,0.15852,0.126888333333333,0.137551666666667,0.124811666666667,0.095655,0.0723483333333333,0.0486316666666667,0.047765,0.0436016666666667,0.046865,0.04922,0.0406883333333333,0.0398733333333333,0.0331516666666667,0.03064,0.0287816666666667,0.0329316666666667,0.0273883333333333,0.0215216666666667,0.01671,0.0157266666666667,0.0081,0.010095,0.00934,0.0125066666666667,0.00983166666666667,0.0119,0.00613333333333333,0.006055,0.00582666666666667,0.00545833333333333,0.00336333333333333,0.00166333333333333,0.00379333333333333,0.00289666666666667,0.00528333333333333,0.002305,0.00146166666666667,0.001865,0.000713333333333333,0.00110666666666667,0.00189666666666667,0.000985,0.000488333333333333,0.000461666666666667,0,0.000421666666666667,0,0.000418333333333333,0.00064,0.000193333333333333,0,0.000823333333333333,0,0,0,0,0,0,0,1,0,0,0,0,0,0,1,1,1,1,1,1,1,1,1,1,1,1,1,1,1,1,1,1,1,1,1,1,1,1,1,1,1,1,1,1,1,1,1,1,1,1,1,1,1,1,1,1,1,1,1,1,1,1,1,1,1,1,1,1,1,1,1,1,1,1,1,1,1,1,1,1,1,1,1,1,1,1,0
2026-08-07 09:00:00,27.49870895,0,0,0,0,0,0,0.04504,1.44134166666667,4.14444,4.92020166666667,3.76086333333333,2.88083833333333,2.49816,2.4268,2.22298166666667,1.31418166666667,0.55731,0.296635,0.15823,0.148405,0.147173333333333,0.129385,0.127806666666667,0.0885666666666667,0.0665216666666667,0.047785,0.0529983333333333,0.045805,0.03714,0.0439366666666667,0.0322433333333333,0.0324233333333333,0.027115,0.026305,0.0275966666666667,0.0188433333333333,0.0229783333333333,0.0190966666666667,0.0153533333333333,0.0160233333333333,0.01086,0.00968666666666667,0.010935,0.005605,0.00262833333333333,0.00591833333333333,0.00491166666666667,0.00511166666666667,0.00361333333333333,0.00334833333333333,0.00466666666666667,0.00496666666666667,0.00386166666666667,0.00203333333333333,0.00409666666666667,0.000481666666666667,0,0.00128666666666667,0.00146,0.00153333333333333,0.00166,0.000796666666666667,0.000526666666666667,0,0.00119,0.00134,0.000708333333333333,0.00055,0.00128,0.000386666666666667,0.000986666666666667,0.000708333333333333,0.000126666666666667,0.000136666666666667,0.000146666666666667,0.000156666666666667,0.000166666666666667,0.00005,0,1,0,0,0,0,0,0,1,1,1,1,1,1,1,1,1,1,1,1,1,1,1,1,1,1,1,1,1,1,1,1,1,1,1,1,1,1,1,1,1,1,1,1,1,1,1,1,1,1,1,1,1,1,1,1,1,1,1,1,1,1,1,1,1,1,1,1,1,1,1,1,1,1,1,1,1,1,1,1,0
2026-08-07 10:00:00,35.76869085,0,0,0,0,0,0,0.0543483333333333,1.79923,5.01794166666667,6.06945166666667,4.64882166666667,3.66236666666667,3.19054166666667,3.08011166666667,2.932775,1.85975,0.712608333333333,0.412666666666667,0.250041666666667,0.18199,0.177716666666667,0.178228333333333,0.158993333333333,0.115245,0.0710533333333333,0.0587633333333333,0.0472733333333333,0.0434916666666667,0.0346233333333333,0.0376866666666667,0.0261883333333333,0.031365,0.0241216666666667,0.0199983333333333,0.0248983333333333,0.0199466666666667,0.0204716666666667,0.0139633333333333,0.015835,0.00903333333333333,0.00592166666666667,0.00646833333333333,0.00532,0.00865166666666667,0.00319,0.00424833333333333,0.00383,0.00513,0.00298,0.00610833333333333,0.003035,0.00248333333333333,0.00179666666666667,0.00198166666666667,0.00255166666666667,0.001525,0.002035,0.00137333333333333,0.00103166666666667,0.000251666666666667,0.000426666666666667,0.000425,0.00166166666666667,0.000461666666666667,0.000421666666666667,0.000283333333333333,0.000138333333333333,0.000418333333333333,0.000416666666666667,0,0,0.000065,0.00019,0.000205,0.00022,0.000235,0.00025,0.000075,0,1,0,0,0,0,0,0,1,1,1,1,1,1,1,1,1,1,1,1,1,1,1,1,1,1,1,1,1,1,1,1,1,1,1,1,1,1,1,1,1,1,1,1,1,1,1,1,1,1,1,1,1,1,1,1,1,1,1,1,1,1,1,1,1,1,1,1,1,1,1,1,1,1,1,1,1,1,1,1,0
2026-08-07 11:00:00,42.3773025333333,0,0,0,0,0,0,0.0744816666666667,2.17972833333333,5.86516166666667,7.05438333333333,5.59428833333333,4.23677833333333,3.74278833333333,3.59250833333333,3.50436166666667,2.38385333333333,0.935648333333333,0.530301666666667,0.311823333333333,0.236548333333333,0.202978333333333,0.199625,0.198883333333333,0.133235,0.0867283333333333,0.06884,0.0472966666666667,0.0460316666666667,0.0402783333333333,0.03769,0.03643,0.0317316666666667,0.0278266666666667,0.0267333333333333,0.0251066666666667,0.02097,0.01903,0.0158433333333333,0.0113633333333333,0.00912333333333333,0.00679,0.00538,0.00918,0.00753333333333333,0.00567333333333333,0.00483833333333333,0.003525,0.00602,0.00639166666666667,0.004645,0.00163,0.00595,0.002545,0.00341666666666667,0.00266,0.00148,0.00180666666666667,0.000631666666666667,0.00194333333333333,0.00153333333333333,0.00208666666666667,0.002295,0.00158,0.00123166666666667,0.000461666666666667,0.000988333333333333,0.000696666666666667,0.000836666666666667,0.000416666666666667,0.000588333333333333,0.00024,0.000433333333333333,0.0000633333333333333,0.0000683333333333333,0.0000733333333333333,0.0000783333333333333,0.0000833333333333333,0.000025,0,1,0,0,0,0,0,0,1,1,1,1,1,1,1,1,1,1,1,1,1,1,1,1,1,1,1,1,1,1,1,1,1,1,1,1,1,1,1,1,1,1,1,1,1,1,1,1,1,1,1,1,1,1,1,1,1,1,1,1,1,1,1,1,1,1,1,1,1,1,1,1,1,1,1,1,1,1,1,1,0
2026-08-07 12:00:00,40.2536659333333,0,0,0,0,0,0,0.0681983333333333,2.02467,5.691355,6.70939166666667,5.27175833333333,4.155215,3.63678666666667,3.56668,3.51149333333333,2.46369833333333,0.964778333333333,0.562255,0.300448333333333,0.25178,0.228183333333333,0.234006666666667,0.20158,0.13521,0.093745,0.0669183333333333,0.0508066666666667,0.0491783333333333,0.0393016666666667,0.0470816666666667,0.028855,0.034945,0.0293733333333333,0.0217,0.0211066666666667,0.0266966666666667,0.0138,0.0115733333333333,0.011665,0.00741333333333333,0.00963666666666667,0.00670666666666667,0.00848,0.007315,0.00603,0.00515666666666667,0.00404166666666667,0.003625,0.00336,0.00495666666666667,0.00253833333333333,0.00250666666666667,0.00338333333333333,0.00496666666666667,0.00288833333333333,0.00051,0.000401666666666667,0.001175,0.00235166666666667,0.00246166666666667,0.000426666666666667,0.000425,0.00208666666666667,0.0000383333333333333,0.00119166666666667,0.000075,0.00042,0.000418333333333333,0.000446666666666667,0.00121666666666667,0,0.000108333333333333,0.000316666666666667,0.000341666666666667,0.000366666666666667,0.000391666666666667,0.000416666666666667,0.000125,0,1,0,0,0,0,0,0,1,1,1,1,1,1,1,1,1,1,1,1,1,1,1,1,1,1,1,1,1,1,1,1,1,1,1,1,1,1,1,1,1,1,1,1,1,1,1,1,1,1,1,1,1,1,1,1,1,1,1,1,1,1,1,1,1,1,1,1,1,1,1,1,1,1,1,1,1,1,1,1,0
2026-08-07 13:00:00,42.7145804666667,0,0,0,0,0,0,0.0679283333333333,2.12511,5.88939666666667,7.05812833333333,5.40235166666667,4.41176166666667,4.00428166666667,3.87235833333333,3.902865,2.68371,1.05059333333333,0.582456666666667,0.343031666666667,0.258795,0.227873333333333,0.228858333333333,0.213576666666667,0.15061,0.114836666666667,0.06317,0.0514883333333333,0.0508133333333333,0.0387916666666667,0.03438,0.0319083333333333,0.035745,0.0246783333333333,0.0260616666666667,0.022705,0.0201916666666667,0.0197266666666667,0.0150066666666667,0.0127,0.0122833333333333,0.011275,0.00800833333333333,0.00758666666666667,0.00575666666666667,0.005115,0.006345,0.00470666666666667,0.00281,0.00504,0.00369833333333333,0.004295,0.00458,0.002975,0.00212166666666667,0.00228166666666667,0.000566666666666667,0.002065,0.00240833333333333,0.00154833333333333,0.000755,0.00166,0.00164666666666667,0.000526666666666667,0.00123166666666667,0.000885,0.001265,0.00112833333333333,0.00055,0.000416666666666667,0,0,0.00091,0.000253333333333333,0.000273333333333333,0.000293333333333333,0.000313333333333333,0.000333333333333333,0.0001,0,1,0,0,0,0,0,0,1,1,1,1,1,1,1,1,1,1,1,1,1,1,1,1,1,1,1,1,1,1,1,1,1,1,1,1,1,1,1,1,1,1,1,1,1,1,1,1,1,1,1,1,1,1,1,1,1,1,1,1,1,1,1,1,1,1,1,1,1,1,1,1,1,1,1,1,1,1,1,1,0
2026-08-07 14:00:00,51.36790695,0,0,0,0,0,0,0.0778516666666667,2.496525,6.53433666666667,8.18513,6.46777333333333,5.21115833333333,4.77089,4.71829666666667,4.72755333333333,3.34058,1.36443,0.748295,0.444965,0.335913333333333,0.284058333333333,0.26572,0.268673333333333,0.194136666666667,0.116635,0.0820866666666667,0.062805,0.05615,0.0436116666666667,0.0372416666666667,0.0342316666666667,0.0349466666666667,0.0327166666666667,0.0246233333333333,0.0220433333333333,0.0191033333333333,0.0189883333333333,0.0184433333333333,0.01588,0.00729,0.0107383333333333,0.00689166666666667,0.00647666666666667,0.00597333333333333,0.00563166666666667,0.009135,0.003965,0.00540166666666667,0.00320666666666667,0.00726333333333333,0.00497166666666667,0.00296166666666667,0.00127166666666667,0.00205166666666667,0.00471166666666667,0.001095,0.00186333333333333,0.00111666666666667,0.00214166666666667,0.002135,0.00147,0.002685,0.001725,0.00207833333333333,0.000536666666666667,0.00154833333333333,0.000558333333333333,0.001235,0.000465,0.000801666666666667,0.000826666666666667,0.000975,0.000443333333333333,0.000478333333333333,0.000513333333333333,0.000548333333333333,0.000583333333333333,0.000175,0,1,0,0,0,0,0,0,1,1,1,1,1,1,1,1,1,1,1,1,1,1,1,1,1,1,1,1,1,1,1,1,1,1,1,1,1,1,1,1,1,1,1,1,1,1,1,1,1,1,1,1,1,1,1,1,1,1,1,1,1,1,1,1,1,1,1,1,1,1,1,1,1,1,1,1,1,1,1,1,0
2026-08-07 15:00:00,45.7610856833333,0,0,0,0,0,0,0.0805766666666667,2.05562666666667,5.631835,6.984435,5.75784833333333,4.70496666666667,4.30155,4.19131333333333,4.36997,3.44118833333333,1.24211666666667,0.734886666666667,0.395705,0.299975,0.27169,0.251728333333333,0.24349,0.172931666666667,0.132975,0.0959733333333333,0.0614166666666667,0.047865,0.0411966666666667,0.0446033333333333,0.0343383333333333,0.0291866666666667,0.0224533333333333,0.02478,0.023165,0.02049,0.015535,0.01527,0.009445,0.01085,0.00887,0.00886833333333333,0.00576166666666667,0.00834166666666667,0.00534666666666667,0.00674833333333333,0.00673,0.00496666666666667,0.00532166666666667,0.0055,0.00509833333333333,0.00465,0.00494833333333333,0.00148666666666667,0.00127666666666667,0.00228333333333333,0.00169166666666667,0.000803333333333333,0.00161166666666667,0.00228833333333333,0.00104333333333333,0.00173333333333333,0.002715,0.00130833333333333,0.00119166666666667,0.00134,0.00141666666666667,0.00193666666666667,0.000833333333333333,0.00141833333333333,0.000653333333333333,0.000193333333333333,0.000568333333333333,0.000613333333333333,0.000658333333333333,0.000705,0.000751666666666667,0.000223333333333333,0,1,0,0,0,0,0,0,1,1,1,1,1,1,1,1,1,1,1,1,1,1,1,1,1,1,1,1,1,1,1,1,1,1,1,1,1,1,1,1,1,1,1,1,1,1,1,1,1,1,1,1,1,1,1,1,1,1,1,1,1,1,1,1,1,1,1,1,1,1,1,1,1,1,1,1,1,1,1,1,0
2026-08-07 16:00:00,47.6369567666667,0,0,0,0,0,0,0.0729383333333333,2.06460833333333,5.65284666666667,7.33693166666667,5.92011833333333,4.941065,4.391995,4.34305,4.479415,3.604415,1.34112,0.763488333333333,0.457988333333333,0.314161666666667,0.272383333333333,0.289196666666667,0.248568333333333,0.19212,0.123686666666667,0.0786916666666667,0.0689683333333333,0.054465,0.0474366666666667,0.0436133333333333,0.0336016666666667,0.0315933333333333,0.0320733333333333,0.03106,0.0281033333333333,0.026495,0.0183983333333333,0.017975,0.014415,0.0126583333333333,0.00886833333333333,0.00648333333333333,0.004255,0.00743333333333333,0.00676166666666667,0.00766833333333333,0.006285,0.003335,0.00596166666666667,0.002915,0.00588,0.002505,0.00295166666666667,0.00332833333333333,0.00112833333333333,0.00177666666666667,0.002695,0.00180833333333333,0.00162666666666667,0.00495166666666667,0.00189666666666667,0.00108666666666667,0.00119833333333333,0.0005,0.002035,0.00078,0.00126666666666667,0.00053,0.000851666666666667,0.00100333333333333,0.00122666666666667,0.00073,0.00019,0.000205,0.00022,0.000235,0.00025,0.000075,0,1,0,0,0,0,0,0,1,1,1,1,1,1,1,1,1,1,1,1,1,1,1,1,1,1,1,1,1,1,1,1,1,1,1,1,1,1,1,1,1,1,1,1,1,1,1,1,1,1,1,1,1,1,1,1,1,1,1,1,1,1,1,1,1,1,1,1,1,1,1,1,1,1,1,1,1,1,1,1,0
2026-08-07 17:00:00,52.1261109,0,0,0,0,0,0,0.0816483333333333,2.25167666666667,6.39811,7.94194333333333,6.5983,5.43656833333333,4.99140333333333,4.93844833333333,4.945055,3.75265833333333,1.482775,0.81409,0.463876666666667,0.352215,0.337855,0.299635,0.279043333333333,0.1925,0.146475,0.0903016666666667,0.0702116666666667,0.0530283333333333,0.0567183333333333,0.0491766666666667,0.0368283333333333,0.0358566666666667,0.030105,0.0256866666666667,0.0222783333333333,0.0165283333333333,0.01432,0.0133733333333333,0.0142033333333333,0.00870666666666667,0.0108266666666667,0.00620666666666667,0.00683666666666667,0.007715,0.00559666666666667,0.00733166666666667,0.00433,0.00457,0.00470666666666667,0.0055,0.00377666666666667,0.00296333333333333,0.00362833333333333,0.003125,0.00303833333333333,0.00190333333333333,0.001605,0.00249333333333333,0.00265666666666667,0.00135833333333333,0.00208666666666667,0.00164666666666667,0.001725,0.0005,0.000843333333333333,0.00197,0.00126666666666667,0.00055,0.00166666666666667,0.00100333333333333,0.00024,0.00013,0.00038,0.000408333333333333,0.000438333333333333,0.00047,0.000501666666666667,0.000148333333333333,0,1,0,0,0,0,0,0,1,1,1,1,1,1,1,1,1,1,1,1,1,1,1,1,1,1,1,1,1,1,1,1,1,1,1,1,1,1,1,1,1,1,1,1,1,1,1,1,1,1,1,1,1,1,1,1,1,1,1,1,1,1,1,1,1,1,1,1,1,1,1,1,1,1,1,1,1,1,1,1,0
2026-08-07 18:00:00,52.1076384,0,0,0,0,0,0,0.0872216666666667,2.39500333333333,6.28205,7.86966,6.39039,5.35983333333333,4.833305,4.85702666666667,4.9362,3.66270333333333,1.46915166666667,0.82923,0.473311666666667,0.343216666666667,0.33226,0.308621666666667,0.260963333333333,0.206891666666667,0.140118333333333,0.085805,0.06814,0.0617383333333333,0.05122,0.0443066666666667,0.0325966666666667,0.04116,0.0331016666666667,0.032525,0.0260783333333333,0.0241366666666667,0.0178883333333333,0.0159733333333333,0.0133533333333333,0.00936,0.00995833333333333,0.00802666666666667,0.00435666666666667,0.004235,0.008535,0.00803,0.00649666666666667,0.00467666666666667,0.00618833333333333,0.00380833333333333,0.00544666666666667,0.00293833333333333,0.00302166666666667,0.00412166666666667,0.003125,0.00147333333333333,0.00143333333333333,0.00315,0.00182333333333333,0.00213666666666667,0.00170666666666667,0.00255,0.001275,0.00127,0.000421666666666667,0.00141,0.000696666666666667,0.000418333333333333,0.00125,0.00100333333333333,0.00024,0.00101833333333333,0.00057,0.000613333333333333,0.000658333333333333,0.000705,0.000751666666666667,0.000223333333333333,0,1,0,0,0,0,0,0,1,1,1,1,1,1,1,1,1,1,1,1,1,1,1,1,1,1,1,1,1,1,1,1,1,1,1,1,1,1,1,1,1,1,1,1,1,1,1,1,1,1,1,1,1,1,1,1,1,1,1,1,1,1,1,1,1,1,1,1,1,1,1,1,1,1,1,1,1,1,1,1,0
2026-08-07 19:00:00,54.2620328,0,0,0,0,0,0,0.0770883333333333,2.55205333333333,6.9156,8.45130666666667,6.90967833333333,5.54465333333333,5.15352,5.00065833333333,5.02611166666667,3.895345,1.55790666666667,0.894211666666667,0.516046666666667,0.410658333333333,0.346373333333333,0.331438333333333,0.296611666666667,0.21651,0.133055,0.0947366666666667,0.072395,0.0630266666666667,0.0551466666666667,0.0521016666666667,0.0462233333333333,0.038705,0.0303316666666667,0.0277683333333333,0.0251083333333333,0.0244316666666667,0.0233466666666667,0.0182833333333333,0.01293,0.01338,0.00558666666666667,0.00695,0.00880833333333333,0.00840333333333333,0.007105,0.00337833333333333,0.00571166666666667,0.00603666666666667,0.00356,0.00508166666666667,0.00505666666666667,0.00335,0.00415333333333333,0.006245,0.00249166666666667,0.00185166666666667,0.00255166666666667,0.00240833333333333,0.00102166666666667,0.000428333333333333,0.00294,0.00174833333333333,0.000425,0.000808333333333333,0.0000383333333333333,0.00154833333333333,0.00139833333333333,0.000836666666666667,0.000416666666666667,0.000173333333333333,0.000653333333333333,0.0000433333333333333,0.000126666666666667,0.000136666666666667,0.000146666666666667,0.000156666666666667,0.000166666666666667,0.00005,0,1,0,0,0,0,0,0,1,1,1,1,1,1,1,1,1,1,1,1,1,1,1,1,1,1,1,1,1,1,1,1,1,1,1,1,1,1,1,1,1,1,1,1,1,1,1,1,1,1,1,1,1,1,1,1,1,1,1,1,1,1,1,1,1,1,1,1,1,1,1,1,1,1,1,1,1,1,1,1,0
2026-08-07 20:00:00,68.1375696333333,0,0,0,0,0,0,0.11102,3.43163666666667,9.1394,10.74397,8.49798833333333,6.958715,6.193975,6.06785166666667,6.086885,4.3351,1.79965333333333,1.04678,0.61353,0.467463333333333,0.416808333333333,0.417065,0.36616,0.250038333333333,0.170668333333333,0.123876666666667,0.091365,0.0883283333333333,0.0704433333333333,0.0609566666666667,0.0467283333333333,0.037695,0.03601,0.0338533333333333,0.0239916666666667,0.0230066666666667,0.0231683333333333,0.0198766666666667,0.01546,0.0102766666666667,0.01445,0.0112183333333333,0.0106216666666667,0.0105183333333333,0.00646166666666667,0.005755,0.00563333333333333,0.00735833333333333,0.00761833333333333,0.00431333333333333,0.00584166666666667,0.00499,0.00347666666666667,0.00317,0.00283666666666667,0.00190833333333333,0.00352666666666667,0.00229166666666667,0.00234833333333333,0.00246333333333333,0.00232333333333333,0.00163166666666667,0.001155,0.00250166666666667,0.001155,0.000433333333333333,0.000558333333333333,0.001235,0.000658333333333333,0.000783333333333333,0.000813333333333333,0.000275,0.0000633333333333333,0.0000683333333333333,0.0000733333333333333,0.0000783333333333333,0.0000833333333333333,0.000025,0,1,0,0,0,0,0,0,1,1,1,1,1,1,1,1,1,1,1,1,1,1,1,1,1,1,1,1,1,1,1,1,1,1,1,1,1,1,1,1,1,1,1,1,1,1,1,1,1,1,1,1,1,1,1,1,1,1,1,1,1,1,1,1,1,1,1,1,1,1,1,1,1,1,1,1,1,1,1,1,0
2026-08-07 21:00:00,110.494727689655,0,0,0,0,0,0,0.162412068965517,5.4541224137931,14.7005327586207,17.5708896551724,13.8567637931034,11.1029517241379,10.0162224137931,9.82816206896552,9.98412068965517,7.09102068965517,3.26266034482759,1.73036896551724,1.08471551724138,0.812587931034483,0.72323275862069,0.679443103448276,0.650974137931035,0.473918965517241,0.310636206896552,0.217984482758621,0.177813793103448,0.130648275862069,0.114322413793103,0.108001724137931,0.0818068965517241,0.0661775862068966,0.0611655172413793,0.0532551724137931,0.0430068965517241,0.0407344827586207,0.0306534482758621,0.0312344827586207,0.0283103448275862,0.0152758620689655,0.0170103448275862,0.0149103448275862,0.0105827586206897,0.0113931034482759,0.0160155172413793,0.0129206896551724,0.00926551724137931,0.00941206896551724,0.00827068965517241,0.0106206896551724,0.00668620689655172,0.00605862068965517,0.00603620689655172,0.00591206896551724,0.00409137931034483,0.00461551724137931,0.00278793103448276,0.00287413793103448,0.00396379310344828,0.00228793103448276,0.00176551724137931,0.00176034482758621,0.000879310344827586,0.00211034482758621,0.00139137931034483,0.000872413793103448,0.00116724137931034,0.000568965517241379,0.000431034482758621,0.000429310344827586,0.000593103448275862,0.000396551724137931,0.000393103448275862,0.000424137931034483,0.000455172413793103,0.000486206896551724,0.000517241379310345,0.000155172413793103,0,1,0,0,0,0,0,0,1,1,1,1,1,1,1,1,1,1,1,1,1,1,1,1,1,1,1,1,1,1,1,1,1,1,1,1,1,1,1,1,1,1,1,1,1,1,1,1,1,1,1,1,1,1,1,1,1,1,1,1,1,1,1,1,1,1,1,1,1,1,1,1,1,1,1,1,1,1,1,1,0
2026-08-07 22:00:00,87.9150972833333,0,0,0,0,0,0,0.116346666666667,3.99517333333333,11.003,13.29912,10.84623,8.87935166666667,8.04936166666667,7.82232166666667,7.99213166666667,6.26104833333333,2.894915,1.48571,0.858868333333333,0.680686666666667,0.570371666666667,0.540198333333333,0.493846666666667,0.364198333333333,0.254383333333333,0.156056666666667,0.128273333333333,0.113463333333333,0.08471,0.0854933333333333,0.0662133333333333,0.0587133333333333,0.0446133333333333,0.0391116666666667,0.0332533333333333,0.03127,0.0279033333333333,0.0197566666666667,0.0179083333333333,0.01419,0.01522,0.0133716666666667,0.01594,0.008445,0.008315,0.00468333333333333,0.00673,0.0106716666666667,0.007,0.00640833333333333,0.00674666666666667,0.00631,0.00665166666666667,0.00464833333333333,0.00332833333333333,0.00327333333333333,0.00157666666666667,0.00174833333333333,0.001515,0.00239166666666667,0.00104333333333333,0.000661666666666667,0.00085,0.00161666666666667,0.00134333333333333,0.000705,0.000138333333333333,0.000836666666666667,0.00150333333333333,0.00134166666666667,0.000893333333333333,0.000065,0.00019,0.000205,0.00022,0.000235,0.00025,0.000075,0,1,0,0,0,0,0,0,1,1,1,1,1,1,1,1,1,1,1,1,1,1,1,1,1,1,1,1,1,1,1,1,1,1,1,1,1,1,1,1,1,1,1,1,1,1,1,1,1,1,1,1,1,1,1,1,1,1,1,1,1,1,1,1,1,1,1,1,1,1,1,1,1,1,1,1,1,1,1,1,0
2026-08-07 23:00:00,93.2488665166667,0,0,0,0,0,0,0.140713333333333,4.72545333333333,12.8470033333333,15.1232933333333,11.6879666666667,9.276575,8.37034,8.22785166666667,8.37529333333333,6.16857166666667,2.67169333333333,1.38124833333333,0.843228333333333,0.618943333333333,0.53638,0.531431666666667,0.468416666666667,0.330786666666667,0.228143333333333,0.133198333333333,0.120831666666667,0.100586666666667,0.0932583333333333,0.0724416666666667,0.055115,0.0628,0.055385,0.0440666666666667,0.0415166666666667,0.0345916666666667,0.0289133333333333,0.022245,0.02498,0.01697,0.014655,0.0144966666666667,0.01244,0.00737833333333333,0.012525,0.00835833333333333,0.00953833333333333,0.00746833333333333,0.00433,0.00596333333333333,0.00627166666666667,0.00296333333333333,0.00249666666666667,0.00462333333333333,0.00188333333333333,0.00532,0.00303833333333333,0.00238166666666667,0.00242666666666667,0.00110666666666667,0.00270333333333333,0.001985,0,0.001155,0.000885,0.000918333333333333,0.00084,0.000836666666666667,0.000416666666666667,0.000415,0.000573333333333333,0.000751666666666667,0.000253333333333333,0.000273333333333333,0.000293333333333333,0.000313333333333333,0.000333333333333333,0.0001,0,1,0,0,0,0,0,0,1,1,1,1,1,1,1,1,1,1,1,1,1,1,1,1,1,1,1,1,1,1,1,1,1,1,1,1,1,1,1,1,1,1,1,1,1,1,1,1,1,1,1,1,1,1,1,1,1,1,1,1,1,1,1,1,1,1,1,1,1,1,1,1,1,1,1,1,1,1,1,1,0
2026-08-08,88.3727534333333,0,0,0,0,0,0,0.14126,4.53591666666667,12.286205,14.2615566666667,10.929755,8.659505,7.990185,8.07850166666667,8.322585,5.46027,2.32884,1.30623333333333,0.738385,0.5547,0.506578333333333,0.504778333333333,0.472536666666667,0.312431666666667,0.203041666666667,0.130368333333333,0.119788333333333,0.0901333333333333,0.078735,0.0670466666666667,0.052105,0.0586283333333333,0.041405,0.042525,0.0385683333333333,0.0371383333333333,0.033175,0.0311,0.02082,0.0189066666666667,0.0144416666666667,0.0155633333333333,0.0163883333333333,0.00818833333333333,0.00628333333333333,0.0102466666666667,0.005845,0.00589166666666667,0.00784333333333333,0.00556833333333333,0.00460166666666667,0.00248333333333333,0.00331333333333333,0.00400666666666667,0.002465,0.002415,0.00243666666666667,0.003725,0.00168,0.00110666666666667,0.00147,0.000883333333333333,0.000628333333333333,0.00123166666666667,0.000883333333333333,0.000705,0.00181833333333333,0.001215,0.00170333333333333,0.000415,0.000573333333333333,0.000253333333333333,0,0,0,0,0,0,0,1,0,0,0,0,0,0,1,1,1,1,1,1,1,1,1,1,1,1,1,1,1,1,1,1,1,1,1,1,1,1,1,1,1,1,1,1,1,1,1,1,1,1,1,1,1,1,1,1,1,1,1,1,1,1,1,1,1,1,1,1,1,1,1,1,1,1,1,1,1,1,1,1,1,1,1,1,1,1,0
2026-08-08 01:00:00,84.0178257166667,0,0,0,0,0,0,0.116013333333333,3.95384833333333,10.911275,12.83798,10.0738283333333,8.14722166666667,7.82958666666667,8.20114,8.52873,5.14964166666667,2.38988,1.29921166666667,0.770331666666667,0.59415,0.52808,0.490173333333333,0.476605,0.312555,0.19981,0.142116666666667,0.097055,0.0909233333333333,0.0637083333333333,0.07477,0.0587,0.057685,0.0441966666666667,0.0399033333333333,0.04018,0.03956,0.03059,0.0243183333333333,0.0208916666666667,0.0155166666666667,0.0181566666666667,0.00728666666666667,0.012875,0.00815833333333333,0.0114233333333333,0.00468333333333333,0.00643333333333333,0.006435,0.00417333333333333,0.00729,0.00596833333333333,0.007085,0.00170166666666667,0.00471333333333333,0.00357166666666667,0.000108333333333333,0.00209333333333333,0.00123166666666667,0.00219666666666667,0,0.00189666666666667,0.00141,0.00137666666666667,0.00123166666666667,0.00046,0.000283333333333333,0.000978333333333333,0.001215,0.0000366666666666667,0,0,0.0000866666666666667,0.000253333333333333,0.000273333333333333,0.000293333333333333,0.000313333333333333,0.000333333333333333,0.0001,0,1,0,0,0,0,0,0,1,1,1,1,1,1,1,1,1,1,1,1,1,1,1,1,1,1,1,1,1,1,1,1,1,1,1,1,1,1,1,1,1,1,1,1,1,1,1,1,1,1,1,1,1,1,1,1,1,1,1,1,1,1,1,1,1,1,1,1,1,1,1,1,1,1,1,1,1,1,1,1,0
2026-08-08 02:00:00,91.47777355,0,0,0,0,0,0,0.126858333333333,4.26952666666667,11.9471183333333,14.4568666666667,11.0568466666667,8.93909833333333,8.42451333333333,8.83827833333333,9.37211833333333,5.59632333333333,2.51501333333333,1.44623666666667,0.846106666666667,0.665918333333333,0.5848,0.553675,0.527426666666667,0.36079,0.221136666666667,0.153366666666667,0.126233333333333,0.108248333333333,0.077895,0.0753916666666667,0.0629466666666667,0.0585883333333333,0.0527766666666667,0.04866,0.0434383333333333,0.0339116666666667,0.02671,0.02216,0.0265816666666667,0.0175266666666667,0.016955,0.0121116666666667,0.0107066666666667,0.00868333333333333,0.007,0.006945,0.005715,0.00744833333333333,0.00588,0.00593333333333333,0.00464333333333333,0.00255333333333333,0.00245166666666667,0.00384833333333333,0.00632833333333333,0.00166,0.00157666666666667,0.003035,0.00237166666666667,0.000678333333333333,0.00123333333333333,0.00186833333333333,0.000305,0.000423333333333333,0.001615,0.000918333333333333,0,0,0.000416666666666667,0.00083,0.000826666666666667,0.0000433333333333333,0.000126666666666667,0.000136666666666667,0.000146666666666667,0.000156666666666667,0.000166666666666667,0.00005,0,1,0,0,0,0,0,0,1,1,1,1,1,1,1,1,1,1,1,1,1,1,1,1,1,1,1,1,1,1,1,1,1,1,1,1,1,1,1,1,1,1,1,1,1,1,1,1,1,1,1,1,1,1,1,1,1,1,1,1,1,1,1,1,1,1,1,1,1,1,1,1,1,1,1,1,1,1,1,1,0
2026-08-08 03:00:00,97.9868966333333,0,0,0,0,0,0,0.12294,4.30218833333333,12.2860483333333,15.5704666666667,12.051635,9.548175,8.87992833333333,9.10527,9.88177166666667,5.97798666666667,2.71374,1.50079666666667,0.900736666666667,0.691898333333333,0.641985,0.603388333333333,0.536843333333333,0.377703333333333,0.240128333333333,0.17005,0.114858333333333,0.0999783333333333,0.067145,0.0878366666666667,0.0615583333333333,0.06187,0.054855,0.0453866666666667,0.0408033333333333,0.03896,0.031915,0.0318016666666667,0.0275316666666667,0.0220066666666667,0.0138983333333333,0.0128016666666667,0.0136833333333333,0.0110533333333333,0.0112533333333333,0.00646166666666667,0.0114266666666667,0.009695,0.00725833333333333,0.00519166666666667,0.00753,0.005105,0.00245,0.00503666666666667,0.004725,0.00469166666666667,0.00143333333333333,0.00111666666666667,0.00103166666666667,0.00195833333333333,0.000853333333333333,0.001395,0.00073,0.00161666666666667,0.0000766666666666667,0,0.00042,0,0,0.000415,0,0.000065,0.00019,0.000205,0.00022,0.000235,0.00025,0.000075,0,1,0,0,0,0,0,0,1,1,1,1,1,1,1,1,1,1,1,1,1,1,1,1,1,1,1,1,1,1,1,1,1,1,1,1,1,1,1,1,1,1,1,1,1,1,1,1,1,1,1,1,1,1,1,1,1,1,1,1,1,1,1,1,1,1,1,1,1,1,1,1,1,1,1,1,1,1,1,1,0
2026-08-08 04:00:00,105.829810066667,0,0,0,0,0,0,0.137326666666667,4.69518833333333,13.3921216666667,17.0535116666667,13.2252816666667,10.3897416666667,9.43751333333333,9.70845333333333,10.704835,6.38347166666667,2.82425833333333,1.603895,0.994758333333333,0.777751666666667,0.670743333333333,0.631493333333333,0.576936666666667,0.425475,0.252118333333333,0.163598333333333,0.135553333333333,0.107866666666667,0.083095,0.080445,0.0676183333333333,0.0627483333333333,0.0551016666666667,0.0469266666666667,0.0411666666666667,0.0341966666666667,0.0353866666666667,0.031365,0.024845,0.0182033333333333,0.01434,0.009675,0.0148183333333333,0.00784833333333333,0.012145,0.00988833333333333,0.00954833333333333,0.008845,0.00569833333333333,0.006705,0.00427333333333333,0.00629,0.00633833333333333,0.00381166666666667,0.00397166666666667,0.00203333333333333,0.00286833333333333,0.00174666666666667,0.000483333333333333,0.002135,0.00123333333333333,0.000796666666666667,0.000488333333333333,0.001655,0.000498333333333333,0.000705,0.00139833333333333,0.000836666666666667,0,0,0,0.0000866666666666667,0.000253333333333333,0.000273333333333333,0.000293333333333333,0.000313333333333333,0.000333333333333333,0.0001,0,1,0,0,0,0,0,0,1,1,1,1,1,1,1,1,1,1,1,1,1,1,1,1,1,1,1,1,1,1,1,1,1,1,1,1,1,1,1,1,1,1,1,1,1,1,1,1,1,1,1,1,1,1,1,1,1,1,1,1,1,1,1,1,1,1,1,1,1,1,1,1,1,1,1,1,1,1,1,1,0
2026-08-08 05:00:00,105.089722483333,0,0,0,0,0,0,0.113705,4.637955,13.526685,17.27062,13.1625666666667,10.3463083333333,9.46124833333333,9.53550166666667,10.38925,6.37635666666667,2.73997833333333,1.563125,0.901445,0.712276666666667,0.641388333333333,0.602326666666667,0.56612,0.40902,0.260781666666667,0.172065,0.128155,0.11062,0.087965,0.0745483333333333,0.0641966666666667,0.0591416666666667,0.0522666666666667,0.04952,0.0340916666666667,0.0355533333333333,0.0283566666666667,0.0241583333333333,0.0195383333333333,0.022055,0.015775,0.0131583333333333,0.0121566666666667,0.0102366666666667,0.00951166666666667,0.010165,0.00671833333333333,0.00748333333333333,0.00616333333333333,0.005865,0.00472833333333333,0.00462666666666667,0.00718,0.00374166666666667,0.004185,0.00268833333333333,0.002265,0.001435,0.00217333333333333,0.00136,0.00128,0,0,0.00077,0.0000766666666666667,0.000705,0.00126666666666667,0.00053,0.000241666666666667,0.000608333333333333,0.000413333333333333,0.000065,0.00019,0.000205,0.00022,0.000235,0.00025,0.000075,0,1,0,0,0,0,0,0,1,1,1,1,1,1,1,1,1,1,1,1,1,1,1,1,1,1,1,1,1,1,1,1,1,1,1,1,1,1,1,1,1,1,1,1,1,1,1,1,1,1,1,1,1,1,1,1,1,1,1,1,1,1,1,1,1,1,1,1,1,1,1,1,1,1,1,1,1,1,1,1,0
2026-08-08 06:00:00,159.288325416667,0,0,0,0,0,0,0.20362,7.411295,21.4111216666667,27.2966366666667,21.0007933333333,16.50794,14.5762483333333,14.522105,15.1446266666667,7.50643166666667,3.70141333333333,2.02723666666667,1.26524166666667,0.982266666666667,0.875125,0.874646666666667,0.820148333333333,0.490803333333333,0.299205,0.183208333333333,0.151111666666667,0.124916666666667,0.123188333333333,0.0986033333333333,0.0829833333333333,0.081785,0.0593983333333333,0.0544233333333333,0.0499516666666667,0.05442,0.0397483333333333,0.041895,0.0328116666666667,0.019605,0.0211283333333333,0.01466,0.0173833333333333,0.00859166666666667,0.00732833333333333,0.0101816666666667,0.0149033333333333,0.00966,0.00944666666666667,0.00964333333333333,0.00770166666666667,0.007905,0.00513166666666667,0.007365,0.0052,0.00454,0.005675,0.00315333333333333,0.002525,0.00186166666666667,0.000853333333333333,0.000748333333333333,0.00180166666666667,0.00292833333333333,0.001305,0.000421666666666667,0.00126,0.000816666666666667,0.000658333333333333,0.000193333333333333,0,0.000628333333333333,0.000633333333333333,0.000683333333333333,0.000733333333333333,0.000783333333333333,0.000833333333333333,0.00025,0,1,0,0,0,0,0,0,1,1,1,1,1,1,1,1,1,1,1,1,1,1,1,1,1,1,1,1,1,1,1,1,1,1,1,1,1,1,1,1,1,1,1,1,1,1,1,1,1,1,1,1,1,1,1,1,1,1,1,1,1,1,1,1,1,1,1,1,1,1,1,1,1,1,1,1,1,1,1,1,0
2026-08-08 07:00:00,162.188764166667,0,0,0,0,0,0,0.228715,7.86440666666667,22.505895,28.0464716666667,21.6003766666667,16.69663,15.0700233333333,15.2237433333333,14.8268083333333,6.94362833333333,3.75580333333333,2.082615,1.2907,0.982951666666667,0.930606666666667,0.908448333333333,0.876198333333333,0.489108333333333,0.307771666666667,0.203105,0.152306666666667,0.134973333333333,0.0991283333333333,0.101881666666667,0.0727466666666667,0.0762516666666667,0.0653316666666667,0.0501233333333333,0.0532166666666667,0.049405,0.0555716666666667,0.0454466666666667,0.0286466666666667,0.0245766666666667,0.0249666666666667,0.019575,0.02135,0.01388,0.011215,0.0112716666666667,0.0134616666666667,0.009805,0.00917166666666667,0.00830833333333333,0.0101766666666667,0.00965833333333333,0.00561333333333333,0.00462333333333333,0.00404166666666667,0.00446333333333333,0.00329666666666667,0.00421,0.00540166666666667,0.002035,0.00275,0.00216,0.001865,0.00123166666666667,0.00134166666666667,0.00141,0.00127333333333333,0.00151833333333333,0.00125,0,0.000413333333333333,0.000975,0.000443333333333333,0.000476666666666667,0.000511666666666667,0.000548333333333333,0.000585,0.000173333333333333,0,1,0,0,0,0,0,0,1,1,1,1,1,1,1,1,1,1,1,1,1,1,1,1,1,1,1,1,1,1,1,1,1,1,1,1,1,1,1,1,1,1,1,1,1,1,1,1,1,1,1,1,1,1,1,1,1,1,1,1,1,1,1,1,1,1,1,1,1,1,1,1,1,1,1,1,1,1,1,1,0
2026-08-08 08:00:00,124.097816616667,0,0,0,0,0,0,0.197796666666667,6.78624166666667,18.1303083333333,21.2148983333333,16.1662483333333,12.416605,10.9909633333333,10.80105,10.8896583333333,6.40914,2.96541166666667,1.62689333333333,0.98893,0.726085,0.669271666666667,0.633895,0.588555,0.378393333333333,0.252188333333333,0.165081666666667,0.12112,0.11106,0.0900266666666667,0.078845,0.0754666666666667,0.0767916666666667,0.054985,0.0560133333333333,0.0509916666666667,0.0463816666666667,0.044655,0.0305016666666667,0.0396716666666667,0.023135,0.0243066666666667,0.0196633333333333,0.020525,0.0170266666666667,0.0125216666666667,0.012735,0.0121366666666667,0.012195,0.00786166666666667,0.007005,0.006295,0.00544666666666667,0.0104683333333333,0.005855,0.00395333333333333,0.00371333333333333,0.00559166666666667,0.00518,0.00323833333333333,0.004675,0.00360166666666667,0.00173333333333333,0.00314,0.00130833333333333,0.00245666666666667,0.00261166666666667,0.000835,0.00163333333333333,0.00128666666666667,0.00100333333333333,0.000653333333333333,0.000151666666666667,0.000443333333333333,0.000476666666666667,0.000511666666666667,0.000548333333333333,0.000585,0.000173333333333333,0,1,0,0,0,0,0,0,1,1,1,1,1,1,1,1,1,1,1,1,1,1,1,1,1,1,1,1,1,1,1,1,1,1,1,1,1,1,1,1,1,1,1,1,1,1,1,1,1,1,1,1,1,1,1,1,1,1,1,1,1,1,1,1,1,1,1,1,1,1,1,1,1,1,1,1,1,1,1,1,0
2026-08-08 09:00:00,86.793829338983,0,0,0,0,0,0,0.146562711864407,4.99238813559322,13.186413559322,15.2265779661017,11.6470525423729,8.74064915254237,7.61245084745763,7.1918813559322,7.24128305084746,4.95118813559322,1.9586593220339,1.06126440677966,0.60205593220339,0.4457,0.365189830508475,0.361574576271186,0.358003389830509,0.250093220338983,0.182083050847458,0.100862711864407,0.0883593220338983,0.0701796610169492,0.0596847457627119,0.060964406779661,0.0496372881355932,0.0485033898305085,0.0362576271186441,0.0388372881355932,0.0388118644067797,0.036371186440678,0.0315118644067797,0.0197220338983051,0.0204237288135593,0.0151118644067797,0.0111508474576271,0.0135864406779661,0.0122593220338983,0.0113610169491525,0.0101779661016949,0.00929661016949153,0.0116966101694915,0.0112983050847458,0.00758813559322034,0.00653220338983051,0.00785593220338983,0.00639830508474576,0.00727457627118644,0.00617966101694915,0.00610847457627119,0.00335932203389831,0.00297457627118644,0.00332203389830508,0.00672033898305085,0.00345084745762712,0.00255593220338983,0.00233389830508475,0.00239322033898305,0.00219152542372881,0.00288983050847458,0.00315254237288136,0.0010135593220339,0.00192881355932203,0.00130847457627119,0.000422033898305085,0.000840677966101695,0.000110169491525424,0.000322033898305085,0.000347457627118644,0.000372881355932203,0.000398305084745763,0.000423728813559322,0.000127118644067797,0,1,0,0,0,0,0,0,1,1,1,1,1,1,1,1,1,1,1,1,1,1,1,1,1,1,1,1,1,1,1,1,1,1,1,1,1,1,1,1,1,1,1,1,1,1,1,1,1,1,1,1,1,1,1,1,1,1,1,1,1,1,1,1,1,1,1,1,1,1,1,1,1,1,1,1,1,1,1,1,0
2026-08-08 10:00:00,80.95771905,0,0,0,0,0,0,0.141818333333333,4.60538666666667,12.324685,14.4307666666667,10.79742,8.22947833333333,7.05328833333333,6.66113,6.611455,4.53879166666667,1.63891333333333,0.8704,0.493686666666667,0.378386666666667,0.333588333333333,0.326483333333333,0.303738333333333,0.234475,0.136293333333333,0.090055,0.0708916666666667,0.067535,0.05822,0.0575916666666667,0.0485883333333333,0.0437266666666667,0.0391833333333333,0.0374383333333333,0.0306283333333333,0.0361116666666667,0.0391,0.024445,0.0258583333333333,0.0199166666666667,0.0143583333333333,0.016875,0.0146766666666667,0.0151816666666667,0.00999333333333333,0.00744333333333333,0.0104183333333333,0.0123166666666667,0.0121516666666667,0.0115083333333333,0.0104,0.007085,0.00506333333333333,0.00553833333333333,0.00585666666666667,0.00377166666666667,0.00794166666666667,0.00509666666666667,0.003325,0.00271666666666667,0.0037,0.00621666666666667,0.00196666666666667,0.004195,0.00211166666666667,0.00148333333333333,0.00266333333333333,0.00136666666666667,0.000658333333333333,0.00119666666666667,0.00138666666666667,0.00189333333333333,0.000443333333333333,0.000478333333333333,0.000513333333333333,0.000548333333333333,0.000583333333333333,0.000175,0,1,0,0,0,0,0,0,1,1,1,1,1,1,1,1,1,1,1,1,1,1,1,1,1,1,1,1,1,1,1,1,1,1,1,1,1,1,1,1,1,1,1,1,1,1,1,1,1,1,1,1,1,1,1,1,1,1,1,1,1,1,1,1,1,1,1,1,1,1,1,1,1,1,1,1,1,1,1,1,0
2026-08-08 11:00:00,76.7121411833333,0,0,0,0,0,0,0.145568333333333,4.298545,11.6084733333333,13.4953366666667,10.200655,7.75875666666667,6.76293,6.33267333333333,6.47338666666667,4.33804333333333,1.49611666666667,0.854455,0.480218333333333,0.37777,0.315343333333333,0.323033333333333,0.298938333333333,0.197201666666667,0.131935,0.0790133333333333,0.0685533333333333,0.0618166666666667,0.0429683333333333,0.0514416666666667,0.0442133333333333,0.0463183333333333,0.0417983333333333,0.04376,0.032925,0.0250116666666667,0.0252066666666667,0.0209383333333333,0.019135,0.01691,0.0168516666666667,0.00888166666666667,0.00772833333333333,0.0101166666666667,0.01312,0.0114866666666667,0.00902,0.00900333333333333,0.00878,0.00742666666666667,0.00670833333333333,0.00460333333333333,0.00401333333333333,0.00500166666666667,0.00603166666666667,0.00317,0.00338333333333333,0.003265,0.00394166666666667,0.00306666666666667,0.00294,0.00174833333333333,0.000425,0.00204,0.00176666666666667,0.00154833333333333,0.00255,0.00218,0.001105,0.000995,0.000573333333333333,0.00047,0.000633333333333333,0.000683333333333333,0.000733333333333333,0.000783333333333333,0.000833333333333333,0.00025,0,1,0,0,0,0,0,0,1,1,1,1,1,1,1,1,1,1,1,1,1,1,1,1,1,1,1,1,1,1,1,1,1,1,1,1,1,1,1,1,1,1,1,1,1,1,1,1,1,1,1,1,1,1,1,1,1,1,1,1,1,1,1,1,1,1,1,1,1,1,1,1,1,1,1,1,1,1,1,1,0
2026-08-08 12:00:00,70.65968125,0,0,0,0,0,0,0.138456666666667,4.06615166666667,10.8224783333333,12.4658016666667,9.19258666666667,6.97313666666667,6.02276,5.74656,5.89123,4.19791666666667,1.525435,0.81929,0.47924,0.340805,0.306773333333333,0.288875,0.271196666666667,0.203146666666667,0.129776666666667,0.083325,0.0653883333333333,0.060385,0.0456116666666667,0.0471333333333333,0.0419033333333333,0.0375083333333333,0.033925,0.024425,0.0287966666666667,0.0251233333333333,0.0146516666666667,0.015945,0.0127316666666667,0.0157566666666667,0.0109583333333333,0.010765,0.0142883333333333,0.0100516666666667,0.009055,0.0119633333333333,0.00729666666666667,0.0103683333333333,0.00653166666666667,0.00567833333333333,0.00807166666666667,0.00622166666666667,0.00662833333333333,0.00490333333333333,0.00442166666666667,0.00239,0.00197833333333333,0.00533,0.00438,0.00236833333333333,0.00275,0.00205666666666667,0.00320333333333333,0.00250166666666667,0.00180333333333333,0.00112666666666667,0.00223833333333333,0.001215,0.00087,0.00083,0.00124,0.00108333333333333,0.00076,0.00082,0.00088,0.00094,0.001,0.0003,0,1,0,0,0,0,0,0,1,1,1,1,1,1,1,1,1,1,1,1,1,1,1,1,1,1,1,1,1,1,1,1,1,1,1,1,1,1,1,1,1,1,1,1,1,1,1,1,1,1,1,1,1,1,1,1,1,1,1,1,1,1,1,1,1,1,1,1,1,1,1,1,1,1,1,1,1,1,1,1,0
2026-08-08 13:00:00,69.0840171166667,0,0,0,0,0,0,0.142768333333333,4.12882333333333,10.7680466666667,12.26836,9.09224333333333,6.87883,5.89911666666667,5.55947666666667,5.66523,4.07901,1.45675166666667,0.789016666666667,0.452341666666667,0.328003333333333,0.301768333333333,0.290791666666667,0.271756666666667,0.207658333333333,0.120836666666667,0.08595,0.0605416666666667,0.0674016666666667,0.0392916666666667,0.044375,0.0489583333333333,0.0325333333333333,0.02531,0.0275966666666667,0.02898,0.01938,0.0210466666666667,0.0201266666666667,0.0136566666666667,0.0163783333333333,0.0131383333333333,0.0124883333333333,0.0135316666666667,0.009525,0.0122066666666667,0.010185,0.007805,0.00701333333333333,0.00715833333333333,0.00639333333333333,0.00512,0.00636,0.004585,0.00469333333333333,0.00566166666666667,0.00381833333333333,0.00696666666666667,0.00386666666666667,0.001975,0.00502833333333333,0.00332,0.00297,0.00211166666666667,0.00296333333333333,0.002225,0.00210833333333333,0.00183666666666667,0.000681666666666667,0.00230666666666667,0.001785,0.00162833333333333,0.000723333333333333,0.000633333333333333,0.000681666666666667,0.000731666666666667,0.000783333333333333,0.000835,0.000248333333333333,0,1,0,0,0,0,0,0,1,1,1,1,1,1,1,1,1,1,1,1,1,1,1,1,1,1,1,1,1,1,1,1,1,1,1,1,1,1,1,1,1,1,1,1,1,1,1,1,1,1,1,1,1,1,1,1,1,1,1,1,1,1,1,1,1,1,1,1,1,1,1,1,1,1,1,1,1,1,1,1,0
2026-08-08 14:00:00,65.4752810833333,0,0,0,0,0,0,0.127993333333333,3.77331166666667,9.88000166666667,11.3591,8.50470833333333,6.41889,5.43182166666667,5.288245,5.46546833333333,4.11079666666667,1.45233833333333,0.812698333333333,0.436803333333333,0.308391666666667,0.296106666666667,0.266106666666667,0.276821666666667,0.193666666666667,0.134533333333333,0.083735,0.05662,0.051765,0.0429116666666667,0.0371916666666667,0.0395283333333333,0.0332983333333333,0.03218,0.0290816666666667,0.0225416666666667,0.02375,0.02009,0.0175883333333333,0.0181566666666667,0.01406,0.0112716666666667,0.0123633333333333,0.009185,0.00756666666666667,0.00972,0.006415,0.00904,0.004985,0.00506666666666667,0.00458,0.0064,0.00503666666666667,0.007225,0.00219166666666667,0.00508833333333333,0.00327166666666667,0.00120333333333333,0.00340833333333333,0.00466666666666667,0.00399666666666667,0.004835,0.00305666666666667,0.001015,0.00173166666666667,0.00126833333333333,0.00112666666666667,0.001975,0.00193666666666667,0.000416666666666667,0,0.0014,0.000881666666666667,0.000633333333333333,0.000683333333333333,0.000733333333333333,0.000783333333333333,0.000833333333333333,0.00025,0,1,0,0,0,0,0,0,1,1,1,1,1,1,1,1,1,1,1,1,1,1,1,1,1,1,1,1,1,1,1,1,1,1,1,1,1,1,1,1,1,1,1,1,1,1,1,1,1,1,1,1,1,1,1,1,1,1,1,1,1,1,1,1,1,1,1,1,1,1,1,1,1,1,1,1,1,1,1,1,0
2026-08-08 15:00:00,62.9519938166667,0,0,0,0,0,0,0.121658333333333,3.30129333333333,9.061205,11.0967233333333,8.07751833333333,6.09358833333333,5.30390833333333,5.12425666666667,5.30547666666667,4.30512,1.41401666666667,0.798323333333333,0.449641666666667,0.327668333333333,0.29089,0.28858,0.281408333333333,0.185238333333333,0.128705,0.0664183333333333,0.0515866666666667,0.0483183333333333,0.039345,0.04761,0.0330233333333333,0.031155,0.0273483333333333,0.019165,0.0241133333333333,0.0211416666666667,0.014235,0.014675,0.0120966666666667,0.00937666666666667,0.0111733333333333,0.0101683333333333,0.00890333333333333,0.00912,0.00485666666666667,0.00703,0.00476,0.007575,0.00323333333333333,0.00845333333333333,0.006875,0.00416833333333333,0.00544833333333333,0.00374166666666667,0.00488833333333333,0.00545333333333333,0.00438666666666667,0.00234833333333333,0.000911666666666667,0.00170666666666667,0.00336666666666667,0.00249666666666667,0.000875,0.00257833333333333,0.00165333333333333,0.00232833333333333,0.000565,0.00176666666666667,0.000676666666666667,0.00143833333333333,0.0014,0.00287333333333333,0.000441666666666667,0.000476666666666667,0.000511666666666667,0.000548333333333333,0.000585,0.000173333333333333,0,1,0,0,0,0,0,0,1,1,1,1,1,1,1,1,1,1,1,1,1,1,1,1,1,1,1,1,1,1,1,1,1,1,1,1,1,1,1,1,1,1,1,1,1,1,1,1,1,1,1,1,1,1,1,1,1,1,1,1,1,1,1,1,1,1,1,1,1,1,1,1,1,1,1,1,1,1,1,1,0
2026-08-08 16:00:00,63.9781216,0,0,0,0,0,0,0.101265,3.21060666666667,8.78486666666667,10.91711,7.98565,6.20893166666667,5.487345,5.35544333333333,5.668625,4.63802166666667,1.67836833333333,0.910918333333333,0.49189,0.373751666666667,0.325311666666667,0.312225,0.286136666666667,0.206696666666667,0.12542,0.0825833333333333,0.0610566666666667,0.0562383333333333,0.038205,0.0467516666666667,0.0299866666666667,0.0295666666666667,0.0306816666666667,0.0258233333333333,0.02084,0.0168983333333333,0.0184966666666667,0.02072,0.0160466666666667,0.0130966666666667,0.0103866666666667,0.00771833333333333,0.00854333333333333,0.00940166666666667,0.00605,0.009405,0.00715666666666667,0.005995,0.00412166666666667,0.00336,0.00464333333333333,0.00294,0.00487833333333333,0.00422666666666667,0.00421666666666667,0.003255,0.00493166666666667,0.00169333333333333,0.00262166666666667,0.0039,0.00204,0.00212,0.00338666666666667,0.00423333333333333,0.00138333333333333,0.000988333333333333,0.00140333333333333,0.001785,0.00126833333333333,0.000415,0.00114666666666667,0.00146,0.00038,0.00041,0.00044,0.00047,0.0005,0.00015,0,1,0,0,0,0,0,0,1,1,1,1,1,1,1,1,1,1,1,1,1,1,1,1,1,1,1,1,1,1,1,1,1,1,1,1,1,1,1,1,1,1,1,1,1,1,1,1,1,1,1,1,1,1,1,1,1,1,1,1,1,1,1,1,1,1,1,1,1,1,1,1,1,1,1,1,1,1,1,1,0
2026-08-08 17:00:00,68.0134622166667,0,0,0,0,0,0,0.107681666666667,3.19055833333333,8.82562666666667,11.0997833333333,8.53384833333333,6.712175,5.92603333333333,6.05688166666667,6.30776666666667,5.387665,1.91746333333333,1.05621,0.576021666666667,0.429503333333333,0.366211666666667,0.363731666666667,0.335613333333333,0.245953333333333,0.142126666666667,0.09536,0.063055,0.0517666666666667,0.04691,0.0491466666666667,0.0381666666666667,0.031495,0.0314016666666667,0.024605,0.022645,0.0226366666666667,0.0141866666666667,0.0173033333333333,0.0168216666666667,0.0119766666666667,0.00997,0.0133966666666667,0.0101683333333333,0.00749666666666667,0.0113516666666667,0.00716833333333333,0.00723,0.00645333333333333,0.0043,0.00677333333333333,0.00555333333333333,0.0067,0.00533166666666667,0.00128333333333333,0.00313333333333333,0.00469666666666667,0.00266666666666667,0.002665,0.00283166666666667,0.002465,0.00232333333333333,0.00173333333333333,0.00144,0.00130833333333333,0.00119166666666667,0.000358333333333333,0.000138333333333333,0.001215,0.00087,0.00083,0.00016,0.000621666666666667,0.00107666666666667,0.00115666666666667,0.00124166666666667,0.00133166666666667,0.00142166666666667,0.00042,0,1,0,0,0,0,0,0,1,1,1,1,1,1,1,1,1,1,1,1,1,1,1,1,1,1,1,1,1,1,1,1,1,1,1,1,1,1,1,1,1,1,1,1,1,1,1,1,1,1,1,1,1,1,1,1,1,1,1,1,1,1,1,1,1,1,1,1,1,1,1,1,1,1,1,1,1,1,1,1,0
2026-08-08 18:00:00,69.1855990666667,0,0,0,0,0,0,0.106065,3.17992333333333,8.94759,11.097195,8.41219,6.654765,6.00421166666667,6.042775,6.50717166666667,5.59585,2.06864666666667,1.1335,0.631046666666667,0.472806666666667,0.424611666666667,0.36715,0.34523,0.241743333333333,0.13604,0.108416666666667,0.069795,0.05677,0.0585583333333333,0.0432483333333333,0.0332266666666667,0.0337166666666667,0.0271216666666667,0.0238533333333333,0.0206933333333333,0.0236216666666667,0.02096,0.019875,0.0188966666666667,0.0132066666666667,0.0105166666666667,0.0103766666666667,0.00745666666666667,0.006845,0.009295,0.00805333333333333,0.00875666666666667,0.00664833333333333,0.00727833333333333,0.00629833333333333,0.00561666666666667,0.00289166666666667,0.004855,0.00414666666666667,0.00214,0.00357166666666667,0.000831666666666667,0.00235166666666667,0.00271166666666667,0.00221166666666667,0.00379333333333333,0.000898333333333333,0.00123666666666667,0.00127,0.00150166666666667,0.000931666666666667,0.00168666666666667,0.00138666666666667,0.00064,0.000955,0.000893333333333333,0.00013,0.00038,0.000408333333333333,0.000438333333333333,0.00047,0.000501666666666667,0.000148333333333333,0,1,0,0,0,0,0,0,1,1,1,1,1,1,1,1,1,1,1,1,1,1,1,1,1,1,1,1,1,1,1,1,1,1,1,1,1,1,1,1,1,1,1,1,1,1,1,1,1,1,1,1,1,1,1,1,1,1,1,1,1,1,1,1,1,1,1,1,1,1,1,1,1,1,1,1,1,1,1,1,0
2026-08-08 19:00:00,74.37369325,0,0,0,0,0,0,0.104328333333333,3.472045,9.62542,12.2183366666667,9.20774833333333,7.35600333333333,6.565175,6.56418666666667,6.86238666666667,5.740095,2.26608666666667,1.20447,0.641268333333333,0.473098333333333,0.437863333333333,0.382946666666667,0.376838333333333,0.249281666666667,0.160356666666667,0.10407,0.0670183333333333,0.0765783333333333,0.0556783333333333,0.0507216666666667,0.0357716666666667,0.0357316666666667,0.0315183333333333,0.0299216666666667,0.0294783333333333,0.0210883333333333,0.0181966666666667,0.018625,0.0159316666666667,0.0156066666666667,0.0113883333333333,0.0103666666666667,0.0115433333333333,0.0107383333333333,0.00879,0.0062,0.00642666666666667,0.00647,0.00827666666666667,0.00556833333333333,0.0051,0.00542333333333333,0.003405,0.00729166666666667,0.00272166666666667,0.00484,0.00209333333333333,0.00332166666666667,0.00268,0.000853333333333333,0.00512,0.0017,0.00123666666666667,0.00211666666666667,0.000885,0,0.00042,0.000398333333333333,0.000241666666666667,0.000193333333333333,0,0.00013,0.00038,0.00041,0.00044,0.00047,0.0005,0.00015,0,1,0,0,0,0,0,0,1,1,1,1,1,1,1,1,1,1,1,1,1,1,1,1,1,1,1,1,1,1,1,1,1,1,1,1,1,1,1,1,1,1,1,1,1,1,1,1,1,1,1,1,1,1,1,1,1,1,1,1,1,1,1,1,1,1,1,1,1,1,1,1,1,1,1,1,1,1,1,1,0
2026-08-08 20:00:00,86.3108683833333,0,0,0,0,0,0,0.12708,4.20639,11.5398366666667,14.609935,11.192035,8.80501166666667,7.59139666666667,7.28450666666667,7.40097166666667,5.98827833333333,2.406445,1.25893333333333,0.704351666666667,0.512123333333333,0.448083333333333,0.394651666666667,0.36828,0.275265,0.16998,0.112978333333333,0.0893216666666667,0.0816683333333333,0.0588533333333333,0.0664583333333333,0.0469883333333333,0.039215,0.0386166666666667,0.027595,0.0369666666666667,0.0245566666666667,0.0210133333333333,0.02132,0.0233683333333333,0.0168216666666667,0.0116283333333333,0.013585,0.0129183333333333,0.00890166666666667,0.0115133333333333,0.00810166666666667,0.00511666666666667,0.010565,0.00806833333333333,0.00732833333333333,0.00512166666666667,0.00371333333333333,0.00336,0.00169166666666667,0.00471,0.00378833333333333,0.00407166666666667,0.00260666666666667,0.00194333333333333,0.00195833333333333,0.00147,0.001835,0.00133833333333333,0.00254,0.00227166666666667,0.00114333333333333,0.00042,0.000398333333333333,0.000851666666666667,0.000415,0.000573333333333333,0.000275,0.0000633333333333333,0.0000683333333333333,0.0000733333333333333,0.0000783333333333333,0.0000833333333333333,0.000025,0,1,0,0,0,0,0,0,1,1,1,1,1,1,1,1,1,1,1,1,1,1,1,1,1,1,1,1,1,1,1,1,1,1,1,1,1,1,1,1,1,1,1,1,1,1,1,1,1,1,1,1,1,1,1,1,1,1,1,1,1,1,1,1,1,1,1,1,1,1,1,1,1,1,1,1,1,1,1,1,0
2026-08-08 21:00:00,115.2905248,0,0,0,0,0,0,0.165548333333333,5.50731333333333,14.9375,19.347695,15.301125,11.90592,10.2347316666667,9.78317333333333,9.602645,7.762745,3.296945,1.681965,1.00966166666667,0.733118333333333,0.611203333333333,0.583141666666667,0.541283333333333,0.396145,0.260503333333333,0.178991666666667,0.121455,0.117395,0.104211666666667,0.089525,0.0763016666666667,0.0600933333333333,0.0543016666666667,0.052605,0.0459083333333333,0.031975,0.03113,0.0303566666666667,0.019535,0.0161,0.01358,0.0110233333333333,0.011785,0.0120116666666667,0.0131416666666667,0.0101166666666667,0.011645,0.00598166666666667,0.00700166666666667,0.00563666666666667,0.00590333333333333,0.007155,0.00508833333333333,0.00339833333333333,0.00485,0.00459666666666667,0.00424333333333333,0.00206166666666667,0.00188833333333333,0.001535,0.00142333333333333,0.00465833333333333,0.00324166666666667,0.000885,0.001615,0.00247333333333333,0.00113,0.000681666666666667,0.000833333333333333,0.00100333333333333,0.000653333333333333,0.00106,0.000695,0.000746666666666667,0.000801666666666667,0.00086,0.000921666666666667,0.000271666666666667,0,1,0,0,0,0,0,0,1,1,1,1,1,1,1,1,1,1,1,1,1,1,1,1,1,1,1,1,1,1,1,1,1,1,1,1,1,1,1,1,1,1,1,1,1,1,1,1,1,1,1,1,1,1,1,1,1,1,1,1,1,1,1,1,1,1,1,1,1,1,1,1,1,1,1,1,1,1,1,1,0
2026-08-08 22:00:00,116.852717362069,0,0,0,0,0,0,0.16185,5.76613448275862,14.6201431034483,19.0537293103448,14.9549431034483,11.8981672413793,10.3972293103448,10.0187913793103,10.0846637931034,7.78826896551724,3.26946379310345,1.71610344827586,0.993053448275862,0.778091379310345,0.686622413793103,0.666627586206897,0.633298275862069,0.422465517241379,0.286365517241379,0.181043103448276,0.146903448275862,0.144522413793103,0.0923827586206896,0.110172413793103,0.0751034482758621,0.0691327586206897,0.0603,0.0547534482758621,0.0493689655172414,0.0408327586206897,0.0279965517241379,0.0255775862068966,0.0214448275862069,0.019248275862069,0.0161965517241379,0.0124793103448276,0.0137172413793103,0.0109793103448276,0.015251724137931,0.0142465517241379,0.00642241379310345,0.00928103448275862,0.00975172413793103,0.00752586206896552,0.0061051724137931,0.00304137931034483,0.00757931034482759,0.00345,0.0036448275862069,0.00414310344827586,0.00148275862068966,0.00192931034482759,0.00232931034482759,0.00309827586206897,0.00416724137931034,0.00277758620689655,0.000105172413793103,0.000875862068965517,0.000437931034482759,0.00233103448275862,0.000286206896551724,0.00086551724137931,0,0.000429310344827586,0.00016551724137931,0.000441379310344828,0.000524137931034483,0.000562068965517241,0.000603448275862069,0.000648275862068965,0.000693103448275862,0.000203448275862069,0,1,0,0,0,0,0,0,1,1,1,1,1,1,1,1,1,1,1,1,1,1,1,1,1,1,1,1,1,1,1,1,1,1,1,1,1,1,1,1,1,1,1,1,1,1,1,1,1,1,1,1,1,1,1,1,1,1,1,1,1,1,1,1,1,1,1,1,1,1,1,1,1,1,1,1,1,1,1,1,0
2026-08-08 23:00:00,177.853121017241,0,0,0,0,0,0,0.275136206896552,9.02574137931034,23.1656448275862,29.4366155172414,23.5359310344828,18.6083586206897,15.929474137931,14.6836948275862,14.49335,11.3434534482759,5.25828965517241,2.72016379310345,1.5065775862069,1.10554482758621,0.919668965517241,0.873124137931034,0.847572413793103,0.594965517241379,0.42388275862069,0.282598275862069,0.225131034482759,0.188470689655172,0.144956896551724,0.13613275862069,0.0970862068965517,0.0789155172413793,0.0701862068965517,0.06935,0.0596413793103448,0.0520551724137931,0.0345224137931034,0.0258896551724138,0.0250706896551724,0.0241172413793103,0.0132706896551724,0.0118396551724138,0.0119396551724138,0.015901724137931,0.0106068965517241,0.0127310344827586,0.00917931034482759,0.00710689655172414,0.0109344827586207,0.0085051724137931,0.00445,0.00691034482758621,0.00424827586206897,0.00448103448275862,0.00613793103448276,0.00452758620689655,0.00608275862068966,0.00542758620689655,0.00513620689655172,0.00228793103448276,0.00308965517241379,0.00198793103448276,0.00196896551724138,0.0033448275862069,0.00210689655172414,0.0011051724137931,0.000732758620689655,0.000136206896551724,0,0.000179310344827586,0.000248275862068966,0.0000448275862068966,0.000131034482758621,0.000141379310344828,0.000151724137931034,0.000162068965517241,0.000172413793103448,0.0000517241379310345,0,1,0,0,0,0,0,0,1,1,1,1,1,1,1,1,1,1,1,1,1,1,1,1,1,1,1,1,1,1,1,1,1,1,1,1,1,1,1,1,1,1,1,1,1,1,1,1,1,1,1,1,1,1,1,1,1,1,1,1,1,1,1,1,1,1,1,1,1,1,1,1,1,1,1,1,1,1,1,1,0
2026-08-09,123.749532847458,0,0,0,0,0,0,0.192052542372881,6.54617796610169,16.3973593220339,20.9027491525424,16.5615881355932,12.8861677966102,11.1284389830508,10.3644152542373,10.4649508474576,8.03520677966102,3.32391186440678,1.6872406779661,0.966483050847458,0.676861016949153,0.607052542372881,0.596222033898305,0.561923728813559,0.427083050847458,0.304903389830508,0.175603389830508,0.137276271186441,0.135076271186441,0.104932203389831,0.0953677966101695,0.0676254237288136,0.0719881355932203,0.0622423728813559,0.0506254237288136,0.045964406779661,0.0384271186440678,0.0426694915254237,0.0330118644067797,0.0206559322033898,0.016271186440678,0.0172559322033898,0.0152067796610169,0.0102610169491525,0.00983898305084746,0.012128813559322,0.00866440677966102,0.00822542372881356,0.0134118644067797,0.00921694915254237,0.0105796610169492,0.00593728813559322,0.0043593220338983,0.00486440677966102,0.00410847457627119,0.00416440677966102,0.00366610169491525,0.00513220338983051,0.00457627118644068,0.00232203389830508,0.00398474576271186,0.00226779661016949,0.00206779661016949,0.00129661016949153,0.000861016949152542,0.000861016949152542,0.00200338983050847,0.000140677966101695,0.000830508474576271,0.000442372881355932,0.000422033898305085,0.000420338983050847,0.0000440677966101695,0.000128813559322034,0.000138983050847458,0.000149152542372881,0.000159322033898305,0.000169491525423729,0.0000508474576271186,0,1,0,0,0,0,0,0,1,1,1,1,1,1,1,1,1,1,1,1,1,1,1,1,1,1,1,1,1,1,1,1,1,1,1,1,1,1,1,1,1,1,1,1,1,1,1,1,1,1,1,1,1,1,1,1,1,1,1,1,1,1,1,1,1,1,1,1,1,1,1,1,1,1,1,1,1,1,1,1,0
2026-08-09 01:00:00,116.03692385,0,0,0,0,0,0,0.190506666666667,6.11924833333333,15.7290566666667,20.1019116666667,15.6835766666667,12.0776066666667,10.3831683333333,9.69101666666667,9.74006666666667,7.16788333333333,2.87976166666667,1.42719,0.79009,0.598175,0.526223333333333,0.545295,0.510563333333333,0.378036666666667,0.27809,0.173723333333333,0.147725,0.13657,0.103761666666667,0.099055,0.0731816666666667,0.075185,0.0651483333333333,0.05399,0.04799,0.0451516666666667,0.036945,0.0339283333333333,0.0315116666666667,0.0245233333333333,0.018725,0.0183,0.014865,0.0127316666666667,0.015185,0.008745,0.00969,0.013245,0.00840333333333333,0.00548,0.01131,0.00841,0.00800333333333333,0.00594,0.00616333333333333,0.00426666666666667,0.00309666666666667,0.003955,0.00248166666666667,0.00153166666666667,0.00275,0.00205666666666667,0.000305,0.00250166666666667,0.00173,0.000843333333333333,0.00042,0,0.000416666666666667,0,0,0.000888333333333333,0.00019,0.000205,0.00022,0.000235,0.00025,0.000075,0,1,0,0,0,0,0,0,1,1,1,1,1,1,1,1,1,1,1,1,1,1,1,1,1,1,1,1,1,1,1,1,1,1,1,1,1,1,1,1,1,1,1,1,1,1,1,1,1,1,1,1,1,1,1,1,1,1,1,1,1,1,1,1,1,1,1,1,1,1,1,1,1,1,1,1,1,1,1,1,0
2026-08-09 02:00:00,102.8390203,0,0,0,0,0,0,0.164133333333333,5.60283833333333,14.092355,17.878605,14.093055,10.8812566666667,9.47005166666667,8.69644333333333,8.529925,6.03082666666667,2.26955,1.17074833333333,0.672408333333333,0.52696,0.440451666666667,0.465133333333333,0.423531666666667,0.309713333333333,0.189366666666667,0.124038333333333,0.121508333333333,0.11483,0.0829683333333333,0.0852766666666667,0.0677766666666667,0.063905,0.0572166666666667,0.0575433333333333,0.0480383333333333,0.0448033333333333,0.0390016666666667,0.0274566666666667,0.0206633333333333,0.0228116666666667,0.0208983333333333,0.0110266666666667,0.0149616666666667,0.0123533333333333,0.00713,0.00897833333333333,0.0089,0.005655,0.00726166666666667,0.00923166666666667,0.00872833333333333,0.00713333333333333,0.00590333333333333,0.00630333333333333,0.00595333333333333,0.00454666666666667,0.005105,0.00361333333333333,0.00351333333333333,0.00648166666666667,0.00142333333333333,0.001135,0.000811666666666667,0.002425,0.00127,0.00127666666666667,0.000558333333333333,0.000418333333333333,0.000863333333333333,0.00139,0.000653333333333333,0.000455,0.000126666666666667,0.000136666666666667,0.000146666666666667,0.000156666666666667,0.000166666666666667,0.00005,0,1,0,0,0,0,0,0,1,1,1,1,1,1,1,1,1,1,1,1,1,1,1,1,1,1,1,1,1,1,1,1,1,1,1,1,1,1,1,1,1,1,1,1,1,1,1,1,1,1,1,1,1,1,1,1,1,1,1,1,1,1,1,1,1,1,1,1,1,1,1,1,1,1,1,1,1,1,1,1,0
2026-08-09 03:00:00,98.5608629833333,0,0,0,0,0,0,0.168205,5.20410833333333,13.4949716666667,17.46745,13.5244916666667,10.5337466666667,9.03194166666667,8.46525833333333,8.27808,5.72134666666667,2.06978,1.10214833333333,0.645555,0.473965,0.400668333333333,0.425125,0.407866666666667,0.285095,0.194291666666667,0.133341666666667,0.102515,0.097565,0.089545,0.0795983333333333,0.0660283333333333,0.06493,0.056795,0.0527466666666667,0.0482033333333333,0.0419783333333333,0.03778,0.0292616666666667,0.03039,0.019,0.01445,0.014435,0.0128,0.00968,0.0138883333333333,0.00960833333333333,0.00548333333333333,0.0121416666666667,0.00666833333333333,0.00682666666666667,0.00639833333333333,0.00549166666666667,0.003745,0.00659666666666667,0.00305666666666667,0.00400666666666667,0.00369833333333333,0.00260333333333333,0.00211833333333333,0.001785,0.00189666666666667,0.00151166666666667,0.0017,0.00254,0.00126833333333333,0.000705,0.000976666666666667,0.000816666666666667,0.0000183333333333333,0.000588333333333333,0.000653333333333333,0.0000216666666666667,0.0000633333333333333,0.0000683333333333333,0.0000733333333333333,0.0000783333333333333,0.0000833333333333333,0.000025,0,1,0,0,0,0,0,0,1,1,1,1,1,1,1,1,1,1,1,1,1,1,1,1,1,1,1,1,1,1,1,1,1,1,1,1,1,1,1,1,1,1,1,1,1,1,1,1,1,1,1,1,1,1,1,1,1,1,1,1,1,1,1,1,1,1,1,1,1,1,1,1,1,1,1,1,1,1,1,1,0
2026-08-09 04:00:00,103.665663366667,0,0,0,0,0,0,0.165053333333333,5.27353833333333,13.9901766666667,17.90729,14.1321216666667,11.1126016666667,9.668505,9.089075,8.84725166666667,6.07166833333333,2.28765333333333,1.19891833333333,0.738655,0.541556666666667,0.439338333333333,0.46474,0.44151,0.321683333333333,0.223318333333333,0.154218333333333,0.132243333333333,0.114111666666667,0.0928916666666667,0.09513,0.0768233333333333,0.073865,0.058655,0.0502983333333333,0.0455433333333333,0.04385,0.037465,0.0368816666666667,0.0289333333333333,0.0271183333333333,0.0225433333333333,0.0122933333333333,0.0129433333333333,0.0137783333333333,0.0124816666666667,0.0081,0.0115033333333333,0.00679666666666667,0.00766166666666667,0.0103766666666667,0.008135,0.00665333333333333,0.00551833333333333,0.00546833333333333,0.00251166666666667,0.00229166666666667,0.00381333333333333,0.00280833333333333,0.00174666666666667,0.00178333333333333,0.00317666666666667,0.00215833333333333,0.00225166666666667,0.00134666666666667,0.00322833333333333,0.00212,0.000138333333333333,0.000418333333333333,0.00125,0.00100333333333333,0.00024,0.0000433333333333333,0.000126666666666667,0.000136666666666667,0.000146666666666667,0.000156666666666667,0.000166666666666667,0.00005,0,1,0,0,0,0,0,0,1,1,1,1,1,1,1,1,1,1,1,1,1,1,1,1,1,1,1,1,1,1,1,1,1,1,1,1,1,1,1,1,1,1,1,1,1,1,1,1,1,1,1,1,1,1,1,1,1,1,1,1,1,1,1,1,1,1,1,1,1,1,1,1,1,1,1,1,1,1,1,1,0
2026-08-09 05:00:00,102.688483833333,0,0,0,0,0,0,0.165541666666667,4.95489833333333,14.0884233333333,17.7572133333333,13.8606466666667,10.837825,9.45094833333333,8.95022666666667,8.693885,5.85735166666667,2.23873,1.19140166666667,0.728441666666667,0.51418,0.4472,0.468383333333333,0.438473333333333,0.309931666666667,0.210868333333333,0.150151666666667,0.123456666666667,0.11535,0.09692,0.107061666666667,0.071075,0.0720066666666667,0.0657766666666667,0.0608566666666667,0.0467366666666667,0.04575,0.0372083333333333,0.0371833333333333,0.033475,0.0283333333333333,0.02233,0.0160316666666667,0.0113183333333333,0.01419,0.0123033333333333,0.00945333333333333,0.0137566666666667,0.00962333333333333,0.00677333333333333,0.00854833333333333,0.00809,0.00674666666666667,0.00415166666666667,0.00501833333333333,0.00589,0.00382,0.006655,0.00327,0.00479833333333333,0.00307,0.000805,0.00197,0.00182666666666667,0.00134666666666667,0.00196,0.00183666666666667,0.00042,0.000418333333333333,0.00208333333333333,0.00083,0.000413333333333333,0.000433333333333333,0.0000633333333333333,0.0000683333333333333,0.0000733333333333333,0.0000783333333333333,0.0000833333333333333,0.000025,0,1,0,0,0,0,0,0,1,1,1,1,1,1,1,1,1,1,1,1,1,1,1,1,1,1,1,1,1,1,1,1,1,1,1,1,1,1,1,1,1,1,1,1,1,1,1,1,1,1,1,1,1,1,1,1,1,1,1,1,1,1,1,1,1,1,1,1,1,1,1,1,1,1,1,1,1,1,1,1,0
2026-08-09 06:00:00,106.9601338,0,0,0,0,0,0,0.140695,5.125715,14.3979,18.121445,14.2788383333333,11.2219716666667,9.86623666666667,9.437345,9.21113666666667,6.49365833333333,2.51400166666667,1.32281166666667,0.79173,0.59515,0.49813,0.476383333333333,0.424653333333333,0.320895,0.214243333333333,0.155806666666667,0.132193333333333,0.10649,0.0874033333333333,0.0874533333333333,0.074085,0.0704933333333333,0.059965,0.0571333333333333,0.0494766666666667,0.0532333333333333,0.0446533333333333,0.0350133333333333,0.031485,0.025315,0.02386,0.017925,0.0173466666666667,0.0109933333333333,0.0139983333333333,0.0154583333333333,0.0117616666666667,0.0108533333333333,0.00901833333333333,0.0124483333333333,0.00954166666666667,0.008315,0.00753833333333333,0.00639333333333333,0.00626,0.00330166666666667,0.005505,0.00320833333333333,0.0046,0.00246333333333333,0.00298666666666667,0.00384333333333333,0.00206833333333333,0.001655,0.00399833333333333,0.000866666666666667,0.000565,0.000948333333333333,0.000241666666666667,0.000193333333333333,0.00016,0.000361666666666667,0.000316666666666667,0.000341666666666667,0.000366666666666667,0.000391666666666667,0.000416666666666667,0.000125,0,1,0,0,0,0,0,0,1,1,1,1,1,1,1,1,1,1,1,1,1,1,1,1,1,1,1,1,1,1,1,1,1,1,1,1,1,1,1,1,1,1,1,1,1,1,1,1,1,1,1,1,1,1,1,1,1,1,1,1,1,1,1,1,1,1,1,1,1,1,1,1,1,1,1,1,1,1,1,1,0
2026-08-09 07:00:00,76.8803764833333,0,0,0,0,0,0,0.098565,3.55423,10.0140466666667,12.75414,9.92397833333333,7.87917333333333,7.16081,6.95979,6.99138166666667,5.22182833333333,1.96267333333333,1.09790166666667,0.588786666666667,0.46767,0.391791666666667,0.377775,0.360595,0.242456666666667,0.15596,0.103605,0.0845033333333333,0.0892783333333333,0.0630533333333333,0.0607683333333333,0.0522366666666667,0.056995,0.0399883333333333,0.0401083333333333,0.03956,0.0333733333333333,0.0375016666666667,0.0296616666666667,0.0242383333333333,0.0175666666666667,0.0229816666666667,0.011855,0.0109316666666667,0.01117,0.009955,0.0125516666666667,0.0107616666666667,0.0109833333333333,0.00634333333333333,0.00676166666666667,0.00679,0.006745,0.00515666666666667,0.006695,0.00478,0.003865,0.00341166666666667,0.00415333333333333,0.00426,0.00221166666666667,0.00147,0.00151166666666667,0.00374833333333333,0.00373333333333333,0.00219,0.001485,0.00240166666666667,0.00163,0.00149166666666667,0.00102333333333333,0.000413333333333333,0.000541666666666667,0.00038,0.00041,0.00044,0.00047,0.0005,0.00015,0,1,0,0,0,0,0,0,1,1,1,1,1,1,1,1,1,1,1,1,1,1,1,1,1,1,1,1,1,1,1,1,1,1,1,1,1,1,1,1,1,1,1,1,1,1,1,1,1,1,1,1,1,1,1,1,1,1,1,1,1,1,1,1,1,1,1,1,1,1,1,1,1,1,1,1,1,1,1,1,0
2026-08-09 08:00:00,67.5810197833333,0,0,0,0,0,0,0.0938983333333333,3.137575,8.89235666666667,11.3479983333333,8.890745,6.94123833333333,6.233325,6.08268666666667,6.03348,4.43261666666667,1.66636833333333,0.92184,0.513195,0.395201666666667,0.337266666666667,0.328665,0.314705,0.233948333333333,0.147083333333333,0.0976933333333333,0.0711066666666667,0.0806883333333333,0.0690466666666667,0.0632166666666667,0.0597816666666667,0.0527433333333333,0.04986,0.0489733333333333,0.0448283333333333,0.0400866666666667,0.034485,0.02807,0.02381,0.0177383333333333,0.0128083333333333,0.0194283333333333,0.0124733333333333,0.011145,0.00967166666666667,0.0102383333333333,0.00765833333333333,0.00964,0.0106166666666667,0.00712666666666667,0.0140083333333333,0.00419333333333333,0.00585666666666667,0.00433166666666667,0.00685,0.00553,0.002695,0.00346833333333333,0.00450333333333333,0.00170833333333333,0.00398333333333333,0.00486,0.00180166666666667,0.00284833333333333,0.00214833333333333,0.00331666666666667,0.00139333333333333,0.000816666666666667,0.001075,0.00112833333333333,0.00088,0.000773333333333333,0.000316666666666667,0.000341666666666667,0.000366666666666667,0.000391666666666667,0.000416666666666667,0.000125,0,1,0,0,0,0,0,0,1,1,1,1,1,1,1,1,1,1,1,1,1,1,1,1,1,1,1,1,1,1,1,1,1,1,1,1,1,1,1,1,1,1,1,1,1,1,1,1,1,1,1,1,1,1,1,1,1,1,1,1,1,1,1,1,1,1,1,1,1,1,1,1,1,1,1,1,1,1,1,1,0
2026-08-09 09:00:00,68.7771165833333,0,0,0,0,0,0,0.0926266666666667,3.277705,9.17176666666667,11.507975,9.08183,7.03998,6.17130166666667,6.11317666666667,6.13536166666667,4.400485,1.59381833333333,0.91566,0.487908333333333,0.364195,0.335725,0.330036666666667,0.301663333333333,0.230173333333333,0.157601666666667,0.0922766666666667,0.08857,0.0761166666666667,0.0627133333333333,0.0679,0.055545,0.05813,0.04709,0.0436133333333333,0.0497366666666667,0.034555,0.0344883333333333,0.0297416666666667,0.02341,0.0231683333333333,0.019715,0.0155883333333333,0.0136533333333333,0.014065,0.0141783333333333,0.011465,0.00752,0.0114366666666667,0.00850166666666667,0.00988666666666667,0.00605166666666667,0.00713333333333333,0.006055,0.00514,0.00517166666666667,0.004975,0.003985,0.004355,0.00303,0.004775,0.00398333333333333,0.00477666666666667,0.002195,0.002155,0.00238333333333333,0.00205666666666667,0.00282166666666667,0.00244666666666667,0.00128666666666667,0.000415,0.00238666666666667,0.000615,0.000316666666666667,0.000341666666666667,0.000366666666666667,0.000391666666666667,0.000416666666666667,0.000125,0,1,0,0,0,0,0,0,1,1,1,1,1,1,1,1,1,1,1,1,1,1,1,1,1,1,1,1,1,1,1,1,1,1,1,1,1,1,1,1,1,1,1,1,1,1,1,1,1,1,1,1,1,1,1,1,1,1,1,1,1,1,1,1,1,1,1,1,1,1,1,1,1,1,1,1,1,1,1,1,0
2026-08-09 10:00:00,68.6480997833333,0,0,0,0,0,0,0.0968783333333333,3.14308833333333,8.99205,11.6002183333333,8.95446833333333,6.97989833333333,6.27213,6.04129166666667,6.14265,4.41235833333333,1.59831333333333,0.89228,0.4845,0.37506,0.327341666666667,0.315623333333333,0.300313333333333,0.192808333333333,0.142145,0.0971916666666667,0.07722,0.0781683333333333,0.0583683333333333,0.072235,0.0594583333333333,0.057675,0.04931,0.0495033333333333,0.0372683333333333,0.03837,0.0373416666666667,0.0291916666666667,0.02462,0.023405,0.01589,0.01337,0.014275,0.0149416666666667,0.0112466666666667,0.010625,0.008885,0.011545,0.00914333333333333,0.00431,0.00679166666666667,0.00665333333333333,0.00651,0.008315,0.00487333333333333,0.003005,0.00384166666666667,0.00527,0.00246,0.00289166666666667,0.0046,0.00542166666666667,0.00225166666666667,0.00300166666666667,0.00249666666666667,0.000918333333333333,0.00183666666666667,0.000661666666666667,0.000658333333333333,0.00226833333333333,0.000413333333333333,0.00026,0.00076,0.000818333333333333,0.000878333333333333,0.00094,0.00100166666666667,0.000298333333333333,0,1,0,0,0,0,0,0,1,1,1,1,1,1,1,1,1,1,1,1,1,1,1,1,1,1,1,1,1,1,1,1,1,1,1,1,1,1,1,1,1,1,1,1,1,1,1,1,1,1,1,1,1,1,1,1,1,1,1,1,1,1,1,1,1,1,1,1,1,1,1,1,1,1,1,1,1,1,1,1,0
2026-08-09 11:00:00,69.1874016333333,0,0,0,0,0,0,0.100946666666667,3.22927,9.19637333333333,11.7630883333333,9.18303666666667,7.11108666666667,6.22550833333333,6.12863333333333,6.20629666666667,4.51207666666667,1.58839,0.91147,0.495286666666667,0.372548333333333,0.359781666666667,0.331831666666667,0.323268333333333,0.221491666666667,0.144976666666667,0.101073333333333,0.077345,0.0857183333333333,0.0613083333333333,0.074965,0.050995,0.0563033333333333,0.06138,0.0461783333333333,0.0402683333333333,0.05061,0.0347966666666667,0.037855,0.0298216666666667,0.0231566666666667,0.0228616666666667,0.0165983333333333,0.0194716666666667,0.0139783333333333,0.0136066666666667,0.0154883333333333,0.0116283333333333,0.0111616666666667,0.009065,0.00852833333333333,0.00990166666666667,0.00506,0.00470166666666667,0.00617333333333333,0.00454333333333333,0.00507833333333333,0.006135,0.005735,0.00388833333333333,0.00596,0.00507333333333333,0.00484333333333333,0.00154166666666667,0.00257833333333333,0.00161666666666667,0.00162333333333333,0.000558333333333333,0.00247,0.0000366666666666667,0.000173333333333333,0.000813333333333333,0.000795,0.00038,0.00041,0.00044,0.00047,0.0005,0.00015,0,1,0,0,0,0,0,0,1,1,1,1,1,1,1,1,1,1,1,1,1,1,1,1,1,1,1,1,1,1,1,1,1,1,1,1,1,1,1,1,1,1,1,1,1,1,1,1,1,1,1,1,1,1,1,1,1,1,1,1,1,1,1,1,1,1,1,1,1,1,1,1,1,1,1,1,1,1,1,1,0
2026-08-09 12:00:00,66.9956415,0,0,0,0,0,0,0.0876916666666667,2.934735,8.49903333333333,11.2152833333333,8.80340833333333,6.81436166666667,6.14988666666667,5.92001166666667,6.16010333333333,4.48415166666667,1.53168666666667,0.872058333333333,0.495878333333333,0.374951666666667,0.320401666666667,0.313441666666667,0.31153,0.236446666666667,0.161701666666667,0.115788333333333,0.09195,0.08467,0.0658566666666667,0.07587,0.0676816666666667,0.0551583333333333,0.0609266666666667,0.059115,0.0515783333333333,0.0509116666666667,0.0386133333333333,0.0354333333333333,0.0324233333333333,0.0210533333333333,0.0218966666666667,0.0185833333333333,0.01469,0.0136016666666667,0.00961833333333333,0.0102,0.007875,0.0118333333333333,0.00361333333333333,0.00827,0.0131033333333333,0.00588,0.00376833333333333,0.00487,0.00764166666666667,0.00462333333333333,0.00496,0.004755,0.00247,0.00186333333333333,0.00251333333333333,0.00197,0.001865,0.00254,0.00207666666666667,0.001485,0.000696666666666667,0.00285,0.00052,0.00056,0.00024,0.000151666666666667,0.000443333333333333,0.000478333333333333,0.000513333333333333,0.000548333333333333,0.000583333333333333,0.000175,0,1,0,0,0,0,0,0,1,1,1,1,1,1,1,1,1,1,1,1,1,1,1,1,1,1,1,1,1,1,1,1,1,1,1,1,1,1,1,1,1,1,1,1,1,1,1,1,1,1,1,1,1,1,1,1,1,1,1,1,1,1,1,1,1,1,1,1,1,1,1,1,1,1,1,1,1,1,1,1,0
2026-08-09 13:00:00,65.3358140666667,0,0,0,0,0,0,0.0853216666666667,2.68669166666667,8.19407166666667,10.947415,8.57521166666667,6.68721833333333,6.01715166666667,5.82860833333333,5.86529333333333,4.22967666666667,1.44310666666667,0.837515,0.439683333333333,0.331816666666667,0.31357,0.31255,0.336041666666667,0.237961666666667,0.162218333333333,0.108883333333333,0.0924616666666667,0.0908766666666667,0.0744783333333333,0.0764183333333333,0.0761033333333333,0.07009,0.0618983333333333,0.0517133333333333,0.0469816666666667,0.04862,0.0450066666666667,0.03223,0.0365633333333333,0.0250533333333333,0.0198216666666667,0.0126983333333333,0.01555,0.0102083333333333,0.0129333333333333,0.00958666666666667,0.01229,0.010965,0.00697833333333333,0.00586,0.0121966666666667,0.00754166666666667,0.00819,0.00452333333333333,0.00666833333333333,0.00368333333333333,0.00395666666666667,0.001545,0.004205,0.00135833333333333,0.00298666666666667,0.00159833333333333,0.001725,0.00373333333333333,0.000923333333333333,0.00120166666666667,0.000978333333333333,0.000398333333333333,0.001075,0.000608333333333333,0.000826666666666667,0.000216666666666667,0.000633333333333333,0.00068,0.00073,0.000783333333333333,0.000836666666666667,0.000246666666666667,0,1,0,0,0,0,0,0,1,1,1,1,1,1,1,1,1,1,1,1,1,1,1,1,1,1,1,1,1,1,1,1,1,1,1,1,1,1,1,1,1,1,1,1,1,1,1,1,1,1,1,1,1,1,1,1,1,1,1,1,1,1,1,1,1,1,1,1,1,1,1,1,1,1,1,1,1,1,1,1,0
2026-08-09 14:00:00,62.1112327333333,0,0,0,0,0,0,0.08027,2.60253,7.84674333333333,10.6251416666667,8.38299,6.59100333333333,5.70220666666667,5.52843833333333,5.64647833333333,3.81837333333333,1.33182333333333,0.721488333333333,0.4343,0.326378333333333,0.293105,0.273656666666667,0.301991666666667,0.225283333333333,0.163631666666667,0.11204,0.0888066666666667,0.08497,0.0845633333333333,0.0856183333333333,0.06611,0.0758966666666667,0.0536483333333333,0.058235,0.0468116666666667,0.052785,0.043985,0.0407783333333333,0.0299333333333333,0.0286766666666667,0.0215516666666667,0.01427,0.0150716666666667,0.0127333333333333,0.0156866666666667,0.00924333333333333,0.007295,0.008085,0.00975666666666667,0.00685666666666667,0.00635833333333333,0.00460333333333333,0.00776166666666667,0.00454166666666667,0.00566,0.00327333333333333,0.00389833333333333,0.00281,0.00328333333333333,0.00196166666666667,0.00293833333333333,0.00207166666666667,0.00296166666666667,0.00130833333333333,0.00295833333333333,0.00120166666666667,0.000138333333333333,0.000398333333333333,0.00129833333333333,0.000975,0.000653333333333333,0.000195,0.00057,0.000615,0.00066,0.000705,0.00075,0.000225,0,1,0,0,0,0,0,0,1,1,1,1,1,1,1,1,1,1,1,1,1,1,1,1,1,1,1,1,1,1,1,1,1,1,1,1,1,1,1,1,1,1,1,1,1,1,1,1,1,1,1,1,1,1,1,1,1,1,1,1,1,1,1,1,1,1,1,1,1,1,1,1,1,1,1,1,1,1,1,1,0
2026-08-09 15:00:00,63.0265530166667,0,0,0,0,0,0,0.0808733333333333,2.82686666666667,8.02628833333333,10.89491,8.5101,6.60524166666667,5.82916333333333,5.62094333333333,5.57733666666667,3.66388333333333,1.34200666666667,0.738666666666667,0.421875,0.311375,0.284548333333333,0.284383333333333,0.289238333333333,0.203545,0.148163333333333,0.101748333333333,0.0971833333333333,0.0858533333333333,0.0722483333333333,0.0757966666666667,0.064505,0.068305,0.0581066666666667,0.060975,0.0594166666666667,0.0455866666666667,0.0340766666666667,0.0357766666666667,0.0233316666666667,0.0223966666666667,0.0210083333333333,0.0172883333333333,0.0140183333333333,0.0110233333333333,0.01223,0.0146366666666667,0.0143166666666667,0.0104,0.0100083333333333,0.00661,0.00542666666666667,0.00544333333333333,0.00273166666666667,0.00612166666666667,0.00504666666666667,0.00274333333333333,0.00470333333333333,0.00281,0.00295166666666667,0.00228833333333333,0.00189666666666667,0.00375666666666667,0.00277833333333333,0.00173166666666667,0.00214666666666667,0.000705,0.000846666666666667,0.00053,0.000435,0.00100333333333333,0.000653333333333333,0.000563333333333333,0.000443333333333333,0.000475,0.00051,0.000548333333333333,0.000586666666666667,0.000171666666666667,0,1,0,0,0,0,0,0,1,1,1,1,1,1,1,1,1,1,1,1,1,1,1,1,1,1,1,1,1,1,1,1,1,1,1,1,1,1,1,1,1,1,1,1,1,1,1,1,1,1,1,1,1,1,1,1,1,1,1,1,1,1,1,1,1,1,1,1,1,1,1,1,1,1,1,1,1,1,1,1,0
2026-08-09 16:00:00,62.072667,0,0,0,0,0,0,0.100703333333333,2.7007,8.01814666666667,10.7566466666667,8.49168666666667,6.55051333333333,5.78526166666667,5.58923,5.41672666666667,3.57971,1.27136,0.675951666666667,0.391628333333333,0.310416666666667,0.276668333333333,0.278323333333333,0.304711666666667,0.203653333333333,0.147181666666667,0.10089,0.09142,0.0937683333333333,0.0867466666666667,0.084995,0.0721316666666667,0.0701316666666667,0.0642633333333333,0.0538366666666667,0.04623,0.0459516666666667,0.0268416666666667,0.03298,0.0281266666666667,0.0226266666666667,0.0226666666666667,0.0194816666666667,0.0155283333333333,0.011115,0.0137983333333333,0.00845,0.00889,0.00936333333333333,0.00957333333333333,0.00534333333333333,0.00916,0.00631333333333333,0.00706,0.006885,0.00416333333333333,0.00330666666666667,0.00372833333333333,0.00257166666666667,0.00214166666666667,0.00213666666666667,0.002085,0.00282166666666667,0.00225166666666667,0.00288666666666667,0.00127,0.00156,0.00198166666666667,0.002865,0.000676666666666667,0.00102333333333333,0.000573333333333333,0.000426666666666667,0.000506666666666667,0.000545,0.000585,0.000626666666666667,0.000668333333333333,0.000198333333333333,0,1,0,0,0,0,0,0,1,1,1,1,1,1,1,1,1,1,1,1,1,1,1,1,1,1,1,1,1,1,1,1,1,1,1,1,1,1,1,1,1,1,1,1,1,1,1,1,1,1,1,1,1,1,1,1,1,1,1,1,1,1,1,1,1,1,1,1,1,1,1,1,1,1,1,1,1,1,1,1,0
2026-08-09 17:00:00,63.9952915333333,0,0,0,0,0,0,0.0888816666666667,2.822205,8.39142333333333,11.275565,8.86081666666667,6.87625666666667,5.95181833333333,5.75357,5.464565,3.43233833333333,1.22344166666667,0.703628333333333,0.40783,0.316048333333333,0.283058333333333,0.286076666666667,0.293021666666667,0.214716666666667,0.15272,0.115531666666667,0.100596666666667,0.112306666666667,0.088385,0.086945,0.0752933333333333,0.07594,0.06495,0.0642283333333333,0.05396,0.054365,0.049555,0.04391,0.0328333333333333,0.0251833333333333,0.0217816666666667,0.0192766666666667,0.0163516666666667,0.013695,0.0156816666666667,0.0139916666666667,0.0109033333333333,0.01036,0.011,0.00753,0.00631666666666667,0.00674833333333333,0.00761333333333333,0.00743333333333333,0.00677,0.00604333333333333,0.00579166666666667,0.00255166666666667,0.00517166666666667,0.00307166666666667,0.00189666666666667,0.00193833333333333,0.00204833333333333,0.00254,0.001615,0.00212,0.000426666666666667,0.00298,0.000936666666666667,0.000386666666666667,0.000731666666666667,0.00143833333333333,0.000316666666666667,0.000341666666666667,0.000366666666666667,0.000391666666666667,0.000416666666666667,0.000125,0,1,0,0,0,0,0,0,1,1,1,1,1,1,1,1,1,1,1,1,1,1,1,1,1,1,1,1,1,1,1,1,1,1,1,1,1,1,1,1,1,1,1,1,1,1,1,1,1,1,1,1,1,1,1,1,1,1,1,1,1,1,1,1,1,1,1,1,1,1,1,1,1,1,1,1,1,1,1,1,0
2026-08-09 18:00:00,61.6953145166667,0,0,0,0,0,0,0.0838866666666667,2.71853666666667,8.09815,10.7966,8.41862333333333,6.47409166666667,5.70043,5.54960833333333,5.2975,3.64369333333333,1.34039333333333,0.737563333333333,0.407181666666667,0.321875,0.292815,0.285023333333333,0.285351666666667,0.208331666666667,0.159351666666667,0.118136666666667,0.105996666666667,0.105401666666667,0.0861783333333333,0.0937433333333333,0.08347,0.06974,0.06461,0.05575,0.055785,0.0430883333333333,0.0418183333333333,0.0333516666666667,0.029015,0.02646,0.022015,0.020705,0.015685,0.0182433333333333,0.0127633333333333,0.010485,0.009835,0.008375,0.00929666666666667,0.01,0.010565,0.00335,0.00494833333333333,0.00424333333333333,0.00235166666666667,0.00316666666666667,0.00189166666666667,0.00191833333333333,0.00486333333333333,0.00289666666666667,0.00274833333333333,0.004385,0.000526666666666667,0.00127,0.00169,0.00169333333333333,0.001255,0.001635,0.0000366666666666667,0.000415,0.00124,0.00013,0.00038,0.00041,0.00044,0.00047,0.0005,0.00015,0,1,0,0,0,0,0,0,1,1,1,1,1,1,1,1,1,1,1,1,1,1,1,1,1,1,1,1,1,1,1,1,1,1,1,1,1,1,1,1,1,1,1,1,1,1,1,1,1,1,1,1,1,1,1,1,1,1,1,1,1,1,1,1,1,1,1,1,1,1,1,1,1,1,1,1,1,1,1,1,0
2026-08-09 19:00:00,61.2948232166667,0,0,0,0,0,0,0.076905,2.68960833333333,7.9322,10.4087116666667,8.28487833333333,6.33900333333333,5.56542833333333,5.48851166666667,5.34816833333333,3.54651666666667,1.36676833333333,0.734625,0.42526,0.331328333333333,0.317055,0.33049,0.308898333333333,0.233461666666667,0.16189,0.115273333333333,0.108123333333333,0.111943333333333,0.0885783333333333,0.0967316666666667,0.0731966666666667,0.073395,0.0583516666666667,0.0571933333333333,0.05001,0.0501366666666667,0.0536083333333333,0.043315,0.0298433333333333,0.0255866666666667,0.020485,0.0209916666666667,0.0148066666666667,0.009365,0.0131233333333333,0.0108733333333333,0.00801666666666667,0.0115816666666667,0.0128666666666667,0.00336,0.00772,0.00501166666666667,0.00672,0.00519666666666667,0.00571333333333333,0.00239,0.00438666666666667,0.00341166666666667,0.00448,0.00392,0.00336666666666667,0.00357166666666667,0.00235333333333333,0.00173166666666667,0.00172833333333333,0.00154833333333333,0.00139833333333333,0,0.00108666666666667,0.001825,0.000826666666666667,0.00052,0.000316666666666667,0.000341666666666667,0.000366666666666667,0.000391666666666667,0.000416666666666667,0.000125,0,1,0,0,0,0,0,0,1,1,1,1,1,1,1,1,1,1,1,1,1,1,1,1,1,1,1,1,1,1,1,1,1,1,1,1,1,1,1,1,1,1,1,1,1,1,1,1,1,1,1,1,1,1,1,1,1,1,1,1,1,1,1,1,1,1,1,1,1,1,1,1,1,1,1,1,1,1,1,1,0
2026-08-09 20:00:00,56.4714268,0,0,0,0,0,0,0.0747733333333333,2.605645,7.56498833333333,9.76751,7.584695,5.946235,5.25545833333333,5.127895,4.65795166666667,2.909235,1.14644666666667,0.626155,0.365893333333333,0.294903333333333,0.279145,0.292756666666667,0.270581666666667,0.192118333333333,0.149336666666667,0.09278,0.0985766666666667,0.09869,0.0714783333333333,0.092135,0.0607683333333333,0.0725833333333333,0.0591266666666667,0.0537433333333333,0.0555766666666667,0.0504083333333333,0.0432466666666667,0.0354033333333333,0.03747,0.02449,0.0220333333333333,0.0218016666666667,0.0132016666666667,0.010055,0.0125633333333333,0.01095,0.00888166666666667,0.008575,0.00815,0.004755,0.00761333333333333,0.00674333333333333,0.00420166666666667,0.00424333333333333,0.00294333333333333,0.00140333333333333,0.00263833333333333,0.001865,0.001395,0.00128333333333333,0.00483666666666667,0.00348333333333333,0.00144,0.00127,0.00296166666666667,0.00228166666666667,0.00156166666666667,0.002845,0.000695,0.000608333333333333,0.000826666666666667,0.001105,0.000823333333333333,0.000888333333333333,0.000953333333333333,0.00101833333333333,0.00108333333333333,0.000325,0,1,0,0,0,0,0,0,1,1,1,1,1,1,1,1,1,1,1,1,1,1,1,1,1,1,1,1,1,1,1,1,1,1,1,1,1,1,1,1,1,1,1,1,1,1,1,1,1,1,1,1,1,1,1,1,1,1,1,1,1,1,1,1,1,1,1,1,1,1,1,1,1,1,1,1,1,1,1,1,0
2026-08-09 21:00:00,55.3234598166667,0,0,0,0,0,0,0.079575,2.77213333333333,7.85175833333333,9.95967333333333,7.639525,5.75679166666667,5.04361833333333,4.86946666666667,4.22951166666667,2.55435,1.04007,0.56655,0.353223333333333,0.272835,0.280333333333333,0.26542,0.278711666666667,0.203985,0.136331666666667,0.116731666666667,0.108533333333333,0.107198333333333,0.0794416666666667,0.103306666666667,0.0787833333333333,0.0759233333333333,0.0731233333333333,0.0568933333333333,0.0642666666666667,0.0613333333333333,0.0514416666666667,0.0405933333333333,0.03689,0.02586,0.0259583333333333,0.025075,0.0178583333333333,0.0107633333333333,0.01217,0.00860833333333333,0.00925166666666667,0.009535,0.00832333333333333,0.010415,0.00681166666666667,0.00332666666666667,0.00336166666666667,0.00272166666666667,0.00535,0.003355,0.002495,0.00283666666666667,0.001625,0.00238666666666667,0.00166,0.00122166666666667,0.00222666666666667,0.00161666666666667,0.00126666666666667,0.00120166666666667,0.000978333333333333,0,0.000863333333333333,0.000975,0.000813333333333333,0.000751666666666667,0.000253333333333333,0.000273333333333333,0.000293333333333333,0.000313333333333333,0.000333333333333333,0.0001,0,1,0,0,0,0,0,0,1,1,1,1,1,1,1,1,1,1,1,1,1,1,1,1,1,1,1,1,1,1,1,1,1,1,1,1,1,1,1,1,1,1,1,1,1,1,1,1,1,1,1,1,1,1,1,1,1,1,1,1,1,1,1,1,1,1,1,1,1,1,1,1,1,1,1,1,1,1,1,1,0
2026-08-09 22:00:00,52.72419275,0,0,0,0,0,0,0.0860783333333333,2.954785,8.09315,10.042715,7.46473333333333,5.60439166666667,4.81247833333333,4.48217666666667,3.64883166666667,2.021135,0.859858333333333,0.509218333333333,0.303625,0.256931666666667,0.237518333333333,0.254136666666667,0.20846,0.17198,0.131146666666667,0.110545,0.105005,0.0851733333333333,0.07703,0.0928916666666667,0.0693583333333333,0.0929033333333333,0.0611133333333333,0.0705733333333333,0.0638333333333333,0.0635166666666667,0.0542416666666667,0.0460516666666667,0.03949,0.02352,0.0237483333333333,0.0173283333333333,0.013505,0.0190416666666667,0.01589,0.0124966666666667,0.0123616666666667,0.009515,0.00740833333333333,0.00942666666666667,0.00512,0.00332666666666667,0.00358166666666667,0.00242,0.00516,0.001535,0.00450166666666667,0.00212166666666667,0.001745,0.00093,0.00166,0.00292166666666667,0.000951666666666667,0.00161666666666667,0.000845,0.000641666666666667,0.00111666666666667,0,0.00064,0.000608333333333333,0.000573333333333333,0.000405,0.000443333333333333,0.000476666666666667,0.000511666666666667,0.000548333333333333,0.000585,0.000173333333333333,0,1,0,0,0,0,0,0,1,1,1,1,1,1,1,1,1,1,1,1,1,1,1,1,1,1,1,1,1,1,1,1,1,1,1,1,1,1,1,1,1,1,1,1,1,1,1,1,1,1,1,1,1,1,1,1,1,1,1,1,1,1,1,1,1,1,1,1,1,1,1,1,1,1,1,1,1,1,1,1,0
2026-08-09 23:00:00,41.5444239666667,0,0,0,0,0,0,0.07043,2.26382166666667,6.34456333333333,7.83418166666667,5.876185,4.35557333333333,3.63385666666667,3.48417166666667,2.85074833333333,1.680555,0.673061666666667,0.396916666666667,0.238326666666667,0.199595,0.178133333333333,0.200835,0.176545,0.144768333333333,0.100561666666667,0.0863883333333333,0.0781683333333333,0.0720683333333333,0.0636116666666667,0.080015,0.0624033333333333,0.0622066666666667,0.0581633333333333,0.0531483333333333,0.0468,0.0351666666666667,0.0371016666666667,0.039455,0.0303083333333333,0.0218033333333333,0.01467,0.0121066666666667,0.0125733333333333,0.00933666666666667,0.00959666666666667,0.00793666666666667,0.00324166666666667,0.002955,0.00837833333333333,0.00509,0.00256,0.00296333333333333,0.00254333333333333,0.002395,0.00193833333333333,0.00309,0.00143333333333333,0.00186333333333333,0.00277666666666667,0.00161,0.00170666666666667,0.000323333333333333,0.000913333333333333,0.00288666666666667,0.001385,0.001265,0,0.000816666666666667,0.0000183333333333333,0.000588333333333333,0.00024,0.0000433333333333333,0.000126666666666667,0.000136666666666667,0.000146666666666667,0.000156666666666667,0.000166666666666667,0.00005,0,1,0,0,0,0,0,0,1,1,1,1,1,1,1,1,1,1,1,1,1,1,1,1,1,1,1,1,1,1,1,1,1,1,1,1,1,1,1,1,1,1,1,1,1,1,1,1,1,1,1,1,1,1,1,1,1,1,1,1,1,1,1,1,1,1,1,1,1,1,1,1,1,1,1,1,1,1,1,1,0
2026-08-10,35.9842922333333,0,0,0,0,0,0,0.0505616666666667,1.91083166666667,5.325095,6.729515,4.94852666666667,3.80831333333333,3.214285,2.99400333333333,2.440565,1.39907333333333,0.58465,0.335888333333333,0.187951666666667,0.150968333333333,0.151988333333333,0.153963333333333,0.145155,0.10584,0.06619,0.067695,0.058985,0.0570716666666667,0.0464383333333333,0.0689316666666667,0.0456633333333333,0.0458783333333333,0.044375,0.0418666666666667,0.0348716666666667,0.031905,0.0282983333333333,0.0273383333333333,0.0229383333333333,0.0153233333333333,0.011395,0.009065,0.00904333333333333,0.00874166666666667,0.00673833333333333,0.00561666666666667,0.00534833333333333,0.00364333333333333,0.00354,0.00187,0.00169333333333333,0.00250666666666667,0.00127166666666667,0.00127666666666667,0.00295,0.000613333333333333,0.00100333333333333,0.000688333333333333,0.000856666666666667,0.000855,0.000853333333333333,0.000425,0.000386666666666667,0.0000383333333333333,0,0.000283333333333333,0.000558333333333333,0.000398333333333333,0.000435,0,0,0,0,0,0,0,0,0,0,1,0,0,0,0,0,0,1,1,1,1,1,1,1,1,1,1,1,1,1,1,1,1,1,1,1,1,1,1,1,1,1,1,1,1,1,1,1,1,1,1,1,1,1,1,1,1,1,1,1,1,1,1,1,1,1,1,1,1,1,1,1,1,1,1,1,1,1,1,1,1,1,1,1,1,1,1,1,1,0
2026-08-10 01:00:00,39.2402547,0,0,0,0,0,0,0.0602466666666667,1.97646833333333,5.67090166666667,7.27438,5.517505,4.26699,3.72059666666667,3.50320333333333,2.82203166666667,1.57686166666667,0.660356666666667,0.348956666666667,0.206305,0.16383,0.176868333333333,0.17039,0.1677,0.145525,0.0903216666666667,0.0702033333333333,0.07871,0.078885,0.066045,0.063615,0.0524083333333333,0.0562033333333333,0.051155,0.0489366666666667,0.0409,0.0336,0.0314833333333333,0.0301216666666667,0.01879,0.0170666666666667,0.0118516666666667,0.0103733333333333,0.00823833333333333,0.00735,0.00576,0.006665,0.00498166666666667,0.00647166666666667,0.00483333333333333,0.0036,0.000931666666666667,0.00205,0.00263666666666667,0.001295,0.000378333333333333,0.00137,0.000573333333333333,0.000258333333333333,0.00103166666666667,0.00110666666666667,0.00128,0.00085,0.000425,0.000808333333333333,0.0000383333333333333,0,0.00042,0,0,0,0.000413333333333333,0.000411666666666667,0,0,0,0,0,0,0,1,0,0,0,0,0,0,1,1,1,1,1,1,1,1,1,1,1,1,1,1,1,1,1,1,1,1,1,1,1,1,1,1,1,1,1,1,1,1,1,1,1,1,1,1,1,1,1,1,1,1,1,1,1,1,1,1,1,1,1,1,1,1,1,1,1,1,1,1,1,1,1,1,1,1,1,1,1,1,0
2026-08-10 02:00:00,26.0298927333333,0,0,0,0,0,0,0.0372616666666667,1.39581833333333,3.85306166666667,4.87543166666667,3.59442,2.85271,2.47599166666667,2.33379833333333,1.89201833333333,0.977668333333333,0.390621666666667,0.202603333333333,0.123925,0.09417,0.09757,0.100596666666667,0.0839866666666667,0.0672183333333333,0.05682,0.0417033333333333,0.03883,0.0458516666666667,0.0373433333333333,0.0419733333333333,0.0256883333333333,0.0341516666666667,0.025345,0.0191183333333333,0.0226033333333333,0.016315,0.0178566666666667,0.0157166666666667,0.00936166666666667,0.00549333333333333,0.00734166666666667,0.00972166666666667,0.004805,0.00436,0.000498333333333333,0.002035,0.00375833333333333,0.00233833333333333,0.00310666666666667,0.00092,0.00134333333333333,0.00125333333333333,0.000723333333333333,0.001435,0.00253666666666667,0.000968333333333333,0.001405,0.00111666666666667,0.000428333333333333,0.000855,0.000616666666666667,0.00056,0.000101666666666667,0,0,0.000843333333333333,0,0,0,0,0.000413333333333333,0.000433333333333333,0.0000633333333333333,0.0000683333333333333,0.0000733333333333333,0.0000783333333333333,0.0000833333333333333,0.000025,0,1,0,0,0,0,0,0,1,1,1,1,1,1,1,1,1,1,1,1,1,1,1,1,1,1,1,1,1,1,1,1,1,1,1,1,1,1,1,1,1,1,1,1,1,1,1,1,1,1,1,1,1,1,1,1,1,1,1,1,1,1,1,1,1,1,1,1,1,1,1,1,1,1,1,1,1,1,1,1,0
2026-08-10 03:00:00,56.67148285,0,0,0,0,0,0,0.05556,2.04547,6.19708833333333,8.41782166666667,7.34611666666667,6.48760666666667,6.44884833333333,6.69581166666667,6.11424166666667,3.27119666666667,0.925453333333333,0.458108333333333,0.28108,0.19198,0.189778333333333,0.168138333333333,0.161408333333333,0.116051666666667,0.0971666666666667,0.0763916666666667,0.0750116666666667,0.0659833333333333,0.0565916666666667,0.0655533333333333,0.0585716666666667,0.04848,0.04168,0.0398,0.035395,0.0327383333333333,0.0263883333333333,0.0223833333333333,0.0214083333333333,0.0126566666666667,0.0106233333333333,0.01141,0.0105933333333333,0.00538833333333333,0.00544666666666667,0.00594166666666667,0.00404333333333333,0.00395166666666667,0.00412833333333333,0.00279333333333333,0.00243333333333333,0.002095,0.000431666666666667,0.00127666666666667,0.000898333333333333,0.00306166666666667,0.00086,0.00129,0.000428333333333333,0.000853333333333333,0.00128,0.000425,0.000425,0,0.000423333333333333,0.000421666666666667,0.00042,0.000836666666666667,0,0.000415,0.000826666666666667,0.0000433333333333333,0.000126666666666667,0.000136666666666667,0.000146666666666667,0.000156666666666667,0.000166666666666667,0.00005,0,1,0,0,0,0,0,0,1,1,1,1,1,1,1,1,1,1,1,1,1,1,1,1,1,1,1,1,1,1,1,1,1,1,1,1,1,1,1,1,1,1,1,1,1,1,1,1,1,1,1,1,1,1,1,1,1,1,1,1,1,1,1,1,1,1,1,1,1,1,1,1,1,1,1,1,1,1,1,1,0
2026-08-10 04:00:00,45.8794723333333,0,0,0,0,0,0,0.05831,2.14797,6.493535,8.19679,6.36297,5.17023666666667,4.80961833333333,4.87916,2.723045,1.02050666666667,0.445828333333333,0.241676666666667,0.168025,0.179325,0.17998,0.199633333333333,0.20743,0.170175,0.14795,0.134201666666667,0.13573,0.143558333333333,0.118436666666667,0.12715,0.0951483333333333,0.0979916666666667,0.0980516666666667,0.082935,0.0688166666666667,0.069745,0.0489166666666667,0.0466483333333333,0.031095,0.02289,0.025835,0.0211866666666667,0.01611,0.0128216666666667,0.013625,0.01211,0.0108366666666667,0.01013,0.00804166666666667,0.00428,0.00514166666666667,0.00460333333333333,0.00242666666666667,0.003055,0.00266,0.0032,0.00154833333333333,0.00217833333333333,0.00134,0,0.00128,0.00107166666666667,0.000203333333333333,0.001655,0.0000383333333333333,0,0.00042,0,0,0,0,0.0000433333333333333,0.000126666666666667,0.000136666666666667,0.000146666666666667,0.000156666666666667,0.000166666666666667,0.00005,0,1,0,0,0,0,0,0,1,1,1,1,1,1,1,1,1,1,1,1,1,1,1,1,1,1,1,1,1,1,1,1,1,1,1,1,1,1,1,1,1,1,1,1,1,1,1,1,1,1,1,1,1,1,1,1,1,1,1,1,1,1,1,1,1,1,1,1,1,1,1,1,1,1,1,1,1,1,1,1,0
2026-08-10 05:00:00,70.7652698666667,0,0,0,0,0,0,0.08658,3.24322166666667,10.2141316666667,14.0106133333333,11.0516783333333,8.41562333333333,7.07262666666667,6.627365,3.53357333333333,1.36925,0.709903333333333,0.437978333333333,0.317785,0.277205,0.25603,0.28183,0.246466666666667,0.218576666666667,0.189978333333333,0.164073333333333,0.155345,0.146091666666667,0.125848333333333,0.122041666666667,0.11703,0.117435,0.117843333333333,0.0844733333333333,0.0790716666666667,0.0777833333333333,0.05344,0.0553483333333333,0.03943,0.03393,0.0290133333333333,0.02724,0.0197966666666667,0.0167683333333333,0.0180116666666667,0.015005,0.009615,0.00770333333333333,0.00647166666666667,0.00777666666666667,0.00588166666666667,0.00587833333333333,0.00574,0.002745,0.0028,0.000136666666666667,0.002925,0.00257333333333333,0.00171333333333333,0.00128,0.000853333333333333,0.0017,0.000425,0.00246333333333333,0.000846666666666667,0.000641666666666667,0.000696666666666667,0,0,0,0,0.0000216666666666667,0.0000633333333333333,0.0000683333333333333,0.0000733333333333333,0.0000783333333333333,0.0000833333333333333,0.000025,0,1,0,0,0,0,0,0,1,1,1,1,1,1,1,1,1,1,1,1,1,1,1,1,1,1,1,1,1,1,1,1,1,1,1,1,1,1,1,1,1,1,1,1,1,1,1,1,1,1,1,1,1,1,1,1,1,1,1,1,1,1,1,1,1,1,1,1,1,1,1,1,1,1,1,1,1,1,1,1,0
2026-08-10 06:00:00,67.7142586,0,0,0,0,0,0,0.0767916666666667,3.21509166666667,10.030145,13.6288583333333,10.68274,8.19152333333333,7.02482333333333,6.618735,2.94842666666667,1.01412833333333,0.572466666666667,0.326745,0.252686666666667,0.246185,0.249566666666667,0.282828333333333,0.259535,0.229976666666667,0.192991666666667,0.15898,0.155831666666667,0.146908333333333,0.143331666666667,0.143296666666667,0.130026666666667,0.127978333333333,0.119173333333333,0.096145,0.0866533333333333,0.07143,0.0665716666666667,0.05033,0.0458933333333333,0.0377866666666667,0.02279,0.0283183333333333,0.0244083333333333,0.0193616666666667,0.01643,0.0165333333333333,0.0105333333333333,0.0130866666666667,0.0118633333333333,0.0111983333333333,0.00750333333333333,0.01041,0.0054,0.00483333333333333,0.00150666666666667,0.0018,0.00229333333333333,0.000688333333333333,0.00146,0.00196,0.00208666666666667,0.00229333333333333,0.00073,0.000808333333333333,0.000883333333333333,0.000283333333333333,0.000138333333333333,0.000398333333333333,0.000435,0.000415,0,0.000476666666666667,0.00019,0.000205,0.00022,0.000235,0.00025,0.000075,0,1,0,0,0,0,0,0,1,1,1,1,1,1,1,1,1,1,1,1,1,1,1,1,1,1,1,1,1,1,1,1,1,1,1,1,1,1,1,1,1,1,1,1,1,1,1,1,1,1,1,1,1,1,1,1,1,1,1,1,1,1,1,1,1,1,1,1,1,1,1,1,1,1,1,1,1,1,1,1,0
2026-08-10 07:00:00,63.0009917333333,0,0,0,0,0,0,0.089805,3.31950166666667,9.92401166666667,12.726155,9.71389,7.33501333333333,6.12384333333333,5.81720666666667,2.54993666666667,0.986726666666667,0.563901666666667,0.337681666666667,0.257721666666667,0.243251666666667,0.251463333333333,0.271388333333333,0.258813333333333,0.215278333333333,0.194326666666667,0.172371666666667,0.147803333333333,0.142803333333333,0.147813333333333,0.14043,0.122083333333333,0.123081666666667,0.113575,0.0864516666666667,0.0874833333333333,0.079485,0.0763833333333333,0.0581366666666667,0.039055,0.0397616666666667,0.0316333333333333,0.0250783333333333,0.0289,0.0205416666666667,0.0241266666666667,0.017635,0.0144666666666667,0.0143683333333333,0.0135283333333333,0.0112283333333333,0.006055,0.00578833333333333,0.00519166666666667,0.00497333333333333,0.00307333333333333,0.00365,0.00086,0.00235166666666667,0.00193333333333333,0.00170833333333333,0.00128,0.00149666666666667,0.00306333333333333,0.000113333333333333,0.00077,0.002045,0.000426666666666667,0.00053,0.000851666666666667,0.000415,0.00016,0.000773333333333333,0.000316666666666667,0.000341666666666667,0.000366666666666667,0.000391666666666667,0.000416666666666667,0.000125,0,1,0,0,0,0,0,0,1,1,1,1,1,1,1,1,1,1,1,1,1,1,1,1,1,1,1,1,1,1,1,1,1,1,1,1,1,1,1,1,1,1,1,1,1,1,1,1,1,1,1,1,1,1,1,1,1,1,1,1,1,1,1,1,1,1,1,1,1,1,1,1,1,1,1,1,1,1,1,1,0
2026-08-10 08:00:00,59.1064311,0,0,0,0,0,0,0.080745,3.059475,9.11504,11.868845,9.164935,6.852575,5.63222333333333,5.235465,2.38374,0.961086666666667,0.517553333333333,0.310541666666667,0.237828333333333,0.21821,0.236793333333333,0.261106666666667,0.245075,0.214168333333333,0.169683333333333,0.16472,0.14653,0.147355,0.133913333333333,0.124533333333333,0.119685,0.12074,0.105566666666667,0.0932533333333333,0.0791916666666667,0.0806483333333333,0.0675666666666667,0.0680983333333333,0.043045,0.0341083333333333,0.0292566666666667,0.0230733333333333,0.0228166666666667,0.0156816666666667,0.015865,0.0136233333333333,0.00976166666666667,0.007775,0.0112816666666667,0.01257,0.00768166666666667,0.00674833333333333,0.00646333333333333,0.008075,0.004015,0.00311833333333333,0.00372666666666667,0.00223166666666667,0.00334833333333333,0.00178333333333333,0.00227666666666667,0.00231,0.00261333333333333,0.002425,0.00211166666666667,0.00015,0.000288333333333333,0.000928333333333333,0.000453333333333333,0.00083,0.00016,0.000903333333333333,0.000696666666666667,0.00075,0.000805,0.000861666666666667,0.000918333333333333,0.000273333333333333,0,1,0,0,0,0,0,0,1,1,1,1,1,1,1,1,1,1,1,1,1,1,1,1,1,1,1,1,1,1,1,1,1,1,1,1,1,1,1,1,1,1,1,1,1,1,1,1,1,1,1,1,1,1,1,1,1,1,1,1,1,1,1,1,1,1,1,1,1,1,1,1,1,1,1,1,1,1,1,1,0
2026-08-10 09:00:00,65.870288,0,0,0,0,0,0,0.103718333333333,3.75625666666667,10.913475,13.755085,10.275965,7.68646333333333,6.24615,5.5889,2.63429666666667,1.01134,0.555123333333333,0.308785,0.253891666666667,0.230256666666667,0.235588333333333,0.280265,0.224726666666667,0.211501666666667,0.177931666666667,0.159576666666667,0.148043333333333,0.145331666666667,0.133575,0.150716666666667,0.112425,0.112056666666667,0.100761666666667,0.103585,0.0879433333333333,0.0786683333333333,0.0609266666666667,0.0638416666666667,0.0551783333333333,0.035105,0.03426,0.0313083333333333,0.0226183333333333,0.0198833333333333,0.0155116666666667,0.01222,0.01258,0.01292,0.0108433333333333,0.00860833333333333,0.00998833333333333,0.00792833333333333,0.00435166666666667,0.00400333333333333,0.00756166666666667,0.00510666666666667,0.006365,0.00195166666666667,0.00234833333333333,0.00246833333333333,0.00313,0.00315833333333333,0.0013,0.000846666666666667,0.000845,0.000496666666666667,0.00141666666666667,0.00189666666666667,0.00128666666666667,0.00083,0.00114666666666667,0.00107,0.000443333333333333,0.000476666666666667,0.000511666666666667,0.000548333333333333,0.000585,0.000173333333333333,0,1,0,0,0,0,0,0,1,1,1,1,1,1,1,1,1,1,1,1,1,1,1,1,1,1,1,1,1,1,1,1,1,1,1,1,1,1,1,1,1,1,1,1,1,1,1,1,1,1,1,1,1,1,1,1,1,1,1,1,1,1,1,1,1,1,1,1,1,1,1,1,1,1,1,1,1,1,1,1,0
2026-08-10 10:00:00,62.4081206333333,0,0,0,0,0,0,0.11052,3.59874166666667,10.312565,12.97995,9.71193166666667,7.08627833333333,5.83099333333333,5.24523833333333,2.81702,1.07585333333333,0.561051666666667,0.324313333333333,0.228511666666667,0.215508333333333,0.235493333333333,0.26082,0.235591666666667,0.20449,0.173946666666667,0.146598333333333,0.13999,0.146998333333333,0.128963333333333,0.132835,0.113765,0.101145,0.0896383333333333,0.0845133333333333,0.0797683333333333,0.0699016666666667,0.055605,0.0552,0.0415783333333333,0.031715,0.0349083333333333,0.0282633333333333,0.027345,0.0196083333333333,0.0205783333333333,0.0202083333333333,0.012915,0.013045,0.00911833333333333,0.0126,0.00930833333333333,0.00631333333333333,0.00633666666666667,0.00383,0.00285333333333333,0.00739666666666667,0.002065,0.002145,0.00266666666666667,0.00288833333333333,0.00360333333333333,0.000883333333333333,0.00178833333333333,0.00180833333333333,0.00126666666666667,0.00183166666666667,0.000985,0.000928333333333333,0.0009,0.00204666666666667,0.0014,0.000901666666666667,0.000695,0.00075,0.000805,0.000861666666666667,0.000918333333333333,0.000273333333333333,0,1,0,0,0,0,0,0,1,1,1,1,1,1,1,1,1,1,1,1,1,1,1,1,1,1,1,1,1,1,1,1,1,1,1,1,1,1,1,1,1,1,1,1,1,1,1,1,1,1,1,1,1,1,1,1,1,1,1,1,1,1,1,1,1,1,1,1,1,1,1,1,1,1,1,1,1,1,1,1,0
2026-08-10 11:00:00,59.2952693166667,0,0,0,0,0,0,0.0931066666666667,3.176295,8.97364333333333,11.5022116666667,8.87357666666667,6.71271333333333,5.606505,5.09121,3.31646666666667,1.33954166666667,0.618203333333333,0.3364,0.246453333333333,0.230801666666667,0.235265,0.263233333333333,0.234205,0.185913333333333,0.158678333333333,0.149066666666667,0.143151666666667,0.145205,0.124883333333333,0.144628333333333,0.105261666666667,0.105975,0.08435,0.07984,0.077815,0.0666016666666667,0.0660883333333333,0.0524966666666667,0.0535883333333333,0.0376733333333333,0.0356816666666667,0.0275716666666667,0.023305,0.0260133333333333,0.01683,0.0170516666666667,0.0117566666666667,0.0106,0.0142366666666667,0.0115566666666667,0.0113883333333333,0.00544666666666667,0.00544666666666667,0.00709,0.00883666666666667,0.00943,0.00481666666666667,0.00432833333333333,0.00425,0.00196166666666667,0.00275,0.00493166666666667,0.004155,0.00177,0.00153833333333333,0.00324666666666667,0.00127166666666667,0.00394833333333333,0.00238333333333333,0.00226833333333333,0.00156,0.00161,0.000821666666666667,0.000885,0.00095,0.00101833333333333,0.00108666666666667,0.000321666666666667,0,1,0,0,0,0,0,0,1,1,1,1,1,1,1,1,1,1,1,1,1,1,1,1,1,1,1,1,1,1,1,1,1,1,1,1,1,1,1,1,1,1,1,1,1,1,1,1,1,1,1,1,1,1,1,1,1,1,1,1,1,1,1,1,1,1,1,1,1,1,1,1,1,1,1,1,1,1,1,1,0
2026-08-10 12:00:00,55.0315810666667,0,0,0,0,0,0,0.08834,2.93259666666667,8.18955166666667,10.56472,8.22600333333333,6.30211833333333,5.221585,4.69422666666667,3.69479166666667,1.52016666666667,0.578125,0.321778333333333,0.221743333333333,0.179528333333333,0.180298333333333,0.217341666666667,0.183783333333333,0.180753333333333,0.146426666666667,0.115213333333333,0.120195,0.131566666666667,0.107236666666667,0.106213333333333,0.0855933333333333,0.097515,0.0842266666666667,0.0671066666666667,0.062265,0.0536083333333333,0.0543416666666667,0.0423333333333333,0.02996,0.0277916666666667,0.0305383333333333,0.02552,0.015505,0.0181116666666667,0.01658,0.0139983333333333,0.0116383333333333,0.0140583333333333,0.0111783333333333,0.0112416666666667,0.009865,0.00679,0.00504,0.00581166666666667,0.00427,0.00398,0.00303833333333333,0.00286666666666667,0.00229333333333333,0.00289166666666667,0.00213333333333333,0.00117333333333333,0.00303833333333333,0.00127,0.00157833333333333,0.00282333333333333,0.000565,0.00262333333333333,0.000851666666666667,0.00135,0.00088,0.000901666666666667,0.000695,0.000746666666666667,0.000801666666666667,0.000861666666666667,0.000921666666666667,0.00027,0,1,0,0,0,0,0,0,1,1,1,1,1,1,1,1,1,1,1,1,1,1,1,1,1,1,1,1,1,1,1,1,1,1,1,1,1,1,1,1,1,1,1,1,1,1,1,1,1,1,1,1,1,1,1,1,1,1,1,1,1,1,1,1,1,1,1,1,1,1,1,1,1,1,1,1,1,1,1,1,0
2026-08-10 13:00:00,42.942724,0,0,0,0,0,0,0.0599483333333333,2.07997,6.19231166666667,8.30437,6.64850166666667,5.01217333333333,4.15946333333333,3.69407166666667,3.206845,1.42143,0.485901666666667,0.26121,0.16302,0.147948333333333,0.137256666666667,0.137916666666667,0.143491666666667,0.103125,0.0966483333333333,0.08501,0.0859366666666667,0.089675,0.072435,0.0807683333333333,0.06141,0.0872316666666667,0.0617666666666667,0.0545316666666667,0.0451633333333333,0.0387783333333333,0.0383816666666667,0.0261566666666667,0.0232366666666667,0.01816,0.017285,0.0186266666666667,0.0168766666666667,0.0139416666666667,0.0115666666666667,0.00995166666666667,0.0101933333333333,0.010945,0.00536666666666667,0.00632833333333333,0.00544666666666667,0.00549333333333333,0.00783,0.00652333333333333,0.00254333333333333,0.00354833333333333,0.00381166666666667,0.00381166666666667,0.00219666666666667,0.00256666666666667,0.00275,0.000661666666666667,0.00371,0.00219333333333333,0.00123,0.000925,0.001255,0.000418333333333333,0.00105666666666667,0.00202666666666667,0.00122666666666667,0.00137833333333333,0.000885,0.000953333333333333,0.00102333333333333,0.00109666666666667,0.00117,0.000346666666666667,0,1,0,0,0,0,0,0,1,1,1,1,1,1,1,1,1,1,1,1,1,1,1,1,1,1,1,1,1,1,1,1,1,1,1,1,1,1,1,1,1,1,1,1,1,1,1,1,1,1,1,1,1,1,1,1,1,1,1,1,1,1,1,1,1,1,1,1,1,1,1,1,1,1,1,1,1,1,1,1,0
2026-08-10 14:00:00,43.717208,0,0,0,0,0,0,0.060315,1.95282666666667,5.97189833333333,8.11028666666667,6.47007333333333,4.923405,4.21669166666667,3.74958,3.35561333333333,1.62393,0.533635,0.292708333333333,0.17203,0.145393333333333,0.141443333333333,0.133116666666667,0.147088333333333,0.115481666666667,0.0983766666666667,0.0812916666666667,0.0785133333333333,0.0809433333333333,0.061815,0.071925,0.0606316666666667,0.05802,0.0527783333333333,0.05204,0.0516366666666667,0.0486616666666667,0.044305,0.0297716666666667,0.0200483333333333,0.0174266666666667,0.0182883333333333,0.0177016666666667,0.01353,0.0151866666666667,0.0118833333333333,0.00971,0.00817,0.00806666666666667,0.00957833333333333,0.00876833333333333,0.00926833333333333,0.00840666666666667,0.00338333333333333,0.00728333333333333,0.00507166666666667,0.00518,0.00309666666666667,0.00320833333333333,0.00229333333333333,0.00417,0.003365,0.00207166666666667,0.00133833333333333,0.00211666666666667,0.00361333333333333,0.00135333333333333,0.00139833333333333,0.000418333333333333,0.000446666666666667,0.00163166666666667,0.00172,0.00175666666666667,0.000506666666666667,0.000546666666666667,0.000586666666666667,0.000626666666666667,0.000666666666666667,0.0002,0,1,0,0,0,0,0,0,1,1,1,1,1,1,1,1,1,1,1,1,1,1,1,1,1,1,1,1,1,1,1,1,1,1,1,1,1,1,1,1,1,1,1,1,1,1,1,1,1,1,1,1,1,1,1,1,1,1,1,1,1,1,1,1,1,1,1,1,1,1,1,1,1,1,1,1,1,1,1,1,0
2026-08-10 15:00:00,48.2057683,0,0,0,0,0,0,0.0621483333333333,1.97828833333333,6.31580833333333,8.68746,7.13649333333333,5.648505,4.89211166666667,4.34120166666667,4.01446,2.127395,0.741843333333333,0.347968333333333,0.21977,0.173508333333333,0.157331666666667,0.157923333333333,0.166896666666667,0.128908333333333,0.10999,0.0864516666666667,0.0804833333333333,0.077845,0.0719333333333333,0.0801416666666667,0.0669833333333333,0.0581466666666667,0.0569166666666667,0.0569733333333333,0.05031,0.042875,0.0439966666666667,0.0358483333333333,0.0183883333333333,0.0186733333333333,0.0228716666666667,0.01666,0.0116183333333333,0.0109833333333333,0.0114183333333333,0.0107383333333333,0.01005,0.00851833333333333,0.00666833333333333,0.00746833333333333,0.00965666666666667,0.00421666666666667,0.00588,0.006155,0.00706333333333333,0.00601166666666667,0.00415666666666667,0.00599,0.00345833333333333,0.00349333333333333,0.00232333333333333,0.00290666666666667,0.00243,0.00238666666666667,0.00203666666666667,0.000646666666666667,0.00126,0.00161333333333333,0.000055,0.00117666666666667,0.00146666666666667,0.00168166666666667,0.00057,0.000611666666666667,0.000656666666666667,0.000705,0.000753333333333333,0.000221666666666667,0,1,0,0,0,0,0,0,1,1,1,1,1,1,1,1,1,1,1,1,1,1,1,1,1,1,1,1,1,1,1,1,1,1,1,1,1,1,1,1,1,1,1,1,1,1,1,1,1,1,1,1,1,1,1,1,1,1,1,1,1,1,1,1,1,1,1,1,1,1,1,1,1,1,1,1,1,1,1,1,0
2026-08-10 16:00:00,57.3618358,0,0,0,0,0,0,0.072925,2.355625,7.21692,10.0619183333333,8.34757833333333,6.64062,5.763625,5.11700333333333,4.76251833333333,2.68753333333333,1.02806833333333,0.526336666666667,0.314283333333333,0.259705,0.220953333333333,0.214331666666667,0.222541666666667,0.155933333333333,0.117438333333333,0.0989533333333333,0.09546,0.0878933333333333,0.0760483333333333,0.0789383333333333,0.0729433333333333,0.081065,0.0565466666666667,0.0553816666666667,0.0485616666666667,0.048465,0.0460083333333333,0.0372216666666667,0.029805,0.0156866666666667,0.013465,0.0150616666666667,0.0196133333333333,0.0138833333333333,0.0159183333333333,0.0105933333333333,0.00954833333333333,0.014,0.00998,0.00832,0.00709833333333333,0.00671833333333333,0.00597666666666667,0.003575,0.00662,0.00342833333333333,0.00260833333333333,0.00249166666666667,0.00574333333333333,0.000678333333333333,0.00213333333333333,0.00459333333333333,0.00213166666666667,0.002155,0.00199833333333333,0.000571666666666667,0.00183666666666667,0.000681666666666667,0.00147333333333333,0.000193333333333333,0.000413333333333333,0.000736666666666667,0.00095,0.00102,0.001095,0.001175,0.001255,0.00037,0,1,0,0,0,0,0,0,1,1,1,1,1,1,1,1,1,1,1,1,1,1,1,1,1,1,1,1,1,1,1,1,1,1,1,1,1,1,1,1,1,1,1,1,1,1,1,1,1,1,1,1,1,1,1,1,1,1,1,1,1,1,1,1,1,1,1,1,1,1,1,1,1,1,1,1,1,1,1,1,0
2026-08-10 17:00:00,53.5492197666667,0,0,0,0,0,0,0.0715283333333333,2.212215,6.99815,9.60591,7.93029,6.24317166666667,5.41779666666667,4.85097,4.36760166666667,2.31424166666667,0.798013333333333,0.41223,0.264131666666667,0.172686666666667,0.199828333333333,0.19859,0.169336666666667,0.130233333333333,0.111486666666667,0.090925,0.089715,0.09338,0.063805,0.07205,0.0702266666666667,0.0632466666666667,0.05978,0.0492416666666667,0.053755,0.0489866666666667,0.0429016666666667,0.0388316666666667,0.0356933333333333,0.0197433333333333,0.0186,0.015315,0.0195666666666667,0.0143216666666667,0.0198883333333333,0.0153416666666667,0.0121433333333333,0.0120133333333333,0.0119433333333333,0.01008,0.011475,0.00704166666666667,0.00583333333333333,0.00335333333333333,0.00597,0.00669,0.005075,0.00364166666666667,0.00374333333333333,0.005455,0.00692166666666667,0.00268,0.001865,0.00130833333333333,0.00161333333333333,0.00162333333333333,0.00226166666666667,0.00123166666666667,0.00191833333333333,0.00141,0.000986666666666667,0.000513333333333333,0.00076,0.000813333333333333,0.000873333333333333,0.00094,0.00100666666666667,0.000293333333333333,0,1,0,0,0,0,0,0,1,1,1,1,1,1,1,1,1,1,1,1,1,1,1,1,1,1,1,1,1,1,1,1,1,1,1,1,1,1,1,1,1,1,1,1,1,1,1,1,1,1,1,1,1,1,1,1,1,1,1,1,1,1,1,1,1,1,1,1,1,1,1,1,1,1,1,1,1,1,1,1,0
2026-08-10 18:00:00,52.7813729166667,0,0,0,0,0,0,0.0657466666666667,2.24984,6.806545,9.5211,7.86002166666667,6.30348333333333,5.419665,4.89814666666667,3.87422666666667,1.93273166666667,0.701906666666667,0.375391666666667,0.234551666666667,0.19041,0.171508333333333,0.178026666666667,0.163195,0.132481666666667,0.108261666666667,0.0896533333333333,0.0930283333333333,0.0896583333333333,0.06184,0.08569,0.0630666666666667,0.05997,0.0680566666666667,0.0547983333333333,0.0518516666666667,0.048505,0.0411016666666667,0.03894,0.0257583333333333,0.02088,0.0195883333333333,0.0153816666666667,0.00916833333333333,0.00778,0.01579,0.011115,0.01554,0.0149316666666667,0.00922333333333333,0.0108433333333333,0.0118683333333333,0.00879666666666667,0.00785166666666667,0.00817166666666667,0.00678,0.00416,0.00567833333333333,0.00421666666666667,0.00523833333333333,0.00450333333333333,0.00426666666666667,0.00129333333333333,0.00411666666666667,0.00177,0.00157666666666667,0.00198166666666667,0.000853333333333333,0.00191666666666667,0.000851666666666667,0.00100333333333333,0.00106666666666667,0.000476666666666667,0.00019,0.000205,0.00022,0.000235,0.00025,0.000075,0,1,0,0,0,0,0,0,1,1,1,1,1,1,1,1,1,1,1,1,1,1,1,1,1,1,1,1,1,1,1,1,1,1,1,1,1,1,1,1,1,1,1,1,1,1,1,1,1,1,1,1,1,1,1,1,1,1,1,1,1,1,1,1,1,1,1,1,1,1,1,1,1,1,1,1,1,1,1,1,0
2026-08-10 19:00:00,57.7824495333333,0,0,0,0,0,0,0.06735,2.45173166666667,7.50830666666667,10.391685,8.44881333333333,6.803405,5.88267166666667,5.21346,4.28760333333333,2.38200333333333,0.875915,0.514341666666667,0.288805,0.226723333333333,0.21197,0.219348333333333,0.18903,0.154845,0.135505,0.0977183333333333,0.0961183333333333,0.079805,0.0722633333333333,0.0851683333333333,0.0704,0.069075,0.056885,0.047365,0.0523466666666667,0.0397783333333333,0.0418033333333333,0.0350233333333333,0.030775,0.0172366666666667,0.0178466666666667,0.0161616666666667,0.01149,0.00918166666666667,0.0106316666666667,0.00754833333333333,0.008675,0.012195,0.01087,0.00837333333333333,0.0110633333333333,0.00710833333333333,0.00379166666666667,0.00228,0.00947,0.00486166666666667,0.00366833333333333,0.00392833333333333,0.003635,0.00417333333333333,0.00379333333333333,0.00164666666666667,0.00176333333333333,0.00250333333333333,0.00203666666666667,0.00113833333333333,0.00153666666666667,0.001255,0.000833333333333333,0.001245,0.00165333333333333,0.00065,0.000696666666666667,0.00075,0.000805,0.000861666666666667,0.000918333333333333,0.000273333333333333,0,1,0,0,0,0,0,0,1,1,1,1,1,1,1,1,1,1,1,1,1,1,1,1,1,1,1,1,1,1,1,1,1,1,1,1,1,1,1,1,1,1,1,1,1,1,1,1,1,1,1,1,1,1,1,1,1,1,1,1,1,1,1,1,1,1,1,1,1,1,1,1,1,1,1,1,1,1,1,1,0
2026-08-10 20:00:00,74.0341271833333,0,0,0,0,0,0,0.076875,2.75687666666667,9.06077833333333,13.1110433333333,10.8377733333333,8.74100666666667,7.45703,6.885735,6.21457833333333,3.31884666666667,1.22572833333333,0.65591,0.430611666666667,0.331381666666667,0.276198333333333,0.315518333333333,0.309285,0.21927,0.17417,0.120398333333333,0.132721666666667,0.126068333333333,0.100163333333333,0.107315,0.0820066666666667,0.09103,0.0825183333333333,0.0874216666666667,0.0703516666666667,0.0665566666666667,0.0627216666666667,0.050715,0.0405716666666667,0.0317716666666667,0.0261766666666667,0.0244466666666667,0.0193533333333333,0.0162733333333333,0.01597,0.0119316666666667,0.0127983333333333,0.00998666666666667,0.0149266666666667,0.0104,0.00869666666666667,0.01005,0.00474666666666667,0.00462333333333333,0.00598833333333333,0.00337666666666667,0.00261,0.00404,0.006785,0.006215,0.00336666666666667,0.00197166666666667,0.001865,0.002925,0.00169166666666667,0.000918333333333333,0.00154833333333333,0.000968333333333333,0.000416666666666667,0.00100333333333333,0.000653333333333333,0.000151666666666667,0.000443333333333333,0.000478333333333333,0.000513333333333333,0.000548333333333333,0.000583333333333333,0.000175,0,1,0,0,0,0,0,0,1,1,1,1,1,1,1,1,1,1,1,1,1,1,1,1,1,1,1,1,1,1,1,1,1,1,1,1,1,1,1,1,1,1,1,1,1,1,1,1,1,1,1,1,1,1,1,1,1,1,1,1,1,1,1,1,1,1,1,1,1,1,1,1,1,1,1,1,1,1,1,1,0
2026-08-10 21:00:00,78.0371323448276,0,0,0,0,0,0,0.0820465517241379,3.02686034482759,9.67973275862069,13.8646379310345,11.5017275862069,9.1275,7.8607275862069,7.18611896551724,6.58021724137931,3.52360344827586,1.34224827586207,0.719108620689655,0.445136206896552,0.396144827586207,0.329584482758621,0.324344827586207,0.31573275862069,0.245260344827586,0.185525862068966,0.138839655172414,0.148944827586207,0.134134482758621,0.10718275862069,0.12098275862069,0.0984344827586207,0.0951724137931035,0.0735379310344828,0.0668862068965517,0.0850879310344828,0.0680172413793103,0.0620637931034483,0.0498293103448276,0.0442379310344828,0.0259362068965517,0.0256086206896552,0.0239672413793103,0.0243672413793103,0.0153620689655172,0.0165534482758621,0.0179741379310345,0.013451724137931,0.0141120689655172,0.00902931034482759,0.0113672413793103,0.00781551724137931,0.00820172413793104,0.00359655172413793,0.00478275862068965,0.00490862068965517,0.00525,0.00685,0.00317241379310345,0.00420344827586207,0.0052051724137931,0.0028448275862069,0.00200344827586207,0.00211896551724138,0.00222931034482759,0.000912068965517241,0.000436206896551724,0,0.000412068965517241,0.00045,0.000179310344827586,0.000413793103448276,0.000463793103448276,0.000589655172413793,0.00063448275862069,0.000681034482758621,0.000729310344827586,0.000777586206896552,0.000231034482758621,0,1,0,0,0,0,0,0,1,1,1,1,1,1,1,1,1,1,1,1,1,1,1,1,1,1,1,1,1,1,1,1,1,1,1,1,1,1,1,1,1,1,1,1,1,1,1,1,1,1,1,1,1,1,1,1,1,1,1,1,1,1,1,1,1,1,1,1,1,1,1,1,1,1,1,1,1,1,1,1,0
2026-08-10 22:00:00,68.1067255423729,0,0,0,0,0,0,0.0649491525423729,2.4997,8.55044237288136,12.1911508474576,10.1459271186441,8.1112186440678,7.13971186440678,6.52107627118644,5.52630677966102,3.0282186440678,1.10721016949153,0.606449152542373,0.389347457627119,0.3089,0.266906779661017,0.274476271186441,0.240774576271186,0.196091525423729,0.151713559322034,0.131674576271186,0.116286440677966,0.123701694915254,0.0923,0.103084745762712,0.0812847457627119,0.0934338983050848,0.0816169491525424,0.0783610169491525,0.0772322033898305,0.0706067796610169,0.0560762711864407,0.050935593220339,0.0421440677966102,0.0355101694915254,0.0249661016949153,0.0210830508474576,0.0153,0.0205101694915254,0.0125050847457627,0.0128220338983051,0.0127118644067797,0.0090864406779661,0.008,0.00563559322033898,0.00732372881355932,0.0038,0.00466271186440678,0.00308813559322034,0.00581186440677966,0.00281016949152542,0.00338135593220339,0.00346610169491525,0.00195423728813559,0.00337796610169492,0.00236271186440678,0.00229830508474576,0.000928813559322034,0.0021135593220339,0.00199322033898305,0.00266101694915254,0.00128813559322034,0.000984745762711864,0.000847457627118644,0.000422033898305085,0.000325423728813559,0.00104406779661017,0.000322033898305085,0.000347457627118644,0.000372881355932203,0.000398305084745763,0.000423728813559322,0.000127118644067797,0,1,0,0,0,0,0,0,1,1,1,1,1,1,1,1,1,1,1,1,1,1,1,1,1,1,1,1,1,1,1,1,1,1,1,1,1,1,1,1,1,1,1,1,1,1,1,1,1,1,1,1,1,1,1,1,1,1,1,1,1,1,1,1,1,1,1,1,1,1,1,1,1,1,1,1,1,1,1,1,0
2026-08-10 23:00:00,67.3454404576271,0,0,0,0,0,0,0.0702016949152542,2.56690677966102,8.47858813559322,12.1785661016949,10.0900271186441,7.94677288135593,6.95049830508475,6.37806779661017,5.28871355932203,2.91376101694915,0.998218644067797,0.528001694915254,0.325433898305085,0.255598305084746,0.249308474576271,0.260003389830508,0.207916949152542,0.184520338983051,0.143771186440678,0.119838983050847,0.110940677966102,0.114461016949153,0.104991525423729,0.104320338983051,0.0700237288135593,0.0875847457627119,0.0619559322033898,0.0700322033898305,0.0676050847457627,0.0578813559322034,0.0465830508474576,0.0460271186440678,0.0437305084745763,0.0317525423728814,0.0234983050847458,0.0215525423728814,0.0155254237288136,0.0164813559322034,0.0137508474576271,0.0138813559322034,0.0135966101694915,0.0125101694915254,0.00867796610169492,0.00759491525423729,0.00719830508474576,0.00600338983050847,0.00652542372881356,0.00521864406779661,0.00402203389830508,0.00587627118644068,0.0050728813559322,0.00264745762711864,0.00197627118644068,0.00156101694915254,0.00303728813559322,0.00129661016949153,0.00503050847457627,0.00223050847457627,0.00129152542372881,0.000793220338983051,0.00158135593220339,0.00190847457627119,0.000479661016949153,0.00119661016949153,0.000650847457627119,0.000279661016949153,0.0000644067796610169,0.0000694915254237288,0.0000745762711864407,0.0000796610169491525,0.0000847457627118644,0.0000254237288135593,0,1,0,0,0,0,0,0,1,1,1,1,1,1,1,1,1,1,1,1,1,1,1,1,1,1,1,1,1,1,1,1,1,1,1,1,1,1,1,1,1,1,1,1,1,1,1,1,1,1,1,1,1,1,1,1,1,1,1,1,1,1,1,1,1,1,1,1,1,1,1,1,1,1,1,1,1,1,1,1,0
2026-08-11,94.24112685,0,0,0,0,0,0,0.10766,3.96339333333333,12.0346216666667,16.71953,13.5063783333333,10.7687433333333,9.350445,8.72306166666667,7.00185666666667,3.94578833333333,1.62665,0.904475,0.605738333333333,0.480306666666667,0.43605,0.448043333333333,0.407135,0.313665,0.233705,0.194336666666667,0.184513333333333,0.170881666666667,0.156078333333333,0.167596666666667,0.1196,0.133581666666667,0.120738333333333,0.110348333333333,0.09203,0.0827866666666667,0.06699,0.06471,0.04263,0.0359566666666667,0.034025,0.02926,0.0216,0.0214466666666667,0.0198583333333333,0.0172233333333333,0.0147483333333333,0.0126133333333333,0.0125066666666667,0.01008,0.00980666666666667,0.0108916666666667,0.0103483333333333,0.009685,0.00627166666666667,0.004995,0.004415,0.00475166666666667,0.00623666666666667,0.006815,0.00464666666666667,0.00334666666666667,0.003,0.00411833333333333,0.002725,0.003945,0.00210666666666667,0.00191666666666667,0.000851666666666667,0.00159166666666667,0.00188,0.000881666666666667,0.000633333333333333,0.000681666666666667,0.000731666666666667,0.000783333333333333,0.000835,0.000248333333333333,0,1,0,0,0,0,0,0,1,1,1,1,1,1,1,1,1,1,1,1,1,1,1,1,1,1,1,1,1,1,1,1,1,1,1,1,1,1,1,1,1,1,1,1,1,1,1,1,1,1,1,1,1,1,1,1,1,1,1,1,1,1,1,1,1,1,1,1,1,1,1,1,1,1,1,1,1,1,1,1,0
2026-08-11 01:00:00,70.1107840833333,0,0,0,0,0,0,0.102123333333333,3.58179833333333,10.5943783333333,13.4325883333333,10.3736983333333,7.94483166666667,6.83385166666667,6.45591,3.90199,1.58223833333333,0.806743333333333,0.44844,0.314718333333333,0.279786666666667,0.291393333333333,0.332316666666667,0.309913333333333,0.259731666666667,0.22159,0.179888333333333,0.184135,0.181801666666667,0.170251666666667,0.189695,0.13555,0.165661666666667,0.132971666666667,0.121165,0.117441666666667,0.109041666666667,0.08953,0.071685,0.05827,0.0446916666666667,0.03786,0.0303166666666667,0.0304933333333333,0.0294083333333333,0.0271433333333333,0.02005,0.0126333333333333,0.0146616666666667,0.0137433333333333,0.012085,0.0105466666666667,0.00964,0.0089,0.00595166666666667,0.00842666666666667,0.00335833333333333,0.00596333333333333,0.00323833333333333,0.004315,0.00392166666666667,0.00270166666666667,0.00263166666666667,0.00518833333333333,0.00173166666666667,0.00218666666666667,0.00112666666666667,0.000846666666666667,0.000968333333333333,0,0,0,0.000563333333333333,0.000443333333333333,0.000476666666666667,0.000511666666666667,0.000548333333333333,0.000585,0.000173333333333333,0,1,0,0,0,0,0,0,1,1,1,1,1,1,1,1,1,1,1,1,1,1,1,1,1,1,1,1,1,1,1,1,1,1,1,1,1,1,1,1,1,1,1,1,1,1,1,1,1,1,1,1,1,1,1,1,1,1,1,1,1,1,1,1,1,1,1,1,1,1,1,1,1,1,1,1,1,1,1,1,0
2026-08-11 02:00:00,60.7195980166667,0,0,0,0,0,0,0.0979083333333333,3.30565,9.70617666666667,12.1624766666667,9.02401666666667,6.930565,5.7657,5.35013166666667,3.27019833333333,1.110025,0.601476666666667,0.340076666666667,0.255928333333333,0.236865,0.263013333333333,0.302536666666667,0.315208333333333,0.24861,0.229131666666667,0.18153,0.166725,0.197068333333333,0.179018333333333,0.184801666666667,0.160955,0.146495,0.135893333333333,0.141463333333333,0.10762,0.11392,0.0938333333333333,0.07299,0.05091,0.04869,0.03385,0.0350366666666667,0.025545,0.023275,0.0217866666666667,0.01962,0.016265,0.0159116666666667,0.00886166666666667,0.01035,0.00731166666666667,0.0100716666666667,0.00667333333333333,0.003715,0.00462333333333333,0.00292833333333333,0.00673666666666667,0.00129,0.00223833333333333,0.00161,0.000853333333333333,0.00289166666666667,0.00170666666666667,0.000885,0.00107833333333333,0.00177333333333333,0.00126666666666667,0.001805,0.00064,0.000781666666666667,0.0004,0.00086,0.00057,0.000615,0.00066,0.000705,0.00075,0.000225,0,1,0,0,0,0,0,0,1,1,1,1,1,1,1,1,1,1,1,1,1,1,1,1,1,1,1,1,1,1,1,1,1,1,1,1,1,1,1,1,1,1,1,1,1,1,1,1,1,1,1,1,1,1,1,1,1,1,1,1,1,1,1,1,1,1,1,1,1,1,1,1,1,1,1,1,1,1,1,1,0
2026-08-11 03:00:00,59.7053495333333,0,0,0,0,0,0,0.088245,3.08637666666667,9.10762333333333,11.667175,8.77061166666667,6.56982833333333,5.56016,5.01731166666667,3.642525,1.330645,0.592365,0.338708333333333,0.247456666666667,0.213145,0.22846,0.278895,0.307341666666667,0.246971666666667,0.221006666666667,0.185901666666667,0.164696666666667,0.180026666666667,0.183806666666667,0.18055,0.142651666666667,0.163758333333333,0.132046666666667,0.133785,0.110451666666667,0.106613333333333,0.0941933333333333,0.07667,0.056,0.04759,0.0330766666666667,0.0321966666666667,0.0293166666666667,0.02104,0.0152016666666667,0.0146816666666667,0.0105366666666667,0.0140816666666667,0.00732,0.00715333333333333,0.00794333333333333,0.00547,0.00530833333333333,0.00611,0.00240333333333333,0.00445833333333333,0.00364166666666667,0.00429666666666667,0.00230833333333333,0.00128166666666667,0.00360333333333333,0.001835,0.001725,0.00211833333333333,0.00203833333333333,0.00015,0.00112833333333333,0.00055,0.00105666666666667,0.000781666666666667,0.000653333333333333,0.000108333333333333,0.000316666666666667,0.000341666666666667,0.000366666666666667,0.000391666666666667,0.000416666666666667,0.000125,0,1,0,0,0,0,0,0,1,1,1,1,1,1,1,1,1,1,1,1,1,1,1,1,1,1,1,1,1,1,1,1,1,1,1,1,1,1,1,1,1,1,1,1,1,1,1,1,1,1,1,1,1,1,1,1,1,1,1,1,1,1,1,1,1,1,1,1,1,1,1,1,1,1,1,1,1,1,1,1,0
2026-08-11 04:00:00,58.98376785,0,0,0,0,0,0,0.0840683333333333,2.86097833333333,8.78079166666667,11.342575,8.49889833333333,6.33166166666667,5.37625,4.75759333333333,4.12860166666667,1.62890666666667,0.59907,0.334505,0.247496666666667,0.214203333333333,0.223315,0.279198333333333,0.303446666666667,0.24549,0.217251666666667,0.18267,0.162388333333333,0.169703333333333,0.159818333333333,0.160251666666667,0.148608333333333,0.143003333333333,0.129615,0.117961666666667,0.105371666666667,0.0912883333333333,0.08957,0.0734783333333333,0.0551233333333333,0.0414816666666667,0.0367566666666667,0.0298633333333333,0.0261616666666667,0.0194183333333333,0.017805,0.0136783333333333,0.0161266666666667,0.0115616666666667,0.00753666666666667,0.00635166666666667,0.004405,0.00578833333333333,0.00461,0.0028,0.00329333333333333,0.00325,0.00223666666666667,0.00192,0.001515,0.00239166666666667,0.00398333333333333,0.00156,0.0017,0.00127,0.000423333333333333,0.000705,0.000978333333333333,0.000398333333333333,0.000435,0,0.00016,0.00034,0.000253333333333333,0.000273333333333333,0.000293333333333333,0.000313333333333333,0.000333333333333333,0.0001,0,1,0,0,0,0,0,0,1,1,1,1,1,1,1,1,1,1,1,1,1,1,1,1,1,1,1,1,1,1,1,1,1,1,1,1,1,1,1,1,1,1,1,1,1,1,1,1,1,1,1,1,1,1,1,1,1,1,1,1,1,1,1,1,1,1,1,1,1,1,1,1,1,1,1,1,1,1,1,1,0
2026-08-11 05:00:00,59.38893515,0,0,0,0,0,0,0.0806883333333333,2.93329166666667,8.78107166666667,11.3714716666667,8.65313,6.57467,5.45769666666667,4.86779833333333,4.28409833333333,1.72923333333333,0.677661666666667,0.370618333333333,0.282558333333333,0.238791666666667,0.263608333333333,0.29315,0.355803333333333,0.297133333333333,0.24793,0.185411666666667,0.201623333333333,0.190515,0.179853333333333,0.216876666666667,0.16236,0.152961666666667,0.142656666666667,0.125588333333333,0.118495,0.104875,0.0811716666666667,0.0758433333333333,0.0571183333333333,0.0403466666666667,0.0361866666666667,0.024685,0.0255416666666667,0.0161233333333333,0.0186433333333333,0.0162983333333333,0.01582,0.0142083333333333,0.0108533333333333,0.0103916666666667,0.00805,0.00542333333333333,0.00744333333333333,0.00412833333333333,0.00525,0.00274166666666667,0.00381333333333333,0,0.000856666666666667,0.00213666666666667,0.00170666666666667,0.002245,0.00111666666666667,0.000885,0.000421666666666667,0.00183166666666667,0.000276666666666667,0.000418333333333333,0.000416666666666667,0,0.000413333333333333,0.000498333333333333,0.000253333333333333,0.000273333333333333,0.000293333333333333,0.000313333333333333,0.000333333333333333,0.0001,0,1,0,0,0,0,0,0,1,1,1,1,1,1,1,1,1,1,1,1,1,1,1,1,1,1,1,1,1,1,1,1,1,1,1,1,1,1,1,1,1,1,1,1,1,1,1,1,1,1,1,1,1,1,1,1,1,1,1,1,1,1,1,1,1,1,1,1,1,1,1,1,1,1,1,1,1,1,1,1,0
2026-08-11 06:00:00,68.4573669333333,0,0,0,0,0,0,0.09841,3.54063833333333,10.290585,12.8124466666667,9.69255333333333,7.38265833333333,6.32468666666667,5.98911666666667,4.49359166666667,1.63157,0.823376666666667,0.501283333333333,0.36548,0.346741666666667,0.368913333333333,0.425823333333333,0.430718333333333,0.357521666666667,0.29302,0.241348333333333,0.245853333333333,0.22801,0.211291666666667,0.222765,0.185676666666667,0.200478333333333,0.166568333333333,0.158723333333333,0.130228333333333,0.142305,0.10618,0.0995783333333333,0.0749616666666667,0.04878,0.0441316666666667,0.0356116666666667,0.0286833333333333,0.023835,0.0330033333333333,0.016375,0.0177783333333333,0.0152433333333333,0.01569,0.00966166666666667,0.0110883333333333,0.00923166666666667,0.005215,0.00634666666666667,0.00973666666666667,0.00216666666666667,0.00369833333333333,0.00174666666666667,0.00211833333333333,0.00264,0.00185,0.00188333333333333,0.00211166666666667,0.00130833333333333,0.001345,0.00085,0.000703333333333333,0.000948333333333333,0.000241666666666667,0.000608333333333333,0,0.000563333333333333,0.000443333333333333,0.000478333333333333,0.000513333333333333,0.000548333333333333,0.000583333333333333,0.000175,0,1,0,0,0,0,0,0,1,1,1,1,1,1,1,1,1,1,1,1,1,1,1,1,1,1,1,1,1,1,1,1,1,1,1,1,1,1,1,1,1,1,1,1,1,1,1,1,1,1,1,1,1,1,1,1,1,1,1,1,1,1,1,1,1,1,1,1,1,1,1,1,1,1,1,1,1,1,1,1,0
2026-08-11 07:00:00,63.2329686833333,0,0,0,0,0,0,0.105826666666667,3.73146166666667,10.3276266666667,12.60242,9.29041666666667,6.88096333333333,5.85794666666667,5.50379666666667,3.37451333333333,1.13359666666667,0.628188333333333,0.36098,0.272576666666667,0.255716666666667,0.248783333333333,0.319961666666667,0.296375,0.232843333333333,0.203161666666667,0.171565,0.195265,0.208745,0.164318333333333,0.200163333333333,0.168973333333333,0.167148333333333,0.14288,0.136983333333333,0.12507,0.109341666666667,0.109983333333333,0.0874966666666667,0.0680416666666667,0.0508783333333333,0.044905,0.026765,0.03154,0.0212533333333333,0.0203883333333333,0.0190466666666667,0.0204583333333333,0.014155,0.011315,0.0132683333333333,0.00957666666666667,0.00451,0.00838,0.003715,0.00381333333333333,0.00368166666666667,0.00412833333333333,0.00372833333333333,0.00339333333333333,0.00324,0.000853333333333333,0.00297666666666667,0.001275,0.000846666666666667,0.00119333333333333,0.00120166666666667,0.000138333333333333,0.00199166666666667,0.000731666666666667,0.00143833333333333,0.000413333333333333,0.00013,0.00038,0.00041,0.00044,0.00047,0.0005,0.00015,0,1,0,0,0,0,0,0,1,1,1,1,1,1,1,1,1,1,1,1,1,1,1,1,1,1,1,1,1,1,1,1,1,1,1,1,1,1,1,1,1,1,1,1,1,1,1,1,1,1,1,1,1,1,1,1,1,1,1,1,1,1,1,1,1,1,1,1,1,1,1,1,1,1,1,1,1,1,1,1,0
2026-08-11 08:00:00,60.1827687666667,0,0,0,0,0,0,0.110936666666667,3.72168,10.3683683333333,12.3655816666667,8.77211,6.46550833333333,5.33503666666667,4.90461,2.64729666666667,1.00047166666667,0.536065,0.329068333333333,0.236868333333333,0.222655,0.235915,0.300481666666667,0.246806666666667,0.232168333333333,0.189998333333333,0.16531,0.179628333333333,0.187935,0.129646666666667,0.173533333333333,0.139281666666667,0.148898333333333,0.111391666666667,0.106261666666667,0.124575,0.11251,0.0843316666666667,0.0697633333333333,0.07238,0.0514916666666667,0.0406033333333333,0.029765,0.0272483333333333,0.0258566666666667,0.0197333333333333,0.0196966666666667,0.0135116666666667,0.0148216666666667,0.011455,0.0100383333333333,0.005905,0.00665166666666667,0.00597333333333333,0.00495833333333333,0.00156666666666667,0.00239166666666667,0.00369833333333333,0.00340666666666667,0.000966666666666667,0.00128166666666667,0.00232333333333333,0.00056,0.000526666666666667,0.00119333333333333,0.000921666666666667,0.00197,0.000426666666666667,0.00055,0.00125,0.000415,0.000573333333333333,0.000838333333333333,0.000506666666666667,0.000546666666666667,0.000586666666666667,0.000626666666666667,0.000666666666666667,0.0002,0,1,0,0,0,0,0,0,1,1,1,1,1,1,1,1,1,1,1,1,1,1,1,1,1,1,1,1,1,1,1,1,1,1,1,1,1,1,1,1,1,1,1,1,1,1,1,1,1,1,1,1,1,1,1,1,1,1,1,1,1,1,1,1,1,1,1,1,1,1,1,1,1,1,1,1,1,1,1,1,0
2026-08-11 09:00:00,68.4881391833333,0,0,0,0,0,0,0.113096666666667,4.24561166666667,11.8369983333333,14.1854333333333,10.0494383333333,7.507575,6.33195833333333,5.93433,3.00773,1.193205,0.604401666666667,0.348105,0.24324,0.25452,0.228218333333333,0.274255,0.23769,0.215106666666667,0.16105,0.141606666666667,0.153718333333333,0.168491666666667,0.135003333333333,0.153,0.122166666666667,0.16286,0.113335,0.10307,0.119903333333333,0.0936533333333333,0.0863683333333333,0.0770983333333333,0.0581233333333333,0.049015,0.03962,0.0303283333333333,0.0194083333333333,0.0205383333333333,0.0176883333333333,0.0235133333333333,0.0152566666666667,0.0164016666666667,0.011335,0.008905,0.0105266666666667,0.01014,0.007655,0.00642,0.00528333333333333,0.00551166666666667,0.004275,0.00272333333333333,0.00303,0.00392,0.00123166666666667,0.00389166666666667,0.001605,0.001655,0.000115,0.000421666666666667,0.000708333333333333,0.00134666666666667,0.000453333333333333,0.00183333333333333,0.00106666666666667,0.00151666666666667,0.000823333333333333,0.000886666666666667,0.000951666666666667,0.00101833333333333,0.001085,0.000323333333333333,0,1,0,0,0,0,0,0,1,1,1,1,1,1,1,1,1,1,1,1,1,1,1,1,1,1,1,1,1,1,1,1,1,1,1,1,1,1,1,1,1,1,1,1,1,1,1,1,1,1,1,1,1,1,1,1,1,1,1,1,1,1,1,1,1,1,1,1,1,1,1,1,1,1,1,1,1,1,1,1,0
2026-08-11 10:00:00,93.4122678166667,0,0,0,0,0,0,0.12887,4.76036333333333,14.47103,18.5967433333333,13.9136116666667,10.29021,9.03524666666667,8.84775,5.63028666666667,2.08645666666667,0.979753333333333,0.528901666666667,0.338551666666667,0.299913333333333,0.296908333333333,0.339823333333333,0.27508,0.238205,0.205416666666667,0.154631666666667,0.171865,0.164906666666667,0.13701,0.176996666666667,0.11536,0.15275,0.116716666666667,0.101991666666667,0.1033,0.102008333333333,0.0910233333333333,0.071405,0.0550966666666667,0.045915,0.0397216666666667,0.0258316666666667,0.0294433333333333,0.02113,0.023475,0.0154533333333333,0.01678,0.0155633333333333,0.0157883333333333,0.00998833333333333,0.0125883333333333,0.00669833333333333,0.00658,0.00292166666666667,0.00510666666666667,0.00459666666666667,0.00519,0.00272166666666667,0.00406333333333333,0.00161,0.00123333333333333,0.00229333333333333,0.00196666666666667,0.00284833333333333,0.00176833333333333,0.00120166666666667,0.00307833333333333,0.000418333333333333,0.00189,0.00119666666666667,0.000813333333333333,0.000513333333333333,0.00076,0.000818333333333333,0.000878333333333333,0.00094,0.00100166666666667,0.000298333333333333,0,1,0,0,0,0,0,0,1,1,1,1,1,1,1,1,1,1,1,1,1,1,1,1,1,1,1,1,1,1,1,1,1,1,1,1,1,1,1,1,1,1,1,1,1,1,1,1,1,1,1,1,1,1,1,1,1,1,1,1,1,1,1,1,1,1,1,1,1,1,1,1,1,1,1,1,1,1,1,1,0
2026-08-11 11:00:00,104.8328031,0,0,0,0,0,0,0.152415,5.25123333333333,16.112695,21.0311416666667,15.75667,11.7111616666667,10.160855,9.80540666666667,6.83177833333333,2.64968,1.12525,0.575045,0.404563333333333,0.34985,0.305755,0.343828333333333,0.291643333333333,0.230375,0.173375,0.146735,0.158301666666667,0.15676,0.131183333333333,0.141111666666667,0.117283333333333,0.146356666666667,0.128303333333333,0.110163333333333,0.10217,0.0941216666666667,0.072995,0.0632616666666667,0.0594266666666667,0.03688,0.0334766666666667,0.0328133333333333,0.0208183333333333,0.0188933333333333,0.02301,0.0189333333333333,0.0158916666666667,0.0155166666666667,0.0136466666666667,0.0128816666666667,0.0120383333333333,0.0108,0.00578666666666667,0.00360833333333333,0.00447333333333333,0.0032,0.00344,0.00618,0.00265666666666667,0.00221333333333333,0.00403,0.00343333333333333,0.00310166666666667,0.00134666666666667,0.00315166666666667,0.00374333333333333,0.00324,0.00244666666666667,0.00170333333333333,0.000761666666666667,0.00048,0.00101833333333333,0.00057,0.000613333333333333,0.000658333333333333,0.000705,0.000751666666666667,0.000223333333333333,0,1,0,0,0,0,0,0,1,1,1,1,1,1,1,1,1,1,1,1,1,1,1,1,1,1,1,1,1,1,1,1,1,1,1,1,1,1,1,1,1,1,1,1,1,1,1,1,1,1,1,1,1,1,1,1,1,1,1,1,1,1,1,1,1,1,1,1,1,1,1,1,1,1,1,1,1,1,1,1,0
2026-08-11 12:00:00,113.631580966667,0,0,0,0,0,0,0.175135,5.85466,17.4937833333333,22.64264,16.913975,12.514185,10.8163933333333,10.0227383333333,7.86288833333333,3.33954,1.381005,0.697086666666667,0.437011666666667,0.368421666666667,0.34283,0.351893333333333,0.342153333333333,0.2667,0.208201666666667,0.165963333333333,0.152353333333333,0.162141666666667,0.121105,0.151966666666667,0.120313333333333,0.126598333333333,0.097355,0.109343333333333,0.10288,0.08457,0.0795566666666667,0.0701416666666667,0.0538633333333333,0.0389633333333333,0.0339133333333333,0.029365,0.024215,0.017925,0.0187583333333333,0.0217616666666667,0.0158116666666667,0.0189883333333333,0.018595,0.01298,0.0130416666666667,0.0101416666666667,0.00944166666666667,0.00925333333333333,0.00524666666666667,0.00701333333333333,0.00599333333333333,0.00550333333333333,0.004535,0.00349833333333333,0.00255833333333333,0.00374166666666667,0.00379333333333333,0.001385,0.00238333333333333,0.002825,0.00253333333333333,0.00191666666666667,0.000241666666666667,0.00102333333333333,0.000986666666666667,0.00127166666666667,0.00057,0.000615,0.00066,0.000705,0.00075,0.000225,0,1,0,0,0,0,0,0,1,1,1,1,1,1,1,1,1,1,1,1,1,1,1,1,1,1,1,1,1,1,1,1,1,1,1,1,1,1,1,1,1,1,1,1,1,1,1,1,1,1,1,1,1,1,1,1,1,1,1,1,1,1,1,1,1,1,1,1,1,1,1,1,1,1,1,1,1,1,1,1,0
2026-08-11 13:00:00,106.814021933333,0,0,0,0,0,0,0.168735,5.49140666666667,16.4295933333333,21.5817483333333,15.8732083333333,11.5917683333333,9.60281166666667,8.79694333333333,7.51667166666667,3.678175,1.28378666666667,0.651613333333333,0.419371666666667,0.333086666666667,0.307521666666667,0.343353333333333,0.310523333333333,0.246773333333333,0.199611666666667,0.154385,0.153426666666667,0.15683,0.13671,0.14867,0.104101666666667,0.11569,0.0975416666666667,0.0978416666666667,0.0924983333333333,0.08077,0.0761033333333333,0.05609,0.0554166666666667,0.0390966666666667,0.0301033333333333,0.0226433333333333,0.018255,0.0175266666666667,0.0199033333333333,0.01326,0.017665,0.01569,0.0135716666666667,0.01325,0.011435,0.00626333333333333,0.00706,0.006815,0.006215,0.007225,0.00438666666666667,0.00572666666666667,0.00345833333333333,0.00392,0.00256,0.00427,0.00322833333333333,0.00585,0.00338166666666667,0.001635,0.00321666666666667,0.00209333333333333,0.00166666666666667,0.00224833333333333,0.00189333333333333,0.00121333333333333,0.00114,0.00122833333333333,0.00131833333333333,0.00141,0.00150166666666667,0.000448333333333333,0,1,0,0,0,0,0,0,1,1,1,1,1,1,1,1,1,1,1,1,1,1,1,1,1,1,1,1,1,1,1,1,1,1,1,1,1,1,1,1,1,1,1,1,1,1,1,1,1,1,1,1,1,1,1,1,1,1,1,1,1,1,1,1,1,1,1,1,1,1,1,1,1,1,1,1,1,1,1,1,0
2026-08-11 14:00:00,97.5004406166667,0,0,0,0,0,0,0.16342,4.9214,14.9647533333333,19.6696616666667,14.6809516666667,10.5144683333333,8.46318166666667,7.54402833333333,6.90841333333333,3.777245,1.274575,0.688368333333333,0.437726666666667,0.347853333333333,0.319631666666667,0.339026666666667,0.321346666666667,0.24199,0.202125,0.15822,0.150191666666667,0.163228333333333,0.12541,0.143756666666667,0.11596,0.123395,0.095575,0.0996216666666667,0.0819333333333333,0.07789,0.06916,0.0620483333333333,0.0530233333333333,0.040585,0.030965,0.02353,0.0258283333333333,0.0220633333333333,0.0199966666666667,0.01625,0.01366,0.0137916666666667,0.01207,0.0130633333333333,0.0121783333333333,0.00918,0.00908,0.00401333333333333,0.00944666666666667,0.007835,0.00501666666666667,0.00607833333333333,0.003715,0.00399833333333333,0.00483666666666667,0.00593,0.00154166666666667,0.00338666666666667,0.00172833333333333,0.00169333333333333,0.00364333333333333,0.002205,0.00216333333333333,0.00219166666666667,0.00189333333333333,0.000411666666666667,0.00120333333333333,0.00129666666666667,0.00139166666666667,0.00148833333333333,0.001585,0.000473333333333333,0,1,0,0,0,0,0,0,1,1,1,1,1,1,1,1,1,1,1,1,1,1,1,1,1,1,1,1,1,1,1,1,1,1,1,1,1,1,1,1,1,1,1,1,1,1,1,1,1,1,1,1,1,1,1,1,1,1,1,1,1,1,1,1,1,1,1,1,1,1,1,1,1,1,1,1,1,1,1,1,0
2026-08-11 15:00:00,90.5102786,0,0,0,0,0,0,0.14176,4.43547166666667,13.6620383333333,18.4504816666667,13.8318033333333,9.82563666666667,7.84115166666667,6.842575,6.24601,3.48891833333333,1.14294333333333,0.58598,0.384265,0.29642,0.282478333333333,0.273513333333333,0.288285,0.222,0.177791666666667,0.143215,0.137335,0.133433333333333,0.130828333333333,0.113948333333333,0.09543,0.109088333333333,0.0887466666666667,0.0935383333333333,0.0883516666666667,0.08021,0.0776,0.0717733333333333,0.06394,0.0416666666666667,0.0365266666666667,0.0258416666666667,0.0298066666666667,0.020295,0.0228933333333333,0.0155266666666667,0.0185133333333333,0.0158333333333333,0.0135166666666667,0.01312,0.0154116666666667,0.010505,0.0139016666666667,0.0133933333333333,0.00817,0.00462166666666667,0.00470333333333333,0.00731,0.00627,0.004325,0.00251333333333333,0.006765,0.00510666666666667,0.003425,0.00334166666666667,0.00317833333333333,0.00182,0.00220333333333333,0.000851666666666667,0.00100333333333333,0.00138666666666667,0.002045,0.000886666666666667,0.000956666666666667,0.00102666666666667,0.00109666666666667,0.00116666666666667,0.00035,0,1,0,0,0,0,0,0,1,1,1,1,1,1,1,1,1,1,1,1,1,1,1,1,1,1,1,1,1,1,1,1,1,1,1,1,1,1,1,1,1,1,1,1,1,1,1,1,1,1,1,1,1,1,1,1,1,1,1,1,1,1,1,1,1,1,1,1,1,1,1,1,1,1,1,1,1,1,1,1,0
2026-08-11 16:00:00,196.016356033333,0,0,0,0,0,0,0.187296666666667,6.18980833333333,20.187035,30.0417883333333,26.69082,22.1405283333333,19.76575,17.647635,15.7456233333333,13.1749733333333,6.004435,3.58363333333333,2.32848833333333,1.73311,1.48072333333333,1.34255666666667,1.256395,1.08210166666667,0.756278333333333,0.5153,0.425185,0.376416666666667,0.307013333333333,0.274173333333333,0.235938333333333,0.19425,0.168871666666667,0.147076666666667,0.113726666666667,0.115683333333333,0.08434,0.07412,0.0563833333333333,0.0444066666666667,0.033285,0.0321833333333333,0.0323766666666667,0.02197,0.0267633333333333,0.0189083333333333,0.0147966666666667,0.0213683333333333,0.01755,0.01178,0.01485,0.0141516666666667,0.00840166666666667,0.007995,0.00652333333333333,0.00808833333333333,0.00613666666666667,0.00564333333333333,0.00544333333333333,0.005785,0.00592666666666667,0.00624,0.00385666666666667,0.00304,0.00491666666666667,0.003605,0.00351,0.00149833333333333,0.00190833333333333,0.00226833333333333,0.000986666666666667,0.00153166666666667,0.00133,0.00143,0.001535,0.001645,0.001755,0.00052,0,1,0,0,0,0,0,0,1,1,1,1,1,1,1,1,1,1,1,1,1,1,1,1,1,1,1,1,1,1,1,1,1,1,1,1,1,1,1,1,1,1,1,1,1,1,1,1,1,1,1,1,1,1,1,1,1,1,1,1,1,1,1,1,1,1,1,1,1,1,1,1,1,1,1,1,1,1,1,1,0
2026-08-11 17:00:00,195.241583483333,0,0,0,0,0,0,0.18237,6.57746666666667,21.7118933333333,32.7126666666667,28.6393616666667,23.8021516666667,20.3199483333333,17.2763033333333,14.0592266666667,10.5197216666667,5.16489,3.06972166666667,2.03675833333333,1.47736166666667,1.22214833333333,1.109815,1.03423166666667,0.84139,0.62989,0.449458333333333,0.374728333333333,0.328568333333333,0.259686666666667,0.251491666666667,0.193923333333333,0.167663333333333,0.153255,0.122881666666667,0.114143333333333,0.103655,0.08993,0.0796966666666667,0.0529,0.0477633333333333,0.04256,0.0307433333333333,0.0249966666666667,0.0260466666666667,0.0245733333333333,0.0165266666666667,0.019955,0.0148416666666667,0.0154583333333333,0.016775,0.01484,0.0104833333333333,0.0155816666666667,0.00693833333333333,0.0101333333333333,0.00515666666666667,0.00513166666666667,0.00484666666666667,0.0083,0.004755,0.00507333333333333,0.00709,0.00466833333333333,0.00550333333333333,0.00215,0.00408666666666667,0.00211166666666667,0.00189666666666667,0.00154,0.00258666666666667,0.00178666666666667,0.00182166666666667,0.000696666666666667,0.000751666666666667,0.000806666666666667,0.000861666666666667,0.000916666666666667,0.000275,0,1,0,0,0,0,0,0,1,1,1,1,1,1,1,1,1,1,1,1,1,1,1,1,1,1,1,1,1,1,1,1,1,1,1,1,1,1,1,1,1,1,1,1,1,1,1,1,1,1,1,1,1,1,1,1,1,1,1,1,1,1,1,1,1,1,1,1,1,1,1,1,1,1,1,1,1,1,1,1,0
2026-08-11 18:00:00,116.171294816667,0,0,0,0,0,0,0.148386666666667,5.17785666666667,16.599365,23.7939,19.07374,13.8121866666667,10.6408366666667,8.77531166666667,6.779205,3.80257,1.666845,0.933853333333333,0.615443333333333,0.426933333333333,0.398553333333333,0.399453333333333,0.355866666666667,0.300985,0.22031,0.163031666666667,0.154576666666667,0.155283333333333,0.12611,0.149003333333333,0.114035,0.110125,0.0907483333333333,0.0894383333333333,0.0759166666666667,0.07777,0.059255,0.0606433333333333,0.0477616666666667,0.0442833333333333,0.03481,0.0317583333333333,0.027595,0.02499,0.0208333333333333,0.0210683333333333,0.0174783333333333,0.0141,0.0172883333333333,0.01717,0.009955,0.010365,0.00951,0.012785,0.00904666666666667,0.00448333333333333,0.00740333333333333,0.00624333333333333,0.005455,0.00594,0.00673333333333333,0.00416166666666667,0.001885,0.00200166666666667,0.00503166666666667,0.00353666666666667,0.00237833333333333,0.00343833333333333,0.00128666666666667,0.00166,0.00016,0.00185666666666667,0.00107666666666667,0.00116,0.001245,0.00133166666666667,0.00141833333333333,0.000423333333333333,0,1,0,0,0,0,0,0,1,1,1,1,1,1,1,1,1,1,1,1,1,1,1,1,1,1,1,1,1,1,1,1,1,1,1,1,1,1,1,1,1,1,1,1,1,1,1,1,1,1,1,1,1,1,1,1,1,1,1,1,1,1,1,1,1,1,1,1,1,1,1,1,1,1,1,1,1,1,1,1,0
2026-08-11 19:00:00,110.48433165,0,0,0,0,0,0,0.210748333333333,7.07616666666667,20.5968616666667,25.6275883333333,18.295995,12.0891266666667,8.56395333333333,6.34652,4.580375,2.40355333333333,0.808911666666667,0.445736666666667,0.285236666666667,0.228458333333333,0.231648333333333,0.224233333333333,0.197696666666667,0.189206666666667,0.160046666666667,0.125451666666667,0.113103333333333,0.127056666666667,0.103671666666667,0.109936666666667,0.096305,0.104578333333333,0.097045,0.0840816666666667,0.0896783333333333,0.08007,0.0684833333333333,0.0560583333333333,0.04846,0.0390916666666667,0.0334,0.027455,0.0194083333333333,0.0205033333333333,0.0225916666666667,0.0205766666666667,0.0193716666666667,0.0139016666666667,0.02082,0.0152533333333333,0.0153183333333333,0.0104833333333333,0.0112133333333333,0.008065,0.006745,0.00797833333333333,0.008775,0.00712833333333333,0.00608333333333333,0.00478,0.00488166666666667,0.00547666666666667,0.00565833333333333,0.00304,0.00254,0.00303333333333333,0.00267166666666667,0.00315166666666667,0.00337,0.00166,0.00197333333333333,0.00260833333333333,0.00133,0.00143,0.001535,0.001645,0.001755,0.00052,0,1,0,0,0,0,0,0,1,1,1,1,1,1,1,1,1,1,1,1,1,1,1,1,1,1,1,1,1,1,1,1,1,1,1,1,1,1,1,1,1,1,1,1,1,1,1,1,1,1,1,1,1,1,1,1,1,1,1,1,1,1,1,1,1,1,1,1,1,1,1,1,1,1,1,1,1,1,1,1,0
2026-08-11 20:00:00,112.696065566667,0,0,0,0,0,0,0.219456666666667,7.95882166666667,21.726125,25.9856083333333,18.2238383333333,11.8463833333333,8.44074,6.153615,4.55264333333333,2.66700166666667,0.851768333333333,0.44397,0.313906666666667,0.242848333333333,0.21624,0.240975,0.215316666666667,0.181388333333333,0.163248333333333,0.13159,0.12669,0.129393333333333,0.115783333333333,0.100081666666667,0.0908016666666667,0.097645,0.0845933333333333,0.0822533333333333,0.0796916666666667,0.0719016666666667,0.0583133333333333,0.055585,0.05021,0.0381133333333333,0.028695,0.0256716666666667,0.0233983333333333,0.0221616666666667,0.0214016666666667,0.024215,0.01988,0.0168883333333333,0.0142866666666667,0.0158666666666667,0.010615,0.0120983333333333,0.0118783333333333,0.00964333333333333,0.00745,0.00755166666666667,0.007395,0.00658666666666667,0.00826666666666667,0.006385,0.008675,0.00485833333333333,0.000488333333333333,0.00488833333333333,0.00288166666666667,0.00298,0.00491166666666667,0.00370166666666667,0.00256666666666667,0.00222,0.00164,0.00146666666666667,0.00114,0.00122666666666667,0.00131666666666667,0.00141,0.00150333333333333,0.000446666666666667,0,1,0,0,0,0,0,0,1,1,1,1,1,1,1,1,1,1,1,1,1,1,1,1,1,1,1,1,1,1,1,1,1,1,1,1,1,1,1,1,1,1,1,1,1,1,1,1,1,1,1,1,1,1,1,1,1,1,1,1,1,1,1,1,1,1,1,1,1,1,1,1,1,1,1,1,1,1,1,1,0
2026-08-11 21:00:00,80.3204094166667,0,0,0,0,0,0,0.179776666666667,6.02745,15.8031433333333,17.9231116666667,12.2916366666667,8.11545333333333,5.88455833333333,4.52025166666667,3.60623166666667,2.118355,0.730608333333333,0.430783333333333,0.269145,0.227396666666667,0.223561666666667,0.216851666666667,0.198423333333333,0.182546666666667,0.16961,0.129385,0.13322,0.10615,0.102563333333333,0.118296666666667,0.098115,0.0967033333333333,0.08746,0.08453,0.0719366666666667,0.066115,0.0561983333333333,0.06133,0.0455533333333333,0.0360933333333333,0.0247333333333333,0.0207316666666667,0.024785,0.0238716666666667,0.0184283333333333,0.016655,0.01539,0.0127566666666667,0.01508,0.0158233333333333,0.00974666666666667,0.0129866666666667,0.0119033333333333,0.006365,0.007545,0.00472666666666667,0.00822666666666667,0.00739333333333333,0.00507166666666667,0.00707,0.003175,0.00375666666666667,0.00359,0.00304,0.00277,0.001635,0.002665,0.00138666666666667,0.00253,0.00222,0.003135,0.000888333333333333,0.00139333333333333,0.00149833333333333,0.00160833333333333,0.00172333333333333,0.00183833333333333,0.000545,0,1,0,0,0,0,0,0,1,1,1,1,1,1,1,1,1,1,1,1,1,1,1,1,1,1,1,1,1,1,1,1,1,1,1,1,1,1,1,1,1,1,1,1,1,1,1,1,1,1,1,1,1,1,1,1,1,1,1,1,1,1,1,1,1,1,1,1,1,1,1,1,1,1,1,1,1,1,1,1,0
2026-08-11 22:00:00,40.2362511833333,0,0,0,0,0,0,0.053695,2.21335666666667,6.68789666666667,8.180755,5.74119666666667,3.94989,3.10599333333333,2.67897,2.41049833333333,1.61440166666667,0.582118333333333,0.34529,0.233678333333333,0.1893,0.194796666666667,0.223961666666667,0.193146666666667,0.172638333333333,0.147363333333333,0.110245,0.114718333333333,0.116215,0.105993333333333,0.113296666666667,0.0979933333333333,0.0895483333333333,0.082625,0.0631333333333333,0.0800233333333333,0.074795,0.0596216666666667,0.06129,0.0493416666666667,0.0406533333333333,0.0277033333333333,0.026185,0.023405,0.0221583333333333,0.0177533333333333,0.022145,0.016115,0.0195166666666667,0.015755,0.0107716666666667,0.0114166666666667,0.00957,0.0104416666666667,0.00970333333333333,0.00888333333333333,0.00754,0.00536166666666667,0.003785,0.00575333333333333,0.00425166666666667,0.00512,0.00299333333333333,0.00206833333333333,0.00250166666666667,0.005415,0.002265,0.002935,0.00167333333333333,0.00189,0.00119666666666667,0.00106666666666667,0.001105,0.000823333333333333,0.000885,0.00095,0.00101833333333333,0.00108666666666667,0.000321666666666667,0,1,0,0,0,0,0,0,1,1,1,1,1,1,1,1,1,1,1,1,1,1,1,1,1,1,1,1,1,1,1,1,1,1,1,1,1,1,1,1,1,1,1,1,1,1,1,1,1,1,1,1,1,1,1,1,1,1,1,1,1,1,1,1,1,1,1,1,1,1,1,1,1,1,1,1,1,1,1,1,0
2026-08-11 23:00:00,42.9247635166667,0,0,0,0,0,0,0.0552066666666667,2.03694,6.45937666666667,8.60176166666667,6.25141333333333,4.40057,3.58574833333333,3.244875,2.51375833333333,1.55600666666667,0.591596666666667,0.339743333333333,0.236181666666667,0.211945,0.222808333333333,0.26286,0.228333333333333,0.195035,0.14839,0.113551666666667,0.142985,0.140645,0.107685,0.148645,0.0938383333333333,0.126858333333333,0.102956666666667,0.0886283333333333,0.0986583333333333,0.0889016666666667,0.0820433333333333,0.077525,0.058255,0.0428866666666667,0.03392,0.0304683333333333,0.023075,0.0238883333333333,0.01734,0.0194183333333333,0.016665,0.0160416666666667,0.0133733333333333,0.0110416666666667,0.009785,0.01005,0.0103766666666667,0.009185,0.00864333333333333,0.006495,0.00768166666666667,0.00450166666666667,0.002965,0.00366833333333333,0.00398333333333333,0.00433166666666667,0.002715,0.004965,0.00142166666666667,0.00154833333333333,0.000978333333333333,0.001215,0.00173333333333333,0.00139,0.00106666666666667,0.000238333333333333,0.000696666666666667,0.00075,0.000805,0.000861666666666667,0.000918333333333333,0.000273333333333333,0,1,0,0,0,0,0,0,1,1,1,1,1,1,1,1,1,1,1,1,1,1,1,1,1,1,1,1,1,1,1,1,1,1,1,1,1,1,1,1,1,1,1,1,1,1,1,1,1,1,1,1,1,1,1,1,1,1,1,1,1,1,1,1,1,1,1,1,1,1,1,1,1,1,1,1,1,1,1,1,0
2026-08-12,53.1281717666667,0,0,0,0,0,0,0.0502433333333333,2.232445,7.529215,10.5725183333333,8.08138166666667,5.98729,4.774885,4.22834166666667,2.98099166666667,1.55499666666667,0.713086666666667,0.402891666666667,0.258481666666667,0.228011666666667,0.250585,0.319855,0.252795,0.222648333333333,0.15933,0.14716,0.162408333333333,0.159603333333333,0.130408333333333,0.193103333333333,0.115705,0.133395,0.116515,0.10975,0.112443333333333,0.105535,0.0974183333333333,0.0787066666666667,0.07462,0.0548683333333333,0.0411616666666667,0.034595,0.0336183333333333,0.0265833333333333,0.0236033333333333,0.022935,0.019595,0.0173766666666667,0.0184083333333333,0.014625,0.012425,0.0112566666666667,0.00785333333333333,0.00728,0.00860333333333333,0.00473333333333333,0.00803,0.00415,0.00169,0.00391833333333333,0.005025,0.00456833333333333,0.00182666666666667,0.00465666666666667,0.00219,0.002115,0.002095,0.00165333333333333,0.00251833333333333,0.00183333333333333,0.00122666666666667,0.000426666666666667,0.000506666666666667,0.000545,0.000585,0.000626666666666667,0.000668333333333333,0.000198333333333333,0,1,0,0,0,0,0,0,1,1,1,1,1,1,1,1,1,1,1,1,1,1,1,1,1,1,1,1,1,1,1,1,1,1,1,1,1,1,1,1,1,1,1,1,1,1,1,1,1,1,1,1,1,1,1,1,1,1,1,1,1,1,1,1,1,1,1,1,1,1,1,1,1,1,1,1,1,1,1,1,0
2026-08-12 01:00:00,54.87285095,0,0,0,0,0,0,0.0701083333333333,2.45392333333333,7.70507,10.5839166666667,8.55636333333333,6.28830333333333,5.10423,4.46971666666667,3.008635,1.42986833333333,0.690963333333333,0.414336666666667,0.270345,0.246613333333333,0.255988333333333,0.309426666666667,0.30468,0.232078333333333,0.199041666666667,0.163358333333333,0.155253333333333,0.191001666666667,0.150011666666667,0.191623333333333,0.13401,0.157975,0.129813333333333,0.125578333333333,0.115706666666667,0.101551666666667,0.0996216666666667,0.0784416666666667,0.0669366666666667,0.0471716666666667,0.0448816666666667,0.0387866666666667,0.0319483333333333,0.0220416666666667,0.0244466666666667,0.0224083333333333,0.02328,0.017795,0.0194433333333333,0.0158,0.01604,0.011665,0.00583333333333333,0.004815,0.00445666666666667,0.00387166666666667,0.00631,0.00446666666666667,0.00265666666666667,0.00392333333333333,0.00227666666666667,0.00305666666666667,0.001015,0.000461666666666667,0.00119166666666667,0.00218333333333333,0.00183666666666667,0.00108166666666667,0.000435,0,0,0.00108333333333333,0.00076,0.000818333333333333,0.000878333333333333,0.00094,0.00100166666666667,0.000298333333333333,0,1,0,0,0,0,0,0,1,1,1,1,1,1,1,1,1,1,1,1,1,1,1,1,1,1,1,1,1,1,1,1,1,1,1,1,1,1,1,1,1,1,1,1,1,1,1,1,1,1,1,1,1,1,1,1,1,1,1,1,1,1,1,1,1,1,1,1,1,1,1,1,1,1,1,1,1,1,1,1,0
2026-08-12 02:00:00,57.7354202,0,0,0,0,0,0,0.0617683333333333,2.35888,7.745995,10.753095,8.73507166666667,6.654395,5.44344666666667,4.71205166666667,3.43794166666667,1.64152166666667,0.851076666666667,0.519925,0.397711666666667,0.372696666666667,0.354556666666667,0.408016666666667,0.376271666666667,0.320811666666667,0.257436666666667,0.201661666666667,0.223928333333333,0.226531666666667,0.169865,0.203651666666667,0.136943333333333,0.177603333333333,0.1383,0.138543333333333,0.130528333333333,0.119851666666667,0.101118333333333,0.0876416666666667,0.0743733333333333,0.0545783333333333,0.0443283333333333,0.0343533333333333,0.02892,0.0241516666666667,0.02588,0.023205,0.0204516666666667,0.0196266666666667,0.01375,0.0140216666666667,0.0115433333333333,0.00831833333333333,0.009195,0.00594333333333333,0.00295,0.00362333333333333,0.00392666666666667,0.00447166666666667,0.004195,0.00196,0.00379333333333333,0.00176666666666667,0.00164333333333333,0.000885,0.002805,0.00225833333333333,0,0.000398333333333333,0.000658333333333333,0.000608333333333333,0.000413333333333333,0.000065,0.00019,0.000205,0.00022,0.000235,0.00025,0.000075,0,1,0,0,0,0,0,0,1,1,1,1,1,1,1,1,1,1,1,1,1,1,1,1,1,1,1,1,1,1,1,1,1,1,1,1,1,1,1,1,1,1,1,1,1,1,1,1,1,1,1,1,1,1,1,1,1,1,1,1,1,1,1,1,1,1,1,1,1,1,1,1,1,1,1,1,1,1,1,1,0
2026-08-12 03:00:00,58.8793679666667,0,0,0,0,0,0,0.0672016666666667,2.470105,7.92138666666667,10.8709966666667,8.94491166666667,6.804695,5.49878166666667,4.77678,3.72442833333333,1.75781666666667,0.816118333333333,0.489776666666667,0.360073333333333,0.304741666666667,0.286765,0.34538,0.355533333333333,0.262271666666667,0.230351666666667,0.182041666666667,0.184961666666667,0.177625,0.15862,0.18735,0.155691666666667,0.143498333333333,0.132243333333333,0.129801666666667,0.11632,0.097545,0.08562,0.07794,0.06656,0.0504366666666667,0.0337283333333333,0.0297216666666667,0.02885,0.023225,0.0219666666666667,0.021985,0.0199366666666667,0.015475,0.012605,0.010635,0.00881166666666667,0.00804333333333333,0.00513333333333333,0.00686,0.00688,0.00163666666666667,0.004245,0.00318166666666667,0.00265666666666667,0.00178333333333333,0.00170666666666667,0.00192166666666667,0.00391333333333333,0.00176833333333333,0.00123,0.00176166666666667,0,0.000418333333333333,0,0,0.000413333333333333,0.000606666666666667,0.00057,0.000615,0.00066,0.000705,0.00075,0.000225,0,1,0,0,0,0,0,0,1,1,1,1,1,1,1,1,1,1,1,1,1,1,1,1,1,1,1,1,1,1,1,1,1,1,1,1,1,1,1,1,1,1,1,1,1,1,1,1,1,1,1,1,1,1,1,1,1,1,1,1,1,1,1,1,1,1,1,1,1,1,1,1,1,1,1,1,1,1,1,1,0
2026-08-12 04:00:00,66.4813906166667,0,0,0,0,0,0,0.0860933333333333,3.15578666666667,9.20643666666667,12.1851383333333,9.97774333333333,7.62598833333333,6.52614166666667,5.63170166666667,4.46582333333333,1.97179666666667,0.897171666666667,0.538963333333333,0.378026666666667,0.277091666666667,0.288938333333333,0.331805,0.350213333333333,0.266363333333333,0.22842,0.189748333333333,0.213621666666667,0.19534,0.165311666666667,0.177428333333333,0.158188333333333,0.15791,0.131551666666667,0.139936666666667,0.138055,0.11374,0.106605,0.0926816666666667,0.0675833333333333,0.0497633333333333,0.0477366666666667,0.0379866666666667,0.03387,0.0239966666666667,0.0186533333333333,0.0200433333333333,0.0185033333333333,0.0158366666666667,0.017345,0.0126,0.0104866666666667,0.01005,0.00840166666666667,0.00507,0.00587333333333333,0.00467,0.00496166666666667,0.00341166666666667,0.00371166666666667,0.00367,0.00170666666666667,0.00149666666666667,0.001015,0.00127,0.00157666666666667,0.00127666666666667,0.000426666666666667,0.00136666666666667,0.000658333333333333,0.000193333333333333,0.00016,0.00159666666666667,0.000316666666666667,0.000341666666666667,0.000366666666666667,0.000391666666666667,0.000416666666666667,0.000125,0,1,0,0,0,0,0,0,1,1,1,1,1,1,1,1,1,1,1,1,1,1,1,1,1,1,1,1,1,1,1,1,1,1,1,1,1,1,1,1,1,1,1,1,1,1,1,1,1,1,1,1,1,1,1,1,1,1,1,1,1,1,1,1,1,1,1,1,1,1,1,1,1,1,1,1,1,1,1,1,0
2026-08-12 05:00:00,72.4262847166667,0,0,0,0,0,0,0.107166666666667,3.70453666666667,10.48449,13.3473983333333,10.6527666666667,8.25855333333333,7.0145,6.05697833333333,4.82229166666667,2.15136833333333,0.998711666666667,0.554968333333333,0.356271666666667,0.335916666666667,0.314461666666667,0.351685,0.361875,0.283368333333333,0.272016666666667,0.210865,0.22113,0.244625,0.21165,0.229053333333333,0.185938333333333,0.172818333333333,0.144716666666667,0.158775,0.145015,0.130441666666667,0.111841666666667,0.107845,0.0763916666666667,0.04929,0.0475133333333333,0.0417083333333333,0.0361666666666667,0.0272616666666667,0.0288116666666667,0.0277616666666667,0.029795,0.02771,0.0221766666666667,0.0184983333333333,0.010345,0.0126233333333333,0.00606666666666667,0.00841166666666667,0.00953166666666667,0.00478166666666667,0.005075,0.00527333333333333,0.00168166666666667,0.00153333333333333,0.00294,0.002395,0.001015,0.0000383333333333333,0.00126666666666667,0.00141,0.001405,0.001725,0.00049,0.00083,0.000413333333333333,0.000433333333333333,0.0000633333333333333,0.0000683333333333333,0.0000733333333333333,0.0000783333333333333,0.0000833333333333333,0.000025,0,1,0,0,0,0,0,0,1,1,1,1,1,1,1,1,1,1,1,1,1,1,1,1,1,1,1,1,1,1,1,1,1,1,1,1,1,1,1,1,1,1,1,1,1,1,1,1,1,1,1,1,1,1,1,1,1,1,1,1,1,1,1,1,1,1,1,1,1,1,1,1,1,1,1,1,1,1,1,1,0
2026-08-12 06:00:00,78.9555013333333,0,0,0,0,0,0,0.114146666666667,4.02164666666667,11.35111,14.16963,11.0624966666667,8.61736833333333,7.386435,6.612115,5.24826333333333,2.34599666666667,1.17292,0.672535,0.471738333333333,0.420086666666667,0.394588333333333,0.43136,0.446278333333333,0.367713333333333,0.323286666666667,0.260745,0.257533333333333,0.267516666666667,0.235971666666667,0.254025,0.222776666666667,0.241013333333333,0.196336666666667,0.177016666666667,0.179013333333333,0.158993333333333,0.150295,0.127996666666667,0.09861,0.0736633333333333,0.0611966666666667,0.0513366666666667,0.0410716666666667,0.0307166666666667,0.0303916666666667,0.0355583333333333,0.0278033333333333,0.0233016666666667,0.0171116666666667,0.0223116666666667,0.0141866666666667,0.0125316666666667,0.00855333333333333,0.00811666666666667,0.00764166666666667,0.00921166666666667,0.00424666666666667,0.00489666666666667,0.00230666666666667,0.00170666666666667,0.00104333333333333,0.00153,0.000406666666666667,0.00123166666666667,0.000885,0.00154833333333333,0.00181833333333333,0.000418333333333333,0.000416666666666667,0.000588333333333333,0.00024,0.000996666666666667,0.000506666666666667,0.000546666666666667,0.000586666666666667,0.000626666666666667,0.000666666666666667,0.0002,0,1,0,0,0,0,0,0,1,1,1,1,1,1,1,1,1,1,1,1,1,1,1,1,1,1,1,1,1,1,1,1,1,1,1,1,1,1,1,1,1,1,1,1,1,1,1,1,1,1,1,1,1,1,1,1,1,1,1,1,1,1,1,1,1,1,1,1,1,1,1,1,1,1,1,1,1,1,1,1,0
2026-08-12 07:00:00,71.8864875833333,0,0,0,0,0,0,0.09071,3.252705,9.78662666666667,13.1747083333333,10.3731033333333,8.08853333333333,6.86608833333333,6.14324666666667,4.61371,2.03774833333333,1.00352666666667,0.6058,0.399236666666667,0.356176666666667,0.348861666666667,0.41047,0.394841666666667,0.320481666666667,0.261146666666667,0.212783333333333,0.213426666666667,0.257765,0.21129,0.25399,0.194818333333333,0.216505,0.184823333333333,0.191031666666667,0.184458333333333,0.165145,0.129343333333333,0.113428333333333,0.0915266666666667,0.0717333333333333,0.0594266666666667,0.0511316666666667,0.0456,0.0388666666666667,0.0328116666666667,0.0306983333333333,0.0262316666666667,0.024005,0.0221283333333333,0.018005,0.0161666666666667,0.010755,0.01033,0.0113133333333333,0.00674666666666667,0.006505,0.00682666666666667,0.00678666666666667,0.00445833333333333,0.00314666666666667,0.00232333333333333,0.00193666666666667,0.00282166666666667,0.002655,0.000881666666666667,0.00197,0.00139833333333333,0.000398333333333333,0.00126833333333333,0.001765,0.00129333333333333,0.000405,0.000443333333333333,0.000478333333333333,0.000513333333333333,0.000548333333333333,0.000583333333333333,0.000175,0,1,0,0,0,0,0,0,1,1,1,1,1,1,1,1,1,1,1,1,1,1,1,1,1,1,1,1,1,1,1,1,1,1,1,1,1,1,1,1,1,1,1,1,1,1,1,1,1,1,1,1,1,1,1,1,1,1,1,1,1,1,1,1,1,1,1,1,1,1,1,1,1,1,1,1,1,1,1,1,0
2026-08-12 08:00:00,66.3279749666667,0,0,0,0,0,0,0.0788016666666667,3.06972833333333,9.23391,12.048205,9.72170666666667,7.37590833333333,6.17781,5.525235,4.01492,2.18190833333333,1.01118833333333,0.597878333333333,0.395853333333333,0.341735,0.326728333333333,0.364806666666667,0.330878333333333,0.276221666666667,0.243963333333333,0.175046666666667,0.195458333333333,0.203726666666667,0.189086666666667,0.189855,0.151256666666667,0.182401666666667,0.140216666666667,0.13907,0.133398333333333,0.143486666666667,0.125271666666667,0.103018333333333,0.08412,0.0644866666666667,0.048795,0.0340866666666667,0.03394,0.0270716666666667,0.0240583333333333,0.0185333333333333,0.0204516666666667,0.02404,0.0194416666666667,0.0158233333333333,0.01711,0.00959166666666667,0.0129866666666667,0.00988,0.00719166666666667,0.00733333333333333,0.00347,0.00475666666666667,0.001505,0.00256166666666667,0.00293833333333333,0.00431666666666667,0.00168166666666667,0.00334833333333333,0.00261666666666667,0.001925,0.00265833333333333,0.001235,0.001715,0.00163166666666667,0.00264,0.00103333333333333,0.00107666666666667,0.00116166666666667,0.00124666666666667,0.00133166666666667,0.00141666666666667,0.000425,0,1,0,0,0,0,0,0,1,1,1,1,1,1,1,1,1,1,1,1,1,1,1,1,1,1,1,1,1,1,1,1,1,1,1,1,1,1,1,1,1,1,1,1,1,1,1,1,1,1,1,1,1,1,1,1,1,1,1,1,1,1,1,1,1,1,1,1,1,1,1,1,1,1,1,1,1,1,1,1,0
2026-08-12 09:00:00,67.0675764666667,0,0,0,0,0,0,0.084155,3.27226333333333,9.74225166666667,12.6568833333333,9.79356166666667,7.36285833333333,5.96926333333333,5.17478333333333,4.20696833333333,2.51369833333333,0.993836666666667,0.57909,0.38286,0.32703,0.31406,0.333605,0.307186666666667,0.256148333333333,0.194616666666667,0.181935,0.160951666666667,0.188288333333333,0.159056666666667,0.181208333333333,0.12471,0.158686666666667,0.12549,0.11982,0.121683333333333,0.110885,0.0947433333333333,0.0921666666666667,0.0755616666666667,0.051825,0.047285,0.0395783333333333,0.0300133333333333,0.0254266666666667,0.03037,0.0224566666666667,0.0257933333333333,0.019915,0.0239766666666667,0.01545,0.0167366666666667,0.0121916666666667,0.0123233333333333,0.0118766666666667,0.00601333333333333,0.008145,0.00590833333333333,0.006615,0.00386333333333333,0.00570833333333333,0.00422,0.00357,0.00444,0.00423333333333333,0.00215166666666667,0.00331666666666667,0.00294166666666667,0.00298,0.002605,0.00139,0.00138666666666667,0.000766666666666667,0.00076,0.000818333333333333,0.000878333333333333,0.00094,0.00100166666666667,0.000298333333333333,0,1,0,0,0,0,0,0,1,1,1,1,1,1,1,1,1,1,1,1,1,1,1,1,1,1,1,1,1,1,1,1,1,1,1,1,1,1,1,1,1,1,1,1,1,1,1,1,1,1,1,1,1,1,1,1,1,1,1,1,1,1,1,1,1,1,1,1,1,1,1,1,1,1,1,1,1,1,1,1,0
2026-08-12 10:00:00,74.2464177666667,0,0,0,0,0,0,0.104455,3.88554333333333,11.1660683333333,14.39635,10.99625,8.01483666666667,6.483875,5.50329,4.846085,3.15250666666667,1.07480333333333,0.55945,0.371023333333333,0.296571666666667,0.27986,0.289735,0.289806666666667,0.252635,0.182091666666667,0.137163333333333,0.146908333333333,0.15372,0.141458333333333,0.135151666666667,0.103526666666667,0.135825,0.107696666666667,0.099895,0.0920233333333333,0.092265,0.0843566666666667,0.0671616666666667,0.0648433333333333,0.05121,0.0399833333333333,0.0281,0.02754,0.0293816666666667,0.0218583333333333,0.0201916666666667,0.0232016666666667,0.02269,0.0192816666666667,0.0128783333333333,0.0151133333333333,0.0146733333333333,0.0114716666666667,0.0103383333333333,0.0133866666666667,0.00534166666666667,0.00702666666666667,0.00779666666666667,0.008795,0.00661166666666667,0.00422,0.00304166666666667,0.00624166666666667,0.00538833333333333,0.00345833333333333,0.00494,0.00195,0.00203166666666667,0.00361166666666667,0.00445,0.00278666666666667,0.001885,0.000696666666666667,0.000751666666666667,0.000806666666666667,0.000861666666666667,0.000916666666666667,0.000275,0,1,0,0,0,0,0,0,1,1,1,1,1,1,1,1,1,1,1,1,1,1,1,1,1,1,1,1,1,1,1,1,1,1,1,1,1,1,1,1,1,1,1,1,1,1,1,1,1,1,1,1,1,1,1,1,1,1,1,1,1,1,1,1,1,1,1,1,1,1,1,1,1,1,1,1,1,1,1,1,0
2026-08-12 11:00:00,78.3406201833333,0,0,0,0,0,0,0.115991666666667,3.96282666666667,11.72897,14.8651966666667,11.6094433333333,8.55125,6.880995,6.04237166666667,5.6264,3.518355,1.10997833333333,0.578646666666667,0.362085,0.285846666666667,0.264563333333333,0.272088333333333,0.263431666666667,0.224558333333333,0.160245,0.141781666666667,0.147293333333333,0.130128333333333,0.104633333333333,0.12034,0.101486666666667,0.104486666666667,0.081265,0.0884433333333333,0.0933816666666667,0.070215,0.0713883333333333,0.0618016666666667,0.0539683333333333,0.036665,0.0309783333333333,0.0319533333333333,0.0294316666666667,0.0180183333333333,0.0175566666666667,0.0186866666666667,0.01857,0.0211316666666667,0.01492,0.018295,0.0151716666666667,0.015105,0.01162,0.01104,0.0103816666666667,0.0108833333333333,0.006995,0.00768,0.0046,0.00758833333333333,0.00545166666666667,0.00659333333333333,0.00366666666666667,0.00288666666666667,0.00461,0.00339166666666667,0.00422666666666667,0.00218,0.002935,0.00283666666666667,0.00204,0.00185,0.000316666666666667,0.000341666666666667,0.000366666666666667,0.000391666666666667,0.000416666666666667,0.000125,0,1,0,0,0,0,0,0,1,1,1,1,1,1,1,1,1,1,1,1,1,1,1,1,1,1,1,1,1,1,1,1,1,1,1,1,1,1,1,1,1,1,1,1,1,1,1,1,1,1,1,1,1,1,1,1,1,1,1,1,1,1,1,1,1,1,1,1,1,1,1,1,1,1,1,1,1,1,1,1,0
2026-08-12 12:00:00,84.57896635,0,0,0,0,0,0,0.125125,4.214205,12.1904866666667,15.925695,12.40995,9.26113333333333,7.5244,6.78727,6.40775166666667,4.36310666666667,1.23551,0.695001666666667,0.40938,0.285896666666667,0.249445,0.261571666666667,0.238196666666667,0.204956666666667,0.155206666666667,0.119241666666667,0.12207,0.12124,0.106425,0.101173333333333,0.0955166666666667,0.0832516666666667,0.0787766666666667,0.067675,0.0606666666666667,0.05873,0.05656,0.0476033333333333,0.0350833333333333,0.0272933333333333,0.0305266666666667,0.0250966666666667,0.02543,0.02415,0.02114,0.0185216666666667,0.0179316666666667,0.0182133333333333,0.01425,0.0168916666666667,0.0110466666666667,0.0125083333333333,0.0127866666666667,0.00798,0.0108733333333333,0.00504666666666667,0.00613666666666667,0.00802166666666667,0.00563166666666667,0.00656166666666667,0.00564333333333333,0.00715333333333333,0.00407833333333333,0.00388666666666667,0.00407333333333333,0.00205666666666667,0.00324166666666667,0.00163,0.00235666666666667,0.000995,0.00114666666666667,0.00132833333333333,0.00120333333333333,0.001295,0.00139,0.00148833333333333,0.00158666666666667,0.000471666666666667,0,1,0,0,0,0,0,0,1,1,1,1,1,1,1,1,1,1,1,1,1,1,1,1,1,1,1,1,1,1,1,1,1,1,1,1,1,1,1,1,1,1,1,1,1,1,1,1,1,1,1,1,1,1,1,1,1,1,1,1,1,1,1,1,1,1,1,1,1,1,1,1,1,1,1,1,1,1,1,1,0
2026-08-12 13:00:00,100.888461316667,0,0,0,0,0,0,0.144535,4.92886166666667,14.51791,18.958225,14.73128,11.0672983333333,8.96228833333333,8.10526833333333,7.83752833333333,5.22746,1.47685166666667,0.747938333333333,0.412383333333333,0.328098333333333,0.277085,0.268065,0.270233333333333,0.203768333333333,0.160976666666667,0.150006666666667,0.112516666666667,0.111655,0.0952133333333333,0.095485,0.084545,0.0931483333333333,0.0753416666666667,0.0799466666666667,0.0760916666666667,0.0756266666666667,0.0589383333333333,0.0674416666666667,0.051655,0.04268,0.0408283333333333,0.0358933333333333,0.0276433333333333,0.022625,0.0261216666666667,0.026205,0.024575,0.0202333333333333,0.01859,0.0173916666666667,0.0208166666666667,0.0112516666666667,0.0119333333333333,0.00867,0.0112883333333333,0.00833166666666667,0.00708333333333333,0.00788166666666667,0.00913333333333333,0.00953,0.00308333333333333,0.00630333333333333,0.00373,0.00450333333333333,0.00303666666666667,0.00339166666666667,0.00281,0.00315333333333333,0.00317833333333333,0.00195833333333333,0.00170666666666667,0.001445,0.00107666666666667,0.00115666666666667,0.00124166666666667,0.00133166666666667,0.00142166666666667,0.00042,0,1,0,0,0,0,0,0,1,1,1,1,1,1,1,1,1,1,1,1,1,1,1,1,1,1,1,1,1,1,1,1,1,1,1,1,1,1,1,1,1,1,1,1,1,1,1,1,1,1,1,1,1,1,1,1,1,1,1,1,1,1,1,1,1,1,1,1,1,1,1,1,1,1,1,1,1,1,1,1,0
2026-08-12 14:00:00,122.119797883333,0,0,0,0,0,0,0.191305,5.99902,17.73209,22.9108883333333,17.856255,13.472945,11.0405483333333,10.00603,9.48613333333333,6.34281666666667,1.865935,0.921545,0.505641666666667,0.382973333333333,0.360238333333333,0.326823333333333,0.325403333333333,0.248971666666667,0.19349,0.16362,0.137203333333333,0.12453,0.136805,0.121358333333333,0.0985133333333333,0.106825,0.08199,0.079705,0.0829866666666667,0.0659066666666667,0.0698716666666667,0.0615033333333333,0.0546483333333333,0.0538666666666667,0.04148,0.0381983333333333,0.0429333333333333,0.0315333333333333,0.033185,0.030925,0.02392,0.0204733333333333,0.03254,0.022295,0.0181166666666667,0.01082,0.0176533333333333,0.0140316666666667,0.0103616666666667,0.00843,0.00524666666666667,0.0112616666666667,0.008655,0.00895,0.006305,0.005095,0.00674833333333333,0.004965,0.00545666666666667,0.00325833333333333,0.00196333333333333,0.00264166666666667,0.00150333333333333,0.00158333333333333,0.00106666666666667,0.00078,0.00107666666666667,0.00115666666666667,0.00124166666666667,0.00133166666666667,0.00142166666666667,0.00042,0,1,0,0,0,0,0,0,1,1,1,1,1,1,1,1,1,1,1,1,1,1,1,1,1,1,1,1,1,1,1,1,1,1,1,1,1,1,1,1,1,1,1,1,1,1,1,1,1,1,1,1,1,1,1,1,1,1,1,1,1,1,1,1,1,1,1,1,1,1,1,1,1,1,1,1,1,1,1,1,0
2026-08-12 15:00:00,123.8710658,0,0,0,0,0,0,0.190003333333333,6.09792666666667,17.776835,23.42673,18.0928266666667,13.596875,11.2999416666667,10.0908916666667,9.65749166666667,6.34934666666667,1.79155333333333,0.928276666666667,0.492656666666667,0.383545,0.323971666666667,0.317018333333333,0.306791666666667,0.236533333333333,0.172143333333333,0.147881666666667,0.134996666666667,0.131581666666667,0.119331666666667,0.108868333333333,0.0990416666666667,0.100383333333333,0.0975833333333333,0.09739,0.084595,0.0754316666666667,0.076465,0.0747766666666667,0.06293,0.0505766666666667,0.0431416666666667,0.0463066666666667,0.033115,0.0287016666666667,0.0394266666666667,0.028025,0.0341216666666667,0.0286433333333333,0.0276816666666667,0.0177683333333333,0.022375,0.0175933333333333,0.0143533333333333,0.0159833333333333,0.00979333333333333,0.00911166666666667,0.005735,0.00646833333333333,0.008465,0.00570666666666667,0.00592666666666667,0.003145,0.00529,0.005465,0.00372833333333333,0.003605,0.00267,0.00275333333333333,0.002965,0.002635,0.00205333333333333,0.000946666666666667,0.000823333333333333,0.000883333333333333,0.000948333333333333,0.00101833333333333,0.00108833333333333,0.00032,0,1,0,0,0,0,0,0,1,1,1,1,1,1,1,1,1,1,1,1,1,1,1,1,1,1,1,1,1,1,1,1,1,1,1,1,1,1,1,1,1,1,1,1,1,1,1,1,1,1,1,1,1,1,1,1,1,1,1,1,1,1,1,1,1,1,1,1,1,1,1,1,1,1,1,1,1,1,1,1,0
2026-08-12 16:00:00,129.519388733333,0,0,0,0,0,0,0.202441666666667,6.27523333333333,18.4997183333333,24.3936366666667,19.2047466666667,14.339525,11.9262266666667,10.8205783333333,10.246065,6.29850833333333,1.70745833333333,0.916628333333333,0.47737,0.373351666666667,0.344585,0.329438333333333,0.32042,0.256038333333333,0.201908333333333,0.15372,0.154576666666667,0.141433333333333,0.131116666666667,0.12502,0.105863333333333,0.115926666666667,0.0953983333333333,0.0924,0.0795066666666667,0.0825816666666667,0.0729816666666667,0.0677166666666667,0.062915,0.0495516666666667,0.0435816666666667,0.03659,0.0435833333333333,0.037965,0.0371966666666667,0.02786,0.0273083333333333,0.0216583333333333,0.0215466666666667,0.0221066666666667,0.0167266666666667,0.0179983333333333,0.0190233333333333,0.00767333333333333,0.0127133333333333,0.009455,0.00806,0.0110833333333333,0.00428333333333333,0.006315,0.00829666666666667,0.00706,0.002765,0.00558,0.003115,0.00418333333333333,0.00505333333333333,0.00414166666666667,0.00190833333333333,0.00143833333333333,0.000986666666666667,0.00220333333333333,0.000886666666666667,0.000951666666666667,0.00102166666666667,0.00109666666666667,0.00117166666666667,0.000345,0,1,0,0,0,0,0,0,1,1,1,1,1,1,1,1,1,1,1,1,1,1,1,1,1,1,1,1,1,1,1,1,1,1,1,1,1,1,1,1,1,1,1,1,1,1,1,1,1,1,1,1,1,1,1,1,1,1,1,1,1,1,1,1,1,1,1,1,1,1,1,1,1,1,1,1,1,1,1,1,0
2026-08-12 17:00:00,132.57366285,0,0,0,0,0,0,0.206735,6.33225166666667,18.9198183333333,25.0818366666667,19.4293516666667,14.6209066666667,12.3480333333333,11.1584333333333,10.6423616666667,6.26346833333333,1.80743,0.985316666666667,0.530941666666667,0.409448333333333,0.381106666666667,0.369136666666667,0.327053333333333,0.267258333333333,0.214421666666667,0.164736666666667,0.157278333333333,0.141836666666667,0.13756,0.133493333333333,0.117316666666667,0.118341666666667,0.0978483333333333,0.086885,0.083505,0.0770966666666667,0.0772583333333333,0.0679283333333333,0.0542883333333333,0.0646116666666667,0.05451,0.0468016666666667,0.0391666666666667,0.0317116666666667,0.0313766666666667,0.0302183333333333,0.0287433333333333,0.0270516666666667,0.029985,0.0260033333333333,0.0175133333333333,0.0222133333333333,0.0173316666666667,0.0159466666666667,0.0128216666666667,0.00880666666666667,0.00756833333333333,0.00750166666666667,0.00812833333333333,0.00493,0.00696833333333333,0.00273333333333333,0.00466166666666667,0.00581166666666667,0.002885,0.00184833333333333,0.00139833333333333,0.00290833333333333,0.002935,0.00183333333333333,0.00148,0.001105,0.000823333333333333,0.000883333333333333,0.000948333333333333,0.00101833333333333,0.00108833333333333,0.00032,0,1,0,0,0,0,0,0,1,1,1,1,1,1,1,1,1,1,1,1,1,1,1,1,1,1,1,1,1,1,1,1,1,1,1,1,1,1,1,1,1,1,1,1,1,1,1,1,1,1,1,1,1,1,1,1,1,1,1,1,1,1,1,1,1,1,1,1,1,1,1,1,1,1,1,1,1,1,1,1,0
2026-08-12 18:00:00,144.442004633333,0,0,0,0,0,0,0.239548333333333,7.46299833333333,21.21153,27.4943383333333,21.219445,15.9008983333333,13.15445,11.8337333333333,11.0438116666667,6.87088,1.97635333333333,1.00628666666667,0.586755,0.448641666666667,0.371248333333333,0.374915,0.346808333333333,0.278661666666667,0.213761666666667,0.166223333333333,0.14123,0.143343333333333,0.12343,0.136338333333333,0.111931666666667,0.109851666666667,0.101893333333333,0.0987,0.0774683333333333,0.0861066666666667,0.0777683333333333,0.0721333333333333,0.06055,0.0548916666666667,0.0532816666666667,0.040895,0.0459366666666667,0.0407083333333333,0.03031,0.0408416666666667,0.038435,0.0301866666666667,0.0264933333333333,0.020715,0.0193983333333333,0.0171533333333333,0.0204566666666667,0.012245,0.012885,0.00983333333333333,0.00888833333333333,0.01149,0.00885333333333333,0.00826833333333333,0.006305,0.00809,0.00537833333333333,0.00554166666666667,0.00342,0.002265,0.00309166666666667,0.0011,0.00147333333333333,0.00185333333333333,0.00312,0.00248666666666667,0.000696666666666667,0.00075,0.000805,0.000861666666666667,0.000918333333333333,0.000273333333333333,0,1,0,0,0,0,0,0,1,1,1,1,1,1,1,1,1,1,1,1,1,1,1,1,1,1,1,1,1,1,1,1,1,1,1,1,1,1,1,1,1,1,1,1,1,1,1,1,1,1,1,1,1,1,1,1,1,1,1,1,1,1,1,1,1,1,1,1,1,1,1,1,1,1,1,1,1,1,1,1,0
2026-08-12 19:00:00,182.444353666667,0,0,0,0,0,0,0.25993,9.14115666666667,26.24713,33.623795,25.8896166666667,19.8062566666667,16.927705,15.6616666666667,14.68961,8.76168666666667,2.878535,1.546815,0.885698333333333,0.737551666666667,0.666131666666667,0.645458333333333,0.632741666666667,0.454781666666667,0.332003333333333,0.250986666666667,0.219705,0.219625,0.165441666666667,0.16154,0.142623333333333,0.134665,0.112578333333333,0.104725,0.094325,0.091065,0.0837766666666667,0.0823633333333333,0.0728016666666667,0.059555,0.0585483333333333,0.0534716666666667,0.0447066666666667,0.037745,0.0325283333333333,0.038295,0.0316983333333333,0.0266466666666667,0.0256283333333333,0.02432,0.01936,0.0192933333333333,0.0201383333333333,0.01495,0.0158633333333333,0.00563833333333333,0.00951833333333333,0.009515,0.00808666666666667,0.00578833333333333,0.003365,0.00431833333333333,0.00206833333333333,0.00619833333333333,0.004265,0.00240333333333333,0.00195666666666667,0.000418333333333333,0.00105666666666667,0.001785,0.0036,0.00120833333333333,0.00057,0.000615,0.00066,0.000705,0.00075,0.000225,0,1,0,0,0,0,0,0,1,1,1,1,1,1,1,1,1,1,1,1,1,1,1,1,1,1,1,1,1,1,1,1,1,1,1,1,1,1,1,1,1,1,1,1,1,1,1,1,1,1,1,1,1,1,1,1,1,1,1,1,1,1,1,1,1,1,1,1,1,1,1,1,1,1,1,1,1,1,1,1,0
2026-08-12 20:00:00,188.721601133333,0,0,0,0,0,0,0.258633333333333,9.46037666666667,27.1025066666667,34.8135166666667,26.9076983333333,20.5221116666667,17.33762,15.931245,15.2961916666667,9.49777,3.05133,1.531535,0.912661666666667,0.711706666666667,0.637013333333333,0.626595,0.611173333333333,0.435526666666667,0.318011666666667,0.238501666666667,0.215446666666667,0.209491666666667,0.16321,0.148176666666667,0.135123333333333,0.128958333333333,0.11479,0.115146666666667,0.09268,0.088535,0.0825283333333333,0.0778233333333333,0.0630133333333333,0.0637816666666667,0.056255,0.0487283333333333,0.0455383333333333,0.0412366666666667,0.035685,0.0371533333333333,0.025765,0.0261166666666667,0.0239683333333333,0.028065,0.024805,0.018365,0.0152466666666667,0.0167316666666667,0.0151383333333333,0.00879,0.00889,0.008565,0.00362333333333333,0.005205,0.00720666666666667,0.00334666666666667,0.00385,0.00377166666666667,0.00361333333333333,0.00410166666666667,0.002515,0.000836666666666667,0.00064,0.002615,0.00188,0.00140166666666667,0.00095,0.001025,0.0011,0.001175,0.00125,0.000375,0,1,0,0,0,0,0,0,1,1,1,1,1,1,1,1,1,1,1,1,1,1,1,1,1,1,1,1,1,1,1,1,1,1,1,1,1,1,1,1,1,1,1,1,1,1,1,1,1,1,1,1,1,1,1,1,1,1,1,1,1,1,1,1,1,1,1,1,1,1,1,1,1,1,1,1,1,1,1,1,0
2026-08-12 21:00:00,160.332804383333,0,0,0,0,0,0,0.24448,8.211575,23.643465,29.81143,23.0063583333333,17.709655,14.7107366666667,13.2521083333333,12.74841,8.40966666666667,2.50722166666667,1.245375,0.717518333333333,0.539915,0.44017,0.434395,0.416526666666667,0.31292,0.242906666666667,0.191471666666667,0.177636666666667,0.163403333333333,0.13765,0.148855,0.126943333333333,0.125966666666667,0.11865,0.1049,0.0984266666666667,0.0880733333333333,0.08165,0.074055,0.065045,0.067215,0.0559716666666667,0.0544166666666667,0.0505016666666667,0.037245,0.0411883333333333,0.031425,0.04118,0.031785,0.0323266666666667,0.0262816666666667,0.0233916666666667,0.027105,0.0265133333333333,0.02063,0.0170583333333333,0.01395,0.01319,0.006845,0.00979833333333333,0.00459833333333333,0.00422,0.00346666666666667,0.00782666666666667,0.00515666666666667,0.003845,0.00362166666666667,0.00324166666666667,0.00206833333333333,0.00166666666666667,0.00242166666666667,0.00261333333333333,0.00162666666666667,0.00133,0.00143166666666667,0.00153666666666667,0.001645,0.00175333333333333,0.000521666666666667,0,1,0,0,0,0,0,0,1,1,1,1,1,1,1,1,1,1,1,1,1,1,1,1,1,1,1,1,1,1,1,1,1,1,1,1,1,1,1,1,1,1,1,1,1,1,1,1,1,1,1,1,1,1,1,1,1,1,1,1,1,1,1,1,1,1,1,1,1,1,1,1,1,1,1,1,1,1,1,1,0
2026-08-12 22:00:00,141.594243133333,0,0,0,0,0,0,0.199543333333333,7.262625,20.6249266666667,25.7587633333333,20.0211016666667,15.360555,13.033815,11.9010333333333,11.4403666666667,7.87502166666667,2.37950833333333,1.15769166666667,0.647331666666667,0.484941666666667,0.449858333333333,0.378793333333333,0.3735,0.282565,0.23384,0.181218333333333,0.165991666666667,0.16642,0.13894,0.141921666666667,0.113805,0.119545,0.100118333333333,0.0894333333333333,0.0920816666666667,0.0887883333333333,0.079885,0.07939,0.071355,0.0572433333333333,0.05321,0.04548,0.0491433333333333,0.0465466666666667,0.0348383333333333,0.0308333333333333,0.0275316666666667,0.0273066666666667,0.0300616666666667,0.0218183333333333,0.0179,0.02308,0.0202233333333333,0.0133083333333333,0.0133266666666667,0.0124366666666667,0.0120433333333333,0.0117466666666667,0.0114433333333333,0.00910333333333333,0.00782,0.00743166666666667,0.00711666666666667,0.005155,0.00480833333333333,0.00333333333333333,0.00238333333333333,0.00344166666666667,0.00173333333333333,0.001805,0.00262666666666667,0.00135166666666667,0.00126666666666667,0.00136166666666667,0.00146166666666667,0.00156666666666667,0.00167166666666667,0.000495,0,1,0,0,0,0,0,0,1,1,1,1,1,1,1,1,1,1,1,1,1,1,1,1,1,1,1,1,1,1,1,1,1,1,1,1,1,1,1,1,1,1,1,1,1,1,1,1,1,1,1,1,1,1,1,1,1,1,1,1,1,1,1,1,1,1,1,1,1,1,1,1,1,1,1,1,1,1,1,1,0
2026-08-12 23:00:00,158.637584116667,0,0,0,0,0,0,0.224696666666667,8.25440333333333,23.14227,28.6904116666667,22.1391983333333,17.205685,14.7704816666667,13.2152516666667,12.64623,8.81153666666667,2.621915,1.30917166666667,0.713225,0.513516666666667,0.468401666666667,0.438571666666667,0.401123333333333,0.310493333333333,0.219018333333333,0.178283333333333,0.16531,0.16479,0.142788333333333,0.13569,0.109365,0.107796666666667,0.0968033333333333,0.0977416666666667,0.0903916666666667,0.0803816666666667,0.0690983333333333,0.0707833333333333,0.0622416666666667,0.0540716666666667,0.0472783333333333,0.050235,0.0424733333333333,0.035605,0.0327233333333333,0.0389616666666667,0.027815,0.02986,0.027815,0.0151566666666667,0.0245416666666667,0.0183866666666667,0.0128683333333333,0.0160166666666667,0.0110983333333333,0.008005,0.00974833333333333,0.00687833333333333,0.007905,0.00825166666666667,0.00758666666666667,0.00725833333333333,0.00505,0.00373333333333333,0.004835,0.00239166666666667,0.001265,0.00341833333333333,0.00152833333333333,0.00102333333333333,0.00032,0.00276,0.00057,0.000615,0.00066,0.000705,0.00075,0.000225,0,1,0,0,0,0,0,0,1,1,1,1,1,1,1,1,1,1,1,1,1,1,1,1,1,1,1,1,1,1,1,1,1,1,1,1,1,1,1,1,1,1,1,1,1,1,1,1,1,1,1,1,1,1,1,1,1,1,1,1,1,1,1,1,1,1,1,1,1,1,1,1,1,1,1,1,1,1,1,1,0
2026-08-13,177.668271366667,0,0,0,0,0,0,0.26735,9.47266833333333,26.46524,32.7160333333333,25.1274466666667,19.298935,16.6762466666667,15.0669083333333,14.1022116666667,9.37813333333333,2.86225166666667,1.44247666666667,0.808075,0.599781666666667,0.484255,0.480876666666667,0.4268,0.327845,0.26106,0.188491666666667,0.171343333333333,0.150221666666667,0.132953333333333,0.132926666666667,0.113091666666667,0.107348333333333,0.0995683333333333,0.100216666666667,0.0894316666666667,0.0818066666666667,0.0752383333333333,0.0772033333333333,0.06873,0.0487566666666667,0.039755,0.0409816666666667,0.040695,0.0364083333333333,0.027365,0.0300833333333333,0.02703,0.0253233333333333,0.0300116666666667,0.0178916666666667,0.0132383333333333,0.0142433333333333,0.01312,0.01125,0.00827666666666667,0.00919166666666667,0.009405,0.00819166666666667,0.00847833333333333,0.00543333333333333,0.00331833333333333,0.00404166666666667,0.004865,0.00458,0.00180333333333333,0.00415833333333333,0.00181333333333333,0.00163333333333333,0.00276,0.00244166666666667,0.000653333333333333,0.000931666666666667,0.000316666666666667,0.000341666666666667,0.000366666666666667,0.000391666666666667,0.000416666666666667,0.000125,0,1,0,0,0,0,0,0,1,1,1,1,1,1,1,1,1,1,1,1,1,1,1,1,1,1,1,1,1,1,1,1,1,1,1,1,1,1,1,1,1,1,1,1,1,1,1,1,1,1,1,1,1,1,1,1,1,1,1,1,1,1,1,1,1,1,1,1,1,1,1,1,1,1,1,1,1,1,1,1,0
2026-08-13 01:00:00,183.348735066667,0,0,0,0,0,0,0.275996666666667,10.0117483333333,27.83553,33.63063,25.9328383333333,19.9132833333333,17.0386066666667,15.4348566666667,14.59789,9.07494666666667,2.84848166666667,1.45243166666667,0.818818333333333,0.597488333333333,0.490218333333333,0.478945,0.46293,0.360225,0.242646666666667,0.188543333333333,0.170446666666667,0.151086666666667,0.144578333333333,0.144328333333333,0.107106666666667,0.10068,0.102323333333333,0.10509,0.088325,0.08048,0.07561,0.0710966666666667,0.0572833333333333,0.0524466666666667,0.0455416666666667,0.0372566666666667,0.042325,0.0401783333333333,0.0261183333333333,0.033495,0.0269333333333333,0.0274683333333333,0.0254683333333333,0.0154466666666667,0.0177733333333333,0.0146766666666667,0.0150166666666667,0.0139633333333333,0.0114,0.01045,0.010435,0.00596,0.00530166666666667,0.00689,0.00569,0.00412833333333333,0.00365333333333333,0.00180666666666667,0.00130833333333333,0.00295833333333333,0.001675,0.000796666666666667,0.001705,0.002075,0.000413333333333333,0.000563333333333333,0.000443333333333333,0.000478333333333333,0.000513333333333333,0.000548333333333333,0.000583333333333333,0.000175,0,1,0,0,0,0,0,0,1,1,1,1,1,1,1,1,1,1,1,1,1,1,1,1,1,1,1,1,1,1,1,1,1,1,1,1,1,1,1,1,1,1,1,1,1,1,1,1,1,1,1,1,1,1,1,1,1,1,1,1,1,1,1,1,1,1,1,1,1,1,1,1,1,1,1,1,1,1,1,1,0
2026-08-13 02:00:00,183.937828833333,0,0,0,0,0,0,0.288288333333333,9.98470166666667,27.6300316666667,33.877215,25.8524183333333,20.0331966666667,17.0783866666667,15.5920933333333,14.8339883333333,9.03431333333333,2.89045333333333,1.47985666666667,0.832978333333333,0.629386666666667,0.53309,0.518265,0.473773333333333,0.357425,0.251536666666667,0.190636666666667,0.16845,0.143936666666667,0.131978333333333,0.128968333333333,0.10319,0.111251666666667,0.105523333333333,0.087145,0.0896483333333333,0.07578,0.081055,0.06553,0.0584566666666667,0.0609183333333333,0.055705,0.0345066666666667,0.033715,0.0315516666666667,0.0323133333333333,0.0260533333333333,0.022465,0.0292833333333333,0.024445,0.0190766666666667,0.025075,0.0172033333333333,0.00943666666666667,0.01111,0.0172866666666667,0.0101466666666667,0.008575,0.00836833333333333,0.00768833333333333,0.008525,0.00441,0.00508,0.00444,0.00346333333333333,0.00522166666666667,0.00283666666666667,0.0038,0.003305,0.000435,0.00083,0.00206666666666667,0.001495,0.00076,0.000818333333333333,0.000878333333333333,0.00094,0.00100166666666667,0.000298333333333333,0,1,0,0,0,0,0,0,1,1,1,1,1,1,1,1,1,1,1,1,1,1,1,1,1,1,1,1,1,1,1,1,1,1,1,1,1,1,1,1,1,1,1,1,1,1,1,1,1,1,1,1,1,1,1,1,1,1,1,1,1,1,1,1,1,1,1,1,1,1,1,1,1,1,1,1,1,1,1,1,0
2026-08-13 03:00:00,185.70342605,0,0,0,0,0,0,0.287613333333333,10.5016166666667,28.37322,34.2590883333333,26.1829666666667,19.9788733333333,17.215865,15.69596,14.9137283333333,8.63242,2.84657666666667,1.52365166666667,0.914731666666667,0.657556666666667,0.567845,0.53764,0.495441666666667,0.362166666666667,0.285881666666667,0.20144,0.18063,0.162538333333333,0.137051666666667,0.135066666666667,0.12426,0.10751,0.104398333333333,0.0989533333333333,0.0903133333333333,0.083465,0.087345,0.0700333333333333,0.0755666666666667,0.045245,0.0361616666666667,0.0354,0.03266,0.0251183333333333,0.0294283333333333,0.026455,0.0273316666666667,0.0208783333333333,0.0287883333333333,0.0179183333333333,0.0172733333333333,0.0168016666666667,0.0165533333333333,0.0149783333333333,0.0111133333333333,0.00934166666666667,0.00453,0.003895,0.007705,0.00518166666666667,0.00602166666666667,0.005075,0.00485166666666667,0.001885,0.00199833333333333,0.00240333333333333,0.00211333333333333,0.002335,0.001685,0.00166,0.000413333333333333,0.000823333333333333,0.00120333333333333,0.00129666666666667,0.00139166666666667,0.00148833333333333,0.001585,0.000473333333333333,0,1,0,0,0,0,0,0,1,1,1,1,1,1,1,1,1,1,1,1,1,1,1,1,1,1,1,1,1,1,1,1,1,1,1,1,1,1,1,1,1,1,1,1,1,1,1,1,1,1,1,1,1,1,1,1,1,1,1,1,1,1,1,1,1,1,1,1,1,1,1,1,1,1,1,1,1,1,1,1,0
2026-08-13 04:00:00,188.831057216667,0,0,0,0,0,0,0.324683333333333,10.8444083333333,29.2394683333333,35.2284433333333,26.6295666666667,20.4154566666667,17.4078316666667,15.6882633333333,14.6711316666667,8.63309166666667,2.90279333333333,1.53356833333333,0.890605,0.630871666666667,0.557281666666667,0.550105,0.514165,0.353845,0.268911666666667,0.197295,0.166713333333333,0.146701666666667,0.13814,0.138496666666667,0.11072,0.103656666666667,0.0937716666666667,0.0928383333333333,0.0770766666666667,0.075955,0.0713416666666667,0.0634333333333333,0.0592733333333333,0.0495816666666667,0.0420533333333333,0.0329616666666667,0.0374666666666667,0.0314,0.029925,0.0279166666666667,0.0206466666666667,0.0276483333333333,0.01627,0.0193733333333333,0.0157933333333333,0.0146266666666667,0.0109216666666667,0.0109883333333333,0.0104483333333333,0.00653166666666667,0.00937833333333333,0.00449,0.00496166666666667,0.005785,0.00502666666666667,0.00544,0.00308333333333333,0.00500333333333333,0.00253666666666667,0.00325166666666667,0.00266,0.00383833333333333,0.000888333333333333,0.00083,0.000573333333333333,0.00127166666666667,0.00057,0.000615,0.00066,0.000705,0.00075,0.000225,0,1,0,0,0,0,0,0,1,1,1,1,1,1,1,1,1,1,1,1,1,1,1,1,1,1,1,1,1,1,1,1,1,1,1,1,1,1,1,1,1,1,1,1,1,1,1,1,1,1,1,1,1,1,1,1,1,1,1,1,1,1,1,1,1,1,1,1,1,1,1,1,1,1,1,1,1,1,1,1,0
2026-08-13 05:00:00,183.677570816667,0,0,0,0,0,0,0.324608333333333,10.3901116666667,28.2175733333333,34.170635,25.9947016666667,19.8898633333333,16.7127583333333,15.2872316666667,13.9261433333333,8.42511833333333,2.90860833333333,1.58258833333333,0.897945,0.661836666666667,0.578845,0.53566,0.510395,0.361875,0.29945,0.201421666666667,0.183738333333333,0.171063333333333,0.140775,0.143781666666667,0.117563333333333,0.109313333333333,0.0972516666666667,0.09432,0.0972633333333333,0.0783133333333333,0.073395,0.0664133333333333,0.0540416666666667,0.0412783333333333,0.042575,0.03717,0.0311933333333333,0.033695,0.03026,0.02665,0.0297033333333333,0.03182,0.0246833333333333,0.020345,0.0241283333333333,0.0185916666666667,0.0121716666666667,0.0116933333333333,0.01097,0.00998166666666667,0.0140183333333333,0.0114266666666667,0.00762166666666667,0.00699166666666667,0.00683,0.00532666666666667,0.00561333333333333,0.00550333333333333,0.003765,0.00677,0.00448333333333333,0.00277333333333333,0.00358666666666667,0.00175833333333333,0.00229333333333333,0.00177,0.000823333333333333,0.000888333333333333,0.000953333333333333,0.00101833333333333,0.00108333333333333,0.000325,0,1,0,0,0,0,0,0,1,1,1,1,1,1,1,1,1,1,1,1,1,1,1,1,1,1,1,1,1,1,1,1,1,1,1,1,1,1,1,1,1,1,1,1,1,1,1,1,1,1,1,1,1,1,1,1,1,1,1,1,1,1,1,1,1,1,1,1,1,1,1,1,1,1,1,1,1,1,1,1,0
2026-08-13 06:00:00,179.485328666667,0,0,0,0,0,0,0.317223333333333,9.98591333333333,27.2125266666667,33.0943583333333,25.5041583333333,19.1854333333333,16.4801933333333,15.092635,13.81231,8.58388166666667,2.96950833333333,1.60965,0.951076666666667,0.678585,0.582801666666667,0.559416666666667,0.519226666666667,0.401165,0.284096666666667,0.216541666666667,0.193081666666667,0.17706,0.145455,0.140211666666667,0.135263333333333,0.138685,0.106936666666667,0.0924516666666667,0.0977233333333333,0.0861033333333333,0.0854066666666667,0.0694266666666667,0.07248,0.0589466666666667,0.0527616666666667,0.0336666666666667,0.0377833333333333,0.0310266666666667,0.0306383333333333,0.0340216666666667,0.02986,0.0281733333333333,0.0230716666666667,0.0249916666666667,0.0240066666666667,0.0179966666666667,0.01789,0.0114966666666667,0.009665,0.0106633333333333,0.010235,0.00748166666666667,0.00592833333333333,0.00739166666666667,0.00677833333333333,0.00419666666666667,0.00377333333333333,0.00219333333333333,0.00219,0.000843333333333333,0.00168,0.00163333333333333,0.00087,0.00235333333333333,0.00096,0.000108333333333333,0.000316666666666667,0.000341666666666667,0.000366666666666667,0.000391666666666667,0.000416666666666667,0.000125,0,1,0,0,0,0,0,0,1,1,1,1,1,1,1,1,1,1,1,1,1,1,1,1,1,1,1,1,1,1,1,1,1,1,1,1,1,1,1,1,1,1,1,1,1,1,1,1,1,1,1,1,1,1,1,1,1,1,1,1,1,1,1,1,1,1,1,1,1,1,1,1,1,1,1,1,1,1,1,1,0
2026-08-13 07:00:00,149.392074,0,0,0,0,0,0,0.24277,8.27499333333333,22.5582033333333,27.876955,21.1234233333333,16.173145,13.62354,12.130055,11.38585,7.17146,2.50003333333333,1.340345,0.749355,0.550321666666667,0.481701666666667,0.445408333333333,0.444205,0.3384,0.241628333333333,0.179968333333333,0.16017,0.148803333333333,0.126995,0.116828333333333,0.107498333333333,0.103403333333333,0.098975,0.0929183333333333,0.08451,0.0769,0.0809216666666667,0.0668533333333333,0.0650916666666667,0.0535233333333333,0.0348033333333333,0.04016,0.0420633333333333,0.0273866666666667,0.0303816666666667,0.0290333333333333,0.0303583333333333,0.0238183333333333,0.02185,0.02015,0.019895,0.0150833333333333,0.0146,0.0115533333333333,0.00993833333333333,0.011425,0.008515,0.00930666666666667,0.00451666666666667,0.00699166666666667,0.00455333333333333,0.006865,0.00464333333333333,0.00415666666666667,0.003845,0.00464833333333333,0.00168666666666667,0.00138666666666667,0.00189,0.00143833333333333,0.000573333333333333,0.000881666666666667,0.000633333333333333,0.000683333333333333,0.000733333333333333,0.000783333333333333,0.000833333333333333,0.00025,0,1,0,0,0,0,0,0,1,1,1,1,1,1,1,1,1,1,1,1,1,1,1,1,1,1,1,1,1,1,1,1,1,1,1,1,1,1,1,1,1,1,1,1,1,1,1,1,1,1,1,1,1,1,1,1,1,1,1,1,1,1,1,1,1,1,1,1,1,1,1,1,1,1,1,1,1,1,1,1,0
2026-08-13 08:00:00,115.916131366667,0,0,0,0,0,0,0.172488333333333,5.93501333333333,16.7907216666667,20.9907883333333,16.5193266666667,12.6929533333333,10.7107016666667,9.35569666666667,8.71002333333333,6.30819166666667,2.23676333333333,1.04707833333333,0.579306666666667,0.395088333333333,0.347343333333333,0.303933333333333,0.295825,0.206941666666667,0.165206666666667,0.122678333333333,0.106363333333333,0.100288333333333,0.0929083333333333,0.081495,0.078755,0.0788033333333333,0.0728133333333333,0.06023,0.0597966666666667,0.0493533333333333,0.04165,0.0439466666666667,0.03299,0.03135,0.0292166666666667,0.0268083333333333,0.0231933333333333,0.0268816666666667,0.0193683333333333,0.0247116666666667,0.0231766666666667,0.019855,0.0187,0.0173333333333333,0.0182933333333333,0.0146516666666667,0.0168616666666667,0.0138933333333333,0.0137,0.00945166666666667,0.00682333333333333,0.00578666666666667,0.00753,0.00792833333333333,0.00678,0.00654333333333333,0.00648833333333333,0.003925,0.00372333333333333,0.00394333333333333,0.00238833333333333,0.000948333333333333,0.00277166666666667,0.00241333333333333,0.00189333333333333,0.00151666666666667,0.000823333333333333,0.000888333333333333,0.000953333333333333,0.00101833333333333,0.00108333333333333,0.000325,0,1,0,0,0,0,0,0,1,1,1,1,1,1,1,1,1,1,1,1,1,1,1,1,1,1,1,1,1,1,1,1,1,1,1,1,1,1,1,1,1,1,1,1,1,1,1,1,1,1,1,1,1,1,1,1,1,1,1,1,1,1,1,1,1,1,1,1,1,1,1,1,1,1,1,1,1,1,1,1,0
2026-08-13 09:00:00,113.492515733333,0,0,0,0,0,0,0.163743333333333,5.42913666666667,15.606875,20.236335,16.07349,12.609175,10.7475366666667,9.746415,9.05330833333333,7.02791333333333,2.53629333333333,1.08397,0.5592,0.374551666666667,0.300265,0.271916666666667,0.250216666666667,0.194938333333333,0.146595,0.100298333333333,0.0827233333333333,0.08257,0.063845,0.0739883333333333,0.058215,0.06028,0.04745,0.04526,0.042925,0.037175,0.0317033333333333,0.034655,0.0321516666666667,0.0312333333333333,0.0256183333333333,0.0272333333333333,0.02286,0.0205416666666667,0.0188166666666667,0.0139283333333333,0.0159066666666667,0.0175583333333333,0.0126333333333333,0.0137133333333333,0.013455,0.008,0.0129766666666667,0.013135,0.01148,0.011065,0.00588,0.00587,0.008115,0.00264,0.00313,0.00370333333333333,0.005005,0.00288666666666667,0.00295833333333333,0.003245,0.00295333333333333,0.00191666666666667,0.00149166666666667,0.000366666666666667,0.00329333333333333,0.00099,0.00095,0.00102,0.001095,0.001175,0.001255,0.00037,0,1,0,0,0,0,0,0,1,1,1,1,1,1,1,1,1,1,1,1,1,1,1,1,1,1,1,1,1,1,1,1,1,1,1,1,1,1,1,1,1,1,1,1,1,1,1,1,1,1,1,1,1,1,1,1,1,1,1,1,1,1,1,1,1,1,1,1,1,1,1,1,1,1,1,1,1,1,1,1,0
2026-08-13 10:00:00,107.667932466667,0,0,0,0,0,0,0.139603333333333,4.67665333333333,13.9135616666667,18.3503766666667,15.122885,11.859145,10.25707,9.57597166666667,9.22027,7.13715666666667,2.51234166666667,1.167145,0.608063333333333,0.42277,0.336236666666667,0.30712,0.248326666666667,0.202936666666667,0.145933333333333,0.131423333333333,0.104661666666667,0.0972733333333333,0.07556,0.0690833333333333,0.0634283333333333,0.06895,0.0591716666666667,0.0484883333333333,0.0533166666666667,0.0434766666666667,0.0443516666666667,0.0435883333333333,0.0403933333333333,0.0295216666666667,0.0289116666666667,0.031955,0.0253533333333333,0.0180483333333333,0.02089,0.021885,0.0160916666666667,0.01102,0.0179366666666667,0.016835,0.0106533333333333,0.01253,0.00775833333333333,0.00691,0.009815,0.007385,0.005965,0.00607666666666667,0.00432333333333333,0.00493,0.00223,0.0028,0.00135833333333333,0.00331,0.00219166666666667,0.00141,0.000696666666666667,0.00207333333333333,0.00129833333333333,0.00163166666666667,0.000826666666666667,0.000195,0.00057,0.000611666666666667,0.000656666666666667,0.000705,0.000753333333333333,0.000221666666666667,0,1,0,0,0,0,0,0,1,1,1,1,1,1,1,1,1,1,1,1,1,1,1,1,1,1,1,1,1,1,1,1,1,1,1,1,1,1,1,1,1,1,1,1,1,1,1,1,1,1,1,1,1,1,1,1,1,1,1,1,1,1,1,1,1,1,1,1,1,1,1,1,1,1,1,1,1,1,1,1,0
2026-08-13 11:00:00,109.8970261,0,0,0,0,0,0,0.162548333333333,4.66701166666667,13.8325816666667,18.8310466666667,15.384035,12.13047,10.7280383333333,9.86403666666667,9.49208,7.36249666666667,2.49963,1.16425333333333,0.61366,0.415705,0.33846,0.280628333333333,0.269646666666667,0.210125,0.144918333333333,0.120123333333333,0.0994516666666667,0.0943783333333333,0.0892283333333333,0.0790916666666667,0.0731483333333333,0.0661633333333333,0.0641516666666667,0.062865,0.05189,0.0447233333333333,0.048575,0.05273,0.0417566666666667,0.03814,0.0349433333333333,0.03822,0.0306633333333333,0.0262966666666667,0.0341333333333333,0.0277416666666667,0.0227666666666667,0.02372,0.016015,0.020685,0.014075,0.0146516666666667,0.0151216666666667,0.0118066666666667,0.00715,0.00480666666666667,0.00630666666666667,0.00942833333333333,0.00938,0.00561166666666667,0.00588,0.00531833333333333,0.0073,0.00346166666666667,0.00556833333333333,0.00219,0.00295666666666667,0.00204833333333333,0.00129833333333333,0.00246166666666667,0.000986666666666667,0.000643333333333333,0.00114,0.00123,0.00132,0.00141,0.0015,0.00045,0,1,0,0,0,0,0,0,1,1,1,1,1,1,1,1,1,1,1,1,1,1,1,1,1,1,1,1,1,1,1,1,1,1,1,1,1,1,1,1,1,1,1,1,1,1,1,1,1,1,1,1,1,1,1,1,1,1,1,1,1,1,1,1,1,1,1,1,1,1,1,1,1,1,1,1,1,1,1,1,0
2026-08-13 12:00:00,126.303211933333,0,0,0,0,0,0,0.175575,5.18666333333333,15.73622,21.7528533333333,17.6533283333333,14.217195,12.3863166666667,11.3187233333333,11.06043,8.74534166666667,3.05916833333333,1.28216,0.662735,0.443561666666667,0.33706,0.293448333333333,0.271391666666667,0.214886666666667,0.174848333333333,0.121505,0.101856666666667,0.102816666666667,0.0873583333333333,0.081455,0.0759416666666667,0.0556916666666667,0.0580166666666667,0.0498116666666667,0.053165,0.0437016666666667,0.0449083333333333,0.0436533333333333,0.035385,0.02991,0.037125,0.03181,0.0306616666666667,0.02181,0.02799,0.021705,0.0187083333333333,0.0211266666666667,0.02162,0.0165916666666667,0.01146,0.0143566666666667,0.0108033333333333,0.0104783333333333,0.00804666666666667,0.00720666666666667,0.01075,0.00733333333333333,0.00648833333333333,0.00869666666666667,0.00502666666666667,0.00297,0.00377333333333333,0.00515666666666667,0.00330833333333333,0.00339166666666667,0.00181333333333333,0.003705,0.00213833333333333,0.000588333333333333,0.00230666666666667,0.000778333333333333,0.001075,0.00115666666666667,0.00124166666666667,0.00133166666666667,0.00142166666666667,0.00042,0,1,0,0,0,0,0,0,1,1,1,1,1,1,1,1,1,1,1,1,1,1,1,1,1,1,1,1,1,1,1,1,1,1,1,1,1,1,1,1,1,1,1,1,1,1,1,1,1,1,1,1,1,1,1,1,1,1,1,1,1,1,1,1,1,1,1,1,1,1,1,1,1,1,1,1,1,1,1,1,0
2026-08-13 13:00:00,142.797587583333,0,0,0,0,0,0,0.21045,6.10569333333333,18.1994783333333,24.9425283333333,20.2972866666667,15.847235,13.7632416666667,12.756395,12.344045,9.21273166666667,2.97635833333333,1.26082666666667,0.660868333333333,0.459288333333333,0.366335,0.343063333333333,0.309031666666667,0.238056666666667,0.176826666666667,0.13579,0.104798333333333,0.1019,0.0961583333333333,0.0964516666666667,0.0750933333333333,0.07124,0.0654483333333333,0.0600766666666667,0.05757,0.0534133333333333,0.04638,0.0443216666666667,0.0391016666666667,0.0376,0.0441216666666667,0.0401916666666667,0.033005,0.0248783333333333,0.0299883333333333,0.0235783333333333,0.0253433333333333,0.024105,0.0238,0.0205783333333333,0.0146716666666667,0.0117333333333333,0.0139433333333333,0.00866333333333333,0.01342,0.00881,0.00404666666666667,0.0049,0.00685333333333333,0.005025,0.00313,0.00711,0.00546833333333333,0.00542666666666667,0.00446166666666667,0.002975,0.001405,0.001805,0.00192,0.00158333333333333,0.00230666666666667,0.00156,0.00095,0.00102166666666667,0.00109666666666667,0.001175,0.00125333333333333,0.000371666666666667,0,1,0,0,0,0,0,0,1,1,1,1,1,1,1,1,1,1,1,1,1,1,1,1,1,1,1,1,1,1,1,1,1,1,1,1,1,1,1,1,1,1,1,1,1,1,1,1,1,1,1,1,1,1,1,1,1,1,1,1,1,1,1,1,1,1,1,1,1,1,1,1,1,1,1,1,1,1,1,1,0
2026-08-13 14:00:00,179.256260783333,0,0,0,0,0,0,0.26077,7.66567166666667,22.5305233333333,30.849835,25.4710733333333,20.309985,17.8121466666667,16.1686766666667,15.2994533333333,10.83293,3.74177166666667,1.926385,1.17686,0.853315,0.638931666666667,0.517568333333333,0.456491666666667,0.35598,0.24079,0.188931666666667,0.170305,0.151698333333333,0.121018333333333,0.121976666666667,0.100871666666667,0.0928,0.0855783333333333,0.0834083333333333,0.0810616666666667,0.066335,0.05806,0.05758,0.0425083333333333,0.0441366666666667,0.05245,0.0459683333333333,0.0470033333333333,0.0420466666666667,0.0347316666666667,0.0331833333333333,0.0322433333333333,0.026155,0.0209883333333333,0.0216816666666667,0.0211633333333333,0.0179333333333333,0.0192333333333333,0.0133916666666667,0.0141333333333333,0.013895,0.0134783333333333,0.00885666666666667,0.00565833333333333,0.005105,0.00649333333333333,0.00397333333333333,0.00671666666666667,0.007315,0.00387833333333333,0.00288833333333333,0.00606666666666667,0.00481333333333333,0.00181333333333333,0.002075,0.000413333333333333,0.00249166666666667,0.00126666666666667,0.00136166666666667,0.00146166666666667,0.00156666666666667,0.00167166666666667,0.000495,0,1,0,0,0,0,0,0,1,1,1,1,1,1,1,1,1,1,1,1,1,1,1,1,1,1,1,1,1,1,1,1,1,1,1,1,1,1,1,1,1,1,1,1,1,1,1,1,1,1,1,1,1,1,1,1,1,1,1,1,1,1,1,1,1,1,1,1,1,1,1,1,1,1,1,1,1,1,1,1,0
2026-08-13 15:00:00,217.121794133333,0,0,0,0,0,0,0.386246666666667,10.1269616666667,29.2279083333333,38.5564916666667,30.7589566666667,24.1910183333333,21.0932616666667,19.43651,18.8288483333333,13.7365366666667,4.28348,1.86682,0.947016666666667,0.663405,0.532073333333333,0.471495,0.421668333333333,0.317341666666667,0.243816666666667,0.189808333333333,0.151641666666667,0.143211666666667,0.12544,0.12358,0.105746666666667,0.08901,0.0790433333333333,0.073005,0.0669633333333333,0.075895,0.0752783333333333,0.0535833333333333,0.0566,0.048625,0.0489066666666667,0.0379766666666667,0.039025,0.0363183333333333,0.0301483333333333,0.0301483333333333,0.026735,0.02529,0.0255983333333333,0.02411,0.02229,0.0174516666666667,0.0212933333333333,0.017055,0.012515,0.0120433333333333,0.009205,0.00687833333333333,0.00763166666666667,0.00681166666666667,0.00725333333333333,0.00544166666666667,0.006615,0.00465666666666667,0.006455,0.002265,0.00254,0.00414,0.00149166666666667,0.002375,0.002535,0.00282833333333333,0.00151666666666667,0.00163166666666667,0.001755,0.00188,0.00200833333333333,0.000595,0,1,0,0,0,0,0,0,1,1,1,1,1,1,1,1,1,1,1,1,1,1,1,1,1,1,1,1,1,1,1,1,1,1,1,1,1,1,1,1,1,1,1,1,1,1,1,1,1,1,1,1,1,1,1,1,1,1,1,1,1,1,1,1,1,1,1,1,1,1,1,1,1,1,1,1,1,1,1,1,0
2026-08-13 16:00:00,231.287820483333,0,0,0,0,0,0,0.410706666666667,10.1288966666667,29.71471,39.5093083333333,32.4759583333333,25.64828,22.6841133333333,21.25379,20.6402566666667,15.9742933333333,4.29134666666667,1.832895,0.968636666666667,0.598433333333333,0.483476666666667,0.427495,0.414788333333333,0.311083333333333,0.238806666666667,0.181816666666667,0.158226666666667,0.143513333333333,0.124755,0.136251666666667,0.110541666666667,0.109791666666667,0.100861666666667,0.088825,0.0793866666666667,0.0866583333333333,0.0817416666666667,0.0715783333333333,0.0585666666666667,0.0626266666666667,0.0551533333333333,0.04082,0.0485916666666667,0.03893,0.040275,0.039695,0.0323033333333333,0.027755,0.0324166666666667,0.0261333333333333,0.0245683333333333,0.0236233333333333,0.0162816666666667,0.0133566666666667,0.0127733333333333,0.01322,0.0118983333333333,0.0102016666666667,0.00740833333333333,0.00800166666666667,0.004835,0.00817666666666667,0.00551833333333333,0.00554166666666667,0.005415,0.00402666666666667,0.00154333333333333,0.000948333333333333,0.00213166666666667,0.00139,0.00164,0.00289666666666667,0.00171,0.00183666666666667,0.00197166666666667,0.002115,0.00225833333333333,0.000666666666666667,0,1,0,0,0,0,0,0,1,1,1,1,1,1,1,1,1,1,1,1,1,1,1,1,1,1,1,1,1,1,1,1,1,1,1,1,1,1,1,1,1,1,1,1,1,1,1,1,1,1,1,1,1,1,1,1,1,1,1,1,1,1,1,1,1,1,1,1,1,1,1,1,1,1,1,1,1,1,1,1,0
2026-08-13 17:00:00,537.2264033,0,0,0,0,0,0,1.03407166666667,24.8127816666667,71.2173416666667,94.606535,76.9185283333333,59.7492616666667,51.0800733333333,44.729465,40.3730366666667,32.97084,11.6867433333333,4.37745166666667,2.00053166666667,1.21175833333333,0.954588333333333,0.802853333333333,0.72477,0.525098333333333,0.347465,0.224315,0.180773333333333,0.15277,0.12913,0.124661666666667,0.10766,0.08667,0.0838066666666667,0.0864333333333333,0.0712483333333333,0.0846716666666667,0.065725,0.0666583333333333,0.0640383333333333,0.0472483333333333,0.0616083333333333,0.05051,0.044545,0.0378016666666667,0.0366616666666667,0.0277266666666667,0.029635,0.0277066666666667,0.0264183333333333,0.0201883333333333,0.0179033333333333,0.0230533333333333,0.0184566666666667,0.0173716666666667,0.0125616666666667,0.0125516666666667,0.00951833333333333,0.00868333333333333,0.00848,0.00912833333333333,0.004835,0.00783666666666667,0.003425,0.006735,0.00130666666666667,0.00232833333333333,0.00253333333333333,0.00480666666666667,0.00216833333333333,0.00197833333333333,0.00188166666666667,0.00112,0.00133,0.00143166666666667,0.00153666666666667,0.001645,0.00175333333333333,0.000521666666666667,0,1,0,0,0,0,0,0,1,1,1,1,1,1,1,1,1,1,1,1,1,1,1,1,1,1,1,1,1,1,1,1,1,1,1,1,1,1,1,1,1,1,1,1,1,1,1,1,1,1,1,1,1,1,1,1,1,1,1,1,1,1,1,1,1,1,1,1,1,1,1,1,1,1,1,1,1,1,1,1,0
2026-08-13 18:00:00,894.875244666667,0,0,0,0,0,0,1.58106833333333,40.9757516666667,118.35033,158.35538,130.952078333333,104.154093333333,89.7918216666667,79.11592,71.47476,59.49961,26.0709033333333,9.61831333333333,4.58668333333333,2.79104,2.086215,1.828845,1.73941333333333,1.3389,0.87601,0.551456666666667,0.402966666666667,0.31615,0.230435,0.23148,0.19069,0.157835,0.136611666666667,0.127875,0.100711666666667,0.0874283333333333,0.08489,0.0814016666666667,0.0716816666666667,0.0553983333333333,0.06348,0.0480583333333333,0.0475466666666667,0.0372233333333333,0.0399633333333333,0.0365866666666667,0.03123,0.0268983333333333,0.0271916666666667,0.0235216666666667,0.0252533333333333,0.0209766666666667,0.0193516666666667,0.0158933333333333,0.0157883333333333,0.0108433333333333,0.012555,0.0114666666666667,0.01162,0.00664333333333333,0.00488166666666667,0.00493,0.005625,0.00604,0.006225,0.00452333333333333,0.002095,0.003725,0.00087,0.00117666666666667,0.00229333333333333,0.001095,0.00126333333333333,0.00136166666666667,0.00146166666666667,0.00156666666666667,0.00167166666666667,0.000495,0,1,0,0,0,0,0,0,1,1,1,1,1,1,1,1,1,1,1,1,1,1,1,1,1,1,1,1,1,1,1,1,1,1,1,1,1,1,1,1,1,1,1,1,1,1,1,1,1,1,1,1,1,1,1,1,1,1,1,1,1,1,1,1,1,1,1,1,1,1,1,1,1,1,1,1,1,1,1,1,0
2026-08-13 19:00:00,598.635629183333,0,0,0,0,0,0,0.80272,22.970215,68.5676416666667,94.2263066666667,80.658005,66.59481,60.53202,58.1658383333333,57.90228,51.4749583333333,15.295965,6.22054833333333,3.31749166666667,2.273405,1.87150833333333,1.641385,1.47220833333333,1.12813166666667,0.801103333333333,0.60645,0.482881666666667,0.401218333333333,0.338653333333333,0.285523333333333,0.240421666666667,0.228108333333333,0.209256666666667,0.181816666666667,0.153793333333333,0.129085,0.112981666666667,0.100716666666667,0.0873266666666667,0.0763866666666667,0.0626866666666667,0.055475,0.0613033333333333,0.037905,0.0406366666666667,0.0352966666666667,0.02738,0.0276116666666667,0.026285,0.0261933333333333,0.028745,0.01677,0.0187666666666667,0.0201983333333333,0.01541,0.012885,0.012185,0.00980833333333333,0.00703,0.0103116666666667,0.00507333333333333,0.00452166666666667,0.00650166666666667,0.00585,0.00296,0.00310166666666667,0.00280833333333333,0.00302,0.00381666666666667,0.00281,0.00121333333333333,0.00161166666666667,0.000823333333333333,0.000888333333333333,0.000953333333333333,0.00101833333333333,0.00108333333333333,0.000325,0,1,0,0,0,0,0,0,1,1,1,1,1,1,1,1,1,1,1,1,1,1,1,1,1,1,1,1,1,1,1,1,1,1,1,1,1,1,1,1,1,1,1,1,1,1,1,1,1,1,1,1,1,1,1,1,1,1,1,1,1,1,1,1,1,1,1,1,1,1,1,1,1,1,1,1,1,1,1,1,0
2026-08-13 20:00:00,406.55480905,0,0,0,0,0,0,0.448091666666667,15.198685,47.5703916666667,66.70347,56.2068383333333,45.8094983333333,41.1344916666667,39.25014,38.88799,32.5135616666667,9.40016666666667,4.04117,2.13061166666667,1.491135,1.28302333333333,1.09851666666667,1.008965,0.756456666666667,0.574338333333333,0.39356,0.334393333333333,0.319135,0.23416,0.247425,0.199685,0.202193333333333,0.171253333333333,0.14776,0.122153333333333,0.119058333333333,0.09386,0.0945116666666667,0.0618283333333333,0.0629366666666667,0.0593066666666667,0.05044,0.0489366666666667,0.0324616666666667,0.02885,0.0324883333333333,0.0288233333333333,0.0276583333333333,0.02313,0.0222283333333333,0.02537,0.0193216666666667,0.018545,0.013455,0.0106483333333333,0.00933166666666667,0.0105033333333333,0.00839833333333333,0.00464666666666667,0.00605666666666667,0.00507166666666667,0.00282,0.00310166666666667,0.00177,0.00434166666666667,0.00311333333333333,0.00281333333333333,0.00191666666666667,0.00190833333333333,0.00202666666666667,0.00122666666666667,0.00099,0.00095,0.001025,0.0011,0.001175,0.00125,0.000375,0,1,0,0,0,0,0,0,1,1,1,1,1,1,1,1,1,1,1,1,1,1,1,1,1,1,1,1,1,1,1,1,1,1,1,1,1,1,1,1,1,1,1,1,1,1,1,1,1,1,1,1,1,1,1,1,1,1,1,1,1,1,1,1,1,1,1,1,1,1,1,1,1,1,1,1,1,1,1,1,0
2026-08-13 21:00:00,193.65282135,0,0,0,0,0,0,0.22922,9.05981833333333,27.1742283333333,35.2914416666667,27.67551,21.5621233333333,18.8825966666667,17.2589116666667,15.688655,9.98513666666667,2.94812333333333,1.44957833333333,0.836015,0.589591666666667,0.520825,0.541253333333333,0.467865,0.375381666666667,0.290108333333333,0.214445,0.197906666666667,0.19903,0.161201666666667,0.154415,0.112426666666667,0.148433333333333,0.12765,0.102268333333333,0.112098333333333,0.0860033333333333,0.0902616666666667,0.07839,0.0681783333333333,0.0546616666666667,0.0443216666666667,0.0420966666666667,0.0385233333333333,0.0411116666666667,0.0317533333333333,0.0306433333333333,0.0310033333333333,0.0211266666666667,0.0189233333333333,0.021555,0.0131183333333333,0.0209366666666667,0.0145066666666667,0.014095,0.0109883333333333,0.00615,0.008545,0.00570333333333333,0.005985,0.005785,0.00592666666666667,0.00261666666666667,0.00284166666666667,0.00223166666666667,0.00245833333333333,0.00345333333333333,0.002515,0.00167333333333333,0.00147333333333333,0.00161166666666667,0.000813333333333333,0.000513333333333333,0.00076,0.00082,0.00088,0.00094,0.001,0.0003,0,1,0,0,0,0,0,0,1,1,1,1,1,1,1,1,1,1,1,1,1,1,1,1,1,1,1,1,1,1,1,1,1,1,1,1,1,1,1,1,1,1,1,1,1,1,1,1,1,1,1,1,1,1,1,1,1,1,1,1,1,1,1,1,1,1,1,1,1,1,1,1,1,1,1,1,1,1,1,1,0
2026-08-13 22:00:00,117.97352645,0,0,0,0,0,0,0.164606666666667,5.82513166666667,16.93922,21.5825066666667,16.860565,13.0084333333333,11.2695066666667,10.6675116666667,9.45544666666667,5.60492333333333,1.68256166666667,0.915516666666667,0.563326666666667,0.429276666666667,0.385185,0.411611666666667,0.365308333333333,0.273631666666667,0.208575,0.162736666666667,0.164631666666667,0.160578333333333,0.140825,0.145605,0.114233333333333,0.115151666666667,0.101033333333333,0.102413333333333,0.107053333333333,0.07862,0.07954,0.0705933333333333,0.0773366666666667,0.0634133333333333,0.04739,0.0405533333333333,0.0442716666666667,0.0411383333333333,0.0307583333333333,0.02914,0.034815,0.0300783333333333,0.0275916666666667,0.02541,0.0217516666666667,0.0150116666666667,0.0150733333333333,0.009305,0.00744,0.0104783333333333,0.00559333333333333,0.00744833333333333,0.00260166666666667,0.00434666666666667,0.000616666666666667,0.00258333333333333,0.00190333333333333,0.00077,0.00161666666666667,0.00212,0.00126666666666667,0.001785,0.000851666666666667,0.001245,0.000826666666666667,0.000563333333333333,0.000443333333333333,0.000478333333333333,0.000513333333333333,0.000548333333333333,0.000583333333333333,0.000175,0,1,0,0,0,0,0,0,1,1,1,1,1,1,1,1,1,1,1,1,1,1,1,1,1,1,1,1,1,1,1,1,1,1,1,1,1,1,1,1,1,1,1,1,1,1,1,1,1,1,1,1,1,1,1,1,1,1,1,1,1,1,1,1,1,1,1,1,1,1,1,1,1,1,1,1,1,1,1,1,0
2026-08-13 23:00:00,79.5443616,0,0,0,0,0,0,0.0816,3.52521666666667,10.6301316666667,13.5372233333333,11.0558883333333,8.89851,8.12788833333333,8.01033,6.27968833333333,3.26942666666667,1.15809666666667,0.637408333333333,0.393015,0.323638333333333,0.289841666666667,0.31179,0.27209,0.205838333333333,0.16055,0.142143333333333,0.133195,0.123398333333333,0.111025,0.123483333333333,0.104921666666667,0.100438333333333,0.09533,0.0837816666666667,0.07556,0.0746866666666667,0.0659366666666667,0.0583783333333333,0.057425,0.05197,0.04204,0.0384683333333333,0.039955,0.02583,0.027755,0.02525,0.0237533333333333,0.0187566666666667,0.0235316666666667,0.0115016666666667,0.0131316666666667,0.0125333333333333,0.00800333333333333,0.009375,0.00889,0.00464333333333333,0.00404166666666667,0.00306666666666667,0.00312666666666667,0.00339666666666667,0.00360333333333333,0.00226,0.00137666666666667,0.00119333333333333,0.00119333333333333,0.00212,0.00168666666666667,0.000131666666666667,0.000833333333333333,0.000415,0.00114666666666667,0.00094,0.0000633333333333333,0.0000683333333333333,0.0000733333333333333,0.0000783333333333333,0.0000833333333333333,0.000025,0,1,0,0,0,0,0,0,1,1,1,1,1,1,1,1,1,1,1,1,1,1,1,1,1,1,1,1,1,1,1,1,1,1,1,1,1,1,1,1,1,1,1,1,1,1,1,1,1,1,1,1,1,1,1,1,1,1,1,1,1,1,1,1,1,1,1,1,1,1,1,1,1,1,1,1,1,1,1,1,0
2026-08-14,79.46593155,0,0,0,0,0,0,0.0825583333333333,3.47657,10.4613366666667,13.4947916666667,11.0967083333333,8.98446166666667,8.37786833333333,8.40378,6.41994333333333,3.04053,1.139955,0.640411666666667,0.429923333333333,0.372906666666667,0.3103,0.318631666666667,0.28845,0.246281666666667,0.182528333333333,0.138853333333333,0.14617,0.142615,0.119916666666667,0.133375,0.099155,0.109778333333333,0.0933666666666667,0.0826866666666667,0.0811166666666667,0.0779666666666667,0.06254,0.0634216666666667,0.0614533333333333,0.0518916666666667,0.04006,0.0361483333333333,0.0404366666666667,0.02309,0.02987,0.0276966666666667,0.0256316666666667,0.024335,0.0192766666666667,0.01355,0.0125683333333333,0.0104566666666667,0.009075,0.00640833333333333,0.00522833333333333,0.00505166666666667,0.00401333333333333,0.003985,0.00254666666666667,0.00264,0.00232333333333333,0.00248166666666667,0.00111666666666667,0.00127,0.00130333333333333,0.000705,0.000846666666666667,0.00136666666666667,0.001075,0.000193333333333333,0.00016,0.00120666666666667,0.00038,0.000408333333333333,0.000438333333333333,0.00047,0.000501666666666667,0.000148333333333333,0,1,0,0,0,0,0,0,1,1,1,1,1,1,1,1,1,1,1,1,1,1,1,1,1,1,1,1,1,1,1,1,1,1,1,1,1,1,1,1,1,1,1,1,1,1,1,1,1,1,1,1,1,1,1,1,1,1,1,1,1,1,1,1,1,1,1,1,1,1,1,1,1,1,1,1,1,1,1,1,0
2026-08-14 01:00:00,71.0012807,0,0,0,0,0,0,0.0688066666666667,3.09923166666667,9.40529666666667,12.2391316666667,10.0890133333333,8.30043,7.51990166666667,7.44556666666667,5.80250166666667,2.647215,1.018525,0.577106666666667,0.394141666666667,0.28457,0.25134,0.258388333333333,0.237203333333333,0.17922,0.148388333333333,0.135793333333333,0.111985,0.09931,0.0971416666666667,0.101298333333333,0.0916616666666667,0.0831733333333333,0.07857,0.0560233333333333,0.0622316666666667,0.05079,0.0470466666666667,0.0375866666666667,0.0426533333333333,0.040115,0.0317433333333333,0.026885,0.0207133333333333,0.0211033333333333,0.0170433333333333,0.017425,0.0189283333333333,0.0172483333333333,0.014485,0.0128666666666667,0.00766166666666667,0.00958833333333333,0.00665,0.00654166666666667,0.005265,0.00335333333333333,0.00395833333333333,0.00352833333333333,0.002735,0.00128166666666667,0.000853333333333333,0.0017,0,0.00161666666666667,0.00126833333333333,0.00148333333333333,0.000696666666666667,0.000816666666666667,0.000851666666666667,0.000415,0.000413333333333333,0.0000216666666666667,0.0000633333333333333,0.0000683333333333333,0.0000733333333333333,0.0000783333333333333,0.0000833333333333333,0.000025,0,1,0,0,0,0,0,0,1,1,1,1,1,1,1,1,1,1,1,1,1,1,1,1,1,1,1,1,1,1,1,1,1,1,1,1,1,1,1,1,1,1,1,1,1,1,1,1,1,1,1,1,1,1,1,1,1,1,1,1,1,1,1,1,1,1,1,1,1,1,1,1,1,1,1,1,1,1,1,1,0
2026-08-14 02:00:00,124.503826033333,0,0,0,0,0,0,0.117395,5.15788333333333,15.4233183333333,19.6709633333333,16.2338716666667,13.5153616666667,12.6053983333333,12.7468516666667,10.9976966666667,5.7505,2.59138666666667,1.46111833333333,0.986176666666667,0.72476,0.661033333333333,0.648371666666667,0.625275,0.495546666666667,0.352173333333333,0.293166666666667,0.265116666666667,0.255563333333333,0.209805,0.20849,0.175143333333333,0.159106666666667,0.136315,0.12329,0.104293333333333,0.090095,0.0798783333333333,0.0731516666666667,0.05628,0.0437683333333333,0.05044,0.0360116666666667,0.0320266666666667,0.0239966666666667,0.0287866666666667,0.0169283333333333,0.0209016666666667,0.01649,0.0131566666666667,0.0138216666666667,0.0139966666666667,0.013445,0.00887,0.00946666666666667,0.00664333333333333,0.00372666666666667,0.00177666666666667,0.00323666666666667,0.00303,0.000931666666666667,0.00256,0.000646666666666667,0.00147833333333333,0.000846666666666667,0.00119166666666667,0.000918333333333333,0.000708333333333333,0.00055,0.00125,0.000415,0.000986666666666667,0.000686666666666667,0.0000633333333333333,0.0000683333333333333,0.0000733333333333333,0.0000783333333333333,0.0000833333333333333,0.000025,0,1,0,0,0,0,0,0,1,1,1,1,1,1,1,1,1,1,1,1,1,1,1,1,1,1,1,1,1,1,1,1,1,1,1,1,1,1,1,1,1,1,1,1,1,1,1,1,1,1,1,1,1,1,1,1,1,1,1,1,1,1,1,1,1,1,1,1,1,1,1,1,1,1,1,1,1,1,1,1,0
2026-08-14 03:00:00,117.044175066667,0,0,0,0,0,0,0.113895,4.84531666666667,14.78624,18.7185166666667,15.2761166666667,12.585245,11.7628,11.80365,10.8379833333333,6.08322333333333,2.78483333333333,1.49629666666667,0.969311666666667,0.734421666666667,0.698321666666667,0.664275,0.648846666666667,0.503261666666667,0.382301666666667,0.309463333333333,0.238768333333333,0.240061666666667,0.18726,0.200133333333333,0.155458333333333,0.155666666666667,0.124491666666667,0.10187,0.08081,0.0803466666666667,0.0711216666666667,0.0595683333333333,0.04112,0.041235,0.03317,0.026085,0.02655,0.0138783333333333,0.016225,0.0171283333333333,0.0116416666666667,0.0131016666666667,0.009415,0.0102466666666667,0.010875,0.00790333333333333,0.0044,0.003915,0.00549666666666667,0.003305,0.00301,0.00157666666666667,0.00237166666666667,0.000678333333333333,0.00128,0.0034,0.000425,0.000385,0.000385,0.000496666666666667,0.00112833333333333,0.00053,0.000435,0.000173333333333333,0.0004,0.000296666666666667,0.000126666666666667,0.000136666666666667,0.000146666666666667,0.000156666666666667,0.000166666666666667,0.00005,0,1,0,0,0,0,0,0,1,1,1,1,1,1,1,1,1,1,1,1,1,1,1,1,1,1,1,1,1,1,1,1,1,1,1,1,1,1,1,1,1,1,1,1,1,1,1,1,1,1,1,1,1,1,1,1,1,1,1,1,1,1,1,1,1,1,1,1,1,1,1,1,1,1,1,1,1,1,1,1,0
2026-08-14 04:00:00,69.4037777166667,0,0,0,0,0,0,0.0759316666666667,3.13310333333333,9.66036,12.3221233333333,9.86535666666667,7.912265,7.21069833333333,6.89109833333333,6.11223333333333,2.59129,0.913933333333333,0.463958333333333,0.28567,0.212378333333333,0.204835,0.192186666666667,0.171996666666667,0.13472,0.097245,0.0853933333333333,0.0782666666666667,0.0795383333333333,0.0651066666666667,0.0599516666666667,0.06376,0.06893,0.048105,0.049065,0.0408216666666667,0.04567,0.0370433333333333,0.0275583333333333,0.0285916666666667,0.0262533333333333,0.0234316666666667,0.029,0.0195316666666667,0.0161516666666667,0.015175,0.01299,0.012065,0.0139583333333333,0.0122133333333333,0.00837166666666667,0.00934666666666667,0.00421666666666667,0.00566,0.00457166666666667,0.00546666666666667,0.00426333333333333,0.00249666666666667,0.00289333333333333,0.00225166666666667,0.00170833333333333,0.00147,0.000661666666666667,0.000773333333333333,0.000885,0.00292,0.000641666666666667,0.000276666666666667,0,0.000416666666666667,0,0,0,0,0,0,0,0,0,0,1,0,0,0,0,0,0,1,1,1,1,1,1,1,1,1,1,1,1,1,1,1,1,1,1,1,1,1,1,1,1,1,1,1,1,1,1,1,1,1,1,1,1,1,1,1,1,1,1,1,1,1,1,1,1,1,1,1,1,1,1,1,1,1,1,1,1,1,1,1,1,1,1,1,1,1,1,1,1,0
2026-08-14 05:00:00,120.3232589,0,0,0,0,0,0,0.127876666666667,5.24709,15.73799,19.7800916666667,16.2522316666667,13.34165,12.2059833333333,12.206285,11.18487,5.41854166666667,2.40112166666667,1.26033833333333,0.821351666666667,0.633488333333333,0.522758333333333,0.457406666666667,0.41278,0.325875,0.258156666666667,0.199376666666667,0.169203333333333,0.15308,0.13774,0.142495,0.123251666666667,0.111001666666667,0.0917533333333333,0.0842066666666667,0.0571866666666667,0.066945,0.0606866666666667,0.06031,0.045605,0.0386016666666667,0.034705,0.030595,0.0287466666666667,0.026275,0.0246116666666667,0.0194216666666667,0.01263,0.01449,0.011665,0.0101783333333333,0.01356,0.00708666666666667,0.00769,0.00390666666666667,0.00476166666666667,0.00712333333333333,0.00361166666666667,0.00478333333333333,0.00320666666666667,0.00289,0.00189666666666667,0.00323,0.00373,0.00169333333333333,0.00169,0.000496666666666667,0.00042,0.000816666666666667,0.0000183333333333333,0.000173333333333333,0.000653333333333333,0.0000216666666666667,0.0000633333333333333,0.0000683333333333333,0.0000733333333333333,0.0000783333333333333,0.0000833333333333333,0.000025,0,1,0,0,0,0,0,0,1,1,1,1,1,1,1,1,1,1,1,1,1,1,1,1,1,1,1,1,1,1,1,1,1,1,1,1,1,1,1,1,1,1,1,1,1,1,1,1,1,1,1,1,1,1,1,1,1,1,1,1,1,1,1,1,1,1,1,1,1,1,1,1,1,1,1,1,1,1,1,1,0
2026-08-14 06:00:00,125.551749,0,0,0,0,0,0,0.108263333333333,5.13588166666667,15.7533433333333,19.94155,16.38031,13.5349233333333,12.9359366666667,13.00921,11.6427983333333,6.00088833333333,2.927955,1.60642,1.09708,0.821638333333333,0.676865,0.631595,0.525713333333333,0.393088333333333,0.320358333333333,0.245606666666667,0.201171666666667,0.18151,0.165986666666667,0.151658333333333,0.119228333333333,0.1097,0.0976783333333333,0.08397,0.073075,0.0624716666666667,0.0589166666666667,0.0501033333333333,0.0337816666666667,0.0300583333333333,0.029745,0.02311,0.0187166666666667,0.0134716666666667,0.0137416666666667,0.013515,0.01156,0.01212,0.00914333333333333,0.00746833333333333,0.0097,0.00674666666666667,0.00309166666666667,0.00500333333333333,0.00357666666666667,0.001455,0.00478833333333333,0.00229333333333333,0.00277833333333333,0.00289,0.000616666666666667,0.00183666666666667,0.000526666666666667,0.000846666666666667,0.00196166666666667,0.00015,0.00042,0.000398333333333333,0.001075,0.000608333333333333,0.000413333333333333,0.0000433333333333333,0.000126666666666667,0.000136666666666667,0.000146666666666667,0.000156666666666667,0.000166666666666667,0.00005,0,1,0,0,0,0,0,0,1,1,1,1,1,1,1,1,1,1,1,1,1,1,1,1,1,1,1,1,1,1,1,1,1,1,1,1,1,1,1,1,1,1,1,1,1,1,1,1,1,1,1,1,1,1,1,1,1,1,1,1,1,1,1,1,1,1,1,1,1,1,1,1,1,1,1,1,1,1,1,1,0
2026-08-14 07:00:00,109.374663766667,0,0,0,0,0,0,0.102356666666667,4.42554,13.5017883333333,17.0512116666667,14.404295,12.2133616666667,11.5350783333333,11.79151,9.58927166666667,5.11063333333333,2.4274,1.298775,0.876245,0.629773333333333,0.560523333333333,0.511293333333333,0.481291666666667,0.35598,0.272446666666667,0.232578333333333,0.209013333333333,0.185791666666667,0.159775,0.159263333333333,0.122266666666667,0.121801666666667,0.09282,0.0820533333333333,0.07501,0.0602466666666667,0.0490566666666667,0.0466116666666667,0.0366133333333333,0.0229466666666667,0.0204783333333333,0.020525,0.018695,0.0139133333333333,0.0132733333333333,0.013795,0.0104166666666667,0.00721333333333333,0.00802,0.007765,0.00666333333333333,0.005035,0.00417666666666667,0.00450833333333333,0.00295,0.00365333333333333,0.00166333333333333,0.000803333333333333,0.00169166666666667,0.00221333333333333,0.00170666666666667,0.00117333333333333,0.000101666666666667,0.000808333333333333,0.0000383333333333333,0.000843333333333333,0.00084,0.000836666666666667,0.00105666666666667,0.00102333333333333,0,0.000953333333333333,0.00038,0.00041,0.00044,0.00047,0.0005,0.00015,0,1,0,0,0,0,0,0,1,1,1,1,1,1,1,1,1,1,1,1,1,1,1,1,1,1,1,1,1,1,1,1,1,1,1,1,1,1,1,1,1,1,1,1,1,1,1,1,1,1,1,1,1,1,1,1,1,1,1,1,1,1,1,1,1,1,1,1,1,1,1,1,1,1,1,1,1,1,1,1,0
2026-08-14 08:00:00,90.9396505333333,0,0,0,0,0,0,0.0871983333333333,3.65274166666667,10.8504883333333,14.1038133333333,12.1973633333333,10.899865,10.78063,11.7717183333333,7.75222,3.24870833333333,1.444625,0.744718333333333,0.485785,0.35125,0.340603333333333,0.316398333333333,0.279441666666667,0.215751666666667,0.166411666666667,0.13482,0.135165,0.120888333333333,0.108608333333333,0.112553333333333,0.091665,0.100005,0.069735,0.0682983333333333,0.0639733333333333,0.0545383333333333,0.04808,0.0385533333333333,0.0361866666666667,0.0206,0.01893,0.01428,0.01547,0.01366,0.0123383333333333,0.0126266666666667,0.00919166666666667,0.00833666666666667,0.009045,0.005625,0.00720666666666667,0.00875,0.00707,0.00557,0.004085,0.003865,0.00642166666666667,0.001635,0.00214166666666667,0.002135,0.00189666666666667,0.00130833333333333,0.00267666666666667,0.00296333333333333,0.00303833333333333,0.000283333333333333,0.000558333333333333,0.000816666666666667,0.000435,0.002905,0.0014,0.00116166666666667,0.000251666666666667,0.000271666666666667,0.000291666666666667,0.000313333333333333,0.000335,0.0000983333333333333,0,1,0,0,0,0,0,0,1,1,1,1,1,1,1,1,1,1,1,1,1,1,1,1,1,1,1,1,1,1,1,1,1,1,1,1,1,1,1,1,1,1,1,1,1,1,1,1,1,1,1,1,1,1,1,1,1,1,1,1,1,1,1,1,1,1,1,1,1,1,1,1,1,1,1,1,1,1,1,1,0
2026-08-14 09:00:00,89.5549505333333,0,0,0,0,0,0,0.0924066666666667,3.51762333333333,10.6322816666667,13.60189,11.77471,10.772685,11.3185433333333,12.4415033333333,7.54782666666667,2.919455,1.25468,0.637523333333333,0.390341666666667,0.278776666666667,0.284503333333333,0.302695,0.238641666666667,0.186186666666667,0.136563333333333,0.10693,0.120001666666667,0.0965616666666667,0.0818933333333333,0.0932866666666667,0.0704433333333333,0.0926733333333333,0.063755,0.0607166666666667,0.059045,0.06133,0.045995,0.0403583333333333,0.03142,0.0258316666666667,0.018935,0.015725,0.0223683333333333,0.017495,0.0129183333333333,0.0136066666666667,0.0115766666666667,0.00803,0.00968,0.006765,0.00877166666666667,0.00747166666666667,0.00610166666666667,0.00616166666666667,0.00443833333333333,0.00211666666666667,0.00464333333333333,0.004555,0.00205333333333333,0.00153333333333333,0.00123333333333333,0.00304166666666667,0.00288,0.00338666666666667,0.000498333333333333,0.000705,0.00168666666666667,0.00055,0.000833333333333333,0.00141833333333333,0.00024,0.00268666666666667,0.000633333333333333,0.000681666666666667,0.000731666666666667,0.000783333333333333,0.000835,0.000248333333333333,0,1,0,0,0,0,0,0,1,1,1,1,1,1,1,1,1,1,1,1,1,1,1,1,1,1,1,1,1,1,1,1,1,1,1,1,1,1,1,1,1,1,1,1,1,1,1,1,1,1,1,1,1,1,1,1,1,1,1,1,1,1,1,1,1,1,1,1,1,1,1,1,1,1,1,1,1,1,1,1,0
2026-08-14 10:00:00,83.6226055166667,0,0,0,0,0,0,0.0733216666666667,2.95400333333333,8.99847,12.2193116666667,10.69304,10.2367766666667,10.9826033333333,12.83002,7.23741833333333,2.70142833333333,1.143425,0.52755,0.334926666666667,0.276256666666667,0.233208333333333,0.226228333333333,0.185485,0.15146,0.106303333333333,0.0913933333333333,0.101396666666667,0.0827116666666667,0.06727,0.0899183333333333,0.0604316666666667,0.0703916666666667,0.064235,0.0512016666666667,0.0504483333333333,0.0419283333333333,0.0408016666666667,0.03475,0.0244633333333333,0.02074,0.0177483333333333,0.0153516666666667,0.00915666666666667,0.014565,0.00986666666666667,0.0105933333333333,0.00641333333333333,0.010905,0.0106966666666667,0.00867333333333333,0.00675166666666667,0.00802166666666667,0.00567,0.00662166666666667,0.00486,0.00414,0.00625,0.005555,0.00406166666666667,0.00332166666666667,0.00123166666666667,0.00197,0.00352666666666667,0.00173166666666667,0.003885,0.00150166666666667,0.000978333333333333,0.00205166666666667,0.000676666666666667,0.00137,0.00172,0.000975,0.000443333333333333,0.000475,0.00051,0.000548333333333333,0.000586666666666667,0.000171666666666667,0,1,0,0,0,0,0,0,1,1,1,1,1,1,1,1,1,1,1,1,1,1,1,1,1,1,1,1,1,1,1,1,1,1,1,1,1,1,1,1,1,1,1,1,1,1,1,1,1,1,1,1,1,1,1,1,1,1,1,1,1,1,1,1,1,1,1,1,1,1,1,1,1,1,1,1,1,1,1,1,0
2026-08-14 11:00:00,91.6776657166667,0,0,0,0,0,0,0.0912216666666667,3.24674,9.76797166666667,13.0923116666667,11.5960416666667,10.913435,11.7316133333333,14.2989766666667,9.36346333333333,3.44451,1.38167,0.619873333333333,0.402696666666667,0.317336666666667,0.269426666666667,0.284561666666667,0.223028333333333,0.18019,0.114118333333333,0.110181666666667,0.111193333333333,0.102256666666667,0.0837016666666667,0.0871366666666667,0.085745,0.0847066666666667,0.07189,0.0574383333333333,0.05547,0.04499,0.0437833333333333,0.035455,0.030095,0.0190966666666667,0.0192716666666667,0.0137383333333333,0.0168333333333333,0.0124516666666667,0.0173416666666667,0.0154966666666667,0.0111166666666667,0.0103483333333333,0.006235,0.00995666666666667,0.00683333333333333,0.00708333333333333,0.00622,0.006885,0.008805,0.00636666666666667,0.006535,0.00450166666666667,0.00564166666666667,0.00639,0.00512,0.00522,0.002315,0.00261666666666667,0.00165333333333333,0.000496666666666667,0.00168,0.004905,0.00139166666666667,0.00156333333333333,0.00048,0.00106166666666667,0.000696666666666667,0.00075,0.000805,0.000861666666666667,0.000918333333333333,0.000273333333333333,0,1,0,0,0,0,0,0,1,1,1,1,1,1,1,1,1,1,1,1,1,1,1,1,1,1,1,1,1,1,1,1,1,1,1,1,1,1,1,1,1,1,1,1,1,1,1,1,1,1,1,1,1,1,1,1,1,1,1,1,1,1,1,1,1,1,1,1,1,1,1,1,1,1,1,1,1,1,1,1,0
2026-08-14 12:00:00,89.72389445,0,0,0,0,0,0,0.105511666666667,3.57928833333333,10.30966,13.763,11.3984116666667,10.3182566666667,10.7266116666667,12.2565616666667,9.56053,3.50324333333333,1.28810666666667,0.650323333333333,0.341785,0.268575,0.227113333333333,0.22017,0.170673333333333,0.139748333333333,0.102401666666667,0.0819083333333333,0.0790716666666667,0.0840333333333333,0.0681116666666667,0.08486,0.0541516666666667,0.0697166666666667,0.04959,0.0512933333333333,0.0472033333333333,0.0362933333333333,0.0352333333333333,0.0285366666666667,0.026875,0.022735,0.0214533333333333,0.0140283333333333,0.0107916666666667,0.0124216666666667,0.0119133333333333,0.006735,0.008535,0.01198,0.00903833333333333,0.00775833333333333,0.005725,0.00966333333333333,0.010015,0.00602166666666667,0.00632166666666667,0.006,0.00628,0.00366666666666667,0.003205,0.00331666666666667,0.00298666666666667,0.00277166666666667,0.00310166666666667,0.00542666666666667,0.00268833333333333,0.00210833333333333,0.00154833333333333,0.000948333333333333,0.000658333333333333,0.000608333333333333,0.00156,0.00187166666666667,0.00038,0.00041,0.00044,0.00047,0.0005,0.00015,0,1,0,0,0,0,0,0,1,1,1,1,1,1,1,1,1,1,1,1,1,1,1,1,1,1,1,1,1,1,1,1,1,1,1,1,1,1,1,1,1,1,1,1,1,1,1,1,1,1,1,1,1,1,1,1,1,1,1,1,1,1,1,1,1,1,1,1,1,1,1,1,1,1,1,1,1,1,1,1,0
2026-08-14 13:00:00,92.6759778166667,0,0,0,0,0,0,0.135535,4.06142166666667,11.6721066666667,14.893315,11.8313533333333,10.137425,10.4439733333333,11.9286416666667,9.95767833333333,3.5189,1.236045,0.591041666666667,0.322158333333333,0.232468333333333,0.199128333333333,0.227765,0.198623333333333,0.133838333333333,0.09899,0.084755,0.08409,0.0754916666666667,0.0634083333333333,0.07282,0.0573366666666667,0.0698016666666667,0.0467183333333333,0.051325,0.0416283333333333,0.034965,0.0327266666666667,0.0325166666666667,0.0229766666666667,0.0173133333333333,0.0135933333333333,0.0147,0.0172816666666667,0.00962,0.011805,0.0116983333333333,0.00788666666666667,0.00815833333333333,0.0104733333333333,0.00607,0.00861333333333333,0.00788333333333333,0.00706,0.00645333333333333,0.00400666666666667,0.00736166666666667,0.00929,0.00386833333333333,0.00412666666666667,0.00229166666666667,0.005735,0.00300833333333333,0.00182666666666667,0.00331,0.00127,0.00127666666666667,0.00168666666666667,0.000968333333333333,0.00150333333333333,0.00141,0.00016,0.000405,0.000443333333333333,0.000478333333333333,0.000513333333333333,0.000548333333333333,0.000583333333333333,0.000175,0,1,0,0,0,0,0,0,1,1,1,1,1,1,1,1,1,1,1,1,1,1,1,1,1,1,1,1,1,1,1,1,1,1,1,1,1,1,1,1,1,1,1,1,1,1,1,1,1,1,1,1,1,1,1,1,1,1,1,1,1,1,1,1,1,1,1,1,1,1,1,1,1,1,1,1,1,1,1,1,0
2026-08-14 14:00:00,109.16944555,0,0,0,0,0,0,0.195871666666667,5.30840666666667,14.7311133333333,18.01439,13.802135,11.404685,11.72372,12.9333783333333,11.4022633333333,4.16169666666667,1.52208166666667,0.707873333333333,0.378128333333333,0.289291666666667,0.240951666666667,0.222908333333333,0.232551666666667,0.149276666666667,0.120596666666667,0.0996166666666667,0.0883233333333333,0.0938316666666667,0.0794816666666667,0.0771683333333333,0.0595283333333333,0.0734633333333333,0.06002,0.0610783333333333,0.0509083333333333,0.0483783333333333,0.0363216666666667,0.0303466666666667,0.0235433333333333,0.02095,0.0167533333333333,0.0133516666666667,0.0163333333333333,0.00890166666666667,0.00796833333333333,0.0111683333333333,0.0112083333333333,0.00904,0.00967666666666667,0.00911833333333333,0.00991,0.00881833333333333,0.00617166666666667,0.007405,0.006665,0.00325,0.00395666666666667,0.00315,0.004315,0.00264,0.00379333333333333,0.00176666666666667,0.00164333333333333,0.00207833333333333,0.00176666666666667,0.00169166666666667,0.00238166666666667,0.000968333333333333,0.000223333333333333,0.000781666666666667,0.00024,0.00026,0.00076,0.000818333333333333,0.000878333333333333,0.00094,0.00100166666666667,0.000298333333333333,0,1,0,0,0,0,0,0,1,1,1,1,1,1,1,1,1,1,1,1,1,1,1,1,1,1,1,1,1,1,1,1,1,1,1,1,1,1,1,1,1,1,1,1,1,1,1,1,1,1,1,1,1,1,1,1,1,1,1,1,1,1,1,1,1,1,1,1,1,1,1,1,1,1,1,1,1,1,1,1,0
2026-08-14 15:00:00,113.863023583333,0,0,0,0,0,0,0.203928333333333,5.734135,15.6209216666667,19.0654933333333,14.7708966666667,12.104785,12.1238733333333,13.4952983333333,11.8644533333333,4.31309833333333,1.52631,0.712735,0.407053333333333,0.272596666666667,0.257056666666667,0.235403333333333,0.22407,0.149248333333333,0.118396666666667,0.0926633333333333,0.0913716666666667,0.092845,0.0727,0.0779033333333333,0.076765,0.06971,0.05259,0.0544833333333333,0.0521783333333333,0.0501683333333333,0.0429183333333333,0.03276,0.0311216666666667,0.0171133333333333,0.01544,0.0185283333333333,0.0156166666666667,0.0106716666666667,0.0111616666666667,0.00892666666666667,0.00745666666666667,0.00833666666666667,0.00562833333333333,0.00761333333333333,0.007655,0.00631333333333333,0.007665,0.00363333333333333,0.00429666666666667,0.00268333333333333,0.000343333333333333,0.00298166666666667,0.00406166666666667,0.00374333333333333,0.00293833333333333,0.00334666666666667,0.00218833333333333,0.00250166666666667,0.00261166666666667,0.00112666666666667,0.000558333333333333,0.000418333333333333,0.00064,0.00102333333333333,0.000413333333333333,0.000195,0.00057,0.000615,0.00066,0.000705,0.00075,0.000225,0,1,0,0,0,0,0,0,1,1,1,1,1,1,1,1,1,1,1,1,1,1,1,1,1,1,1,1,1,1,1,1,1,1,1,1,1,1,1,1,1,1,1,1,1,1,1,1,1,1,1,1,1,1,1,1,1,1,1,1,1,1,1,1,1,1,1,1,1,1,1,1,1,1,1,1,1,1,1,1,0
2026-08-14 16:00:00,102.690359616667,0,0,0,0,0,0,0.146593333333333,4.70831333333333,13.4218833333333,16.8474933333333,13.3801183333333,11.3011583333333,11.6030333333333,13.242725,10.4376416666667,3.49509333333333,1.32145166666667,0.661365,0.362448333333333,0.277628333333333,0.228315,0.257315,0.208701666666667,0.143353333333333,0.121743333333333,0.09496,0.08837,0.082785,0.0789666666666667,0.0836033333333333,0.0669533333333333,0.058745,0.0586216666666667,0.0545966666666667,0.051555,0.0341416666666667,0.0372083333333333,0.0257,0.0278216666666667,0.0166266666666667,0.0155583333333333,0.0153216666666667,0.01164,0.0126066666666667,0.00980333333333333,0.008855,0.0109133333333333,0.008845,0.00990666666666667,0.00791333333333333,0.00942,0.00836666666666667,0.008645,0.00600333333333333,0.00625166666666667,0.00679166666666667,0.003755,0.00458166666666667,0.00683833333333333,0.0045,0.00616333333333333,0.00387666666666667,0.00312166666666667,0.00288666666666667,0.00249833333333333,0.00297,0.00210166666666667,0.00134666666666667,0.00087,0.000415,0.00032,0.00117833333333333,0.00076,0.000816666666666667,0.000876666666666667,0.00094,0.00100333333333333,0.000296666666666667,0,1,0,0,0,0,0,0,1,1,1,1,1,1,1,1,1,1,1,1,1,1,1,1,1,1,1,1,1,1,1,1,1,1,1,1,1,1,1,1,1,1,1,1,1,1,1,1,1,1,1,1,1,1,1,1,1,1,1,1,1,1,1,1,1,1,1,1,1,1,1,1,1,1,1,1,1,1,1,1,0
2026-08-14 17:00:00,145.495726916667,0,0,0,0,0,0,0.176571666666667,6.161865,19.5368333333333,27.2298183333333,22.2644016666667,17.9696633333333,16.511715,17.56734,10.3055316666667,3.1342,1.34506833333333,0.632406666666667,0.369286666666667,0.277681666666667,0.248201666666667,0.259003333333333,0.187338333333333,0.143026666666667,0.113778333333333,0.088595,0.0934633333333333,0.0920583333333333,0.062215,0.0895433333333333,0.0694033333333333,0.0744516666666667,0.0570883333333333,0.05439,0.0630383333333333,0.0438633333333333,0.0410216666666667,0.038625,0.0327316666666667,0.0292633333333333,0.02202,0.0165716666666667,0.01673,0.0115783333333333,0.014165,0.01266,0.0111883333333333,0.011855,0.01087,0.0123266666666667,0.00935333333333333,0.0108016666666667,0.010895,0.00916666666666667,0.00678833333333333,0.00769,0.006195,0.00544666666666667,0.00563333333333333,0.00698666666666667,0.00327166666666667,0.00461666666666667,0.003565,0.00211666666666667,0.00388333333333333,0.00361666666666667,0.002125,0.00259833333333333,0.00421666666666667,0.00173666666666667,0.00186666666666667,0.00135166666666667,0.00126666666666667,0.00136,0.00146,0.00156666666666667,0.00167333333333333,0.000493333333333333,0,1,0,0,0,0,0,0,1,1,1,1,1,1,1,1,1,1,1,1,1,1,1,1,1,1,1,1,1,1,1,1,1,1,1,1,1,1,1,1,1,1,1,1,1,1,1,1,1,1,1,1,1,1,1,1,1,1,1,1,1,1,1,1,1,1,1,1,1,1,1,1,1,1,1,1,1,1,1,1,0
2026-08-14 18:00:00,110.063676016667,0,0,0,0,0,0,0.142596666666667,5.09653166666667,15.7617716666667,21.0046016666667,16.7835866666667,13.1381433333333,11.7373316666667,12.1431633333333,8.03853666666667,2.27458333333333,1.02103833333333,0.486783333333333,0.282308333333333,0.237016666666667,0.213691666666667,0.242205,0.166275,0.127608333333333,0.0927383333333333,0.0701933333333333,0.081705,0.0735416666666667,0.0683916666666667,0.07685,0.04891,0.0591166666666667,0.0588933333333333,0.0394733333333333,0.0403016666666667,0.0435316666666667,0.0381183333333333,0.0335683333333333,0.0245666666666667,0.0180733333333333,0.0132433333333333,0.00992166666666667,0.00975,0.00846666666666667,0.00987166666666667,0.00926666666666667,0.0104816666666667,0.009075,0.007435,0.00944166666666667,0.00592333333333333,0.00756666666666667,0.00614833333333333,0.00601333333333333,0.00419,0.00333,0.005905,0.00338,0.00392833333333333,0.00596,0.00298666666666667,0.003095,0.00324166666666667,0.00250166666666667,0.00315333333333333,0.00114333333333333,0.00241166666666667,0.00261833333333333,0.000416666666666667,0.001245,0.00032,0.000766666666666667,0.00076,0.000818333333333333,0.000878333333333333,0.00094,0.00100166666666667,0.000298333333333333,0,1,0,0,0,0,0,0,1,1,1,1,1,1,1,1,1,1,1,1,1,1,1,1,1,1,1,1,1,1,1,1,1,1,1,1,1,1,1,1,1,1,1,1,1,1,1,1,1,1,1,1,1,1,1,1,1,1,1,1,1,1,1,1,1,1,1,1,1,1,1,1,1,1,1,1,1,1,1,1,0
2026-08-14 19:00:00,49.3830043,0,0,0,0,0,0,0.046605,1.91158833333333,5.98862166666667,8.19268166666667,7.12299,6.15678166666667,5.87988333333333,6.08112,4.32156833333333,1.282675,0.612888333333333,0.319111666666667,0.213448333333333,0.175365,0.163745,0.21291,0.179816666666667,0.128448333333333,0.104973333333333,0.08048,0.0862316666666667,0.082915,0.0829516666666667,0.0828,0.065195,0.0786516666666667,0.0552866666666667,0.0622416666666667,0.05888,0.0405533333333333,0.0449366666666667,0.0416483333333333,0.026215,0.0242366666666667,0.0188233333333333,0.0148883333333333,0.015235,0.0100566666666667,0.01117,0.0134983333333333,0.0119083333333333,0.0107116666666667,0.013545,0.01178,0.00429666666666667,0.00715666666666667,0.00649,0.00919166666666667,0.00338166666666667,0.004385,0.00524833333333333,0.003525,0.00283166666666667,0.00460333333333333,0.00379333333333333,0.00527,0.00154166666666667,0.002425,0.00211333333333333,0.000855,0.000426666666666667,0.000968333333333333,0.000416666666666667,0.00166,0.0014,0.00177,0.000823333333333333,0.000888333333333333,0.000953333333333333,0.00101833333333333,0.00108333333333333,0.000325,0,1,0,0,0,0,0,0,1,1,1,1,1,1,1,1,1,1,1,1,1,1,1,1,1,1,1,1,1,1,1,1,1,1,1,1,1,1,1,1,1,1,1,1,1,1,1,1,1,1,1,1,1,1,1,1,1,1,1,1,1,1,1,1,1,1,1,1,1,1,1,1,1,1,1,1,1,1,1,1,0
2026-08-14 20:00:00,50.9555009333333,0,0,0,0,0,0,0.04052,1.99625833333333,6.40089166666667,8.96620666666667,7.57437166666667,6.12413666666667,5.80553833333333,5.97724,3.62644333333333,1.26839166666667,0.664506666666667,0.356773333333333,0.225105,0.193538333333333,0.212458333333333,0.22511,0.202016666666667,0.160506666666667,0.121476666666667,0.09805,0.0992116666666667,0.110408333333333,0.0827566666666667,0.11346,0.0791783333333333,0.0935333333333333,0.0662366666666667,0.07394,0.0687616666666667,0.0541266666666667,0.04533,0.03929,0.0276666666666667,0.02339,0.0185983333333333,0.0159916666666667,0.0142883333333333,0.00921166666666667,0.00771666666666667,0.01029,0.00679166666666667,0.00864166666666667,0.00741,0.00639333333333333,0.00642,0.006745,0.002905,0.00538,0.006645,0.004185,0.00338333333333333,0.00332166666666667,0.00439333333333333,0.00427333333333333,0.00360333333333333,0.00300833333333333,0.00221333333333333,0.00223166666666667,0.00204,0.001485,0.001405,0.00220333333333333,0.001075,0.000608333333333333,0.000573333333333333,0.00114166666666667,0.00019,0.000205,0.00022,0.000235,0.00025,0.000075,0,1,0,0,0,0,0,0,1,1,1,1,1,1,1,1,1,1,1,1,1,1,1,1,1,1,1,1,1,1,1,1,1,1,1,1,1,1,1,1,1,1,1,1,1,1,1,1,1,1,1,1,1,1,1,1,1,1,1,1,1,1,1,1,1,1,1,1,1,1,1,1,1,1,1,1,1,1,1,1,0
2026-08-14 21:00:00,34.9527947333333,0,0,0,0,0,0,0.0426983333333333,1.62591833333333,4.79681,6.18243,5.11793,4.27374333333333,3.82611333333333,3.88674833333333,2.21203666666667,0.806363333333333,0.441,0.22031,0.170763333333333,0.148996666666667,0.142613333333333,0.16403,0.13217,0.101343333333333,0.0859216666666667,0.0682983333333333,0.0725933333333333,0.083255,0.0575816666666667,0.074785,0.0575166666666667,0.06236,0.0508016666666667,0.045355,0.0393916666666667,0.0437416666666667,0.0313666666666667,0.0217516666666667,0.02542,0.01649,0.015435,0.01183,0.0132516666666667,0.008005,0.006835,0.004955,0.00484166666666667,0.00828,0.00905,0.00625333333333333,0.0039,0.00291666666666667,0.00170333333333333,0.00341666666666667,0.00325666666666667,0.00257,0.00510333333333333,0.00277833333333333,0.00211,0.00110666666666667,0.00256,0.00287333333333333,0.000951666666666667,0.001655,0.00192333333333333,0.00191166666666667,0.00196833333333333,0.00053,0.00149166666666667,0.000781666666666667,0.00024,0.000173333333333333,0.000506666666666667,0.000545,0.000585,0.000626666666666667,0.000668333333333333,0.000198333333333333,0,1,0,0,0,0,0,0,1,1,1,1,1,1,1,1,1,1,1,1,1,1,1,1,1,1,1,1,1,1,1,1,1,1,1,1,1,1,1,1,1,1,1,1,1,1,1,1,1,1,1,1,1,1,1,1,1,1,1,1,1,1,1,1,1,1,1,1,1,1,1,1,1,1,1,1,1,1,1,1,0
2026-08-14 22:00:00,34.9516057333333,0,0,0,0,0,0,0.054275,2.19758333333333,5.70989,6.25030166666667,4.68269333333333,3.84186666666667,3.56558,3.524285,1.86252,0.783621666666667,0.378271666666667,0.218955,0.151481666666667,0.132616666666667,0.122921666666667,0.134795,0.119841666666667,0.0936516666666667,0.0630783333333333,0.0666616666666667,0.068555,0.066245,0.0521933333333333,0.0663933333333333,0.0433883333333333,0.050825,0.0395316666666667,0.038065,0.0394633333333333,0.0335233333333333,0.0224133333333333,0.0239366666666667,0.01699,0.0131,0.0121616666666667,0.01123,0.00840333333333333,0.00616,0.00627166666666667,0.005095,0.00499,0.00495,0.005685,0.004105,0.00301666666666667,0.00376,0.00340666666666667,0.00325833333333333,0.003125,0.00287666666666667,0.00304,0.00235,0.00322833333333333,0.00153333333333333,0.000616666666666667,0.00130833333333333,0.00059,0.000423333333333333,0.000881666666666667,0.000705,0.001135,0.000263333333333333,0.00169666666666667,0.000801666666666667,0,0.000455,0.000126666666666667,0.000136666666666667,0.000146666666666667,0.000156666666666667,0.000166666666666667,0.00005,0,1,0,0,0,0,0,0,1,1,1,1,1,1,1,1,1,1,1,1,1,1,1,1,1,1,1,1,1,1,1,1,1,1,1,1,1,1,1,1,1,1,1,1,1,1,1,1,1,1,1,1,1,1,1,1,1,1,1,1,1,1,1,1,1,1,1,1,1,1,1,1,1,1,1,1,1,1,1,1,0
2026-08-14 23:00:00,37.22331265,0,0,0,0,0,0,0.0649966666666667,2.44156166666667,6.31873333333333,6.73726333333333,5.06622333333333,3.97528,3.75442833333333,3.85141166666667,2.00631833333333,0.698065,0.385421666666667,0.185338333333333,0.138696666666667,0.127496666666667,0.10841,0.128695,0.102985,0.08304,0.067865,0.0568833333333333,0.0652966666666667,0.0531733333333333,0.06221,0.0712166666666667,0.0474016666666667,0.049015,0.044935,0.0391433333333333,0.0374366666666667,0.0281566666666667,0.0259833333333333,0.0222483333333333,0.0208766666666667,0.01691,0.01139,0.0105516666666667,0.00678833333333333,0.00718166666666667,0.00683833333333333,0.00870666666666667,0.00585666666666667,0.00576333333333333,0.00675166666666667,0.003405,0.00495166666666667,0.00339666666666667,0.00347666666666667,0.00163833333333333,0.00214,0.00274166666666667,0.00209333333333333,0.00171833333333333,0.00299833333333333,0.000853333333333333,0,0.000425,0.00085,0.00127,0.000768333333333333,0.000496666666666667,0,0,0.000416666666666667,0.00141833333333333,0.00024,0.000455,0.000126666666666667,0.000136666666666667,0.000146666666666667,0.000156666666666667,0.000166666666666667,0.00005,0,1,0,0,0,0,0,0,1,1,1,1,1,1,1,1,1,1,1,1,1,1,1,1,1,1,1,1,1,1,1,1,1,1,1,1,1,1,1,1,1,1,1,1,1,1,1,1,1,1,1,1,1,1,1,1,1,1,1,1,1,1,1,1,1,1,1,1,1,1,1,1,1,1,1,1,1,1,1,1,0
2026-08-15,41.9106917166667,0,0,0,0,0,0,0.0721933333333333,2.66490333333333,7.03625666666667,7.99796833333333,6.00721833333333,4.5275,4.02698166666667,3.969155,2.15533666666667,0.810763333333333,0.409886666666667,0.2094,0.15443,0.120625,0.107996666666667,0.129301666666667,0.112933333333333,0.0743266666666667,0.0751166666666667,0.0575866666666667,0.056045,0.068605,0.0458766666666667,0.070685,0.0473283333333333,0.056015,0.0443833333333333,0.0409166666666667,0.0358133333333333,0.032315,0.02729,0.0235283333333333,0.0202983333333333,0.0161916666666667,0.0116166666666667,0.010545,0.00722166666666667,0.00544166666666667,0.00635,0.00491666666666667,0.002745,0.00434666666666667,0.00254666666666667,0.00321166666666667,0.00249666666666667,0.00168666666666667,0.00326666666666667,0.00219166666666667,0.00185,0.000481666666666667,0.000171666666666667,0.000631666666666667,0.00176833333333333,0.00128,0.00104333333333333,0.000985,0.000526666666666667,0.000423333333333333,0.00126833333333333,0,0.000288333333333333,0.00053,0.0000183333333333333,0,0.00016,0.000275,0.0000633333333333333,0.0000683333333333333,0.0000733333333333333,0.0000783333333333333,0.0000833333333333333,0.000025,0,1,0,0,0,0,0,0,1,1,1,1,1,1,1,1,1,1,1,1,1,1,1,1,1,1,1,1,1,1,1,1,1,1,1,1,1,1,1,1,1,1,1,1,1,1,1,1,1,1,1,1,1,1,1,1,1,1,1,1,1,1,1,1,1,1,1,1,1,1,1,1,1,1,1,1,1,1,1,1,0
2026-08-15 01:00:00,35.9772376833333,0,0,0,0,0,0,0.0483916666666667,2.13765333333333,5.99955,6.96926,5.27701833333333,4.10165833333333,3.64214333333333,3.63138166666667,1.812095,0.717968333333333,0.369053333333333,0.19721,0.134636666666667,0.122175,0.127231666666667,0.131148333333333,0.110633333333333,0.0966183333333333,0.0707583333333333,0.0543133333333333,0.0575266666666667,0.062345,0.0495383333333333,0.0641966666666667,0.0435483333333333,0.0470816666666667,0.0385616666666667,0.04031,0.034075,0.036815,0.0350016666666667,0.0247183333333333,0.019475,0.01637,0.0112816666666667,0.00911333333333333,0.00828,0.00905333333333333,0.002955,0.00719166666666667,0.00549166666666667,0.00511,0.00280166666666667,0.00356166666666667,0.00219,0.00246,0.00410666666666667,0.00303666666666667,0.00193833333333333,0.000481666666666667,0.00043,0.00240833333333333,0.000515,0.00093,0.00275,0.000236666666666667,0.000425,0.00211666666666667,0,0.000705,0.000846666666666667,0.000131666666666667,0,0,0,0.0000433333333333333,0.000126666666666667,0.000136666666666667,0.000146666666666667,0.000156666666666667,0.000166666666666667,0.00005,0,1,0,0,0,0,0,0,1,1,1,1,1,1,1,1,1,1,1,1,1,1,1,1,1,1,1,1,1,1,1,1,1,1,1,1,1,1,1,1,1,1,1,1,1,1,1,1,1,1,1,1,1,1,1,1,1,1,1,1,1,1,1,1,1,1,1,1,1,1,1,1,1,1,1,1,1,1,1,1,0
2026-08-15 02:00:00,28.2339391333333,0,0,0,0,0,0,0.029385,1.40103,4.09161,5.01787,4.04448,3.33213,3.12513833333333,3.21134333333333,1.55593666666667,0.557545,0.30988,0.163786666666667,0.107076666666667,0.092715,0.102125,0.122266666666667,0.103121666666667,0.0912533333333333,0.06883,0.0573866666666667,0.065905,0.0621766666666667,0.0535216666666667,0.068925,0.0425983333333333,0.048,0.04997,0.044095,0.036325,0.0300133333333333,0.0215366666666667,0.019985,0.0145183333333333,0.01526,0.009425,0.00838833333333333,0.00850666666666667,0.004605,0.006915,0.00541333333333333,0.008175,0.004095,0.00534833333333333,0.00543166666666667,0.00343,0.00414833333333333,0.00406166666666667,0.00362833333333333,0.001795,0.00185166666666667,0.001175,0.00169333333333333,0.00114166666666667,0.000678333333333333,0.000806666666666667,0.00249833333333333,0.000951666666666667,0.00123166666666667,0.000883333333333333,0.000421666666666667,0,0.000398333333333333,0.000658333333333333,0.000608333333333333,0.000413333333333333,0.000173333333333333,0.000506666666666667,0.000545,0.000585,0.000626666666666667,0.000668333333333333,0.000198333333333333,0,1,0,0,0,0,0,0,1,1,1,1,1,1,1,1,1,1,1,1,1,1,1,1,1,1,1,1,1,1,1,1,1,1,1,1,1,1,1,1,1,1,1,1,1,1,1,1,1,1,1,1,1,1,1,1,1,1,1,1,1,1,1,1,1,1,1,1,1,1,1,1,1,1,1,1,1,1,1,1,0
2026-08-15 03:00:00,27.0516959666667,0,0,0,0,0,0,0.027015,1.25377833333333,3.85793833333333,4.84778666666667,3.95052666666667,3.21557833333333,3.021085,3.11315666666667,1.62951,0.597481666666667,0.317623333333333,0.17807,0.11765,0.105596666666667,0.10223,0.100518333333333,0.0994316666666667,0.085525,0.0660683333333333,0.0546033333333333,0.05889,0.05592,0.048705,0.04821,0.04602,0.0460366666666667,0.04269,0.0375433333333333,0.0241366666666667,0.0294983333333333,0.0230266666666667,0.01314,0.0136,0.01115,0.00921,0.00842333333333333,0.00548333333333333,0.00731,0.00393333333333333,0.00337833333333333,0.002815,0.00409666666666667,0.00451,0.00146333333333333,0.002105,0.00166333333333333,0.00249666666666667,0.00177833333333333,0.00214,0.000533333333333333,0.00043,0.00166,0.00134,0.000853333333333333,0,0.000323333333333333,0.000875,0.0000766666666666667,0.000421666666666667,0.000283333333333333,0.000138333333333333,0,0.000416666666666667,0,0,0.000433333333333333,0.0000633333333333333,0.0000683333333333333,0.0000733333333333333,0.0000783333333333333,0.0000833333333333333,0.000025,0,1,0,0,0,0,0,0,1,1,1,1,1,1,1,1,1,1,1,1,1,1,1,1,1,1,1,1,1,1,1,1,1,1,1,1,1,1,1,1,1,1,1,1,1,1,1,1,1,1,1,1,1,1,1,1,1,1,1,1,1,1,1,1,1,1,1,1,1,1,1,1,1,1,1,1,1,1,1,1,0
2026-08-15 04:00:00,29.5807586,0,0,0,0,0,0,0.0225666666666667,1.377635,4.31347666666667,5.41400666666667,4.39526833333333,3.48798666666667,3.24418333333333,3.37896666666667,1.87276833333333,0.717341666666667,0.353313333333333,0.178228333333333,0.123793333333333,0.110743333333333,0.103138333333333,0.133138333333333,0.0983266666666667,0.0784683333333333,0.057925,0.0436366666666667,0.054585,0.0477166666666667,0.0510966666666667,0.053525,0.0459633333333333,0.0412,0.0390766666666667,0.0398216666666667,0.03191,0.01933,0.0171683333333333,0.0142816666666667,0.00974333333333333,0.01143,0.00746166666666667,0.007565,0.00394333333333333,0.00383,0.003825,0.00312166666666667,0.00245333333333333,0.00413333333333333,0.00308,0.00184333333333333,0.00479166666666667,0.00291666666666667,0,0.000431666666666667,0.00167333333333333,0.00177166666666667,0.00146166666666667,0.000686666666666667,0,0.000426666666666667,0.000853333333333333,0.00117333333333333,0.000101666666666667,0.000846666666666667,0,0.000988333333333333,0.000276666666666667,0.000398333333333333,0.000658333333333333,0.000193333333333333,0.000413333333333333,0.0000216666666666667,0.0000633333333333333,0.0000683333333333333,0.0000733333333333333,0.0000783333333333333,0.0000833333333333333,0.000025,0,1,0,0,0,0,0,0,1,1,1,1,1,1,1,1,1,1,1,1,1,1,1,1,1,1,1,1,1,1,1,1,1,1,1,1,1,1,1,1,1,1,1,1,1,1,1,1,1,1,1,1,1,1,1,1,1,1,1,1,1,1,1,1,1,1,1,1,1,1,1,1,1,1,1,1,1,1,1,1,0
2026-08-15 05:00:00,30.1388830833333,0,0,0,0,0,0,0.0366516666666667,1.42385,4.30255833333333,5.44059833333333,4.31673333333333,3.51279,3.21240833333333,3.26643166666667,1.9801,0.77317,0.369023333333333,0.199533333333333,0.136848333333333,0.11055,0.0917866666666667,0.118935,0.09525,0.0772233333333333,0.06684,0.0482966666666667,0.0509783333333333,0.0509683333333333,0.0446716666666667,0.0500716666666667,0.03993,0.0446916666666667,0.0331533333333333,0.026305,0.029475,0.0256966666666667,0.020135,0.0155883333333333,0.01266,0.00892333333333333,0.006675,0.00736166666666667,0.006405,0.00361166666666667,0.00501166666666667,0.00557666666666667,0.00483333333333333,0.00543833333333333,0.004355,0.00482,0.001755,0.00252833333333333,0.00127166666666667,0.001365,0.000863333333333333,0.00172,0.00086,0,0.00171333333333333,0.000855,0.000853333333333333,0.000323333333333333,0.000526666666666667,0.001655,0.00046,0,0.000288333333333333,0.00055,0,0.000173333333333333,0.00024,0.0000866666666666667,0.000253333333333333,0.000273333333333333,0.000293333333333333,0.000313333333333333,0.000333333333333333,0.0001,0,1,0,0,0,0,0,0,1,1,1,1,1,1,1,1,1,1,1,1,1,1,1,1,1,1,1,1,1,1,1,1,1,1,1,1,1,1,1,1,1,1,1,1,1,1,1,1,1,1,1,1,1,1,1,1,1,1,1,1,1,1,1,1,1,1,1,1,1,1,1,1,1,1,1,1,1,1,1,1,0
2026-08-15 06:00:00,32.8623368333333,0,0,0,0,0,0,0.0317283333333333,1.50286833333333,4.56285333333333,5.62095166666667,4.60547,3.80690333333333,3.58113166666667,3.74444333333333,2.21119833333333,0.907941666666667,0.488565,0.260458333333333,0.165378333333333,0.133035,0.123938333333333,0.140755,0.10612,0.0965816666666667,0.0670716666666667,0.05564,0.0560433333333333,0.0599033333333333,0.0571333333333333,0.059575,0.0516366666666667,0.0516183333333333,0.0439666666666667,0.0426566666666667,0.0366333333333333,0.0297033333333333,0.025345,0.0217233333333333,0.0145366666666667,0.01352,0.0120466666666667,0.00776833333333333,0.00603666666666667,0.00588166666666667,0.00491,0.006385,0.004915,0.00676166666666667,0.00185333333333333,0.00406333333333333,0.00169333333333333,0.002505,0.00235666666666667,0.001575,0.00259,0.00174833333333333,0.00100333333333333,0.001115,0.00146,0.00068,0.00128,0.00097,0.000305,0.000808333333333333,0.000883333333333333,0.000705,0.000138333333333333,0,0,0.000415,0,0,0,0,0,0,0,0,0,1,0,0,0,0,0,0,1,1,1,1,1,1,1,1,1,1,1,1,1,1,1,1,1,1,1,1,1,1,1,1,1,1,1,1,1,1,1,1,1,1,1,1,1,1,1,1,1,1,1,1,1,1,1,1,1,1,1,1,1,1,1,1,1,1,1,1,1,1,1,1,1,1,1,1,1,1,1,1,0
2026-08-15 07:00:00,37.9971859166667,0,0,0,0,0,0,0.03893,1.55352333333333,4.70379,6.16107,5.36531333333333,4.69037,4.65392166666667,4.92225166666667,2.53599333333333,1.12652,0.548061666666667,0.284776666666667,0.187055,0.146376666666667,0.130418333333333,0.154691666666667,0.113465,0.0898466666666667,0.0573633333333333,0.058895,0.0564783333333333,0.061385,0.04065,0.05126,0.0443483333333333,0.0478533333333333,0.0390066666666667,0.038365,0.03141,0.0341666666666667,0.0222866666666667,0.02258,0.0138366666666667,0.01096,0.00636833333333333,0.0121583333333333,0.00831833333333333,0.005325,0.00426166666666667,0.00421666666666667,0.00484333333333333,0.00525666666666667,0.003695,0.00401,0.00169333333333333,0.00125333333333333,0.00417833333333333,0.002465,0.00231666666666667,0.00231,0.00123333333333333,0.00171833333333333,0.00171333333333333,0.00128333333333333,0.00189666666666667,0.00056,0.0013,0.000923333333333333,0.000346666666666667,0.000358333333333333,0.000138333333333333,0,0.000416666666666667,0.00124666666666667,0.000413333333333333,0.0000866666666666667,0.000253333333333333,0.000273333333333333,0.000293333333333333,0.000313333333333333,0.000333333333333333,0.0001,0,1,0,0,0,0,0,0,1,1,1,1,1,1,1,1,1,1,1,1,1,1,1,1,1,1,1,1,1,1,1,1,1,1,1,1,1,1,1,1,1,1,1,1,1,1,1,1,1,1,1,1,1,1,1,1,1,1,1,1,1,1,1,1,1,1,1,1,1,1,1,1,1,1,1,1,1,1,1,1,0
2026-08-15 08:00:00,54.192382,0,0,0,0,0,0,0.04921,2.27848333333333,7.42869166666667,9.85846,8.33001666666667,6.808435,6.39113333333333,6.21581166666667,2.53531333333333,1.00708166666667,0.500403333333333,0.25938,0.160053333333333,0.139581666666667,0.138388333333333,0.140853333333333,0.0993266666666667,0.0729966666666667,0.0496,0.0491183333333333,0.0513433333333333,0.0605433333333333,0.0414266666666667,0.0638666666666667,0.0286716666666667,0.0447633333333333,0.03943,0.0268916666666667,0.0339466666666667,0.0235066666666667,0.0241516666666667,0.0178966666666667,0.0146383333333333,0.0117566666666667,0.0106216666666667,0.009085,0.00809833333333333,0.0056,0.00640166666666667,0.00834333333333333,0.004485,0.004965,0.00412833333333333,0.00184333333333333,0.00386,0.00212,0.00201833333333333,0.003505,0.00214,0.000675,0.00304,0.00149166666666667,0.000911666666666667,0.000426666666666667,0.000853333333333333,0.00117333333333333,0.000101666666666667,0.000846666666666667,0,0.000843333333333333,0,0,0.000416666666666667,0.000173333333333333,0.00024,0.000498333333333333,0.000253333333333333,0.000273333333333333,0.000293333333333333,0.000313333333333333,0.000333333333333333,0.0001,0,1,0,0,0,0,0,0,1,1,1,1,1,1,1,1,1,1,1,1,1,1,1,1,1,1,1,1,1,1,1,1,1,1,1,1,1,1,1,1,1,1,1,1,1,1,1,1,1,1,1,1,1,1,1,1,1,1,1,1,1,1,1,1,1,1,1,1,1,1,1,1,1,1,1,1,1,1,1,1,0
2026-08-15 09:00:00,49.18394,0,0,0,0,0,0,0.0647783333333333,2.68819166666667,8.03296,9.51341166666667,7.36430833333333,5.69689166666667,5.30686666666667,5.11521166666667,2.40921333333333,1.13813166666667,0.551188333333333,0.282666666666667,0.190495,0.144903333333333,0.130366666666667,0.147313333333333,0.105541666666667,0.090695,0.0642966666666667,0.0442466666666667,0.0483483333333333,0.05127,0.0377033333333333,0.0444133333333333,0.036875,0.04032,0.0372016666666667,0.022775,0.0201883333333333,0.023255,0.02082,0.0200116666666667,0.01597,0.0146066666666667,0.009845,0.00605,0.00870666666666667,0.006475,0.00431333333333333,0.00656333333333333,0.00476166666666667,0.00616333333333333,0.00440833333333333,0.00315833333333333,0.00249666666666667,0.00298666666666667,0.00204166666666667,0.002465,0.00193666666666667,0.00180166666666667,0.00126166666666667,0.00123333333333333,0.00134,0.000853333333333333,0.00232333333333333,0.00163166666666667,0.000305,0.000423333333333333,0.000421666666666667,0.001265,0.000288333333333333,0.000948333333333333,0.000658333333333333,0.000608333333333333,0.000413333333333333,0.000108333333333333,0.000316666666666667,0.000341666666666667,0.000366666666666667,0.000391666666666667,0.000416666666666667,0.000125,0,1,0,0,0,0,0,0,1,1,1,1,1,1,1,1,1,1,1,1,1,1,1,1,1,1,1,1,1,1,1,1,1,1,1,1,1,1,1,1,1,1,1,1,1,1,1,1,1,1,1,1,1,1,1,1,1,1,1,1,1,1,1,1,1,1,1,1,1,1,1,1,1,1,1,1,1,1,1,1,0
2026-08-15 10:00:00,54.6202327833333,0,0,0,0,0,0,0.0730983333333333,3.21138166666667,9.66767333333333,11.2449766666667,8.05306,5.97866833333333,5.20009333333333,5.06719166666667,2.67408,1.19713666666667,0.518676666666667,0.268863333333333,0.186461666666667,0.137346666666667,0.119631666666667,0.133806666666667,0.0953466666666667,0.0754966666666667,0.0489583333333333,0.0404916666666667,0.041215,0.0409433333333333,0.038775,0.0442866666666667,0.0298516666666667,0.031475,0.0311216666666667,0.0205166666666667,0.0250966666666667,0.0194833333333333,0.0172883333333333,0.0175533333333333,0.0126833333333333,0.00943666666666667,0.010505,0.00800833333333333,0.00783166666666667,0.00389333333333333,0.00564166666666667,0.00447333333333333,0.00708833333333333,0.00413333333333333,0.00134666666666667,0.005785,0.00522833333333333,0.00715333333333333,0.00285833333333333,0.00383166666666667,0.00193666666666667,0.00051,0.00229333333333333,0.00149,0.00211833333333333,0.00136,0.00213333333333333,0.000425,0.00085,0.000846666666666667,0.001615,0.000075,0,0.000418333333333333,0,0,0,0.00091,0.000253333333333333,0.000271666666666667,0.000291666666666667,0.000313333333333333,0.000335,0.0000983333333333333,0,1,0,0,0,0,0,0,1,1,1,1,1,1,1,1,1,1,1,1,1,1,1,1,1,1,1,1,1,1,1,1,1,1,1,1,1,1,1,1,1,1,1,1,1,1,1,1,1,1,1,1,1,1,1,1,1,1,1,1,1,1,1,1,1,1,1,1,1,1,1,1,1,1,1,1,1,1,1,1,0
2026-08-15 11:00:00,52.9611035833333,0,0,0,0,0,0,0.079125,3.44088666666667,10.090615,11.161685,7.54150833333333,5.372465,4.61107,4.56206833333333,2.72915666666667,1.185065,0.478461666666667,0.246848333333333,0.159995,0.13276,0.10813,0.109743333333333,0.09365,0.0709133333333333,0.040375,0.0399183333333333,0.0294516666666667,0.039115,0.0300166666666667,0.0393383333333333,0.025905,0.0235383333333333,0.0214116666666667,0.02068,0.0200516666666667,0.0233466666666667,0.01654,0.01543,0.0100766666666667,0.0117433333333333,0.007465,0.0110016666666667,0.00788,0.007195,0.00784333333333333,0.00390833333333333,0.00448166666666667,0.00224833333333333,0.00383833333333333,0.00411666666666667,0.00347,0.00291666666666667,0.00369833333333333,0.00296666666666667,0.00452666666666667,0.00440833333333333,0.00200666666666667,0.00131833333333333,0.00348166666666667,0.00170833333333333,0.00275,0.000236666666666667,0.00162333333333333,0.00169333333333333,0.00203666666666667,0.00156,0.000696666666666667,0.000836666666666667,0.00064,0.000193333333333333,0.000413333333333333,0.000476666666666667,0.00019,0.000205,0.00022,0.000235,0.00025,0.000075,0,1,0,0,0,0,0,0,1,1,1,1,1,1,1,1,1,1,1,1,1,1,1,1,1,1,1,1,1,1,1,1,1,1,1,1,1,1,1,1,1,1,1,1,1,1,1,1,1,1,1,1,1,1,1,1,1,1,1,1,1,1,1,1,1,1,1,1,1,1,1,1,1,1,1,1,1,1,1,1,0
2026-08-15 12:00:00,55.953721,0,0,0,0,0,0,0.114011666666667,4.53220333333333,11.8260566666667,12.0595166666667,7.859375,5.26128333333333,4.33514,4.26084833333333,2.722515,1.18526666666667,0.509248333333333,0.254943333333333,0.15806,0.115316666666667,0.11242,0.10391,0.0961483333333333,0.06467,0.04709,0.0447866666666667,0.0432366666666667,0.0396766666666667,0.0315783333333333,0.033495,0.0213466666666667,0.0302266666666667,0.0239833333333333,0.0259883333333333,0.0210333333333333,0.0183433333333333,0.01534,0.0159183333333333,0.01181,0.0111066666666667,0.00952166666666667,0.005595,0.00794,0.00653666666666667,0.0053,0.002945,0.00484166666666667,0.00523833333333333,0.00221333333333333,0.00497166666666667,0.00425166666666667,0.00248333333333333,0.00158666666666667,0.00184833333333333,0.003275,0.00369833333333333,0.000601666666666667,0.001865,0.00174666666666667,0.00349333333333333,0.00298666666666667,0.00107166666666667,0.00105333333333333,0.000423333333333333,0.00077,0.000918333333333333,0.000708333333333333,0.000948333333333333,0.000435,0.000588333333333333,0.000653333333333333,0.000628333333333333,0.000633333333333333,0.000683333333333333,0.000733333333333333,0.000783333333333333,0.000833333333333333,0.00025,0,1,0,0,0,0,0,0,1,1,1,1,1,1,1,1,1,1,1,1,1,1,1,1,1,1,1,1,1,1,1,1,1,1,1,1,1,1,1,1,1,1,1,1,1,1,1,1,1,1,1,1,1,1,1,1,1,1,1,1,1,1,1,1,1,1,1,1,1,1,1,1,1,1,1,1,1,1,1,1,0
2026-08-15 13:00:00,63.9250392833333,0,0,0,0,0,0,0.14472,5.57186666666667,14.0041383333333,14.0531166666667,8.61807666666667,5.81259833333333,4.67218833333333,4.442515,3.10641,1.249685,0.528101666666667,0.276961666666667,0.155203333333333,0.11157,0.113728333333333,0.101943333333333,0.088695,0.0698683333333333,0.0455233333333333,0.03239,0.0439916666666667,0.0400233333333333,0.0296216666666667,0.0382416666666667,0.0260733333333333,0.0282483333333333,0.0228383333333333,0.0231566666666667,0.0222916666666667,0.022455,0.01658,0.0136016666666667,0.0122883333333333,0.0106066666666667,0.00776833333333333,0.0119633333333333,0.00507,0.00401666666666667,0.00624,0.00379,0.00528,0.004405,0.00336,0.00273666666666667,0.00214833333333333,0.00337333333333333,0.00355833333333333,0.00276333333333333,0.003145,0.00094,0.001175,0.00212166666666667,0.00054,0.00171,0.00251333333333333,0.000898333333333333,0.000425,0.00127,0.00168666666666667,0.00112666666666667,0.001135,0.000661666666666667,0.0000183333333333333,0.00142,0.0004,0.00034,0.000253333333333333,0.000273333333333333,0.000293333333333333,0.000313333333333333,0.000333333333333333,0.0001,0,1,0,0,0,0,0,0,1,1,1,1,1,1,1,1,1,1,1,1,1,1,1,1,1,1,1,1,1,1,1,1,1,1,1,1,1,1,1,1,1,1,1,1,1,1,1,1,1,1,1,1,1,1,1,1,1,1,1,1,1,1,1,1,1,1,1,1,1,1,1,1,1,1,1,1,1,1,1,1,0
2026-08-15 14:00:00,56.8158854666667,0,0,0,0,0,0,0.143451666666667,4.85105833333333,12.3815116666667,12.43197,7.56684,5.12340833333333,4.122075,3.979165,2.90565,1.23803,0.47013,0.26355,0.141773333333333,0.110025,0.104543333333333,0.117726666666667,0.0895283333333333,0.072325,0.0518883333333333,0.03295,0.038785,0.0423716666666667,0.0358033333333333,0.0420783333333333,0.0341933333333333,0.0389633333333333,0.032715,0.025175,0.0263266666666667,0.02239,0.0195133333333333,0.011225,0.00787333333333333,0.01202,0.0111733333333333,0.00905666666666667,0.00603166666666667,0.00507666666666667,0.00857833333333333,0.007855,0.00540333333333333,0.00744833333333333,0.00466,0.00428666666666667,0.00540833333333333,0.00669833333333333,0.00329,0.00278166666666667,0.00127666666666667,0.00193666666666667,0.00375666666666667,0.000746666666666667,0.00260166666666667,0.000503333333333333,0.00147,0.00108666666666667,0.00208666666666667,0.000461666666666667,0.000845,0.000566666666666667,0.000276666666666667,0.000418333333333333,0.000416666666666667,0.000173333333333333,0.0004,0.00086,0.00057,0.000613333333333333,0.000658333333333333,0.000705,0.000751666666666667,0.000223333333333333,0,1,0,0,0,0,0,0,1,1,1,1,1,1,1,1,1,1,1,1,1,1,1,1,1,1,1,1,1,1,1,1,1,1,1,1,1,1,1,1,1,1,1,1,1,1,1,1,1,1,1,1,1,1,1,1,1,1,1,1,1,1,1,1,1,1,1,1,1,1,1,1,1,1,1,1,1,1,1,1,0
2026-08-15 15:00:00,54.7314042666667,0,0,0,0,0,0,0.127891666666667,4.95256333333333,12.0354366666667,11.9576583333333,7.45901666666667,4.986525,3.95312833333333,3.4595,2.56005166666667,1.16969,0.486555,0.24362,0.140481666666667,0.119493333333333,0.109291666666667,0.109478333333333,0.0953033333333333,0.080845,0.0443916666666667,0.039065,0.0418983333333333,0.0466916666666667,0.036755,0.0384483333333333,0.02765,0.0336416666666667,0.0274016666666667,0.026765,0.0234416666666667,0.0185583333333333,0.0182366666666667,0.013495,0.0115466666666667,0.00740666666666667,0.0111633333333333,0.00837333333333333,0.00968166666666667,0.00641,0.00352833333333333,0.00511833333333333,0.00803,0.00496666666666667,0.005755,0.008225,0.005775,0.00255333333333333,0.00502833333333333,0.00390666666666667,0.00352333333333333,0.00147833333333333,0.00154833333333333,0.002925,0.00402,0.00257,0.00274833333333333,0.00355333333333333,0.001745,0.00169333333333333,0.000806666666666667,0.000496666666666667,0.00084,0.000418333333333333,0.00147333333333333,0.000193333333333333,0,0.000065,0.00019,0.000205,0.00022,0.000235,0.00025,0.000075,0,1,0,0,0,0,0,0,1,1,1,1,1,1,1,1,1,1,1,1,1,1,1,1,1,1,1,1,1,1,1,1,1,1,1,1,1,1,1,1,1,1,1,1,1,1,1,1,1,1,1,1,1,1,1,1,1,1,1,1,1,1,1,1,1,1,1,1,1,1,1,1,1,1,1,1,1,1,1,1,0
2026-08-15 16:00:00,50.79517835,0,0,0,0,0,0,0.119021666666667,4.47441166666667,10.66627,10.7207916666667,6.98228,4.79264333333333,3.75537166666667,3.306605,2.20858166666667,1.04236,0.428278333333333,0.216875,0.139851666666667,0.104856666666667,0.0915433333333333,0.107286666666667,0.0985716666666667,0.0708933333333333,0.0526683333333333,0.0402933333333333,0.0428716666666667,0.035085,0.0256133333333333,0.04005,0.0277416666666667,0.0340483333333333,0.0212833333333333,0.0216583333333333,0.0249016666666667,0.0286266666666667,0.01996,0.014115,0.0112366666666667,0.00957666666666667,0.010615,0.0112416666666667,0.00778,0.00887333333333333,0.00506166666666667,0.00372,0.00521166666666667,0.006035,0.00651666666666667,0.00252,0.00418833333333333,0.00428666666666667,0.00672333333333333,0.00399666666666667,0.00463166666666667,0.00507833333333333,0.00304,0.00240833333333333,0.001635,0.001785,0.00170666666666667,0.00127666666666667,0.00204833333333333,0.00173166666666667,0.00277,0.000646666666666667,0.00084,0.000418333333333333,0.00064,0.000608333333333333,0.000573333333333333,0.001185,0.000316666666666667,0.000341666666666667,0.000366666666666667,0.000391666666666667,0.000416666666666667,0.000125,0,1,0,0,0,0,0,0,1,1,1,1,1,1,1,1,1,1,1,1,1,1,1,1,1,1,1,1,1,1,1,1,1,1,1,1,1,1,1,1,1,1,1,1,1,1,1,1,1,1,1,1,1,1,1,1,1,1,1,1,1,1,1,1,1,1,1,1,1,1,1,1,1,1,1,1,1,1,1,1,0
2026-08-15 17:00:00,54.6462969666667,0,0,0,0,0,0,0.147176666666667,4.99879333333333,11.7257666666667,11.716075,7.67605166666667,5.17736833333333,4.15288833333333,3.65638666666667,2.26538666666667,1.14829833333333,0.494541666666667,0.274073333333333,0.167171666666667,0.152331666666667,0.130796666666667,0.141843333333333,0.116355,0.090515,0.0606383333333333,0.0541533333333333,0.0556,0.0519083333333333,0.045015,0.05568,0.0434683333333333,0.0547416666666667,0.0355316666666667,0.03295,0.028355,0.029695,0.0267883333333333,0.0237066666666667,0.020795,0.0129766666666667,0.01149,0.013205,0.00927166666666667,0.00999166666666667,0.0121833333333333,0.00486166666666667,0.00781833333333333,0.00908,0.00613333333333333,0.00653333333333333,0.00839833333333333,0.00544666666666667,0.00458666666666667,0.00407666666666667,0.002625,0.00314666666666667,0.00352666666666667,0.00192,0.00322833333333333,0.00196,0.00232333333333333,0.001955,0.00121833333333333,0.00123166666666667,0.0005,0.000988333333333333,0.000985,0.00134666666666667,0.00087,0.00083,0.000413333333333333,0.000605,0.000568333333333333,0.000611666666666667,0.000656666666666667,0.000705,0.000753333333333333,0.000221666666666667,0,1,0,0,0,0,0,0,1,1,1,1,1,1,1,1,1,1,1,1,1,1,1,1,1,1,1,1,1,1,1,1,1,1,1,1,1,1,1,1,1,1,1,1,1,1,1,1,1,1,1,1,1,1,1,1,1,1,1,1,1,1,1,1,1,1,1,1,1,1,1,1,1,1,1,1,1,1,1,1,0
2026-08-15 18:00:00,55.9276421320755,0,0,0,0,0,0,0.0957,3.80270754716981,10.0826547169811,11.3668509433962,8.25040754716981,6.2037358490566,5.08672830188679,4.76388301886792,2.68035283018868,1.23088301886792,0.535915094339623,0.281018867924528,0.196292452830189,0.151533962264151,0.144969811320755,0.148292452830189,0.141069811320755,0.107032075471698,0.0801849056603774,0.0622452830188679,0.0571867924528302,0.0619471698113208,0.0509339622641509,0.044822641509434,0.0462622641509434,0.0522037735849057,0.0494018867924528,0.0353207547169811,0.0407037735849057,0.037511320754717,0.031222641509434,0.0277320754716981,0.0315433962264151,0.0183358490566038,0.0136509433962264,0.0146811320754717,0.011488679245283,0.0088811320754717,0.0144396226415094,0.00803584905660377,0.00744716981132076,0.00916792452830189,0.00342641509433962,0.00659622641509434,0.00474150943396226,0.00242641509433962,0.00408301886792453,0.00168301886792453,0.0048622641509434,0.0017377358490566,0.00315094339622642,0.00253018867924528,0.00233584905660377,0.00153584905660377,0.00381132075471698,0.00174905660377358,0.000230188679245283,0.000479245283018868,0.000958490566037736,0,0,0.00139811320754717,0.0000207547169811321,0.00113584905660377,0.000920754716981132,0.000458490566037736,0.00050188679245283,0.000539622641509434,0.000579245283018868,0.000620754716981132,0.000662264150943396,0.00019622641509434,0,1,0,0,0,0,0,0,1,1,1,1,1,1,1,1,1,1,1,1,1,1,1,1,1,1,1,1,1,1,1,1,1,1,1,1,1,1,1,1,1,1,1,1,1,1,1,1,1,1,1,1,1,1,1,1,1,1,1,1,1,1,1,1,1,1,1,1,1,1,1,1,1,1,1,1,1,1,1,1,0
2026-08-15 19:00:00,51.7676144137931,0,0,0,0,0,0,0.0431413793103448,2.21442586206897,7.34827068965517,9.78903965517241,7.85466551724138,6.3008275862069,5.43987586206897,5.15269655172414,3.30676034482759,1.52458103448276,0.599170689655172,0.301855172413793,0.209456896551724,0.158334482758621,0.16616724137931,0.179915517241379,0.167079310344828,0.11493275862069,0.0877896551724138,0.0760051724137931,0.0681206896551724,0.0565137931034483,0.0482396551724138,0.0562913793103448,0.0387172413793103,0.0588224137931034,0.0382741379310345,0.0385965517241379,0.0391948275862069,0.0319827586206897,0.0295448275862069,0.0295913793103448,0.0214206896551724,0.0168689655172414,0.012348275862069,0.010501724137931,0.0136706896551724,0.00708448275862069,0.0103620689655172,0.00682068965517241,0.00658103448275862,0.00521206896551724,0.00471034482758621,0.00574827586206897,0.00523275862068965,0.00339310344827586,0.00260689655172414,0.00264137931034483,0.00531896551724138,0.00157758620689655,0.00263965517241379,0.00216206896551724,0.00219310344827586,0.0014051724137931,0.000441379310344828,0.00276206896551724,0.000755172413793103,0,0.00115344827586207,0.000448275862068966,0.000143103448275862,0,0.0019551724137931,0.0002,0.000427586206896552,0.000537931034482759,0.000327586206896552,0.000353448275862069,0.000379310344827586,0.000405172413793103,0.000431034482758621,0.000129310344827586,0,1,0,0,0,0,0,0,1,1,1,1,1,1,1,1,1,1,1,1,1,1,1,1,1,1,1,1,1,1,1,1,1,1,1,1,1,1,1,1,1,1,1,1,1,1,1,1,1,1,1,1,1,1,1,1,1,1,1,1,1,1,1,1,1,1,1,1,1,1,1,1,1,1,1,1,1,1,1,1,0
2026-08-15 20:00:00,45.6606625166667,0,0,0,0,0,0,0.053005,2.24000666666667,6.79889,8.34711,6.54504,5.20565,4.51963333333333,4.458805,2.8672,1.44646666666667,0.639336666666667,0.342605,0.219278333333333,0.178665,0.178426666666667,0.172175,0.15683,0.110621666666667,0.0851483333333333,0.0739083333333333,0.0626133333333333,0.0627133333333333,0.0480466666666667,0.059545,0.0428183333333333,0.0474916666666667,0.0417866666666667,0.03781,0.0411783333333333,0.0279016666666667,0.02249,0.019215,0.0166816666666667,0.0160583333333333,0.013265,0.0121183333333333,0.00865833333333333,0.00591333333333333,0.00711,0.006415,0.00816666666666667,0.004985,0.00590833333333333,0.00452333333333333,0.002105,0.00335,0.00463166666666667,0.00262333333333333,0.00147,0.001375,0.00266666666666667,0.000258333333333333,0.00146,0.00110666666666667,0.000426666666666667,0,0.00085,0.000385,0.000385,0.00078,0.000978333333333333,0.000836666666666667,0.000223333333333333,0.000193333333333333,0.000413333333333333,0.0000866666666666667,0.000253333333333333,0.000273333333333333,0.000293333333333333,0.000313333333333333,0.000333333333333333,0.0001,0,1,0,0,0,0,0,0,1,1,1,1,1,1,1,1,1,1,1,1,1,1,1,1,1,1,1,1,1,1,1,1,1,1,1,1,1,1,1,1,1,1,1,1,1,1,1,1,1,1,1,1,1,1,1,1,1,1,1,1,1,1,1,1,1,1,1,1,1,1,1,1,1,1,1,1,1,1,1,1,0
2026-08-15 21:00:00,54.5014262,0,0,0,0,0,0,0.0579616666666667,2.54995333333333,7.89544333333333,9.896495,7.76556666666667,6.44688833333333,5.68365166666667,5.53406666666667,3.27546166666667,1.53209666666667,0.680573333333333,0.39656,0.251745,0.192665,0.18327,0.229723333333333,0.185651666666667,0.12614,0.117325,0.0845616666666667,0.0888783333333333,0.089445,0.0722183333333333,0.0823966666666667,0.0512883333333333,0.0681366666666667,0.0442066666666667,0.057595,0.0532483333333333,0.047375,0.0424833333333333,0.0372266666666667,0.03212,0.0206033333333333,0.0191416666666667,0.00971,0.00733833333333333,0.00756333333333333,0.00772333333333333,0.0157366666666667,0.005455,0.00571,0.00506666666666667,0.00648,0.00618833333333333,0.00255333333333333,0.00348833333333333,0.00369666666666667,0.00146833333333333,0.00086,0.00043,0.000373333333333333,0.00134,0.00213666666666667,0.00294,0.00122166666666667,0.000101666666666667,0,0.00077,0.00134666666666667,0.000835,0.000796666666666667,0.00128666666666667,0.000415,0,0.000476666666666667,0.00019,0.000205,0.00022,0.000235,0.00025,0.000075,0,1,0,0,0,0,0,0,1,1,1,1,1,1,1,1,1,1,1,1,1,1,1,1,1,1,1,1,1,1,1,1,1,1,1,1,1,1,1,1,1,1,1,1,1,1,1,1,1,1,1,1,1,1,1,1,1,1,1,1,1,1,1,1,1,1,1,1,1,1,1,1,1,1,1,1,1,1,1,1,0
2026-08-15 22:00:00,56.4288965166667,0,0,0,0,0,0,0.04867,2.52483666666667,7.89485666666667,9.97994166666667,8.20125666666667,7.00456666666667,6.28430166666667,5.961335,3.45287833333333,1.57394666666667,0.778658333333333,0.462968333333333,0.309016666666667,0.240278333333333,0.241873333333333,0.264461666666667,0.251498333333333,0.196675,0.143535,0.11347,0.113353333333333,0.128683333333333,0.0852366666666667,0.094765,0.0736783333333333,0.085455,0.0705966666666667,0.0660433333333333,0.0622466666666667,0.0491266666666667,0.05242,0.0389166666666667,0.0240116666666667,0.01892,0.0180716666666667,0.0159883333333333,0.0127533333333333,0.00968,0.0118233333333333,0.00476833333333333,0.00673333333333333,0.005255,0.00624,0.00323833333333333,0.00607166666666667,0.00371333333333333,0.00285833333333333,0.003575,0.00176166666666667,0.00051,0.002035,0.00089,0.00134,0.00256333333333333,0.00128,0.000323333333333333,0.000526666666666667,0.000423333333333333,0.000421666666666667,0.000566666666666667,0.000276666666666667,0.000816666666666667,0.000241666666666667,0.000193333333333333,0,0.0000433333333333333,0.000126666666666667,0.000136666666666667,0.000146666666666667,0.000156666666666667,0.000166666666666667,0.00005,0,1,0,0,0,0,0,0,1,1,1,1,1,1,1,1,1,1,1,1,1,1,1,1,1,1,1,1,1,1,1,1,1,1,1,1,1,1,1,1,1,1,1,1,1,1,1,1,1,1,1,1,1,1,1,1,1,1,1,1,1,1,1,1,1,1,1,1,1,1,1,1,1,1,1,1,1,1,1,1,0
2026-08-15 23:00:00,55.4786400666667,0,0,0,0,0,0,0.0521483333333333,2.42190666666667,7.91143833333333,10.192585,8.13697,6.631855,5.94743666666667,5.79965833333333,3.31354,1.38463666666667,0.669428333333333,0.35329,0.259371666666667,0.199026666666667,0.204365,0.228715,0.20814,0.152425,0.135968333333333,0.106801666666667,0.107485,0.109221666666667,0.0820183333333333,0.0878883333333333,0.07501,0.0944333333333333,0.0642983333333333,0.07039,0.0690133333333333,0.06422,0.04699,0.032005,0.0307333333333333,0.0233133333333333,0.0195833333333333,0.014035,0.01466,0.0105533333333333,0.012155,0.0101516666666667,0.00904666666666667,0.00752166666666667,0.002565,0.00892833333333333,0.00293333333333333,0.00590166666666667,0.002135,0.00248333333333333,0.00422666666666667,0.000688333333333333,0.00215,0.00123,0.00108666666666667,0.001105,0,0.000748333333333333,0.000526666666666667,0.00119333333333333,0.0000766666666666667,0,0,0.000398333333333333,0.000435,0,0,0.0000433333333333333,0.000126666666666667,0.000136666666666667,0.000146666666666667,0.000156666666666667,0.000166666666666667,0.00005,0,1,0,0,0,0,0,0,1,1,1,1,1,1,1,1,1,1,1,1,1,1,1,1,1,1,1,1,1,1,1,1,1,1,1,1,1,1,1,1,1,1,1,1,1,1,1,1,1,1,1,1,1,1,1,1,1,1,1,1,1,1,1,1,1,1,1,1,1,1,1,1,1,1,1,1,1,1,1,1,0
2026-08-16,59.2093212333333,0,0,0,0,0,0,0.0671183333333333,2.97564166666667,9.04064833333333,10.9738216666667,8.68084,6.93369666666667,6.08985333333333,5.85423666666667,3.55905666666667,1.50644833333333,0.7722,0.413051666666667,0.261905,0.211645,0.20564,0.217283333333333,0.196553333333333,0.151736666666667,0.129433333333333,0.0925883333333333,0.11129,0.09291,0.0913033333333333,0.102353333333333,0.065445,0.0809266666666667,0.0609316666666667,0.0662683333333333,0.0579316666666667,0.0594466666666667,0.0452333333333333,0.03665,0.0304783333333333,0.0180966666666667,0.0205766666666667,0.0129383333333333,0.01263,0.0110166666666667,0.00903166666666667,0.00657166666666667,0.00665166666666667,0.00436833333333333,0.001835,0.00496,0.00507666666666667,0.00337333333333333,0.002065,0.00255333333333333,0.000555,0.00134166666666667,0.000601666666666667,0.00149,0.000911666666666667,0.00128166666666667,0.00104333333333333,0.000985,0.000913333333333333,0.000846666666666667,0.000808333333333333,0.000075,0.00042,0.000418333333333333,0,0,0,0,0,0,0,0,0,0,0,1,0,0,0,0,0,0,1,1,1,1,1,1,1,1,1,1,1,1,1,1,1,1,1,1,1,1,1,1,1,1,1,1,1,1,1,1,1,1,1,1,1,1,1,1,1,1,1,1,1,1,1,1,1,1,1,1,1,1,1,1,1,1,1,1,1,1,1,1,1,1,1,1,1,1,1,1,1,1,0
2026-08-16 01:00:00,57.4507705166667,0,0,0,0,0,0,0.0663183333333333,3.08938166666667,9.24126,10.9506433333333,8.56278333333333,6.63646666666667,5.83531833333333,5.51934,3.36466666666667,1.40006833333333,0.708343333333333,0.38595,0.248916666666667,0.202291666666667,0.187191666666667,0.211098333333333,0.19673,0.145313333333333,0.112296666666667,0.0954316666666667,0.09965,0.084,0.072935,0.0686416666666667,0.0544666666666667,0.0725666666666667,0.0550116666666667,0.0561316666666667,0.0429366666666667,0.0488,0.0444783333333333,0.0237983333333333,0.02307,0.01869,0.00898166666666667,0.007795,0.01181,0.005355,0.00814333333333333,0.00726333333333333,0.00353833333333333,0.00730166666666667,0.00512166666666667,0.004485,0.00256166666666667,0.00294,0.00158666666666667,0.00273,0.00124166666666667,0.00177333333333333,0,0.00128666666666667,0.000856666666666667,0.000428333333333333,0.000426666666666667,0.00085,0.000386666666666667,0.000423333333333333,0.000461666666666667,0,0,0,0.000416666666666667,0,0,0,0,0,0,0,0,0,0,1,0,0,0,0,0,0,1,1,1,1,1,1,1,1,1,1,1,1,1,1,1,1,1,1,1,1,1,1,1,1,1,1,1,1,1,1,1,1,1,1,1,1,1,1,1,1,1,1,1,1,1,1,1,1,1,1,1,1,1,1,1,1,1,1,1,1,1,1,1,1,1,1,1,1,1,1,1,1,0
2026-08-16 02:00:00,58.3095047333333,0,0,0,0,0,0,0.06393,3.21355333333333,9.317235,11.1384333333333,8.59428333333333,6.61681333333333,5.88921833333333,5.50066333333333,3.52063166666667,1.47152166666667,0.70256,0.385163333333333,0.235943333333333,0.189243333333333,0.176228333333333,0.210261666666667,0.18497,0.153941666666667,0.12225,0.092465,0.0946316666666667,0.0927866666666667,0.0749816666666667,0.08788,0.070325,0.075975,0.0578083333333333,0.0499783333333333,0.051195,0.04624,0.037145,0.0258983333333333,0.0206816666666667,0.01504,0.0142483333333333,0.0140533333333333,0.00709333333333333,0.00865,0.00743333333333333,0.00602666666666667,0.00404666666666667,0.00306333333333333,0.00644333333333333,0.00460333333333333,0.00295,0.00212,0.001995,0.00107333333333333,0.000378333333333333,0.000968333333333333,0.00157666666666667,0.00174833333333333,0.001515,0.00110666666666667,0.00147,0.000236666666666667,0,0.000423333333333333,0,0.000421666666666667,0,0,0.000416666666666667,0,0,0.0000433333333333333,0.000126666666666667,0.000136666666666667,0.000146666666666667,0.000156666666666667,0.000166666666666667,0.00005,0,1,0,0,0,0,0,0,1,1,1,1,1,1,1,1,1,1,1,1,1,1,1,1,1,1,1,1,1,1,1,1,1,1,1,1,1,1,1,1,1,1,1,1,1,1,1,1,1,1,1,1,1,1,1,1,1,1,1,1,1,1,1,1,1,1,1,1,1,1,1,1,1,1,1,1,1,1,1,1,0
2026-08-16 03:00:00,58.3383614,0,0,0,0,0,0,0.0671916666666667,3.24506833333333,9.58518166666667,11.1673633333333,8.553,6.60862833333333,5.739695,5.5014,3.44454,1.45892,0.713436666666667,0.382996666666667,0.223335,0.17823,0.192826666666667,0.208143333333333,0.197445,0.143471666666667,0.123215,0.0830533333333333,0.0800966666666667,0.0821,0.0729216666666667,0.08658,0.0546816666666667,0.07672,0.06106,0.0494333333333333,0.0459133333333333,0.0423316666666667,0.0391633333333333,0.02949,0.0223666666666667,0.0222033333333333,0.01642,0.01409,0.00933833333333333,0.00908833333333333,0.00722666666666667,0.007235,0.00425166666666667,0.00424166666666667,0.00532,0.00281666666666667,0.00388166666666667,0.00335,0.00315,0.00285166666666667,0.000466666666666667,0.000911666666666667,0.000343333333333333,0.000516666666666667,0.000856666666666667,0,0,0,0.000425,0.000423333333333333,0,0.000283333333333333,0.000138333333333333,0,0,0,0,0,0,0,0,0,0,0,0,1,0,0,0,0,0,0,1,1,1,1,1,1,1,1,1,1,1,1,1,1,1,1,1,1,1,1,1,1,1,1,1,1,1,1,1,1,1,1,1,1,1,1,1,1,1,1,1,1,1,1,1,1,1,1,1,1,1,1,1,1,1,1,1,1,1,1,1,1,1,1,1,1,1,1,1,1,1,1,0
2026-08-16 04:00:00,60.32483855,0,0,0,0,0,0,0.071375,3.28224166666667,9.63569333333333,11.4065283333333,8.69190666666667,6.76359666666667,5.926945,5.55412166666667,3.44478333333333,1.46274333333333,0.686598333333333,0.386696666666667,0.247113333333333,0.192533333333333,0.182491666666667,0.195945,0.168553333333333,0.15315,0.104068333333333,0.0843466666666667,0.08808,0.0966533333333333,0.070245,0.0882466666666667,0.0606566666666667,0.0698866666666667,0.054265,0.0571816666666667,0.0492116666666667,0.04471,0.0389633333333333,0.0315616666666667,0.02451,0.01492,0.0109466666666667,0.011655,0.01204,0.00989666666666667,0.00530166666666667,0.00555333333333333,0.00600833333333333,0.004385,0.00402,0.0068,0.00288833333333333,0.00291666666666667,0.00326666666666667,0.00303833333333333,0.002315,0.00104833333333333,0.00137666666666667,0.000258333333333333,0.000856666666666667,0.000428333333333333,0.00170666666666667,0,0.000386666666666667,0.0000383333333333333,0.000421666666666667,0,0,0,0,0,0.000413333333333333,0.0000216666666666667,0.0000633333333333333,0.0000683333333333333,0.0000733333333333333,0.0000783333333333333,0.0000833333333333333,0.000025,0,1,0,0,0,0,0,0,1,1,1,1,1,1,1,1,1,1,1,1,1,1,1,1,1,1,1,1,1,1,1,1,1,1,1,1,1,1,1,1,1,1,1,1,1,1,1,1,1,1,1,1,1,1,1,1,1,1,1,1,1,1,1,1,1,1,1,1,1,1,1,1,1,1,1,1,1,1,1,1,0
2026-08-16 05:00:00,81.0197399,0,0,0,0,0,0,0.102453333333333,4.06302,12.05928,14.4946166666667,11.4725883333333,9.124635,8.322465,8.42400833333333,5.76624833333333,2.22477166666667,1.12514333333333,0.611726666666667,0.41506,0.344743333333333,0.310548333333333,0.30555,0.27382,0.187626666666667,0.168438333333333,0.132091666666667,0.121188333333333,0.12154,0.09419,0.10396,0.0899383333333333,0.0954666666666667,0.0714783333333333,0.0682566666666667,0.06755,0.062575,0.0435333333333333,0.0314283333333333,0.0315316666666667,0.021615,0.0221066666666667,0.0163383333333333,0.016425,0.0125166666666667,0.0102033333333333,0.00970833333333333,0.00556166666666667,0.00732166666666667,0.00554833333333333,0.00340166666666667,0.00631333333333333,0.00549166666666667,0.00551666666666667,0.00383,0.00112833333333333,0.00177666666666667,0.000803333333333333,0.00252166666666667,0.000483333333333333,0,0.000426666666666667,0.000323333333333333,0.000913333333333333,0.00169333333333333,0.0000383333333333333,0.000283333333333333,0.001135,0.000681666666666667,0.000416666666666667,0,0.00016,0.000296666666666667,0.000126666666666667,0.000136666666666667,0.000146666666666667,0.000156666666666667,0.000166666666666667,0.00005,0,1,0,0,0,0,0,0,1,1,1,1,1,1,1,1,1,1,1,1,1,1,1,1,1,1,1,1,1,1,1,1,1,1,1,1,1,1,1,1,1,1,1,1,1,1,1,1,1,1,1,1,1,1,1,1,1,1,1,1,1,1,1,1,1,1,1,1,1,1,1,1,1,1,1,1,1,1,1,1,0
2026-08-16 06:00:00,93.01504475,0,0,0,0,0,0,0.105968333333333,4.31084666666667,13.0788466666667,15.9862033333333,12.8372233333333,10.4010516666667,9.827415,10.2222116666667,7.10436666666667,2.60673666666667,1.44511166666667,0.863648333333333,0.631336666666667,0.534418333333333,0.463528333333333,0.458663333333333,0.37896,0.276961666666667,0.215645,0.153421666666667,0.14637,0.14011,0.116031666666667,0.123198333333333,0.0886183333333333,0.10219,0.0848166666666667,0.0696433333333333,0.0790833333333333,0.0626666666666667,0.0538833333333333,0.047925,0.0294566666666667,0.02121,0.018825,0.01469,0.012875,0.0165883333333333,0.013395,0.0107733333333333,0.0128666666666667,0.00571,0.00631666666666667,0.0061,0.00755333333333333,0.005445,0.00261166666666667,0.00507333333333333,0.002335,0.001805,0.003355,0.00166166666666667,0.000483333333333333,0,0.00128,0.000425,0.000425,0.001655,0.000385,0.00078,0.000138333333333333,0,0,0,0.000413333333333333,0.000065,0.00019,0.000205,0.00022,0.000235,0.00025,0.000075,0,1,0,0,0,0,0,0,1,1,1,1,1,1,1,1,1,1,1,1,1,1,1,1,1,1,1,1,1,1,1,1,1,1,1,1,1,1,1,1,1,1,1,1,1,1,1,1,1,1,1,1,1,1,1,1,1,1,1,1,1,1,1,1,1,1,1,1,1,1,1,1,1,1,1,1,1,1,1,1,0
2026-08-16 07:00:00,73.6176726166667,0,0,0,0,0,0,0.0744066666666667,3.396895,10.5032066666667,12.9675266666667,10.2392983333333,8.48508833333333,7.89433,7.89341833333333,5.366655,2.13734333333333,1.22157666666667,0.659418333333333,0.428981666666667,0.345676666666667,0.310751666666667,0.320276666666667,0.291758333333333,0.213675,0.168306666666667,0.137243333333333,0.134046666666667,0.124206666666667,0.0924316666666667,0.113545,0.0918416666666667,0.106753333333333,0.0799966666666667,0.0704783333333333,0.0716716666666667,0.0721183333333333,0.0545183333333333,0.0418,0.0443933333333333,0.0274933333333333,0.0247466666666667,0.0177316666666667,0.018845,0.01503,0.0106616666666667,0.009655,0.00816333333333333,0.0137216666666667,0.00654166666666667,0.00825166666666667,0.00540666666666667,0.00465,0.00256833333333333,0.00326,0.00236833333333333,0.00268833333333333,0.00217833333333333,0.00238166666666667,0.002855,0.00110666666666667,0.00104333333333333,0.00193666666666667,0.000386666666666667,0.001655,0.00126833333333333,0.000496666666666667,0.00042,0,0.000833333333333333,0.000415,0,0.000476666666666667,0.00019,0.000205,0.00022,0.000235,0.00025,0.000075,0,1,0,0,0,0,0,0,1,1,1,1,1,1,1,1,1,1,1,1,1,1,1,1,1,1,1,1,1,1,1,1,1,1,1,1,1,1,1,1,1,1,1,1,1,1,1,1,1,1,1,1,1,1,1,1,1,1,1,1,1,1,1,1,1,1,1,1,1,1,1,1,1,1,1,1,1,1,1,1,0
2026-08-16 08:00:00,60.7276959333333,0,0,0,0,0,0,0.0539016666666667,3.03948833333333,9.13493166666667,11.0293133333333,8.70701333333333,6.83211833333333,6.26187666666667,6.08725,3.364805,1.47945333333333,0.803686666666667,0.447656666666667,0.321028333333333,0.246721666666667,0.238755,0.27216,0.2409,0.174925,0.137355,0.112166666666667,0.11849,0.122128333333333,0.0984266666666667,0.111678333333333,0.0762716666666667,0.0925533333333333,0.083255,0.07364,0.074265,0.0700966666666667,0.0650433333333333,0.0498466666666667,0.03715,0.0268783333333333,0.0238633333333333,0.0170466666666667,0.021585,0.0159033333333333,0.01487,0.0147283333333333,0.0110533333333333,0.01149,0.00641333333333333,0.007445,0.00953,0.00628833333333333,0.00343,0.00641,0.004105,0.00311833333333333,0.00209333333333333,0.00197666666666667,0.00265666666666667,0.00221166666666667,0.00256,0.00085,0.000811666666666667,0.00127,0.002925,0.000358333333333333,0.001135,0.000681666666666667,0.00064,0.000193333333333333,0.000826666666666667,0.000563333333333333,0.000443333333333333,0.000478333333333333,0.000513333333333333,0.000548333333333333,0.000583333333333333,0.000175,0,1,0,0,0,0,0,0,1,1,1,1,1,1,1,1,1,1,1,1,1,1,1,1,1,1,1,1,1,1,1,1,1,1,1,1,1,1,1,1,1,1,1,1,1,1,1,1,1,1,1,1,1,1,1,1,1,1,1,1,1,1,1,1,1,1,1,1,1,1,1,1,1,1,1,1,1,1,1,1,0
2026-08-16 09:00:00,69.1525561166667,0,0,0,0,0,0,0.0682983333333333,3.038185,9.97462833333333,12.930515,10.2284816666667,8.27740833333333,7.51544,7.46056166666667,3.77342666666667,1.64096166666667,0.896941666666667,0.497766666666667,0.329276666666667,0.268261666666667,0.256216666666667,0.277035,0.225935,0.168218333333333,0.134655,0.109486666666667,0.122633333333333,0.101706666666667,0.0992483333333333,0.10626,0.0777716666666667,0.09811,0.08118,0.0654783333333333,0.07292,0.05959,0.0525016666666667,0.0494816666666667,0.046065,0.03139,0.0236266666666667,0.0194616666666667,0.0192333333333333,0.0142783333333333,0.0113383333333333,0.0129466666666667,0.0104033333333333,0.0111483333333333,0.0122983333333333,0.007685,0.0113066666666667,0.00458,0.00451333333333333,0.00379333333333333,0.00546,0.00405333333333333,0.00194833333333333,0.003065,0.00242666666666667,0.001105,0.00293833333333333,0.000473333333333333,0,0,0.000346666666666667,0.00106166666666667,0.00140333333333333,0.00055,0.000863333333333333,0.00246166666666667,0.000413333333333333,0.00104,0.000633333333333333,0.00068,0.00073,0.000783333333333333,0.000836666666666667,0.000246666666666667,0,1,0,0,0,0,0,0,1,1,1,1,1,1,1,1,1,1,1,1,1,1,1,1,1,1,1,1,1,1,1,1,1,1,1,1,1,1,1,1,1,1,1,1,1,1,1,1,1,1,1,1,1,1,1,1,1,1,1,1,1,1,1,1,1,1,1,1,1,1,1,1,1,1,1,1,1,1,1,1,0
2026-08-16 10:00:00,71.3418514,0,0,0,0,0,0,0.0680116666666667,3.13165166666667,10.2280433333333,13.13866,10.3236683333333,8.48963666666667,7.83641833333333,7.80340666666667,4.17079333333333,1.71485,0.860561666666667,0.47036,0.310776666666667,0.248958333333333,0.233175,0.28321,0.223621666666667,0.157793333333333,0.14134,0.109596666666667,0.0946966666666667,0.105935,0.091725,0.101983333333333,0.0657016666666667,0.07688,0.0760133333333333,0.0609933333333333,0.06762,0.0529466666666667,0.045675,0.0405166666666667,0.0357866666666667,0.02648,0.0212366666666667,0.0179166666666667,0.01198,0.0101483333333333,0.0107983333333333,0.00831333333333333,0.0122966666666667,0.010075,0.00598333333333333,0.00695166666666667,0.008505,0.00499,0.00647833333333333,0.00524,0.00378833333333333,0.00317,0.001835,0.001545,0.00188833333333333,0.002815,0.00147,0.00130833333333333,0.001865,0.000461666666666667,0,0.000566666666666667,0.000985,0.001765,0.000453333333333333,0.000173333333333333,0.00024,0.000151666666666667,0.000443333333333333,0.000478333333333333,0.000513333333333333,0.000548333333333333,0.000583333333333333,0.000175,0,1,0,0,0,0,0,0,1,1,1,1,1,1,1,1,1,1,1,1,1,1,1,1,1,1,1,1,1,1,1,1,1,1,1,1,1,1,1,1,1,1,1,1,1,1,1,1,1,1,1,1,1,1,1,1,1,1,1,1,1,1,1,1,1,1,1,1,1,1,1,1,1,1,1,1,1,1,1,1,0
2026-08-16 11:00:00,104.866766733333,0,0,0,0,0,0,0.0990633333333333,4.51889,14.5465633333333,19.16354,15.7234216666667,13.1057366666667,11.9510616666667,11.871505,6.60225333333333,2.61112666666667,1.219005,0.621273333333333,0.400298333333333,0.337758333333333,0.28839,0.296363333333333,0.2501,0.182658333333333,0.13436,0.106136666666667,0.126796666666667,0.0994183333333333,0.0896216666666667,0.0979333333333333,0.0803366666666667,0.0830183333333333,0.0716233333333333,0.06072,0.0639416666666667,0.0606816666666667,0.0431866666666667,0.0404733333333333,0.0335533333333333,0.0295866666666667,0.0159983333333333,0.0144983333333333,0.0113483333333333,0.0103316666666667,0.011175,0.006275,0.0112916666666667,0.007775,0.00817,0.00819166666666667,0.00425166666666667,0.00462333333333333,0.00485333333333333,0.00550166666666667,0.00177166666666667,0.00271666666666667,0.00240833333333333,0.002175,0.00272166666666667,0.00161,0.000996666666666667,0.00241,0,0.00127,0.000346666666666667,0.00078,0.00168666666666667,0.00055,0.000416666666666667,0.000173333333333333,0.0004,0.000361666666666667,0.000316666666666667,0.000341666666666667,0.000366666666666667,0.000391666666666667,0.000416666666666667,0.000125,0,1,0,0,0,0,0,0,1,1,1,1,1,1,1,1,1,1,1,1,1,1,1,1,1,1,1,1,1,1,1,1,1,1,1,1,1,1,1,1,1,1,1,1,1,1,1,1,1,1,1,1,1,1,1,1,1,1,1,1,1,1,1,1,1,1,1,1,1,1,1,1,1,1,1,1,1,1,1,1,0
2026-08-16 12:00:00,116.04968665,0,0,0,0,0,0,0.11296,4.802935,15.7035566666667,20.9665433333333,17.2147233333333,14.2881916666667,13.0888716666667,12.9912316666667,7.75979,3.15765666666667,1.400985,0.745801666666667,0.46949,0.354561666666667,0.335461666666667,0.322953333333333,0.286591666666667,0.20997,0.151385,0.126738333333333,0.12326,0.107283333333333,0.0934366666666667,0.0957016666666667,0.077335,0.0881016666666667,0.0764166666666667,0.0725166666666667,0.0642316666666667,0.0530883333333333,0.04986,0.045905,0.0349733333333333,0.034395,0.0263933333333333,0.018375,0.014065,0.0130016666666667,0.0112116666666667,0.0137416666666667,0.00866166666666667,0.00889833333333333,0.00751,0.005215,0.00588,0.00211833333333333,0.00399,0.00457833333333333,0.00262333333333333,0.00398,0.001835,0.00309666666666667,0.00222833333333333,0.00392,0.00147,0.000985,0.00137666666666667,0.00127,0.00126833333333333,0.000843333333333333,0.00112833333333333,0.000131666666666667,0.000416666666666667,0.00117666666666667,0.002295,0.00281,0.000253333333333333,0.000273333333333333,0.000293333333333333,0.000313333333333333,0.000333333333333333,0.0001,0,1,0,0,0,0,0,0,1,1,1,1,1,1,1,1,1,1,1,1,1,1,1,1,1,1,1,1,1,1,1,1,1,1,1,1,1,1,1,1,1,1,1,1,1,1,1,1,1,1,1,1,1,1,1,1,1,1,1,1,1,1,1,1,1,1,1,1,1,1,1,1,1,1,1,1,1,1,1,1,0
2026-08-16 13:00:00,119.535143033333,0,0,0,0,0,0,0.109823333333333,5.20850666666667,16.5646333333333,22.217325,17.994265,14.6213016666667,13.0883033333333,12.6643616666667,8.41965,3.554455,1.53625,0.79989,0.490261666666667,0.377893333333333,0.355971666666667,0.35028,0.303683333333333,0.208821666666667,0.165465,0.128161666666667,0.117221666666667,0.115976666666667,0.0954316666666667,0.102311666666667,0.0701066666666667,0.08775,0.0719833333333333,0.07025,0.0587116666666667,0.046855,0.0520166666666667,0.0465316666666667,0.039975,0.0303616666666667,0.0234416666666667,0.0172516666666667,0.0165833333333333,0.0151266666666667,0.0122716666666667,0.0108266666666667,0.0139766666666667,0.00956666666666667,0.00952166666666667,0.00439333333333333,0.00935166666666667,0.00795333333333333,0.00725833333333333,0.00942,0.004105,0.00438166666666667,0.00298,0.00450166666666667,0.002965,0.00110833333333333,0.00313,0.001985,0.00166166666666667,0.002925,0.002385,0.00191833333333333,0.00196333333333333,0.000928333333333333,0.00087,0.00083,0.000826666666666667,0.000173333333333333,0.000506666666666667,0.000546666666666667,0.000586666666666667,0.000626666666666667,0.000666666666666667,0.0002,0,1,0,0,0,0,0,0,1,1,1,1,1,1,1,1,1,1,1,1,1,1,1,1,1,1,1,1,1,1,1,1,1,1,1,1,1,1,1,1,1,1,1,1,1,1,1,1,1,1,1,1,1,1,1,1,1,1,1,1,1,1,1,1,1,1,1,1,1,1,1,1,1,1,1,1,1,1,1,1,0
2026-08-16 14:00:00,127.933866483333,0,0,0,0,0,0,0.130891666666667,5.69178166666667,17.726045,23.6713716666667,19.061795,15.3538816666667,13.5688283333333,13.0544966666667,9.06649,4.14582333333333,1.73009666666667,0.90608,0.568055,0.427633333333333,0.372151666666667,0.361871666666667,0.30871,0.248601666666667,0.2,0.141255,0.133513333333333,0.127243333333333,0.0948533333333333,0.0992483333333333,0.07915,0.0842083333333333,0.07526,0.0652116666666667,0.0586483333333333,0.0493733333333333,0.0492916666666667,0.03832,0.0320733333333333,0.026095,0.0205916666666667,0.0181116666666667,0.01867,0.0118283333333333,0.00910833333333333,0.00879166666666667,0.00852333333333333,0.00810166666666667,0.00890833333333333,0.00704666666666667,0.00839666666666667,0.00588,0.00753666666666667,0.00672666666666667,0.00641,0.00497,0.00344,0.00318333333333333,0.00222833333333333,0.00221166666666667,0.00341333333333333,0.00159833333333333,0.00222666666666667,0.00204,0.00280833333333333,0.00149166666666667,0.00126,0.001235,0.001075,0.000781666666666667,0.0004,0.000405,0.000443333333333333,0.000478333333333333,0.000513333333333333,0.000548333333333333,0.000583333333333333,0.000175,0,1,0,0,0,0,0,0,1,1,1,1,1,1,1,1,1,1,1,1,1,1,1,1,1,1,1,1,1,1,1,1,1,1,1,1,1,1,1,1,1,1,1,1,1,1,1,1,1,1,1,1,1,1,1,1,1,1,1,1,1,1,1,1,1,1,1,1,1,1,1,1,1,1,1,1,1,1,1,1,0
2026-08-16 15:00:00,116.49248435,0,0,0,0,0,0,0.116566666666667,5.30567666666667,16.4287866666667,21.5197466666667,17.1562033333333,13.707805,12.0221966666667,11.4418783333333,8.67428833333333,4.33355833333333,1.70691666666667,0.88843,0.548506666666667,0.419368333333333,0.37883,0.324238333333333,0.307843333333333,0.238835,0.18079,0.136778333333333,0.115858333333333,0.108473333333333,0.0919433333333333,0.100895,0.0789016666666667,0.0725616666666667,0.06197,0.060765,0.0518033333333333,0.0363483333333333,0.0381216666666667,0.0308733333333333,0.0271,0.0255433333333333,0.0170933333333333,0.01642,0.0128283333333333,0.015565,0.0116533333333333,0.00888166666666667,0.0105566666666667,0.00823166666666667,0.00845833333333333,0.005165,0.00978333333333333,0.00417,0.00242666666666667,0.003055,0.004605,0.00394833333333333,0.004445,0.00469666666666667,0.001395,0.003845,0.00355666666666667,0.00358333333333333,0.00211166666666667,0.00350166666666667,0.00238333333333333,0.00269333333333333,0.00153833333333333,0.001785,0.000658333333333333,0.000193333333333333,0.000826666666666667,0.000216666666666667,0.000633333333333333,0.000683333333333333,0.000733333333333333,0.000783333333333333,0.000833333333333333,0.00025,0,1,0,0,0,0,0,0,1,1,1,1,1,1,1,1,1,1,1,1,1,1,1,1,1,1,1,1,1,1,1,1,1,1,1,1,1,1,1,1,1,1,1,1,1,1,1,1,1,1,1,1,1,1,1,1,1,1,1,1,1,1,1,1,1,1,1,1,1,1,1,1,1,1,1,1,1,1,1,1,0
2026-08-16 16:00:00,112.1653338,0,0,0,0,0,0,0.126055,5.17956666666667,15.8057416666667,20.2710583333333,15.814425,12.41157,11.2489033333333,10.8104733333333,8.71477,4.816515,1.95871666666667,0.997803333333333,0.650393333333333,0.505995,0.42768,0.40247,0.361185,0.258946666666667,0.210955,0.15853,0.141543333333333,0.110971666666667,0.093635,0.100588333333333,0.0841366666666667,0.0791966666666667,0.061685,0.062795,0.0628733333333333,0.0468733333333333,0.0418333333333333,0.036605,0.0337566666666667,0.01914,0.0150133333333333,0.015565,0.015105,0.00838,0.01185,0.0118833333333333,0.011645,0.00955,0.00679666666666667,0.01046,0.00924333333333333,0.0046,0.006895,0.00538666666666667,0.00364666666666667,0.00156,0.00384166666666667,0.00415166666666667,0.00194333333333333,0.00110666666666667,0.00204,0.00222166666666667,0.00459833333333333,0.00250166666666667,0.00180333333333333,0.00112666666666667,0.00184333333333333,0.00202833333333333,0.000676666666666667,0.00161166666666667,0.00024,0.00140666666666667,0.000505,0.000545,0.000585,0.000626666666666667,0.000668333333333333,0.000198333333333333,0,1,0,0,0,0,0,0,1,1,1,1,1,1,1,1,1,1,1,1,1,1,1,1,1,1,1,1,1,1,1,1,1,1,1,1,1,1,1,1,1,1,1,1,1,1,1,1,1,1,1,1,1,1,1,1,1,1,1,1,1,1,1,1,1,1,1,1,1,1,1,1,1,1,1,1,1,1,1,1,0
2026-08-16 17:00:00,154.57065075,0,0,0,0,0,0,0.155716666666667,6.819555,21.41525,27.5752883333333,21.4307366666667,17.1487533333333,15.1781516666667,14.671225,12.47229,7.31724166666667,2.82671,1.51628,1.01478666666667,0.735896666666667,0.632806666666667,0.56466,0.50314,0.395698333333333,0.286485,0.231781666666667,0.204135,0.164605,0.14893,0.139976666666667,0.0980116666666667,0.112991666666667,0.0876116666666667,0.0624366666666667,0.0702516666666667,0.06939,0.0532116666666667,0.0451616666666667,0.040165,0.02941,0.0228933333333333,0.0214283333333333,0.02057,0.016185,0.0134066666666667,0.0130416666666667,0.0112883333333333,0.00809833333333333,0.00928833333333333,0.00796666666666667,0.00930833333333333,0.00631333333333333,0.00699166666666667,0.00515833333333333,0.00540833333333333,0.00201166666666667,0.00421333333333333,0.00327166666666667,0.00376666666666667,0.00196166666666667,0.00251333333333333,0.00304166666666667,0.00458,0.00173166666666667,0.00165333333333333,0.00120166666666667,0.000978333333333333,0.000816666666666667,0.002325,0.00202666666666667,0.000653333333333333,0.00138666666666667,0.000443333333333333,0.000476666666666667,0.000511666666666667,0.000548333333333333,0.000585,0.000173333333333333,0,1,0,0,0,0,0,0,1,1,1,1,1,1,1,1,1,1,1,1,1,1,1,1,1,1,1,1,1,1,1,1,1,1,1,1,1,1,1,1,1,1,1,1,1,1,1,1,1,1,1,1,1,1,1,1,1,1,1,1,1,1,1,1,1,1,1,1,1,1,1,1,1,1,1,1,1,1,1,1,0
2026-08-16 18:00:00,124.470542116667,0,0,0,0,0,0,0.131926666666667,5.660925,17.9791416666667,22.647485,17.7802083333333,14.0237,12.2809683333333,11.93824,9.68443,5.48593666666667,2.14288,1.13573833333333,0.695668333333333,0.530846666666667,0.458781666666667,0.446588333333333,0.377911666666667,0.283186666666667,0.240523333333333,0.190721666666667,0.16198,0.149696666666667,0.102563333333333,0.106046666666667,0.0887083333333333,0.0897933333333333,0.0698383333333333,0.0692133333333333,0.059625,0.052535,0.048765,0.039985,0.028925,0.0284866666666667,0.0215983333333333,0.0204633333333333,0.0158066666666667,0.0148183333333333,0.0138783333333333,0.0118066666666667,0.011415,0.00783,0.00691833333333333,0.010685,0.00524833333333333,0.00831666666666667,0.00333666666666667,0.004675,0.00559166666666667,0.00523666666666667,0.0039,0.0039,0.00364666666666667,0.00256333333333333,0.00445666666666667,0.00312833333333333,0.00135833333333333,0.00415666666666667,0.002535,0.000496666666666667,0.000708333333333333,0.00053,0.001685,0.00083,0.00032,0.000723333333333333,0.000633333333333333,0.000683333333333333,0.000733333333333333,0.000783333333333333,0.000833333333333333,0.00025,0,1,0,0,0,0,0,0,1,1,1,1,1,1,1,1,1,1,1,1,1,1,1,1,1,1,1,1,1,1,1,1,1,1,1,1,1,1,1,1,1,1,1,1,1,1,1,1,1,1,1,1,1,1,1,1,1,1,1,1,1,1,1,1,1,1,1,1,1,1,1,1,1,1,1,1,1,1,1,1,0
2026-08-16 19:00:00,60.85472775,0,0,0,0,0,0,0.06559,2.95170666666667,9.03097,11.3538583333333,8.658515,6.74199,6.014365,5.818175,4.66433,2.77159333333333,0.966018333333333,0.509491666666667,0.310403333333333,0.226915,0.210256666666667,0.191725,0.198176666666667,0.137503333333333,0.107823333333333,0.0766733333333333,0.0706233333333333,0.0730883333333333,0.0487133333333333,0.059315,0.0416516666666667,0.0476483333333333,0.0352083333333333,0.0355116666666667,0.0276016666666667,0.0293366666666667,0.0221183333333333,0.0201783333333333,0.017725,0.0161633333333333,0.01161,0.01058,0.0104233333333333,0.01052,0.009475,0.0104733333333333,0.009035,0.00868166666666667,0.004785,0.00800833333333333,0.00681166666666667,0.00622,0.00681666666666667,0.00485166666666667,0.00228166666666667,0.00489333333333333,0.00298333333333333,0.00292,0.00284166666666667,0.004855,0.00208666666666667,0.002395,0.00221333333333333,0.00134666666666667,0.00173,0.00141,0.00198,0.00244833333333333,0.00170333333333333,0,0.000826666666666667,0.00151666666666667,0.000823333333333333,0.000888333333333333,0.000953333333333333,0.00101833333333333,0.00108333333333333,0.000325,0,1,0,0,0,0,0,0,1,1,1,1,1,1,1,1,1,1,1,1,1,1,1,1,1,1,1,1,1,1,1,1,1,1,1,1,1,1,1,1,1,1,1,1,1,1,1,1,1,1,1,1,1,1,1,1,1,1,1,1,1,1,1,1,1,1,1,1,1,1,1,1,1,1,1,1,1,1,1,1,0
2026-08-16 20:00:00,39.77504945,0,0,0,0,0,0,0.03921,1.83789833333333,5.54413,6.76593833333333,5.113125,3.92614166666667,3.59642833333333,3.72264833333333,3.64584166666667,2.75287833333333,0.967235,0.494011666666667,0.301538333333333,0.214555,0.190695,0.19211,0.181016666666667,0.120613333333333,0.08543,0.05797,0.0452816666666667,0.0401766666666667,0.026995,0.0247166666666667,0.0242416666666667,0.0236533333333333,0.0179366666666667,0.0147533333333333,0.0155366666666667,0.0157533333333333,0.0132233333333333,0.0127316666666667,0.006725,0.00554666666666667,0.00678666666666667,0.00279833333333333,0.004075,0.00158833333333333,0.00617666666666667,0.003875,0.00244666666666667,0.00393333333333333,0.00310666666666667,0.00663666666666667,0.00472666666666667,0.00373666666666667,0.00292833333333333,0.00124,0.00388333333333333,0.00157666666666667,0.001605,0.00309166666666667,0.00120666666666667,0.00178333333333333,0.00123333333333333,0.00164666666666667,0.000913333333333333,0.00327333333333333,0.000923333333333333,0.00190666666666667,0.000696666666666667,0.000836666666666667,0.00125,0.000415,0.000413333333333333,0.000108333333333333,0.000316666666666667,0.000341666666666667,0.000366666666666667,0.000391666666666667,0.000416666666666667,0.000125,0,1,0,0,0,0,0,0,1,1,1,1,1,1,1,1,1,1,1,1,1,1,1,1,1,1,1,1,1,1,1,1,1,1,1,1,1,1,1,1,1,1,1,1,1,1,1,1,1,1,1,1,1,1,1,1,1,1,1,1,1,1,1,1,1,1,1,1,1,1,1,1,1,1,1,1,1,1,1,1,0
2026-08-16 21:00:00,44.977951779661,0,0,0,0,0,0,0.0479084745762712,2.08358983050847,6.67152881355932,7.86037966101695,5.90989152542373,4.5254406779661,3.90443220338983,3.84123220338983,3.6018406779661,2.71982881355932,1.05711694915254,0.595530508474576,0.322530508474576,0.232561016949153,0.203874576271186,0.187933898305085,0.181477966101695,0.129301694915254,0.0748949152542373,0.0638474576271186,0.0457745762711864,0.0436440677966102,0.0269508474576271,0.035764406779661,0.0247220338983051,0.0203271186440678,0.0162169491525424,0.0177813559322034,0.0116237288135593,0.00957966101694915,0.00977796610169492,0.00886610169491526,0.010671186440678,0.00737966101694915,0.0073593220338983,0.00572203389830508,0.00455423728813559,0.00547966101694915,0.0052271186440678,0.0042728813559322,0.00572542372881356,0.00530847457627119,0.00303220338983051,0.00185932203389831,0.000883050847457627,0.0025728813559322,0.00163728813559322,0.00294576271186441,0.00323220338983051,0.00194067796610169,0.00201186440677966,0.00134067796610169,0.0015406779661017,0.0024271186440678,0.000433898305084746,0.000761016949152542,0.000535593220338983,0.00160508474576271,0.000116949152542373,0.000428813559322034,0,0,0.000423728813559322,0.000598305084745763,0.000244067796610169,0.000572881355932203,0.000450847457627119,0.000486440677966102,0.000522033898305085,0.000557627118644068,0.000593220338983051,0.000177966101694915,0,1,0,0,0,0,0,0,1,1,1,1,1,1,1,1,1,1,1,1,1,1,1,1,1,1,1,1,1,1,1,1,1,1,1,1,1,1,1,1,1,1,1,1,1,1,1,1,1,1,1,1,1,1,1,1,1,1,1,1,1,1,1,1,1,1,1,1,1,1,1,1,1,1,1,1,1,1,1,1,0
2026-08-16 22:00:00,55.4512624482759,0,0,0,0,0,0,0.0614534482758621,2.89512068965517,9.10676379310345,11.0899810344828,8.12866034482759,6.01932068965517,5.04401551724138,4.94915517241379,3.30596034482759,1.94523965517241,0.887762068965517,0.46756724137931,0.287489655172414,0.21676724137931,0.185096551724138,0.192970689655172,0.148777586206897,0.107644827586207,0.0798379310344828,0.0640258620689655,0.0502172413793103,0.0466379310344828,0.0359275862068966,0.041501724137931,0.0273793103448276,0.0281827586206897,0.0225724137931034,0.0236155172413793,0.0176620689655172,0.014348275862069,0.0176741379310345,0.0167137931034483,0.0120224137931034,0.00886206896551724,0.00815862068965517,0.00761724137931034,0.00609655172413793,0.00753448275862069,0.00410172413793103,0.00363965517241379,0.00126896551724138,0.00271896551724138,0.00318620689655172,0.00379827586206897,0.00170862068965517,0.00212068965517241,0.00133965517241379,0.00096551724137931,0.000446551724137931,0.00139310344827586,0.00278793103448276,0.000710344827586207,0.000624137931034483,0.00202758620689655,0.00127586206896552,0.000929310344827586,0.000839655172413793,0.00091551724137931,0.000358620689655172,0.0000775862068965517,0,0.000432758620689655,0.000431034482758621,0.000787931034482759,0.00135172413793103,0.000918965517241379,0.000196551724137931,0.000212068965517241,0.000227586206896552,0.000243103448275862,0.000258620689655172,0.0000775862068965517,0,1,0,0,0,0,0,0,1,1,1,1,1,1,1,1,1,1,1,1,1,1,1,1,1,1,1,1,1,1,1,1,1,1,1,1,1,1,1,1,1,1,1,1,1,1,1,1,1,1,1,1,1,1,1,1,1,1,1,1,1,1,1,1,1,1,1,1,1,1,1,1,1,1,1,1,1,1,1,1,0
2026-08-16 23:00:00,55.17433945,0,0,0,0,0,0,0.073375,3.59018,10.2200233333333,11.4112716666667,7.98337333333333,5.67571666666667,4.77411833333333,4.639755,2.86259833333333,1.45937333333333,0.584871666666667,0.316355,0.185476666666667,0.149158333333333,0.141251666666667,0.143708333333333,0.131375,0.0948,0.05677,0.048465,0.0405833333333333,0.0433416666666667,0.0389533333333333,0.035435,0.0277533333333333,0.035475,0.0266533333333333,0.0215,0.026315,0.0206183333333333,0.0167983333333333,0.01435,0.015835,0.0107766666666667,0.007215,0.00607166666666667,0.0053,0.00706166666666667,0.00553166666666667,0.00596,0.00440833333333333,0.003825,0.00292833333333333,0.00182833333333333,0.00301333333333333,0.00168666666666667,0.00131833333333333,0.001295,0.00124166666666667,0.00139833333333333,0.000975,0.00148833333333333,0.00134,0,0.00019,0.00151166666666667,0.000425,0.000423333333333333,0.000346666666666667,0.000075,0.00042,0.000418333333333333,0,0,0.000413333333333333,0.0000216666666666667,0.0000633333333333333,0.0000683333333333333,0.0000733333333333333,0.0000783333333333333,0.0000833333333333333,0.000025,0,1,0,0,0,0,0,0,1,1,1,1,1,1,1,1,1,1,1,1,1,1,1,1,1,1,1,1,1,1,1,1,1,1,1,1,1,1,1,1,1,1,1,1,1,1,1,1,1,1,1,1,1,1,1,1,1,1,1,1,1,1,1,1,1,1,1,1,1,1,1,1,1,1,1,1,1,1,1,1,0
2026-08-17,56.5049275166667,0,0,0,0,0,0,0.101993333333333,4.26636166666667,10.9891283333333,11.4095983333333,7.918785,5.710845,4.76999833333333,4.47034333333333,2.994575,1.47055166666667,0.620783333333333,0.312583333333333,0.194785,0.141988333333333,0.133245,0.146791666666667,0.126695,0.0883016666666667,0.0530733333333333,0.054115,0.0508083333333333,0.0451716666666667,0.028375,0.0380633333333333,0.0254516666666667,0.04049,0.0288233333333333,0.02754,0.02454,0.0197733333333333,0.0177783333333333,0.0145666666666667,0.0136816666666667,0.0126233333333333,0.00864666666666667,0.00492666666666667,0.00690333333333333,0.005515,0.00575166666666667,0.00653833333333333,0.00461833333333333,0.004365,0.00308,0.001505,0.00290833333333333,0.00212,0.000408333333333333,0.00248333333333333,0.00190333333333333,0.00258,0.000601666666666667,0.000686666666666667,0.000856666666666667,0,0.000616666666666667,0.00056,0.000526666666666667,0.000423333333333333,0,0.000421666666666667,0,0.000398333333333333,0.0000183333333333333,0,0,0,0,0,0,0,0,0,0,1,0,0,0,0,0,0,1,1,1,1,1,1,1,1,1,1,1,1,1,1,1,1,1,1,1,1,1,1,1,1,1,1,1,1,1,1,1,1,1,1,1,1,1,1,1,1,1,1,1,1,1,1,1,1,1,1,1,1,1,1,1,1,1,1,1,1,1,1,1,1,1,1,1,1,1,1,1,1,0
2026-08-17 01:00:00,60.3375050166667,0,0,0,0,0,0,0.09801,4.19836666666667,11.2269983333333,12.0834416666667,8.669845,6.20496333333333,5.20036166666667,4.88385666666667,3.29210833333333,1.65869833333333,0.674103333333333,0.392055,0.241591666666667,0.187521666666667,0.1744,0.176486666666667,0.139395,0.101773333333333,0.0817966666666667,0.0508083333333333,0.051005,0.0446483333333333,0.0402716666666667,0.0409333333333333,0.0405766666666667,0.0347183333333333,0.033325,0.0293816666666667,0.0274966666666667,0.01978,0.0193133333333333,0.0155166666666667,0.0129866666666667,0.01344,0.007115,0.00970833333333333,0.010435,0.00576333333333333,0.00438166666666667,0.00567,0.00331666666666667,0.00511,0.00364,0.00288833333333333,0.00330166666666667,0.00335,0.00179666666666667,0.00120666666666667,0.000845,0.000991666666666667,0.000401666666666667,0.000858333333333333,0.000856666666666667,0,0.000426666666666667,0.000323333333333333,0.000526666666666667,0.00123166666666667,0.000385,0.000358333333333333,0.000138333333333333,0.000398333333333333,0.0000183333333333333,0,0,0.0000433333333333333,0.000126666666666667,0.000136666666666667,0.000146666666666667,0.000156666666666667,0.000166666666666667,0.00005,0,1,0,0,0,0,0,0,1,1,1,1,1,1,1,1,1,1,1,1,1,1,1,1,1,1,1,1,1,1,1,1,1,1,1,1,1,1,1,1,1,1,1,1,1,1,1,1,1,1,1,1,1,1,1,1,1,1,1,1,1,1,1,1,1,1,1,1,1,1,1,1,1,1,1,1,1,1,1,1,0
2026-08-17 02:00:00,64.5692553,0,0,0,0,0,0,0.121755,4.89271833333333,12.3635766666667,13.13272,9.08679666666667,6.65161666666667,5.50473,5.24936833333333,3.38728666666667,1.62353166666667,0.66349,0.364085,0.22198,0.172078333333333,0.152346666666667,0.17946,0.128258333333333,0.0943916666666667,0.0768883333333333,0.0565216666666667,0.0508066666666667,0.050675,0.0353883333333333,0.0441166666666667,0.035595,0.03885,0.0288866666666667,0.0319516666666667,0.0242566666666667,0.01977,0.02005,0.018135,0.01533,0.00936,0.00932333333333333,0.00839333333333333,0.00880333333333333,0.00408333333333333,0.00175,0.005135,0.002745,0.00204833333333333,0.00313333333333333,0.00180166666666667,0.00171333333333333,0.00248166666666667,0.00168,0.00221,0.00214,0.00225333333333333,0.00103166666666667,0.00390166666666667,0.00022,0.000428333333333333,0.00128,0,0.00085,0.000846666666666667,0.000768333333333333,0.00078,0.000558333333333333,0.000398333333333333,0.0000183333333333333,0.000173333333333333,0.00024,0.0000216666666666667,0.0000633333333333333,0.0000683333333333333,0.0000733333333333333,0.0000783333333333333,0.0000833333333333333,0.000025,0,1,0,0,0,0,0,0,1,1,1,1,1,1,1,1,1,1,1,1,1,1,1,1,1,1,1,1,1,1,1,1,1,1,1,1,1,1,1,1,1,1,1,1,1,1,1,1,1,1,1,1,1,1,1,1,1,1,1,1,1,1,1,1,1,1,1,1,1,1,1,1,1,1,1,1,1,1,1,1,0
2026-08-17 03:00:00,58.8174820666667,0,0,0,0,0,0,0.0878733333333333,4.06532333333333,10.8140316666667,11.8641183333333,8.60660333333333,6.23825833333333,5.205985,4.92403666666667,3.17703666666667,1.42276833333333,0.595866666666667,0.32052,0.18454,0.137013333333333,0.1305,0.132295,0.122845,0.0888966666666667,0.066235,0.0426383333333333,0.0443583333333333,0.0398933333333333,0.0348316666666667,0.040085,0.0283233333333333,0.0316666666666667,0.0255333333333333,0.031845,0.03109,0.0245316666666667,0.0246483333333333,0.023865,0.01445,0.0120333333333333,0.0125783333333333,0.00824166666666667,0.00816666666666667,0.00507833333333333,0.00613166666666667,0.00499333333333333,0.00447666666666667,0.00598166666666667,0.00445333333333333,0.00285833333333333,0.00249666666666667,0.00125166666666667,0.00211166666666667,0.00118833333333333,0.00266,0.000963333333333333,0.00086,0.00043,0.00214166666666667,0.00170833333333333,0,0.000425,0.000425,0.000846666666666667,0.000346666666666667,0.000075,0.00126,0,0.00064,0.000608333333333333,0,0.000411666666666667,0,0,0,0,0,0,0,1,0,0,0,0,0,0,1,1,1,1,1,1,1,1,1,1,1,1,1,1,1,1,1,1,1,1,1,1,1,1,1,1,1,1,1,1,1,1,1,1,1,1,1,1,1,1,1,1,1,1,1,1,1,1,1,1,1,1,1,1,1,1,1,1,1,1,1,1,1,1,1,1,1,1,1,1,1,1,0
2026-08-17 04:00:00,54.43057975,0,0,0,0,0,0,0.0912316666666667,3.75649166666667,10.0133583333333,10.7622583333333,7.880405,5.80981333333333,4.87788,4.626785,3.05008166666667,1.3247,0.5498,0.305618333333333,0.170273333333333,0.131958333333333,0.121271666666667,0.130756666666667,0.115603333333333,0.0925816666666667,0.0622366666666667,0.049785,0.0476666666666667,0.0463383333333333,0.0441966666666667,0.0511,0.0367216666666667,0.0467816666666667,0.0328333333333333,0.03257,0.0366783333333333,0.0276633333333333,0.0268066666666667,0.02007,0.0174733333333333,0.01241,0.00952666666666667,0.00884833333333333,0.008015,0.00675333333333333,0.00746833333333333,0.004925,0.00426,0.003155,0.00452833333333333,0.001475,0.000825,0.00125333333333333,0.00292833333333333,0.00134666666666667,0.00310833333333333,0.00174833333333333,0.000831666666666667,0.000801666666666667,0.00237166666666667,0.000251666666666667,0.00128,0.00085,0.0017,0,0,0.000421666666666667,0,0.000836666666666667,0,0.00083,0.000413333333333333,0.0000216666666666667,0.0000633333333333333,0.0000683333333333333,0.0000733333333333333,0.0000783333333333333,0.0000833333333333333,0.000025,0,1,0,0,0,0,0,0,1,1,1,1,1,1,1,1,1,1,1,1,1,1,1,1,1,1,1,1,1,1,1,1,1,1,1,1,1,1,1,1,1,1,1,1,1,1,1,1,1,1,1,1,1,1,1,1,1,1,1,1,1,1,1,1,1,1,1,1,1,1,1,1,1,1,1,1,1,1,1,1,0
2026-08-17 05:00:00,45.4777035833333,0,0,0,0,0,0,0.0583133333333333,2.52089,7.40470166666667,8.77246333333333,6.753635,5.04252666666667,4.24433333333333,4.10892666666667,2.91499333333333,1.16008166666667,0.502521666666667,0.268455,0.161983333333333,0.13451,0.127865,0.123005,0.117998333333333,0.084545,0.0697733333333333,0.0593733333333333,0.0750383333333333,0.0687566666666667,0.05731,0.0610683333333333,0.04798,0.0599833333333333,0.0505483333333333,0.0450366666666667,0.0426633333333333,0.0460366666666667,0.0376583333333333,0.0272466666666667,0.01764,0.01447,0.0136916666666667,0.01124,0.00973,0.00852833333333333,0.00306333333333333,0.00308333333333333,0.004125,0.005005,0.00259333333333333,0.00449666666666667,0.00468333333333333,0.000843333333333333,0.00254333333333333,0.00222833333333333,0.00118833333333333,0.000991666666666667,0.000573333333333333,0.000258333333333333,0.00103166666666667,0.000251666666666667,0.00104333333333333,0.000661666666666667,0,0,0.000845,0.00112666666666667,0.000558333333333333,0,0.00105666666666667,0.000608333333333333,0,0.0000433333333333333,0.000126666666666667,0.000136666666666667,0.000146666666666667,0.000156666666666667,0.000166666666666667,0.00005,0,1,0,0,0,0,0,0,1,1,1,1,1,1,1,1,1,1,1,1,1,1,1,1,1,1,1,1,1,1,1,1,1,1,1,1,1,1,1,1,1,1,1,1,1,1,1,1,1,1,1,1,1,1,1,1,1,1,1,1,1,1,1,1,1,1,1,1,1,1,1,1,1,1,1,1,1,1,1,1,0
2026-08-17 06:00:00,44.5895452833333,0,0,0,0,0,0,0.0542066666666667,2.51907,7.27455833333333,8.65275833333333,6.440455,5.002075,4.20366166666667,3.88962333333333,2.9027,1.18835833333333,0.479653333333333,0.25068,0.159168333333333,0.119688333333333,0.109258333333333,0.122673333333333,0.105045,0.08526,0.0624866666666667,0.04643,0.0485933333333333,0.0624966666666667,0.04878,0.054095,0.043855,0.0432583333333333,0.042955,0.03652,0.03821,0.0341983333333333,0.0275916666666667,0.020495,0.01378,0.01385,0.009305,0.00799833333333333,0.005885,0.00653333333333333,0.00403333333333333,0.00459166666666667,0.00592833333333333,0.00550833333333333,0,0.00138333333333333,0.002605,0.00291833333333333,0.00117833333333333,0.00255333333333333,0.00141833333333333,0.0000516666666666667,0.00129,0.00128666666666667,0.00035,0.00178333333333333,0.000426666666666667,0.001275,0.00085,0.00123166666666667,0.0000383333333333333,0.000988333333333333,0.000565,0.00053,0.000241666666666667,0.000608333333333333,0.000413333333333333,0.0000216666666666667,0.0000633333333333333,0.0000683333333333333,0.0000733333333333333,0.0000783333333333333,0.0000833333333333333,0.000025,0,1,0,0,0,0,0,0,1,1,1,1,1,1,1,1,1,1,1,1,1,1,1,1,1,1,1,1,1,1,1,1,1,1,1,1,1,1,1,1,1,1,1,1,1,1,1,1,1,1,1,1,1,1,1,1,1,1,1,1,1,1,1,1,1,1,1,1,1,1,1,1,1,1,1,1,1,1,1,1,0
2026-08-17 07:00:00,51.7707870333333,0,0,0,0,0,0,0.0625833333333333,2.828265,8.32224166666667,9.82785833333333,7.63209,5.80126,5.06434,4.87196,3.468855,1.48232166666667,0.614321666666667,0.32907,0.217023333333333,0.172495,0.149451666666667,0.132451666666667,0.140143333333333,0.104415,0.0770633333333333,0.0578133333333333,0.0550233333333333,0.05298,0.0423233333333333,0.0506333333333333,0.0353383333333333,0.0421883333333333,0.035975,0.030385,0.0344416666666667,0.0319916666666667,0.0213916666666667,0.022615,0.0169216666666667,0.0126633333333333,0.0108516666666667,0.0112516666666667,0.00794333333333333,0.0100483333333333,0.0069,0.00646333333333333,0.00549,0.00781333333333333,0.00633333333333333,0.00452,0.00485333333333333,0.00291666666666667,0.00117833333333333,0.00324,0.00278333333333333,0.00190333333333333,0.000831666666666667,0.00278166666666667,0.00142666666666667,0.003495,0.00142166666666667,0.00145833333333333,0.000488333333333333,0.00127,0.0000383333333333333,0.00112666666666667,0.00168666666666667,0.000131666666666667,0.000416666666666667,0.000415,0,0.0000866666666666667,0.000253333333333333,0.000273333333333333,0.000293333333333333,0.000313333333333333,0.000333333333333333,0.0001,0,1,0,0,0,0,0,0,1,1,1,1,1,1,1,1,1,1,1,1,1,1,1,1,1,1,1,1,1,1,1,1,1,1,1,1,1,1,1,1,1,1,1,1,1,1,1,1,1,1,1,1,1,1,1,1,1,1,1,1,1,1,1,1,1,1,1,1,1,1,1,1,1,1,1,1,1,1,1,1,0
2026-08-17 08:00:00,58.3866558166667,0,0,0,0,0,0,0.06128,2.79891166666667,8.56267833333333,10.521445,8.44463166666667,6.83669333333333,6.35031,6.358695,4.20501333333333,1.65136833333333,0.750183333333333,0.42983,0.272578333333333,0.20333,0.174048333333333,0.162705,0.137718333333333,0.0954583333333333,0.0671816666666667,0.0568166666666667,0.05222,0.03971,0.035475,0.0401833333333333,0.0396533333333333,0.0334083333333333,0.0267116666666667,0.0286816666666667,0.0226516666666667,0.0205466666666667,0.0151766666666667,0.01762,0.009865,0.00793,0.00886666666666667,0.00909833333333333,0.00930166666666667,0.00507166666666667,0.00544666666666667,0.00114166666666667,0.00463166666666667,0.00511166666666667,0.00328666666666667,0.001425,0.00249666666666667,0.00250666666666667,0.001295,0.00257166666666667,0.00224666666666667,0.00172,0.00043,0.00203333333333333,0.000966666666666667,0.000855,0.00232333333333333,0.000985,0.000875,0.000846666666666667,0.000498333333333333,0.000843333333333333,0.00126,0.000836666666666667,0,0,0,0.0000433333333333333,0.000126666666666667,0.000136666666666667,0.000146666666666667,0.000156666666666667,0.000166666666666667,0.00005,0,1,0,0,0,0,0,0,1,1,1,1,1,1,1,1,1,1,1,1,1,1,1,1,1,1,1,1,1,1,1,1,1,1,1,1,1,1,1,1,1,1,1,1,1,1,1,1,1,1,1,1,1,1,1,1,1,1,1,1,1,1,1,1,1,1,1,1,1,1,1,1,1,1,1,1,1,1,1,1,0
2026-08-17 09:00:00,70.7307455666667,0,0,0,0,0,0,0.0859066666666667,3.15495166666667,9.51706666666667,12.218205,9.92272,8.21978833333333,7.80483333333333,8.19843333333333,5.77194666666667,2.18612166666667,0.979171666666667,0.50535,0.311573333333333,0.232291666666667,0.21139,0.191823333333333,0.154151666666667,0.104306666666667,0.0823083333333333,0.0575633333333333,0.053315,0.0468966666666667,0.04582,0.04701,0.0371483333333333,0.0376066666666667,0.0358616666666667,0.030625,0.0282266666666667,0.0215433333333333,0.0195083333333333,0.0197283333333333,0.009835,0.00815666666666667,0.008545,0.008215,0.00747166666666667,0.00797,0.007925,0.00247,0.00434166666666667,0.00306333333333333,0.00394833333333333,0.00328,0.00555333333333333,0.00207333333333333,0.00396666666666667,0.00285166666666667,0.002625,0.0018,0.00100333333333333,0.00186333333333333,0.001395,0.00170833333333333,0.000853333333333333,0.0017,0.00085,0.001655,0.0000383333333333333,0.000421666666666667,0.000708333333333333,0.00053,0.0000183333333333333,0.000415,0.000733333333333333,0.000615,0.000316666666666667,0.000341666666666667,0.000366666666666667,0.000391666666666667,0.000416666666666667,0.000125,0,1,0,0,0,0,0,0,1,1,1,1,1,1,1,1,1,1,1,1,1,1,1,1,1,1,1,1,1,1,1,1,1,1,1,1,1,1,1,1,1,1,1,1,1,1,1,1,1,1,1,1,1,1,1,1,1,1,1,1,1,1,1,1,1,1,1,1,1,1,1,1,1,1,1,1,1,1,1,1,0
2026-08-17 10:00:00,73.27011605,0,0,0,0,0,0,0.0726766666666667,3.15334833333333,9.64067666666667,12.117945,10.2238933333333,8.44861166666667,8.104965,8.526075,5.81897,2.795875,1.127155,0.625433333333333,0.369598333333333,0.275236666666667,0.228978333333333,0.210738333333333,0.169288333333333,0.124223333333333,0.0842933333333333,0.06457,0.0551133333333333,0.0478133333333333,0.03827,0.0392966666666667,0.0317866666666667,0.03399,0.027875,0.0254816666666667,0.0266916666666667,0.0233,0.0185083333333333,0.0184366666666667,0.0117716666666667,0.00949666666666667,0.00722833333333333,0.00622833333333333,0.005035,0.00647333333333333,0.00534666666666667,0.00414,0.00557333333333333,0.00500166666666667,0.00348833333333333,0.00352,0.00307666666666667,0.00209666666666667,0.00240333333333333,0.00176,0.00271333333333333,0.00266,0.00143333333333333,0.00149,0.003675,0.002795,0.00123333333333333,0.000898333333333333,0.000425,0.000385,0.00157666666666667,0.000855,0.000715,0.000263333333333333,0.000833333333333333,0.000415,0.000986666666666667,0.000275,0.0000633333333333333,0.0000683333333333333,0.0000733333333333333,0.0000783333333333333,0.0000833333333333333,0.000025,0,1,0,0,0,0,0,0,1,1,1,1,1,1,1,1,1,1,1,1,1,1,1,1,1,1,1,1,1,1,1,1,1,1,1,1,1,1,1,1,1,1,1,1,1,1,1,1,1,1,1,1,1,1,1,1,1,1,1,1,1,1,1,1,1,1,1,1,1,1,1,1,1,1,1,1,1,1,1,1,0
2026-08-17 11:00:00,82.3185406,0,0,0,0,0,0,0.0924216666666667,3.38571833333333,10.3395433333333,13.4103033333333,11.1192366666667,9.38380166666667,9.11698833333333,9.72563333333333,6.92799166666667,3.56007833333333,1.41539833333333,0.733588333333333,0.437765,0.310466666666667,0.256238333333333,0.238526666666667,0.19938,0.121115,0.0889733333333333,0.0615883333333333,0.0478366666666667,0.0506433333333333,0.05183,0.0499466666666667,0.0329183333333333,0.03696,0.0279516666666667,0.0275866666666667,0.0288483333333333,0.0207883333333333,0.0148316666666667,0.021255,0.01632,0.00952833333333333,0.0102916666666667,0.00887166666666667,0.01335,0.00666333333333333,0.00917666666666667,0.008265,0.00961833333333333,0.00415166666666667,0.00613666666666667,0.005975,0.00551333333333333,0.00631333333333333,0.00182,0.00586666666666667,0.006225,0.00482833333333333,0.00453,0.00506833333333333,0.00316333333333333,0.00213833333333333,0.00147,0.00312833333333333,0.00294333333333333,0.002155,0.000845,0.000496666666666667,0.00322833333333333,0.00055,0.00253,0.000386666666666667,0,0.00013,0.00038,0.00041,0.00044,0.00047,0.0005,0.00015,0,1,0,0,0,0,0,0,1,1,1,1,1,1,1,1,1,1,1,1,1,1,1,1,1,1,1,1,1,1,1,1,1,1,1,1,1,1,1,1,1,1,1,1,1,1,1,1,1,1,1,1,1,1,1,1,1,1,1,1,1,1,1,1,1,1,1,1,1,1,1,1,1,1,1,1,1,1,1,1,0
2026-08-17 12:00:00,75.39013275,0,0,0,0,0,0,0.079655,3.11163666666667,9.60724,12.3592866666667,10.4790816666667,8.82058166666667,8.4986,9.190765,6.43250333333333,3.25606666666667,1.26361666666667,0.693486666666667,0.401118333333333,0.298753333333333,0.243923333333333,0.21737,0.179693333333333,0.109168333333333,0.075065,0.049915,0.03834,0.04507,0.03826,0.0327166666666667,0.0290566666666667,0.0249766666666667,0.027735,0.0192916666666667,0.01618,0.0199133333333333,0.0163983333333333,0.01358,0.00719166666666667,0.00990333333333333,0.010725,0.00559333333333333,0.00925,0.005725,0.00915333333333333,0.00679,0.00535166666666667,0.00442333333333333,0.00687333333333333,0.003375,0.005945,0.00417,0.00461,0.003575,0.00257166666666667,0.00368333333333333,0.00261166666666667,0.00315333333333333,0.003205,0.00203666666666667,0.00445666666666667,0.00238,0.00125666666666667,0.000808333333333333,0.00122833333333333,0.00120166666666667,0.00139833333333333,0.000418333333333333,0.000833333333333333,0.00083,0.00016,0.000361666666666667,0.000316666666666667,0.000341666666666667,0.000366666666666667,0.000391666666666667,0.000416666666666667,0.000125,0,1,0,0,0,0,0,0,1,1,1,1,1,1,1,1,1,1,1,1,1,1,1,1,1,1,1,1,1,1,1,1,1,1,1,1,1,1,1,1,1,1,1,1,1,1,1,1,1,1,1,1,1,1,1,1,1,1,1,1,1,1,1,1,1,1,1,1,1,1,1,1,1,1,1,1,1,1,1,1,0
2026-08-17 13:00:00,65.8194630166667,0,0,0,0,0,0,0.0818516666666667,2.65235166666667,8.12844,10.728595,9.30063666666667,7.76647333333333,7.39667666666667,7.861785,5.91105333333333,3.14230166666667,1.18135833333333,0.60488,0.31793,0.233185,0.2027,0.197831666666667,0.150313333333333,0.105703333333333,0.0578916666666667,0.0501333333333333,0.0398783333333333,0.0370566666666667,0.02811,0.0330866666666667,0.027805,0.02155,0.0232383333333333,0.01712,0.0187333333333333,0.0139316666666667,0.0119116666666667,0.0122166666666667,0.00890833333333333,0.01286,0.00962166666666667,0.00491833333333333,0.00732333333333333,0.00445166666666667,0.00276,0.00620833333333333,0.003305,0.00204833333333333,0.00481666666666667,0.00493,0.00566,0.00503833333333333,0.00242666666666667,0.003575,0.00295,0.00236166666666667,0.00286666666666667,0.00254833333333333,0.002855,0.00281333333333333,0.00293833333333333,0.00197,0.00059,0.00127,0.002075,0.000496666666666667,0.00154833333333333,0.000928333333333333,0.000453333333333333,0.000415,0,0.000541666666666667,0.00038,0.00041,0.00044,0.00047,0.0005,0.00015,0,1,0,0,0,0,0,0,1,1,1,1,1,1,1,1,1,1,1,1,1,1,1,1,1,1,1,1,1,1,1,1,1,1,1,1,1,1,1,1,1,1,1,1,1,1,1,1,1,1,1,1,1,1,1,1,1,1,1,1,1,1,1,1,1,1,1,1,1,1,1,1,1,1,1,1,1,1,1,1,0
2026-08-17 14:00:00,60.3997939,0,0,0,0,0,0,0.067395,2.35068833333333,7.22782166666667,9.62938333333333,8.358975,7.08364833333333,6.88522833333333,7.34400833333333,5.59950666666667,3.12265333333333,1.170435,0.598005,0.326263333333333,0.218965,0.192223333333333,0.176715,0.141545,0.0916766666666667,0.06396,0.0364033333333333,0.0338383333333333,0.0341783333333333,0.0297216666666667,0.0246216666666667,0.02132,0.021785,0.0157216666666667,0.0206033333333333,0.0142016666666667,0.012245,0.0101983333333333,0.00995666666666667,0.0106733333333333,0.00838833333333333,0.00953833333333333,0.00823666666666667,0.004945,0.008805,0.00565833333333333,0.00639166666666667,0.00570833333333333,0.004695,0.00414833333333333,0.00510833333333333,0.00720166666666667,0.00464833333333333,0.00591666666666667,0.00304333333333333,0.00104,0.00478666666666667,0.00243666666666667,0.003355,0.001625,0.002815,0.00232333333333333,0.00141,0.00133833333333333,0.000808333333333333,0.002035,0.00113833333333333,0.00182333333333333,0.00053,0.00126833333333333,0.000415,0.000573333333333333,0.000773333333333333,0.000316666666666667,0.00034,0.000365,0.000391666666666667,0.000418333333333333,0.000123333333333333,0,1,0,0,0,0,0,0,1,1,1,1,1,1,1,1,1,1,1,1,1,1,1,1,1,1,1,1,1,1,1,1,1,1,1,1,1,1,1,1,1,1,1,1,1,1,1,1,1,1,1,1,1,1,1,1,1,1,1,1,1,1,1,1,1,1,1,1,1,1,1,1,1,1,1,1,1,1,1,1,0
2026-08-17 15:00:00,57.0905397666667,0,0,0,0,0,0,0.04552,1.89355,5.92186333333333,8.38354833333333,7.57733833333333,6.59841,6.52871833333333,7.06292833333333,5.77440333333333,3.35598333333333,1.20596166666667,0.633295,0.320265,0.239796666666667,0.18587,0.158531666666667,0.141296666666667,0.0886716666666667,0.065275,0.0307083333333333,0.026585,0.0293716666666667,0.0251416666666667,0.0252716666666667,0.02106,0.017085,0.015665,0.01796,0.01281,0.00835333333333333,0.007855,0.00927833333333333,0.00936166666666667,0.00774,0.00559333333333333,0.00598333333333333,0.00779833333333333,0.00504666666666667,0.003935,0.00308333333333333,0.00412833333333333,0.00339,0.00333333333333333,0.004705,0.00406333333333333,0.00170833333333333,0.00317333333333333,0.00476333333333333,0.002315,0.00492,0.00481666666666667,0.00229166666666667,0.00260166666666667,0.00264166666666667,0.00147,0.001835,0.00137666666666667,0.000423333333333333,0.000845,0.00225833333333333,0.00111,0.000418333333333333,0.000446666666666667,0.00121666666666667,0.000413333333333333,0.000108333333333333,0.000316666666666667,0.000341666666666667,0.000366666666666667,0.000391666666666667,0.000416666666666667,0.000125,0,1,0,0,0,0,0,0,1,1,1,1,1,1,1,1,1,1,1,1,1,1,1,1,1,1,1,1,1,1,1,1,1,1,1,1,1,1,1,1,1,1,1,1,1,1,1,1,1,1,1,1,1,1,1,1,1,1,1,1,1,1,1,1,1,1,1,1,1,1,1,1,1,1,1,1,1,1,1,1,0
2026-08-17 16:00:00,57.8848780333333,0,0,0,0,0,0,0.0361866666666667,1.65793,5.23063833333333,7.63920166666667,7.210255,6.77509166666667,6.90398333333333,7.51162166666667,6.688475,4.35783166666667,1.45734666666667,0.784488333333333,0.404416666666667,0.265201666666667,0.200733333333333,0.198391666666667,0.157295,0.100376666666667,0.0645266666666667,0.0311783333333333,0.03109,0.0307066666666667,0.0210183333333333,0.0244133333333333,0.01714,0.0206283333333333,0.0111133333333333,0.01015,0.012865,0.009865,0.0141316666666667,0.0108683333333333,0.00848166666666667,0.0052,0.00831833333333333,0.00652166666666667,0.00686666666666667,0.00376833333333333,0.00327166666666667,0.00637666666666667,0.00766166666666667,0.00337333333333333,0.00364166666666667,0.00414666666666667,0.00299833333333333,0.0067,0.00456166666666667,0.003125,0.00428,0.00241333333333333,0.00243666666666667,0.00292166666666667,0.00180166666666667,0.00263833333333333,0.00298666666666667,0.00234833333333333,0.00275333333333333,0.00157833333333333,0.00123166666666667,0.001415,0.00042,0.000398333333333333,0.000851666666666667,0,0.000733333333333333,0.000636666666666667,0.00038,0.00041,0.00044,0.00047,0.0005,0.00015,0,1,0,0,0,0,0,0,1,1,1,1,1,1,1,1,1,1,1,1,1,1,1,1,1,1,1,1,1,1,1,1,1,1,1,1,1,1,1,1,1,1,1,1,1,1,1,1,1,1,1,1,1,1,1,1,1,1,1,1,1,1,1,1,1,1,1,1,1,1,1,1,1,1,1,1,1,1,1,1,0
2026-08-17 17:00:00,58.5161352833333,0,0,0,0,0,0,0.041725,1.736035,5.30895833333333,7.48523333333333,7.13193333333333,6.57446833333333,6.82525,7.596935,6.83940166666667,4.45461333333333,1.49374666666667,0.787665,0.406041666666667,0.260663333333333,0.226136666666667,0.214338333333333,0.176048333333333,0.0965816666666667,0.0535416666666667,0.0392783333333333,0.03121,0.03485,0.0267016666666667,0.022065,0.01723,0.0172916666666667,0.01359,0.0128783333333333,0.0157983333333333,0.00856,0.00827333333333333,0.0121266666666667,0.0109216666666667,0.00542,0.00680666666666667,0.0114616666666667,0.005955,0.006165,0.00706166666666667,0.00463,0.00354166666666667,0.00416833333333333,0.00580333333333333,0.00534333333333333,0.00879166666666667,0.00841,0.00403666666666667,0.00412833333333333,0.00648833333333333,0.004485,0.00255166666666667,0.003265,0.00411833333333333,0.00503,0.00313,0.004555,0.00322833333333333,0.00384833333333333,0.000536666666666667,0.00183166666666667,0.00253166666666667,0.00187833333333333,0.000695,0.00303,0.002295,0.00168333333333333,0.00057,0.000615,0.00066,0.000705,0.00075,0.000225,0,1,0,0,0,0,0,0,1,1,1,1,1,1,1,1,1,1,1,1,1,1,1,1,1,1,1,1,1,1,1,1,1,1,1,1,1,1,1,1,1,1,1,1,1,1,1,1,1,1,1,1,1,1,1,1,1,1,1,1,1,1,1,1,1,1,1,1,1,1,1,1,1,1,1,1,1,1,1,1,0
2026-08-17 18:00:00,51.97610275,0,0,0,0,0,0,0.03394,1.58809666666667,5.254085,7.20328666666667,6.40765833333333,5.62703166666667,5.78022833333333,6.39872166666667,6.19874666666667,3.95681,1.31518666666667,0.716108333333333,0.349943333333333,0.245046666666667,0.20022,0.176798333333333,0.151546666666667,0.0988383333333333,0.0595016666666667,0.0353566666666667,0.0276083333333333,0.0248883333333333,0.019875,0.01847,0.015485,0.0130716666666667,0.012765,0.0125283333333333,0.007635,0.00696666666666667,0.00930666666666667,0.00784833333333333,0.00670666666666667,0.00623,0.00788666666666667,0.00516666666666667,0.00886333333333333,0.00625666666666667,0.00503166666666667,0.004225,0.003545,0.00422166666666667,0.00218666666666667,0.00638166666666667,0.00501333333333333,0.00337333333333333,0.00446833333333333,0.004225,0.00125166666666667,0.001885,0.00496,0.00218,0.00340333333333333,0.00435,0.00317666666666667,0.00227833333333333,0.00178333333333333,0.00246333333333333,0.00126833333333333,0.00232833333333333,0.000696666666666667,0.000398333333333333,0.00126833333333333,0.000761666666666667,0.00048,0.000585,0.000506666666666667,0.000546666666666667,0.000586666666666667,0.000626666666666667,0.000666666666666667,0.0002,0,1,0,0,0,0,0,0,1,1,1,1,1,1,1,1,1,1,1,1,1,1,1,1,1,1,1,1,1,1,1,1,1,1,1,1,1,1,1,1,1,1,1,1,1,1,1,1,1,1,1,1,1,1,1,1,1,1,1,1,1,1,1,1,1,1,1,1,1,1,1,1,1,1,1,1,1,1,1,1,0
2026-08-17 19:00:00,49.14395935,0,0,0,0,0,0,0.043695,1.71038666666667,5.11352833333333,6.80068333333333,6.00932833333333,5.17188,5.353795,5.91522166666667,5.647735,3.39451666666667,1.251645,0.6269,0.355458333333333,0.242335,0.220118333333333,0.192608333333333,0.166173333333333,0.113345,0.0609783333333333,0.0351333333333333,0.0353533333333333,0.028785,0.0211716666666667,0.02359,0.0170083333333333,0.01671,0.0155116666666667,0.0103633333333333,0.01046,0.0102216666666667,0.00876666666666667,0.008965,0.009265,0.00476666666666667,0.00614333333333333,0.00669166666666667,0.00612166666666667,0.0056,0.004065,0.004015,0.00534666666666667,0.00777333333333333,0.009035,0.00485,0.005535,0.00590333333333333,0.000793333333333333,0.00214,0.005055,0.00287166666666667,0.00318166666666667,0.004355,0.00414,0.001535,0.00445666666666667,0.00375666666666667,0.00239166666666667,0.00130833333333333,0.00196,0.002825,0.00195666666666667,0.001235,0.000241666666666667,0.00161166666666667,0.000653333333333333,0.000368333333333333,0.00107666666666667,0.00116,0.001245,0.00133166666666667,0.00141833333333333,0.000423333333333333,0,1,0,0,0,0,0,0,1,1,1,1,1,1,1,1,1,1,1,1,1,1,1,1,1,1,1,1,1,1,1,1,1,1,1,1,1,1,1,1,1,1,1,1,1,1,1,1,1,1,1,1,1,1,1,1,1,1,1,1,1,1,1,1,1,1,1,1,1,1,1,1,1,1,1,1,1,1,1,1,0
2026-08-17 20:00:00,48.0093161833333,0,0,0,0,0,0,0.0427766666666667,1.92501166666667,5.61536,7.08229333333333,5.91025,5.03524666666667,4.88130833333333,5.220105,5.130765,3.370595,1.17236833333333,0.631513333333333,0.329828333333333,0.2329,0.195178333333333,0.174098333333333,0.130173333333333,0.0958466666666667,0.0608766666666667,0.042925,0.0225616666666667,0.03332,0.02464,0.0211333333333333,0.01909,0.0187983333333333,0.0151683333333333,0.0100233333333333,0.0146766666666667,0.00792666666666667,0.01201,0.00851,0.00677,0.00594666666666667,0.00504,0.00648833333333333,0.00540666666666667,0.0042,0.00394666666666667,0.002905,0.00303166666666667,0.00511,0.00448,0.00504,0.00421,0.00335,0.00324333333333333,0.004165,0.00377666666666667,0.00314166666666667,0.00169166666666667,0.00246333333333333,0.00260333333333333,0.00306833333333333,0.00232333333333333,0.00335,0.00283666666666667,0.000808333333333333,0.00249666666666667,0.00106333333333333,0.00240166666666667,0.00161,0.00170333333333333,0.00159166666666667,0.00064,0.000361666666666667,0.000316666666666667,0.000341666666666667,0.000366666666666667,0.000391666666666667,0.000416666666666667,0.000125,0,1,0,0,0,0,0,0,1,1,1,1,1,1,1,1,1,1,1,1,1,1,1,1,1,1,1,1,1,1,1,1,1,1,1,1,1,1,1,1,1,1,1,1,1,1,1,1,1,1,1,1,1,1,1,1,1,1,1,1,1,1,1,1,1,1,1,1,1,1,1,1,1,1,1,1,1,1,1,1,0
2026-08-17 21:00:00,46.2523758333333,0,0,0,0,0,0,0.0387383333333333,1.98142833333333,5.82901333333333,7.22077166666667,5.73137,4.75004666666667,4.49625166666667,4.81894,4.89348333333333,3.04364333333333,1.08941,0.626945,0.328125,0.23953,0.187273333333333,0.181098333333333,0.171573333333333,0.109435,0.0610366666666667,0.051455,0.045845,0.0373116666666667,0.034085,0.0291083333333333,0.0239266666666667,0.018365,0.0170666666666667,0.0161016666666667,0.0151383333333333,0.0122783333333333,0.010345,0.0111183333333333,0.00827166666666667,0.00753666666666667,0.009425,0.0103866666666667,0.00560333333333333,0.00551,0.00626333333333333,0.004465,0.00614666666666667,0.00728666666666667,0.0063,0.00266833333333333,0.00483333333333333,0.00544666666666667,0.006335,0.00581333333333333,0.0053,0.00386666666666667,0.00281,0.00131833333333333,0.00211833333333333,0.00264166666666667,0.00464666666666667,0.002395,0.00352666666666667,0.0005,0.000846666666666667,0.000843333333333333,0.000288333333333333,0.00053,0.001685,0.00083,0.000573333333333333,0.00114166666666667,0.00019,0.000205,0.00022,0.000235,0.00025,0.000075,0,1,0,0,0,0,0,0,1,1,1,1,1,1,1,1,1,1,1,1,1,1,1,1,1,1,1,1,1,1,1,1,1,1,1,1,1,1,1,1,1,1,1,1,1,1,1,1,1,1,1,1,1,1,1,1,1,1,1,1,1,1,1,1,1,1,1,1,1,1,1,1,1,1,1,1,1,1,1,1,0
2026-08-17 22:00:00,119.759504916667,0,0,0,0,0,0,0.120473333333333,5.19978833333333,15.3247016666667,18.6656066666667,15.4179183333333,12.7214683333333,11.60651,11.59829,10.8470883333333,6.77669333333333,3.26502833333333,1.86624333333333,1.21205,0.88987,0.685431666666667,0.587021666666667,0.476113333333333,0.347323333333333,0.269485,0.214125,0.164651666666667,0.134461666666667,0.119946666666667,0.115496666666667,0.10057,0.094985,0.0808216666666667,0.056395,0.0428166666666667,0.041275,0.038885,0.0280816666666667,0.0234383333333333,0.0205066666666667,0.0156566666666667,0.0131866666666667,0.0178816666666667,0.00737833333333333,0.00746833333333333,0.00650833333333333,0.00934333333333333,0.00686833333333333,0.00799666666666667,0.00547,0.00650333333333333,0.00506,0.00285833333333333,0.00262333333333333,0.00503666666666667,0.00254833333333333,0.00404166666666667,0.00275,0.00488666666666667,0.00238666666666667,0.00147,0.002685,0.00137666666666667,0.00127,0.00307666666666667,0.00128833333333333,0.00156166666666667,0.00123166666666667,0.00105666666666667,0.000608333333333333,0,0.00106166666666667,0.000696666666666667,0.00075,0.000805,0.000861666666666667,0.000918333333333333,0.000273333333333333,0,1,0,0,0,0,0,0,1,1,1,1,1,1,1,1,1,1,1,1,1,1,1,1,1,1,1,1,1,1,1,1,1,1,1,1,1,1,1,1,1,1,1,1,1,1,1,1,1,1,1,1,1,1,1,1,1,1,1,1,1,1,1,1,1,1,1,1,1,1,1,1,1,1,1,1,1,1,1,1,0
2026-08-17 23:00:00,81.0561832,0,0,0,0,0,0,0.0706683333333333,3.30225666666667,9.79835333333333,12.42774,10.34308,8.50489166666667,8.04806333333333,7.987155,7.79138666666667,4.85693666666667,2.255535,1.27934833333333,0.778021666666667,0.614296666666667,0.491645,0.429836666666667,0.379411666666667,0.27804,0.212553333333333,0.172575,0.134606666666667,0.128318333333333,0.104428333333333,0.102456666666667,0.0872766666666667,0.0875333333333333,0.064075,0.05694,0.0507266666666667,0.045205,0.0438916666666667,0.035985,0.025125,0.023705,0.0312766666666667,0.016405,0.018365,0.0167133333333333,0.0150316666666667,0.0190716666666667,0.01365,0.0109116666666667,0.008475,0.00907666666666667,0.00859166666666667,0.006245,0.00742,0.00706166666666667,0.008145,0.00461333333333333,0.003095,0.00366666666666667,0.003205,0.004175,0.00336666666666667,0.003365,0.00348333333333333,0.00123166666666667,0.00199833333333333,0.000571666666666667,0.000576666666666667,0.00145833333333333,0.000918333333333333,0.000975,0.00122666666666667,0.000446666666666667,0.00057,0.000613333333333333,0.000658333333333333,0.000705,0.000751666666666667,0.000223333333333333,0,1,0,0,0,0,0,0,1,1,1,1,1,1,1,1,1,1,1,1,1,1,1,1,1,1,1,1,1,1,1,1,1,1,1,1,1,1,1,1,1,1,1,1,1,1,1,1,1,1,1,1,1,1,1,1,1,1,1,1,1,1,1,1,1,1,1,1,1,1,1,1,1,1,1,1,1,1,1,1,0
2026-08-18,80.2582271166667,0,0,0,0,0,0,0.0941633333333333,3.64679833333333,10.3686116666667,12.3364666666667,9.98667333333333,8.26521,7.66477166666667,7.43979,7.48971166666667,5.18236333333333,2.161855,1.16574,0.72296,0.542428333333333,0.44888,0.38216,0.334931666666667,0.242718333333333,0.183938333333333,0.131951666666667,0.133206666666667,0.103761666666667,0.0897816666666667,0.0802833333333333,0.063175,0.06512,0.0588983333333333,0.04234,0.049705,0.0385183333333333,0.0347116666666667,0.0247,0.0225833333333333,0.0135633333333333,0.013705,0.013785,0.01044,0.0103,0.0127133333333333,0.010385,0.00860166666666667,0.00703333333333333,0.00907166666666667,0.00660666666666667,0.00179833333333333,0.00337333333333333,0.004855,0.00362666666666667,0.002605,0.00193333333333333,0.00200666666666667,0.00383833333333333,0.00371166666666667,0.002385,0.000426666666666667,0.001275,0.000425,0.000423333333333333,0.000846666666666667,0.000283333333333333,0.000138333333333333,0.000418333333333333,0.000833333333333333,0.000588333333333333,0.00024,0,0,0,0,0,0,0,0,1,0,0,0,0,0,0,1,1,1,1,1,1,1,1,1,1,1,1,1,1,1,1,1,1,1,1,1,1,1,1,1,1,1,1,1,1,1,1,1,1,1,1,1,1,1,1,1,1,1,1,1,1,1,1,1,1,1,1,1,1,1,1,1,1,1,1,1,1,1,1,1,1,1,1,1,1,1,1,0
2026-08-18 01:00:00,202.55943555,0,0,0,0,0,0,0.246406666666667,9.998985,28.3569483333333,34.070425,27.3507033333333,22.36576,20.1754933333333,18.297375,16.8657016666667,10.3988366666667,4.64568666666667,2.66269,1.642495,1.23886,0.978586666666667,0.83112,0.686466666666667,0.532385,0.393451666666667,0.310941666666667,0.24987,0.237146666666667,0.195193333333333,0.163273333333333,0.14243,0.124205,0.11403,0.0893666666666667,0.0737783333333333,0.048875,0.0539216666666667,0.0344233333333333,0.031995,0.0226833333333333,0.0211266666666667,0.0199116666666667,0.0204833333333333,0.01585,0.00786,0.00989666666666667,0.00627833333333333,0.00879166666666667,0.00529333333333333,0.00409,0.00427166666666667,0.00380666666666667,0.00424833333333333,0.00134666666666667,0.00262333333333333,0.001885,0.00220833333333333,0.00149166666666667,0.00340333333333333,0.00135833333333333,0.00213333333333333,0.00149666666666667,0.000976666666666667,0.000885,0.0000383333333333333,0,0.000288333333333333,0.000968333333333333,0,0.000415,0.000413333333333333,0.000823333333333333,0,0,0,0,0,0,0,1,0,0,0,0,0,0,1,1,1,1,1,1,1,1,1,1,1,1,1,1,1,1,1,1,1,1,1,1,1,1,1,1,1,1,1,1,1,1,1,1,1,1,1,1,1,1,1,1,1,1,1,1,1,1,1,1,1,1,1,1,1,1,1,1,1,1,1,1,1,1,1,1,1,1,1,1,1,1,0
2026-08-18 02:00:00,162.30993335,0,0,0,0,0,0,0.179885,7.090375,21.1290816666667,26.849655,22.6130383333333,18.8928266666667,16.9463966666667,15.936175,15.4969533333333,8.541955,3.00865,1.63875166666667,1.01480666666667,0.725496666666667,0.613125,0.461766666666667,0.428068333333333,0.30982,0.214533333333333,0.186203333333333,0.148351666666667,0.141155,0.11456,0.106615,0.087105,0.0889166666666667,0.0636516666666667,0.0595533333333333,0.04708,0.03561,0.03588,0.0285133333333333,0.0206633333333333,0.01431,0.0134666666666667,0.00929666666666667,0.00890333333333333,0.00700666666666667,0.00648,0.00715333333333333,0.003825,0.00366333333333333,0.00326,0.002485,0.00545,0.004145,0.00201833333333333,0.00322166666666667,0.002115,0.000911666666666667,0.00086,0.000373333333333333,0.000833333333333333,0.000503333333333333,0.00104333333333333,0.00056,0.000526666666666667,0.000808333333333333,0.000881666666666667,0.000283333333333333,0.000138333333333333,0,0.000416666666666667,0,0,0.0000216666666666667,0.0000633333333333333,0.0000683333333333333,0.0000733333333333333,0.0000783333333333333,0.0000833333333333333,0.000025,0,1,0,0,0,0,0,0,1,1,1,1,1,1,1,1,1,1,1,1,1,1,1,1,1,1,1,1,1,1,1,1,1,1,1,1,1,1,1,1,1,1,1,1,1,1,1,1,1,1,1,1,1,1,1,1,1,1,1,1,1,1,1,1,1,1,1,1,1,1,1,1,1,1,1,1,1,1,1,1,0
2026-08-18 03:00:00,94.1665294833333,0,0,0,0,0,0,0.0711666666666667,3.422675,10.7363516666667,14.2442716666667,12.51225,10.86626,10.1484733333333,9.91235,10.639505,5.910865,1.84446,0.963598333333333,0.576696666666667,0.418855,0.343875,0.320803333333333,0.295561666666667,0.206368333333333,0.142876666666667,0.113803333333333,0.116738333333333,0.101301666666667,0.085255,0.074595,0.07075,0.0638816666666667,0.0638233333333333,0.047835,0.0438333333333333,0.0341683333333333,0.0278533333333333,0.0307966666666667,0.0186133333333333,0.01177,0.0126916666666667,0.0106333333333333,0.0106933333333333,0.00382833333333333,0.00714166666666667,0.006625,0.00404666666666667,0.00206666666666667,0.00326,0.00106,0.00377666666666667,0.00123,0.00168,0.00214,0.00176,0.00185666666666667,0.00266666666666667,0.002295,0.000538333333333333,0.000428333333333333,0.00127833333333333,0.000425,0.001275,0.00127,0.000423333333333333,0,0.000576666666666667,0.000661666666666667,0.0000183333333333333,0,0,0,0,0,0,0,0,0,0,1,0,0,0,0,0,0,1,1,1,1,1,1,1,1,1,1,1,1,1,1,1,1,1,1,1,1,1,1,1,1,1,1,1,1,1,1,1,1,1,1,1,1,1,1,1,1,1,1,1,1,1,1,1,1,1,1,1,1,1,1,1,1,1,1,1,1,1,1,1,1,1,1,1,1,1,1,1,1,0
2026-08-18 04:00:00,65.8027926666667,0,0,0,0,0,0,0.0455733333333333,2.02209333333333,6.540225,8.86870833333333,8.13766,7.43409333333333,7.23708166666667,7.41892,8.0492,4.340875,1.42570166666667,0.72662,0.430826666666667,0.33449,0.274166666666667,0.265503333333333,0.249303333333333,0.195281666666667,0.13124,0.108843333333333,0.0999916666666667,0.0836583333333333,0.0884416666666667,0.0748566666666667,0.0756833333333333,0.0683883333333333,0.06032,0.0557383333333333,0.0414216666666667,0.04233,0.031415,0.0242633333333333,0.0209433333333333,0.0130366666666667,0.0125716666666667,0.00953,0.012675,0.004145,0.0117783333333333,0.00732333333333333,0.00847666666666667,0.00735666666666667,0.00542166666666667,0.00469,0.00629333333333333,0.00335,0.00158666666666667,0.00331,0.00240333333333333,0.000963333333333333,0.000515,0.000775,0.001285,0.00299,0.000616666666666667,0.00141,0.000951666666666667,0.000423333333333333,0,0,0.00042,0,0,0,0.000413333333333333,0,0,0,0,0,0,0,0,1,0,0,0,0,0,0,1,1,1,1,1,1,1,1,1,1,1,1,1,1,1,1,1,1,1,1,1,1,1,1,1,1,1,1,1,1,1,1,1,1,1,1,1,1,1,1,1,1,1,1,1,1,1,1,1,1,1,1,1,1,1,1,1,1,1,1,1,1,1,1,1,1,1,1,1,1,1,1,0
2026-08-18 05:00:00,66.6621424333333,0,0,0,0,0,0,0.0417916666666667,1.826705,5.64907833333333,7.70802666666667,7.18983833333333,6.79382666666667,7.07065333333333,7.56538833333333,8.84267666666667,6.44524,2.26037333333333,1.17439166666667,0.623768333333333,0.46246,0.380718333333333,0.37387,0.35533,0.227601666666667,0.155905,0.122188333333333,0.100663333333333,0.0959483333333333,0.0892266666666667,0.0744733333333333,0.0699166666666667,0.07373,0.0595716666666667,0.0688666666666667,0.054535,0.037535,0.0296433333333333,0.0213583333333333,0.021695,0.0146833333333333,0.0123633333333333,0.00970833333333333,0.0109933333333333,0.01065,0.00824666666666667,0.00978833333333333,0.00744,0.00596333333333333,0.00693,0.005275,0.007035,0.00378333333333333,0.00208833333333333,0.004025,0.00081,0.000911666666666667,0.00301,0.002575,0.00103166666666667,0.00153166666666667,0.000853333333333333,0.000748333333333333,0.000526666666666667,0.00169333333333333,0.000845,0,0,0,0,0,0,0,0,0,0,0,0,0,0,1,0,0,0,0,0,0,1,1,1,1,1,1,1,1,1,1,1,1,1,1,1,1,1,1,1,1,1,1,1,1,1,1,1,1,1,1,1,1,1,1,1,1,1,1,1,1,1,1,1,1,1,1,1,1,1,1,1,1,1,1,1,1,1,1,1,1,1,1,1,1,1,1,1,1,1,1,1,1,0
2026-08-18 06:00:00,84.1922415333333,0,0,0,0,0,0,0.0547966666666667,2.23509666666667,6.85400833333333,9.22160166666667,8.68744,8.25783333333333,8.66152833333333,9.82815,11.4018966666667,9.342715,3.301275,1.73165333333333,0.877975,0.624988333333333,0.52495,0.461601666666667,0.441561666666667,0.295451666666667,0.189215,0.139813333333333,0.109408333333333,0.0986533333333333,0.0868033333333333,0.08953,0.085495,0.0776633333333333,0.0647783333333333,0.0585416666666667,0.046265,0.0481283333333333,0.0363533333333333,0.028895,0.021475,0.0135,0.0182666666666667,0.0105716666666667,0.0158716666666667,0.0129783333333333,0.008325,0.009905,0.009675,0.0119433333333333,0.00797166666666667,0.00467166666666667,0.004685,0.00166166666666667,0.00369833333333333,0.00400666666666667,0.000466666666666667,0.00352,0.00151833333333333,0.002695,0.000833333333333333,0.000503333333333333,0.00170666666666667,0.000323333333333333,0.000526666666666667,0.000423333333333333,0.000421666666666667,0.000283333333333333,0.000426666666666667,0.000131666666666667,0,0,0,0.0000216666666666667,0.0000633333333333333,0.0000683333333333333,0.0000733333333333333,0.0000783333333333333,0.0000833333333333333,0.000025,0,1,0,0,0,0,0,0,1,1,1,1,1,1,1,1,1,1,1,1,1,1,1,1,1,1,1,1,1,1,1,1,1,1,1,1,1,1,1,1,1,1,1,1,1,1,1,1,1,1,1,1,1,1,1,1,1,1,1,1,1,1,1,1,1,1,1,1,1,1,1,1,1,1,1,1,1,1,1,1,0
2026-08-18 07:00:00,107.752241733333,0,0,0,0,0,0,0.0643183333333333,2.80976166666667,8.46818333333333,11.580005,10.88128,10.1946816666667,10.9299966666667,12.4791433333333,14.7486983333333,13.4085466666667,4.56780166666667,2.29283333333333,1.13550166666667,0.780803333333333,0.631321666666667,0.568523333333333,0.527766666666667,0.34653,0.210788333333333,0.135323333333333,0.109961666666667,0.120388333333333,0.0879183333333333,0.0827416666666667,0.0781516666666667,0.0712233333333333,0.0532316666666667,0.05948,0.0378716666666667,0.0392833333333333,0.0369083333333333,0.0261866666666667,0.0258566666666667,0.0235533333333333,0.0127066666666667,0.0155633333333333,0.01675,0.0131016666666667,0.00954,0.009895,0.012085,0.00598,0.007055,0.00471666666666667,0.00586,0.00419166666666667,0.00427,0.00289666666666667,0.00404,0.00233833333333333,0.00197833333333333,0.00180166666666667,0.000856666666666667,0.000426666666666667,0.00104166666666667,0.00130833333333333,0.000628333333333333,0.000423333333333333,0.000421666666666667,0.000421666666666667,0.000288333333333333,0.000131666666666667,0.000223333333333333,0.000608333333333333,0,0.0000216666666666667,0.0000633333333333333,0.0000683333333333333,0.0000733333333333333,0.0000783333333333333,0.0000833333333333333,0.000025,0,1,0,0,0,0,0,0,1,1,1,1,1,1,1,1,1,1,1,1,1,1,1,1,1,1,1,1,1,1,1,1,1,1,1,1,1,1,1,1,1,1,1,1,1,1,1,1,1,1,1,1,1,1,1,1,1,1,1,1,1,1,1,1,1,1,1,1,1,1,1,1,1,1,1,1,1,1,1,1,0
2026-08-18 08:00:00,125.646863966667,0,0,0,0,0,0,0.0710033333333333,3.227305,9.64178833333333,13.116725,12.453825,12.0961683333333,13.0002666666667,14.9686233333333,17.53218,15.7341583333333,5.276085,2.589435,1.24524666666667,0.84178,0.728103333333333,0.665688333333333,0.542923333333333,0.371975,0.221363333333333,0.147208333333333,0.12845,0.111743333333333,0.0836583333333333,0.0961266666666667,0.0719,0.0814116666666667,0.0630883333333333,0.0613666666666667,0.0448216666666667,0.0480866666666667,0.0357166666666667,0.0266166666666667,0.0198433333333333,0.0175633333333333,0.019905,0.01263,0.01236,0.0141,0.00926333333333333,0.0108283333333333,0.00909333333333333,0.00687,0.00419833333333333,0.004105,0.00516166666666667,0.00378166666666667,0.002905,0.00341666666666667,0.00147166666666667,0.00134666666666667,0.003985,0.00106166666666667,0.00204,0.001435,0.00128,0.001395,0.00196666666666667,0.000461666666666667,0,0.000283333333333333,0.000978333333333333,0.000418333333333333,0,0.000588333333333333,0.000813333333333333,0.000296666666666667,0.000126666666666667,0.000136666666666667,0.000146666666666667,0.000156666666666667,0.000166666666666667,0.00005,0,1,0,0,0,0,0,0,1,1,1,1,1,1,1,1,1,1,1,1,1,1,1,1,1,1,1,1,1,1,1,1,1,1,1,1,1,1,1,1,1,1,1,1,1,1,1,1,1,1,1,1,1,1,1,1,1,1,1,1,1,1,1,1,1,1,1,1,1,1,1,1,1,1,1,1,1,1,1,1,0
2026-08-18 09:00:00,127.791350066667,0,0,0,0,0,0,0.0687116666666667,3.03086,9.61880833333333,13.4764916666667,12.7405733333333,12.2475883333333,13.8055366666667,16.1892633333333,17.9822016666667,14.4490433333333,4.952785,2.49226833333333,1.247385,0.83938,0.723895,0.660361666666667,0.563658333333333,0.382781666666667,0.198923333333333,0.144595,0.1368,0.131561666666667,0.105843333333333,0.106478333333333,0.06932,0.0935283333333333,0.0726983333333333,0.0653033333333333,0.0493333333333333,0.0476883333333333,0.0354016666666667,0.0321733333333333,0.0201666666666667,0.0145166666666667,0.0133566666666667,0.0121283333333333,0.00996666666666667,0.011855,0.011675,0.00744166666666667,0.008975,0.00335333333333333,0.00481333333333333,0.00493,0.00559333333333333,0.00253,0.002765,0.00226166666666667,0.00308833333333333,0.00142166666666667,0.00169166666666667,0.000428333333333333,0.000175,0.000251666666666667,0.00128,0.00085,0.00166166666666667,0.000846666666666667,0.00122833333333333,0.000496666666666667,0.00112833333333333,0.000131666666666667,0,0.00100333333333333,0.0004,0.00114166666666667,0.00019,0.000205,0.00022,0.000235,0.00025,0.000075,0,1,0,0,0,0,0,0,1,1,1,1,1,1,1,1,1,1,1,1,1,1,1,1,1,1,1,1,1,1,1,1,1,1,1,1,1,1,1,1,1,1,1,1,1,1,1,1,1,1,1,1,1,1,1,1,1,1,1,1,1,1,1,1,1,1,1,1,1,1,1,1,1,1,1,1,1,1,1,1,0
2026-08-18 10:00:00,111.190892933333,0,0,0,0,0,0,0.06623,2.885455,8.90593,12.2425833333333,11.4482833333333,10.972675,12.059675,14.1821216666667,15.5807116666667,11.6169066666667,3.92475333333333,2.03462833333333,1.03726666666667,0.744703333333333,0.603065,0.59355,0.490276666666667,0.330703333333333,0.180526666666667,0.14182,0.11781,0.128,0.115423333333333,0.111368333333333,0.0730883333333333,0.08306,0.0702866666666667,0.0613566666666667,0.0591666666666667,0.0507516666666667,0.0358483333333333,0.0388166666666667,0.023,0.0192766666666667,0.0188233333333333,0.0121066666666667,0.0117,0.0106116666666667,0.0119716666666667,0.00944333333333333,0.00650166666666667,0.003805,0.010065,0.00296833333333333,0.00330166666666667,0.00335,0.00165666666666667,0.00229833333333333,0.00302,0.00215,0.00120333333333333,0.001805,0.001285,0.000426666666666667,0.000853333333333333,0.00107166666666667,0.00144,0.000461666666666667,0.00188666666666667,0.000225,0.00084,0.00165333333333333,0.00149166666666667,0.000608333333333333,0,0.000108333333333333,0.000316666666666667,0.00034,0.000365,0.000391666666666667,0.000418333333333333,0.000123333333333333,0,1,0,0,0,0,0,0,1,1,1,1,1,1,1,1,1,1,1,1,1,1,1,1,1,1,1,1,1,1,1,1,1,1,1,1,1,1,1,1,1,1,1,1,1,1,1,1,1,1,1,1,1,1,1,1,1,1,1,1,1,1,1,1,1,1,1,1,1,1,1,1,1,1,1,1,1,1,1,1,0
2026-08-18 11:00:00,86.1051392666667,0,0,0,0,0,0,0.0659333333333333,2.66784166666667,7.84342833333333,10.4042216666667,9.232465,8.63386833333333,9.317455,10.7908933333333,11.34317,7.55157666666667,2.800785,1.46299333333333,0.782923333333333,0.536431666666667,0.451981666666667,0.44559,0.370433333333333,0.246216666666667,0.15133,0.100186666666667,0.108021666666667,0.09771,0.0821383333333333,0.09004,0.07374,0.0996116666666667,0.0650916666666667,0.0537533333333333,0.055675,0.0459633333333333,0.0396633333333333,0.0298316666666667,0.02935,0.0231633333333333,0.0111816666666667,0.01302,0.00993833333333333,0.0119766666666667,0.0102416666666667,0.00723166666666667,0.0057,0.007015,0.00550333333333333,0.00418833333333333,0.00544666666666667,0.00253,0.004585,0.00366333333333333,0.00162,0.00403,0.00381333333333333,0.00252166666666667,0.0028,0.000678333333333333,0.00104333333333333,0.001835,0.001725,0.00207833333333333,0.00165333333333333,0.000993333333333333,0.00112833333333333,0.00178833333333333,0.000658333333333333,0.000366666666666667,0.00024,0.00013,0.00038,0.00041,0.00044,0.00047,0.0005,0.00015,0,1,0,0,0,0,0,0,1,1,1,1,1,1,1,1,1,1,1,1,1,1,1,1,1,1,1,1,1,1,1,1,1,1,1,1,1,1,1,1,1,1,1,1,1,1,1,1,1,1,1,1,1,1,1,1,1,1,1,1,1,1,1,1,1,1,1,1,1,1,1,1,1,1,1,1,1,1,1,1,0
2026-08-18 12:00:00,82.91377945,0,0,0,0,0,0,0.0728916666666667,2.90234833333333,8.72431,11.242665,9.78068666666667,8.73421166666667,8.85709166666667,9.69996,9.77849333333333,6.17325833333333,2.25933333333333,1.146355,0.624783333333333,0.447805,0.395326666666667,0.40741,0.327998333333333,0.23314,0.160778333333333,0.129608333333333,0.111596666666667,0.11118,0.106848333333333,0.105966666666667,0.0765566666666667,0.0952533333333333,0.0714033333333333,0.0647016666666667,0.0579416666666667,0.0523766666666667,0.042945,0.03356,0.0249933333333333,0.0172066666666667,0.02047,0.00991,0.011105,0.0107666666666667,0.00593166666666667,0.00547666666666667,0.00736666666666667,0.00554833333333333,0.00659666666666667,0.003835,0.00377833333333333,0.00462666666666667,0.00358166666666667,0.00258666666666667,0.00359166666666667,0.00278666666666667,0.00172,0.000746666666666667,0.00149166666666667,0.002035,0.00166,0.001545,0.00140166666666667,0.00200166666666667,0.000961666666666667,0.00134,0.00042,0.001235,0.00213166666666667,0.00121666666666667,0.000573333333333333,0.000361666666666667,0.000316666666666667,0.00034,0.000365,0.000391666666666667,0.000418333333333333,0.000123333333333333,0,1,0,0,0,0,0,0,1,1,1,1,1,1,1,1,1,1,1,1,1,1,1,1,1,1,1,1,1,1,1,1,1,1,1,1,1,1,1,1,1,1,1,1,1,1,1,1,1,1,1,1,1,1,1,1,1,1,1,1,1,1,1,1,1,1,1,1,1,1,1,1,1,1,1,1,1,1,1,1,0
2026-08-18 13:00:00,88.0898117833333,0,0,0,0,0,0,0.0774033333333333,2.96383666666667,9.01390833333333,11.8430383333333,10.096845,9.06774666666667,9.542665,10.443725,10.5321566666667,6.81654,2.41460833333333,1.31591166666667,0.708018333333333,0.529085,0.494766666666667,0.43899,0.402146666666667,0.270023333333333,0.177445,0.133336666666667,0.141766666666667,0.1408,0.108068333333333,0.119356666666667,0.0856133333333333,0.0972033333333333,0.0779233333333333,0.07148,0.06409,0.0627733333333333,0.0470516666666667,0.03605,0.0232766666666667,0.0161766666666667,0.0165216666666667,0.0134133333333333,0.0168483333333333,0.0117633333333333,0.009605,0.00886333333333333,0.00671333333333333,0.00630666666666667,0.00684833333333333,0.005485,0.00297333333333333,0.00294,0.00392,0.00292166666666667,0.00241166666666667,0.00206333333333333,0.00352666666666667,0.001005,0.00345833333333333,0.00349333333333333,0.00336666666666667,0.00334666666666667,0.00176333333333333,0.000423333333333333,0.000461666666666667,0.00168666666666667,0.00126,0,0,0.000173333333333333,0.00122833333333333,0.000903333333333333,0.000696666666666667,0.00075,0.000805,0.000861666666666667,0.000918333333333333,0.000273333333333333,0,1,0,0,0,0,0,0,1,1,1,1,1,1,1,1,1,1,1,1,1,1,1,1,1,1,1,1,1,1,1,1,1,1,1,1,1,1,1,1,1,1,1,1,1,1,1,1,1,1,1,1,1,1,1,1,1,1,1,1,1,1,1,1,1,1,1,1,1,1,1,1,1,1,1,1,1,1,1,1,0
2026-08-18 14:00:00,68.2717155166667,0,0,0,0,0,0,0.05181,2.40255,7.92256,10.5502766666667,8.38903833333333,7.07673333333333,6.94608,7.33486166666667,7.107875,4.520295,1.62351333333333,0.874551666666667,0.470513333333333,0.376501666666667,0.325861666666667,0.327938333333333,0.273488333333333,0.19426,0.13564,0.105528333333333,0.0985983333333333,0.091065,0.0763683333333333,0.0989,0.0527583333333333,0.0712083333333333,0.0631583333333333,0.0521216666666667,0.05024,0.0427183333333333,0.0302183333333333,0.0250566666666667,0.0200966666666667,0.0166266666666667,0.0142416666666667,0.01364,0.01334,0.00716166666666667,0.00533833333333333,0.00539,0.00585333333333333,0.00601833333333333,0.00720333333333333,0.00352333333333333,0.00456,0.00371333333333333,0.003745,0.0039,0.00339833333333333,0.00162833333333333,0.000831666666666667,0.00123166666666667,0.00126166666666667,0.000931666666666667,0.00275,0.000985,0.00176333333333333,0.00204,0.00123166666666667,0.00127666666666667,0.000715,0.000681666666666667,0.00125,0.000346666666666667,0.00130666666666667,0.000498333333333333,0.000253333333333333,0.000273333333333333,0.000293333333333333,0.000313333333333333,0.000333333333333333,0.0001,0,1,0,0,0,0,0,0,1,1,1,1,1,1,1,1,1,1,1,1,1,1,1,1,1,1,1,1,1,1,1,1,1,1,1,1,1,1,1,1,1,1,1,1,1,1,1,1,1,1,1,1,1,1,1,1,1,1,1,1,1,1,1,1,1,1,1,1,1,1,1,1,1,1,1,1,1,1,1,1,0
2026-08-18 15:00:00,58.9442337333333,0,0,0,0,0,0,0.059025,2.06101166666667,6.34747166666667,8.63598666666667,7.21137833333333,6.21237666666667,6.247925,6.53412166666667,6.52116666666667,4.07041166666667,1.439055,0.77592,0.445773333333333,0.338298333333333,0.28674,0.341158333333333,0.26791,0.212918333333333,0.148061666666667,0.110175,0.10127,0.10422,0.0856916666666667,0.0975833333333333,0.0690883333333333,0.08801,0.06545,0.05193,0.0530666666666667,0.0449483333333333,0.033025,0.0249883333333333,0.0171633333333333,0.01813,0.0155616666666667,0.021435,0.00794,0.00780333333333333,0.00767666666666667,0.00653166666666667,0.00310666666666667,0.00485833333333333,0.00305333333333333,0.003995,0.00219,0.00458,0.00372166666666667,0.00200666666666667,0.002915,0.00357166666666667,0.00143333333333333,0.00106,0.000658333333333333,0.00153333333333333,0.00166,0.00399333333333333,0.00235333333333333,0.0005,0.00077,0.00120166666666667,0.000978333333333333,0.000816666666666667,0.000851666666666667,0.00141833333333333,0.00024,0.000585,0.000506666666666667,0.000546666666666667,0.000586666666666667,0.000626666666666667,0.000666666666666667,0.0002,0,1,0,0,0,0,0,0,1,1,1,1,1,1,1,1,1,1,1,1,1,1,1,1,1,1,1,1,1,1,1,1,1,1,1,1,1,1,1,1,1,1,1,1,1,1,1,1,1,1,1,1,1,1,1,1,1,1,1,1,1,1,1,1,1,1,1,1,1,1,1,1,1,1,1,1,1,1,1,1,0
2026-08-18 16:00:00,55.0891425333333,0,0,0,0,0,0,0.047175,1.896475,6.10662166666667,8.31430666666667,7.39613666666667,6.46006333333333,5.91118,5.740805,5.25828,3.217225,1.17534166666667,0.656685,0.356246666666667,0.265125,0.232216666666667,0.252186666666667,0.225908333333333,0.17248,0.116963333333333,0.084855,0.0878116666666667,0.0885633333333333,0.0695233333333333,0.0792316666666667,0.0533733333333333,0.0692816666666667,0.05074,0.0463333333333333,0.04569,0.0362216666666667,0.030465,0.0211433333333333,0.02145,0.01808,0.00975166666666667,0.00758,0.0101916666666667,0.00694333333333333,0.00610833333333333,0.004615,0.00723333333333333,0.00465666666666667,0.00438333333333333,0.00683,0.00586,0.00291666666666667,0.00222833333333333,0.00370833333333333,0.00147166666666667,0.00263666666666667,0.00243666666666667,0.001375,0.00146,0.00196,0.000616666666666667,0.00236166666666667,0.00247333333333333,0.00257833333333333,0.000385,0.001485,0.001405,0.000131666666666667,0.00125,0.002075,0.000413333333333333,0.000563333333333333,0.000443333333333333,0.000478333333333333,0.000513333333333333,0.000548333333333333,0.000583333333333333,0.000175,0,1,0,0,0,0,0,0,1,1,1,1,1,1,1,1,1,1,1,1,1,1,1,1,1,1,1,1,1,1,1,1,1,1,1,1,1,1,1,1,1,1,1,1,1,1,1,1,1,1,1,1,1,1,1,1,1,1,1,1,1,1,1,1,1,1,1,1,1,1,1,1,1,1,1,1,1,1,1,1,0
2026-08-18 17:00:00,48.4590233833333,0,0,0,0,0,0,0.0465983333333333,2.02177,6.48205166666667,8.24126833333333,6.602205,5.360455,4.90318833333333,4.69428666666667,4.12747833333333,2.323405,0.876553333333333,0.469685,0.286665,0.229096666666667,0.194261666666667,0.244705,0.190413333333333,0.13368,0.0911316666666667,0.080235,0.0897383333333333,0.0878316666666667,0.077345,0.0742216666666667,0.0529466666666667,0.06278,0.0584616666666667,0.0458066666666667,0.045675,0.0414883333333333,0.0268,0.0279033333333333,0.0258116666666667,0.0170683333333333,0.0124883333333333,0.0149766666666667,0.00843166666666667,0.00976833333333333,0.00690333333333333,0.00581833333333333,0.00454833333333333,0.00407666666666667,0.00603666666666667,0.00336,0.00678833333333333,0.00421333333333333,0.00333666666666667,0.001505,0.00302,0.000458333333333333,0.00186333333333333,0.00315333333333333,0.00363333333333333,0.00332,0.00270333333333333,0.00285333333333333,0.00206833333333333,0.000885,0,0.00141,0.000985,0.00055,0.000416666666666667,0.00100333333333333,0.00024,0.00013,0.00038,0.00041,0.00044,0.00047,0.0005,0.00015,0,1,0,0,0,0,0,0,1,1,1,1,1,1,1,1,1,1,1,1,1,1,1,1,1,1,1,1,1,1,1,1,1,1,1,1,1,1,1,1,1,1,1,1,1,1,1,1,1,1,1,1,1,1,1,1,1,1,1,1,1,1,1,1,1,1,1,1,1,1,1,1,1,1,1,1,1,1,1,1,0
2026-08-18 18:00:00,42.6159963,0,0,0,0,0,0,0.0453116666666667,2.14061,6.87744166666667,8.38982833333333,6.287855,4.54134166666667,3.80421666666667,3.55492666666667,2.92447333333333,1.53716833333333,0.624668333333333,0.326123333333333,0.190973333333333,0.170301666666667,0.149443333333333,0.158861666666667,0.135453333333333,0.10554,0.0708116666666667,0.05075,0.0616183333333333,0.0716016666666667,0.05691,0.0622666666666667,0.0313566666666667,0.0443866666666667,0.038935,0.0364216666666667,0.0322833333333333,0.0263333333333333,0.0259566666666667,0.024085,0.01506,0.00636666666666667,0.00844,0.00931833333333333,0.00443,0.00619333333333333,0.00858166666666667,0.00710666666666667,0.00369333333333333,0.00426,0.00412,0.00501,0.003405,0.00209666666666667,0.00379333333333333,0.002465,0.00280166666666667,0.00220166666666667,0.000773333333333333,0.002235,0.00138166666666667,0.00246333333333333,0.00038,0.00122166666666667,0.00137666666666667,0.000808333333333333,0.000461666666666667,0.000843333333333333,0.00084,0.000418333333333333,0.000833333333333333,0.000415,0.00016,0.000361666666666667,0.000316666666666667,0.00034,0.000365,0.000391666666666667,0.000418333333333333,0.000123333333333333,0,1,0,0,0,0,0,0,1,1,1,1,1,1,1,1,1,1,1,1,1,1,1,1,1,1,1,1,1,1,1,1,1,1,1,1,1,1,1,1,1,1,1,1,1,1,1,1,1,1,1,1,1,1,1,1,1,1,1,1,1,1,1,1,1,1,1,1,1,1,1,1,1,1,1,1,1,1,1,1,0
2026-08-18 19:00:00,41.0987072666667,0,0,0,0,0,0,0.0513366666666667,2.29782833333333,7.250965,8.77861,6.44673166666667,4.39807333333333,3.22836333333333,2.757135,2.12637,1.06233,0.47698,0.240088333333333,0.16884,0.131938333333333,0.132483333333333,0.137015,0.121828333333333,0.100105,0.0671433333333333,0.0536383333333333,0.05166,0.0623,0.0423366666666667,0.0427616666666667,0.029625,0.046135,0.0353033333333333,0.0282033333333333,0.0257366666666667,0.02472,0.0218083333333333,0.0160833333333333,0.0108066666666667,0.00982333333333333,0.007555,0.00629166666666667,0.00582,0.00497833333333333,0.00377,0.00404666666666667,0.005355,0.00335333333333333,0.00389666666666667,0.00285833333333333,0.00431666666666667,0.00460333333333333,0.00315,0.00362666666666667,0.000986666666666667,0.0018,0.00169166666666667,0.00123166666666667,0.001865,0.00289166666666667,0.00208666666666667,0.00259833333333333,0.002435,0.00173166666666667,0.00169,0.00120166666666667,0.000978333333333333,0.000398333333333333,0.000465,0.00121666666666667,0,0.000108333333333333,0.000316666666666667,0.000341666666666667,0.000366666666666667,0.000391666666666667,0.000416666666666667,0.000125,0,1,0,0,0,0,0,0,1,1,1,1,1,1,1,1,1,1,1,1,1,1,1,1,1,1,1,1,1,1,1,1,1,1,1,1,1,1,1,1,1,1,1,1,1,1,1,1,1,1,1,1,1,1,1,1,1,1,1,1,1,1,1,1,1,1,1,1,1,1,1,1,1,1,1,1,1,1,1,1,0
2026-08-18 20:00:00,43.5303761,0,0,0,0,0,0,0.052485,2.41007166666667,7.44177166666667,9.080895,6.92957666666667,4.77964666666667,3.67657,2.99845166666667,2.34172666666667,1.24833,0.541023333333333,0.299346666666667,0.195731666666667,0.158743333333333,0.131213333333333,0.131421666666667,0.123925,0.107285,0.07451,0.0601833333333333,0.0588433333333333,0.0544033333333333,0.0439583333333333,0.052405,0.0370916666666667,0.0420316666666667,0.0393066666666667,0.0293916666666667,0.0270416666666667,0.0308516666666667,0.0218383333333333,0.018875,0.0136766666666667,0.0108816666666667,0.0119283333333333,0.00690166666666667,0.00592,0.00641,0.00603,0.00696666666666667,0.007595,0.00484,0.00420166666666667,0.00354666666666667,0.00134333333333333,0.00462666666666667,0.00376833333333333,0.00262333333333333,0.00552166666666667,0.00163333333333333,0.00240833333333333,0.00217833333333333,0.00357833333333333,0.00204,0.00360166666666667,0.000236666666666667,0.00289833333333333,0.00177,0.001115,0.000433333333333333,0.000558333333333333,0.000796666666666667,0.00109333333333333,0.000193333333333333,0.000413333333333333,0.000541666666666667,0.00038,0.00041,0.00044,0.00047,0.0005,0.00015,0,1,0,0,0,0,0,0,1,1,1,1,1,1,1,1,1,1,1,1,1,1,1,1,1,1,1,1,1,1,1,1,1,1,1,1,1,1,1,1,1,1,1,1,1,1,1,1,1,1,1,1,1,1,1,1,1,1,1,1,1,1,1,1,1,1,1,1,1,1,1,1,1,1,1,1,1,1,1,1,0
2026-08-18 21:00:00,39.3846084833333,0,0,0,0,0,0,0.0645833333333333,2.78522,7.767885,8.426625,6.004705,4.03675666666667,3.025225,2.55954,1.93515,1.006895,0.441511666666667,0.231885,0.151876666666667,0.119846666666667,0.11655,0.134893333333333,0.114308333333333,0.0912866666666667,0.070805,0.05794,0.0642266666666667,0.0518,0.043615,0.0652916666666667,0.0386966666666667,0.0438466666666667,0.0386183333333333,0.040755,0.0354283333333333,0.0274133333333333,0.0221716666666667,0.01728,0.0133383333333333,0.00999666666666667,0.0120416666666667,0.007135,0.00804333333333333,0.00482666666666667,0.00574166666666667,0.004085,0.00354166666666667,0.00467666666666667,0.00366833333333333,0.00451166666666667,0.00295166666666667,0.00125333333333333,0.00410666666666667,0.00141666666666667,0.00176166666666667,0.00182833333333333,0.00209333333333333,0.00149333333333333,0.00022,0.00170833333333333,0.00170666666666667,0.00202333333333333,0.000526666666666667,0,0.000845,0.000283333333333333,0.00139833333333333,0.000398333333333333,0.000435,0.00083,0.000413333333333333,0.000065,0.00019,0.000205,0.00022,0.000235,0.00025,0.000075,0,1,0,0,0,0,0,0,1,1,1,1,1,1,1,1,1,1,1,1,1,1,1,1,1,1,1,1,1,1,1,1,1,1,1,1,1,1,1,1,1,1,1,1,1,1,1,1,1,1,1,1,1,1,1,1,1,1,1,1,1,1,1,1,1,1,1,1,1,1,1,1,1,1,1,1,1,1,1,1,0
2026-08-18 22:00:00,40.0114256833333,0,0,0,0,0,0,0.064875,2.74300166666667,7.60980833333333,8.35624166666667,5.75935666666667,3.93666,3.06782,2.60503666666667,2.06301,1.09854333333333,0.47082,0.227678333333333,0.146281666666667,0.132425,0.117691666666667,0.13513,0.130308333333333,0.106533333333333,0.06822,0.061765,0.0639783333333333,0.0623633333333333,0.049585,0.065065,0.0438033333333333,0.0496483333333333,0.0381616666666667,0.034145,0.0319683333333333,0.0315316666666667,0.02029,0.020085,0.0163533333333333,0.0131266666666667,0.0106166666666667,0.00931833333333333,0.00509666666666667,0.00320666666666667,0.00530666666666667,0.006695,0.00426333333333333,0.004385,0.00236833333333333,0.00317,0.003015,0.00376,0.00179833333333333,0.00250166666666667,0.00338166666666667,0.003655,0.00200666666666667,0.00218,0.00211833333333333,0.002215,0.00170666666666667,0.00107166666666667,0.000203333333333333,0.00169333333333333,0.000423333333333333,0.000843333333333333,0.00042,0.000418333333333333,0,0,0,0.0000216666666666667,0.0000633333333333333,0.0000683333333333333,0.0000733333333333333,0.0000783333333333333,0.0000833333333333333,0.000025,0,1,0,0,0,0,0,0,1,1,1,1,1,1,1,1,1,1,1,1,1,1,1,1,1,1,1,1,1,1,1,1,1,1,1,1,1,1,1,1,1,1,1,1,1,1,1,1,1,1,1,1,1,1,1,1,1,1,1,1,1,1,1,1,1,1,1,1,1,1,1,1,1,1,1,1,1,1,1,1,0
2026-08-18 23:00:00,40.0634592333333,0,0,0,0,0,0,0.0601883333333333,2.43628166666667,7.20259666666667,8.59012333333333,5.93135333333333,4.06514166666667,3.075035,2.71473333333333,2.296125,1.29496333333333,0.517703333333333,0.290538333333333,0.179015,0.150858333333333,0.144703333333333,0.159865,0.131335,0.128951666666667,0.0881966666666667,0.0704166666666667,0.07145,0.0684316666666667,0.0467266666666667,0.0621,0.0450383333333333,0.0561816666666667,0.036855,0.0332633333333333,0.041595,0.0300833333333333,0.020145,0.0208916666666667,0.0167616666666667,0.01208,0.0153133333333333,0.00868,0.00622333333333333,0.00547833333333333,0.003795,0.00632166666666667,0.004765,0.00583333333333333,0.00274666666666667,0.003265,0.00249666666666667,0.00380666666666667,0.00345333333333333,0.00282666666666667,0.00361166666666667,0.00190666666666667,0.00266833333333333,0.00192,0.000911666666666667,0.00128333333333333,0.000853333333333333,0.00182,0.00073,0.000846666666666667,0.000423333333333333,0.000421666666666667,0,0.000836666666666667,0.00105666666666667,0.000193333333333333,0.000826666666666667,0.000455,0.000126666666666667,0.000136666666666667,0.000146666666666667,0.000156666666666667,0.000166666666666667,0.00005,0,1,0,0,0,0,0,0,1,1,1,1,1,1,1,1,1,1,1,1,1,1,1,1,1,1,1,1,1,1,1,1,1,1,1,1,1,1,1,1,1,1,1,1,1,1,1,1,1,1,1,1,1,1,1,1,1,1,1,1,1,1,1,1,1,1,1,1,1,1,1,1,1,1,1,1,1,1,1,1,0
2026-08-19,37.66360935,0,0,0,0,0,0,0.0435366666666667,2.024485,6.262185,7.97225666666667,5.813075,3.985325,2.97575666666667,2.55185666666667,2.30926166666667,1.34981833333333,0.529661666666667,0.293566666666667,0.183875,0.14871,0.141678333333333,0.155506666666667,0.155828333333333,0.119223333333333,0.091785,0.0724033333333333,0.0708733333333333,0.0659533333333333,0.056515,0.0498316666666667,0.0564966666666667,0.05436,0.0418433333333333,0.0353183333333333,0.0393816666666667,0.029965,0.0259433333333333,0.0160533333333333,0.012955,0.00994666666666667,0.00843166666666667,0.0106066666666667,0.00832333333333333,0.00429166666666667,0.00662,0.00327,0.00296333333333333,0.002955,0.00422833333333333,0.00230333333333333,0.00386,0.00205,0.00331333333333333,0.00176,0.000986666666666667,0.00309,0.00100333333333333,0.00149,0.000911666666666667,0.000428333333333333,0.00147,0.000985,0.00211166666666667,0.000115,0,0.00141,0.000565,0.000131666666666667,0,0,0,0.0000216666666666667,0.0000633333333333333,0.0000683333333333333,0.0000733333333333333,0.0000783333333333333,0.0000833333333333333,0.000025,0,1,0,0,0,0,0,0,1,1,1,1,1,1,1,1,1,1,1,1,1,1,1,1,1,1,1,1,1,1,1,1,1,1,1,1,1,1,1,1,1,1,1,1,1,1,1,1,1,1,1,1,1,1,1,1,1,1,1,1,1,1,1,1,1,1,1,1,1,1,1,1,1,1,1,1,1,1,1,1,0
2026-08-19 01:00:00,42.8950732166667,0,0,0,0,0,0,0.0420033333333333,2.03994333333333,6.74879,8.926045,6.68955,4.88140333333333,3.73218333333333,3.18006666666667,2.74368833333333,1.46435833333333,0.585651666666667,0.345613333333333,0.190393333333333,0.168753333333333,0.166633333333333,0.155781666666667,0.173878333333333,0.12515,0.103328333333333,0.0904733333333333,0.07513,0.06986,0.06264,0.0601416666666667,0.0607883333333333,0.06118,0.0450866666666667,0.0394516666666667,0.0396333333333333,0.0334933333333333,0.0241533333333333,0.021025,0.0143933333333333,0.0130216666666667,0.0100783333333333,0.01017,0.006165,0.002805,0.007645,0.00522666666666667,0.00412,0.00601666666666667,0.003895,0.00323833333333333,0.00210666666666667,0.00416833333333333,0.0037,0.00321333333333333,0.00376,0.00235833333333333,0.000343333333333333,0.00292333333333333,0.000768333333333333,0.00110666666666667,0.00147,0.000661666666666667,0.001275,0,0.00119166666666667,0.000075,0,0,0.000833333333333333,0.000173333333333333,0.00024,0.000866666666666667,0.000126666666666667,0.000136666666666667,0.000146666666666667,0.000156666666666667,0.000166666666666667,0.00005,0,1,0,0,0,0,0,0,1,1,1,1,1,1,1,1,1,1,1,1,1,1,1,1,1,1,1,1,1,1,1,1,1,1,1,1,1,1,1,1,1,1,1,1,1,1,1,1,1,1,1,1,1,1,1,1,1,1,1,1,1,1,1,1,1,1,1,1,1,1,1,1,1,1,1,1,1,1,1,1,0
2026-08-19 02:00:00,52.9714684166667,0,0,0,0,0,0,0.0497366666666667,2.20424,7.35531333333333,10.339435,8.31878,6.33378833333333,5.07651333333333,4.20184,3.66165833333333,1.700645,0.72182,0.445986666666667,0.282031666666667,0.231173333333333,0.18151,0.177948333333333,0.171581666666667,0.133173333333333,0.115903333333333,0.0847333333333333,0.081825,0.077405,0.0746183333333333,0.07326,0.0578633333333333,0.0621066666666667,0.05229,0.048725,0.03838,0.0334,0.0280683333333333,0.0210983333333333,0.0139916666666667,0.0137366666666667,0.00963166666666667,0.00865,0.00731333333333333,0.00588833333333333,0.00543333333333333,0.006625,0.00448166666666667,0.00436666666666667,0.00430166666666667,0.00280166666666667,0.00258,0.00123,0.002135,0.00317,0.00121666666666667,0.00177666666666667,0.00217833333333333,0.00323666666666667,0.00182333333333333,0.00128,0.00170666666666667,0,0.001585,0.000115,0.000846666666666667,0.000705,0.001265,0.000131666666666667,0,0.00117666666666667,0.000893333333333333,0.000455,0.000126666666666667,0.000136666666666667,0.000146666666666667,0.000156666666666667,0.000166666666666667,0.00005,0,1,0,0,0,0,0,0,1,1,1,1,1,1,1,1,1,1,1,1,1,1,1,1,1,1,1,1,1,1,1,1,1,1,1,1,1,1,1,1,1,1,1,1,1,1,1,1,1,1,1,1,1,1,1,1,1,1,1,1,1,1,1,1,1,1,1,1,1,1,1,1,1,1,1,1,1,1,1,1,0
2026-08-19 03:00:00,55.8455652166667,0,0,0,0,0,0,0.051735,2.52773333333333,7.83785,10.6348116666667,8.47617,6.52870166666667,5.27984,4.54170333333333,4.01277166666667,1.89094,0.776563333333333,0.481531666666667,0.291161666666667,0.230921666666667,0.198266666666667,0.195928333333333,0.200371666666667,0.151928333333333,0.111708333333333,0.0976816666666667,0.0960183333333333,0.0893166666666667,0.08333,0.08812,0.0808333333333333,0.0702,0.0600066666666667,0.0545916666666667,0.04445,0.0385616666666667,0.0239783333333333,0.0217533333333333,0.020675,0.0147966666666667,0.0126933333333333,0.008855,0.0100733333333333,0.00787,0.00592833333333333,0.00619833333333333,0.00714833333333333,0.005565,0.00379333333333333,0.00442833333333333,0.00216833333333333,0.00253,0.00442166666666667,0.00397,0.00226333333333333,0.00282,0.00266666666666667,0.00303833333333333,0.00210833333333333,0.001535,0.00128,0,0.000773333333333333,0.0005,0.000843333333333333,0,0.00042,0.000398333333333333,0.000435,0,0,0,0,0,0,0,0,0,0,1,0,0,0,0,0,0,1,1,1,1,1,1,1,1,1,1,1,1,1,1,1,1,1,1,1,1,1,1,1,1,1,1,1,1,1,1,1,1,1,1,1,1,1,1,1,1,1,1,1,1,1,1,1,1,1,1,1,1,1,1,1,1,1,1,1,1,1,1,1,1,1,1,1,1,1,1,1,1,0
2026-08-19 04:00:00,56.0027000666667,0,0,0,0,0,0,0.061985,2.807405,8.42764166666667,10.7663133333333,8.48393333333333,6.37496666666667,5.22997666666667,4.518485,3.94056333333333,1.93614833333333,0.767146666666667,0.45931,0.301373333333333,0.258143333333333,0.210886666666667,0.22926,0.229956666666667,0.191215,0.14356,0.119663333333333,0.0976466666666667,0.104811666666667,0.09564,0.103185,0.0850833333333333,0.0692383333333333,0.0732733333333333,0.0725383333333333,0.06726,0.0528933333333333,0.0408766666666667,0.0375183333333333,0.0278066666666667,0.02197,0.0123883333333333,0.0107716666666667,0.0104166666666667,0.00806333333333333,0.00777166666666667,0.00573166666666667,0.009265,0.005585,0.003055,0.00546166666666667,0.00499166666666667,0.00209666666666667,0.00317333333333333,0.00328333333333333,0.00332833333333333,0.001955,0.00134666666666667,0.00152166666666667,0.000966666666666667,0.000855,0.00019,0.00151166666666667,0.000425,0.000423333333333333,0.000845,0.000283333333333333,0.000978333333333333,0.000418333333333333,0,0.000173333333333333,0.00024,0.0000216666666666667,0.0000633333333333333,0.0000683333333333333,0.0000733333333333333,0.0000783333333333333,0.0000833333333333333,0.000025,0,1,0,0,0,0,0,0,1,1,1,1,1,1,1,1,1,1,1,1,1,1,1,1,1,1,1,1,1,1,1,1,1,1,1,1,1,1,1,1,1,1,1,1,1,1,1,1,1,1,1,1,1,1,1,1,1,1,1,1,1,1,1,1,1,1,1,1,1,1,1,1,1,1,1,1,1,1,1,1,0
2026-08-19 05:00:00,57.3016124833333,0,0,0,0,0,0,0.060725,2.73263,8.52704333333333,10.9596916666667,8.58085833333333,6.45761833333333,5.29453166666667,4.66958833333333,3.995,1.93528166666667,0.754676666666667,0.427308333333333,0.296865,0.238206666666667,0.236826666666667,0.2451,0.249666666666667,0.188675,0.152518333333333,0.119121666666667,0.12073,0.104596666666667,0.0928,0.107953333333333,0.104581666666667,0.0922216666666667,0.075775,0.0630366666666667,0.0580766666666667,0.046855,0.0443066666666667,0.02916,0.0246,0.0176466666666667,0.01283,0.0109733333333333,0.0111333333333333,0.005265,0.00653333333333333,0.00942833333333333,0.00786833333333333,0.00802833333333333,0.00542166666666667,0.00647666666666667,0.00547,0.00710833333333333,0.00304666666666667,0.000915,0.00138333333333333,0.00346833333333333,0.00220666666666667,0.00200833333333333,0.00126166666666667,0.00178333333333333,0.000426666666666667,0.000323333333333333,0.000101666666666667,0.000385,0.0000383333333333333,0.000421666666666667,0,0.000418333333333333,0,0,0.000413333333333333,0,0,0,0,0,0,0,0,1,0,0,0,0,0,0,1,1,1,1,1,1,1,1,1,1,1,1,1,1,1,1,1,1,1,1,1,1,1,1,1,1,1,1,1,1,1,1,1,1,1,1,1,1,1,1,1,1,1,1,1,1,1,1,1,1,1,1,1,1,1,1,1,1,1,1,1,1,1,1,1,1,1,1,1,1,1,1,0
2026-08-19 06:00:00,61.6049517166667,0,0,0,0,0,0,0.0666316666666667,2.76875,8.73543333333333,11.5256716666667,9.172005,7.05198333333333,5.89121,5.26048333333333,4.34526,2.05656166666667,0.774145,0.473608333333333,0.309821666666667,0.251281666666667,0.251291666666667,0.260806666666667,0.26986,0.224261666666667,0.181751666666667,0.144451666666667,0.13507,0.127665,0.119686666666667,0.11382,0.09776,0.112723333333333,0.090105,0.0809283333333333,0.0787833333333333,0.0776633333333333,0.0567066666666667,0.0423916666666667,0.0259366666666667,0.0223766666666667,0.0174466666666667,0.01513,0.0125833333333333,0.0108316666666667,0.0119966666666667,0.00560666666666667,0.00817666666666667,0.00643333333333333,0.00626166666666667,0.005595,0.00377833333333333,0.00417,0.001295,0.00222833333333333,0.00286166666666667,0.002735,0.000601666666666667,0.000258333333333333,0.001285,0.00170833333333333,0.000853333333333333,0.000646666666666667,0.000203333333333333,0.00077,0.0000766666666666667,0,0.00042,0,0.000416666666666667,0,0.000413333333333333,0,0,0,0,0,0,0,0,1,0,0,0,0,0,0,1,1,1,1,1,1,1,1,1,1,1,1,1,1,1,1,1,1,1,1,1,1,1,1,1,1,1,1,1,1,1,1,1,1,1,1,1,1,1,1,1,1,1,1,1,1,1,1,1,1,1,1,1,1,1,1,1,1,1,1,1,1,1,1,1,1,1,1,1,1,1,1,0
2026-08-19 07:00:00,54.5337880666667,0,0,0,0,0,0,0.0456766666666667,2.231255,7.42864833333333,10.1139966666667,8.19847166666667,6.41531666666667,5.53097166666667,4.82226666666667,3.83731166666667,1.82077333333333,0.706216666666667,0.419288333333333,0.268953333333333,0.243108333333333,0.236616666666667,0.265178333333333,0.265383333333333,0.206918333333333,0.172255,0.147241666666667,0.127888333333333,0.139783333333333,0.117381666666667,0.138206666666667,0.101606666666667,0.103956666666667,0.10559,0.0872116666666667,0.07924,0.0701516666666667,0.0577416666666667,0.0377316666666667,0.033315,0.0254266666666667,0.0211116666666667,0.0133816666666667,0.0137866666666667,0.0139483333333333,0.011,0.00828666666666667,0.006655,0.00601666666666667,0.00639,0.00291166666666667,0.00301666666666667,0.00501333333333333,0.0049,0.002675,0.001075,0.00268833333333333,0.001405,0.00143333333333333,0.00149166666666667,0.000755,0.00128,0.000748333333333333,0.000913333333333333,0.000885,0.001265,0,0.00112666666666667,0.00055,0,0.000415,0,0,0,0,0,0,0,0,0,1,0,0,0,0,0,0,1,1,1,1,1,1,1,1,1,1,1,1,1,1,1,1,1,1,1,1,1,1,1,1,1,1,1,1,1,1,1,1,1,1,1,1,1,1,1,1,1,1,1,1,1,1,1,1,1,1,1,1,1,1,1,1,1,1,1,1,1,1,1,1,1,1,1,1,1,1,1,1,0
2026-08-19 08:00:00,48.91763405,0,0,0,0,0,0,0.0359633333333333,1.89646666666667,6.483175,8.77293833333333,7.08968833333333,5.67878,4.96746333333333,4.45783833333333,3.40671333333333,1.67244666666667,0.668146666666667,0.401858333333333,0.26719,0.225973333333333,0.210958333333333,0.289873333333333,0.258361666666667,0.201653333333333,0.162228333333333,0.130121666666667,0.13225,0.133965,0.11819,0.1221,0.12166,0.107818333333333,0.086295,0.08292,0.0647666666666667,0.0645583333333333,0.057365,0.0408066666666667,0.0279333333333333,0.0191066666666667,0.014985,0.0112283333333333,0.0140633333333333,0.00871666666666667,0.00897666666666667,0.00511,0.00772833333333333,0.00349833333333333,0.00560166666666667,0.00379333333333333,0.00594166666666667,0.00373666666666667,0.00177333333333333,0.00325833333333333,0.00317833333333333,0.00190833333333333,0.00180666666666667,0.00149,0.000483333333333333,0.00170833333333333,0.00170666666666667,0.00149666666666667,0.00136333333333333,0.000113333333333333,0.000845,0.000705,0.000138333333333333,0.000398333333333333,0.001075,0.000193333333333333,0,0.000433333333333333,0.0000633333333333333,0.0000683333333333333,0.0000733333333333333,0.0000783333333333333,0.0000833333333333333,0.000025,0,1,0,0,0,0,0,0,1,1,1,1,1,1,1,1,1,1,1,1,1,1,1,1,1,1,1,1,1,1,1,1,1,1,1,1,1,1,1,1,1,1,1,1,1,1,1,1,1,1,1,1,1,1,1,1,1,1,1,1,1,1,1,1,1,1,1,1,1,1,1,1,1,1,1,1,1,1,1,1,0
2026-08-19 09:00:00,45.0653161833333,0,0,0,0,0,0,0.034285,1.74415666666667,5.87782833333333,7.93025,6.47273333333333,5.29325166666667,4.61683166666667,4.30400833333333,3.17656,1.550525,0.647143333333333,0.36703,0.250186666666667,0.197935,0.206498333333333,0.258433333333333,0.20201,0.17309,0.148373333333333,0.116781666666667,0.124828333333333,0.128505,0.0937216666666667,0.118638333333333,0.091595,0.103405,0.0801316666666667,0.0830366666666667,0.077525,0.063515,0.0542583333333333,0.037145,0.0243316666666667,0.0216116666666667,0.0131483333333333,0.0177433333333333,0.0145366666666667,0.00725333333333333,0.00893666666666667,0.00801666666666667,0.00521166666666667,0.005165,0.005755,0.00363,0.00297166666666667,0.000843333333333333,0.001225,0.00377833333333333,0.00357666666666667,0.00094,0.000831666666666667,0,0.001285,0.00128,0.000853333333333333,0.000425,0.000425,0.000423333333333333,0.00204,0.000496666666666667,0,0.000398333333333333,0.000435,0,0,0.0000866666666666667,0.000253333333333333,0.000271666666666667,0.000291666666666667,0.000313333333333333,0.000335,0.0000983333333333333,0,1,0,0,0,0,0,0,1,1,1,1,1,1,1,1,1,1,1,1,1,1,1,1,1,1,1,1,1,1,1,1,1,1,1,1,1,1,1,1,1,1,1,1,1,1,1,1,1,1,1,1,1,1,1,1,1,1,1,1,1,1,1,1,1,1,1,1,1,1,1,1,1,1,1,1,1,1,1,1,0
2026-08-19 10:00:00,37.7932521333333,0,0,0,0,0,0,0.0345383333333333,1.52698,4.91681166666667,6.55725833333333,5.35966166666667,4.480775,4.02699,3.679935,2.69225666666667,1.44432166666667,0.603976666666667,0.355373333333333,0.230601666666667,0.175121666666667,0.200766666666667,0.215355,0.193811666666667,0.167126666666667,0.12326,0.0870533333333333,0.105248333333333,0.0928566666666667,0.0768216666666667,0.0920016666666667,0.058035,0.0697066666666667,0.0554366666666667,0.0661583333333333,0.0457316666666667,0.0387766666666667,0.0294466666666667,0.0269833333333333,0.0208766666666667,0.0101866666666667,0.0146683333333333,0.0127983333333333,0.00975333333333333,0.00899666666666667,0.00612333333333333,0.00275833333333333,0.00368833333333333,0.00494666666666667,0.00142666666666667,0.00493333333333333,0.00418833333333333,0.00212,0.00161,0.00125833333333333,0.00222833333333333,0.00139333333333333,0.00146166666666667,0.00149,0.00023,0.00068,0.00142333333333333,0.00156,0.00162333333333333,0.000461666666666667,0.000883333333333333,0.000421666666666667,0.00141666666666667,0.00147833333333333,0.0000366666666666667,0,0.000573333333333333,0.000296666666666667,0.000126666666666667,0.000136666666666667,0.000146666666666667,0.000156666666666667,0.000166666666666667,0.00005,0,1,0,0,0,0,0,0,1,1,1,1,1,1,1,1,1,1,1,1,1,1,1,1,1,1,1,1,1,1,1,1,1,1,1,1,1,1,1,1,1,1,1,1,1,1,1,1,1,1,1,1,1,1,1,1,1,1,1,1,1,1,1,1,1,1,1,1,1,1,1,1,1,1,1,1,1,1,1,1,0
2026-08-19 11:00:00,34.6899653333333,0,0,0,0,0,0,0.030875,1.4164,4.49788333333333,5.902515,4.87067166666667,4.039865,3.51848,3.35388,2.53419333333333,1.41745833333333,0.560991666666667,0.318768333333333,0.210121666666667,0.184991666666667,0.175836666666667,0.179363333333333,0.169956666666667,0.147145,0.109483333333333,0.080095,0.0847433333333333,0.0808033333333333,0.0653233333333333,0.0661016666666667,0.048355,0.0608966666666667,0.0471316666666667,0.0368866666666667,0.044305,0.0297116666666667,0.0229766666666667,0.0229583333333333,0.0153966666666667,0.012345,0.0141216666666667,0.00909,0.00625,0.00762666666666667,0.005565,0.00355833333333333,0.00303166666666667,0.00293666666666667,0.00190666666666667,0.00228833333333333,0.00171333333333333,0.00168666666666667,0.000746666666666667,0.00264166666666667,0.0000883333333333333,0.001805,0.00180666666666667,0.00137833333333333,0.00145,0.000426666666666667,0.000426666666666667,0.000425,0.000425,0.00127,0,0.000988333333333333,0.000853333333333333,0.000681666666666667,0.00105666666666667,0.000608333333333333,0.00165333333333333,0.00091,0.000253333333333333,0.000273333333333333,0.000293333333333333,0.000313333333333333,0.000333333333333333,0.0001,0,1,0,0,0,0,0,0,1,1,1,1,1,1,1,1,1,1,1,1,1,1,1,1,1,1,1,1,1,1,1,1,1,1,1,1,1,1,1,1,1,1,1,1,1,1,1,1,1,1,1,1,1,1,1,1,1,1,1,1,1,1,1,1,1,1,1,1,1,1,1,1,1,1,1,1,1,1,1,1,0
2026-08-19 12:00:00,37.6850482166667,0,0,0,0,0,0,0.0309133333333333,1.54754666666667,4.991165,6.48119666666667,5.49376666666667,4.35704833333333,4.00434833333333,3.68675666666667,2.80817166666667,1.46418833333333,0.57334,0.342941666666667,0.216271666666667,0.197493333333333,0.166345,0.202453333333333,0.178595,0.16163,0.105166666666667,0.0939966666666667,0.0986483333333333,0.0878866666666667,0.063255,0.0740916666666667,0.050895,0.0619416666666667,0.0439466666666667,0.0339716666666667,0.03636,0.0337016666666667,0.0256016666666667,0.02588,0.0181633333333333,0.0103733333333333,0.010725,0.00538,0.006665,0.00444833333333333,0.00387,0.00402333333333333,0.00405333333333333,0.00630833333333333,0.00509166666666667,0.00192,0.00262166666666667,0.00209666666666667,0.00127166666666667,0.00309166666666667,0.00415666666666667,0.00190333333333333,0.000573333333333333,0.00186333333333333,0.00199833333333333,0.00153166666666667,0.000426666666666667,0.000323333333333333,0.00133833333333333,0.00127,0.000731666666666667,0.000571666666666667,0.000708333333333333,0.00132833333333333,0.0000566666666666667,0.000588333333333333,0.000653333333333333,0.000541666666666667,0.00038,0.00041,0.00044,0.00047,0.0005,0.00015,0,1,0,0,0,0,0,0,1,1,1,1,1,1,1,1,1,1,1,1,1,1,1,1,1,1,1,1,1,1,1,1,1,1,1,1,1,1,1,1,1,1,1,1,1,1,1,1,1,1,1,1,1,1,1,1,1,1,1,1,1,1,1,1,1,1,1,1,1,1,1,1,1,1,1,1,1,1,1,1,0
2026-08-19 13:00:00,40.84163305,0,0,0,0,0,0,0.0417666666666667,1.65534166666667,5.111605,6.640805,5.43643666666667,4.57227,4.13887833333333,3.904155,3.14011833333333,1.78751166666667,0.790101666666667,0.493371666666667,0.29979,0.274081666666667,0.254963333333333,0.289855,0.251186666666667,0.210781666666667,0.154175,0.12389,0.103858333333333,0.099865,0.0840283333333333,0.0879583333333333,0.05648,0.06339,0.058685,0.0462683333333333,0.0430333333333333,0.0449233333333333,0.0312366666666667,0.0259033333333333,0.0213283333333333,0.0234366666666667,0.0141433333333333,0.0125616666666667,0.0111366666666667,0.00924833333333333,0.0107666666666667,0.012185,0.0104083333333333,0.00748666666666667,0.00865833333333333,0.00653,0.00594666666666667,0.00838333333333333,0.007565,0.00483333333333333,0.00236833333333333,0.00573,0.00266666666666667,0.00111666666666667,0.00377666666666667,0.00264,0.00360333333333333,0.00470833333333333,0.00267666666666667,0.00169333333333333,0.00134666666666667,0.000843333333333333,0.00183666666666667,0.00149833333333333,0.000658333333333333,0.00144,0.000413333333333333,0.000455,0.000126666666666667,0.000136666666666667,0.000146666666666667,0.000156666666666667,0.000166666666666667,0.00005,0,1,0,0,0,0,0,0,1,1,1,1,1,1,1,1,1,1,1,1,1,1,1,1,1,1,1,1,1,1,1,1,1,1,1,1,1,1,1,1,1,1,1,1,1,1,1,1,1,1,1,1,1,1,1,1,1,1,1,1,1,1,1,1,1,1,1,1,1,1,1,1,1,1,1,1,1,1,1,1,0
2026-08-19 14:00:00,38.8149128666667,0,0,0,0,0,0,0.0359633333333333,1.52430833333333,4.53332833333333,5.688385,4.5561,3.58599,3.33097666666667,3.40816,3.51443833333333,2.70586166666667,1.23469333333333,0.782418333333333,0.508655,0.404721666666667,0.403078333333333,0.407325,0.417131666666667,0.33323,0.22871,0.159048333333333,0.11269,0.094815,0.0665983333333333,0.0629,0.0451866666666667,0.04409,0.03318,0.0295,0.0299466666666667,0.024285,0.0160133333333333,0.0142716666666667,0.0170116666666667,0.01124,0.00722666666666667,0.0108266666666667,0.00804833333333333,0.00460833333333333,0.00397833333333333,0.0024,0.00571166666666667,0.00542,0.00550166666666667,0.00276333333333333,0.00386,0.00212,0.00238,0.00538,0.001305,0.00086,0.00129,0.00251666666666667,0.000483333333333333,0.002135,0.00213333333333333,0.000748333333333333,0.000526666666666667,0.000846666666666667,0.00153833333333333,0.000433333333333333,0.000558333333333333,0.00167333333333333,0.00105666666666667,0.00143833333333333,0,0.000216666666666667,0.000633333333333333,0.000683333333333333,0.000733333333333333,0.000783333333333333,0.000833333333333333,0.00025,0,1,0,0,0,0,0,0,1,1,1,1,1,1,1,1,1,1,1,1,1,1,1,1,1,1,1,1,1,1,1,1,1,1,1,1,1,1,1,1,1,1,1,1,1,1,1,1,1,1,1,1,1,1,1,1,1,1,1,1,1,1,1,1,1,1,1,1,1,1,1,1,1,1,1,1,1,1,1,1,0
2026-08-19 15:00:00,44.130348,0,0,0,0,0,0,0.0429866666666667,1.31075333333333,3.86408166666667,4.94165,4.16721166666667,3.43802333333333,3.51907833333333,3.94442833333333,4.68980333333333,4.484325,1.96366166666667,1.338025,0.858568333333333,0.702486666666667,0.674421666666667,0.719176666666667,0.760418333333333,0.605376666666667,0.37747,0.26835,0.183076666666667,0.142108333333333,0.104428333333333,0.09086,0.0608266666666667,0.05255,0.0318683333333333,0.02933,0.02251,0.0214666666666667,0.0177616666666667,0.0166983333333333,0.0140583333333333,0.0139566666666667,0.00919666666666667,0.00888666666666667,0.00704833333333333,0.00277166666666667,0.00585,0.00484666666666667,0.00426333333333333,0.00395166666666667,0.00366666666666667,0.00273666666666667,0.00390333333333333,0.00585666666666667,0.007035,0.00551166666666667,0.00251833333333333,0.00236166666666667,0.00458666666666667,0.00223166666666667,0.00284166666666667,0.00314166666666667,0.00189666666666667,0.001835,0.000488333333333333,0.001655,0.00077,0.001415,0,0.001235,0.001075,0.00102333333333333,0.000573333333333333,0.000426666666666667,0.000506666666666667,0.000545,0.000585,0.000626666666666667,0.000668333333333333,0.000198333333333333,0,1,0,0,0,0,0,0,1,1,1,1,1,1,1,1,1,1,1,1,1,1,1,1,1,1,1,1,1,1,1,1,1,1,1,1,1,1,1,1,1,1,1,1,1,1,1,1,1,1,1,1,1,1,1,1,1,1,1,1,1,1,1,1,1,1,1,1,1,1,1,1,1,1,1,1,1,1,1,1,0
2026-08-19 16:00:00,37.8447273,0,0,0,0,0,0,0.0315116666666667,0.885368333333333,2.7433,3.94406833333333,3.38588833333333,2.98965166666667,3.06093333333333,3.61995166666667,4.36999333333333,4.43400833333333,1.89100666666667,1.20987,0.787375,0.62524,0.614906666666667,0.635366666666667,0.705413333333333,0.531658333333333,0.340343333333333,0.21528,0.170713333333333,0.131071666666667,0.09639,0.0829183333333333,0.0512716666666667,0.0444616666666667,0.041135,0.0319966666666667,0.0261816666666667,0.02652,0.0237866666666667,0.01983,0.0174616666666667,0.01584,0.0130366666666667,0.00689,0.008625,0.00685333333333333,0.004795,0.00863,0.00534,0.00453,0.00453333333333333,0.00360333333333333,0.00388166666666667,0.00207333333333333,0.00413166666666667,0.00228,0.00391833333333333,0.00225833333333333,0.00321,0.00269333333333333,0.00126166666666667,0.00178333333333333,0.00123333333333333,0.00164666666666667,0.000875,0.00127,0.00077,0.0024,0.00111666666666667,0,0.00125,0,0.000413333333333333,0.000736666666666667,0.00095,0.00102166666666667,0.00109666666666667,0.001175,0.00125333333333333,0.000371666666666667,0,1,0,0,0,0,0,0,1,1,1,1,1,1,1,1,1,1,1,1,1,1,1,1,1,1,1,1,1,1,1,1,1,1,1,1,1,1,1,1,1,1,1,1,1,1,1,1,1,1,1,1,1,1,1,1,1,1,1,1,1,1,1,1,1,1,1,1,1,1,1,1,1,1,1,1,1,1,1,1,0
2026-08-19 17:00:00,17.89957185,0,0,0,0,0,0,0.0260616666666667,0.754223333333333,1.96294333333333,2.59958666666667,2.04916833333333,1.62968666666667,1.50961833333333,1.64758166666667,1.595735,1.23173,0.532035,0.336116666666667,0.206981666666667,0.188793333333333,0.188235,0.195585,0.18136,0.1563,0.111403333333333,0.0844,0.0677783333333333,0.06272,0.0546366666666667,0.0409416666666667,0.036365,0.0450133333333333,0.0360533333333333,0.03216,0.0277666666666667,0.0180083333333333,0.0222266666666667,0.0180566666666667,0.015675,0.0146666666666667,0.011615,0.00926666666666667,0.009925,0.00551666666666667,0.00801166666666667,0.00365,0.00325,0.00409666666666667,0.0041,0.00100333333333333,0.00128166666666667,0.00248333333333333,0.00329,0.000553333333333333,0.0000883333333333333,0.00220666666666667,0.00235,0.00269333333333333,0.00161166666666667,0.00143333333333333,0.00019,0.00238,0.00125666666666667,0,0.000843333333333333,0.000283333333333333,0.000138333333333333,0.000836666666666667,0,0.000415,0.000826666666666667,0.000195,0.00057,0.000613333333333333,0.000658333333333333,0.000705,0.000751666666666667,0.000223333333333333,0,1,0,0,0,0,0,0,1,1,1,1,1,1,1,1,1,1,1,1,1,1,1,1,1,1,1,1,1,1,1,1,1,1,1,1,1,1,1,1,1,1,1,1,1,1,1,1,1,1,1,1,1,1,1,1,1,1,1,1,1,1,1,1,1,1,1,1,1,1,1,1,1,1,1,1,1,1,1,1,0
2026-08-19 18:00:00,15.4988005555556,0,0,0,0,0,0,0.0295407407407407,0.938740740740741,2.32574814814815,2.65512222222222,1.89829814814815,1.3767,1.21900185185185,1.27034259259259,1.03919259259259,0.635698148148148,0.297366666666667,0.174851851851852,0.12592962962963,0.106048148148148,0.12525,0.118487037037037,0.120427777777778,0.0967666666666667,0.0711555555555556,0.0677,0.0492814814814815,0.0613222222222222,0.0427148148148148,0.0459722222222222,0.0412685185185185,0.0372148148148148,0.0352277777777778,0.0260851851851852,0.023687037037037,0.0201814814814815,0.0165037037037037,0.0144037037037037,0.0168648148148148,0.0143814814814815,0.0115648148148148,0.0119611111111111,0.00957962962962963,0.00737037037037037,0.00406666666666667,0.00558333333333333,0.00401666666666667,0.0071037037037037,0.00342407407407407,0.00210740740740741,0.0027962962962963,0.00468518518518519,0.00197037037037037,0.000938888888888889,0.00327777777777778,0.00208333333333333,0.000955555555555556,0.000892592592592593,0.00168333333333333,0.00217962962962963,0.00395185185185185,0.00209259259259259,0.00105740740740741,0.00128333333333333,0.00294444444444444,0.000783333333333333,0.00062037037037037,0.000442592592592593,0.000268518518518519,0.0006,0.00145185185185185,0.000601851851851852,0.000422222222222222,0.000455555555555556,0.000488888888888889,0.000522222222222222,0.000555555555555556,0.000166666666666667,0,1,0,0,0,0,0,0,1,1,1,1,1,1,1,1,1,1,1,1,1,1,1,1,1,1,1,1,1,1,1,1,1,1,1,1,1,1,1,1,1,1,1,1,1,1,1,1,1,1,1,1,1,1,1,1,1,1,1,1,1,1,1,1,1,1,1,1,1,1,1,1,1,1,1,1,1,1,1,1,0
2026-08-19 19:00:00,24.918459779661,0,0,0,0,0,0,0.0515745762711864,1.70535593220339,4.44326271186441,4.85597966101695,3.31750508474576,2.38249152542373,1.95958813559322,1.72642372881356,1.28357796610169,0.750052542372881,0.35595593220339,0.243991525423729,0.157510169491525,0.125,0.118950847457627,0.137072881355932,0.124284745762712,0.111530508474576,0.0809033898305085,0.0671779661016949,0.0686576271186441,0.0636491525423729,0.0522932203389831,0.0622135593220339,0.0352,0.0493406779661017,0.0425220338983051,0.0314271186440678,0.0312389830508475,0.0309949152542373,0.0206915254237288,0.0178372881355932,0.0118881355932203,0.0120813559322034,0.0103457627118644,0.00924406779661017,0.0104525423728814,0.00705593220338983,0.00559491525423729,0.00243220338983051,0.0041271186440678,0.00483050847457627,0.00333559322033898,0.00381864406779661,0.00337966101694915,0.00419322033898305,0.00219322033898305,0.00400338983050847,0.00184576271186441,0.00180677966101695,0.00230338983050847,0.00113559322033898,0.00148474576271186,0.00199322033898305,0.00366440677966102,0.00229830508474576,0.00136101694915254,0.00129152542372881,0.00262033898305085,0,0,0.000425423728813559,0.000650847457627119,0.000196610169491525,0.000420338983050847,0.000088135593220339,0.000257627118644068,0.000277966101694915,0.000298305084745763,0.00031864406779661,0.000338983050847458,0.000101694915254237,0,1,0,0,0,0,0,0,1,1,1,1,1,1,1,1,1,1,1,1,1,1,1,1,1,1,1,1,1,1,1,1,1,1,1,1,1,1,1,1,1,1,1,1,1,1,1,1,1,1,1,1,1,1,1,1,1,1,1,1,1,1,1,1,1,1,1,1,1,1,1,1,1,1,1,1,1,1,1,1,0
2026-08-19 20:00:00,36.1520069333333,0,0,0,0,0,0,0.0611483333333333,2.32010166666667,6.18245833333333,7.23631,4.91593666666667,3.57298333333333,2.83967,2.57722333333333,2.06780666666667,1.13071333333333,0.547978333333333,0.33286,0.226321666666667,0.188433333333333,0.186455,0.214331666666667,0.179021666666667,0.147518333333333,0.12028,0.093335,0.0742733333333333,0.071815,0.0653316666666667,0.0641616666666667,0.0459533333333333,0.063065,0.0490866666666667,0.0362133333333333,0.04173,0.0298516666666667,0.0237183333333333,0.0210433333333333,0.01348,0.01414,0.0122783333333333,0.0134183333333333,0.0105083333333333,0.00765333333333333,0.00506,0.00706,0.006365,0.00706833333333333,0.00669333333333333,0.00455,0.00557166666666667,0.00253,0.00292833333333333,0.00177833333333333,0.00219333333333333,0.000481666666666667,0.00172,0.00197833333333333,0.00265666666666667,0.00221166666666667,0.00170666666666667,0.00085,0.00162333333333333,0.00127,0.00126666666666667,0.000918333333333333,0.00154833333333333,0.00136666666666667,0.00126833333333333,0,0.000986666666666667,0.00034,0.000253333333333333,0.000271666666666667,0.000291666666666667,0.000313333333333333,0.000335,0.0000983333333333333,0,1,0,0,0,0,0,0,1,1,1,1,1,1,1,1,1,1,1,1,1,1,1,1,1,1,1,1,1,1,1,1,1,1,1,1,1,1,1,1,1,1,1,1,1,1,1,1,1,1,1,1,1,1,1,1,1,1,1,1,1,1,1,1,1,1,1,1,1,1,1,1,1,1,1,1,1,1,1,1,0
2026-08-19 21:00:00,39.1811999333333,0,0,0,0,0,0,0.056945,2.21004666666667,6.31063333333333,7.70875,5.49984666666667,4.00999833333333,3.10839833333333,2.73799166666667,2.247875,1.47652166666667,0.756706666666667,0.434865,0.270538333333333,0.227713333333333,0.212076666666667,0.24255,0.219953333333333,0.16625,0.143566666666667,0.104921666666667,0.0964266666666667,0.091665,0.0739616666666667,0.0744666666666667,0.06681,0.0607816666666667,0.052555,0.04603,0.041905,0.041085,0.025295,0.0299083333333333,0.021095,0.0171566666666667,0.016635,0.00882666666666667,0.0110283333333333,0.011955,0.0101716666666667,0.00623,0.00744166666666667,0.00797666666666667,0.00654166666666667,0.00547333333333333,0.00509833333333333,0.00417,0.00564666666666667,0.00367833333333333,0.00371833333333333,0.00301,0.00197666666666667,0.00301166666666667,0.00248333333333333,0.00110833333333333,0.00185,0.00220666666666667,0.00105333333333333,0.00200166666666667,0.00165333333333333,0.000433333333333333,0.00139833333333333,0.000836666666666667,0.000833333333333333,0.000415,0.000413333333333333,0.000476666666666667,0.00019,0.000205,0.00022,0.000235,0.00025,0.000075,0,1,0,0,0,0,0,0,1,1,1,1,1,1,1,1,1,1,1,1,1,1,1,1,1,1,1,1,1,1,1,1,1,1,1,1,1,1,1,1,1,1,1,1,1,1,1,1,1,1,1,1,1,1,1,1,1,1,1,1,1,1,1,1,1,1,1,1,1,1,1,1,1,1,1,1,1,1,1,1,0
2026-08-19 22:00:00,44.9060530166667,0,0,0,0,0,0,0.05423,2.537335,7.58835,9.137755,6.69849,4.70473166666667,3.56375333333333,3.08398166666667,2.02830666666667,1.26084,0.715,0.422815,0.293941666666667,0.243616666666667,0.24531,0.261368333333333,0.261673333333333,0.208953333333333,0.165223333333333,0.135025,0.135875,0.11539,0.096715,0.100031666666667,0.07661,0.0822383333333333,0.0728866666666667,0.0595816666666667,0.0558983333333333,0.0374133333333333,0.04341,0.0316483333333333,0.0265066666666667,0.0163316666666667,0.019155,0.013365,0.0169766666666667,0.00942666666666667,0.00787166666666667,0.00725333333333333,0.0114983333333333,0.007305,0.0073,0.00431,0.00328166666666667,0.00503666666666667,0.0042,0.00383,0.003505,0.00453666666666667,0.002895,0.004155,0.004075,0.00256333333333333,0.00232333333333333,0.000661666666666667,0.00085,0.000423333333333333,0.00119,0.000358333333333333,0.00126666666666667,0.000131666666666667,0,0,0.000826666666666667,0.0000216666666666667,0.0000633333333333333,0.0000683333333333333,0.0000733333333333333,0.0000783333333333333,0.0000833333333333333,0.000025,0,1,0,0,0,0,0,0,1,1,1,1,1,1,1,1,1,1,1,1,1,1,1,1,1,1,1,1,1,1,1,1,1,1,1,1,1,1,1,1,1,1,1,1,1,1,1,1,1,1,1,1,1,1,1,1,1,1,1,1,1,1,1,1,1,1,1,1,1,1,1,1,1,1,1,1,1,1,1,1,0
2026-08-19 23:00:00,54.2117310166667,0,0,0,0,0,0,0.06974,3.101415,9.22016333333333,11.1103466666667,8.17600333333333,5.933105,4.46626833333333,3.55375666666667,2.18101333333333,1.309085,0.812678333333333,0.532555,0.397095,0.325813333333333,0.325711666666667,0.345373333333333,0.303831666666667,0.2724,0.202025,0.178028333333333,0.183856666666667,0.162305,0.143105,0.142385,0.117236666666667,0.111038333333333,0.101378333333333,0.0927216666666667,0.0729433333333333,0.063135,0.05049,0.04949,0.0376916666666667,0.0301616666666667,0.0261866666666667,0.0239383333333333,0.0199316666666667,0.0200666666666667,0.016925,0.0150766666666667,0.010465,0.00837666666666667,0.00892,0.008005,0.00613666666666667,0.00788333333333333,0.001865,0.00223666666666667,0.003805,0.00346833333333333,0.00177666666666667,0.00366666666666667,0.003205,0.00332166666666667,0.00170666666666667,0.00149666666666667,0.00147833333333333,0.000808333333333333,0.00123,0.00078,0.000978333333333333,0.000418333333333333,0.000833333333333333,0.000588333333333333,0.00024,0.000866666666666667,0.000126666666666667,0.000136666666666667,0.000146666666666667,0.000156666666666667,0.000166666666666667,0.00005,0,1,0,0,0,0,0,0,1,1,1,1,1,1,1,1,1,1,1,1,1,1,1,1,1,1,1,1,1,1,1,1,1,1,1,1,1,1,1,1,1,1,1,1,1,1,1,1,1,1,1,1,1,1,1,1,1,1,1,1,1,1,1,1,1,1,1,1,1,1,1,1,1,1,1,1,1,1,1,1,0
2026-08-20,122.5828781,0,0,0,0,0,0,0.119696666666667,5.353435,16.388385,20.9652233333333,16.875,13.5233833333333,11.5516683333333,10.207745,7.489305,5.16750333333333,3.25442166666667,2.13406833333333,1.54325,1.19743666666667,0.992931666666667,0.913941666666667,0.812273333333333,0.654241666666667,0.536236666666667,0.440606666666667,0.39732,0.34862,0.304475,0.27546,0.249636666666667,0.236028333333333,0.197316666666667,0.168265,0.142876666666667,0.119981666666667,0.091095,0.0771416666666667,0.068515,0.0524916666666667,0.0405966666666667,0.0363683333333333,0.0268966666666667,0.0215716666666667,0.020985,0.0184416666666667,0.01605,0.0123966666666667,0.00728166666666667,0.00816833333333333,0.005945,0.0059,0.007275,0.00514333333333333,0.00524833333333333,0.00314333333333333,0.00341166666666667,0.00123333333333333,0.000658333333333333,0.00409666666666667,0.00170666666666667,0.00149666666666667,0.00225166666666667,0.000846666666666667,0.0005,0.000421666666666667,0,0.001635,0.000455,0,0.000573333333333333,0.000686666666666667,0.0000633333333333333,0.0000683333333333333,0.0000733333333333333,0.0000783333333333333,0.0000833333333333333,0.000025,0,1,0,0,0,0,0,0,1,1,1,1,1,1,1,1,1,1,1,1,1,1,1,1,1,1,1,1,1,1,1,1,1,1,1,1,1,1,1,1,1,1,1,1,1,1,1,1,1,1,1,1,1,1,1,1,1,1,1,1,1,1,1,1,1,1,1,1,1,1,1,1,1,1,1,1,1,1,1,1,0
2026-08-20 01:00:00,79.3789508,0,0,0,0,0,0,0.0706333333333333,3.36956666666667,10.4514116666667,14.0849283333333,11.5076616666667,9.125795,7.73439,6.51834166666667,4.7547,2.833695,1.70746,1.12830833333333,0.862523333333333,0.693786666666667,0.622236666666667,0.561961666666667,0.53487,0.417,0.364703333333333,0.312195,0.287875,0.247456666666667,0.241943333333333,0.214743333333333,0.204376666666667,0.194331666666667,0.160418333333333,0.132191666666667,0.12286,0.102555,0.0769266666666667,0.0653033333333333,0.0572833333333333,0.0440633333333333,0.0353583333333333,0.0302516666666667,0.0257533333333333,0.0152283333333333,0.0186266666666667,0.0106483333333333,0.00897,0.00875166666666667,0.0130966666666667,0.006735,0.00712333333333333,0.0054,0.00456166666666667,0.00346833333333333,0.002315,0.00271333333333333,0.00280833333333333,0.005045,0.00088,0.000251666666666667,0.00170666666666667,0.00159833333333333,0.00133833333333333,0.000423333333333333,0.00046,0.000705,0.000846666666666667,0.00055,0.000416666666666667,0.000415,0.00016,0.000318333333333333,0.00019,0.000205,0.00022,0.000235,0.00025,0.000075,0,1,0,0,0,0,0,0,1,1,1,1,1,1,1,1,1,1,1,1,1,1,1,1,1,1,1,1,1,1,1,1,1,1,1,1,1,1,1,1,1,1,1,1,1,1,1,1,1,1,1,1,1,1,1,1,1,1,1,1,1,1,1,1,1,1,1,1,1,1,1,1,1,1,1,1,1,1,1,1,0
2026-08-20 02:00:00,60.2179172333333,0,0,0,0,0,0,0.0525666666666667,2.49602833333333,7.95250833333333,10.7662066666667,8.72635833333333,6.94475666666667,5.621585,4.72481166666667,3.61799333333333,1.89043333333333,1.057065,0.742625,0.569946666666667,0.467158333333333,0.425546666666667,0.429821666666667,0.397861666666667,0.338853333333333,0.277683333333333,0.259556666666667,0.232945,0.218178333333333,0.205556666666667,0.189451666666667,0.181586666666667,0.15463,0.153656666666667,0.124898333333333,0.09733,0.0818666666666667,0.0624066666666667,0.0483816666666667,0.0424183333333333,0.032935,0.032735,0.0256933333333333,0.0198016666666667,0.01431,0.0108366666666667,0.0111466666666667,0.007875,0.008935,0.00489,0.00501333333333333,0.00551166666666667,0.00380833333333333,0.00091,0.00146166666666667,0.00555166666666667,0.001685,0.003785,0.00498833333333333,0.00187833333333333,0.00128166666666667,0.000426666666666667,0.00085,0.000425,0.000423333333333333,0,0,0.00084,0,0.000416666666666667,0.00083,0.000826666666666667,0,0,0,0,0,0,0,0,1,0,0,0,0,0,0,1,1,1,1,1,1,1,1,1,1,1,1,1,1,1,1,1,1,1,1,1,1,1,1,1,1,1,1,1,1,1,1,1,1,1,1,1,1,1,1,1,1,1,1,1,1,1,1,1,1,1,1,1,1,1,1,1,1,1,1,1,1,1,1,1,1,1,1,1,1,1,1,0
2026-08-20 03:00:00,65.4766419833333,0,0,0,0,0,0,0.0682266666666667,3.04458,9.04825666666667,11.4462483333333,9.114505,7.29849333333333,6.08505,5.10978166666667,4.24110166666667,2.28450666666667,1.24139666666667,0.804721666666667,0.65513,0.503113333333333,0.454411666666667,0.482611666666667,0.438821666666667,0.37731,0.306156666666667,0.277006666666667,0.23297,0.222786666666667,0.2082,0.210466666666667,0.175925,0.178635,0.155028333333333,0.12453,0.102586666666667,0.0925516666666667,0.0751516666666667,0.0496366666666667,0.0388083333333333,0.0378533333333333,0.027915,0.0278316666666667,0.0232616666666667,0.0118366666666667,0.01733,0.0114416666666667,0.01091,0.00890166666666667,0.0042,0.00778,0.00755333333333333,0.00462666666666667,0.00285833333333333,0.00193666666666667,0.00205166666666667,0.00142166666666667,0.00143333333333333,0.00240666666666667,0.000428333333333333,0.00213666666666667,0.00128,0.000425,0.000425,0.00119333333333333,0.0000766666666666667,0,0,0,0.000416666666666667,0,0.000413333333333333,0,0,0,0,0,0,0,0,1,0,0,0,0,0,0,1,1,1,1,1,1,1,1,1,1,1,1,1,1,1,1,1,1,1,1,1,1,1,1,1,1,1,1,1,1,1,1,1,1,1,1,1,1,1,1,1,1,1,1,1,1,1,1,1,1,1,1,1,1,1,1,1,1,1,1,1,1,1,1,1,1,1,1,1,1,1,1,0
2026-08-20 04:00:00,65.5146864833333,0,0,0,0,0,0,0.0845966666666667,3.125345,9.20957833333333,11.6068216666667,9.11580166666667,7.15763833333333,6.07599166666667,5.18325166666667,4.38522333333333,2.24334,1.16754166666667,0.807193333333333,0.625315,0.491753333333333,0.427536666666667,0.412951666666667,0.419325,0.364193333333333,0.299083333333333,0.257283333333333,0.230606666666667,0.221505,0.194095,0.190046666666667,0.168448333333333,0.15391,0.132755,0.107588333333333,0.101405,0.0834066666666667,0.06155,0.0567616666666667,0.0438333333333333,0.02655,0.02375,0.0157416666666667,0.0176616666666667,0.0147533333333333,0.0164516666666667,0.00841166666666667,0.006635,0.00788333333333333,0.00542166666666667,0.00366833333333333,0.00435666666666667,0.00460166666666667,0.00218166666666667,0.003955,0.001295,0.000458333333333333,0.00212166666666667,0.00117666666666667,0.00114166666666667,0.000251666666666667,0.000853333333333333,0,0,0,0.000423333333333333,0,0.00084,0,0,0.000415,0,0,0,0,0,0,0,0,0,1,0,0,0,0,0,0,1,1,1,1,1,1,1,1,1,1,1,1,1,1,1,1,1,1,1,1,1,1,1,1,1,1,1,1,1,1,1,1,1,1,1,1,1,1,1,1,1,1,1,1,1,1,1,1,1,1,1,1,1,1,1,1,1,1,1,1,1,1,1,1,1,1,1,1,1,1,1,1,0
2026-08-20 05:00:00,70.6623599666667,0,0,0,0,0,0,0.0767916666666667,3.40033833333333,9.91734666666667,12.60821,9.93754333333333,7.89678,6.75898,5.80161166666667,4.93914833333333,2.55304333333333,1.34821333333333,0.85872,0.640153333333333,0.513941666666667,0.468285,0.43001,0.415535,0.338943333333333,0.298721666666667,0.26786,0.22586,0.22459,0.188968333333333,0.181428333333333,0.165708333333333,0.16673,0.143371666666667,0.119676666666667,0.106466666666667,0.0784066666666667,0.0620183333333333,0.0479116666666667,0.03564,0.030215,0.0275783333333333,0.0177466666666667,0.01582,0.0123266666666667,0.0121416666666667,0.0049,0.00745,0.007285,0.00445333333333333,0.00325,0.00429333333333333,0.00421666666666667,0.00259,0.00325833333333333,0.00361166666666667,0.000561666666666667,0.00134666666666667,0.00206,0.000428333333333333,0.000855,0.000426666666666667,0,0,0.000423333333333333,0.000421666666666667,0.000421666666666667,0.00084,0.000398333333333333,0.000435,0,0,0.000065,0.00019,0.000205,0.00022,0.000235,0.00025,0.000075,0,1,0,0,0,0,0,0,1,1,1,1,1,1,1,1,1,1,1,1,1,1,1,1,1,1,1,1,1,1,1,1,1,1,1,1,1,1,1,1,1,1,1,1,1,1,1,1,1,1,1,1,1,1,1,1,1,1,1,1,1,1,1,1,1,1,1,1,1,1,1,1,1,1,1,1,1,1,1,1,0
2026-08-20 06:00:00,75.3949350338983,0,0,0,0,0,0,0.0929593220338983,4.09160508474576,11.5724711864407,14.1230949152542,10.8619406779661,8.33695593220339,6.95903220338983,5.90238983050847,4.86979661016949,2.50232881355932,1.39950169491525,0.893122033898305,0.649745762711864,0.503562711864407,0.443876271186441,0.425281355932203,0.399918644067797,0.317016949152542,0.268977966101695,0.225366101694915,0.204335593220339,0.205020338983051,0.178730508474576,0.169130508474576,0.149938983050847,0.142669491525424,0.120613559322034,0.0992203389830509,0.100796610169492,0.0730016949152542,0.0581915254237288,0.0421101694915254,0.0406254237288136,0.0321,0.0208135593220339,0.0180118644067797,0.0140084745762712,0.0174101694915254,0.0110898305084746,0.00968305084745763,0.00638983050847458,0.00656271186440678,0.00702033898305085,0.00283728813559322,0.00482881355932203,0.00384745762711864,0.00341694915254237,0.00206779661016949,0.00405593220338983,0.00234406779661017,0.0015728813559322,0.00181016949152542,0.000725423728813559,0.000691525423728814,0,0,0.000432203389830508,0.000391525423728814,0.000391525423728814,0.000505084745762712,0,0,0,0,0,0.0000220338983050847,0.0000644067796610169,0.0000694915254237288,0.0000745762711864407,0.0000796610169491525,0.0000847457627118644,0.0000254237288135593,0,1,0,0,0,0,0,0,1,1,1,1,1,1,1,1,1,1,1,1,1,1,1,1,1,1,1,1,1,1,1,1,1,1,1,1,1,1,1,1,1,1,1,1,1,1,1,1,1,1,1,1,1,1,1,1,1,1,1,1,1,1,1,1,1,1,1,1,1,1,1,1,1,1,1,1,1,1,1,1,0
2026-08-20 07:00:00,55.3907262333333,0,0,0,0,0,0,0.0818133333333333,3.31203833333333,9.12357666666667,10.7314483333333,8.05308666666667,6.00683333333333,4.84232333333333,4.07038833333333,3.13610333333333,1.52361833333333,0.818175,0.582585,0.403838333333333,0.340756666666667,0.303793333333333,0.29895,0.291975,0.22328,0.204828333333333,0.164078333333333,0.156986666666667,0.177896666666667,0.138561666666667,0.132201666666667,0.136073333333333,0.118675,0.106566666666667,0.088585,0.0669483333333333,0.06441,0.054715,0.04303,0.0299933333333333,0.0255966666666667,0.01972,0.0140483333333333,0.0155566666666667,0.0119283333333333,0.00713833333333333,0.009625,0.00787,0.00744833333333333,0.00802666666666667,0.00340166666666667,0.00466833333333333,0.00547166666666667,0.001995,0.00184833333333333,0.00133,0.00177333333333333,0.00189166666666667,0.00148833333333333,0.000911666666666667,0.000853333333333333,0.000616666666666667,0.00056,0.000875,0.000885,0.000806666666666667,0.000496666666666667,0,0,0.00064,0.000193333333333333,0,0.0000433333333333333,0.000126666666666667,0.000136666666666667,0.000146666666666667,0.000156666666666667,0.000166666666666667,0.00005,0,1,0,0,0,0,0,0,1,1,1,1,1,1,1,1,1,1,1,1,1,1,1,1,1,1,1,1,1,1,1,1,1,1,1,1,1,1,1,1,1,1,1,1,1,1,1,1,1,1,1,1,1,1,1,1,1,1,1,1,1,1,1,1,1,1,1,1,1,1,1,1,1,1,1,1,1,1,1,1,0
2026-08-20 08:00:00,22.4928463684211,0,0,0,0,0,0,0.0444078947368421,1.75059210526316,4.25558947368421,4.44151578947368,3.20566052631579,2.15851315789474,1.66376052631579,1.32067105263158,0.941694736842105,0.456047368421053,0.230205263157895,0.181694736842105,0.118889473684211,0.106602631578947,0.112568421052632,0.137557894736842,0.113776315789474,0.102928947368421,0.0810631578947368,0.0716736842105263,0.05685,0.0619263157894737,0.05825,0.0699105263157895,0.0534894736842105,0.0648236842105263,0.0387526315789474,0.0416868421052632,0.0281552631578947,0.0215789473684211,0.0211552631578947,0.01875,0.0153131578947368,0.0136263157894737,0.0107131578947368,0.00752105263157895,0.00387368421052632,0.00698157894736842,0.00870263157894737,0.00617105263157895,0.00364210526315789,0.00366052631578947,0.00397894736842105,0.00286315789473684,0.00273684210526316,0.00136842105263158,0.000571052631578947,0.00269736842105263,0.000139473684210526,0.00208157894736842,0.00199210526315789,0.00117894736842105,0.00180263157894737,0.00107105263157895,0.00194473684210526,0.00125789473684211,0.00150263157894737,0.00127631578947368,0.00260789473684211,0.000784210526315789,0.000663157894736842,0,0,0.00131315789473684,0.000252631578947368,0.00295789473684211,0.00179210526315789,0.00192631578947368,0.00206842105263158,0.00222105263157895,0.00238421052631579,0.0007,0,3,0,0,0,0,0,0,3,3,3,3,3,3,3,3,3,3,3,3,3,3,3,3,3,3,3,3,3,3,3,3,3,3,3,3,3,3,3,3,3,3,3,3,3,3,3,3,3,3,3,3,3,3,3,3,3,3,3,3,3,3,3,3,3,3,3,3,3,3,3,3,3,3,3,3,3,3,3,3,0
2026-08-20 09:00:00,41.9145314333333,0,0,0,0,0,0,0.0980016666666667,3.56983666666667,8.83837333333333,8.99964333333333,5.89082,4.09353666666667,3.050225,2.48929333333333,1.19077,0.55958,0.3258,0.203316666666667,0.167526666666667,0.170128333333333,0.155776666666667,0.197723333333333,0.162606666666667,0.16387,0.126983333333333,0.114753333333333,0.115298333333333,0.09899,0.100823333333333,0.106211666666667,0.074345,0.087095,0.0701816666666667,0.0629566666666667,0.058885,0.04812,0.03827,0.0389466666666667,0.026645,0.0166983333333333,0.0174283333333333,0.0182816666666667,0.016125,0.00871666666666667,0.00772666666666667,0.009545,0.00788833333333333,0.00679666666666667,0.00421833333333333,0.00424166666666667,0.003735,0.00337333333333333,0.00558833333333333,0.00369,0.00280166666666667,0.001885,0.00263833333333333,0.00197333333333333,0.00120833333333333,0.00392166666666667,0.00128,0.00149666666666667,0.00147833333333333,0.000385,0.000461666666666667,0.000421666666666667,0.00112833333333333,0.001785,0.0000183333333333333,0.000415,0,0.000476666666666667,0.00019,0.000203333333333333,0.000218333333333333,0.000235,0.000251666666666667,0.0000733333333333333,0,1,0,0,0,0,0,0,1,1,1,1,1,1,1,1,1,1,1,1,1,1,1,1,1,1,1,1,1,1,1,1,1,1,1,1,1,1,1,1,1,1,1,1,1,1,1,1,1,1,1,1,1,1,1,1,1,1,1,1,1,1,1,1,1,1,1,1,1,1,1,1,1,1,1,1,1,1,1,1,0
2026-08-20 10:00:00,41.7256269666667,0,0,0,0,0,0,0.0751633333333333,3.20499833333333,8.40538,8.88825833333333,5.84961,4.06153166666667,3.07027833333333,2.54202833333333,1.66671833333333,0.77738,0.413475,0.277668333333333,0.199628333333333,0.185818333333333,0.165703333333333,0.191833333333333,0.171041666666667,0.150305,0.133276666666667,0.0975733333333333,0.10189,0.108951666666667,0.0756933333333333,0.0826383333333333,0.0688483333333333,0.0921033333333333,0.0644383333333333,0.0645516666666667,0.0490383333333333,0.0384966666666667,0.0267516666666667,0.0224416666666667,0.0199383333333333,0.0153433333333333,0.011055,0.0108166666666667,0.008735,0.00694333333333333,0.00678333333333333,0.00862166666666667,0.00672166666666667,0.00510833333333333,0.00621666666666667,0.00248166666666667,0.004125,0.00166333333333333,0.00252,0.00428,0.00104,0.00043,0.00103166666666667,0.000258333333333333,0.00103166666666667,0.00110666666666667,0.000853333333333333,0.000425,0.000425,0.000846666666666667,0,0,0,0.000418333333333333,0,0,0,0.0000433333333333333,0.000126666666666667,0.000136666666666667,0.000146666666666667,0.000156666666666667,0.000166666666666667,0.00005,0,1,0,0,0,0,0,0,1,1,1,1,1,1,1,1,1,1,1,1,1,1,1,1,1,1,1,1,1,1,1,1,1,1,1,1,1,1,1,1,1,1,1,1,1,1,1,1,1,1,1,1,1,1,1,1,1,1,1,1,1,1,1,1,1,1,1,1,1,1,1,1,1,1,1,1,1,1,1,1,0
2026-08-20 11:00:00,32.9542011333333,0,0,0,0,0,0,0.0725583333333333,2.91423166666667,7.126015,6.979875,4.55519166666667,3.15307333333333,2.36644833333333,1.97433666666667,1.14348333333333,0.571875,0.285396666666667,0.18585,0.127435,0.125436666666667,0.115855,0.139588333333333,0.119393333333333,0.105043333333333,0.0965816666666667,0.0737033333333333,0.0768866666666667,0.069095,0.0635066666666667,0.0656133333333333,0.0443066666666667,0.0540233333333333,0.0393316666666667,0.0336066666666667,0.0250533333333333,0.0253083333333333,0.0252666666666667,0.011015,0.0151133333333333,0.010385,0.008865,0.00649666666666667,0.005895,0.00737333333333333,0.00310833333333333,0.002835,0.00252833333333333,0.00426,0.00414666666666667,0.002775,0.000825,0.00082,0.00285833333333333,0.000985,0.00133,0.00137,0.00126166666666667,0.000858333333333333,0,0,0.000426666666666667,0,0.000386666666666667,0.0000383333333333333,0.000693333333333333,0.00015,0,0.000418333333333333,0.000416666666666667,0,0.000413333333333333,0.000433333333333333,0.0000633333333333333,0.0000683333333333333,0.0000733333333333333,0.0000783333333333333,0.0000833333333333333,0.000025,0,1,0,0,0,0,0,0,1,1,1,1,1,1,1,1,1,1,1,1,1,1,1,1,1,1,1,1,1,1,1,1,1,1,1,1,1,1,1,1,1,1,1,1,1,1,1,1,1,1,1,1,1,1,1,1,1,1,1,1,1,1,1,1,1,1,1,1,1,1,1,1,1,1,1,1,1,1,1,1,0
2026-08-20 12:00:00,35.1952588833333,0,0,0,0,0,0,0.052105,2.48415,6.897915,7.72477166666667,5.31886333333333,3.632635,2.885925,2.476575,1.27017833333333,0.537166666666667,0.307135,0.179408333333333,0.130396666666667,0.11543,0.111533333333333,0.132508333333333,0.10686,0.105026666666667,0.0805133333333333,0.0641466666666667,0.0583283333333333,0.0546433333333333,0.0480733333333333,0.0585266666666667,0.0455166666666667,0.0510683333333333,0.0379016666666667,0.0304816666666667,0.03234,0.0304033333333333,0.024805,0.0161083333333333,0.0121133333333333,0.00909666666666667,0.00898666666666667,0.00973833333333333,0.007865,0.006475,0.00569666666666667,0.00492333333333333,0.00744833333333333,0.00395,0.00366666666666667,0.00230333333333333,0.00217166666666667,0.00376166666666667,0.00293,0.000571666666666667,0.00237666666666667,0.00201333333333333,0.00223666666666667,0.000258333333333333,0.00181,0.00161,0.00128,0.000425,0.000386666666666667,0.000423333333333333,0.000461666666666667,0.000566666666666667,0.00153666666666667,0.001255,0.000416666666666667,0.000415,0.000573333333333333,0.000816666666666667,0.000443333333333333,0.000476666666666667,0.000511666666666667,0.000548333333333333,0.000585,0.000173333333333333,0,1,0,0,0,0,0,0,1,1,1,1,1,1,1,1,1,1,1,1,1,1,1,1,1,1,1,1,1,1,1,1,1,1,1,1,1,1,1,1,1,1,1,1,1,1,1,1,1,1,1,1,1,1,1,1,1,1,1,1,1,1,1,1,1,1,1,1,1,1,1,1,1,1,1,1,1,1,1,1,0
2026-08-20 13:00:00,28.5014159666667,0,0,0,0,0,0,0.03796,1.76893333333333,4.742025,5.73941666666667,4.26418166666667,3.07007833333333,2.458245,2.05673166666667,1.400375,0.6755,0.344196666666667,0.200711666666667,0.13262,0.11452,0.109303333333333,0.115623333333333,0.113333333333333,0.0751783333333333,0.065965,0.0611533333333333,0.0434533333333333,0.0507283333333333,0.0404516666666667,0.042665,0.0370733333333333,0.034525,0.0243,0.021465,0.015235,0.0168866666666667,0.01448,0.0113716666666667,0.0110816666666667,0.00917,0.00799333333333333,0.00583666666666667,0.00745166666666667,0.00283666666666667,0.005275,0.00212,0.00666333333333333,0.00308166666666667,0.004045,0.00118166666666667,0.00371333333333333,0.000843333333333333,0.000863333333333333,0.002325,0.001075,0.00137,0.00100333333333333,0.001115,0.000856666666666667,0.000856666666666667,0,0.001275,0.000425,0.000846666666666667,0.000768333333333333,0.000075,0,0,0.000416666666666667,0,0,0.0000433333333333333,0.000126666666666667,0.000136666666666667,0.000146666666666667,0.000156666666666667,0.000166666666666667,0.00005,0,1,0,0,0,0,0,0,1,1,1,1,1,1,1,1,1,1,1,1,1,1,1,1,1,1,1,1,1,1,1,1,1,1,1,1,1,1,1,1,1,1,1,1,1,1,1,1,1,1,1,1,1,1,1,1,1,1,1,1,1,1,1,1,1,1,1,1,1,1,1,1,1,1,1,1,1,1,1,1,0
2026-08-20 14:00:00,75.2057231833333,0,0,0,0,0,0,0.0975783333333333,3.63841166666667,9.29122333333333,12.3837,10.850435,9.53545833333333,9.1491,9.754015,5.5925,1.417785,0.689151666666667,0.339801666666667,0.248321666666667,0.190293333333333,0.163038333333333,0.175141666666667,0.147555,0.0998233333333333,0.07965,0.0569783333333333,0.0451116666666667,0.0418316666666667,0.040635,0.0335816666666667,0.026455,0.0260366666666667,0.0230233333333333,0.0179033333333333,0.01975,0.013795,0.0121883333333333,0.01105,0.00888666666666667,0.00973333333333333,0.00755,0.00584666666666667,0.00545833333333333,0.004385,0.00397166666666667,0.00438,0.00194166666666667,0.00219333333333333,0.00433,0.00285833333333333,0.00254,0.00339666666666667,0.00410666666666667,0.00193666666666667,0.00205166666666667,0.00314166666666667,0.001605,0.00174833333333333,0.00023,0.00196166666666667,0.00170666666666667,0.001275,0.000811666666666667,0.00130833333333333,0.000768333333333333,0.000918333333333333,0.00084,0.000418333333333333,0,0.00083,0.000573333333333333,0.000383333333333333,0.00038,0.00041,0.00044,0.00047,0.0005,0.00015,0,1,0,0,0,0,0,0,1,1,1,1,1,1,1,1,1,1,1,1,1,1,1,1,1,1,1,1,1,1,1,1,1,1,1,1,1,1,1,1,1,1,1,1,1,1,1,1,1,1,1,1,1,1,1,1,1,1,1,1,1,1,1,1,1,1,1,1,1,1,1,1,1,1,1,1,1,1,1,1,0
2026-08-20 15:00:00,100.463116983333,0,0,0,0,0,0,0.121883333333333,5.13090166666667,12.97038,17.0472283333333,14.512325,12.4954816666667,11.9065533333333,12.9917733333333,7.54507666666667,2.077195,1.00659166666667,0.492508333333333,0.321463333333333,0.255806666666667,0.237111666666667,0.249246666666667,0.206183333333333,0.145575,0.111086666666667,0.0957366666666667,0.073345,0.0617616666666667,0.064585,0.0752433333333333,0.053075,0.0499033333333333,0.0564416666666667,0.0455533333333333,0.038325,0.0278916666666667,0.02057,0.0220933333333333,0.025885,0.01238,0.01304,0.0168533333333333,0.0135433333333333,0.0133816666666667,0.0133816666666667,0.00975666666666667,0.00868333333333333,0.007595,0.00504166666666667,0.003865,0.006295,0.00592666666666667,0.00358166666666667,0.00353833333333333,0.00237,0.00352,0.00126166666666667,0.00165833333333333,0.000658333333333333,0.00153166666666667,0.00189666666666667,0.00130833333333333,0.000628333333333333,0.000423333333333333,0.000423333333333333,0.000283333333333333,0.000138333333333333,0.000836666666666667,0.000833333333333333,0.000415,0,0.0000433333333333333,0.000126666666666667,0.000136666666666667,0.000146666666666667,0.000156666666666667,0.000166666666666667,0.00005,0,1,0,0,0,0,0,0,1,1,1,1,1,1,1,1,1,1,1,1,1,1,1,1,1,1,1,1,1,1,1,1,1,1,1,1,1,1,1,1,1,1,1,1,1,1,1,1,1,1,1,1,1,1,1,1,1,1,1,1,1,1,1,1,1,1,1,1,1,1,1,1,1,1,1,1,1,1,1,1,0
2026-08-20 16:00:00,68.3776662833333,0,0,0,0,0,0,0.093795,3.69286666666667,8.956315,11.9636033333333,9.83996666666667,7.93461833333333,7.14095333333333,7.04987833333333,5.86272,1.99865166666667,0.855005,0.445345,0.296023333333333,0.242221666666667,0.222655,0.21292,0.206363333333333,0.133483333333333,0.10979,0.0806166666666667,0.077395,0.0610916666666667,0.0574116666666667,0.0532383333333333,0.0450666666666667,0.04085,0.0416083333333333,0.0329933333333333,0.0253233333333333,0.024255,0.01973,0.01931,0.0153916666666667,0.0151466666666667,0.0104066666666667,0.00887833333333333,0.009145,0.00812,0.00625666666666667,0.007535,0.00498166666666667,0.00554666666666667,0.00453666666666667,0.00273666666666667,0.00344833333333333,0.00335,0.004515,0.00553833333333333,0.00331833333333333,0.00398,0.000803333333333333,0.00160666666666667,0.00268,0.002135,0.00128,0,0.00239666666666667,0.00226833333333333,0.00119166666666667,0.000075,0.00042,0,0,0,0.000573333333333333,0.000253333333333333,0,0,0,0,0,0,0,1,0,0,0,0,0,0,1,1,1,1,1,1,1,1,1,1,1,1,1,1,1,1,1,1,1,1,1,1,1,1,1,1,1,1,1,1,1,1,1,1,1,1,1,1,1,1,1,1,1,1,1,1,1,1,1,1,1,1,1,1,1,1,1,1,1,1,1,1,1,1,1,1,1,1,1,1,1,1,0
2026-08-20 17:00:00,65.51999175,0,0,0,0,0,0,0.0929716666666667,3.663,8.79102,11.0743633333333,8.58327,6.776575,5.87727666666667,5.79094333333333,5.45834833333333,2.963255,1.34318166666667,0.784803333333333,0.541341666666667,0.424666666666667,0.440811666666667,0.440031666666667,0.451665,0.32758,0.217715,0.162263333333333,0.137576666666667,0.12603,0.09724,0.0968066666666667,0.0756466666666667,0.070265,0.058975,0.0545116666666667,0.0433266666666667,0.0422316666666667,0.0320183333333333,0.02476,0.0198533333333333,0.0146816666666667,0.013905,0.0131983333333333,0.0103916666666667,0.00765666666666667,0.00355333333333333,0.00803833333333333,0.00476833333333333,0.006,0.00292666666666667,0.003645,0.00379666666666667,0.00123,0.00278833333333333,0.00243833333333333,0.000378333333333333,0.000968333333333333,0.00157666666666667,0.00169333333333333,0.000888333333333333,0.00135833333333333,0.00185,0.001135,0.000386666666666667,0.000423333333333333,0.000881666666666667,0,0.00042,0,0.000223333333333333,0.000193333333333333,0,0.000065,0.00019,0.000205,0.00022,0.000235,0.00025,0.000075,0,1,0,0,0,0,0,0,1,1,1,1,1,1,1,1,1,1,1,1,1,1,1,1,1,1,1,1,1,1,1,1,1,1,1,1,1,1,1,1,1,1,1,1,1,1,1,1,1,1,1,1,1,1,1,1,1,1,1,1,1,1,1,1,1,1,1,1,1,1,1,1,1,1,1,1,1,1,1,1,0
2026-08-20 18:00:00,98.9197147666667,0,0,0,0,0,0,0.127616666666667,5.19240333333333,12.5484083333333,15.54537,12.1969033333333,9.68820833333333,8.78037333333333,8.837335,8.84674833333333,5.368025,2.40882333333333,1.49659833333333,0.94373,0.82899,0.782366666666667,0.811321666666667,0.771723333333333,0.560241666666667,0.400413333333333,0.299041666666667,0.230125,0.223296666666667,0.181198333333333,0.15371,0.123438333333333,0.106611666666667,0.098385,0.0927483333333333,0.0744933333333333,0.05572,0.060205,0.044745,0.036835,0.01981,0.0168683333333333,0.0108266666666667,0.01499,0.0137283333333333,0.0109216666666667,0.00775,0.010345,0.0109783333333333,0.00840333333333333,0.00422666666666667,0.00553166666666667,0.00542333333333333,0.00468,0.00236833333333333,0.00458833333333333,0.00153,0.00180666666666667,0.00148833333333333,0.00219666666666667,0,0.000616666666666667,0.00193666666666667,0.0017,0.00204166666666667,0.00119333333333333,0.00015,0.000288333333333333,0.00055,0,0,0.00016,0.000708333333333333,0.000126666666666667,0.000136666666666667,0.000146666666666667,0.000156666666666667,0.000166666666666667,0.00005,0,1,0,0,0,0,0,0,1,1,1,1,1,1,1,1,1,1,1,1,1,1,1,1,1,1,1,1,1,1,1,1,1,1,1,1,1,1,1,1,1,1,1,1,1,1,1,1,1,1,1,1,1,1,1,1,1,1,1,1,1,1,1,1,1,1,1,1,1,1,1,1,1,1,1,1,1,1,1,1,0
2026-08-20 19:00:00,70.7886859166667,0,0,0,0,0,0,0.0970016666666667,3.82094833333333,8.92840833333333,10.7128833333333,8.034265,6.395565,5.75141666666667,5.83359166666667,6.386605,4.67086333333333,2.049935,1.31526,0.922045,0.733935,0.682041666666667,0.749356666666667,0.749715,0.537628333333333,0.400016666666667,0.301518333333333,0.238498333333333,0.220046666666667,0.181308333333333,0.160015,0.139026666666667,0.115618333333333,0.114488333333333,0.0934116666666667,0.0867966666666667,0.069085,0.0592816666666667,0.0419516666666667,0.0288616666666667,0.0216783333333333,0.0212383333333333,0.0157566666666667,0.0129833333333333,0.00970666666666667,0.00993833333333333,0.0112083333333333,0.005045,0.00596166666666667,0.006875,0.00425333333333333,0.00724333333333333,0.00337333333333333,0.00127166666666667,0.000933333333333333,0.00253666666666667,0.00306166666666667,0.00103166666666667,0.00149166666666667,0.000483333333333333,0.000426666666666667,0.00104333333333333,0.000661666666666667,0,0,0.000768333333333333,0.000075,0,0,0,0,0,0,0,0,0,0,0,0,0,1,0,0,0,0,0,0,1,1,1,1,1,1,1,1,1,1,1,1,1,1,1,1,1,1,1,1,1,1,1,1,1,1,1,1,1,1,1,1,1,1,1,1,1,1,1,1,1,1,1,1,1,1,1,1,1,1,1,1,1,1,1,1,1,1,1,1,1,1,1,1,1,1,1,1,1,1,1,1,0
2026-08-20 20:00:00,83.1613671333333,0,0,0,0,0,0,0.121458333333333,4.551945,10.389365,12.8811733333333,9.74736333333333,7.69542666666667,7.10158,6.99974833333333,7.35642833333333,5.01032,2.23326666666667,1.434275,0.979778333333333,0.809896666666667,0.759705,0.81848,0.808541666666667,0.62541,0.447015,0.32816,0.297161666666667,0.23801,0.200808333333333,0.174145,0.150701666666667,0.144038333333333,0.122313333333333,0.11111,0.08384,0.091775,0.0770416666666667,0.05125,0.0360883333333333,0.0266133333333333,0.0193766666666667,0.0177516666666667,0.0135533333333333,0.015025,0.0100733333333333,0.00980166666666667,0.00925333333333333,0.00761333333333333,0.00850333333333333,0.007815,0.00551166666666667,0.00332666666666667,0.00575166666666667,0.00404666666666667,0.00352333333333333,0.000963333333333333,0.00103166666666667,0.00363166666666667,0.000405,0.00221166666666667,0,0.00085,0.00123666666666667,0.00127,0.000883333333333333,0.000283333333333333,0.000846666666666667,0.00053,0.0000183333333333333,0,0,0.0000433333333333333,0.000126666666666667,0.000136666666666667,0.000146666666666667,0.000156666666666667,0.000166666666666667,0.00005,0,1,0,0,0,0,0,0,1,1,1,1,1,1,1,1,1,1,1,1,1,1,1,1,1,1,1,1,1,1,1,1,1,1,1,1,1,1,1,1,1,1,1,1,1,1,1,1,1,1,1,1,1,1,1,1,1,1,1,1,1,1,1,1,1,1,1,1,1,1,1,1,1,1,1,1,1,1,1,1,0
2026-08-20 21:00:00,104.522792466667,0,0,0,0,0,0,0.132926666666667,5.08332833333333,12.3228116666667,15.7583716666667,12.6070633333333,10.2233383333333,9.36326333333333,9.56635166666667,9.85129,5.79826666666667,2.75852,1.701405,1.127855,0.952243333333333,0.897853333333333,0.940833333333333,0.946918333333333,0.713418333333333,0.536168333333333,0.374181666666667,0.324786666666667,0.275951666666667,0.22218,0.211783333333333,0.173923333333333,0.159743333333333,0.142385,0.11334,0.08654,0.07075,0.0708616666666667,0.0558133333333333,0.03616,0.0286566666666667,0.02233,0.017745,0.0139566666666667,0.01161,0.00966,0.0136116666666667,0.0114816666666667,0.010655,0.00812166666666667,0.007245,0.00776166666666667,0.00503666666666667,0.00533166666666667,0.00405833333333333,0.00309166666666667,0.00236833333333333,0.00306833333333333,0.000686666666666667,0.00120666666666667,0.00135833333333333,0.00189666666666667,0.000883333333333333,0.001015,0.00173166666666667,0.000423333333333333,0.000421666666666667,0.00042,0,0.000416666666666667,0,0,0.0000216666666666667,0.0000633333333333333,0.0000683333333333333,0.0000733333333333333,0.0000783333333333333,0.0000833333333333333,0.000025,0,1,0,0,0,0,0,0,1,1,1,1,1,1,1,1,1,1,1,1,1,1,1,1,1,1,1,1,1,1,1,1,1,1,1,1,1,1,1,1,1,1,1,1,1,1,1,1,1,1,1,1,1,1,1,1,1,1,1,1,1,1,1,1,1,1,1,1,1,1,1,1,1,1,1,1,1,1,1,1,0
2026-08-20 22:00:00,144.81784475,0,0,0,0,0,0,0.183565,6.499585,15.941645,20.9840216666667,17.623365,14.9881733333333,14.5455666666667,15.0563883333333,15.9293766666667,7.26112,3.82510833333333,2.26204333333333,1.47319833333333,1.22450833333333,1.11618,1.15917333333333,1.1197,0.807498333333333,0.573958333333333,0.429436666666667,0.352701666666667,0.28344,0.235908333333333,0.23932,0.193935,0.171725,0.126976666666667,0.124166666666667,0.107043333333333,0.0830983333333333,0.06935,0.05084,0.037865,0.03012,0.0271383333333333,0.018065,0.0208166666666667,0.0137866666666667,0.0156966666666667,0.0121516666666667,0.0112516666666667,0.00966166666666667,0.00483166666666667,0.00636666666666667,0.00509833333333333,0.00457833333333333,0.00401333333333333,0.00317666666666667,0.00398833333333333,0.00451166666666667,0.001835,0.00277833333333333,0.00272166666666667,0.00118333333333333,0.00189666666666667,0.000661666666666667,0.00085,0.00123166666666667,0.00046,0.00169333333333333,0.000835,0,0.000446666666666667,0.000801666666666667,0,0.0000216666666666667,0.0000633333333333333,0.0000683333333333333,0.0000733333333333333,0.0000783333333333333,0.0000833333333333333,0.000025,0,1,0,0,0,0,0,0,1,1,1,1,1,1,1,1,1,1,1,1,1,1,1,1,1,1,1,1,1,1,1,1,1,1,1,1,1,1,1,1,1,1,1,1,1,1,1,1,1,1,1,1,1,1,1,1,1,1,1,1,1,1,1,1,1,1,1,1,1,1,1,1,1,1,1,1,1,1,1,1,0
2026-08-20 23:00:00,120.5479017,0,0,0,0,0,0,0.147045,5.53083166666667,12.9137983333333,16.8555633333333,14.3156633333333,12.3769016666667,12.1920783333333,12.8378183333333,13.8537933333333,6.11049166666667,3.27768666666667,1.94764833333333,1.23781833333333,1.03462833333333,0.976706666666667,0.999761666666667,0.999891666666667,0.700953333333333,0.491633333333333,0.36976,0.291603333333333,0.261248333333333,0.212113333333333,0.205106666666667,0.159585,0.159558333333333,0.120655,0.113081666666667,0.0882383333333333,0.079355,0.059545,0.0442933333333333,0.0373383333333333,0.0266716666666667,0.0156533333333333,0.0143333333333333,0.0154233333333333,0.0128216666666667,0.0114983333333333,0.00997166666666667,0.00786,0.00907833333333333,0.00830333333333333,0.00731666666666667,0.00458166666666667,0.00417,0.00485333333333333,0.00240166666666667,0.002765,0.00303833333333333,0.00229333333333333,0.00149166666666667,0.00254666666666667,0.00221,0.00232333333333333,0.000236666666666667,0.00085,0.000423333333333333,0,0.000843333333333333,0.00042,0,0.000416666666666667,0,0,0,0,0,0,0,0,0,0,1,0,0,0,0,0,0,1,1,1,1,1,1,1,1,1,1,1,1,1,1,1,1,1,1,1,1,1,1,1,1,1,1,1,1,1,1,1,1,1,1,1,1,1,1,1,1,1,1,1,1,1,1,1,1,1,1,1,1,1,1,1,1,1,1,1,1,1,1,1,1,1,1,1,1,1,1,1,1,0
2026-08-21,120.074171483333,0,0,0,0,0,0,0.130133333333333,5.30260833333333,12.71032,16.4945016666667,13.960735,12.2168133333333,12.2784433333333,13.3178716666667,14.1805866666667,6.05495,3.25473666666667,1.87475333333333,1.20528666666667,1.030645,0.95705,0.951868333333333,0.965598333333333,0.671396666666667,0.475513333333333,0.339461666666667,0.297843333333333,0.257941666666667,0.220043333333333,0.190765,0.169715,0.135548333333333,0.119811666666667,0.106376666666667,0.0816783333333333,0.06968,0.06148,0.03954,0.0326416666666667,0.0239916666666667,0.0158716666666667,0.00993833333333333,0.01091,0.0120116666666667,0.0108583333333333,0.00761166666666667,0.00758333333333333,0.00891666666666667,0.00771333333333333,0.00552666666666667,0.00603,0.00535333333333333,0.00497,0.00474666666666667,0.00278166666666667,0.00279166666666667,0.00209333333333333,0.00165833333333333,0.00126166666666667,0.001785,0.000806666666666667,0.00122166666666667,0.000913333333333333,0.000423333333333333,0.00130666666666667,0.000421666666666667,0.00042,0.000418333333333333,0,0.000173333333333333,0.00024,0,0,0,0,0,0,0,0,1,0,0,0,0,0,0,1,1,1,1,1,1,1,1,1,1,1,1,1,1,1,1,1,1,1,1,1,1,1,1,1,1,1,1,1,1,1,1,1,1,1,1,1,1,1,1,1,1,1,1,1,1,1,1,1,1,1,1,1,1,1,1,1,1,1,1,1,1,1,1,1,1,1,1,1,1,1,1,0
2026-08-21 01:00:00,153.871333083333,0,0,0,0,0,0,0.148441666666667,6.13873166666667,15.5573,20.639625,17.4572866666667,15.7387316666667,16.2631816666667,18.0912933333333,19.80262,7.397385,4.32406666666667,2.39673833333333,1.48973166666667,1.230145,1.14648166666667,1.154255,1.1009,0.732626666666667,0.50473,0.363693333333333,0.308178333333333,0.251776666666667,0.227828333333333,0.188346666666667,0.170836666666667,0.146226666666667,0.124936666666667,0.108241666666667,0.102791666666667,0.0696716666666667,0.0576916666666667,0.04664,0.0369116666666667,0.0223033333333333,0.0280183333333333,0.0181133333333333,0.0147183333333333,0.01139,0.00911,0.00936666666666667,0.0107066666666667,0.00889666666666667,0.00629,0.006785,0.00347333333333333,0.00540166666666667,0.00571666666666667,0.00283333333333333,0.00546666666666667,0.00598666666666667,0.00266666666666667,0.00444,0.002855,0.002385,0.00165833333333333,0.00174833333333333,0,0,0.000421666666666667,0.000843333333333333,0.000996666666666667,0.000263333333333333,0,0.000173333333333333,0.00024,0.0000216666666666667,0.0000633333333333333,0.0000683333333333333,0.0000733333333333333,0.0000783333333333333,0.0000833333333333333,0.000025,0,1,0,0,0,0,0,0,1,1,1,1,1,1,1,1,1,1,1,1,1,1,1,1,1,1,1,1,1,1,1,1,1,1,1,1,1,1,1,1,1,1,1,1,1,1,1,1,1,1,1,1,1,1,1,1,1,1,1,1,1,1,1,1,1,1,1,1,1,1,1,1,1,1,1,1,1,1,1,1,0
2026-08-21 02:00:00,185.825580583333,0,0,0,0,0,0,0.158136666666667,6.725805,17.5154416666667,24.1496183333333,21.5092883333333,19.375195,19.9383266666667,22.5053766666667,25.2016316666667,9.00045,5.152865,2.835905,1.86200833333333,1.43286166666667,1.31033666666667,1.3436,1.249795,0.767561666666667,0.515168333333333,0.369446666666667,0.315493333333333,0.285866666666667,0.227268333333333,0.207925,0.187286666666667,0.157708333333333,0.137486666666667,0.116798333333333,0.0971216666666667,0.0808766666666667,0.06451,0.0426383333333333,0.0381283333333333,0.0250516666666667,0.0235133333333333,0.0138033333333333,0.0145783333333333,0.0132616666666667,0.0107416666666667,0.01114,0.007805,0.00973333333333333,0.00746666666666667,0.00461,0.00551333333333333,0.00494333333333333,0.00530833333333333,0.00499166666666667,0.00605833333333333,0.00402666666666667,0.00249333333333333,0.002495,0.00102166666666667,0.00213333333333333,0.00128,0.000323333333333333,0.0013,0.00130833333333333,0.0000383333333333333,0.000566666666666667,0.000276666666666667,0,0.000223333333333333,0.000193333333333333,0,0.000411666666666667,0,0,0,0,0,0,0,1,0,0,0,0,0,0,1,1,1,1,1,1,1,1,1,1,1,1,1,1,1,1,1,1,1,1,1,1,1,1,1,1,1,1,1,1,1,1,1,1,1,1,1,1,1,1,1,1,1,1,1,1,1,1,1,1,1,1,1,1,1,1,1,1,1,1,1,1,1,1,1,1,1,1,1,1,1,1,0
2026-08-21 03:00:00,210.21325965,0,0,0,0,0,0,0.152303333333333,6.77280833333333,18.5772716666667,27.3177933333333,24.9576683333333,22.9900516666667,23.8045483333333,26.7517333333333,29.27634,10.130545,5.87598333333333,3.18559666666667,1.98226666666667,1.573035,1.449155,1.40171,1.29336333333333,0.780295,0.509565,0.364408333333333,0.308623333333333,0.28101,0.21132,0.215718333333333,0.185931666666667,0.170875,0.136566666666667,0.124121666666667,0.0914683333333333,0.0810133333333333,0.0613866666666667,0.0464216666666667,0.0393983333333333,0.0337883333333333,0.0273483333333333,0.01881,0.01819,0.015345,0.015175,0.0140916666666667,0.00779333333333333,0.0105266666666667,0.007055,0.00951333333333333,0.00805333333333333,0.00790666666666667,0.005135,0.00469333333333333,0.00523,0.00381833333333333,0.00430166666666667,0.00352666666666667,0.002405,0.00246333333333333,0.00189666666666667,0.00141,0.00133833333333333,0.0000383333333333333,0,0.000283333333333333,0.000426666666666667,0.000131666666666667,0,0.000415,0,0.000433333333333333,0.0000633333333333333,0.0000683333333333333,0.0000733333333333333,0.0000783333333333333,0.0000833333333333333,0.000025,0,1,0,0,0,0,0,0,1,1,1,1,1,1,1,1,1,1,1,1,1,1,1,1,1,1,1,1,1,1,1,1,1,1,1,1,1,1,1,1,1,1,1,1,1,1,1,1,1,1,1,1,1,1,1,1,1,1,1,1,1,1,1,1,1,1,1,1,1,1,1,1,1,1,1,1,1,1,1,1,0
2026-08-21 04:00:00,121.115276466667,0,0,0,0,0,0,0.0974933333333333,4.40276333333333,11.8435116666667,16.607815,14.44551,12.9039733333333,13.14125,14.4862033333333,15.5934116666667,5.53905666666667,3.05236166666667,1.68405833333333,1.06531666666667,0.912201666666667,0.864165,0.836838333333333,0.810715,0.536955,0.403466666666667,0.299731666666667,0.278143333333333,0.244896666666667,0.205766666666667,0.210351666666667,0.18102,0.169263333333333,0.148541666666667,0.125078333333333,0.110541666666667,0.097585,0.0793516666666667,0.0565066666666667,0.0446133333333333,0.0347383333333333,0.0312,0.023565,0.0175783333333333,0.0189516666666667,0.022195,0.0144666666666667,0.0142983333333333,0.0105666666666667,0.0117883333333333,0.008115,0.008335,0.00597,0.006675,0.005705,0.00574,0.00567166666666667,0.00349666666666667,0.00372166666666667,0.0028,0.00110666666666667,0.00104333333333333,0.001835,0.000951666666666667,0.00119333333333333,0.000423333333333333,0.000496666666666667,0.00084,0,0,0,0,0.000411666666666667,0,0,0,0,0,0,0,1,0,0,0,0,0,0,1,1,1,1,1,1,1,1,1,1,1,1,1,1,1,1,1,1,1,1,1,1,1,1,1,1,1,1,1,1,1,1,1,1,1,1,1,1,1,1,1,1,1,1,1,1,1,1,1,1,1,1,1,1,1,1,1,1,1,1,1,1,1,1,1,1,1,1,1,1,1,1,0
2026-08-21 05:00:00,50.22218565,0,0,0,0,0,0,0.0602133333333333,2.25738166666667,5.67243833333333,7.50172333333333,6.21077833333333,5.33249333333333,4.97054833333333,5.161885,4.99373166666667,2.18999833333333,0.945436666666667,0.554455,0.385775,0.325685,0.351208333333333,0.380655,0.377363333333333,0.292016666666667,0.267855,0.202675,0.212823333333333,0.21049,0.185941666666667,0.182985,0.163826666666667,0.141143333333333,0.133361666666667,0.12604,0.104848333333333,0.101968333333333,0.0798283333333333,0.0638016666666667,0.04334,0.03295,0.029545,0.0192566666666667,0.0199016666666667,0.0161183333333333,0.017765,0.0118216666666667,0.015165,0.01251,0.0122433333333333,0.00712666666666667,0.00768333333333333,0.0067,0.00483,0.003195,0.002985,0.001525,0.00169166666666667,0.000801666666666667,0.00126166666666667,0.000931666666666667,0.000426666666666667,0.00117333333333333,0.000101666666666667,0.000423333333333333,0.000346666666666667,0.000918333333333333,0.000708333333333333,0.00055,0.000416666666666667,0.000415,0,0.0000216666666666667,0.0000633333333333333,0.0000683333333333333,0.0000733333333333333,0.0000783333333333333,0.0000833333333333333,0.000025,0,1,0,0,0,0,0,0,1,1,1,1,1,1,1,1,1,1,1,1,1,1,1,1,1,1,1,1,1,1,1,1,1,1,1,1,1,1,1,1,1,1,1,1,1,1,1,1,1,1,1,1,1,1,1,1,1,1,1,1,1,1,1,1,1,1,1,1,1,1,1,1,1,1,1,1,1,1,1,1,0
2026-08-21 06:00:00,44.2398973166667,0,0,0,0,0,0,0.0447266666666667,1.91983333333333,4.88425166666667,6.49969333333333,5.536275,4.79317333333333,4.53746166666667,4.44634666666667,4.19133333333333,1.95509,0.836623333333333,0.51471,0.342258333333333,0.314843333333333,0.312213333333333,0.353016666666667,0.381748333333333,0.321663333333333,0.25477,0.203993333333333,0.200171666666667,0.210536666666667,0.179295,0.18107,0.138853333333333,0.167325,0.123358333333333,0.12022,0.116545,0.0899333333333333,0.0812383333333333,0.0608833333333333,0.04091,0.0240616666666667,0.0233283333333333,0.022205,0.0203133333333333,0.01606,0.0126733333333333,0.0108433333333333,0.01178,0.00956833333333333,0.0103683333333333,0.00697833333333333,0.00599333333333333,0.00836333333333333,0.00475166666666667,0.00282666666666667,0.00361166666666667,0.000991666666666667,0.002035,0.00255166666666667,0.00157,0.00196,0.000616666666666667,0.00141,0.000526666666666667,0,0.000423333333333333,0,0,0,0.000223333333333333,0.000608333333333333,0,0,0,0,0,0,0,0,0,1,0,0,0,0,0,0,1,1,1,1,1,1,1,1,1,1,1,1,1,1,1,1,1,1,1,1,1,1,1,1,1,1,1,1,1,1,1,1,1,1,1,1,1,1,1,1,1,1,1,1,1,1,1,1,1,1,1,1,1,1,1,1,1,1,1,1,1,1,1,1,1,1,1,1,1,1,1,1,0
2026-08-21 07:00:00,55.9294144166667,0,0,0,0,0,0,0.05265,2.24168,6.06369833333333,7.92712166666667,6.81502333333333,5.98109,5.88792,6.18559833333333,5.121435,2.03909833333333,1.05555333333333,0.5963,0.421973333333333,0.35581,0.36756,0.410388333333333,0.397288333333333,0.332223333333333,0.263591666666667,0.23349,0.230616666666667,0.217545,0.189178333333333,0.205568333333333,0.156095,0.167988333333333,0.157855,0.129186666666667,0.120441666666667,0.10502,0.0752833333333333,0.058815,0.0545583333333333,0.0473933333333333,0.0296316666666667,0.0211583333333333,0.0237283333333333,0.02138,0.0156916666666667,0.0127883333333333,0.0116533333333333,0.00897,0.0109483333333333,0.0100466666666667,0.00906333333333333,0.00587833333333333,0.00826166666666667,0.00818,0.00302833333333333,0.00476166666666667,0.002465,0.00303666666666667,0.00357833333333333,0.00289166666666667,0.00336666666666667,0.00207166666666667,0.000951666666666667,0.000808333333333333,0.0000383333333333333,0.000843333333333333,0.00084,0.00163333333333333,0.0000366666666666667,0,0.000986666666666667,0.00034,0.000253333333333333,0.000273333333333333,0.000293333333333333,0.000313333333333333,0.000333333333333333,0.0001,0,1,0,0,0,0,0,0,1,1,1,1,1,1,1,1,1,1,1,1,1,1,1,1,1,1,1,1,1,1,1,1,1,1,1,1,1,1,1,1,1,1,1,1,1,1,1,1,1,1,1,1,1,1,1,1,1,1,1,1,1,1,1,1,1,1,1,1,1,1,1,1,1,1,1,1,1,1,1,1,0
2026-08-21 08:00:00,48.2710738166667,0,0,0,0,0,0,0.0449833333333333,2.03282,5.93409666666667,7.42099666666667,6.36552833333333,5.340355,5.13918833333333,5.22079,3.628375,1.57295166666667,0.878938333333333,0.567938333333333,0.423403333333333,0.328063333333333,0.328211666666667,0.368056666666667,0.352581666666667,0.26968,0.217736666666667,0.191735,0.186813333333333,0.192898333333333,0.158771666666667,0.169795,0.129275,0.139258333333333,0.117795,0.108973333333333,0.10302,0.0899033333333333,0.0663316666666667,0.0548333333333333,0.0483983333333333,0.03305,0.0247383333333333,0.0266533333333333,0.0220216666666667,0.0141633333333333,0.0136133333333333,0.0118383333333333,0.011425,0.010545,0.00805,0.00778,0.00579833333333333,0.00382666666666667,0.00231,0.00330166666666667,0.00081,0.00182833333333333,0.00303833333333333,0.00157833333333333,0.000911666666666667,0.00128166666666667,0.00128,0.00085,0.00123666666666667,0.000423333333333333,0.0000383333333333333,0,0.00126,0.000816666666666667,0.000658333333333333,0.000608333333333333,0.000573333333333333,0.001575,0.000253333333333333,0.000273333333333333,0.000293333333333333,0.000313333333333333,0.000333333333333333,0.0001,0,1,0,0,0,0,0,0,1,1,1,1,1,1,1,1,1,1,1,1,1,1,1,1,1,1,1,1,1,1,1,1,1,1,1,1,1,1,1,1,1,1,1,1,1,1,1,1,1,1,1,1,1,1,1,1,1,1,1,1,1,1,1,1,1,1,1,1,1,1,1,1,1,1,1,1,1,1,1,1,0
2026-08-21 09:00:00,47.2010029285714,0,0,0,0,0,0,0.0368642857142857,1.8886125,5.89494107142857,7.41669285714286,6.32414464285714,5.46838214285714,5.21165178571429,5.30302321428571,3.03133214285714,1.42024821428571,0.7691125,0.463748214285714,0.317323214285714,0.292905357142857,0.281453571428571,0.342303571428571,0.284853571428571,0.229666071428571,0.175660714285714,0.137985714285714,0.146283928571429,0.158880357142857,0.140869642857143,0.159348214285714,0.0998714285714286,0.139451785714286,0.106392857142857,0.100403571428571,0.086825,0.0878053571428571,0.0673053571428571,0.0476732142857143,0.0444785714285714,0.0268089285714286,0.0289571428571429,0.0199125,0.0187089285714286,0.0162714285714286,0.0191035714285714,0.0116035714285714,0.00689285714285714,0.00862321428571429,0.00690178571428571,0.00500892857142857,0.004025,0.00539464285714286,0.003425,0.00388571428571429,0.00412321428571429,0.00442857142857143,0.00132142857142857,0.00178214285714286,0.00153928571428571,0.00126785714285714,0.00137142857142857,0.00171428571428571,0.000523214285714286,0.00136071428571429,0.000864285714285714,0.0012875,0.000907142857142857,0.0010375,0,0.000444642857142857,0.000171428571428571,0.000944642857142857,0.000678571428571429,0.000732142857142857,0.000785714285714286,0.000839285714285714,0.000892857142857143,0.000267857142857143,0,1,0,0,0,0,0,0,1,1,1,1,1,1,1,1,1,1,1,1,1,1,1,1,1,1,1,1,1,1,1,1,1,1,1,1,1,1,1,1,1,1,1,1,1,1,1,1,1,1,1,1,1,1,1,1,1,1,1,1,1,1,1,1,1,1,1,1,1,1,1,1,1,1,1,1,1,1,1,1,0
2026-08-21 10:00:00,48.7923934,0,0,0,0,0,0,0.0394616666666667,2.28931833333333,6.80892833333333,8.53535833333333,6.73253166666667,5.48759333333333,5.03725166666667,4.88050333333333,2.88592666666667,1.32184333333333,0.712136666666667,0.405863333333333,0.28719,0.231426666666667,0.234801666666667,0.307916666666667,0.242578333333333,0.184816666666667,0.168518333333333,0.146458333333333,0.141593333333333,0.141468333333333,0.119876666666667,0.140803333333333,0.099015,0.126241666666667,0.091695,0.0907416666666667,0.088445,0.0786866666666667,0.0577733333333333,0.0512433333333333,0.0406166666666667,0.0222666666666667,0.024735,0.0194883333333333,0.0185633333333333,0.0147516666666667,0.0135066666666667,0.00998,0.0100583333333333,0.00735666666666667,0.00628666666666667,0.00590666666666667,0.00689666666666667,0.00583333333333333,0.00333666666666667,0.00555666666666667,0.00156,0.00261,0.00229333333333333,0.00197666666666667,0.000856666666666667,0.000426666666666667,0.00170666666666667,0.00192166666666667,0.000628333333333333,0.001655,0.00046,0.000566666666666667,0.00127166666666667,0.000661666666666667,0.000435,0,0.000573333333333333,0.000708333333333333,0.000126666666666667,0.000136666666666667,0.000146666666666667,0.000156666666666667,0.000166666666666667,0.00005,0,1,0,0,0,0,0,0,1,1,1,1,1,1,1,1,1,1,1,1,1,1,1,1,1,1,1,1,1,1,1,1,1,1,1,1,1,1,1,1,1,1,1,1,1,1,1,1,1,1,1,1,1,1,1,1,1,1,1,1,1,1,1,1,1,1,1,1,1,1,1,1,1,1,1,1,1,1,1,1,0
2026-08-21 11:00:00,44.4464971,0,0,0,0,0,0,0.058325,2.15949666666667,6.401985,8.01734,6.27974,5.01927333333333,4.44253333333333,4.37597333333333,2.78015666666667,1.14779833333333,0.591788333333333,0.330658333333333,0.22775,0.201015,0.204791666666667,0.236323333333333,0.228791666666667,0.18399,0.139255,0.113498333333333,0.115033333333333,0.115128333333333,0.0981366666666667,0.116873333333333,0.0898533333333333,0.08038,0.0714533333333333,0.0664733333333333,0.0696633333333333,0.0563166666666667,0.05207,0.03326,0.029475,0.0218333333333333,0.015355,0.0192416666666667,0.0193016666666667,0.0112716666666667,0.0092,0.00958666666666667,0.00911166666666667,0.00627333333333333,0.00404833333333333,0.00803166666666667,0.00342833333333333,0.00378333333333333,0.00117833333333333,0.001945,0.003645,0.00107166666666667,0.002265,0.00303666666666667,0.002965,0.001535,0.00232333333333333,0.00173333333333333,0.00229,0.00123166666666667,0.001345,0,0.00112833333333333,0.00055,0.00169666666666667,0.00139,0.000653333333333333,0.000065,0.00019,0.000205,0.00022,0.000235,0.00025,0.000075,0,1,0,0,0,0,0,0,1,1,1,1,1,1,1,1,1,1,1,1,1,1,1,1,1,1,1,1,1,1,1,1,1,1,1,1,1,1,1,1,1,1,1,1,1,1,1,1,1,1,1,1,1,1,1,1,1,1,1,1,1,1,1,1,1,1,1,1,1,1,1,1,1,1,1,1,1,1,1,1,0
2026-08-21 12:00:00,38.1160383518518,0,0,0,0,0,0,0.0455259259259259,1.94378703703704,5.55527222222222,6.79517407407407,5.31932592592593,4.26798333333333,3.80398888888889,3.81230925925926,2.86407407407407,1.29323518518519,0.577483333333333,0.318377777777778,0.209272222222222,0.170533333333333,0.17147962962963,0.201509259259259,0.190742592592593,0.149866666666667,0.111007407407407,0.0776944444444444,0.0935703703703704,0.096862962962963,0.0789185185185185,0.0856981481481481,0.0569092592592593,0.0736740740740741,0.0594611111111111,0.0530648148148148,0.047,0.0382111111111111,0.0311296296296296,0.0243925925925926,0.0188833333333333,0.0156703703703704,0.0114351851851852,0.00911296296296296,0.00890740740740741,0.0083037037037037,0.00738703703703704,0.00986296296296296,0.00883333333333333,0.00598333333333333,0.00381851851851852,0.00407592592592593,0.00387777777777778,0.0042037037037037,0.00317592592592593,0.00253333333333333,0.00387592592592593,0.00391111111111111,0.00140185185185185,0.00172222222222222,0.00152407407407407,0.00245925925925926,0.00279259259259259,0.000998148148148148,0.000472222222222222,0.00047037037037037,0,0.00234259259259259,0.000466666666666667,0.00135,0.00146296296296296,0.00135185185185185,0.000637037037037037,0.00105,0.000914814814814815,0.000985185185185185,0.00105740740740741,0.00113148148148148,0.00120555555555556,0.000359259259259259,0,1,0,0,0,0,0,0,1,1,1,1,1,1,1,1,1,1,1,1,1,1,1,1,1,1,1,1,1,1,1,1,1,1,1,1,1,1,1,1,1,1,1,1,1,1,1,1,1,1,1,1,1,1,1,1,1,1,1,1,1,1,1,1,1,1,1,1,1,1,1,1,1,1,1,1,1,1,1,1,0
2026-08-21 13:00:00,42.2441082333333,0,0,0,0,0,0,0.0709566666666667,2.64078333333333,7.05278333333333,7.91231666666667,5.812345,4.26209,3.81431,3.74204833333333,2.58593333333333,1.24102333333333,0.59119,0.322033333333333,0.224325,0.1677,0.180121666666667,0.173788333333333,0.194796666666667,0.132783333333333,0.117436666666667,0.087735,0.0842266666666667,0.0749166666666667,0.0576583333333333,0.0755783333333333,0.04998,0.0629,0.0496483333333333,0.052705,0.0398116666666667,0.0308866666666667,0.0313366666666667,0.0232816666666667,0.0155083333333333,0.01389,0.0111733333333333,0.00884333333333333,0.00726666666666667,0.01419,0.0101416666666667,0.00695166666666667,0.00563333333333333,0.0100366666666667,0.00489,0.00389166666666667,0.00584,0.00628833333333333,0.00576333333333333,0.00369666666666667,0.00471166666666667,0.00290333333333333,0.00384166666666667,0.003725,0.00322833333333333,0.00409166666666667,0.00189666666666667,0.001835,0.00218833333333333,0.00296333333333333,0.00123,0.00218333333333333,0.00168,0.000816666666666667,0.004215,0.000801666666666667,0.00181333333333333,0.000836666666666667,0.000506666666666667,0.000545,0.000585,0.000626666666666667,0.000668333333333333,0.000198333333333333,0,1,0,0,0,0,0,0,1,1,1,1,1,1,1,1,1,1,1,1,1,1,1,1,1,1,1,1,1,1,1,1,1,1,1,1,1,1,1,1,1,1,1,1,1,1,1,1,1,1,1,1,1,1,1,1,1,1,1,1,1,1,1,1,1,1,1,1,1,1,1,1,1,1,1,1,1,1,1,1,0
2026-08-21 14:00:00,37.7409007118644,0,0,0,0,0,0,0.0675898305084746,2.46710677966102,6.45889322033898,6.95560508474576,5.00972033898305,3.78762711864407,3.28763220338983,3.23112033898305,2.47402542372881,1.43693389830508,0.673815254237288,0.359405084745763,0.202557627118644,0.161993220338983,0.174557627118644,0.170005084745763,0.149437288135593,0.127718644067797,0.091228813559322,0.0597864406779661,0.0683779661016949,0.0730389830508475,0.0460610169491525,0.0545271186440678,0.0410864406779661,0.0460728813559322,0.0401559322033898,0.0355694915254237,0.0287593220338983,0.0267627118644068,0.0216338983050847,0.0182694915254237,0.0183186440677966,0.0165220338983051,0.0105830508474576,0.00945423728813559,0.00775762711864407,0.00572881355932203,0.00623389830508475,0.00582203389830508,0.00558305084745763,0.00663728813559322,0.00496949152542373,0.00332372881355932,0.00333559322033898,0.00298983050847458,0.00131694915254237,0.00261525423728814,0.00382203389830508,0.00198813559322034,0.00259491525423729,0.00163220338983051,0.000905084745762712,0.000945762711864407,0.00236271186440678,0.00176271186440678,0.00107118644067797,0.000861016949152542,0.00128813559322034,0.000428813559322034,0.000854237288135593,0.000405084745762712,0.000669491525423729,0.000196610169491525,0,0.000991525423728814,0.000450847457627119,0.000484745762711864,0.000520338983050848,0.000557627118644068,0.000594915254237288,0.000176271186440678,0,1,0,0,0,0,0,0,1,1,1,1,1,1,1,1,1,1,1,1,1,1,1,1,1,1,1,1,1,1,1,1,1,1,1,1,1,1,1,1,1,1,1,1,1,1,1,1,1,1,1,1,1,1,1,1,1,1,1,1,1,1,1,1,1,1,1,1,1,1,1,1,1,1,1,1,1,1,1,1,0
2026-08-21 15:00:00,26.4070226481481,0,0,0,0,0,0,0.0335555555555556,1.51312962962963,4.17987407407407,4.71400185185185,3.42268518518519,2.64838518518519,2.3093537037037,2.31123888888889,1.87874444444444,1.12207037037037,0.477874074074074,0.262848148148148,0.148842592592593,0.136948148148148,0.130242592592593,0.133922222222222,0.113327777777778,0.0986981481481481,0.0706018518518518,0.0469444444444444,0.0592444444444444,0.0433259259259259,0.0380592592592593,0.040787037037037,0.0311981481481481,0.0265074074074074,0.0259111111111111,0.023787037037037,0.0245537037037037,0.0155777777777778,0.0168592592592593,0.0130574074074074,0.00723518518518519,0.00714444444444444,0.00549259259259259,0.0077037037037037,0.00598148148148148,0.00266481481481481,0.00566481481481482,0.00532407407407407,0.00312777777777778,0.00441111111111111,0.00234814814814815,0.00346296296296296,0.00137592592592593,0.0018462962962963,0.00237222222222222,0.000938888888888889,0.00201666666666667,0.00286666666666667,0.00143333333333333,0.000892592592592593,0.00148888888888889,0.000948148148148148,0.000948148148148148,0.000359259259259259,0.000542592592592593,0.000512962962962963,0.000855555555555555,0.00102037037037037,0.00032037037037037,0.000146296296296296,0.000248148148148148,0.000407407407407407,0.000725925925925926,0.0000481481481481481,0.000140740740740741,0.000151851851851852,0.000162962962962963,0.000174074074074074,0.000185185185185185,0.0000555555555555556,0,1,0,0,0,0,0,0,1,1,1,1,1,1,1,1,1,1,1,1,1,1,1,1,1,1,1,1,1,1,1,1,1,1,1,1,1,1,1,1,1,1,1,1,1,1,1,1,1,1,1,1,1,1,1,1,1,1,1,1,1,1,1,1,1,1,1,1,1,1,1,1,1,1,1,1,1,1,1,1,0
2026-08-21 16:00:00,25.8284663333333,0,0,0,0,0,0,0.0442783333333333,1.48015,4.04324166666667,4.624705,3.38216333333333,2.57554166666667,2.29723833333333,2.27823,1.975755,1.12741833333333,0.474375,0.249501666666667,0.16314,0.123273333333333,0.127206666666667,0.147046666666667,0.120063333333333,0.0825833333333333,0.0661416666666667,0.0459133333333333,0.0395583333333333,0.0444216666666667,0.0288916666666667,0.0341783333333333,0.0248833333333333,0.02897,0.024345,0.01513,0.0148,0.0151416666666667,0.0159533333333333,0.0111,0.00744333333333333,0.00321,0.003505,0.004345,0.00281666666666667,0.002615,0.00329333333333333,0.00502,0.00403833333333333,0.00320833333333333,0.00562833333333333,0.00281666666666667,0.002105,0.00212,0.00240333333333333,0.00176,0.00179666666666667,0.00231,0.00243833333333333,0.002235,0.00146,0.001105,0.00232333333333333,0.00141,0.001725,0.00130833333333333,0.00046,0.000421666666666667,0.00042,0.000418333333333333,0,0.000415,0,0.000563333333333333,0.000443333333333333,0.000476666666666667,0.000511666666666667,0.000548333333333333,0.000585,0.000173333333333333,0,1,0,0,0,0,0,0,1,1,1,1,1,1,1,1,1,1,1,1,1,1,1,1,1,1,1,1,1,1,1,1,1,1,1,1,1,1,1,1,1,1,1,1,1,1,1,1,1,1,1,1,1,1,1,1,1,1,1,1,1,1,1,1,1,1,1,1,1,1,1,1,1,1,1,1,1,1,1,1,0
2026-08-21 17:00:00,31.2990130909091,0,0,0,0,0,0,0.0574127272727273,2.14076727272727,5.57503454545455,5.82243090909091,4.09349818181818,3.00955636363636,2.67545454545455,2.81312727272727,2.17570727272727,1.17034181818182,0.480923636363636,0.269018181818182,0.168549090909091,0.125465454545455,0.130565454545455,0.125763636363636,0.113229090909091,0.0746781818181818,0.0570145454545455,0.0381672727272727,0.0407963636363636,0.0366527272727273,0.0283418181818182,0.0333781818181818,0.0243472727272727,0.0192381818181818,0.0200818181818182,0.0144327272727273,0.01762,0.0146672727272727,0.0135509090909091,0.00695818181818182,0.00634,0.00548727272727273,0.00393636363636364,0.00401818181818182,0.00397090909090909,0.00173272727272727,0.00353454545454545,0.00211818181818182,0.00181272727272727,0.00272909090909091,0.00264,0.00283636363636364,0.000543636363636364,0.00228727272727273,0.00306727272727273,0.00164181818181818,0.00218,0.0007,0.000876363636363636,0.00309272727272727,0.00130545454545455,0.00120727272727273,0.00139636363636364,0.00116909090909091,0.000685454545454545,0.000881818181818182,0.000961818181818182,0.00046,0.000458181818181818,0,0.000909090909090909,0,0.000901818181818182,0.00052,0.000207272727272727,0.000223636363636364,0.00024,0.000256363636363636,0.000272727272727273,0.0000818181818181818,0,1,0,0,0,0,0,0,1,1,1,1,1,1,1,1,1,1,1,1,1,1,1,1,1,1,1,1,1,1,1,1,1,1,1,1,1,1,1,1,1,1,1,1,1,1,1,1,1,1,1,1,1,1,1,1,1,1,1,1,1,1,1,1,1,1,1,1,1,1,1,1,1,1,1,1,1,1,1,1,0
2026-08-21 18:00:00,64.9659716140351,0,0,0,0,0,0,0.0963350877192982,4.77856140350877,12.5202421052632,12.9928210526316,8.95906842105263,6.60538596491228,5.68938245614035,6.00956666666667,3.48321052631579,1.31060175438596,0.642945614035088,0.314726315789474,0.213005263157895,0.168540350877193,0.171340350877193,0.180178947368421,0.147552631578947,0.0966929824561403,0.0696122807017544,0.0615122807017544,0.0463298245614035,0.0470561403508772,0.0406263157894737,0.0412368421052632,0.0267070175438596,0.0352175438596491,0.0320754385964912,0.028259649122807,0.0197263157894737,0.0194333333333333,0.0190982456140351,0.0139245614035088,0.0124421052631579,0.00731228070175439,0.0101333333333333,0.00567719298245614,0.00536491228070175,0.00380175438596491,0.00378947368421053,0.00444736842105263,0.00601578947368421,0.00633333333333333,0.00758245614035088,0.00453333333333333,0.00443157894736842,0.00669298245614035,0.00472982456140351,0.00372456140350877,0.00113157894736842,0.00370701754385965,0.00350175438596491,0.00229473684210526,0.00204561403508772,0.00161578947368421,0.00174736842105263,0.00173333333333333,0.00185614035087719,0.00178245614035088,0.00218421052631579,0.00111929824561404,0.00250175438596491,0.000859649122807018,0.000896491228070176,0.000873684210526316,0.000435087719298246,0.0000228070175438596,0.0000666666666666667,0.0000719298245614035,0.0000771929824561404,0.0000824561403508772,0.000087719298245614,0.0000263157894736842,0,1,0,0,0,0,0,0,1,1,1,1,1,1,1,1,1,1,1,1,1,1,1,1,1,1,1,1,1,1,1,1,1,1,1,1,1,1,1,1,1,1,1,1,1,1,1,1,1,1,1,1,1,1,1,1,1,1,1,1,1,1,1,1,1,1,1,1,1,1,1,1,1,1,1,1,1,1,1,1,0
2026-08-21 19:00:00,57.0663750333333,0,0,0,0,0,0,0.0929183333333333,3.86476833333333,10.232795,10.9196483333333,7.82732333333333,5.80594166666667,5.26345,5.50311,3.581545,1.208155,0.630275,0.327428333333333,0.205995,0.17099,0.15896,0.160301666666667,0.156888333333333,0.103473333333333,0.0899733333333333,0.0621216666666667,0.0615933333333333,0.053965,0.0488333333333333,0.04902,0.0410683333333333,0.0437516666666667,0.0381016666666667,0.0315733333333333,0.025025,0.0251016666666667,0.0196433333333333,0.0178966666666667,0.0138316666666667,0.0107466666666667,0.00985166666666667,0.00607,0.007255,0.00491666666666667,0.00425,0.00648,0.00527666666666667,0.00616,0.00682666666666667,0.00650333333333333,0.00503666666666667,0.00334833333333333,0.00571833333333333,0.00587333333333333,0.00462166666666667,0.00158166666666667,0.00283833333333333,0.00292666666666667,0.00308666666666667,0.001785,0.00251166666666667,0.002395,0.00059,0.002155,0.000421666666666667,0.00112666666666667,0.000558333333333333,0.000796666666666667,0.00131666666666667,0.000386666666666667,0.00124,0.0000216666666666667,0.0000633333333333333,0.0000683333333333333,0.0000733333333333333,0.0000783333333333333,0.0000833333333333333,0.000025,0,1,0,0,0,0,0,0,1,1,1,1,1,1,1,1,1,1,1,1,1,1,1,1,1,1,1,1,1,1,1,1,1,1,1,1,1,1,1,1,1,1,1,1,1,1,1,1,1,1,1,1,1,1,1,1,1,1,1,1,1,1,1,1,1,1,1,1,1,1,1,1,1,1,1,1,1,1,1,1,0
2026-08-21 20:00:00,31.1095324833333,0,0,0,0,0,0,0.060165,2.28529666666667,5.70116,5.71207333333333,4.03908166666667,2.92147333333333,2.61193833333333,2.57121166666667,1.99478,1.04233166666667,0.493503333333333,0.292115,0.19574,0.159,0.14392,0.134308333333333,0.129843333333333,0.10587,0.0706733333333333,0.0483083333333333,0.03917,0.03836,0.0344433333333333,0.033075,0.02729,0.02193,0.0217783333333333,0.016945,0.0169633333333333,0.0153516666666667,0.00952,0.00690833333333333,0.00490166666666667,0.00406666666666667,0.00207833333333333,0.00501666666666667,0.00520666666666667,0.00218166666666667,0.00383833333333333,0.00308333333333333,0.00195333333333333,0.00438333333333333,0.00410333333333333,0.00321166666666667,0.00336333333333333,0.00209666666666667,0.002135,0.001365,0.000863333333333333,0.00043,0.00043,0.001175,0.000966666666666667,0.000426666666666667,0.00128,0.00085,0.000386666666666667,0.000423333333333333,0.000806666666666667,0.000075,0.00084,0,0,0,0,0.000065,0.00019,0.000205,0.00022,0.000235,0.00025,0.000075,0,1,0,0,0,0,0,0,1,1,1,1,1,1,1,1,1,1,1,1,1,1,1,1,1,1,1,1,1,1,1,1,1,1,1,1,1,1,1,1,1,1,1,1,1,1,1,1,1,1,1,1,1,1,1,1,1,1,1,1,1,1,1,1,1,1,1,1,1,1,1,1,1,1,1,1,1,1,1,1,0
2026-08-21 21:00:00,36.0993997,0,0,0,0,0,0,0.0647966666666667,2.602225,6.6768,6.68385333333333,4.56878166666667,3.251865,2.78748,2.70454333333333,2.38137166666667,1.42856833333333,0.637518333333333,0.380101666666667,0.253888333333333,0.196993333333333,0.18359,0.179821666666667,0.165896666666667,0.128693333333333,0.0967366666666667,0.0750533333333333,0.0505133333333333,0.0365716666666667,0.0275883333333333,0.0342866666666667,0.0309583333333333,0.030275,0.0192416666666667,0.01705,0.0183233333333333,0.01135,0.00462,0.00743166666666667,0.006605,0.00653666666666667,0.00525333333333333,0.003485,0.00405166666666667,0.00289333333333333,0.00220666666666667,0.002035,0.00173166666666667,0.00175833333333333,0.00346,0.001,0.000888333333333333,0.00123,0.00084,0.00007,0.001295,0.000945,0.00180666666666667,0.000258333333333333,0,0,0,0,0.000386666666666667,0.0000383333333333333,0,0,0,0,0.00064,0.000193333333333333,0.000413333333333333,0.000411666666666667,0,0,0,0,0,0,0,1,0,0,0,0,0,0,1,1,1,1,1,1,1,1,1,1,1,1,1,1,1,1,1,1,1,1,1,1,1,1,1,1,1,1,1,1,1,1,1,1,1,1,1,1,1,1,1,1,1,1,1,1,1,1,1,1,1,1,1,1,1,1,1,1,1,1,1,1,1,1,1,1,1,1,1,1,1,1,0
2026-08-21 22:00:00,46.4070680333333,0,0,0,0,0,0,0.0774383333333333,3.031025,7.96828166666667,8.81390833333333,6.09811,4.52586833333333,3.892425,3.83505833333333,3.35035,1.61313666666667,0.796356666666667,0.48675,0.320926666666667,0.2683,0.250051666666667,0.255058333333333,0.246838333333333,0.155341666666667,0.117751666666667,0.089445,0.0812416666666667,0.07572,0.06117,0.0504366666666667,0.0515533333333333,0.0453566666666667,0.0388366666666667,0.0410183333333333,0.0249966666666667,0.0229166666666667,0.01709,0.0138016666666667,0.00935,0.00870666666666667,0.00645666666666667,0.00671833333333333,0.004865,0.00404666666666667,0.00327166666666667,0.00114166666666667,0.002605,0.00204833333333333,0.0014,0.003535,0.003035,0.00255333333333333,0.001295,0.00163833333333333,0.000898333333333333,0.00177166666666667,0.00043,0.000428333333333333,0,0,0.000616666666666667,0.000661666666666667,0,0,0.000423333333333333,0,0,0.000398333333333333,0.000435,0,0,0.0000216666666666667,0.0000633333333333333,0.0000683333333333333,0.0000733333333333333,0.0000783333333333333,0.0000833333333333333,0.000025,0,1,0,0,0,0,0,0,1,1,1,1,1,1,1,1,1,1,1,1,1,1,1,1,1,1,1,1,1,1,1,1,1,1,1,1,1,1,1,1,1,1,1,1,1,1,1,1,1,1,1,1,1,1,1,1,1,1,1,1,1,1,1,1,1,1,1,1,1,1,1,1,1,1,1,1,1,1,1,1,0
2026-08-21 23:00:00,47.3234508333333,0,0,0,0,0,0,0.0691066666666667,2.86922833333333,7.80101666666667,8.65974333333333,6.1342,4.67557833333333,3.98432,3.96106333333333,3.59922666666667,1.76550333333333,0.876225,0.529271666666667,0.351461666666667,0.273958333333333,0.237886666666667,0.283471666666667,0.249391666666667,0.178431666666667,0.135641666666667,0.114851666666667,0.09134,0.0817616666666667,0.0739633333333333,0.0583966666666667,0.0541416666666667,0.0431183333333333,0.0338566666666667,0.0267616666666667,0.03074,0.0195233333333333,0.0207116666666667,0.0172483333333333,0.00871833333333333,0.00756333333333333,0.00723833333333333,0.00693333333333333,0.00438833333333333,0.00556666666666667,0.00597,0.00239166666666667,0.00405333333333333,0.002465,0.00208833333333333,0.00272166666666667,0.00221166666666667,0.004215,0.000816666666666667,0.00170833333333333,0.00294833333333333,0.001445,0.000343333333333333,0.000516666666666667,0.000603333333333333,0.000251666666666667,0.000426666666666667,0,0.000425,0.00077,0.0000766666666666667,0,0.00042,0.000836666666666667,0.000416666666666667,0,0,0.0000216666666666667,0.0000633333333333333,0.0000683333333333333,0.0000733333333333333,0.0000783333333333333,0.0000833333333333333,0.000025,0,1,0,0,0,0,0,0,1,1,1,1,1,1,1,1,1,1,1,1,1,1,1,1,1,1,1,1,1,1,1,1,1,1,1,1,1,1,1,1,1,1,1,1,1,1,1,1,1,1,1,1,1,1,1,1,1,1,1,1,1,1,1,1,1,1,1,1,1,1,1,1,1,1,1,1,1,1,1,1,0
2026-08-22,53.9663116333333,0,0,0,0,0,0,0.0774183333333333,3.02012166666667,8.11541166666667,9.43635833333333,6.84879666666667,5.2453,4.582205,4.43158666666667,4.39794,2.40406,1.153965,0.680833333333333,0.441296666666667,0.363051666666667,0.325658333333333,0.345418333333333,0.336375,0.230053333333333,0.18316,0.13003,0.104416666666667,0.106373333333333,0.0815866666666667,0.07862,0.0686316666666667,0.05824,0.0467433333333333,0.0420666666666667,0.0386566666666667,0.03026,0.0307433333333333,0.0237016666666667,0.0162016666666667,0.0123783333333333,0.0115116666666667,0.00883166666666667,0.00757833333333333,0.00460833333333333,0.00907,0.00524166666666667,0.004485,0.003045,0.004635,0.00238333333333333,0.00208333333333333,0.00212,0.00299833333333333,0.002915,0.000933333333333333,0.00317,0.00174833333333333,0.001205,0.000175,0.00068,0.000616666666666667,0.000236666666666667,0.000425,0.00077,0.000845,0.000496666666666667,0.00042,0,0,0,0,0,0,0,0,0,0,0,0,1,0,0,0,0,0,0,1,1,1,1,1,1,1,1,1,1,1,1,1,1,1,1,1,1,1,1,1,1,1,1,1,1,1,1,1,1,1,1,1,1,1,1,1,1,1,1,1,1,1,1,1,1,1,1,1,1,1,1,1,1,1,1,1,1,1,1,1,1,1,1,1,1,1,1,1,1,1,1,0
2026-08-22 01:00:00,111.5560804,0,0,0,0,0,0,0.137925,5.58065666666667,16.2367233333333,20.3639316666667,15.78265,12.3716266666667,10.7079966666667,9.74886666666667,9.070785,4.00046666666667,2.00621666666667,1.11884833333333,0.735168333333333,0.584541666666667,0.496341666666667,0.48586,0.446488333333333,0.301425,0.230405,0.181438333333333,0.15174,0.133131666666667,0.113958333333333,0.109641666666667,0.087515,0.0756666666666667,0.0688566666666667,0.0579816666666667,0.0423533333333333,0.0379483333333333,0.0294333333333333,0.0256133333333333,0.0222933333333333,0.0184633333333333,0.0155583333333333,0.0118483333333333,0.0115716666666667,0.0104583333333333,0.00689333333333333,0.00677166666666667,0.00918833333333333,0.00487666666666667,0.00524166666666667,0.00400166666666667,0.00662333333333333,0.00296333333333333,0.00187833333333333,0.00235,0.00127666666666667,0.00234,0.00180666666666667,0.00149,0.00101,0.00161,0.000853333333333333,0.00085,0.000425,0.000808333333333333,0.0000383333333333333,0,0.000288333333333333,0.000131666666666667,0.000833333333333333,0,0,0,0,0,0,0,0,0,0,1,0,0,0,0,0,0,1,1,1,1,1,1,1,1,1,1,1,1,1,1,1,1,1,1,1,1,1,1,1,1,1,1,1,1,1,1,1,1,1,1,1,1,1,1,1,1,1,1,1,1,1,1,1,1,1,1,1,1,1,1,1,1,1,1,1,1,1,1,1,1,1,1,1,1,1,1,1,1,0
2026-08-22 02:00:00,88.3159081666667,0,0,0,0,0,0,0.101476666666667,4.29819833333333,12.514445,15.92334,12.459355,9.78558,8.48566666666667,7.88576666666667,7.711065,3.50564833333333,1.77369666666667,1.05406,0.666493333333333,0.506803333333333,0.453538333333333,0.429065,0.426883333333333,0.308486666666667,0.214938333333333,0.169165,0.129946666666667,0.121553333333333,0.114571666666667,0.0915366666666667,0.070115,0.078575,0.0772516666666667,0.0570033333333333,0.04881,0.0396233333333333,0.0359033333333333,0.02578,0.0188183333333333,0.01497,0.013245,0.01343,0.00991666666666667,0.00836833333333333,0.00972166666666667,0.006695,0.006295,0.005145,0.00221333333333333,0.00196833333333333,0.00382166666666667,0.00501333333333333,0.006815,0.002985,0.00147166666666667,0.00398333333333333,0.00367,0.00260666666666667,0.00194333333333333,0.000251666666666667,0.00019,0.00173333333333333,0.000203333333333333,0.000423333333333333,0,0.000283333333333333,0.000138333333333333,0,0,0,0.000826666666666667,0.0000216666666666667,0.0000633333333333333,0.0000683333333333333,0.0000733333333333333,0.0000783333333333333,0.0000833333333333333,0.000025,0,1,0,0,0,0,0,0,1,1,1,1,1,1,1,1,1,1,1,1,1,1,1,1,1,1,1,1,1,1,1,1,1,1,1,1,1,1,1,1,1,1,1,1,1,1,1,1,1,1,1,1,1,1,1,1,1,1,1,1,1,1,1,1,1,1,1,1,1,1,1,1,1,1,1,1,1,1,1,1,0
2026-08-22 03:00:00,53.2807511,0,0,0,0,0,0,0.0516533333333333,2.16949833333333,6.49737166666667,8.22111666666667,6.46316833333333,5.25557833333333,4.66024833333333,4.596565,4.88539333333333,3.12603166666667,1.506375,0.986456666666667,0.653698333333333,0.531971666666667,0.515343333333333,0.523326666666667,0.537828333333333,0.394218333333333,0.303115,0.206548333333333,0.162385,0.135851666666667,0.131991666666667,0.107511666666667,0.0975883333333333,0.07352,0.0622583333333333,0.0630183333333333,0.045555,0.036725,0.0285416666666667,0.023355,0.0235266666666667,0.017345,0.00942833333333333,0.00991333333333333,0.008475,0.00983333333333333,0.00613166666666667,0.00716833333333333,0.00564,0.00513,0.0029,0.00497166666666667,0.00297333333333333,0.00337166666666667,0.00362833333333333,0.001575,0,0.00131833333333333,0.00100333333333333,0.000686666666666667,0,0,0,0.000323333333333333,0.000101666666666667,0.000846666666666667,0,0.000421666666666667,0,0.000398333333333333,0.0000183333333333333,0,0,0.0000433333333333333,0.000126666666666667,0.000136666666666667,0.000146666666666667,0.000156666666666667,0.000166666666666667,0.00005,0,1,0,0,0,0,0,0,1,1,1,1,1,1,1,1,1,1,1,1,1,1,1,1,1,1,1,1,1,1,1,1,1,1,1,1,1,1,1,1,1,1,1,1,1,1,1,1,1,1,1,1,1,1,1,1,1,1,1,1,1,1,1,1,1,1,1,1,1,1,1,1,1,1,1,1,1,1,1,1,0
2026-08-22 04:00:00,49.1565357666667,0,0,0,0,0,0,0.037985,1.81190333333333,5.40546833333333,7.09856,5.621965,4.68095666666667,4.27715,4.35784,4.77841,3.17562833333333,1.55120333333333,0.96522,0.680751666666667,0.589103333333333,0.55286,0.585491666666667,0.611861666666667,0.446985,0.325721666666667,0.234925,0.187975,0.152233333333333,0.126445,0.11425,0.0987566666666667,0.08081,0.0654566666666667,0.0550016666666667,0.0480783333333333,0.04193,0.0372366666666667,0.0265116666666667,0.02371,0.0174566666666667,0.0136833333333333,0.00929166666666667,0.009095,0.010575,0.00370166666666667,0.007185,0.00397666666666667,0.00275333333333333,0.00246666666666667,0.00273333333333333,0.000866666666666667,0.00127666666666667,0.00247333333333333,0.00393666666666667,0.00138333333333333,0,0.00043,0.001175,0.000286666666666667,0.000251666666666667,0.000806666666666667,0.000898333333333333,0,0.000423333333333333,0,0.000283333333333333,0.000426666666666667,0.000131666666666667,0,0.000415,0,0,0,0,0,0,0,0,0,1,0,0,0,0,0,0,1,1,1,1,1,1,1,1,1,1,1,1,1,1,1,1,1,1,1,1,1,1,1,1,1,1,1,1,1,1,1,1,1,1,1,1,1,1,1,1,1,1,1,1,1,1,1,1,1,1,1,1,1,1,1,1,1,1,1,1,1,1,1,1,1,1,1,1,1,1,1,1,0
2026-08-22 05:00:00,49.9176161,0,0,0,0,0,0,0.045445,1.86278333333333,5.60898166666667,7.26668166666667,5.76527,4.773955,4.37825,4.556235,4.832465,3.072475,1.51790333333333,0.974351666666667,0.66489,0.53044,0.558221666666667,0.568233333333333,0.585151666666667,0.462255,0.330868333333333,0.231453333333333,0.184538333333333,0.149325,0.129881666666667,0.122351666666667,0.108778333333333,0.0749983333333333,0.06342,0.0644166666666667,0.0477833333333333,0.04389,0.0302133333333333,0.02378,0.0211433333333333,0.01838,0.01446,0.0110066666666667,0.0125066666666667,0.00729166666666667,0.00746833333333333,0.00964,0.00462166666666667,0.00424166666666667,0.003235,0.002345,0.00386333333333333,0.00414833333333333,0.002685,0.000686666666666667,0.00228166666666667,0.00182833333333333,0.001405,0.000631666666666667,0.000833333333333333,0.00093,0.00038,0.000473333333333333,0,0.000423333333333333,0.00126666666666667,0.000421666666666667,0,0,0.000416666666666667,0,0.000413333333333333,0.000065,0.00019,0.000205,0.00022,0.000235,0.00025,0.000075,0,1,0,0,0,0,0,0,1,1,1,1,1,1,1,1,1,1,1,1,1,1,1,1,1,1,1,1,1,1,1,1,1,1,1,1,1,1,1,1,1,1,1,1,1,1,1,1,1,1,1,1,1,1,1,1,1,1,1,1,1,1,1,1,1,1,1,1,1,1,1,1,1,1,1,1,1,1,1,1,0
2026-08-22 06:00:00,51.3166489166667,0,0,0,0,0,0,0.0474966666666667,1.91744333333333,5.89112666666667,7.48721833333333,6.00264333333333,4.99839666666667,4.581705,4.798015,5.11237666666667,2.94720833333333,1.49231833333333,0.952513333333333,0.682805,0.576943333333333,0.529398333333333,0.565145,0.568196666666667,0.439583333333333,0.33739,0.223413333333333,0.1899,0.162836666666667,0.117863333333333,0.120238333333333,0.0982383333333333,0.07303,0.0596916666666667,0.05487,0.050975,0.0474516666666667,0.0349916666666667,0.0329666666666667,0.0268316666666667,0.0223316666666667,0.0140133333333333,0.01188,0.0143933333333333,0.00859333333333333,0.008815,0.00351833333333333,0.00687666666666667,0.00610666666666667,0.00348666666666667,0.00287333333333333,0.005055,0.00127666666666667,0.00201833333333333,0.00264166666666667,0.00257166666666667,0.00147833333333333,0.002495,0.00043,0.00146,0.001105,0.000426666666666667,0.001275,0,0,0.000421666666666667,0,0.00042,0.000398333333333333,0.0000183333333333333,0,0,0.000065,0.00019,0.000205,0.00022,0.000235,0.00025,0.000075,0,1,0,0,0,0,0,0,1,1,1,1,1,1,1,1,1,1,1,1,1,1,1,1,1,1,1,1,1,1,1,1,1,1,1,1,1,1,1,1,1,1,1,1,1,1,1,1,1,1,1,1,1,1,1,1,1,1,1,1,1,1,1,1,1,1,1,1,1,1,1,1,1,1,1,1,1,1,1,1,0
2026-08-22 07:00:00,45.0380385666667,0,0,0,0,0,0,0.0309266666666667,1.594045,4.794905,6.04541833333333,5.17525833333333,4.27525666666667,4.129015,4.26076,4.62837666666667,2.77653,1.48522833333333,0.967511666666667,0.598008333333333,0.51018,0.519396666666667,0.545425,0.583726666666667,0.422573333333333,0.31275,0.207853333333333,0.167943333333333,0.165471666666667,0.121686666666667,0.115831666666667,0.0910633333333333,0.086215,0.0716716666666667,0.06621,0.0584983333333333,0.0505433333333333,0.039805,0.0314516666666667,0.0295016666666667,0.0209883333333333,0.0172816666666667,0.0114066666666667,0.01506,0.0115433333333333,0.0115433333333333,0.0101233333333333,0.00817333333333333,0.00791833333333333,0.00863166666666667,0.00504833333333333,0.00474666666666667,0.00257666666666667,0.005335,0.00200666666666667,0.002915,0.00185333333333333,0.00134666666666667,0.002065,0.00103166666666667,0.00110666666666667,0.000853333333333333,0.00117333333333333,0.000101666666666667,0,0.000421666666666667,0,0.00042,0,0,0,0.000413333333333333,0.0000216666666666667,0.0000633333333333333,0.0000683333333333333,0.0000733333333333333,0.0000783333333333333,0.0000833333333333333,0.000025,0,1,0,0,0,0,0,0,1,1,1,1,1,1,1,1,1,1,1,1,1,1,1,1,1,1,1,1,1,1,1,1,1,1,1,1,1,1,1,1,1,1,1,1,1,1,1,1,1,1,1,1,1,1,1,1,1,1,1,1,1,1,1,1,1,1,1,1,1,1,1,1,1,1,1,1,1,1,1,1,0
2026-08-22 08:00:00,38.4991223454545,0,0,0,0,0,0,0.0231618181818182,1.21629454545455,3.78274,4.80387272727273,4.03468,3.25999454545455,3.32116363636364,3.74475454545455,3.90028909090909,3.07379454545455,1.51155272727273,1.00765636363636,0.652796363636364,0.5822,0.588678181818182,0.59416,0.676050909090909,0.52362,0.348701818181818,0.239438181818182,0.175023636363636,0.159038181818182,0.122416363636364,0.113761818181818,0.0677727272727273,0.07962,0.0671363636363636,0.0472127272727273,0.0465436363636364,0.0444818181818182,0.0389218181818182,0.0283490909090909,0.0286272727272727,0.0203381818181818,0.0134963636363636,0.0129527272727273,0.01486,0.00899818181818182,0.0116072727272727,0.00909090909090909,0.00930727272727273,0.00516181818181818,0.00435636363636364,0.00568,0.00821636363636364,0.00410181818181818,0.00282545454545455,0.00129818181818182,0.00284181818181818,0.00157636363636364,0.000469090909090909,0.000934545454545455,0.00112545454545455,0.00167636363636364,0.000465454545454545,0,0.000463636363636364,0,0,0.000309090909090909,0.000150909090909091,0.000434545454545455,0.000474545454545455,0.000189090909090909,0.000436363636363636,0.000323636363636364,0.000138181818181818,0.000149090909090909,0.00016,0.000170909090909091,0.000181818181818182,0.0000545454545454545,0,1,0,0,0,0,0,0,1,1,1,1,1,1,1,1,1,1,1,1,1,1,1,1,1,1,1,1,1,1,1,1,1,1,1,1,1,1,1,1,1,1,1,1,1,1,1,1,1,1,1,1,1,1,1,1,1,1,1,1,1,1,1,1,1,1,1,1,1,1,1,1,1,1,1,1,1,1,1,1,0
2026-08-22 09:00:00,41.8267261034483,0,0,0,0,0,0,0.0403,1.67678793103448,4.92979310344828,5.90615689655172,4.60339827586207,3.73189310344828,3.69414482758621,4.02089310344828,3.95778965517241,2.6494724137931,1.32756379310345,0.832898275862069,0.593955172413793,0.517815517241379,0.516915517241379,0.555186206896552,0.599670689655172,0.445937931034483,0.313046551724138,0.219136206896552,0.168029310344828,0.146137931034483,0.102853448275862,0.108629310344828,0.0782775862068966,0.0699241379310345,0.0567189655172414,0.0428224137931034,0.0487879310344828,0.0408362068965517,0.0348448275862069,0.0255068965517241,0.0195103448275862,0.0142896551724138,0.0127862068965517,0.0105706896551724,0.0119465517241379,0.00641206896551724,0.00652068965517241,0.00647758620689655,0.00576034482758621,0.00530344827586207,0.000812068965517241,0.00513275862068966,0.00348103448275862,0.0021448275862069,0.00427413793103448,0.00111034482758621,0.000893103448275862,0.000918965517241379,0.00148275862068966,0.000653448275862069,0.00122413793103448,0.00192586206896552,0.000441379310344828,0.000439655172413793,0.000879310344827586,0.000836206896551724,0.000477586206896552,0.000436206896551724,0,0.000432758620689655,0.000662068965517241,0.00123793103448276,0.000248275862068966,0,0,0,0,0,0,0,0,1,0,0,0,0,0,0,1,1,1,1,1,1,1,1,1,1,1,1,1,1,1,1,1,1,1,1,1,1,1,1,1,1,1,1,1,1,1,1,1,1,1,1,1,1,1,1,1,1,1,1,1,1,1,1,1,1,1,1,1,1,1,1,1,1,1,1,1,1,1,1,1,1,1,1,1,1,1,1,0
2026-08-22 10:00:00,55.0695331333333,0,0,0,0,0,0,0.0502916666666667,2.42543,7.30171166666667,8.62833833333333,6.64561833333333,5.29443833333333,4.85462166666667,5.22983166666667,4.70993833333333,2.660235,1.45798833333333,0.874346666666667,0.570471666666667,0.514273333333333,0.50615,0.53625,0.575868333333333,0.429545,0.302756666666667,0.182938333333333,0.174055,0.138725,0.102236666666667,0.112901666666667,0.06612,0.0749333333333333,0.0597716666666667,0.0542283333333333,0.0447316666666667,0.03962,0.033545,0.0288266666666667,0.0207216666666667,0.0132783333333333,0.014335,0.00908,0.00656833333333333,0.00703833333333333,0.00812833333333333,0.00817,0.00592666666666667,0.00777333333333333,0.00659833333333333,0.00642333333333333,0.00583833333333333,0.00168666666666667,0.00427166666666667,0.00162,0.00222833333333333,0.00188,0.00243666666666667,0.001375,0.000175,0.002815,0.00019,0.000661666666666667,0.001275,0.000423333333333333,0.000421666666666667,0,0,0.000418333333333333,0.000416666666666667,0,0,0.0000216666666666667,0.0000633333333333333,0.0000683333333333333,0.0000733333333333333,0.0000783333333333333,0.0000833333333333333,0.000025,0,1,0,0,0,0,0,0,1,1,1,1,1,1,1,1,1,1,1,1,1,1,1,1,1,1,1,1,1,1,1,1,1,1,1,1,1,1,1,1,1,1,1,1,1,1,1,1,1,1,1,1,1,1,1,1,1,1,1,1,1,1,1,1,1,1,1,1,1,1,1,1,1,1,1,1,1,1,1,1,0
2026-08-22 11:00:00,74.8501870833333,0,0,0,0,0,0,0.07961,3.56816333333333,10.6712033333333,12.8423816666667,9.75283833333333,7.74151333333333,7.05013333333333,7.40698333333333,6.22340333333333,2.83115666666667,1.56414833333333,0.922908333333333,0.614391666666667,0.551655,0.507013333333333,0.54429,0.543876666666667,0.420096666666667,0.276216666666667,0.193276666666667,0.1497,0.142883333333333,0.110033333333333,0.105056666666667,0.0743066666666667,0.0777866666666667,0.0626616666666667,0.0539733333333333,0.0439166666666667,0.0440933333333333,0.0334666666666667,0.0297766666666667,0.02221,0.0152166666666667,0.0130166666666667,0.00926833333333333,0.00959333333333333,0.00607333333333333,0.00681666666666667,0.00695166666666667,0.00636,0.00657833333333333,0.00544666666666667,0.004325,0.00631666666666667,0.00373666666666667,0.00379166666666667,0.00289666666666667,0.00366333333333333,0.00134166666666667,0.00043,0.00209,0.001515,0.000251666666666667,0.000806666666666667,0.00164666666666667,0.00137666666666667,0.000423333333333333,0.00127,0.00112666666666667,0.000138333333333333,0.001255,0.000833333333333333,0.000588333333333333,0.00024,0.0000866666666666667,0.000253333333333333,0.000273333333333333,0.000293333333333333,0.000313333333333333,0.000333333333333333,0.0001,0,1,0,0,0,0,0,0,1,1,1,1,1,1,1,1,1,1,1,1,1,1,1,1,1,1,1,1,1,1,1,1,1,1,1,1,1,1,1,1,1,1,1,1,1,1,1,1,1,1,1,1,1,1,1,1,1,1,1,1,1,1,1,1,1,1,1,1,1,1,1,1,1,1,1,1,1,1,1,1,0
2026-08-22 12:00:00,70.8180470666667,0,0,0,0,0,0,0.0770933333333333,3.602105,10.652015,12.4276233333333,9.3358,7.12637833333333,6.38319166666667,6.58436166666667,5.55030166666667,2.75175833333333,1.37071166666667,0.85235,0.519278333333333,0.473996666666667,0.48532,0.484078333333333,0.491271666666667,0.353698333333333,0.242251666666667,0.176363333333333,0.137301666666667,0.106513333333333,0.0889533333333333,0.084265,0.0620816666666667,0.0661783333333333,0.0523033333333333,0.0423433333333333,0.0310666666666667,0.032115,0.0331383333333333,0.0276266666666667,0.0160716666666667,0.01343,0.00932166666666667,0.00858333333333333,0.00739333333333333,0.00637666666666667,0.0061,0.00680333333333333,0.006725,0.00540166666666667,0.00366666666666667,0.002345,0.002085,0.00209666666666667,0.00247333333333333,0.002465,0.00112833333333333,0.00260833333333333,0.002035,0.001635,0.00333833333333333,0.00110833333333333,0.00128,0.000425,0,0.000808333333333333,0.0000383333333333333,0.000705,0.00168666666666667,0.000131666666666667,0,0.000173333333333333,0.00024,0.0000433333333333333,0.000126666666666667,0.000136666666666667,0.000146666666666667,0.000156666666666667,0.000166666666666667,0.00005,0,1,0,0,0,0,0,0,1,1,1,1,1,1,1,1,1,1,1,1,1,1,1,1,1,1,1,1,1,1,1,1,1,1,1,1,1,1,1,1,1,1,1,1,1,1,1,1,1,1,1,1,1,1,1,1,1,1,1,1,1,1,1,1,1,1,1,1,1,1,1,1,1,1,1,1,1,1,1,1,0
2026-08-22 13:00:00,59.8037622166667,0,0,0,0,0,0,0.0809283333333333,3.1379,8.972375,10.5356216666667,7.865065,5.84808833333333,5.36118666666667,5.36785166666667,4.695595,2.47683833333333,1.16189666666667,0.674705,0.458666666666667,0.368996666666667,0.356551666666667,0.393018333333333,0.398625,0.292576666666667,0.18576,0.136076666666667,0.111931666666667,0.0964733333333333,0.0709233333333333,0.0575383333333333,0.049815,0.0520666666666667,0.0354183333333333,0.0354266666666667,0.0307783333333333,0.0248516666666667,0.0245183333333333,0.0137183333333333,0.0132533333333333,0.00951,0.00996166666666667,0.0102016666666667,0.00458666666666667,0.00299,0.00781666666666667,0.00301333333333333,0.00347166666666667,0.00454833333333333,0.00211333333333333,0.00285,0.00586,0.00330166666666667,0.00343166666666667,0.00221,0.000951666666666667,0.00258,0.00086,0.00166,0.000055,0.000426666666666667,0.000853333333333333,0.000425,0.000773333333333333,0.000461666666666667,0.000461666666666667,0.000705,0.000978333333333333,0.000398333333333333,0.000241666666666667,0.000783333333333333,0.00024,0.00013,0.00038,0.00041,0.00044,0.00047,0.0005,0.00015,0,1,0,0,0,0,0,0,1,1,1,1,1,1,1,1,1,1,1,1,1,1,1,1,1,1,1,1,1,1,1,1,1,1,1,1,1,1,1,1,1,1,1,1,1,1,1,1,1,1,1,1,1,1,1,1,1,1,1,1,1,1,1,1,1,1,1,1,1,1,1,1,1,1,1,1,1,1,1,1,0
2026-08-22 14:00:00,56.0266405,0,0,0,0,0,0,0.0635983333333333,2.8795,8.07386833333333,9.54185833333333,7.31335,5.491715,4.98258666666667,4.95358333333333,5.07127333333333,3.207965,1.26796,0.711888333333333,0.42129,0.338588333333333,0.317351666666667,0.33553,0.30653,0.236418333333333,0.168606666666667,0.106471666666667,0.0877633333333333,0.0680083333333333,0.0559766666666667,0.0491483333333333,0.0338833333333333,0.03457,0.0266766666666667,0.020745,0.0214916666666667,0.02312,0.0137733333333333,0.0124916666666667,0.0114966666666667,0.00931333333333333,0.00963333333333333,0.00540833333333333,0.004915,0.00376666666666667,0.00474,0.00425,0.00382833333333333,0.003335,0.00257333333333333,0.003535,0.00130166666666667,0.00212,0.00165666666666667,0.000413333333333333,0.00176166666666667,0.000968333333333333,0.00166333333333333,0.00043,0.001285,0,0.000853333333333333,0.00117333333333333,0.00168666666666667,0.00173166666666667,0.000498333333333333,0,0.00042,0,0,0,0,0.000065,0.00019,0.000205,0.00022,0.000235,0.00025,0.000075,0,1,0,0,0,0,0,0,1,1,1,1,1,1,1,1,1,1,1,1,1,1,1,1,1,1,1,1,1,1,1,1,1,1,1,1,1,1,1,1,1,1,1,1,1,1,1,1,1,1,1,1,1,1,1,1,1,1,1,1,1,1,1,1,1,1,1,1,1,1,1,1,1,1,1,1,1,1,1,1,0
2026-08-22 15:00:00,57.4789027833333,0,0,0,0,0,0,0.07093,2.96920166666667,8.47888166666667,10.0888983333333,7.45485333333333,5.77174333333333,5.23052333333333,5.35028833333333,5.07986,3.05024833333333,1.17635,0.662465,0.357226666666667,0.290726666666667,0.284113333333333,0.298556666666667,0.283525,0.211335,0.142833333333333,0.090375,0.0712283333333333,0.058845,0.0494166666666667,0.0514016666666667,0.0358466666666667,0.0322516666666667,0.0263083333333333,0.023365,0.0249916666666667,0.01776,0.0173333333333333,0.0131433333333333,0.0143816666666667,0.00496666666666667,0.00579833333333333,0.002805,0.003045,0.005195,0.00397833333333333,0.004575,0.00339833333333333,0.00203,0.00468666666666667,0.00146333333333333,0.00342666666666667,0.00335,0.00158666666666667,0.00210333333333333,0.000696666666666667,0.00043,0.00043,0,0.00103166666666667,0.000251666666666667,0.00275,0.000883333333333333,0.00059,0.000461666666666667,0.000346666666666667,0.000918333333333333,0.000865,0.000395,0,0,0.000413333333333333,0.000108333333333333,0.000316666666666667,0.000341666666666667,0.000366666666666667,0.000391666666666667,0.000416666666666667,0.000125,0,1,0,0,0,0,0,0,1,1,1,1,1,1,1,1,1,1,1,1,1,1,1,1,1,1,1,1,1,1,1,1,1,1,1,1,1,1,1,1,1,1,1,1,1,1,1,1,1,1,1,1,1,1,1,1,1,1,1,1,1,1,1,1,1,1,1,1,1,1,1,1,1,1,1,1,1,1,1,1,0
2026-08-22 16:00:00,61.9920940833333,0,0,0,0,0,0,0.0888066666666667,3.42263833333333,9.66869333333333,11.0842016666667,8.141935,6.20045666666667,5.6184,5.93515833333333,4.622615,2.57691833333333,1.10732333333333,0.593078333333333,0.360475,0.29125,0.28099,0.259123333333333,0.265661666666667,0.196485,0.14639,0.0852766666666667,0.0707,0.0727283333333333,0.0479516666666667,0.0524166666666667,0.041445,0.04224,0.0323,0.02584,0.0252533333333333,0.0145266666666667,0.017475,0.01307,0.0133566666666667,0.00942,0.00712666666666667,0.00649833333333333,0.00622166666666667,0.00414333333333333,0.00523833333333333,0.00301333333333333,0.00390666666666667,0.00442333333333333,0.00430166666666667,0.00448166666666667,0.002125,0.00168666666666667,0.00292833333333333,0.00169,0.00104,0.000916666666666667,0.00157666666666667,0.000945,0.001285,0.000855,0,0.000646666666666667,0.00105333333333333,0,0.000423333333333333,0,0.00084,0.000398333333333333,0.0000183333333333333,0.000173333333333333,0.000653333333333333,0.0000216666666666667,0.0000633333333333333,0.0000683333333333333,0.0000733333333333333,0.0000783333333333333,0.0000833333333333333,0.000025,0,1,0,0,0,0,0,0,1,1,1,1,1,1,1,1,1,1,1,1,1,1,1,1,1,1,1,1,1,1,1,1,1,1,1,1,1,1,1,1,1,1,1,1,1,1,1,1,1,1,1,1,1,1,1,1,1,1,1,1,1,1,1,1,1,1,1,1,1,1,1,1,1,1,1,1,1,1,1,1,0
2026-08-22 17:00:00,69.7403645090909,0,0,0,0,0,0,0.102558181818182,4.18642909090909,11.8266818181818,13.0528690909091,9.31504727272727,6.97644545454545,6.22625636363636,6.51151636363636,4.89451090909091,2.49170727272727,1.19092727272727,0.646690909090909,0.384203636363636,0.31458,0.278327272727273,0.2759,0.250447272727273,0.184065454545455,0.120545454545455,0.0890454545454545,0.0711472727272727,0.0719181818181818,0.05586,0.0544509090909091,0.0285181818181818,0.0460709090909091,0.03536,0.0315763636363636,0.0280072727272727,0.0253890909090909,0.0193781818181818,0.0202418181818182,0.0187,0.0115672727272727,0.00990181818181818,0.00493818181818182,0.00695090909090909,0.00530181818181818,0.0083,0.00485454545454545,0.00472181818181818,0.00741272727272727,0.00794181818181818,0.00545272727272727,0.00508727272727273,0.00273454545454545,0.00227818181818182,0.00127636363636364,0.00123090909090909,0.00237636363636364,0.000438181818181818,0.000876363636363636,0.00118545454545455,0.00074,0.000465454545454545,0.000463636363636364,0.00185454545454545,0,0,0.00138,0.000314545454545455,0.0006,0,0.00135818181818182,0.000625454545454545,0.00169454545454545,0.000207272727272727,0.000223636363636364,0.00024,0.000256363636363636,0.000272727272727273,0.0000818181818181818,0,1,0,0,0,0,0,0,1,1,1,1,1,1,1,1,1,1,1,1,1,1,1,1,1,1,1,1,1,1,1,1,1,1,1,1,1,1,1,1,1,1,1,1,1,1,1,1,1,1,1,1,1,1,1,1,1,1,1,1,1,1,1,1,1,1,1,1,1,1,1,1,1,1,1,1,1,1,1,1,0
2026-08-22 18:00:00,70.2471064310345,0,0,0,0,0,0,0.0720310344827586,3.70433275862069,10.5544724137931,12.2983706896552,9.20076206896552,7.05449482758621,6.34154827586207,6.4550275862069,5.25127068965517,3.32478275862069,1.57114827586207,0.8206,0.519063793103448,0.390405172413793,0.371287931034483,0.365237931034483,0.326905172413793,0.248706896551724,0.156720689655172,0.117477586206897,0.0903620689655172,0.0899120689655172,0.0659741379310345,0.0758775862068966,0.0537862068965517,0.0605741379310345,0.05405,0.0395327586206897,0.0371396551724138,0.0341724137931034,0.0320086206896552,0.0297689655172414,0.0196706896551724,0.0148344827586207,0.0128120689655172,0.0112258620689655,0.00952758620689655,0.00792758620689655,0.00533965517241379,0.0108948275862069,0.00972241379310345,0.00575689655172414,0.00342241379310345,0.0039551724137931,0.00603965517241379,0.00386551724137931,0.00394655172413793,0.00245,0.00201206896551724,0.00302758620689655,0.00341379310344828,0.00177413793103448,0.000886206896551724,0.00132586206896552,0.00107931034482759,0.00068448275862069,0.0004,0.000477586206896552,0.00107586206896552,0.000668965517241379,0,0.000432758620689655,0.000662068965517241,0.0002,0,0.000493103448275862,0.000196551724137931,0.000212068965517241,0.000227586206896552,0.000243103448275862,0.000258620689655172,0.0000775862068965517,0,1,0,0,0,0,0,0,1,1,1,1,1,1,1,1,1,1,1,1,1,1,1,1,1,1,1,1,1,1,1,1,1,1,1,1,1,1,1,1,1,1,1,1,1,1,1,1,1,1,1,1,1,1,1,1,1,1,1,1,1,1,1,1,1,1,1,1,1,1,1,1,1,1,1,1,1,1,1,1,0
2026-08-22 19:00:00,103.128358362069,0,0,0,0,0,0,0.103760344827586,4.98486034482759,15.0148724137931,17.6318844827586,13.257274137931,10.2070413793103,9.30696206896552,9.65452413793103,7.76744655172414,4.80999655172414,2.54598620689655,1.57209655172414,0.932474137931035,0.818755172413793,0.804568965517241,0.826987931034483,0.854268965517241,0.626320689655172,0.434536206896552,0.298503448275862,0.232920689655172,0.182572413793103,0.163275862068966,0.135001724137931,0.104263793103448,0.104848275862069,0.0769431034482759,0.0738051724137931,0.0712913793103448,0.061901724137931,0.0565413793103448,0.0448775862068966,0.0404672413793103,0.02915,0.0222086206896552,0.0188293103448276,0.0124896551724138,0.0171655172413793,0.0111706896551724,0.00952241379310345,0.00956896551724138,0.0105741379310345,0.00975172413793103,0.00672758620689655,0.00742931034482759,0.00346551724137931,0.00310172413793103,0.00614137931034483,0.00180172413793103,0.00372068965517241,0.00133448275862069,0.00432586206896552,0.00188620689655172,0.00265172413793103,0.0026,0.000929310344827586,0.000439655172413793,0.000796551724137931,0.00051551724137931,0,0.000732758620689655,0.000136206896551724,0.000431034482758621,0.000608620689655172,0.000841379310344828,0.000777586206896552,0.000262068965517241,0.000282758620689655,0.000303448275862069,0.000324137931034483,0.000344827586206897,0.000103448275862069,0,1,0,0,0,0,0,0,1,1,1,1,1,1,1,1,1,1,1,1,1,1,1,1,1,1,1,1,1,1,1,1,1,1,1,1,1,1,1,1,1,1,1,1,1,1,1,1,1,1,1,1,1,1,1,1,1,1,1,1,1,1,1,1,1,1,1,1,1,1,1,1,1,1,1,1,1,1,1,1,0
2026-08-22 20:00:00,88.4841371,0,0,0,0,0,0,0.0600283333333333,2.54666333333333,8.04244333333333,10.2354283333333,8.66986833333333,7.88789833333333,8.32741166666667,10.2709366666667,9.35754333333333,5.87216333333333,3.28340666666667,2.18504166666667,1.44598166666667,1.21401833333333,1.27326166666667,1.32532666666667,1.37473833333333,1.05193833333333,0.715646666666667,0.466815,0.360953333333333,0.28611,0.219373333333333,0.188866666666667,0.131101666666667,0.121525,0.0869,0.0753583333333333,0.0834283333333333,0.0627883333333333,0.051645,0.04442,0.0372116666666667,0.0319316666666667,0.0183083333333333,0.0168666666666667,0.012085,0.0159616666666667,0.0126133333333333,0.0128883333333333,0.0116916666666667,0.0106916666666667,0.00539333333333333,0.00853333333333333,0.00598666666666667,0.00498833333333333,0.00292833333333333,0.00503666666666667,0.00202666666666667,0.00486666666666667,0.00283833333333333,0.00180333333333333,0.000175,0.000678333333333333,0.00019,0.00108666666666667,0.000425,0.000808333333333333,0.000385,0.000496666666666667,0,0,0,0.00083,0.000986666666666667,0.00107666666666667,0,0,0,0,0,0,0,1,0,0,0,0,0,0,1,1,1,1,1,1,1,1,1,1,1,1,1,1,1,1,1,1,1,1,1,1,1,1,1,1,1,1,1,1,1,1,1,1,1,1,1,1,1,1,1,1,1,1,1,1,1,1,1,1,1,1,1,1,1,1,1,1,1,1,1,1,1,1,1,1,1,1,1,1,1,1,0
2026-08-22 21:00:00,90.3497054,0,0,0,0,0,0,0.052675,2.22137166666667,7.21715666666667,9.63623333333333,8.45966666666667,7.59866666666667,8.47139333333333,10.38094,10.2379383333333,6.93992166666667,3.82499666666667,2.55848833333333,1.70559,1.44868666666667,1.43866166666667,1.59460166666667,1.73156666666667,1.3097,0.883291666666667,0.581128333333333,0.426846666666667,0.353581666666667,0.269645,0.222455,0.137276666666667,0.128001666666667,0.117036666666667,0.082435,0.0676716666666667,0.0637333333333333,0.0482716666666667,0.042845,0.0325,0.02529,0.0258233333333333,0.01687,0.014045,0.0128916666666667,0.01221,0.00988666666666667,0.00897333333333333,0.00694666666666667,0.00682166666666667,0.00905,0.00672666666666667,0.00246,0.00564666666666667,0.00238333333333333,0.00112833333333333,0.00303833333333333,0.000573333333333333,0.000686666666666667,0.000856666666666667,0.00128333333333333,0.000616666666666667,0.001835,0.000913333333333333,0.000423333333333333,0.000385,0.000641666666666667,0.00111666666666667,0.000418333333333333,0.000223333333333333,0.000713333333333333,0.00072,0,0,0,0,0,0,0,0,1,0,0,0,0,0,0,1,1,1,1,1,1,1,1,1,1,1,1,1,1,1,1,1,1,1,1,1,1,1,1,1,1,1,1,1,1,1,1,1,1,1,1,1,1,1,1,1,1,1,1,1,1,1,1,1,1,1,1,1,1,1,1,1,1,1,1,1,1,1,1,1,1,1,1,1,1,1,1,0
2026-08-22 22:00:00,99.32701275,0,0,0,0,0,0,0.0434,2.01369666666667,6.599065,8.89851333333333,8.11294333333333,7.60987,8.587945,10.8181733333333,11.7424,8.89782833333333,4.914545,3.399555,2.27701833333333,2.01897833333333,2.04426833333333,2.234265,2.34636833333333,1.93669166666667,1.31732333333333,0.823508333333333,0.597355,0.456965,0.337151666666667,0.274378333333333,0.196001666666667,0.157188333333333,0.111975,0.0779016666666667,0.06173,0.048395,0.052415,0.0383366666666667,0.02901,0.0290883333333333,0.0234316666666667,0.018395,0.0139216666666667,0.0108633333333333,0.0104916666666667,0.0183366666666667,0.00887166666666667,0.00772166666666667,0.00676666666666667,0.00601666666666667,0.00804833333333333,0.00376,0.00194833333333333,0.00321333333333333,0.001815,0.00131833333333333,0.001175,0.000945,0.001635,0.000503333333333333,0.000426666666666667,0,0,0.000423333333333333,0.000346666666666667,0.000075,0,0.000836666666666667,0,0.000173333333333333,0.00024,0.000065,0.00019,0.000205,0.00022,0.000235,0.00025,0.000075,0,1,0,0,0,0,0,0,1,1,1,1,1,1,1,1,1,1,1,1,1,1,1,1,1,1,1,1,1,1,1,1,1,1,1,1,1,1,1,1,1,1,1,1,1,1,1,1,1,1,1,1,1,1,1,1,1,1,1,1,1,1,1,1,1,1,1,1,1,1,1,1,1,1,1,1,1,1,1,1,0
2026-08-22 23:00:00,106.745435333333,0,0,0,0,0,0,0.040315,1.956705,6.31810333333333,8.712845,7.981525,7.65870833333333,8.65578833333333,11.0430766666667,12.968455,10.463835,5.77964666666667,4.02223166666667,2.74464666666667,2.34675333333333,2.434945,2.60989,2.81960166666667,2.24391,1.55814166666667,1.02790166666667,0.739811666666667,0.561783333333333,0.430953333333333,0.31491,0.219551666666667,0.164513333333333,0.124973333333333,0.0895816666666667,0.081115,0.0709866666666667,0.045435,0.0439483333333333,0.0311116666666667,0.0229216666666667,0.0275866666666667,0.0176466666666667,0.0151633333333333,0.0127016666666667,0.00935333333333333,0.009865,0.0102783333333333,0.00592666666666667,0.007255,0.00415833333333333,0.004295,0.00332666666666667,0.004295,0.00386666666666667,0.00176166666666667,0.00177166666666667,0.00103166666666667,0.00175166666666667,0.00107666666666667,0.000853333333333333,0.000806666666666667,0.00174833333333333,0.000386666666666667,0.000885,0.000421666666666667,0.000421666666666667,0.00084,0.000418333333333333,0.000223333333333333,0.00102333333333333,0.000413333333333333,0.0000433333333333333,0.000126666666666667,0.000136666666666667,0.000146666666666667,0.000156666666666667,0.000166666666666667,0.00005,0,1,0,0,0,0,0,0,1,1,1,1,1,1,1,1,1,1,1,1,1,1,1,1,1,1,1,1,1,1,1,1,1,1,1,1,1,1,1,1,1,1,1,1,1,1,1,1,1,1,1,1,1,1,1,1,1,1,1,1,1,1,1,1,1,1,1,1,1,1,1,1,1,1,1,1,1,1,1,1,0
2026-08-23,119.741345133333,0,0,0,0,0,0,0.0487383333333333,2.215215,7.45810166666667,10.1600933333333,9.22185666666667,8.53906,9.78332666666667,12.371575,14.8125966666667,11.2585883333333,6.37034166666667,4.407155,3.03280333333333,2.646295,2.685385,2.88429166666667,3.05735833333333,2.368215,1.60735,1.13213,0.815098333333333,0.61198,0.448718333333333,0.360711666666667,0.253958333333333,0.212961666666667,0.156943333333333,0.105278333333333,0.0959,0.0737816666666667,0.0555833333333333,0.0503783333333333,0.0387633333333333,0.0311866666666667,0.02682,0.017085,0.0156616666666667,0.00996333333333333,0.013025,0.00943666666666667,0.005995,0.007015,0.00412,0.00721833333333333,0.00340666666666667,0.00205,0.00422333333333333,0.00289666666666667,0.00112833333333333,0.00172,0.00086,0,0,0.00171,0.000426666666666667,0.000425,0.000811666666666667,0.000846666666666667,0.00123,0.000496666666666667,0.00042,0.000398333333333333,0.000851666666666667,0,0.00165333333333333,0,0,0,0,0,0,0,0,1,0,0,0,0,0,0,1,1,1,1,1,1,1,1,1,1,1,1,1,1,1,1,1,1,1,1,1,1,1,1,1,1,1,1,1,1,1,1,1,1,1,1,1,1,1,1,1,1,1,1,1,1,1,1,1,1,1,1,1,1,1,1,1,1,1,1,1,1,1,1,1,1,1,1,1,1,1,1,0
2026-08-23 01:00:00,112.415541883333,0,0,0,0,0,0,0.0515683333333333,2.08343166666667,6.81535833333333,9.14850833333333,8.305155,7.82690166666667,8.94188166666667,11.03658,14.4874916666667,11.4805283333333,6.3098,4.19277166666667,2.92471666666667,2.61390333333333,2.62138666666667,2.86288,2.95508333333333,2.28310166666667,1.59536833333333,1.08150333333333,0.801651666666667,0.625966666666667,0.440413333333333,0.356485,0.260303333333333,0.205611666666667,0.159666666666667,0.105825,0.0947616666666667,0.0668383333333333,0.0570316666666667,0.0410883333333333,0.03361,0.025585,0.0176333333333333,0.0179233333333333,0.011575,0.00809,0.0113516666666667,0.00970833333333333,0.00686,0.00967666666666667,0.00460666666666667,0.00616166666666667,0.003035,0.00378333333333333,0.00259,0.00205166666666667,0.00309166666666667,0.000963333333333333,0.00086,0.00117666666666667,0.000538333333333333,0.000853333333333333,0.000806666666666667,0.000473333333333333,0.000811666666666667,0.000461666666666667,0.000768333333333333,0.000496666666666667,0.000708333333333333,0.00053,0.0000183333333333333,0,0,0.000411666666666667,0,0,0,0,0,0,0,1,0,0,0,0,0,0,1,1,1,1,1,1,1,1,1,1,1,1,1,1,1,1,1,1,1,1,1,1,1,1,1,1,1,1,1,1,1,1,1,1,1,1,1,1,1,1,1,1,1,1,1,1,1,1,1,1,1,1,1,1,1,1,1,1,1,1,1,1,1,1,1,1,1,1,1,1,1,1,0
2026-08-23 02:00:00,119.079060133333,0,0,0,0,0,0,0.0519966666666667,2.482485,7.72838,9.93352833333333,8.76851833333333,8.20022666666667,9.161085,11.3095,15.3446483333333,12.09779,6.53443333333333,4.51680666666667,3.18785833333333,2.83879833333333,2.829745,2.975705,3.12809166666667,2.338295,1.5624,1.14848666666667,0.839851666666667,0.660726666666667,0.450121666666667,0.388638333333333,0.28428,0.22879,0.161458333333333,0.129428333333333,0.101486666666667,0.07757,0.0555783333333333,0.0484166666666667,0.03105,0.02194,0.017855,0.0153433333333333,0.0143516666666667,0.00906166666666667,0.00533333333333333,0.00665,0.00346,0.00471333333333333,0.00560166666666667,0.004565,0.00204166666666667,0.00214166666666667,0.00326666666666667,0.003055,0.00141833333333333,0.000481666666666667,0.000601666666666667,0.00106166666666667,0.00143666666666667,0.000755,0.00128,0,0,0.000423333333333333,0.000845,0,0,0,0,0,0.000413333333333333,0.0000216666666666667,0.0000633333333333333,0.0000683333333333333,0.0000733333333333333,0.0000783333333333333,0.0000833333333333333,0.000025,0,1,0,0,0,0,0,0,1,1,1,1,1,1,1,1,1,1,1,1,1,1,1,1,1,1,1,1,1,1,1,1,1,1,1,1,1,1,1,1,1,1,1,1,1,1,1,1,1,1,1,1,1,1,1,1,1,1,1,1,1,1,1,1,1,1,1,1,1,1,1,1,1,1,1,1,1,1,1,1,0
2026-08-23 03:00:00,124.43735365,0,0,0,0,0,0,0.053735,2.585815,8.00309166666667,10.23212,9.10446666666667,8.58050333333333,9.69127166666667,11.9954616666667,16.5390166666667,11.933905,6.85067666666667,4.73300666666667,3.31662833333333,3.03674333333333,3.056375,3.32177666666667,3.333205,2.43920666666667,1.75318333333333,1.18615666666667,0.891823333333333,0.723406666666667,0.519946666666667,0.425008333333333,0.303926666666667,0.233496666666667,0.183668333333333,0.135695,0.09888,0.09604,0.057295,0.0539333333333333,0.042405,0.022015,0.0227616666666667,0.014,0.01571,0.013045,0.010655,0.00822333333333333,0.006505,0.00509333333333333,0.00392,0.00369833333333333,0.003385,0.00166333333333333,0.000816666666666667,0.00300333333333333,0.00213833333333333,0.00102,0.00372666666666667,0.00255,0.000538333333333333,0.000426666666666667,0.00170666666666667,0.00085,0,0,0.000421666666666667,0.000283333333333333,0.000558333333333333,0,0.000416666666666667,0,0.000573333333333333,0.000253333333333333,0,0,0,0,0,0,0,1,0,0,0,0,0,0,1,1,1,1,1,1,1,1,1,1,1,1,1,1,1,1,1,1,1,1,1,1,1,1,1,1,1,1,1,1,1,1,1,1,1,1,1,1,1,1,1,1,1,1,1,1,1,1,1,1,1,1,1,1,1,1,1,1,1,1,1,1,1,1,1,1,1,1,1,1,1,1,0
2026-08-23 04:00:00,131.1798644,0,0,0,0,0,0,0.06002,2.67465833333333,8.20734833333333,10.8863966666667,9.65297,9.027315,10.10138,12.413305,17.4065233333333,12.04316,7.277065,5.06606,3.464975,3.17420666666667,3.30571833333333,3.55628666666667,3.68174166666667,2.82909833333333,1.878845,1.23237166666667,0.917701666666667,0.739271666666667,0.534098333333333,0.416171666666667,0.314695,0.259163333333333,0.183951666666667,0.133846666666667,0.108016666666667,0.0798566666666667,0.0592433333333333,0.0471133333333333,0.0407983333333333,0.0250583333333333,0.021995,0.0149466666666667,0.0137066666666667,0.00871333333333333,0.01282,0.0104166666666667,0.00614333333333333,0.00425833333333333,0.00463333333333333,0.00383833333333333,0.005385,0.00212,0.00281166666666667,0.00184833333333333,0.000466666666666667,0.000911666666666667,0.000171666666666667,0.00106,0.000911666666666667,0.000426666666666667,0,0.000323333333333333,0.000101666666666667,0,0,0.000421666666666667,0,0.000418333333333333,0.000416666666666667,0,0,0.0000216666666666667,0.0000633333333333333,0.0000683333333333333,0.0000733333333333333,0.0000783333333333333,0.0000833333333333333,0.000025,0,1,0,0,0,0,0,0,1,1,1,1,1,1,1,1,1,1,1,1,1,1,1,1,1,1,1,1,1,1,1,1,1,1,1,1,1,1,1,1,1,1,1,1,1,1,1,1,1,1,1,1,1,1,1,1,1,1,1,1,1,1,1,1,1,1,1,1,1,1,1,1,1,1,1,1,1,1,1,1,0
2026-08-23 05:00:00,142.592862416667,0,0,0,0,0,0,0.0665933333333333,3.04399166666667,9.55059833333333,12.32071,10.8848083333333,9.949415,10.9154266666667,12.8075466666667,17.6403933333333,12.229775,7.45930666666667,5.21884,3.75789833333333,3.31778833333333,3.41571833333333,3.63749,3.94822166666667,2.938425,2.03414666666667,1.359595,0.948256666666667,0.763868333333333,0.549058333333333,0.429078333333333,0.320668333333333,0.250518333333333,0.19128,0.149578333333333,0.1094,0.0837866666666667,0.0693366666666667,0.0482783333333333,0.0323116666666667,0.0238266666666667,0.0236366666666667,0.01402,0.01731,0.00803166666666667,0.01388,0.00889333333333333,0.008175,0.00676,0.005755,0.00228833333333333,0.004335,0.00296333333333333,0.00333833333333333,0.00428,0.00104,0.00303833333333333,0.00298166666666667,0.001175,0.00157,0.001535,0.00128,0,0,0,0.00126833333333333,0,0.000708333333333333,0.000131666666666667,0.000416666666666667,0,0.000413333333333333,0.0000216666666666667,0.0000633333333333333,0.0000683333333333333,0.0000733333333333333,0.0000783333333333333,0.0000833333333333333,0.000025,0,1,0,0,0,0,0,0,1,1,1,1,1,1,1,1,1,1,1,1,1,1,1,1,1,1,1,1,1,1,1,1,1,1,1,1,1,1,1,1,1,1,1,1,1,1,1,1,1,1,1,1,1,1,1,1,1,1,1,1,1,1,1,1,1,1,1,1,1,1,1,1,1,1,1,1,1,1,1,1,0
2026-08-23 06:00:00,168.948424483333,0,0,0,0,0,0,0.106578333333333,4.657425,14.0511833333333,17.88469,15.237875,13.3013933333333,13.7181466666667,15.22624,19.3572566666667,12.6714566666667,7.88137833333333,5.56721833333333,3.88257833333333,3.455055,3.60726666666667,3.89813833333333,4.34608833333333,3.26447333333333,2.29410833333333,1.52325666666667,1.08596833333333,0.830913333333333,0.598626666666667,0.475213333333333,0.335751666666667,0.22394,0.158988333333333,0.122715,0.101076666666667,0.0851566666666667,0.0611916666666667,0.0485216666666667,0.0341183333333333,0.0220166666666667,0.0253816666666667,0.01409,0.01384,0.009095,0.009575,0.011335,0.00743666666666667,0.00926,0.007715,0.005515,0.00380166666666667,0.004605,0.00242666666666667,0.00494833333333333,0.002925,0.00185333333333333,0.00220666666666667,0.00157833333333333,0.00176833333333333,0.000855,0.000616666666666667,0.00108666666666667,0.00162333333333333,0.0000766666666666667,0.000845,0.00183,0.000276666666666667,0.000418333333333333,0.00125,0.000415,0,0.0000216666666666667,0.0000633333333333333,0.0000683333333333333,0.0000733333333333333,0.0000783333333333333,0.0000833333333333333,0.000025,0,1,0,0,0,0,0,0,1,1,1,1,1,1,1,1,1,1,1,1,1,1,1,1,1,1,1,1,1,1,1,1,1,1,1,1,1,1,1,1,1,1,1,1,1,1,1,1,1,1,1,1,1,1,1,1,1,1,1,1,1,1,1,1,1,1,1,1,1,1,1,1,1,1,1,1,1,1,1,1,0
2026-08-23 07:00:00,130.266492783333,0,0,0,0,0,0,0.0607033333333333,2.629795,8.096945,10.6647516666667,9.345335,8.55794,9.68208666666667,12.0853616666667,15.30946,11.403095,7.19813,5.10106833333333,3.56085666666667,3.19413166666667,3.40869833333333,3.66172666666667,4.19278666666667,3.24509666666667,2.29689,1.450505,1.04050166666667,0.810626666666667,0.575561666666667,0.457441666666667,0.318191666666667,0.240936666666667,0.160751666666667,0.138021666666667,0.101833333333333,0.07566,0.06385,0.0539466666666667,0.034885,0.031115,0.034115,0.020495,0.0133,0.0150216666666667,0.01161,0.00940666666666667,0.00860166666666667,0.00920666666666667,0.00858166666666667,0.00786,0.007965,0.006335,0.00326666666666667,0.00527333333333333,0.004235,0.002895,0.00252333333333333,0.00289,0.00157,0.001965,0.00147,0.00141,0.000488333333333333,0.00130833333333333,0.000843333333333333,0.000705,0.000978333333333333,0,0.00064,0.00102333333333333,0.000986666666666667,0.000361666666666667,0.000316666666666667,0.000341666666666667,0.000366666666666667,0.000391666666666667,0.000416666666666667,0.000125,0,1,0,0,0,0,0,0,1,1,1,1,1,1,1,1,1,1,1,1,1,1,1,1,1,1,1,1,1,1,1,1,1,1,1,1,1,1,1,1,1,1,1,1,1,1,1,1,1,1,1,1,1,1,1,1,1,1,1,1,1,1,1,1,1,1,1,1,1,1,1,1,1,1,1,1,1,1,1,1,0
2026-08-23 08:00:00,99.3399933571429,0,0,0,0,0,0,0.0343625,1.49224107142857,4.93339642857143,6.62325535714286,6.11159285714286,5.83084107142857,7.07516607142857,9.61061785714286,11.7266910714286,10.2125642857143,6.10863035714286,4.38208392857143,3.03212142857143,2.76083214285714,2.80980892857143,3.1650625,3.49398571428571,2.73763571428571,1.91665357142857,1.30552321428571,0.880846428571429,0.705932142857143,0.4872125,0.3786875,0.230789285714286,0.186160714285714,0.118846428571429,0.0865303571428571,0.0693785714285714,0.0614946428571429,0.0462571428571429,0.0483589285714286,0.0328410714285714,0.0267714285714286,0.0151285714285714,0.0143857142857143,0.0126285714285714,0.0123678571428571,0.0130053571428571,0.00851428571428571,0.0113982142857143,0.0100410714285714,0.0103446428571429,0.00778214285714286,0.0058375,0.00400357142857143,0.00303571428571429,0.00251785714285714,0.00478035714285714,0.00180178571428571,0.001075,0.000735714285714286,0.00175178571428571,0.00191428571428571,0.00228571428571429,0.00136785714285714,0.000910714285714286,0.000866071428571429,0.0004125,0.000532142857142857,0.00135,0.000896428571428571,0.000446428571428571,0,0.000442857142857143,0.000114285714285714,0.0003375,0.0003625,0.000391071428571429,0.000419642857142857,0.00045,0.000132142857142857,0,1,0,0,0,0,0,0,1,1,1,1,1,1,1,1,1,1,1,1,1,1,1,1,1,1,1,1,1,1,1,1,1,1,1,1,1,1,1,1,1,1,1,1,1,1,1,1,1,1,1,1,1,1,1,1,1,1,1,1,1,1,1,1,1,1,1,1,1,1,1,1,1,1,1,1,1,1,1,1,0
2026-08-23 09:00:00,104.797293816667,0,0,0,0,0,0,0.0410383333333333,1.788855,5.83524833333333,7.66852333333333,6.85390666666667,6.40501833333333,7.55951333333333,10.162535,12.4414266666667,9.820115,6.11674,4.42332666666667,3.16803333333333,2.84874833333333,2.97769333333333,3.27457666666667,3.72761166666667,2.84788166666667,2.03447333333333,1.35297833333333,0.956805,0.70646,0.51011,0.403641666666667,0.264495,0.171338333333333,0.114635,0.08892,0.0640916666666667,0.0622616666666667,0.040935,0.03594,0.0295566666666667,0.0252283333333333,0.0181716666666667,0.01056,0.0149483333333333,0.0116066666666667,0.00616,0.008335,0.00809166666666667,0.00764833333333333,0.00374,0.00797833333333333,0.00602833333333333,0.00501333333333333,0.0042,0.00262333333333333,0.00276666666666667,0.00172,0.00103166666666667,0.00106166666666667,0.000658333333333333,0.00068,0.000853333333333333,0.000425,0,0.00119333333333333,0.00077,0.001415,0,0,0.000833333333333333,0.000173333333333333,0.00024,0.000065,0.00019,0.000205,0.00022,0.000235,0.00025,0.000075,0,1,0,0,0,0,0,0,1,1,1,1,1,1,1,1,1,1,1,1,1,1,1,1,1,1,1,1,1,1,1,1,1,1,1,1,1,1,1,1,1,1,1,1,1,1,1,1,1,1,1,1,1,1,1,1,1,1,1,1,1,1,1,1,1,1,1,1,1,1,1,1,1,1,1,1,1,1,1,1,0
2026-08-23 10:00:00,108.06058095,0,0,0,0,0,0,0.0616133333333333,2.469795,7.76181166666667,9.68808666666667,8.24098833333333,7.45449166666667,8.22550666666667,10.6208383333333,12.1453533333333,8.87175166666667,5.56913833333333,3.93113666666667,2.81754,2.56159666666667,2.68956166666667,3.02534666666667,3.271905,2.59906666666667,1.781965,1.14315666666667,0.838433333333333,0.642133333333333,0.447301666666667,0.345486666666667,0.221015,0.160641666666667,0.130858333333333,0.07583,0.0624533333333333,0.0601816666666667,0.0536633333333333,0.04346,0.037175,0.0249633333333333,0.0242016666666667,0.019855,0.0165033333333333,0.01454,0.0136066666666667,0.0111916666666667,0.00809666666666667,0.00757666666666667,0.00746333333333333,0.00561,0.00716,0.00334833333333333,0.00447,0.00285166666666667,0.00397,0.00266666666666667,0.00154833333333333,0.002065,0.003085,0.000503333333333333,0.00104333333333333,0.00141166666666667,0.001725,0.00046,0.000385,0.000075,0.00042,0,0.00064,0.000608333333333333,0.00016,0.000383333333333333,0.00038,0.000408333333333333,0.000438333333333333,0.00047,0.000501666666666667,0.000148333333333333,0,1,0,0,0,0,0,0,1,1,1,1,1,1,1,1,1,1,1,1,1,1,1,1,1,1,1,1,1,1,1,1,1,1,1,1,1,1,1,1,1,1,1,1,1,1,1,1,1,1,1,1,1,1,1,1,1,1,1,1,1,1,1,1,1,1,1,1,1,1,1,1,1,1,1,1,1,1,1,1,0
2026-08-23 11:00:00,106.52220105,0,0,0,0,0,0,0.0504266666666667,2.77956166666667,8.68262333333333,11.0767433333333,9.05981,7.84839666666667,8.18596166666667,9.98930666666667,11.3446833333333,8.29866833333333,4.99801,3.45819,2.458425,2.25233,2.382255,2.56878833333333,2.88453333333333,2.30741833333333,1.55857333333333,0.996688333333333,0.718525,0.57807,0.378656666666667,0.341633333333333,0.211035,0.148933333333333,0.096,0.0835066666666667,0.0630116666666667,0.052755,0.0473566666666667,0.037925,0.0325716666666667,0.01959,0.01489,0.0146566666666667,0.0147883333333333,0.00940333333333333,0.01256,0.0106183333333333,0.010905,0.00514833333333333,0.006415,0.00730166666666667,0.0051,0.00332666666666667,0.002905,0.001435,0.001135,0.002305,0.000601666666666667,0.00106166666666667,0.00229333333333333,0.001185,0.000616666666666667,0.000236666666666667,0.001585,0.000961666666666667,0.000346666666666667,0.00134,0,0.000418333333333333,0,0.000346666666666667,0.00048,0.0000866666666666667,0.000253333333333333,0.000273333333333333,0.000293333333333333,0.000313333333333333,0.000333333333333333,0.0001,0,1,0,0,0,0,0,0,1,1,1,1,1,1,1,1,1,1,1,1,1,1,1,1,1,1,1,1,1,1,1,1,1,1,1,1,1,1,1,1,1,1,1,1,1,1,1,1,1,1,1,1,1,1,1,1,1,1,1,1,1,1,1,1,1,1,1,1,1,1,1,1,1,1,1,1,1,1,1,1,0
2026-08-23 12:00:00,103.078347266667,0,0,0,0,0,0,0.0628283333333333,2.91960333333333,8.87114,11.0184516666667,8.87671833333333,7.67483333333333,7.85496,9.35241333333333,11.04562,8.32451,4.83059666666667,3.41726,2.401745,2.12677833333333,2.182715,2.40049833333333,2.68043166666667,2.163985,1.47412666666667,0.924523333333333,0.707631666666667,0.52425,0.367795,0.283875,0.198678333333333,0.149676666666667,0.10058,0.0629783333333333,0.06083,0.0376283333333333,0.0363983333333333,0.0314133333333333,0.02308,0.01649,0.016765,0.0127316666666667,0.013235,0.00893166666666667,0.00972666666666667,0.00842166666666667,0.0104283333333333,0.006305,0.00560166666666667,0.00547333333333333,0.00462166666666667,0.00332666666666667,0.00120166666666667,0.00236833333333333,0.00318666666666667,0.00157666666666667,0.000831666666666667,0.00086,0.001285,0.00128166666666667,0.000853333333333333,0.000425,0.00085,0.000423333333333333,0.000423333333333333,0.000421666666666667,0.001285,0.00121166666666667,0.000658333333333333,0.000608333333333333,0,0.0000866666666666667,0.000253333333333333,0.000271666666666667,0.000291666666666667,0.000313333333333333,0.000335,0.0000983333333333333,0,1,0,0,0,0,0,0,1,1,1,1,1,1,1,1,1,1,1,1,1,1,1,1,1,1,1,1,1,1,1,1,1,1,1,1,1,1,1,1,1,1,1,1,1,1,1,1,1,1,1,1,1,1,1,1,1,1,1,1,1,1,1,1,1,1,1,1,1,1,1,1,1,1,1,1,1,1,1,1,0
2026-08-23 13:00:00,95.7607179166667,0,0,0,0,0,0,0.07074,2.82376333333333,8.46203833333333,10.722185,8.51162833333333,7.10570833333333,7.12375166666667,8.23505666666667,10.0222233333333,8.20431,4.51184,3.20614166666667,2.15218333333333,1.84144166666667,1.88332166666667,2.04138,2.31836166666667,1.89522666666667,1.332225,0.829046666666667,0.58616,0.47105,0.315365,0.245851666666667,0.165451666666667,0.104945,0.085555,0.070165,0.04917,0.034905,0.0272683333333333,0.02536,0.0198916666666667,0.01487,0.0134733333333333,0.01096,0.01274,0.00912666666666667,0.004855,0.005595,0.00578166666666667,0.00764666666666667,0.00495833333333333,0.00636833333333333,0.00254333333333333,0.00335166666666667,0.001155,0.00212166666666667,0.00141833333333333,0.0018,0.000401666666666667,0.00428833333333333,0.00103166666666667,0.001105,0.000853333333333333,0.00085,0.000425,0.000846666666666667,0.000346666666666667,0.000075,0.00042,0,0.000833333333333333,0.000415,0.00016,0.000275,0.0000633333333333333,0.0000683333333333333,0.0000733333333333333,0.0000783333333333333,0.0000833333333333333,0.000025,0,1,0,0,0,0,0,0,1,1,1,1,1,1,1,1,1,1,1,1,1,1,1,1,1,1,1,1,1,1,1,1,1,1,1,1,1,1,1,1,1,1,1,1,1,1,1,1,1,1,1,1,1,1,1,1,1,1,1,1,1,1,1,1,1,1,1,1,1,1,1,1,1,1,1,1,1,1,1,1,0
2026-08-23 14:00:00,88.28161795,0,0,0,0,0,0,0.066035,2.83436166666667,8.32255166666667,10.113965,8.208075,6.47914166666667,6.55776333333333,7.38336833333333,9.15298333333333,7.69707833333333,4.05602166666667,2.882125,1.88016166666667,1.58617666666667,1.72651833333333,1.76081166666667,1.98914333333333,1.65589833333333,1.11740833333333,0.739198333333333,0.490801666666667,0.386375,0.26936,0.208668333333333,0.135201666666667,0.089935,0.066595,0.0535566666666667,0.032435,0.0341816666666667,0.02914,0.021565,0.012605,0.0149166666666667,0.013125,0.00798833333333333,0.00844666666666667,0.00756333333333333,0.00796833333333333,0.00673333333333333,0.00709166666666667,0.005235,0.003055,0.00374,0.00468666666666667,0.00248333333333333,0.00326666666666667,0.00184833333333333,0.00300333333333333,0.00311333333333333,0.000343333333333333,0.00223333333333333,0.000428333333333333,0.000853333333333333,0.00019,0.000985,0.000526666666666667,0,0,0.000843333333333333,0.00126,0.000418333333333333,0.000416666666666667,0,0.000573333333333333,0.000318333333333333,0.00019,0.000205,0.00022,0.000235,0.00025,0.000075,0,1,0,0,0,0,0,0,1,1,1,1,1,1,1,1,1,1,1,1,1,1,1,1,1,1,1,1,1,1,1,1,1,1,1,1,1,1,1,1,1,1,1,1,1,1,1,1,1,1,1,1,1,1,1,1,1,1,1,1,1,1,1,1,1,1,1,1,1,1,1,1,1,1,1,1,1,1,1,1,0
2026-08-23 15:00:00,81.2501012333333,0,0,0,0,0,0,0.0671116666666667,2.60662333333333,7.68483333333333,9.53236333333333,7.51773333333333,6.05074666666667,5.899745,6.60601833333333,8.26693,7.64428833333333,3.73188333333333,2.61475166666667,1.67495166666667,1.43652333333333,1.47696833333333,1.55096333333333,1.80269833333333,1.43403833333333,0.965046666666667,0.631933333333333,0.436248333333333,0.325605,0.223001666666667,0.17263,0.12252,0.086495,0.065215,0.0463866666666667,0.0368583333333333,0.02687,0.030475,0.0225366666666667,0.01444,0.0141866666666667,0.00736833333333333,0.00843166666666667,0.00792,0.007035,0.00730333333333333,0.00646333333333333,0.00448166666666667,0.00367833333333333,0.00379333333333333,0.002345,0.00251833333333333,0.00335,0.000501666666666667,0.00172666666666667,0.00205166666666667,0.000991666666666667,0.00126166666666667,0.000803333333333333,0.00194333333333333,0.00110666666666667,0.000616666666666667,0.000236666666666667,0.000425,0.00127,0.00077,0.000918333333333333,0,0.000418333333333333,0.000833333333333333,0.000415,0,0.000065,0.00019,0.000205,0.00022,0.000235,0.00025,0.000075,0,1,0,0,0,0,0,0,1,1,1,1,1,1,1,1,1,1,1,1,1,1,1,1,1,1,1,1,1,1,1,1,1,1,1,1,1,1,1,1,1,1,1,1,1,1,1,1,1,1,1,1,1,1,1,1,1,1,1,1,1,1,1,1,1,1,1,1,1,1,1,1,1,1,1,1,1,1,1,1,0
2026-08-23 16:00:00,84.5997051333333,0,0,0,0,0,0,0.0657533333333333,2.729065,7.98697,9.79270333333333,7.87234,6.34063166666667,6.20571666666667,6.91160833333333,8.53501333333333,7.76117333333333,3.84787333333333,2.68445166666667,1.75930333333333,1.54532333333333,1.51255166666667,1.645295,1.91741666666667,1.51853333333333,1.07365333333333,0.66493,0.439,0.345365,0.237,0.205791666666667,0.131823333333333,0.0832566666666667,0.0595633333333333,0.0425966666666667,0.0379016666666667,0.0293733333333333,0.027575,0.0218683333333333,0.0140466666666667,0.0127666666666667,0.0135516666666667,0.00844666666666667,0.00632,0.00731333333333333,0.00467166666666667,0.00448166666666667,0.00477166666666667,0.00603333333333333,0.00404666666666667,0.00537833333333333,0.00516166666666667,0.00544666666666667,0.00390833333333333,0.00214,0.00052,0.00086,0,0.000801666666666667,0.001515,0.00238666666666667,0.00128,0.00159833333333333,0.000526666666666667,0.000385,0.00207333333333333,0.000496666666666667,0.000708333333333333,0.000131666666666667,0.000416666666666667,0,0.000986666666666667,0.000275,0.0000633333333333333,0.0000683333333333333,0.0000733333333333333,0.0000783333333333333,0.0000833333333333333,0.000025,0,1,0,0,0,0,0,0,1,1,1,1,1,1,1,1,1,1,1,1,1,1,1,1,1,1,1,1,1,1,1,1,1,1,1,1,1,1,1,1,1,1,1,1,1,1,1,1,1,1,1,1,1,1,1,1,1,1,1,1,1,1,1,1,1,1,1,1,1,1,1,1,1,1,1,1,1,1,1,1,0
2026-08-23 17:00:00,86.19271605,0,0,0,0,0,0,0.0646483333333333,2.69640333333333,7.94708833333333,9.820215,7.768055,6.26615166666667,6.31591,7.31871666666667,8.74994833333333,7.97550166666667,4.10689666666667,2.80557333333333,1.88496666666667,1.63531166666667,1.61484833333333,1.77066333333333,1.941495,1.61640833333333,1.11191,0.686981666666667,0.470563333333333,0.344038333333333,0.253226666666667,0.213476666666667,0.114423333333333,0.0809216666666667,0.06696,0.0542683333333333,0.0355366666666667,0.0290916666666667,0.020825,0.0185633333333333,0.0131716666666667,0.0105233333333333,0.00919666666666667,0.00776666666666667,0.00674,0.00582166666666667,0.00543166666666667,0.005895,0.00694666666666667,0.00442166666666667,0.00180666666666667,0.00623333333333333,0.00288833333333333,0.00209666666666667,0.00077,0.00177833333333333,0.00176166666666667,0.0018,0.00212166666666667,0.00172,0.00181,0.002035,0.00189666666666667,0.000236666666666667,0.000811666666666667,0.000461666666666667,0.000421666666666667,0.000421666666666667,0.00084,0,0,0,0.000573333333333333,0.000318333333333333,0.00019,0.000203333333333333,0.000218333333333333,0.000235,0.000251666666666667,0.0000733333333333333,0,1,0,0,0,0,0,0,1,1,1,1,1,1,1,1,1,1,1,1,1,1,1,1,1,1,1,1,1,1,1,1,1,1,1,1,1,1,1,1,1,1,1,1,1,1,1,1,1,1,1,1,1,1,1,1,1,1,1,1,1,1,1,1,1,1,1,1,1,1,1,1,1,1,1,1,1,1,1,1,0
2026-08-23 18:00:00,88.4951401785714,0,0,0,0,0,0,0.0522714285714286,2.48083928571429,7.36670714285714,9.08876428571429,7.37555357142857,6.20974285714286,6.30727142857143,7.52004642857143,9.47344642857143,8.80508928571429,4.63035178571429,3.1946,2.17062142857143,1.83008571428571,1.8622875,1.97694821428571,2.2338375,1.76174107142857,1.24155357142857,0.795214285714286,0.561425,0.40055,0.275358928571429,0.229366071428571,0.142367857142857,0.104826785714286,0.0717464285714286,0.0539714285714286,0.0395625,0.0328339285714286,0.0219392857142857,0.0188517857142857,0.0178446428571429,0.0137464285714286,0.0096125,0.00903571428571429,0.00808571428571429,0.004075,0.00554642857142857,0.00361964285714286,0.00488035714285714,0.00392142857142857,0.0039875,0.00283035714285714,0.00381071428571429,0.0058125,0.00323928571428571,0.0045,0.00419107142857143,0.00296071428571429,0.00126071428571429,0.00273392857142857,0.000492857142857143,0.00237142857142857,0.000203571428571429,0.000253571428571429,0.000455357142857143,0.000825,0.000535714285714286,0.00120714285714286,0.000598214285714286,0,0.000446428571428571,0.000630357142857143,0.000257142857142857,0,0,0,0,0,0,0,0,1,0,0,0,0,0,0,1,1,1,1,1,1,1,1,1,1,1,1,1,1,1,1,1,1,1,1,1,1,1,1,1,1,1,1,1,1,1,1,1,1,1,1,1,1,1,1,1,1,1,1,1,1,1,1,1,1,1,1,1,1,1,1,1,1,1,1,1,1,1,1,1,1,1,1,1,1,1,1,0
2026-08-23 19:00:00,104.135792320755,0,0,0,0,0,0,0.0726018867924528,3.10567358490566,9.3632679245283,11.4336188679245,9.21431320754717,7.3682358490566,7.43605471698113,8.51132075471698,10.3971339622642,10.0355603773585,5.24788113207547,3.53940377358491,2.36157735849057,2.049,2.01363773584906,2.26940566037736,2.48869811320755,1.95592264150943,1.32846981132075,0.864160377358491,0.585288679245283,0.445266037735849,0.317475471698113,0.23742641509434,0.150598113207547,0.111958490566038,0.0686207547169811,0.0454811320754717,0.0400415094339623,0.035111320754717,0.0269679245283019,0.0223056603773585,0.0163245283018868,0.0134679245283019,0.0131358490566038,0.00946981132075472,0.0128981132075472,0.00588679245283019,0.00706415094339623,0.00421132075471698,0.00474716981132076,0.00600943396226415,0.0055622641509434,0.00618301886792453,0.00572641509433962,0.00286603773584906,0.00472830188679245,0.00260188679245283,0.00238301886792453,0.00249245283018868,0.00330943396226415,0.00294716981132075,0.00248679245283019,0,0.00166415094339623,0.00171132075471698,0.0014,0.00139433962264151,0.000564150943396226,0.000320754716981132,0.00110754716981132,0,0.00192075471698113,0.000907547169811321,0,0.000564150943396226,0.000286792452830189,0.000309433962264151,0.000332075471698113,0.000354716981132075,0.000377358490566038,0.000113207547169811,0,1,0,0,0,0,0,0,1,1,1,1,1,1,1,1,1,1,1,1,1,1,1,1,1,1,1,1,1,1,1,1,1,1,1,1,1,1,1,1,1,1,1,1,1,1,1,1,1,1,1,1,1,1,1,1,1,1,1,1,1,1,1,1,1,1,1,1,1,1,1,1,1,1,1,1,1,1,1,1,0
2026-08-23 20:00:00,140.409389169811,0,0,0,0,0,0,0.111290566037736,4.95609622641509,15.582641509434,19.0620886792453,14.8977830188679,11.7342603773585,10.7534433962264,11.3339943396226,12.5199264150943,11.3039377358491,5.70627924528302,3.90966037735849,2.50310188679245,2.15165660377358,2.22207547169811,2.34260566037736,2.57079245283019,2.04335283018868,1.40730943396226,0.879807547169811,0.568979245283019,0.445228301886792,0.328603773584906,0.242915094339623,0.16458679245283,0.128620754716981,0.0815622641509434,0.0569207547169811,0.0324358490566038,0.0331716981132075,0.0271792452830189,0.0209264150943396,0.0113698113207547,0.0129433962264151,0.0138924528301887,0.00906981132075472,0.010188679245283,0.0107452830188679,0.00765094339622642,0.0088622641509434,0.00613396226415094,0.00531320754716981,0.00576603773584906,0.00426792452830189,0.00469622641509434,0.00714528301886792,0.00624716981132075,0.00374716981132075,0.00363962264150943,0.000758490566037736,0.00204528301886792,0.00168679245283019,0.00171509433962264,0.00270188679245283,0.00263018867924528,0.000749056603773585,0.000918867924528302,0.00196037735849057,0,0.00079811320754717,0.000809433962264151,0.000749056603773585,0.0000207547169811321,0.00113584905660377,0.000271698113207547,0.0000490566037735849,0.000143396226415094,0.000154716981132075,0.000166037735849057,0.000177358490566038,0.000188679245283019,0.0000566037735849057,0,1,0,0,0,0,0,0,1,1,1,1,1,1,1,1,1,1,1,1,1,1,1,1,1,1,1,1,1,1,1,1,1,1,1,1,1,1,1,1,1,1,1,1,1,1,1,1,1,1,1,1,1,1,1,1,1,1,1,1,1,1,1,1,1,1,1,1,1,1,1,1,1,1,1,1,1,1,1,1,0
2026-08-23 21:00:00,164.212696847458,0,0,0,0,0,0,0.100435593220339,5.34504237288136,17.0147169491525,21.7030355932203,17.9068813559322,14.4162203389831,13.5229728813559,14.3105237288136,15.2227830508475,12.9374542372881,6.801,4.44012881355932,2.90321525423729,2.42820508474576,2.37116779661017,2.56164237288136,2.75108983050847,2.21630169491525,1.45044406779661,0.924942372881356,0.656259322033898,0.51398813559322,0.348716949152542,0.275866101694915,0.179537288135593,0.123491525423729,0.087435593220339,0.0707593220338983,0.0499271186440678,0.0504101694915254,0.0428271186440678,0.0317406779661017,0.0241508474576271,0.0271627118644068,0.0194898305084746,0.0135983050847458,0.0162406779661017,0.0171813559322034,0.0110610169491525,0.0133186440677966,0.00829491525423729,0.00763389830508475,0.00592542372881356,0.0066864406779661,0.00678135593220339,0.00419322033898305,0.00662033898305085,0.00751186440677966,0.00423728813559322,0.00155593220338983,0.00332372881355932,0.00221186440677966,0.00346101694915254,0.0026864406779661,0.00366440677966102,0.00100169491525424,0.00222542372881356,0.000861016949152542,0.00246440677966102,0.000583050847457627,0.000854237288135593,0.00170169491525424,0.00211864406779661,0.000774576271186441,0.000488135593220339,0.000176271186440678,0.000515254237288136,0.000555932203389831,0.000596610169491525,0.00063728813559322,0.000677966101694915,0.000203389830508475,0,1,0,0,0,0,0,0,1,1,1,1,1,1,1,1,1,1,1,1,1,1,1,1,1,1,1,1,1,1,1,1,1,1,1,1,1,1,1,1,1,1,1,1,1,1,1,1,1,1,1,1,1,1,1,1,1,1,1,1,1,1,1,1,1,1,1,1,1,1,1,1,1,1,1,1,1,1,1,1,0
2026-08-23 22:00:00,123.148658616667,0,0,0,0,0,0,0.0818983333333333,3.57803666666667,11.2414866666667,14.14906,11.7790166666667,10.019945,10.0083366666667,11.2602883333333,12.6361033333333,11.0530016666667,6.00156666666667,3.86929666666667,2.48973833333333,2.07385166666667,2.03555,2.15446,2.436725,1.96841333333333,1.36652166666667,0.828131666666667,0.585161666666667,0.456295,0.327986666666667,0.229791666666667,0.150726666666667,0.116546666666667,0.0824266666666667,0.0684183333333333,0.0494833333333333,0.037425,0.03252,0.0254766666666667,0.0290433333333333,0.0139966666666667,0.0202366666666667,0.011875,0.011025,0.0124516666666667,0.0108683333333333,0.00828833333333333,0.00753,0.00706333333333333,0.00965,0.00531333333333333,0.006385,0.0054,0.00324333333333333,0.00348666666666667,0.00260666666666667,0.002735,0.00206333333333333,0.00341333333333333,0.00449,0.00161,0.00208666666666667,0.002395,0.00182666666666667,0.0000766666666666667,0,0.000705,0.000978333333333333,0.000418333333333333,0.000416666666666667,0.000173333333333333,0.00230666666666667,0.0000866666666666667,0.000253333333333333,0.000273333333333333,0.000293333333333333,0.000313333333333333,0.000333333333333333,0.0001,0,1,0,0,0,0,0,0,1,1,1,1,1,1,1,1,1,1,1,1,1,1,1,1,1,1,1,1,1,1,1,1,1,1,1,1,1,1,1,1,1,1,1,1,1,1,1,1,1,1,1,1,1,1,1,1,1,1,1,1,1,1,1,1,1,1,1,1,1,1,1,1,1,1,1,1,1,1,1,1,0
2026-08-23 23:00:00,98.5046618333333,0,0,0,0,0,0,0.052615,2.63484833333333,8.29425166666667,10.5322,8.761865,7.38577833333333,7.71571666666667,8.98161666666667,10.500085,9.16930333333333,4.84564666666667,3.25948833333333,2.15456166666667,1.87423333333333,1.88192333333333,2.06552833333333,2.22977333333333,1.84134,1.230515,0.737611666666667,0.519946666666667,0.394518333333333,0.249461666666667,0.226483333333333,0.146763333333333,0.118503333333333,0.067345,0.05594,0.04017,0.0403933333333333,0.0333566666666667,0.028315,0.0260333333333333,0.0203983333333333,0.0196883333333333,0.0109416666666667,0.010445,0.00790333333333333,0.00931833333333333,0.008225,0.0107066666666667,0.010075,0.00769,0.004645,0.00420833333333333,0.00214166666666667,0.00333666666666667,0.00393666666666667,0.00251833333333333,0.00241666666666667,0.00453166666666667,0.00217666666666667,0.00126166666666667,0.000503333333333333,0.00170666666666667,0.002245,0.00239166666666667,0.00127,0.00130833333333333,0.000283333333333333,0.000978333333333333,0.000836666666666667,0.000863333333333333,0.00163166666666667,0,0.0000866666666666667,0.000253333333333333,0.000273333333333333,0.000293333333333333,0.000313333333333333,0.000333333333333333,0.0001,0,1,0,0,0,0,0,0,1,1,1,1,1,1,1,1,1,1,1,1,1,1,1,1,1,1,1,1,1,1,1,1,1,1,1,1,1,1,1,1,1,1,1,1,1,1,1,1,1,1,1,1,1,1,1,1,1,1,1,1,1,1,1,1,1,1,1,1,1,1,1,1,1,1,1,1,1,1,1,1,0
2026-08-24,105.86314035,0,0,0,0,0,0,0.0600183333333333,2.67272833333333,8.64334666666667,11.1128533333333,9.34870166666667,8.10061833333333,8.44014,9.96383,11.66813,9.34504,5.04401666666667,3.44372,2.37549333333333,2.078375,2.10513666666667,2.24578666666667,2.52093833333333,1.910115,1.32433,0.840008333333333,0.586,0.448815,0.31343,0.258233333333333,0.166086666666667,0.143098333333333,0.102221666666667,0.0816083333333333,0.0634083333333333,0.0456116666666667,0.0447583333333333,0.0353216666666667,0.0357016666666667,0.0212033333333333,0.0207816666666667,0.0122816666666667,0.0155116666666667,0.0119533333333333,0.0111683333333333,0.0100733333333333,0.00577833333333333,0.00953,0.011305,0.00786833333333333,0.00425666666666667,0.00790833333333333,0.00422166666666667,0.004155,0.00416666666666667,0.00322333333333333,0.002265,0.00358,0.00450833333333333,0.00414833333333333,0.00128,0.00149666666666667,0.00147833333333333,0.00204,0.000845,0.00120166666666667,0.00126666666666667,0.000131666666666667,0.00125,0.00083,0.00016,0.000383333333333333,0.00038,0.00041,0.00044,0.00047,0.0005,0.00015,0,1,0,0,0,0,0,0,1,1,1,1,1,1,1,1,1,1,1,1,1,1,1,1,1,1,1,1,1,1,1,1,1,1,1,1,1,1,1,1,1,1,1,1,1,1,1,1,1,1,1,1,1,1,1,1,1,1,1,1,1,1,1,1,1,1,1,1,1,1,1,1,1,1,1,1,1,1,1,1,0
2026-08-24 01:00:00,102.372171166667,0,0,0,0,0,0,0.0433216666666667,1.99362166666667,6.746735,9.14067166666667,7.980335,7.24730666666667,8.09618666666667,9.96241666666667,12.423535,10.1937233333333,5.6366,3.88767,2.60891333333333,2.33734833333333,2.404415,2.545955,2.76731666666667,2.14257333333333,1.446955,0.938646666666667,0.645761666666667,0.49829,0.347471666666667,0.28542,0.191348333333333,0.150688333333333,0.10205,0.074755,0.0623083333333333,0.0441933333333333,0.034935,0.0397433333333333,0.0252383333333333,0.017805,0.0169533333333333,0.0134316666666667,0.0183816666666667,0.0106183333333333,0.00838833333333333,0.0111933333333333,0.00389833333333333,0.00748333333333333,0.00616333333333333,0.00720666666666667,0.0072,0.00250666666666667,0.005065,0.00390833333333333,0.002775,0.00134833333333333,0.00200666666666667,0.00255,0.00131666666666667,0.001785,0.00170666666666667,0.002245,0.00073,0.00169333333333333,0.00119,0.00078,0.000978333333333333,0.000816666666666667,0.0000183333333333333,0,0,0.000823333333333333,0,0,0,0,0,0,0,1,0,0,0,0,0,0,1,1,1,1,1,1,1,1,1,1,1,1,1,1,1,1,1,1,1,1,1,1,1,1,1,1,1,1,1,1,1,1,1,1,1,1,1,1,1,1,1,1,1,1,1,1,1,1,1,1,1,1,1,1,1,1,1,1,1,1,1,1,1,1,1,1,1,1,1,1,1,1,0
2026-08-24 02:00:00,83.8347617,0,0,0,0,0,0,0.03069,1.49439333333333,4.82842833333333,6.594035,5.90862,5.430445,6.322315,8.075585,10.241415,9.59873833333333,5.03730833333333,3.50721333333333,2.27637833333333,1.9443,2.001685,2.16320333333333,2.31916166666667,1.846425,1.28397166666667,0.787918333333333,0.527255,0.401878333333333,0.30518,0.226425,0.14491,0.0987933333333333,0.0765983333333333,0.0546633333333333,0.0390033333333333,0.0262366666666667,0.034965,0.0251633333333333,0.0224533333333333,0.01428,0.0119183333333333,0.00949666666666667,0.00573333333333333,0.00862,0.00480166666666667,0.00650833333333333,0.00504833333333333,0.00400666666666667,0.004075,0.00396833333333333,0.00305666666666667,0.00335,0.00134166666666667,0.00172666666666667,0.00215833333333333,0.00258,0.000601666666666667,0.000258333333333333,0.00171333333333333,0,0.00128,0.00085,0.001275,0.000385,0.0000383333333333333,0.000843333333333333,0.00042,0,0.000416666666666667,0.000415,0.00016,0.00116333333333333,0.000253333333333333,0.000273333333333333,0.000293333333333333,0.000313333333333333,0.000333333333333333,0.0001,0,1,0,0,0,0,0,0,1,1,1,1,1,1,1,1,1,1,1,1,1,1,1,1,1,1,1,1,1,1,1,1,1,1,1,1,1,1,1,1,1,1,1,1,1,1,1,1,1,1,1,1,1,1,1,1,1,1,1,1,1,1,1,1,1,1,1,1,1,1,1,1,1,1,1,1,1,1,1,1,0
2026-08-24 03:00:00,81.4244320666667,0,0,0,0,0,0,0.0283083333333333,1.40037166666667,4.69978666666667,6.361225,5.70667,5.225275,6.008635,7.72193833333333,9.939825,9.39102166666667,4.85318166666667,3.45610166666667,2.30955833333333,1.98913166666667,1.972785,2.133645,2.320855,1.83859833333333,1.25645333333333,0.780973333333333,0.519185,0.429745,0.268611666666667,0.19608,0.139513333333333,0.115483333333333,0.0759533333333333,0.0501666666666667,0.0412466666666667,0.0419566666666667,0.0364216666666667,0.0261983333333333,0.0211583333333333,0.01699,0.0123783333333333,0.0124916666666667,0.0127783333333333,0.00749833333333333,0.00698,0.00715333333333333,0.00701833333333333,0.00320666666666667,0.00440833333333333,0.00455333333333333,0.00243333333333333,0.00212,0.0035,0.00198166666666667,0.00303833333333333,0.00104333333333333,0.00126166666666667,0.000373333333333333,0.000911666666666667,0.000856666666666667,0.000426666666666667,0.001275,0.00166166666666667,0.0000383333333333333,0.000346666666666667,0.000075,0,0,0,0,0,0,0,0,0,0,0,0,0,1,0,0,0,0,0,0,1,1,1,1,1,1,1,1,1,1,1,1,1,1,1,1,1,1,1,1,1,1,1,1,1,1,1,1,1,1,1,1,1,1,1,1,1,1,1,1,1,1,1,1,1,1,1,1,1,1,1,1,1,1,1,1,1,1,1,1,1,1,1,1,1,1,1,1,1,1,1,1,0
2026-08-24 04:00:00,82.7316115,0,0,0,0,0,0,0.0336116666666667,1.45094333333333,4.88401333333333,6.56099666666667,5.80493833333333,5.31556666666667,6.06144833333333,7.72288,10.2002766666667,9.49167833333333,4.95470166666667,3.39051166666667,2.27247666666667,1.96143833333333,1.95532833333333,2.154475,2.30350666666667,1.73656833333333,1.15636666666667,0.76649,0.537893333333333,0.413598333333333,0.30042,0.214988333333333,0.163988333333333,0.10659,0.0783833333333333,0.0597866666666667,0.048935,0.0379233333333333,0.03183,0.027175,0.0189783333333333,0.0174166666666667,0.0107383333333333,0.0103966666666667,0.007715,0.00578333333333333,0.00751333333333333,0.006555,0.004695,0.00366166666666667,0.00364166666666667,0.003405,0.00493,0.001685,0.00161,0.00289666666666667,0.00199166666666667,0,0.00043,0.00197833333333333,0.00230666666666667,0.000426666666666667,0.000853333333333333,0,0,0.000423333333333333,0,0,0.000288333333333333,0.000131666666666667,0,0.000173333333333333,0.00024,0.0000216666666666667,0.0000633333333333333,0.0000683333333333333,0.0000733333333333333,0.0000783333333333333,0.0000833333333333333,0.000025,0,1,0,0,0,0,0,0,1,1,1,1,1,1,1,1,1,1,1,1,1,1,1,1,1,1,1,1,1,1,1,1,1,1,1,1,1,1,1,1,1,1,1,1,1,1,1,1,1,1,1,1,1,1,1,1,1,1,1,1,1,1,1,1,1,1,1,1,1,1,1,1,1,1,1,1,1,1,1,1,0
2026-08-24 05:00:00,91.1551764666667,0,0,0,0,0,0,0.0474883333333333,2.06190666666667,6.26972333333333,8.05003333333333,6.90727,6.204915,6.74862666666667,8.29071333333333,10.8816283333333,9.72865333333333,5.067265,3.55357333333333,2.41184833333333,2.096535,2.053205,2.18336,2.379525,1.80569333333333,1.265215,0.836436666666667,0.582305,0.423283333333333,0.320116666666667,0.246385,0.172713333333333,0.125235,0.100921666666667,0.0803166666666667,0.05374,0.0485916666666667,0.03052,0.02977,0.02112,0.0207166666666667,0.0175266666666667,0.01142,0.0105316666666667,0.00992333333333333,0.008175,0.00740166666666667,0.00469833333333333,0.00927833333333333,0.00898833333333333,0.0065,0.004665,0.00378333333333333,0.00551833333333333,0.00367166666666667,0.00116333333333333,0.00177166666666667,0.000515,0.00157833333333333,0.000911666666666667,0.000426666666666667,0.000853333333333333,0.000646666666666667,0.000628333333333333,0.000423333333333333,0.000846666666666667,0.000283333333333333,0.000138333333333333,0.000418333333333333,0,0,0,0.000065,0.00019,0.000205,0.00022,0.000235,0.00025,0.000075,0,1,0,0,0,0,0,0,1,1,1,1,1,1,1,1,1,1,1,1,1,1,1,1,1,1,1,1,1,1,1,1,1,1,1,1,1,1,1,1,1,1,1,1,1,1,1,1,1,1,1,1,1,1,1,1,1,1,1,1,1,1,1,1,1,1,1,1,1,1,1,1,1,1,1,1,1,1,1,1,0
2026-08-24 06:00:00,115.431686916667,0,0,0,0,0,0,0.0785133333333333,3.14430833333333,9.20984333333333,11.31369,9.55616,8.34681333333333,8.966445,10.7025783333333,13.76003,10.07525,5.82004166666667,4.04599333333333,2.75173333333333,2.40804333333333,2.47266833333333,2.64341166666667,2.87495,2.284585,1.52750666666667,0.960991666666667,0.687006666666667,0.544288333333333,0.360176666666667,0.306495,0.184558333333333,0.158723333333333,0.0991983333333333,0.0868883333333333,0.07092,0.0511933333333333,0.0425016666666667,0.0462683333333333,0.0326383333333333,0.0266183333333333,0.0268183333333333,0.024845,0.02026,0.0176783333333333,0.01512,0.01218,0.0136716666666667,0.0127016666666667,0.009985,0.00997,0.0103016666666667,0.008725,0.00899666666666667,0.00847166666666667,0.00794333333333333,0.006105,0.00912166666666667,0.00292166666666667,0.00368833333333333,0.00331666666666667,0.00185,0.00263166666666667,0.00310166666666667,0.00415833333333333,0.00169166666666667,0.00156,0.00169333333333333,0.00108,0.0000183333333333333,0.000415,0.000986666666666667,0.000751666666666667,0.000253333333333333,0.000273333333333333,0.000293333333333333,0.000313333333333333,0.000333333333333333,0.0001,0,1,0,0,0,0,0,0,1,1,1,1,1,1,1,1,1,1,1,1,1,1,1,1,1,1,1,1,1,1,1,1,1,1,1,1,1,1,1,1,1,1,1,1,1,1,1,1,1,1,1,1,1,1,1,1,1,1,1,1,1,1,1,1,1,1,1,1,1,1,1,1,1,1,1,1,1,1,1,1,0
2026-08-24 07:00:00,131.788303733333,0,0,0,0,0,0,0.0903733333333333,3.77667666666667,11.442395,14.2557033333333,12.1576916666667,10.630085,10.84326,12.147885,14.2675,10.6674516666667,6.23504666666667,4.200645,2.801235,2.46687,2.41657166666667,2.57578333333333,2.88821666666667,2.28003666666667,1.54436166666667,0.965908333333333,0.682893333333333,0.548776666666667,0.370676666666667,0.311726666666667,0.186598333333333,0.157423333333333,0.113856666666667,0.0845766666666667,0.0643083333333333,0.064765,0.0488133333333333,0.0405166666666667,0.0322716666666667,0.0332133333333333,0.0254216666666667,0.028555,0.0160533333333333,0.0170283333333333,0.015395,0.0159633333333333,0.0135833333333333,0.0121983333333333,0.0112233333333333,0.0118783333333333,0.011995,0.0104833333333333,0.00927666666666667,0.009885,0.0108133333333333,0.00474333333333333,0.00306666666666667,0.006335,0.00379333333333333,0.00391666666666667,0.00317666666666667,0.00408,0.00210666666666667,0.00284833333333333,0.00215,0.00120166666666667,0.001685,0.00055,0.00128,0.000386666666666667,0.000826666666666667,0.000195,0.00057,0.000613333333333333,0.000658333333333333,0.000705,0.000751666666666667,0.000223333333333333,0,1,0,0,0,0,0,0,1,1,1,1,1,1,1,1,1,1,1,1,1,1,1,1,1,1,1,1,1,1,1,1,1,1,1,1,1,1,1,1,1,1,1,1,1,1,1,1,1,1,1,1,1,1,1,1,1,1,1,1,1,1,1,1,1,1,1,1,1,1,1,1,1,1,1,1,1,1,1,1,0
2026-08-24 08:00:00,91.0869424827586,0,0,0,0,0,0,0.0319534482758621,1.79188965517241,6.02093275862069,7.71310517241379,6.91574137931034,6.33539137931034,6.93164137931034,8.97936724137931,10.8501931034483,8.84160517241379,5.02529655172414,3.49913275862069,2.35595344827586,2.05124655172414,2.1224224137931,2.2984224137931,2.49626034482759,1.98057068965517,1.34687586206897,0.86051724137931,0.552387931034483,0.428239655172414,0.322413793103448,0.241237931034483,0.165325862068966,0.116331034482759,0.0744913793103448,0.0594,0.0450862068965517,0.0530344827586207,0.0436689655172414,0.0290086206896552,0.0261413793103448,0.0234862068965517,0.0203672413793103,0.0161310344827586,0.0141637931034483,0.0157086206896552,0.0170206896551724,0.0167310344827586,0.0109793103448276,0.00950862068965517,0.00788275862068966,0.00743965517241379,0.00630344827586207,0.0103224137931034,0.00608103448275862,0.00676034482758621,0.0059,0.00222413793103448,0.00525172413793103,0.00234655172413793,0.00643275862068966,0.00353620689655172,0.00411896551724138,0.00194827586206897,0.00302413793103448,0.00346206896551724,0.00214655172413793,0.00256379310344828,0.00158965517241379,0.000824137931034483,0.00113103448275862,0.00105862068965517,0.00128275862068966,0.000560344827586207,0.000393103448275862,0.000422413793103448,0.000453448275862069,0.000486206896551724,0.000518965517241379,0.000153448275862069,0,1,0,0,0,0,0,0,1,1,1,1,1,1,1,1,1,1,1,1,1,1,1,1,1,1,1,1,1,1,1,1,1,1,1,1,1,1,1,1,1,1,1,1,1,1,1,1,1,1,1,1,1,1,1,1,1,1,1,1,1,1,1,1,1,1,1,1,1,1,1,1,1,1,1,1,1,1,1,1,0
2026-08-24 09:00:00,94.2989816491228,0,0,0,0,0,0,0.0287298245614035,1.93681052631579,6.28769298245614,8.04728421052632,7.02188070175439,6.47766315789474,7.27195789473684,9.24707894736842,11.202998245614,9.19859649122807,5.18351403508772,3.65049473684211,2.48317192982456,2.18143859649123,2.19364912280702,2.35245614035088,2.62269824561404,2.06264035087719,1.39495964912281,0.81299649122807,0.550578947368421,0.465547368421053,0.325505263157895,0.237410526315789,0.138938596491228,0.123612280701754,0.0767982456140351,0.0591368421052632,0.0510631578947368,0.0427789473684211,0.0332859649122807,0.0329824561403509,0.0332263157894737,0.0222035087719298,0.0243035087719298,0.0138719298245614,0.00835087719298246,0.00793157894736842,0.0140140350877193,0.0112912280701754,0.00790526315789474,0.0117333333333333,0.00891929824561404,0.00263684210526316,0.0077140350877193,0.0065719298245614,0.00449649122807018,0.00412456140350877,0.00421754385964912,0.00159122807017544,0.00624736842105263,0.00476315789473684,0.00318947368421053,0.00412982456140351,0.00309473684210526,0.00218245614035088,0.00100175438596491,0.00174210526315789,0.000929824561403509,0.0023719298245614,0.00161754385964912,0.000419298245614035,0.000896491228070176,0.00149298245614035,0.00112280701754386,0.000273684210526316,0.0008,0.00086140350877193,0.000924561403508772,0.000989473684210526,0.00105438596491228,0.000314035087719298,0,1,0,0,0,0,0,0,1,1,1,1,1,1,1,1,1,1,1,1,1,1,1,1,1,1,1,1,1,1,1,1,1,1,1,1,1,1,1,1,1,1,1,1,1,1,1,1,1,1,1,1,1,1,1,1,1,1,1,1,1,1,1,1,1,1,1,1,1,1,1,1,1,1,1,1,1,1,1,1,0
2026-08-24 10:00:00,96.8097263,0,0,0,0,0,0,0.0458783333333333,2.01753166666667,6.37921166666667,8.11686666666667,7.11253166666667,6.569315,7.45597166666667,9.57334166666667,11.6922766666667,9.68951,5.45782333333333,3.77338,2.57425,2.25664666666667,2.24157833333333,2.46556333333333,2.664735,2.15375833333333,1.38059166666667,0.854378333333333,0.584145,0.459466666666667,0.317326666666667,0.24672,0.161528333333333,0.13332,0.0901883333333333,0.07406,0.05248,0.0598133333333333,0.0466616666666667,0.0409216666666667,0.03146,0.0257633333333333,0.0210233333333333,0.0226866666666667,0.0225233333333333,0.0164916666666667,0.014575,0.0169533333333333,0.0165483333333333,0.0131,0.0102533333333333,0.0140916666666667,0.013645,0.00875,0.0103733333333333,0.0102233333333333,0.00819666666666667,0.00384166666666667,0.00450166666666667,0.00421166666666667,0.00248166666666667,0.00238833333333333,0.00251333333333333,0.004115,0.00227166666666667,0.00327166666666667,0.00238333333333333,0.00396166666666667,0.00281,0.002355,0.000833333333333333,0.000935,0.00154666666666667,0.00065,0.000696666666666667,0.00075,0.000805,0.000861666666666667,0.000918333333333333,0.000273333333333333,0,1,0,0,0,0,0,0,1,1,1,1,1,1,1,1,1,1,1,1,1,1,1,1,1,1,1,1,1,1,1,1,1,1,1,1,1,1,1,1,1,1,1,1,1,1,1,1,1,1,1,1,1,1,1,1,1,1,1,1,1,1,1,1,1,1,1,1,1,1,1,1,1,1,1,1,1,1,1,1,0
2026-08-24 11:00:00,89.9131281666667,0,0,0,0,0,0,0.0531916666666667,2.21905,6.63254333333333,8.28235833333333,7.035385,6.38389333333333,7.00011833333333,8.83805,10.556845,8.884035,4.65368333333333,3.23098,2.19496833333333,1.90744333333333,1.92211166666667,2.12046333333333,2.24306666666667,1.737455,1.16324833333333,0.752775,0.510546666666667,0.377888333333333,0.271823333333333,0.227481666666667,0.153926666666667,0.10525,0.08204,0.0739433333333333,0.06947,0.0508216666666667,0.0417716666666667,0.0394866666666667,0.0327883333333333,0.031505,0.02747,0.0280916666666667,0.0214116666666667,0.0138466666666667,0.0154833333333333,0.0158166666666667,0.0186766666666667,0.015725,0.012525,0.0109583333333333,0.00993666666666667,0.0133983333333333,0.00840166666666667,0.01129,0.00855666666666667,0.00611833333333333,0.006765,0.00535333333333333,0.00485333333333333,0.00435333333333333,0.00374666666666667,0.00361666666666667,0.00486333333333333,0.00527166666666667,0.00376666666666667,0.00530333333333333,0.00449,0.00149833333333333,0.00357666666666667,0.00137,0.00188,0.00160833333333333,0.00277666666666667,0.00298833333333333,0.00321166666666667,0.00344666666666667,0.003685,0.001085,0,1,0,0,0,0,0,0,1,1,1,1,1,1,1,1,1,1,1,1,1,1,1,1,1,1,1,1,1,1,1,1,1,1,1,1,1,1,1,1,1,1,1,1,1,1,1,1,1,1,1,1,1,1,1,1,1,1,1,1,1,1,1,1,1,1,1,1,1,1,1,1,1,1,1,1,1,1,1,1,0
2026-08-24 12:00:00,68.31251,0,0,0,0,0,0,0.047605,1.99768166666667,5.898735,7.33541333333333,5.98580333333333,5.192235,5.31679333333333,6.17659833333333,7.17826166666667,6.36892,3.25423333333333,2.24027333333333,1.48987333333333,1.26829833333333,1.27043333333333,1.39054666666667,1.45268666666667,1.14053666666667,0.732505,0.46058,0.319668333333333,0.227788333333333,0.166683333333333,0.135663333333333,0.0911216666666667,0.0770966666666667,0.0593266666666667,0.0456166666666667,0.0396283333333333,0.0365283333333333,0.0264766666666667,0.025955,0.0240533333333333,0.01112,0.01271,0.01256,0.01084,0.010985,0.01026,0.010685,0.00859833333333333,0.00743,0.00952666666666667,0.004725,0.00867166666666667,0.00585666666666667,0.005905,0.00348666666666667,0.00471,0.007145,0.00286666666666667,0.00292166666666667,0.00248333333333333,0.004095,0.00208666666666667,0.00357,0.00277833333333333,0.00134666666666667,0.00111666666666667,0.00241,0.00182,0.00306166666666667,0.0025,0.000588333333333333,0.000973333333333333,0.00169833333333333,0.00107666666666667,0.00116,0.001245,0.00133166666666667,0.00141833333333333,0.000423333333333333,0,1,0,0,0,0,0,0,1,1,1,1,1,1,1,1,1,1,1,1,1,1,1,1,1,1,1,1,1,1,1,1,1,1,1,1,1,1,1,1,1,1,1,1,1,1,1,1,1,1,1,1,1,1,1,1,1,1,1,1,1,1,1,1,1,1,1,1,1,1,1,1,1,1,1,1,1,1,1,1,0
2026-08-24 13:00:00,64.1712859833333,0,0,0,0,0,0,0.0442016666666667,1.93168333333333,5.96670833333333,7.655125,6.37797,5.34315166666667,5.31915333333333,5.95165833333333,6.60281,5.815585,2.814775,1.781175,1.20455333333333,1.00066,1.01302,1.04769333333333,1.12642333333333,0.864163333333333,0.585943333333333,0.35606,0.236906666666667,0.166741666666667,0.126345,0.106123333333333,0.0586266666666667,0.0571816666666667,0.0399466666666667,0.03278,0.0365633333333333,0.0301833333333333,0.02268,0.0163316666666667,0.0186916666666667,0.0186266666666667,0.0135916666666667,0.0129516666666667,0.0132016666666667,0.00765833333333333,0.0116883333333333,0.0118366666666667,0.00649666666666667,0.00665333333333333,0.00896666666666667,0.00565166666666667,0.00588333333333333,0.00756666666666667,0.006605,0.00352,0.00537333333333333,0.00457,0.00564666666666667,0.003415,0.00327333333333333,0.001285,0.00445666666666667,0.00343333333333333,0.00352666666666667,0.00207833333333333,0.00503333333333333,0.00198166666666667,0.001405,0.00218333333333333,0.00317666666666667,0.001785,0.00105333333333333,0.00109666666666667,0.00126333333333333,0.00136166666666667,0.00146166666666667,0.00156666666666667,0.00167166666666667,0.000495,0,1,0,0,0,0,0,0,1,1,1,1,1,1,1,1,1,1,1,1,1,1,1,1,1,1,1,1,1,1,1,1,1,1,1,1,1,1,1,1,1,1,1,1,1,1,1,1,1,1,1,1,1,1,1,1,1,1,1,1,1,1,1,1,1,1,1,1,1,1,1,1,1,1,1,1,1,1,1,1,0
2026-08-24 14:00:00,48.7173881166667,0,0,0,0,0,0,0.0426983333333333,1.53944166666667,4.699065,5.91452333333333,4.90832333333333,4.04639833333333,4.02794666666667,4.49960666666667,5.06421166666667,4.38068,2.07117166666667,1.32758166666667,0.857145,0.744725,0.725195,0.794615,0.781075,0.644228333333333,0.391095,0.266186666666667,0.179081666666667,0.130303333333333,0.0966966666666667,0.0806316666666667,0.0529866666666667,0.0480133333333333,0.0411316666666667,0.0293066666666667,0.0279883333333333,0.029165,0.024355,0.0176733333333333,0.0142766666666667,0.0137483333333333,0.00777,0.00975166666666667,0.00940166666666667,0.00911166666666667,0.00957833333333333,0.00870166666666667,0.00642666666666667,0.00782833333333333,0.00703,0.008495,0.00427833333333333,0.006655,0.00487666666666667,0.00627833333333333,0.00472,0.00206833333333333,0.00390166666666667,0.002555,0.00387666666666667,0.00324333333333333,0.00123333333333333,0.00304166666666667,0.00458,0.00130833333333333,0.00292,0.00162333333333333,0.000846666666666667,0.001805,0.00125,0.000346666666666667,0.00254833333333333,0.000451666666666667,0.00132666666666667,0.00142666666666667,0.00153166666666667,0.001645,0.00175833333333333,0.000516666666666667,0,1,0,0,0,0,0,0,1,1,1,1,1,1,1,1,1,1,1,1,1,1,1,1,1,1,1,1,1,1,1,1,1,1,1,1,1,1,1,1,1,1,1,1,1,1,1,1,1,1,1,1,1,1,1,1,1,1,1,1,1,1,1,1,1,1,1,1,1,1,1,1,1,1,1,1,1,1,1,1,0
2026-08-24 15:00:00,53.7565910166667,0,0,0,0,0,0,0.0427983333333333,1.564885,4.763865,6.20246666666667,5.253605,4.38408,4.48188166666667,4.95965333333333,5.70825666666667,5.34112666666667,2.40965833333333,1.50692833333333,1.02316333333333,0.889811666666667,0.846295,0.93062,0.947978333333333,0.746548333333333,0.484725,0.305776666666667,0.203451666666667,0.163158333333333,0.114195,0.09714,0.0694366666666667,0.0498033333333333,0.04942,0.0330633333333333,0.0291166666666667,0.0267266666666667,0.0268,0.017275,0.0172616666666667,0.01387,0.010515,0.009715,0.0139316666666667,0.0102116666666667,0.0110616666666667,0.00835666666666667,0.00542833333333333,0.00574666666666667,0.00830333333333333,0.00818333333333333,0.00590333333333333,0.00376,0.00596333333333333,0.00529833333333333,0.00378833333333333,0.002425,0.00584833333333333,0.00417833333333333,0.00484166666666667,0.00424833333333333,0.00379333333333333,0.00314333333333333,0.00320333333333333,0.003425,0.00234666666666667,0.00248,0.001825,0.00216333333333333,0.001335,0.00280833333333333,0.00229333333333333,0.00099,0.00095,0.00102,0.001095,0.001175,0.001255,0.00037,0,1,0,0,0,0,0,0,1,1,1,1,1,1,1,1,1,1,1,1,1,1,1,1,1,1,1,1,1,1,1,1,1,1,1,1,1,1,1,1,1,1,1,1,1,1,1,1,1,1,1,1,1,1,1,1,1,1,1,1,1,1,1,1,1,1,1,1,1,1,1,1,1,1,1,1,1,1,1,1,0
2026-08-24 16:00:00,55.6324768666667,0,0,0,0,0,0,0.0404166666666667,1.71154,5.305995,6.833655,5.71028833333333,4.86201,4.84985,5.38602,5.81713,4.78805666666667,2.24961833333333,1.47854,0.993411666666667,0.819081666666667,0.806355,0.8292,0.884278333333333,0.682883333333333,0.487495,0.28181,0.2044,0.15887,0.114955,0.0921,0.0702,0.058055,0.0507466666666667,0.0412033333333333,0.04276,0.03436,0.029255,0.0241733333333333,0.0176983333333333,0.01671,0.0145716666666667,0.0149016666666667,0.01446,0.0131283333333333,0.009435,0.010135,0.0112066666666667,0.00909833333333333,0.00967666666666667,0.00910333333333333,0.00505833333333333,0.00496666666666667,0.00826,0.005405,0.00474666666666667,0.003785,0.00326833333333333,0.00292333333333333,0.00386333333333333,0.00442333333333333,0.00360333333333333,0.00205666666666667,0.00281666666666667,0.00169333333333333,0.00165333333333333,0.00078,0.00126666666666667,0.00055,0.00208333333333333,0.000588333333333333,0.00138666666666667,0.00167666666666667,0.00101333333333333,0.00109166666666667,0.00117166666666667,0.00125333333333333,0.001335,0.000398333333333333,0,1,0,0,0,0,0,0,1,1,1,1,1,1,1,1,1,1,1,1,1,1,1,1,1,1,1,1,1,1,1,1,1,1,1,1,1,1,1,1,1,1,1,1,1,1,1,1,1,1,1,1,1,1,1,1,1,1,1,1,1,1,1,1,1,1,1,1,1,1,1,1,1,1,1,1,1,1,1,1,0
2026-08-24 17:00:00,56.1524444833333,0,0,0,0,0,0,0.0423116666666667,1.74787833333333,5.570175,7.002135,5.88711,4.97251833333333,5.142265,5.66708833333333,5.76783,4.25094833333333,2.08147833333333,1.33817666666667,0.894188333333333,0.767065,0.750513333333333,0.791111666666667,0.829375,0.615093333333333,0.412173333333333,0.2539,0.176735,0.149856666666667,0.10688,0.10812,0.070875,0.061245,0.0428416666666667,0.0498966666666667,0.0374966666666667,0.03823,0.03749,0.0290416666666667,0.0237583333333333,0.025385,0.02123,0.0168733333333333,0.0112133333333333,0.0133783333333333,0.0114416666666667,0.0117666666666667,0.00859833333333333,0.00717833333333333,0.00562666666666667,0.00608833333333333,0.006235,0.00797666666666667,0.00619666666666667,0.00499166666666667,0.00303833333333333,0.00548666666666667,0.00636666666666667,0.00415166666666667,0.00496166666666667,0.005355,0.00313,0.00263166666666667,0.00345,0.00184666666666667,0.00365166666666667,0.00156,0.002665,0.000948333333333333,0.000435,0.00266333333333333,0.000973333333333333,0.00159,0.00076,0.000818333333333333,0.000878333333333333,0.00094,0.00100166666666667,0.000298333333333333,0,1,0,0,0,0,0,0,1,1,1,1,1,1,1,1,1,1,1,1,1,1,1,1,1,1,1,1,1,1,1,1,1,1,1,1,1,1,1,1,1,1,1,1,1,1,1,1,1,1,1,1,1,1,1,1,1,1,1,1,1,1,1,1,1,1,1,1,1,1,1,1,1,1,1,1,1,1,1,1,0
2026-08-24 18:00:00,55.2438013859649,0,0,0,0,0,0,0.0354684210526316,1.71373157894737,5.49708245614035,7.02878947368421,5.96487719298246,5.06234561403509,5.15260350877193,5.72484385964912,5.52877894736842,3.99184736842105,1.96457543859649,1.25142456140351,0.823152631578947,0.686333333333333,0.697114035087719,0.735121052631579,0.756326315789474,0.585726315789474,0.387240350877193,0.233852631578947,0.179259649122807,0.147043859649123,0.114647368421053,0.0971070175438596,0.0641771929824561,0.0658298245614035,0.0585719298245614,0.0523210526315789,0.043780701754386,0.0396087719298246,0.0357315789473684,0.0282578947368421,0.0255736842105263,0.0203543859649123,0.0195859649122807,0.0193473684210526,0.0117771929824561,0.0113649122807018,0.0112157894736842,0.0108035087719298,0.0106385964912281,0.014440350877193,0.0078280701754386,0.00633333333333333,0.00575789473684211,0.00393333333333333,0.00538070175438597,0.0054140350877193,0.00416315789473684,0.00512105263157895,0.0043140350877193,0.00441052631578947,0.0067859649122807,0.0034140350877193,0.00489122807017544,0.00139298245614035,0.00219649122807018,0.00263333333333333,0.00251052631578947,0.00186666666666667,0.0014719298245614,0.00132105263157895,0.00175438596491228,0.000436842105263158,0.00174035087719298,0.00118421052631579,0.000931578947368421,0.00100350877192982,0.00107719298245614,0.00115438596491228,0.00123157894736842,0.000364912280701754,0,1,0,0,0,0,0,0,1,1,1,1,1,1,1,1,1,1,1,1,1,1,1,1,1,1,1,1,1,1,1,1,1,1,1,1,1,1,1,1,1,1,1,1,1,1,1,1,1,1,1,1,1,1,1,1,1,1,1,1,1,1,1,1,1,1,1,1,1,1,1,1,1,1,1,1,1,1,1,1,0
2026-08-24 19:00:00,61.1664213,0,0,0,0,0,0,0.0524583333333333,2.026605,6.52020333333333,8.38881,6.94270333333333,5.84317,5.75470833333333,6.41694333333333,5.99846833333333,4.239885,2.13337833333333,1.31749833333333,0.839975,0.71048,0.733538333333333,0.749515,0.793528333333333,0.59922,0.404861666666667,0.250296666666667,0.190606666666667,0.145166666666667,0.103003333333333,0.104545,0.06625,0.07907,0.0607916666666667,0.061945,0.0469133333333333,0.04006,0.036315,0.0352066666666667,0.0296583333333333,0.0255433333333333,0.01927,0.016395,0.0128766666666667,0.0114166666666667,0.0128133333333333,0.00884,0.00772833333333333,0.00745333333333333,0.00808166666666667,0.00477333333333333,0.00798666666666667,0.00546833333333333,0.00742166666666667,0.00715,0.006005,0.002415,0.00329666666666667,0.00506833333333333,0.00265666666666667,0.00434666666666667,0.00336666666666667,0.00419666666666667,0.002575,0.00169333333333333,0.003805,0.002895,0.000973333333333333,0.000418333333333333,0.000416666666666667,0.001245,0,0.000563333333333333,0.000443333333333333,0.000475,0.00051,0.000548333333333333,0.000586666666666667,0.000171666666666667,0,1,0,0,0,0,0,0,1,1,1,1,1,1,1,1,1,1,1,1,1,1,1,1,1,1,1,1,1,1,1,1,1,1,1,1,1,1,1,1,1,1,1,1,1,1,1,1,1,1,1,1,1,1,1,1,1,1,1,1,1,1,1,1,1,1,1,1,1,1,1,1,1,1,1,1,1,1,1,1,0
2026-08-24 20:00:00,74.1653134,0,0,0,0,0,0,0.0863466666666667,2.92570666666667,8.40541,10.81659,8.84849166666667,7.26966833333333,6.91361,7.27373666666667,6.977315,4.79396333333333,2.32024,1.456485,0.921553333333333,0.748183333333333,0.730865,0.76168,0.810901666666667,0.624033333333333,0.413911666666667,0.267961666666667,0.199955,0.168636666666667,0.131441666666667,0.11511,0.09316,0.0865116666666667,0.0745116666666667,0.063305,0.0646366666666667,0.0577866666666667,0.05462,0.0445566666666667,0.0368716666666667,0.0257516666666667,0.0212516666666667,0.020935,0.0212266666666667,0.011705,0.0147333333333333,0.0156816666666667,0.0103333333333333,0.00717833333333333,0.0102116666666667,0.0071,0.00413,0.00754166666666667,0.00760666666666667,0.00501833333333333,0.00616166666666667,0.00555666666666667,0.00352666666666667,0.00309333333333333,0.0018,0.00221166666666667,0.00294,0.00249666666666667,0.00261333333333333,0.000885,0.000423333333333333,0.00225333333333333,0.001825,0.00220333333333333,0.001075,0.000608333333333333,0.00222666666666667,0.00034,0.000253333333333333,0.000273333333333333,0.000293333333333333,0.000313333333333333,0.000333333333333333,0.0001,0,1,0,0,0,0,0,0,1,1,1,1,1,1,1,1,1,1,1,1,1,1,1,1,1,1,1,1,1,1,1,1,1,1,1,1,1,1,1,1,1,1,1,1,1,1,1,1,1,1,1,1,1,1,1,1,1,1,1,1,1,1,1,1,1,1,1,1,1,1,1,1,1,1,1,1,1,1,1,1,0
2026-08-24 21:00:00,81.9200948333333,0,0,0,0,0,0,0.111371666666667,3.31411333333333,9.30701166666667,12.4189816666667,9.82388,8.054545,7.375135,7.74303166666667,7.54075,5.29270166666667,2.487265,1.53898,0.927743333333333,0.783835,0.739911666666667,0.80378,0.827175,0.633103333333333,0.432658333333333,0.282223333333333,0.20769,0.159006666666667,0.138415,0.12566,0.0946266666666667,0.097955,0.068865,0.0629883333333333,0.0601916666666667,0.0518016666666667,0.0509466666666667,0.042475,0.0357733333333333,0.02923,0.0207066666666667,0.0187916666666667,0.01346,0.0106133333333333,0.0189083333333333,0.0117433333333333,0.0139516666666667,0.0131583333333333,0.0126616666666667,0.01054,0.0105866666666667,0.006745,0.00463333333333333,0.00521333333333333,0.0039,0.00405333333333333,0.00272333333333333,0.00283333333333333,0.00231666666666667,0.00324,0.00270166666666667,0.00263166666666667,0.00178833333333333,0.00296333333333333,0.00215,0.000358333333333333,0.00100333333333333,0.00206833333333333,0.0025,0,0.00016,0.000405,0.000443333333333333,0.000478333333333333,0.000513333333333333,0.000548333333333333,0.000583333333333333,0.000175,0,1,0,0,0,0,0,0,1,1,1,1,1,1,1,1,1,1,1,1,1,1,1,1,1,1,1,1,1,1,1,1,1,1,1,1,1,1,1,1,1,1,1,1,1,1,1,1,1,1,1,1,1,1,1,1,1,1,1,1,1,1,1,1,1,1,1,1,1,1,1,1,1,1,1,1,1,1,1,1,0
2026-08-24 22:00:00,80.91727125,0,0,0,0,0,0,0.108918333333333,3.143365,9.13206666666667,12.5519683333333,9.93153666666667,7.946685,7.259145,7.52597,7.39863333333333,5.16283166666667,2.382335,1.50788166666667,0.919233333333333,0.777776666666667,0.709428333333333,0.813403333333333,0.815388333333333,0.661873333333333,0.404638333333333,0.24453,0.20149,0.179921666666667,0.12353,0.12172,0.09935,0.0940283333333333,0.07548,0.0702416666666667,0.0668683333333333,0.0571883333333333,0.0536633333333333,0.04132,0.03479,0.03023,0.025075,0.0209516666666667,0.0172133333333333,0.01538,0.0191216666666667,0.0131916666666667,0.008885,0.00790666666666667,0.00568,0.00855166666666667,0.00805166666666667,0.005835,0.00595,0.00339833333333333,0.00323333333333333,0.00357666666666667,0.00266666666666667,0.00149,0.001515,0.000251666666666667,0.00275,0.00056,0.00261333333333333,0.00127,0.0000383333333333333,0.000283333333333333,0.00139833333333333,0.000398333333333333,0.00191,0.000608333333333333,0.000413333333333333,0.000476666666666667,0.00019,0.000205,0.00022,0.000235,0.00025,0.000075,0,1,0,0,0,0,0,0,1,1,1,1,1,1,1,1,1,1,1,1,1,1,1,1,1,1,1,1,1,1,1,1,1,1,1,1,1,1,1,1,1,1,1,1,1,1,1,1,1,1,1,1,1,1,1,1,1,1,1,1,1,1,1,1,1,1,1,1,1,1,1,1,1,1,1,1,1,1,1,1,0
2026-08-24 23:00:00,84.52984965,0,0,0,0,0,0,0.139828333333333,3.35688666666667,9.67720666666667,13.5924633333333,10.7429883333333,8.57117833333333,7.60687833333333,7.74464666666667,7.44533666666667,5.113855,2.268445,1.42036833333333,0.86705,0.712125,0.681996666666667,0.73288,0.804806666666667,0.588406666666667,0.402863333333333,0.270338333333333,0.208138333333333,0.172946666666667,0.12097,0.112958333333333,0.101258333333333,0.0791066666666667,0.0699816666666667,0.0665166666666667,0.0668566666666667,0.06325,0.0579583333333333,0.0495616666666667,0.0476933333333333,0.0350333333333333,0.0227783333333333,0.01883,0.014485,0.01594,0.0139483333333333,0.0110683333333333,0.0153166666666667,0.0158016666666667,0.0103883333333333,0.007035,0.01009,0.00250666666666667,0.00449166666666667,0.00329166666666667,0.005785,0.002495,0.00344,0.00415166666666667,0.00126166666666667,0.00135833333333333,0.00256,0.001275,0.002125,0.00123166666666667,0.0000383333333333333,0.000705,0.000558333333333333,0.000418333333333333,0.000416666666666667,0,0,0.000065,0.00019,0.000205,0.00022,0.000235,0.00025,0.000075,0,1,0,0,0,0,0,0,1,1,1,1,1,1,1,1,1,1,1,1,1,1,1,1,1,1,1,1,1,1,1,1,1,1,1,1,1,1,1,1,1,1,1,1,1,1,1,1,1,1,1,1,1,1,1,1,1,1,1,1,1,1,1,1,1,1,1,1,1,1,1,1,1,1,1,1,1,1,1,1,0
2026-08-25,82.3964752666667,0,0,0,0,0,0,0.117605,3.05941166666667,9.28884166666667,13.3402966666667,10.8071633333333,8.56146666666667,7.78004666666667,7.91139833333333,7.65649,4.792945,2.10606333333333,1.32702,0.808435,0.642096666666667,0.636125,0.62054,0.689681666666667,0.543848333333333,0.35455,0.255756666666667,0.200381666666667,0.166966666666667,0.122283333333333,0.131195,0.0999,0.095085,0.07649,0.0793133333333333,0.067285,0.0559683333333333,0.0625383333333333,0.0465266666666667,0.0403516666666667,0.031845,0.0213733333333333,0.0196883333333333,0.0188433333333333,0.0169666666666667,0.01461,0.0117683333333333,0.0113466666666667,0.00987833333333333,0.00618,0.00672666666666667,0.00862166666666667,0.00424,0.00569333333333333,0.00343166666666667,0.00340833333333333,0.00355,0.00346833333333333,0.000775,0.00120666666666667,0.00135666666666667,0.000616666666666667,0.00141,0.000101666666666667,0.000423333333333333,0.000346666666666667,0.000358333333333333,0.000558333333333333,0.000816666666666667,0.0000183333333333333,0.000173333333333333,0.00024,0.000065,0.00019,0.000205,0.00022,0.000235,0.00025,0.000075,0,1,0,0,0,0,0,0,1,1,1,1,1,1,1,1,1,1,1,1,1,1,1,1,1,1,1,1,1,1,1,1,1,1,1,1,1,1,1,1,1,1,1,1,1,1,1,1,1,1,1,1,1,1,1,1,1,1,1,1,1,1,1,1,1,1,1,1,1,1,1,1,1,1,1,1,1,1,1,1,0
2026-08-25 01:00:00,120.588212583333,0,0,0,0,0,0,0.228213333333333,5.30293833333333,15.5887633333333,20.95736,16.6887933333333,13.1824316666667,11.8512033333333,11.3965583333333,10.14573,5.078295,2.16466833333333,1.34778666666667,0.836211666666667,0.67253,0.608516666666667,0.62862,0.670755,0.545968333333333,0.374995,0.256651666666667,0.175426666666667,0.152148333333333,0.133321666666667,0.120638333333333,0.1048,0.0899683333333333,0.0715166666666667,0.0799016666666667,0.06362,0.0643083333333333,0.0584116666666667,0.044605,0.0352766666666667,0.0255383333333333,0.025185,0.0205583333333333,0.01678,0.0109316666666667,0.014205,0.00958666666666667,0.0130216666666667,0.00819666666666667,0.00863833333333333,0.00448166666666667,0.00390166666666667,0.00335,0.0049,0.00535333333333333,0.003145,0.00306166666666667,0.00206333333333333,0.00180333333333333,0.00171333333333333,0.000428333333333333,0.00166,0.001325,0.00123666666666667,0.000846666666666667,0.00157666666666667,0.000433333333333333,0.000138333333333333,0,0,0,0,0.000433333333333333,0.0000633333333333333,0.0000683333333333333,0.0000733333333333333,0.0000783333333333333,0.0000833333333333333,0.000025,0,1,0,0,0,0,0,0,1,1,1,1,1,1,1,1,1,1,1,1,1,1,1,1,1,1,1,1,1,1,1,1,1,1,1,1,1,1,1,1,1,1,1,1,1,1,1,1,1,1,1,1,1,1,1,1,1,1,1,1,1,1,1,1,1,1,1,1,1,1,1,1,1,1,1,1,1,1,1,1,0
2026-08-25 02:00:00,111.9023348,0,0,0,0,0,0,0.226521666666667,4.80574833333333,14.2162033333333,19.3709383333333,15.60943,12.2348116666667,11.1114333333333,10.7392883333333,9.89742666666667,4.77661833333333,2.12113166666667,1.27560333333333,0.818755,0.646853333333333,0.607933333333333,0.61159,0.638721666666667,0.556526666666667,0.343923333333333,0.231686666666667,0.17234,0.156923333333333,0.126798333333333,0.110273333333333,0.104666666666667,0.0965083333333333,0.0839633333333333,0.0728633333333333,0.068775,0.0672216666666667,0.0705783333333333,0.05251,0.04319,0.0320733333333333,0.025615,0.01879,0.0238966666666667,0.0126433333333333,0.0103383333333333,0.0105016666666667,0.00896,0.00725166666666667,0.0106916666666667,0.00535166666666667,0.00666333333333333,0.00298666666666667,0.002905,0.00367166666666667,0.00235166666666667,0.00150166666666667,0.00123333333333333,0.001175,0.002095,0.00228833333333333,0.000853333333333333,0.00107166666666667,0.00059,0.0000383333333333333,0.00119166666666667,0.000075,0.000288333333333333,0.00053,0.0000183333333333333,0,0.000413333333333333,0.0000433333333333333,0.000126666666666667,0.000136666666666667,0.000146666666666667,0.000156666666666667,0.000166666666666667,0.00005,0,1,0,0,0,0,0,0,1,1,1,1,1,1,1,1,1,1,1,1,1,1,1,1,1,1,1,1,1,1,1,1,1,1,1,1,1,1,1,1,1,1,1,1,1,1,1,1,1,1,1,1,1,1,1,1,1,1,1,1,1,1,1,1,1,1,1,1,1,1,1,1,1,1,1,1,1,1,1,1,0
2026-08-25 03:00:00,68.8654593,0,0,0,0,0,0,0.09183,2.523885,7.47287166666667,10.2549183333333,8.47918833333333,6.74202166666667,6.509465,6.894015,6.829805,3.7722,1.75162833333333,1.149115,0.721325,0.623958333333333,0.582216666666667,0.600273333333333,0.677136666666667,0.524056666666667,0.364553333333333,0.25572,0.188098333333333,0.176221666666667,0.128631666666667,0.125596666666667,0.119753333333333,0.108308333333333,0.0853316666666667,0.08576,0.0685183333333333,0.066825,0.06433,0.05441,0.0414916666666667,0.0243833333333333,0.0271283333333333,0.0183816666666667,0.017955,0.01628,0.0181583333333333,0.0118483333333333,0.009455,0.00862666666666667,0.01116,0.00858666666666667,0.007265,0.00294,0.0042,0.0048,0.00219333333333333,0.00185666666666667,0.00240833333333333,0.00169333333333333,0.001745,0.001785,0.000616666666666667,0.00141,0.000951666666666667,0,0.00126833333333333,0.000283333333333333,0.00139833333333333,0,0,0.000415,0,0.0000216666666666667,0.0000633333333333333,0.0000683333333333333,0.0000733333333333333,0.0000783333333333333,0.0000833333333333333,0.000025,0,1,0,0,0,0,0,0,1,1,1,1,1,1,1,1,1,1,1,1,1,1,1,1,1,1,1,1,1,1,1,1,1,1,1,1,1,1,1,1,1,1,1,1,1,1,1,1,1,1,1,1,1,1,1,1,1,1,1,1,1,1,1,1,1,1,1,1,1,1,1,1,1,1,1,1,1,1,1,1,0
2026-08-25 04:00:00,58.4054487,0,0,0,0,0,0,0.0856483333333333,2.10663333333333,6.14478833333333,8.44702166666667,6.770705,5.52985833333333,5.36205833333333,5.67818333333333,6.14355666666667,3.688855,1.75800333333333,1.15462833333333,0.763471666666667,0.621525,0.617036666666667,0.616891666666667,0.693711666666667,0.552776666666667,0.396866666666667,0.265255,0.193453333333333,0.182976666666667,0.143168333333333,0.138486666666667,0.11998,0.111993333333333,0.102195,0.0841083333333333,0.087735,0.0818083333333333,0.06949,0.0630883333333333,0.0466733333333333,0.03698,0.03033,0.0239566666666667,0.01869,0.01649,0.0169033333333333,0.01397,0.01177,0.0105266666666667,0.0103883333333333,0.00657166666666667,0.00625333333333333,0.00672,0.005925,0.00683333333333333,0.003215,0.00368,0.0043,0.004095,0.003205,0.00289166666666667,0.00104333333333333,0.000661666666666667,0.00166166666666667,0.000461666666666667,0.00077,0.000358333333333333,0.000558333333333333,0,0.000416666666666667,0.000346666666666667,0.00048,0,0,0,0,0,0,0,0,1,0,0,0,0,0,0,1,1,1,1,1,1,1,1,1,1,1,1,1,1,1,1,1,1,1,1,1,1,1,1,1,1,1,1,1,1,1,1,1,1,1,1,1,1,1,1,1,1,1,1,1,1,1,1,1,1,1,1,1,1,1,1,1,1,1,1,1,1,1,1,1,1,1,1,1,1,1,1,0
2026-08-25 05:00:00,64.3369220166667,0,0,0,0,0,0,0.102153333333333,2.31293,6.83707833333333,9.45003666666667,7.57232666666667,5.98938,5.76342333333333,6.00651166666667,6.45881666666667,3.979145,1.89972666666667,1.243955,0.813738333333333,0.674025,0.67062,0.735576666666667,0.774396666666667,0.608095,0.428025,0.313791666666667,0.231995,0.203453333333333,0.167786666666667,0.174965,0.147443333333333,0.132246666666667,0.11679,0.1168,0.09955,0.103646666666667,0.0755383333333333,0.0593516666666667,0.05378,0.0405116666666667,0.0321833333333333,0.024145,0.0253383333333333,0.01861,0.0226383333333333,0.01807,0.012785,0.0121966666666667,0.01079,0.00746166666666667,0.00728833333333333,0.00710833333333333,0.00631166666666667,0.00303666666666667,0.00274833333333333,0.00193666666666667,0.0041,0.00266666666666667,0.00188833333333333,0.00196166666666667,0.000853333333333333,0.00149833333333333,0.003565,0.00127,0.0000383333333333333,0.000843333333333333,0.00042,0.000398333333333333,0.000851666666666667,0.001245,0,0.000065,0.00019,0.000205,0.00022,0.000235,0.00025,0.000075,0,1,0,0,0,0,0,0,1,1,1,1,1,1,1,1,1,1,1,1,1,1,1,1,1,1,1,1,1,1,1,1,1,1,1,1,1,1,1,1,1,1,1,1,1,1,1,1,1,1,1,1,1,1,1,1,1,1,1,1,1,1,1,1,1,1,1,1,1,1,1,1,1,1,1,1,1,1,1,1,0
2026-08-25 06:00:00,71.1248405283019,0,0,0,0,0,0,0.114752830188679,2.50979245283019,7.46565660377358,10.5199226415094,8.40680188679245,6.69452075471698,6.34754905660377,6.64708113207547,7.04431698113208,4.18078113207547,1.98601886792453,1.27729811320755,0.863367924528302,0.714403773584906,0.718488679245283,0.743488679245283,0.808024528301887,0.657239622641509,0.480084905660377,0.335341509433962,0.253324528301887,0.241988679245283,0.202224528301887,0.189981132075472,0.182464150943396,0.139816981132075,0.138092452830189,0.132409433962264,0.121594339622642,0.103318867924528,0.0942264150943396,0.0794094339622641,0.0718056603773585,0.0557150943396226,0.0528924528301887,0.0347,0.0214415094339623,0.0175094339622642,0.0190679245283019,0.0172811320754717,0.0186698113207547,0.0177037735849057,0.0136867924528302,0.00926037735849057,0.00633584905660377,0.00990188679245283,0.00945660377358491,0.00485283018867924,0.00327924528301887,0.0046811320754717,0.0042188679245283,0.00385849056603774,0.00314528301886792,0.00569245283018868,0.0033811320754717,0.0036188679245283,0.000711320754716981,0,0.00239433962264151,0.00079811320754717,0.000156603773584906,0.000473584905660377,0.00119622641509434,0.000218867924528302,0,0.000564150943396226,0.000286792452830189,0.000309433962264151,0.000332075471698113,0.000354716981132075,0.000377358490566038,0.000113207547169811,0,1,0,0,0,0,0,0,1,1,1,1,1,1,1,1,1,1,1,1,1,1,1,1,1,1,1,1,1,1,1,1,1,1,1,1,1,1,1,1,1,1,1,1,1,1,1,1,1,1,1,1,1,1,1,1,1,1,1,1,1,1,1,1,1,1,1,1,1,1,1,1,1,1,1,1,1,1,1,1,0
2026-08-25 07:00:00,81.9986915666667,0,0,0,0,0,0,0.126191666666667,3.09949833333333,9.14550666666667,12.2912033333333,9.81242,7.91391333333333,7.59841166666667,7.99732833333333,8.31833,4.35943,2.05054833333333,1.32746833333333,0.876906666666667,0.759498333333333,0.746016666666667,0.773663333333333,0.814765,0.696816666666667,0.467606666666667,0.341166666666667,0.277665,0.239211666666667,0.22334,0.207703333333333,0.199223333333333,0.170013333333333,0.148048333333333,0.142671666666667,0.132068333333333,0.119323333333333,0.113293333333333,0.09693,0.067775,0.0584083333333333,0.0421566666666667,0.0404883333333333,0.03017,0.02468,0.0277783333333333,0.02336,0.0229066666666667,0.0194433333333333,0.0164283333333333,0.0133866666666667,0.00955333333333333,0.00799666666666667,0.00907833333333333,0.00762333333333333,0.00453666666666667,0.004035,0.00496166666666667,0.00604166666666667,0.003405,0.00306833333333333,0.004125,0.00324,0.00158,0.00204,0.00218666666666667,0.000705,0.000846666666666667,0.000131666666666667,0,0.00100333333333333,0.00056,0.00180666666666667,0.00019,0.000205,0.00022,0.000235,0.00025,0.000075,0,1,0,0,0,0,0,0,1,1,1,1,1,1,1,1,1,1,1,1,1,1,1,1,1,1,1,1,1,1,1,1,1,1,1,1,1,1,1,1,1,1,1,1,1,1,1,1,1,1,1,1,1,1,1,1,1,1,1,1,1,1,1,1,1,1,1,1,1,1,1,1,1,1,1,1,1,1,1,1,0
2026-08-25 08:00:00,109.4497024,0,0,0,0,0,0,0.21685,4.862325,13.46712,17.651505,13.7649016666667,11.0586816666667,10.4305,10.9216933333333,10.4044166666667,4.64308333333333,2.33190166666667,1.43771,0.901666666666667,0.803648333333333,0.770428333333333,0.766598333333333,0.82807,0.639403333333333,0.478413333333333,0.343308333333333,0.26277,0.249691666666667,0.188043333333333,0.212855,0.167956666666667,0.18567,0.143861666666667,0.157638333333333,0.141613333333333,0.134408333333333,0.11157,0.083175,0.0796183333333333,0.0542283333333333,0.05418,0.0446516666666667,0.0371283333333333,0.0368733333333333,0.029435,0.0308766666666667,0.0184916666666667,0.017885,0.0163833333333333,0.0152116666666667,0.0115583333333333,0.00966166666666667,0.00885666666666667,0.00811,0.00632333333333333,0.00677833333333333,0.00653666666666667,0.00670666666666667,0.00317333333333333,0.00613333333333333,0.00076,0.00212,0.00133833333333333,0.00288666666666667,0.00096,0.000705,0.000846666666666667,0.00136666666666667,0.000851666666666667,0,0.000413333333333333,0.000606666666666667,0.00057,0.000613333333333333,0.000658333333333333,0.000705,0.000751666666666667,0.000223333333333333,0,1,0,0,0,0,0,0,1,1,1,1,1,1,1,1,1,1,1,1,1,1,1,1,1,1,1,1,1,1,1,1,1,1,1,1,1,1,1,1,1,1,1,1,1,1,1,1,1,1,1,1,1,1,1,1,1,1,1,1,1,1,1,1,1,1,1,1,1,1,1,1,1,1,1,1,1,1,1,1,0
2026-08-25 09:00:00,121.3441817,0,0,0,0,0,0,0.32995,7.04147666666667,18.930905,23.1564266666667,16.5302483333333,12.0607266666667,10.3313983333333,9.775585,8.94363333333333,4.02116333333333,1.92198166666667,1.18932666666667,0.797686666666667,0.63296,0.651763333333333,0.684,0.722636666666667,0.551006666666667,0.390726666666667,0.259483333333333,0.239895,0.202481666666667,0.173601666666667,0.187316666666667,0.151876666666667,0.159483333333333,0.144751666666667,0.149308333333333,0.133486666666667,0.122536666666667,0.104013333333333,0.0923516666666667,0.0718016666666667,0.0626283333333333,0.0374683333333333,0.0343966666666667,0.0323383333333333,0.0232483333333333,0.0307283333333333,0.0247333333333333,0.0177633333333333,0.0148916666666667,0.0159683333333333,0.014725,0.0149066666666667,0.0105083333333333,0.00969833333333333,0.007415,0.0111733333333333,0.00423833333333333,0.00639333333333333,0.00659,0.00490833333333333,0.00349666666666667,0.00422,0.00197,0.00182666666666667,0.00254,0.000923333333333333,0.00282,0.000973333333333333,0.001255,0.00189166666666667,0.00161166666666667,0.0004,0.00120666666666667,0.00038,0.000408333333333333,0.000438333333333333,0.00047,0.000501666666666667,0.000148333333333333,0,1,0,0,0,0,0,0,1,1,1,1,1,1,1,1,1,1,1,1,1,1,1,1,1,1,1,1,1,1,1,1,1,1,1,1,1,1,1,1,1,1,1,1,1,1,1,1,1,1,1,1,1,1,1,1,1,1,1,1,1,1,1,1,1,1,1,1,1,1,1,1,1,1,1,1,1,1,1,1,0
2026-08-25 10:00:00,145.24717505,0,0,0,0,0,0,0.390855,9.07988833333333,24.2132583333333,29.1003783333333,20.3717533333333,14.4778316666667,12.0272066666667,11.0010133333333,9.74506,4.63275666666667,2.30284333333333,1.36250666666667,0.889933333333333,0.753965,0.715845,0.754791666666667,0.767371666666667,0.621778333333333,0.411506666666667,0.288353333333333,0.26835,0.1995,0.176288333333333,0.18784,0.146558333333333,0.157646666666667,0.129685,0.12279,0.111338333333333,0.101178333333333,0.08558,0.07401,0.069915,0.054135,0.0443333333333333,0.0340883333333333,0.03477,0.027795,0.024785,0.0257016666666667,0.0221783333333333,0.023245,0.0173116666666667,0.012075,0.0121766666666667,0.0113433333333333,0.00847166666666667,0.00854166666666667,0.00616,0.00770833333333333,0.0037,0.00266333333333333,0.00249166666666667,0.00392166666666667,0.00360333333333333,0.00258333333333333,0.0026,0.00300166666666667,0.00215166666666667,0.00162333333333333,0.00252666666666667,0.00260166666666667,0.00154,0.000995,0.000986666666666667,0.000448333333333333,0.00057,0.000613333333333333,0.000658333333333333,0.000705,0.000751666666666667,0.000223333333333333,0,1,0,0,0,0,0,0,1,1,1,1,1,1,1,1,1,1,1,1,1,1,1,1,1,1,1,1,1,1,1,1,1,1,1,1,1,1,1,1,1,1,1,1,1,1,1,1,1,1,1,1,1,1,1,1,1,1,1,1,1,1,1,1,1,1,1,1,1,1,1,1,1,1,1,1,1,1,1,1,0
2026-08-25 11:00:00,141.328752916667,0,0,0,0,0,0,0.415503333333333,9.18167166666667,24.09763,28.544705,19.7053533333333,13.8768916666667,11.080715,10.0917133333333,9.45772333333333,5.00213,2.15731,1.33297833333333,0.816101666666667,0.712621666666667,0.667813333333333,0.71771,0.765915,0.605656666666667,0.383713333333333,0.262901666666667,0.210523333333333,0.205801666666667,0.15741,0.150078333333333,0.12705,0.125576666666667,0.110676666666667,0.11275,0.115183333333333,0.0927566666666667,0.08291,0.0598816666666667,0.0619383333333333,0.0403016666666667,0.03415,0.0266083333333333,0.0254433333333333,0.0168366666666667,0.0187266666666667,0.0232233333333333,0.018265,0.0191333333333333,0.0145383333333333,0.00792166666666667,0.00858833333333333,0.01055,0.008215,0.00676,0.00577833333333333,0.00495,0.00513333333333333,0.00458333333333333,0.00307166666666667,0.002965,0.00592666666666667,0.00453833333333333,0.00350833333333333,0.00300166666666667,0.00438,0.00241666666666667,0.00280333333333333,0.00136666666666667,0.00213166666666667,0.00121666666666667,0.000573333333333333,0.000643333333333333,0.00114,0.00122666666666667,0.00131666666666667,0.00141,0.00150333333333333,0.000446666666666667,0,1,0,0,0,0,0,0,1,1,1,1,1,1,1,1,1,1,1,1,1,1,1,1,1,1,1,1,1,1,1,1,1,1,1,1,1,1,1,1,1,1,1,1,1,1,1,1,1,1,1,1,1,1,1,1,1,1,1,1,1,1,1,1,1,1,1,1,1,1,1,1,1,1,1,1,1,1,1,1,0
2026-08-25 12:00:00,112.482561083333,0,0,0,0,0,0,0.259551666666667,6.54163833333333,16.8044566666667,20.4383116666667,14.951935,11.0216583333333,9.65803166666667,9.131815,8.755415,4.79533333333333,2.06399166666667,1.25727,0.767986666666667,0.657213333333333,0.636696666666667,0.684165,0.732536666666667,0.53896,0.361388333333333,0.252443333333333,0.209746666666667,0.16876,0.144566666666667,0.145195,0.110013333333333,0.118338333333333,0.0992016666666667,0.086245,0.0919366666666667,0.0723666666666667,0.0708766666666667,0.0513066666666667,0.0447033333333333,0.031725,0.0262966666666667,0.027985,0.0266016666666667,0.01976,0.020795,0.0236116666666667,0.01798,0.0193683333333333,0.014795,0.0122016666666667,0.00913,0.011255,0.012735,0.00928833333333333,0.00887666666666667,0.00443,0.0106383333333333,0.00579333333333333,0.00647166666666667,0.00605833333333333,0.0046,0.00276666666666667,0.00409166666666667,0.001655,0.00337833333333333,0.00120166666666667,0.00268166666666667,0.00280666666666667,0.003455,0.00139,0.000653333333333333,0.00127833333333333,0.00133,0.00143,0.001535,0.001645,0.001755,0.00052,0,1,0,0,0,0,0,0,1,1,1,1,1,1,1,1,1,1,1,1,1,1,1,1,1,1,1,1,1,1,1,1,1,1,1,1,1,1,1,1,1,1,1,1,1,1,1,1,1,1,1,1,1,1,1,1,1,1,1,1,1,1,1,1,1,1,1,1,1,1,1,1,1,1,1,1,1,1,1,1,0
2026-08-25 13:00:00,98.9765487333333,0,0,0,0,0,0,0.200175,5.238995,13.8436533333333,17.319885,12.9097583333333,9.93171166666667,8.82932166666667,8.66477,8.32301833333333,4.61447666666667,2.03199166666667,1.22205666666667,0.747755,0.655033333333333,0.617473333333333,0.653548333333333,0.681206666666667,0.53715,0.373631666666667,0.240006666666667,0.180293333333333,0.164035,0.12917,0.13961,0.10685,0.112128333333333,0.0905533333333333,0.08567,0.0680566666666667,0.0793733333333333,0.06068,0.06634,0.038255,0.0368916666666667,0.0416833333333333,0.030235,0.0269283333333333,0.0220966666666667,0.021325,0.0216433333333333,0.0185083333333333,0.021125,0.0230016666666667,0.01984,0.0142016666666667,0.014285,0.0108733333333333,0.00970333333333333,0.0116266666666667,0.00701333333333333,0.00736833333333333,0.00948166666666667,0.00596666666666667,0.00528333333333333,0.00350833333333333,0.00652333333333333,0.00269666666666667,0.00785166666666667,0.003305,0.00621333333333333,0.003505,0.00480666666666667,0.00319666666666667,0.00161166666666667,0.00164166666666667,0.00324,0.00151666666666667,0.00163333333333333,0.001755,0.00188,0.00200666666666667,0.000595,0,1,0,0,0,0,0,0,1,1,1,1,1,1,1,1,1,1,1,1,1,1,1,1,1,1,1,1,1,1,1,1,1,1,1,1,1,1,1,1,1,1,1,1,1,1,1,1,1,1,1,1,1,1,1,1,1,1,1,1,1,1,1,1,1,1,1,1,1,1,1,1,1,1,1,1,1,1,1,1,0
2026-08-25 14:00:00,96.0703218833333,0,0,0,0,0,0,0.180638333333333,5.22319166666667,13.33064,16.5397733333333,12.2635366666667,9.550435,8.35835,8.33827,8.30249,5.04373833333333,2.03984166666667,1.28245666666667,0.812906666666667,0.64615,0.605805,0.660581666666667,0.716431666666667,0.567445,0.357451666666667,0.241191666666667,0.186775,0.162471666666667,0.13214,0.136908333333333,0.0927833333333333,0.102288333333333,0.0731933333333333,0.0642,0.07544,0.05641,0.0611933333333333,0.05582,0.0465866666666667,0.03618,0.031185,0.0213683333333333,0.025665,0.01588,0.0163566666666667,0.0173533333333333,0.0177866666666667,0.0180833333333333,0.0140783333333333,0.0104416666666667,0.00683333333333333,0.00713166666666667,0.0117966666666667,0.0111016666666667,0.00668333333333333,0.009655,0.00906166666666667,0.00730833333333333,0.00581,0.00324,0.00379333333333333,0.004945,0.00360333333333333,0.003695,0.00353833333333333,0.00263333333333333,0.00265833333333333,0.00383666666666667,0.00111166666666667,0.001785,0.00146666666666667,0.000708333333333333,0.00133,0.00142833333333333,0.00153333333333333,0.001645,0.00175666666666667,0.000518333333333333,0,1,0,0,0,0,0,0,1,1,1,1,1,1,1,1,1,1,1,1,1,1,1,1,1,1,1,1,1,1,1,1,1,1,1,1,1,1,1,1,1,1,1,1,1,1,1,1,1,1,1,1,1,1,1,1,1,1,1,1,1,1,1,1,1,1,1,1,1,1,1,1,1,1,1,1,1,1,1,1,0
2026-08-25 15:00:00,95.1570820166667,0,0,0,0,0,0,0.20479,5.42889666666667,13.7436316666667,16.3494583333333,12.030905,9.12336333333333,8.19110833333333,7.81906333333333,7.91117166666667,5.153445,2.06762833333333,1.261035,0.81154,0.650008333333333,0.62321,0.680303333333333,0.673431666666667,0.531996666666667,0.366106666666667,0.251086666666667,0.176765,0.168221666666667,0.124246666666667,0.134495,0.0932316666666667,0.0899183333333333,0.0846683333333333,0.079175,0.066745,0.0662716666666667,0.0549833333333333,0.04858,0.0438583333333333,0.0334,0.0281266666666667,0.022365,0.0311366666666667,0.0221883333333333,0.0220733333333333,0.0181733333333333,0.0147983333333333,0.0152416666666667,0.0137766666666667,0.0106566666666667,0.0175566666666667,0.00792833333333333,0.006745,0.00819,0.007965,0.00637666666666667,0.00848666666666667,0.006505,0.00551333333333333,0.00289,0.00673333333333333,0.00446833333333333,0.004015,0.00331,0.00411333333333333,0.003115,0.00265833333333333,0.00288833333333333,0.00170333333333333,0.00249,0.000573333333333333,0.00194333333333333,0.00133,0.00143,0.001535,0.001645,0.001755,0.00052,0,1,0,0,0,0,0,0,1,1,1,1,1,1,1,1,1,1,1,1,1,1,1,1,1,1,1,1,1,1,1,1,1,1,1,1,1,1,1,1,1,1,1,1,1,1,1,1,1,1,1,1,1,1,1,1,1,1,1,1,1,1,1,1,1,1,1,1,1,1,1,1,1,1,1,1,1,1,1,1,0
2026-08-25 16:00:00,88.9737420166667,0,0,0,0,0,0,0.167396666666667,4.77324666666667,12.1514066666667,14.8989966666667,11.11343,8.65193333333333,7.69178,7.49707833333333,7.345185,4.89561833333333,1.98270833333333,1.19992666666667,0.763136666666667,0.650995,0.605541666666667,0.626125,0.668678333333333,0.520655,0.341641666666667,0.236268333333333,0.174043333333333,0.162153333333333,0.123546666666667,0.12912,0.102915,0.113768333333333,0.0861783333333333,0.0787466666666667,0.0679766666666667,0.067925,0.0621883333333333,0.055815,0.045685,0.03061,0.029315,0.01942,0.0229716666666667,0.0197583333333333,0.0137516666666667,0.022625,0.0161883333333333,0.0157433333333333,0.01357,0.0131966666666667,0.014035,0.012625,0.00828333333333333,0.00892833333333333,0.0107316666666667,0.00475166666666667,0.00665333333333333,0.00705333333333333,0.00221833333333333,0.00495166666666667,0.00379166666666667,0.00442,0.00358833333333333,0.00458,0.00292333333333333,0.00290666666666667,0.00226333333333333,0.00216,0.00212,0.00166,0.0014,0.00135833333333333,0.000823333333333333,0.000885,0.00095,0.00101833333333333,0.00108666666666667,0.000321666666666667,0,1,0,0,0,0,0,0,1,1,1,1,1,1,1,1,1,1,1,1,1,1,1,1,1,1,1,1,1,1,1,1,1,1,1,1,1,1,1,1,1,1,1,1,1,1,1,1,1,1,1,1,1,1,1,1,1,1,1,1,1,1,1,1,1,1,1,1,1,1,1,1,1,1,1,1,1,1,1,1,0
2026-08-25 17:00:00,103.4387561,0,0,0,0,0,0,0.178403333333333,5.40785,14.7765183333333,18.2868616666667,13.7625033333333,10.8559183333333,9.399575,9.13051833333333,7.72410666666667,4.40807666666667,1.92944,1.17070666666667,0.69094,0.618058333333333,0.605465,0.640506666666667,0.668075,0.483298333333333,0.340308333333333,0.261141666666667,0.196465,0.196563333333333,0.147278333333333,0.16418,0.116248333333333,0.11614,0.0940683333333333,0.09748,0.0930766666666667,0.0901183333333333,0.0783433333333333,0.0687166666666667,0.0604466666666667,0.0485566666666667,0.0392933333333333,0.0294916666666667,0.0395716666666667,0.0263583333333333,0.024775,0.0291266666666667,0.02319,0.0234866666666667,0.0220333333333333,0.0189316666666667,0.0181033333333333,0.0167483333333333,0.0138633333333333,0.0131866666666667,0.0152883333333333,0.00904333333333333,0.01055,0.00765333333333333,0.005225,0.00638833333333333,0.00943333333333333,0.00442833333333333,0.00518833333333333,0.00338666666666667,0.00411166666666667,0.00177333333333333,0.00181833333333333,0.00249,0.00190833333333333,0.00285666666666667,0.00129333333333333,0.00220333333333333,0.001075,0.00115833333333333,0.00124333333333333,0.00133166666666667,0.00142,0.000421666666666667,0,1,0,0,0,0,0,0,1,1,1,1,1,1,1,1,1,1,1,1,1,1,1,1,1,1,1,1,1,1,1,1,1,1,1,1,1,1,1,1,1,1,1,1,1,1,1,1,1,1,1,1,1,1,1,1,1,1,1,1,1,1,1,1,1,1,1,1,1,1,1,1,1,1,1,1,1,1,1,1,0
2026-08-25 18:00:00,100.097567583333,0,0,0,0,0,0,0.162006666666667,5.36643,14.2590616666667,17.5742466666667,13.3706033333333,10.43581,9.15776333333333,9.1876,7.42106833333333,4.04808166666667,1.81214666666667,1.02018166666667,0.664333333333333,0.600638333333333,0.58501,0.637705,0.623236666666667,0.490771666666667,0.31271,0.240623333333333,0.210163333333333,0.19085,0.152121666666667,0.173236666666667,0.112838333333333,0.139615,0.107971666666667,0.106805,0.0955916666666667,0.08869,0.07799,0.0736616666666667,0.066125,0.0427333333333333,0.0426933333333333,0.0367033333333333,0.0338633333333333,0.02104,0.0212266666666667,0.0206366666666667,0.0231366666666667,0.0178483333333333,0.0198183333333333,0.017535,0.0164316666666667,0.0104333333333333,0.0135933333333333,0.01067,0.00803,0.00559,0.00705333333333333,0.00587333333333333,0.00668166666666667,0.00893333333333333,0.00526166666666667,0.004435,0.006825,0.00327166666666667,0.00334166666666667,0.002195,0.00265833333333333,0.000816666666666667,0.001715,0.002395,0.00105333333333333,0.00159666666666667,0.00152,0.00163333333333333,0.00175333333333333,0.00188,0.00200666666666667,0.000593333333333333,0,1,0,0,0,0,0,0,1,1,1,1,1,1,1,1,1,1,1,1,1,1,1,1,1,1,1,1,1,1,1,1,1,1,1,1,1,1,1,1,1,1,1,1,1,1,1,1,1,1,1,1,1,1,1,1,1,1,1,1,1,1,1,1,1,1,1,1,1,1,1,1,1,1,1,1,1,1,1,1,0
2026-08-25 19:00:00,105.2744362,0,0,0,0,0,0,0.18414,5.76872333333333,15.5216833333333,18.504345,13.845895,11.0392883333333,9.83919166666667,10.1316933333333,7.59724833333333,3.722855,1.895725,1.13116833333333,0.776111666666667,0.654253333333333,0.618011666666667,0.669143333333333,0.689991666666667,0.505795,0.357333333333333,0.25174,0.231558333333333,0.218826666666667,0.1662,0.199798333333333,0.128705,0.170398333333333,0.13592,0.128421666666667,0.112713333333333,0.0986,0.102118333333333,0.07726,0.0720433333333333,0.063485,0.0379,0.03543,0.0324583333333333,0.0252116666666667,0.0269683333333333,0.02386,0.020035,0.0106183333333333,0.0149533333333333,0.012445,0.0118133333333333,0.0126033333333333,0.00951166666666667,0.0107333333333333,0.00768666666666667,0.0115016666666667,0.005875,0.00619333333333333,0.006095,0.00621666666666667,0.00403,0.00290666666666667,0.003165,0.00211666666666667,0.00411,0.00276166666666667,0.00225166666666667,0.00108,0.00149166666666667,0.00137,0.00213333333333333,0.00186333333333333,0.000633333333333333,0.000683333333333333,0.000733333333333333,0.000783333333333333,0.000833333333333333,0.00025,0,1,0,0,0,0,0,0,1,1,1,1,1,1,1,1,1,1,1,1,1,1,1,1,1,1,1,1,1,1,1,1,1,1,1,1,1,1,1,1,1,1,1,1,1,1,1,1,1,1,1,1,1,1,1,1,1,1,1,1,1,1,1,1,1,1,1,1,1,1,1,1,1,1,1,1,1,1,1,1,0
2026-08-25 20:00:00,120.111374633333,0,0,0,0,0,0,0.19319,6.33412333333333,17.4922566666667,20.996225,15.5588333333333,12.3841766666667,11.1512416666667,11.401095,9.22406833333333,4.04897333333333,2.132095,1.25944833333333,0.89545,0.715128333333333,0.705678333333333,0.792051666666667,0.782255,0.566348333333333,0.426643333333333,0.292803333333333,0.283731666666667,0.267883333333333,0.195276666666667,0.24003,0.164628333333333,0.179938333333333,0.155225,0.150091666666667,0.143151666666667,0.127411666666667,0.11814,0.0872316666666667,0.0705433333333333,0.062535,0.0565966666666667,0.0434466666666667,0.0364966666666667,0.02667,0.025955,0.0196166666666667,0.0239333333333333,0.0173983333333333,0.0176016666666667,0.0209616666666667,0.0154133333333333,0.00966166666666667,0.0118166666666667,0.00797333333333333,0.007235,0.01094,0.00765666666666667,0.00523833333333333,0.00429333333333333,0.00442166666666667,0.00360333333333333,0.00215833333333333,0.00144,0.002925,0.001765,0.00338,0.001255,0.00123666666666667,0.001685,0.00141833333333333,0.00148,0.001495,0.00076,0.000816666666666667,0.000876666666666667,0.00094,0.00100333333333333,0.000296666666666667,0,1,0,0,0,0,0,0,1,1,1,1,1,1,1,1,1,1,1,1,1,1,1,1,1,1,1,1,1,1,1,1,1,1,1,1,1,1,1,1,1,1,1,1,1,1,1,1,1,1,1,1,1,1,1,1,1,1,1,1,1,1,1,1,1,1,1,1,1,1,1,1,1,1,1,1,1,1,1,1,0
2026-08-25 21:00:00,130.758284933333,0,0,0,0,0,0,0.207806666666667,6.86496,18.8620783333333,23.0208516666667,17.1933966666667,13.4351516666667,12.13014,12.2222333333333,10.565495,4.40122833333333,2.211785,1.32457666666667,0.877546666666667,0.774438333333333,0.735428333333333,0.803388333333333,0.768955,0.608535,0.439551666666667,0.325575,0.305165,0.276255,0.219071666666667,0.232821666666667,0.17766,0.201063333333333,0.165025,0.163835,0.158243333333333,0.121718333333333,0.115878333333333,0.098175,0.08987,0.0730683333333333,0.053495,0.03867,0.03934,0.030965,0.0309733333333333,0.024245,0.0293633333333333,0.02258,0.0193733333333333,0.0184633333333333,0.0110433333333333,0.009635,0.014225,0.00880333333333333,0.00622333333333333,0.00722666666666667,0.00516,0.00446833333333333,0.00515166666666667,0.00485666666666667,0.00507333333333333,0.00399333333333333,0.00235333333333333,0.00589,0.00130666666666667,0.00106333333333333,0.00195666666666667,0.00165333333333333,0.00149166666666667,0.000608333333333333,0.000573333333333333,0.000535,0.000823333333333333,0.000885,0.00095,0.00101833333333333,0.00108666666666667,0.000321666666666667,0,1,0,0,0,0,0,0,1,1,1,1,1,1,1,1,1,1,1,1,1,1,1,1,1,1,1,1,1,1,1,1,1,1,1,1,1,1,1,1,1,1,1,1,1,1,1,1,1,1,1,1,1,1,1,1,1,1,1,1,1,1,1,1,1,1,1,1,1,1,1,1,1,1,1,1,1,1,1,1,0
2026-08-25 22:00:00,139.95614785,0,0,0,0,0,0,0.21772,7.31574333333333,20.110835,24.6278816666667,18.1781433333333,14.2711216666667,12.7971766666667,12.576335,11.3568316666667,4.98957833333333,2.52087833333333,1.50399,1.01125,0.877998333333333,0.810246666666667,0.878863333333333,0.862921666666667,0.670325,0.472853333333333,0.344431666666667,0.293223333333333,0.274161666666667,0.234846666666667,0.24367,0.165848333333333,0.188035,0.153406666666667,0.134846666666667,0.13896,0.127225,0.117728333333333,0.0893716666666667,0.07347,0.060335,0.0460766666666667,0.0455966666666667,0.03376,0.0275366666666667,0.0282683333333333,0.020045,0.0197216666666667,0.0209433333333333,0.0156133333333333,0.0156983333333333,0.0163683333333333,0.0117116666666667,0.01021,0.00784333333333333,0.007335,0.00432833333333333,0.006425,0.00272,0.00423666666666667,0.00314333333333333,0.00445666666666667,0.004285,0.00178833333333333,0.00134666666666667,0.00445666666666667,0.003045,0.00252166666666667,0.00053,0.00107666666666667,0.000366666666666667,0.000813333333333333,0.000318333333333333,0.00019,0.000205,0.00022,0.000235,0.00025,0.000075,0,1,0,0,0,0,0,0,1,1,1,1,1,1,1,1,1,1,1,1,1,1,1,1,1,1,1,1,1,1,1,1,1,1,1,1,1,1,1,1,1,1,1,1,1,1,1,1,1,1,1,1,1,1,1,1,1,1,1,1,1,1,1,1,1,1,1,1,1,1,1,1,1,1,1,1,1,1,1,1,0
2026-08-25 23:00:00,157.676450566667,0,0,0,0,0,0,0.256715,8.26728833333333,22.9427666666667,27.873945,20.5862083333333,16.21152,14.7239966666667,14.8261966666667,12.98874,5.75106666666667,3.02312833333333,1.788235,1.168005,0.944335,0.892076666666667,0.932458333333333,0.924326666666667,0.673188333333333,0.498865,0.325926666666667,0.285081666666667,0.258885,0.208531666666667,0.197601666666667,0.164708333333333,0.166098333333333,0.133988333333333,0.127351666666667,0.129871666666667,0.122766666666667,0.110935,0.0783533333333333,0.070765,0.0448633333333333,0.042545,0.0304083333333333,0.0271683333333333,0.02906,0.0257666666666667,0.022665,0.0208916666666667,0.0201483333333333,0.0128633333333333,0.0157933333333333,0.0103266666666667,0.0125533333333333,0.0137866666666667,0.0118333333333333,0.0117783333333333,0.00983333333333333,0.00200666666666667,0.00587166666666667,0.005205,0.004425,0.00379333333333333,0.00334666666666667,0.00222666666666667,0.004965,0.0025,0.00156,0.000985,0.001745,0.00214,0.000415,0.00016,0.00109833333333333,0.0000633333333333333,0.0000683333333333333,0.0000733333333333333,0.0000783333333333333,0.0000833333333333333,0.000025,0,1,0,0,0,0,0,0,1,1,1,1,1,1,1,1,1,1,1,1,1,1,1,1,1,1,1,1,1,1,1,1,1,1,1,1,1,1,1,1,1,1,1,1,1,1,1,1,1,1,1,1,1,1,1,1,1,1,1,1,1,1,1,1,1,1,1,1,1,1,1,1,1,1,1,1,1,1,1,1,0
2026-08-26,178.11843565,0,0,0,0,0,0,0.267051666666667,9.06353,26.2906783333333,32.1645716666667,23.81339,18.3652916666667,16.8343666666667,17.2309866666667,15.2562533333333,5.79316,3.136005,1.832665,1.20039833333333,0.972796666666667,0.954436666666667,1.02505833333333,0.976561666666667,0.738886666666667,0.494156666666667,0.352338333333333,0.269665,0.267106666666667,0.189515,0.23179,0.159056666666667,0.179225,0.136243333333333,0.131493333333333,0.1394,0.10368,0.0951283333333333,0.0820183333333333,0.074635,0.0608816666666667,0.0420316666666667,0.0354883333333333,0.0291166666666667,0.02493,0.0264066666666667,0.024015,0.0184116666666667,0.0182816666666667,0.015835,0.0199666666666667,0.0106783333333333,0.0117333333333333,0.0108533333333333,0.00849833333333333,0.00888333333333333,0.00738666666666667,0.006565,0.00387,0.00403833333333333,0.002965,0.00294,0.00292166666666667,0.00176333333333333,0.00377166666666667,0.00119166666666667,0.000571666666666667,0.00126,0.00207166666666667,0.00190833333333333,0.000193333333333333,0.000573333333333333,0.000751666666666667,0.000253333333333333,0.000273333333333333,0.000293333333333333,0.000313333333333333,0.000333333333333333,0.0001,0,1,0,0,0,0,0,0,1,1,1,1,1,1,1,1,1,1,1,1,1,1,1,1,1,1,1,1,1,1,1,1,1,1,1,1,1,1,1,1,1,1,1,1,1,1,1,1,1,1,1,1,1,1,1,1,1,1,1,1,1,1,1,1,1,1,1,1,1,1,1,1,1,1,1,1,1,1,1,1,0
2026-08-26 01:00:00,188.679111433333,0,0,0,0,0,0,0.257703333333333,8.94823166666667,26.7888983333333,33.983595,25.4847483333333,19.7962933333333,17.9910666666667,18.4477783333333,16.579935,5.52511,3.00890333333333,1.70233666666667,1.10804,0.946828333333333,0.921516666666667,1.01656166666667,1.02392333333333,0.69566,0.513666666666667,0.33651,0.297525,0.297823333333333,0.249716666666667,0.267161666666667,0.190036666666667,0.225808333333333,0.177901666666667,0.163111666666667,0.14662,0.14318,0.120385,0.106543333333333,0.08202,0.064555,0.0509066666666667,0.0436033333333333,0.03787,0.035665,0.027745,0.0248166666666667,0.0258683333333333,0.0243483333333333,0.0172616666666667,0.0125316666666667,0.0132183333333333,0.009595,0.00991666666666667,0.01367,0.0107316666666667,0.00604333333333333,0.00665166666666667,0.00727,0.00534666666666667,0.00289166666666667,0.00635166666666667,0.00292166666666667,0.00211166666666667,0.00173166666666667,0.00322666666666667,0.00178,0.00168166666666667,0.00136666666666667,0.000465,0.000801666666666667,0,0.000563333333333333,0.000443333333333333,0.000476666666666667,0.000511666666666667,0.000548333333333333,0.000585,0.000173333333333333,0,1,0,0,0,0,0,0,1,1,1,1,1,1,1,1,1,1,1,1,1,1,1,1,1,1,1,1,1,1,1,1,1,1,1,1,1,1,1,1,1,1,1,1,1,1,1,1,1,1,1,1,1,1,1,1,1,1,1,1,1,1,1,1,1,1,1,1,1,1,1,1,1,1,1,1,1,1,1,1,0
2026-08-26 02:00:00,188.241415616667,0,0,0,0,0,0,0.247756666666667,8.46054,25.5123633333333,32.9896216666667,25.7011116666667,20.24426,18.6247266666667,19.01189,17.9008383333333,5.52274166666667,2.97148833333333,1.68650666666667,1.06532166666667,0.963703333333333,0.915318333333333,0.98147,1.04531833333333,0.723116666666667,0.516916666666667,0.367681666666667,0.315608333333333,0.345913333333333,0.295475,0.293851666666667,0.242975,0.252663333333333,0.225263333333333,0.19904,0.199201666666667,0.184443333333333,0.151896666666667,0.125308333333333,0.0948083333333333,0.0632516666666667,0.06129,0.044245,0.0313983333333333,0.030215,0.0312716666666667,0.0276033333333333,0.0252266666666667,0.0243116666666667,0.0233266666666667,0.0170133333333333,0.0153783333333333,0.0117316666666667,0.00947333333333333,0.00848,0.00629833333333333,0.00234,0.00395666666666667,0.00458833333333333,0.00288,0.00434833333333333,0.00289333333333333,0.00212,0.00265166666666667,0.000385,0.000806666666666667,0.002045,0.001555,0.002695,0.000715,0.000781666666666667,0.000653333333333333,0.000498333333333333,0.000253333333333333,0.000271666666666667,0.000291666666666667,0.000313333333333333,0.000335,0.0000983333333333333,0,1,0,0,0,0,0,0,1,1,1,1,1,1,1,1,1,1,1,1,1,1,1,1,1,1,1,1,1,1,1,1,1,1,1,1,1,1,1,1,1,1,1,1,1,1,1,1,1,1,1,1,1,1,1,1,1,1,1,1,1,1,1,1,1,1,1,1,1,1,1,1,1,1,1,1,1,1,1,1,0
2026-08-26 03:00:00,193.382545283333,0,0,0,0,0,0,0.251286666666667,8.5712,24.901715,31.603935,25.4153433333333,20.615225,19.5370583333333,20.233145,20.11175,6.24015,3.28753666666667,1.87778666666667,1.18610833333333,1.03494333333333,1.040015,1.111065,1.13961333333333,0.818433333333333,0.613433333333333,0.437798333333333,0.417391666666667,0.427578333333333,0.38617,0.376203333333333,0.31433,0.349823333333333,0.280365,0.264035,0.241251666666667,0.225526666666667,0.190173333333333,0.154608333333333,0.132705,0.083845,0.0769,0.0580766666666667,0.058065,0.04276,0.0490266666666667,0.0381283333333333,0.0312983333333333,0.0223083333333333,0.0180233333333333,0.01173,0.00945666666666667,0.0129633333333333,0.00928833333333333,0.00782,0.007835,0.006955,0.00390166666666667,0.00240333333333333,0.00352333333333333,0.002465,0.00104333333333333,0.00226,0.001725,0.00173166666666667,0.0015,0.00135166666666667,0.000978333333333333,0.000796666666666667,0.000453333333333333,0.00083,0.000413333333333333,0.000108333333333333,0.000316666666666667,0.000341666666666667,0.000366666666666667,0.000391666666666667,0.000416666666666667,0.000125,0,1,0,0,0,0,0,0,1,1,1,1,1,1,1,1,1,1,1,1,1,1,1,1,1,1,1,1,1,1,1,1,1,1,1,1,1,1,1,1,1,1,1,1,1,1,1,1,1,1,1,1,1,1,1,1,1,1,1,1,1,1,1,1,1,1,1,1,1,1,1,1,1,1,1,1,1,1,1,1,0
2026-08-26 04:00:00,220.282923683333,0,0,0,0,0,0,0.244853333333333,8.52429833333333,25.7777566666667,34.0995783333333,28.2145783333333,23.4843166666667,23.09406,24.3634783333333,24.8631383333333,7.55601166666667,4.031585,2.202515,1.44482833333333,1.26402166666667,1.17678833333333,1.281905,1.32533333333333,0.930775,0.72808,0.523901666666667,0.507793333333333,0.518488333333333,0.440976666666667,0.45299,0.377331666666667,0.369653333333333,0.32743,0.322855,0.294053333333333,0.260576666666667,0.215141666666667,0.160936666666667,0.135553333333333,0.0968216666666667,0.0724383333333333,0.053955,0.05763,0.048675,0.03232,0.033665,0.0330366666666667,0.0306583333333333,0.018605,0.0142916666666667,0.0136266666666667,0.01169,0.00985833333333333,0.00657833333333333,0.00670833333333333,0.00575,0.00441833333333333,0.00249333333333333,0.00248166666666667,0.000681666666666667,0.00417166666666667,0.00297,0.000951666666666667,0.00123166666666667,0.000881666666666667,0,0.000996666666666667,0.0011,0.000446666666666667,0.000386666666666667,0,0.000455,0.000126666666666667,0.000136666666666667,0.000146666666666667,0.000156666666666667,0.000166666666666667,0.00005,0,1,0,0,0,0,0,0,1,1,1,1,1,1,1,1,1,1,1,1,1,1,1,1,1,1,1,1,1,1,1,1,1,1,1,1,1,1,1,1,1,1,1,1,1,1,1,1,1,1,1,1,1,1,1,1,1,1,1,1,1,1,1,1,1,1,1,1,1,1,1,1,1,1,1,1,1,1,1,1,0
2026-08-26 05:00:00,249.925463666667,0,0,0,0,0,0,0.262661666666667,9.00298666666667,27.400815,37.107455,31.8188916666667,27.231195,27.4203183333333,29.0528166666667,29.8193816666667,8.8392,4.618895,2.52864166666667,1.65907,1.37891,1.34332166666667,1.437155,1.50289333333333,1.01507166666667,0.770383333333333,0.5792,0.546566666666667,0.522116666666667,0.469973333333333,0.504225,0.433978333333333,0.421685,0.342808333333333,0.328858333333333,0.31064,0.282678333333333,0.232126666666667,0.165966666666667,0.129268333333333,0.0969866666666667,0.0791266666666667,0.064815,0.0481233333333333,0.05165,0.0365133333333333,0.0358016666666667,0.0246116666666667,0.0250383333333333,0.0204283333333333,0.0154766666666667,0.0198733333333333,0.012505,0.009145,0.00556333333333333,0.0059,0.00819833333333333,0.00622166666666667,0.00490166666666667,0.00428333333333333,0.00502833333333333,0.00128,0.001395,0.00150333333333333,0.001655,0.00096,0.00225333333333333,0.000565,0.00136666666666667,0.00149166666666667,0.000193333333333333,0.000413333333333333,0.00132166666666667,0.000253333333333333,0.000271666666666667,0.000291666666666667,0.000313333333333333,0.000335,0.0000983333333333333,0,1,0,0,0,0,0,0,1,1,1,1,1,1,1,1,1,1,1,1,1,1,1,1,1,1,1,1,1,1,1,1,1,1,1,1,1,1,1,1,1,1,1,1,1,1,1,1,1,1,1,1,1,1,1,1,1,1,1,1,1,1,1,1,1,1,1,1,1,1,1,1,1,1,1,1,1,1,1,1,0
2026-08-26 06:00:00,255.780363483333,0,0,0,0,0,0,0.271285,9.41410833333333,28.1789116666667,37.9413416666667,31.9165383333333,27.5385383333333,27.4119933333333,29.1376133333333,30.3890483333333,9.384375,5.04750333333333,2.77388,1.84122166666667,1.54711,1.47003166666667,1.54885166666667,1.63911166666667,1.07301,0.804063333333333,0.576728333333333,0.554456666666667,0.529186666666667,0.467878333333333,0.464045,0.418013333333333,0.416765,0.347561666666667,0.323953333333333,0.282053333333333,0.254601666666667,0.218056666666667,0.195668333333333,0.130673333333333,0.0803266666666667,0.0739966666666667,0.059555,0.0570966666666667,0.0445066666666667,0.04608,0.0353033333333333,0.0252666666666667,0.0298616666666667,0.02003,0.01715,0.0114966666666667,0.0112766666666667,0.0105833333333333,0.0119483333333333,0.00726666666666667,0.00432833333333333,0.00556333333333333,0.00401,0.00671,0.00281833333333333,0.00336666666666667,0.00561166666666667,0.00328666666666667,0.00207833333333333,0.00530333333333333,0.00171,0.000276666666666667,0.000418333333333333,0.000833333333333333,0.00117666666666667,0.00130666666666667,0.000476666666666667,0.00019,0.000205,0.00022,0.000235,0.00025,0.000075,0,1,0,0,0,0,0,0,1,1,1,1,1,1,1,1,1,1,1,1,1,1,1,1,1,1,1,1,1,1,1,1,1,1,1,1,1,1,1,1,1,1,1,1,1,1,1,1,1,1,1,1,1,1,1,1,1,1,1,1,1,1,1,1,1,1,1,1,1,1,1,1,1,1,1,1,1,1,1,1,0
2026-08-26 07:00:00,289.26364925,0,0,0,0,0,0,0.32423,10.5789666666667,31.68513,42.7597316666667,36.2559266666667,31.1160483333333,30.9284766666667,32.43838,34.74351,10.7601066666667,5.855025,3.22666166666667,2.125045,1.80099333333333,1.68188166666667,1.80884333333333,1.831895,1.16559666666667,0.849771666666667,0.609551666666667,0.585915,0.515076666666667,0.471781666666667,0.430848333333333,0.409075,0.373013333333333,0.314548333333333,0.297785,0.295926666666667,0.21972,0.204135,0.17418,0.108025,0.0949666666666667,0.0712466666666667,0.0578116666666667,0.05805,0.03641,0.0320366666666667,0.0301833333333333,0.024195,0.024805,0.02107,0.0134783333333333,0.0143833333333333,0.0104566666666667,0.0110016666666667,0.00901333333333333,0.00824666666666667,0.00754666666666667,0.00608,0.00724666666666667,0.00314166666666667,0.00306833333333333,0.00251333333333333,0.00174833333333333,0.001585,0.00300333333333333,0.00211333333333333,0.00190666666666667,0.001405,0.00053,0.000241666666666667,0.00202666666666667,0.000813333333333333,0.00073,0.00019,0.000205,0.00022,0.000235,0.00025,0.000075,0,1,0,0,0,0,0,0,1,1,1,1,1,1,1,1,1,1,1,1,1,1,1,1,1,1,1,1,1,1,1,1,1,1,1,1,1,1,1,1,1,1,1,1,1,1,1,1,1,1,1,1,1,1,1,1,1,1,1,1,1,1,1,1,1,1,1,1,1,1,1,1,1,1,1,1,1,1,1,1,0
2026-08-26 08:00:00,372.32811075,0,0,0,0,0,0,0.35019,13.0338016666667,39.5933666666667,53.6776433333333,47.0579183333333,40.8046983333333,41.3490666666667,44.2796466666667,45.1089916666667,13.8934166666667,7.92773333333333,4.24307333333333,2.82679833333333,2.35870666666667,2.203985,2.33387833333333,2.35120833333333,1.42441,1.06337666666667,0.714478333333333,0.615066666666667,0.598055,0.492301666666667,0.483268333333333,0.412728333333333,0.35312,0.298776666666667,0.306135,0.267261666666667,0.248415,0.197801666666667,0.169733333333333,0.121768333333333,0.0996266666666667,0.074095,0.056695,0.0499266666666667,0.04282,0.0441983333333333,0.0354333333333333,0.02475,0.0243333333333333,0.01982,0.0181683333333333,0.0125666666666667,0.01173,0.0117383333333333,0.00830166666666667,0.00851166666666667,0.00554,0.00748333333333333,0.00469833333333333,0.00484,0.00382,0.00498,0.00419166666666667,0.003565,0.00161666666666667,0.00157666666666667,0.00205666666666667,0.002245,0.00218333333333333,0.00109333333333333,0.000366666666666667,0.00024,0.00052,0.000316666666666667,0.000341666666666667,0.000366666666666667,0.000391666666666667,0.000416666666666667,0.000125,0,1,0,0,0,0,0,0,1,1,1,1,1,1,1,1,1,1,1,1,1,1,1,1,1,1,1,1,1,1,1,1,1,1,1,1,1,1,1,1,1,1,1,1,1,1,1,1,1,1,1,1,1,1,1,1,1,1,1,1,1,1,1,1,1,1,1,1,1,1,1,1,1,1,1,1,1,1,1,1,0
2026-08-26 09:00:00,348.12847595,0,0,0,0,0,0,0.394833333333333,13.5092433333333,40.2223583333333,52.99946,44.7833316666667,38.2201266666667,37.7486166666667,39.9753333333333,38.81024,12.1319733333333,7.078585,3.92375333333333,2.582315,2.18673166666667,2.100265,2.231815,2.27064833333333,1.40263833333333,0.964726666666667,0.657515,0.524668333333333,0.521965,0.422591666666667,0.363758333333333,0.303256666666667,0.280025,0.250996666666667,0.21502,0.212978333333333,0.180058333333333,0.1611,0.129246666666667,0.0997816666666667,0.07092,0.059325,0.0440583333333333,0.049775,0.0313733333333333,0.0342233333333333,0.0287183333333333,0.0299883333333333,0.0242833333333333,0.024515,0.0182183333333333,0.0166366666666667,0.013445,0.0140533333333333,0.0137716666666667,0.0103283333333333,0.00671333333333333,0.00751333333333333,0.00836333333333333,0.00477666666666667,0.00442833333333333,0.00549833333333333,0.00186833333333333,0.004015,0.00423333333333333,0.003115,0.00515833333333333,0.00266333333333333,0.001805,0.000863333333333333,0.000975,0.00164,0.00224666666666667,0.00101333333333333,0.00109166666666667,0.00117166666666667,0.00125333333333333,0.001335,0.000398333333333333,0,1,0,0,0,0,0,0,1,1,1,1,1,1,1,1,1,1,1,1,1,1,1,1,1,1,1,1,1,1,1,1,1,1,1,1,1,1,1,1,1,1,1,1,1,1,1,1,1,1,1,1,1,1,1,1,1,1,1,1,1,1,1,1,1,1,1,1,1,1,1,1,1,1,1,1,1,1,1,1,0
2026-08-26 10:00:00,256.167424483333,0,0,0,0,0,0,0.30958,10.945815,32.416975,42.901525,34.2415,27.8919583333333,26.05783,27.537985,23.98108,8.05212333333333,4.638635,2.69713,1.81969166666667,1.59158166666667,1.55726333333333,1.66747833333333,1.69414166666667,1.05604333333333,0.770778333333333,0.506143333333333,0.430795,0.338926666666667,0.266026666666667,0.256903333333333,0.181693333333333,0.169393333333333,0.123076666666667,0.120958333333333,0.116158333333333,0.10077,0.094475,0.0810383333333333,0.0670066666666667,0.042395,0.0355816666666667,0.035135,0.03058,0.0276666666666667,0.0251666666666667,0.022185,0.019795,0.01524,0.0134483333333333,0.0110833333333333,0.01319,0.0125316666666667,0.00784166666666667,0.00598833333333333,0.00814333333333333,0.00693666666666667,0.00507666666666667,0.00619,0.00333833333333333,0.00324333333333333,0.00398333333333333,0.00455333333333333,0.00291833333333333,0.00300166666666667,0.00288166666666667,0.00162333333333333,0.00126666666666667,0.00053,0.00168666666666667,0.00159166666666667,0.00130833333333333,0.000975,0.000443333333333333,0.000476666666666667,0.000511666666666667,0.000548333333333333,0.000585,0.000173333333333333,0,1,0,0,0,0,0,0,1,1,1,1,1,1,1,1,1,1,1,1,1,1,1,1,1,1,1,1,1,1,1,1,1,1,1,1,1,1,1,1,1,1,1,1,1,1,1,1,1,1,1,1,1,1,1,1,1,1,1,1,1,1,1,1,1,1,1,1,1,1,1,1,1,1,1,1,1,1,1,1,0
2026-08-26 11:00:00,281.268045216667,0,0,0,0,0,0,0.331806666666667,12.6229066666667,37.1131133333333,48.3757983333333,38.34516,31.12288,28.9489083333333,30.6110983333333,23.95789,8.12316666666667,4.79629833333333,2.75237166666667,1.89459666666667,1.651175,1.64408,1.73668833333333,1.69626333333333,1.09732833333333,0.753526666666667,0.478331666666667,0.355223333333333,0.336121666666667,0.256613333333333,0.214983333333333,0.161956666666667,0.143783333333333,0.120875,0.109476666666667,0.103133333333333,0.0900233333333333,0.0831983333333333,0.0798383333333333,0.0593183333333333,0.0500483333333333,0.0313283333333333,0.0327166666666667,0.0332233333333333,0.0211083333333333,0.0239516666666667,0.0227233333333333,0.0192166666666667,0.0157283333333333,0.01464,0.0125616666666667,0.0166633333333333,0.0133783333333333,0.00614666666666667,0.00937833333333333,0.0101066666666667,0.00700666666666667,0.00862833333333333,0.00819166666666667,0.00537833333333333,0.00553166666666667,0.00398166666666667,0.00433166666666667,0.00140166666666667,0.00335,0.00369,0.00191166666666667,0.00126,0.00163333333333333,0.00128666666666667,0.00166,0.00032,0.00150333333333333,0.000506666666666667,0.000545,0.000585,0.000626666666666667,0.000668333333333333,0.000198333333333333,0,1,0,0,0,0,0,0,1,1,1,1,1,1,1,1,1,1,1,1,1,1,1,1,1,1,1,1,1,1,1,1,1,1,1,1,1,1,1,1,1,1,1,1,1,1,1,1,1,1,1,1,1,1,1,1,1,1,1,1,1,1,1,1,1,1,1,1,1,1,1,1,1,1,1,1,1,1,1,1,0
2026-08-26 12:00:00,309.940504433333,0,0,0,0,0,0,0.422776666666667,14.2812716666667,41.7083383333333,54.6902866666667,43.2403783333333,34.8802483333333,31.4829833333333,32.475065,25.3736683333333,8.05721833333333,4.76068833333333,2.64619833333333,1.78795333333333,1.570225,1.52305333333333,1.65785166666667,1.61022166666667,0.991043333333333,0.699105,0.442253333333333,0.364181666666667,0.307611666666667,0.243051666666667,0.206968333333333,0.145693333333333,0.13424,0.108901666666667,0.0963433333333333,0.101338333333333,0.0824883333333333,0.0796183333333333,0.0650133333333333,0.0498783333333333,0.05083,0.0339333333333333,0.0211333333333333,0.0319966666666667,0.0254533333333333,0.0166266666666667,0.0172183333333333,0.01722,0.0170316666666667,0.0172133333333333,0.011455,0.0137,0.0109116666666667,0.00903,0.00742,0.010385,0.00636166666666667,0.00693833333333333,0.007675,0.00682,0.004955,0.00270166666666667,0.00305666666666667,0.00433833333333333,0.00384833333333333,0.00246333333333333,0.00438,0.00279666666666667,0.000948333333333333,0.00129833333333333,0.000975,0.00138666666666667,0.00115666666666667,0.000696666666666667,0.00075,0.000805,0.000861666666666667,0.000918333333333333,0.000273333333333333,0,1,0,0,0,0,0,0,1,1,1,1,1,1,1,1,1,1,1,1,1,1,1,1,1,1,1,1,1,1,1,1,1,1,1,1,1,1,1,1,1,1,1,1,1,1,1,1,1,1,1,1,1,1,1,1,1,1,1,1,1,1,1,1,1,1,1,1,1,1,1,1,1,1,1,1,1,1,1,1,0
2026-08-26 13:00:00,309.167578366667,0,0,0,0,0,0,0.462725,14.6282466666667,42.7651566666667,56.513035,44.3238333333333,35.2684016666667,31.7072416666667,32.3377766666667,25.0284,8.13892666666667,4.48859666666667,2.561275,1.74934,1.49566833333333,1.43330666666667,1.527935,1.51033666666667,0.95354,0.668858333333333,0.399873333333333,0.337851666666667,0.28378,0.21567,0.190215,0.139878333333333,0.144105,0.106093333333333,0.090575,0.0918716666666667,0.0877316666666667,0.0778316666666667,0.0776183333333333,0.0575066666666667,0.0522733333333333,0.0279583333333333,0.0335083333333333,0.0276383333333333,0.0178966666666667,0.0158316666666667,0.0164516666666667,0.0181516666666667,0.0185566666666667,0.00995666666666667,0.0132683333333333,0.01272,0.01381,0.00885833333333333,0.00774833333333333,0.00670333333333333,0.0114783333333333,0.00541666666666667,0.00624833333333333,0.00921166666666667,0.00732333333333333,0.00441,0.00305666666666667,0.00433833333333333,0.004465,0.00234333333333333,0.002605,0.00351666666666667,0.00193666666666667,0.00253,0.00246166666666667,0.00016,0.00112,0.00133,0.00143166666666667,0.00153666666666667,0.001645,0.00175333333333333,0.000521666666666667,0,1,0,0,0,0,0,0,1,1,1,1,1,1,1,1,1,1,1,1,1,1,1,1,1,1,1,1,1,1,1,1,1,1,1,1,1,1,1,1,1,1,1,1,1,1,1,1,1,1,1,1,1,1,1,1,1,1,1,1,1,1,1,1,1,1,1,1,1,1,1,1,1,1,1,1,1,1,1,1,0
2026-08-26 14:00:00,308.576293433333,0,0,0,0,0,0,0.48169,15.6539183333333,45.7017516666667,59.4681033333333,45.2947,34.9026566666667,30.2494883333333,29.052735,23.200125,7.42226166666667,4.00790166666667,2.32117833333333,1.53589333333333,1.26131833333333,1.216665,1.31379833333333,1.3282,0.85547,0.597,0.36784,0.288265,0.241725,0.181455,0.175058333333333,0.141893333333333,0.11623,0.10552,0.0877183333333333,0.0819216666666667,0.0812366666666667,0.070555,0.0591533333333333,0.04948,0.0432966666666667,0.0428016666666667,0.0280733333333333,0.0225016666666667,0.0215983333333333,0.0170133333333333,0.0172666666666667,0.0156083333333333,0.0141883333333333,0.0171633333333333,0.0137216666666667,0.01139,0.009275,0.00898333333333333,0.00725333333333333,0.00855666666666667,0.00568833333333333,0.00753833333333333,0.00635833333333333,0.00361,0.00553333333333333,0.00483666666666667,0.00348333333333333,0.00182666666666667,0.00365666666666667,0.00380333333333333,0.00247833333333333,0.000696666666666667,0.00286833333333333,0.000918333333333333,0.00305,0.00106666666666667,0.000108333333333333,0.000316666666666667,0.000341666666666667,0.000366666666666667,0.000391666666666667,0.000416666666666667,0.000125,0,1,0,0,0,0,0,0,1,1,1,1,1,1,1,1,1,1,1,1,1,1,1,1,1,1,1,1,1,1,1,1,1,1,1,1,1,1,1,1,1,1,1,1,1,1,1,1,1,1,1,1,1,1,1,1,1,1,1,1,1,1,1,1,1,1,1,1,1,1,1,1,1,1,1,1,1,1,1,1,0
2026-08-26 15:00:00,285.801585183333,0,0,0,0,0,0,0.450305,15.1976316666667,43.5098533333333,56.2295116666667,42.5969183333333,31.902805,27.0285033333333,25.7847383333333,20.4186716666667,6.88370833333333,3.57950166666667,2.02381833333333,1.31548166666667,1.10969166666667,1.08272833333333,1.13293,1.16461666666667,0.776075,0.511093333333333,0.324998333333333,0.234285,0.217625,0.144535,0.13066,0.117315,0.10245,0.081265,0.0710433333333333,0.0642533333333333,0.0624,0.057355,0.0575233333333333,0.047805,0.0355833333333333,0.02661,0.0315133333333333,0.0282283333333333,0.018115,0.0216666666666667,0.01903,0.0134266666666667,0.0167633333333333,0.0169366666666667,0.0162116666666667,0.010195,0.012235,0.00960166666666667,0.0125416666666667,0.0107866666666667,0.004445,0.00708,0.00627333333333333,0.007105,0.001785,0.00526333333333333,0.00487666666666667,0.00178333333333333,0.00404166666666667,0.00341833333333333,0.00451166666666667,0.00237666666666667,0.00207166666666667,0.001075,0.00137,0.000893333333333333,0.00078,0.00107666666666667,0.00115833333333333,0.00124333333333333,0.00133166666666667,0.00142,0.000421666666666667,0,1,0,0,0,0,0,0,1,1,1,1,1,1,1,1,1,1,1,1,1,1,1,1,1,1,1,1,1,1,1,1,1,1,1,1,1,1,1,1,1,1,1,1,1,1,1,1,1,1,1,1,1,1,1,1,1,1,1,1,1,1,1,1,1,1,1,1,1,1,1,1,1,1,1,1,1,1,1,1,0
2026-08-26 16:00:00,273.023459116667,0,0,0,0,0,0,0.482241666666667,15.0381516666667,42.8220533333333,54.1251533333333,40.068905,29.84689,24.8474916666667,23.5852916666667,19.3524033333333,7.68578666666667,3.81757,2.1312,1.30741833333333,1.10945,1.04075166666667,1.05201333333333,1.06167,0.73962,0.487813333333333,0.300846666666667,0.230386666666667,0.176613333333333,0.142813333333333,0.130435,0.0867466666666667,0.0696216666666667,0.0665133333333333,0.0585633333333333,0.0523033333333333,0.0593033333333333,0.0541666666666667,0.04432,0.0432333333333333,0.033575,0.0238966666666667,0.0225,0.0180416666666667,0.01435,0.0176516666666667,0.01339,0.0104716666666667,0.00924166666666667,0.0117666666666667,0.00844166666666667,0.00881166666666667,0.00460333333333333,0.0118233333333333,0.00896166666666667,0.00745666666666667,0.00595833333333333,0.003985,0.00304,0.00452333333333333,0.00510333333333333,0.00208666666666667,0.00356833333333333,0.00324166666666667,0.00173166666666667,0.002385,0.00198166666666667,0.001405,0.00258166666666667,0.002555,0.00159166666666667,0.00162666666666667,0.001135,0.000633333333333333,0.000681666666666667,0.000731666666666667,0.000783333333333333,0.000835,0.000248333333333333,0,1,0,0,0,0,0,0,1,1,1,1,1,1,1,1,1,1,1,1,1,1,1,1,1,1,1,1,1,1,1,1,1,1,1,1,1,1,1,1,1,1,1,1,1,1,1,1,1,1,1,1,1,1,1,1,1,1,1,1,1,1,1,1,1,1,1,1,1,1,1,1,1,1,1,1,1,1,1,1,0
2026-08-26 17:00:00,288.246375,0,0,0,0,0,0,0.460433333333333,14.8230933333333,42.7983966666667,55.16444,42.3450083333333,31.820385,27.461945,25.694455,21.61962,7.60152166666667,3.74157833333333,2.18287166666667,1.43398,1.212875,1.17984833333333,1.233655,1.24781,0.891513333333333,0.696188333333333,0.462391666666667,0.404416666666667,0.354033333333333,0.303618333333333,0.278548333333333,0.248868333333333,0.23549,0.192475,0.176711666666667,0.190465,0.134561666666667,0.133683333333333,0.106078333333333,0.09202,0.0729933333333333,0.065,0.0528733333333333,0.0608966666666667,0.0452283333333333,0.0415383333333333,0.036245,0.03462,0.0317583333333333,0.02252,0.0196716666666667,0.0174866666666667,0.0183366666666667,0.0178333333333333,0.0164866666666667,0.015075,0.00566333333333333,0.00915,0.00664666666666667,0.00812333333333333,0.00535666666666667,0.00663666666666667,0.00701333333333333,0.00461833333333333,0.00334833333333333,0.00415166666666667,0.00127666666666667,0.00265833333333333,0.00207166666666667,0.001715,0.000801666666666667,0.000413333333333333,0.000238333333333333,0.000696666666666667,0.000748333333333333,0.000803333333333333,0.000861666666666667,0.00092,0.000271666666666667,0,1,0,0,0,0,0,0,1,1,1,1,1,1,1,1,1,1,1,1,1,1,1,1,1,1,1,1,1,1,1,1,1,1,1,1,1,1,1,1,1,1,1,1,1,1,1,1,1,1,1,1,1,1,1,1,1,1,1,1,1,1,1,1,1,1,1,1,1,1,1,1,1,1,1,1,1,1,1,1,0
2026-08-26 18:00:00,257.629837233333,0,0,0,0,0,0,0.40028,12.806885,36.7369916666667,48.4945666666667,37.9463983333333,29.1818266666667,25.06243,23.2410483333333,22.5632583333333,8.24116,3.63284333333333,2.08891666666667,1.27606,1.00313166666667,0.976223333333333,1.02268333333333,1.00273666666667,0.73541,0.497328333333333,0.327361666666667,0.26086,0.222076666666667,0.171135,0.155496666666667,0.125178333333333,0.125733333333333,0.0978633333333333,0.10429,0.0704866666666667,0.074425,0.088355,0.0675583333333333,0.0577883333333333,0.0426766666666667,0.03864,0.02976,0.0264966666666667,0.0233416666666667,0.0189183333333333,0.0127533333333333,0.0169916666666667,0.0117433333333333,0.0134016666666667,0.01197,0.00566,0.00800166666666667,0.00862166666666667,0.00409166666666667,0.006075,0.004725,0.00392833333333333,0.00438333333333333,0.00265666666666667,0.001785,0.000853333333333333,0.00277166666666667,0.002715,0.000461666666666667,0.00288333333333333,0.000358333333333333,0.00181833333333333,0.000836666666666667,0.000416666666666667,0.000173333333333333,0.00024,0.0000216666666666667,0.0000633333333333333,0.0000683333333333333,0.0000733333333333333,0.0000783333333333333,0.0000833333333333333,0.000025,0,1,0,0,0,0,0,0,1,1,1,1,1,1,1,1,1,1,1,1,1,1,1,1,1,1,1,1,1,1,1,1,1,1,1,1,1,1,1,1,1,1,1,1,1,1,1,1,1,1,1,1,1,1,1,1,1,1,1,1,1,1,1,1,1,1,1,1,1,1,1,1,1,1,1,1,1,1,1,1,0
2026-08-26 19:00:00,165.74569625,0,0,0,0,0,0,0.253658333333333,8.56400166666667,24.06801,31.57298,24.008185,18.072565,15.4223716666667,14.0314216666667,13.6594766666667,5.743615,2.26423666666667,1.28695,0.789661666666667,0.604416666666667,0.613713333333333,0.56922,0.60958,0.457818333333333,0.293035,0.20614,0.155611666666667,0.121268333333333,0.107155,0.09743,0.08129,0.066465,0.0528233333333333,0.0436033333333333,0.04526,0.0346916666666667,0.0294433333333333,0.0277916666666667,0.02595,0.0174433333333333,0.01249,0.0110016666666667,0.0136066666666667,0.00822166666666667,0.00702333333333333,0.00921833333333333,0.00657333333333333,0.00456833333333333,0.00468166666666667,0.00616833333333333,0.009635,0.00465,0.00469,0.00452333333333333,0.00413,0.00314166666666667,0.00315333333333333,0.001865,0.002855,0.00153333333333333,0.00123333333333333,0.00122166666666667,0.000488333333333333,0.000885,0.000421666666666667,0.000421666666666667,0,0.000816666666666667,0.000435,0,0,0.000498333333333333,0.000253333333333333,0.000273333333333333,0.000293333333333333,0.000313333333333333,0.000333333333333333,0.0001,0,1,0,0,0,0,0,0,1,1,1,1,1,1,1,1,1,1,1,1,1,1,1,1,1,1,1,1,1,1,1,1,1,1,1,1,1,1,1,1,1,1,1,1,1,1,1,1,1,1,1,1,1,1,1,1,1,1,1,1,1,1,1,1,1,1,1,1,1,1,1,1,1,1,1,1,1,1,1,1,0
2026-08-26 20:00:00,205.539553366667,0,0,0,0,0,0,0.310125,10.3763816666667,30.2314883333333,39.2359766666667,30.1578866666667,22.9739466666667,19.291775,17.5479916666667,16.4164083333333,6.56359833333333,2.811875,1.59590166666667,0.976323333333333,0.803313333333333,0.775823333333333,0.756231666666667,0.78163,0.575005,0.36649,0.258038333333333,0.201511666666667,0.169473333333333,0.12896,0.11293,0.0999983333333333,0.08682,0.08313,0.063945,0.0590716666666667,0.0556516666666667,0.0459566666666667,0.0429733333333333,0.0379416666666667,0.020985,0.0260383333333333,0.0159483333333333,0.0184716666666667,0.0135066666666667,0.0179483333333333,0.01225,0.011185,0.01361,0.0103716666666667,0.0113866666666667,0.01133,0.00674666666666667,0.00480666666666667,0.00628666666666667,0.00514166666666667,0.00370333333333333,0.002695,0.00234833333333333,0.00272166666666667,0.00417333333333333,0.00185,0.00242833333333333,0.00118,0.00246333333333333,0.00211166666666667,0.000571666666666667,0.00126,0.001255,0.000446666666666667,0.000386666666666667,0,0.0000216666666666667,0.0000633333333333333,0.0000683333333333333,0.0000733333333333333,0.0000783333333333333,0.0000833333333333333,0.000025,0,1,0,0,0,0,0,0,1,1,1,1,1,1,1,1,1,1,1,1,1,1,1,1,1,1,1,1,1,1,1,1,1,1,1,1,1,1,1,1,1,1,1,1,1,1,1,1,1,1,1,1,1,1,1,1,1,1,1,1,1,1,1,1,1,1,1,1,1,1,1,1,1,1,1,1,1,1,1,1,0
2026-08-26 21:00:00,269.849388183333,0,0,0,0,0,0,0.379556666666667,13.2692816666667,38.7081166666667,51.4949216666667,39.7269816666667,30.3782483333333,26.03289,23.4010483333333,22.2286916666667,8.31462,3.61356166666667,2.06433166666667,1.33325166666667,1.09154833333333,1.02342333333333,0.988371666666667,1.05762166666667,0.73261,0.501903333333333,0.329685,0.248695,0.21615,0.162411666666667,0.144603333333333,0.113343333333333,0.101575,0.0888933333333333,0.0775266666666667,0.0706233333333333,0.0571716666666667,0.0542883333333333,0.0544883333333333,0.0371616666666667,0.032895,0.02911,0.0237583333333333,0.025465,0.0173266666666667,0.01424,0.0223716666666667,0.01401,0.0144033333333333,0.012535,0.0150166666666667,0.0134783333333333,0.01301,0.0103033333333333,0.005095,0.00866,0.006445,0.00693666666666667,0.00609833333333333,0.00515,0.00442833333333333,0.00275,0.004405,0.000933333333333333,0.00211833333333333,0.00161333333333333,0.00134666666666667,0.00196166666666667,0.00138666666666667,0.000416666666666667,0,0.00124,0.000215,0.000631666666666667,0.00068,0.00073,0.000783333333333333,0.000836666666666667,0.000246666666666667,0,1,0,0,0,0,0,0,1,1,1,1,1,1,1,1,1,1,1,1,1,1,1,1,1,1,1,1,1,1,1,1,1,1,1,1,1,1,1,1,1,1,1,1,1,1,1,1,1,1,1,1,1,1,1,1,1,1,1,1,1,1,1,1,1,1,1,1,1,1,1,1,1,1,1,1,1,1,1,1,0
2026-08-26 22:00:00,282.39481765,0,0,0,0,0,0,0.368433333333333,12.1778016666667,36.551335,49.948555,40.8985116666667,33.1334916666667,29.5413333333333,28.3330616666667,27.3561033333333,9.36512666666667,4.15125333333333,2.270315,1.41328666666667,1.13586666666667,1.06690166666667,1.03583833333333,1.074845,0.738546666666667,0.499361666666667,0.284546666666667,0.216213333333333,0.18749,0.136591666666667,0.126833333333333,0.0931633333333333,0.0721316666666667,0.0657433333333333,0.062975,0.0615766666666667,0.044495,0.041265,0.037405,0.0242933333333333,0.0287316666666667,0.0215866666666667,0.020965,0.0238566666666667,0.0170233333333333,0.0174666666666667,0.015935,0.0134366666666667,0.0161266666666667,0.0130116666666667,0.014615,0.00991,0.0143533333333333,0.008715,0.00969333333333333,0.008725,0.00808833333333333,0.00559166666666667,0.00484333333333333,0.004775,0.00399833333333333,0.00336666666666667,0.00377166666666667,0.002575,0.00458,0.00238333333333333,0.001145,0.00238666666666667,0.00136666666666667,0.00126833333333333,0.000588333333333333,0.000653333333333333,0.000888333333333333,0.00019,0.000205,0.00022,0.000235,0.00025,0.000075,0,1,0,0,0,0,0,0,1,1,1,1,1,1,1,1,1,1,1,1,1,1,1,1,1,1,1,1,1,1,1,1,1,1,1,1,1,1,1,1,1,1,1,1,1,1,1,1,1,1,1,1,1,1,1,1,1,1,1,1,1,1,1,1,1,1,1,1,1,1,1,1,1,1,1,1,1,1,1,1,0
2026-08-26 23:00:00,329.355943783333,0,0,0,0,0,0,0.355636666666667,12.219165,37.92029,54.48571,46.8675716666667,40.3007033333333,37.5110716666667,36.9717616666667,35.57236,10.72697,5.06129833333333,2.63182333333333,1.68463666666667,1.29941,1.203625,1.20775166666667,1.25390833333333,0.806468333333333,0.535878333333333,0.313126666666667,0.240101666666667,0.186146666666667,0.149101666666667,0.113626666666667,0.087605,0.079875,0.076075,0.0602066666666667,0.0573133333333333,0.0424366666666667,0.0460366666666667,0.0476483333333333,0.03681,0.026405,0.02323,0.0217133333333333,0.023135,0.0163416666666667,0.0210483333333333,0.0135533333333333,0.0166366666666667,0.0141333333333333,0.0149333333333333,0.0129533333333333,0.009575,0.00847666666666667,0.010095,0.0112083333333333,0.00726333333333333,0.00655166666666667,0.00616333333333333,0.00553,0.00452333333333333,0.004675,0.00298666666666667,0.00353833333333333,0.00357166666666667,0.00134666666666667,0.000806666666666667,0.00176833333333333,0.001675,0.000418333333333333,0.00125,0.000588333333333333,0.00148,0.000931666666666667,0.000316666666666667,0.000341666666666667,0.000366666666666667,0.000391666666666667,0.000416666666666667,0.000125,0,1,0,0,0,0,0,0,1,1,1,1,1,1,1,1,1,1,1,1,1,1,1,1,1,1,1,1,1,1,1,1,1,1,1,1,1,1,1,1,1,1,1,1,1,1,1,1,1,1,1,1,1,1,1,1,1,1,1,1,1,1,1,1,1,1,1,1,1,1,1,1,1,1,1,1,1,1,1,1,0
2026-08-27,403.88199005,0,0,0,0,0,0,0.36034,13.221725,42.0704133333333,61.7936383333333,54.9841066666667,48.69295,47.6683516666667,48.4154566666667,48.2689233333333,13.7785433333333,6.75700166666667,3.56459166666667,2.23556833333333,1.79998666666667,1.72909166666667,1.75698,1.78753666666667,1.066305,0.727295,0.414171666666667,0.295718333333333,0.262201666666667,0.203385,0.155901666666667,0.116086666666667,0.0943566666666667,0.0890583333333333,0.0726483333333333,0.0757516666666667,0.0660483333333333,0.0474033333333333,0.0479233333333333,0.03494,0.0288766666666667,0.0290933333333333,0.0211533333333333,0.0262066666666667,0.0237216666666667,0.0188716666666667,0.01504,0.0144483333333333,0.018025,0.016655,0.0124216666666667,0.0101766666666667,0.010525,0.00813166666666667,0.00624333333333333,0.00735166666666667,0.00566333333333333,0.00438666666666667,0.00529833333333333,0.00499666666666667,0.00538166666666667,0.00256,0.001275,0.00166166666666667,0.000885,0.000845,0,0,0.000836666666666667,0.00211333333333333,0.001805,0.000653333333333333,0.0000866666666666667,0.000253333333333333,0.000273333333333333,0.000293333333333333,0.000313333333333333,0.000333333333333333,0.0001,0,1,0,0,0,0,0,0,1,1,1,1,1,1,1,1,1,1,1,1,1,1,1,1,1,1,1,1,1,1,1,1,1,1,1,1,1,1,1,1,1,1,1,1,1,1,1,1,1,1,1,1,1,1,1,1,1,1,1,1,1,1,1,1,1,1,1,1,1,1,1,1,1,1,1,1,1,1,1,1,0
2026-08-27 01:00:00,437.332471283333,0,0,0,0,0,0,0.342995,12.998625,41.6094833333333,61.7209383333333,56.33691,51.400505,52.4775933333333,55.0925933333333,57.257195,16.54308,8.61409,4.60250833333333,2.84428666666667,2.36431166666667,2.210635,2.287575,2.37622166666667,1.286955,0.87153,0.518885,0.384086666666667,0.320131666666667,0.24107,0.184116666666667,0.143433333333333,0.127325,0.0926966666666667,0.0870383333333333,0.0749416666666667,0.0655866666666667,0.0638516666666667,0.0533216666666667,0.04915,0.0277483333333333,0.0297733333333333,0.0209316666666667,0.018465,0.0171216666666667,0.01712,0.014465,0.0178716666666667,0.0117783333333333,0.0122983333333333,0.01184,0.00935,0.00841,0.004925,0.0019,0.003795,0.00717166666666667,0.002895,0.00309166666666667,0.00214166666666667,0.00128,0.00104333333333333,0.003655,0.00125666666666667,0.00169333333333333,0.00161166666666667,0.000918333333333333,0.00112833333333333,0.000131666666666667,0.00064,0.000193333333333333,0.000826666666666667,0.0000433333333333333,0.000126666666666667,0.000136666666666667,0.000146666666666667,0.000156666666666667,0.000166666666666667,0.00005,0,1,0,0,0,0,0,0,1,1,1,1,1,1,1,1,1,1,1,1,1,1,1,1,1,1,1,1,1,1,1,1,1,1,1,1,1,1,1,1,1,1,1,1,1,1,1,1,1,1,1,1,1,1,1,1,1,1,1,1,1,1,1,1,1,1,1,1,1,1,1,1,1,1,1,1,1,1,1,1,0
2026-08-27 02:00:00,513.107359816667,0,0,0,0,0,0,0.370853333333333,13.3308116666667,43.0968883333333,64.6119,60.2544866666667,57.6626066666667,61.6954366666667,69.4729383333333,76.3458566666667,23.0178933333333,12.7148233333333,6.75448833333333,4.23268166666667,3.53770666666667,3.334925,3.418305,3.53784833333333,1.841865,1.22684333333333,0.739123333333333,0.571606666666667,0.420411666666667,0.35182,0.27726,0.204448333333333,0.144675,0.106115,0.094605,0.086,0.0714733333333333,0.0522333333333333,0.0542166666666667,0.04268,0.0337383333333333,0.0260316666666667,0.0255566666666667,0.0211033333333333,0.0170533333333333,0.0161683333333333,0.0162433333333333,0.01635,0.0110166666666667,0.0111516666666667,0.0097,0.0118866666666667,0.00667666666666667,0.00889,0.00689166666666667,0.00407833333333333,0.00502666666666667,0.00347166666666667,0.003095,0.00326166666666667,0.00331833333333333,0.00189666666666667,0.00151166666666667,0.000425,0.001655,0.00046,0.000421666666666667,0,0.001255,0.00064,0.000366666666666667,0.000653333333333333,0.000433333333333333,0.0000633333333333333,0.0000683333333333333,0.0000733333333333333,0.0000783333333333333,0.0000833333333333333,0.000025,0,1,0,0,0,0,0,0,1,1,1,1,1,1,1,1,1,1,1,1,1,1,1,1,1,1,1,1,1,1,1,1,1,1,1,1,1,1,1,1,1,1,1,1,1,1,1,1,1,1,1,1,1,1,1,1,1,1,1,1,1,1,1,1,1,1,1,1,1,1,1,1,1,1,1,1,1,1,1,1,0
2026-08-27 03:00:00,644.8551788,0,0,0,0,0,0,0.438141666666667,15.439015,49.0882816666667,74.0940266666667,70.5147916666667,69.3473516666667,77.0946833333333,90.155725,102.798698333333,32.2541383333333,18.27692,9.710095,6.091235,5.12499833333333,4.55086666666667,4.80158166666667,4.75495166666667,2.41345,1.58915833333333,0.95659,0.740315,0.554845,0.430448333333333,0.331113333333333,0.251603333333333,0.17798,0.12705,0.118336666666667,0.0854866666666667,0.087045,0.069635,0.0575666666666667,0.057405,0.0388333333333333,0.0284933333333333,0.0305266666666667,0.0269166666666667,0.0191116666666667,0.0212516666666667,0.01811,0.01561,0.01473,0.0134,0.0131816666666667,0.011455,0.00920166666666667,0.00963,0.005405,0.00436833333333333,0.00249833333333333,0.00433,0.00154666666666667,0.00463333333333333,0.00349333333333333,0.00360333333333333,0.00205666666666667,0.00227666666666667,0.00134666666666667,0.00168833333333333,0.000075,0.00084,0.000398333333333333,0.000435,0,0.00016,0.000296666666666667,0.000126666666666667,0.000136666666666667,0.000146666666666667,0.000156666666666667,0.000166666666666667,0.00005,0,1,0,0,0,0,0,0,1,1,1,1,1,1,1,1,1,1,1,1,1,1,1,1,1,1,1,1,1,1,1,1,1,1,1,1,1,1,1,1,1,1,1,1,1,1,1,1,1,1,1,1,1,1,1,1,1,1,1,1,1,1,1,1,1,1,1,1,1,1,1,1,1,1,1,1,1,1,1,1,0
2026-08-27 04:00:00,655.114022833333,0,0,0,0,0,0,0.387643333333333,14.1825516666667,46.1694933333333,71.3771566666667,68.9613816666667,70.0239933333333,79.3198083333333,94.037385,109.686848333333,35.65204,19.8126433333333,10.4528216666667,6.45392,5.12432666666667,4.62810166666667,4.67265333333333,4.62805,2.21495333333333,1.43311833333333,0.866165,0.622731666666667,0.535056666666667,0.38717,0.330986666666667,0.250776666666667,0.179353333333333,0.161098333333333,0.144291666666667,0.113781666666667,0.101598333333333,0.0975266666666667,0.0842433333333333,0.0632,0.0476783333333333,0.0350183333333333,0.0270333333333333,0.0252883333333333,0.0239933333333333,0.0189483333333333,0.0223333333333333,0.0169783333333333,0.0147333333333333,0.0120766666666667,0.013475,0.00553333333333333,0.00754333333333333,0.00554333333333333,0.00633166666666667,0.00488666666666667,0.005395,0.003155,0.00223666666666667,0.00351333333333333,0.003065,0.00251333333333333,0.00261666666666667,0.00249333333333333,0.00130833333333333,0.000346666666666667,0.000496666666666667,0.00042,0,0,0,0,0.000433333333333333,0.0000633333333333333,0.0000683333333333333,0.0000733333333333333,0.0000783333333333333,0.0000833333333333333,0.000025,0,1,0,0,0,0,0,0,1,1,1,1,1,1,1,1,1,1,1,1,1,1,1,1,1,1,1,1,1,1,1,1,1,1,1,1,1,1,1,1,1,1,1,1,1,1,1,1,1,1,1,1,1,1,1,1,1,1,1,1,1,1,1,1,1,1,1,1,1,1,1,1,1,1,1,1,1,1,1,1,0
2026-08-27 05:00:00,594.976759883333,0,0,0,0,0,0,0.306443333333333,11.5332983333333,38.83062,61.7272083333333,61.5570683333333,63.7852016666667,73.1021483333333,86.8699416666667,104.277188333333,35.6505666666667,18.51611,9.40787333333333,5.580005,4.40124166666667,3.88988166666667,3.905855,3.74755,1.86147333333333,1.19261333333333,0.690471666666667,0.544855,0.445681666666667,0.35607,0.31312,0.254165,0.201786666666667,0.184441666666667,0.165041666666667,0.149708333333333,0.134845,0.119536666666667,0.0964916666666667,0.0751816666666667,0.0533,0.0409566666666667,0.035835,0.0307416666666667,0.0259266666666667,0.0235916666666667,0.02362,0.0143033333333333,0.0102033333333333,0.00938666666666667,0.0110566666666667,0.00747,0.00667666666666667,0.007085,0.00412833333333333,0.00486833333333333,0.00274666666666667,0.00384166666666667,0.002865,0.00194333333333333,0.00238833333333333,0.00147,0.00108666666666667,0.0017,0.001655,0.001925,0.000508333333333333,0.00181833333333333,0.000816666666666667,0.000435,0.000415,0,0,0,0,0,0,0,0,0,1,0,0,0,0,0,0,1,1,1,1,1,1,1,1,1,1,1,1,1,1,1,1,1,1,1,1,1,1,1,1,1,1,1,1,1,1,1,1,1,1,1,1,1,1,1,1,1,1,1,1,1,1,1,1,1,1,1,1,1,1,1,1,1,1,1,1,1,1,1,1,1,1,1,1,1,1,1,1,0
2026-08-27 06:00:00,593.021507783333,0,0,0,0,0,0,0.32883,12.1385283333333,40.5515283333333,64.21088,64.0942583333333,65.9589666666667,74.8594166666667,87.165195,100.970946666667,32.4262083333333,16.53503,8.48231833333333,5.021885,3.87319333333333,3.47348333333333,3.406245,3.28059833333333,1.64878,1.10756333333333,0.684408333333333,0.544385,0.480793333333333,0.364033333333333,0.325068333333333,0.28463,0.223453333333333,0.203995,0.190078333333333,0.175258333333333,0.137993333333333,0.109095,0.0966666666666667,0.0673866666666667,0.0447183333333333,0.0418083333333333,0.028615,0.0382833333333333,0.023,0.02696,0.015295,0.0179416666666667,0.012885,0.0131383333333333,0.012395,0.010135,0.007565,0.00962666666666667,0.00697333333333333,0.00499333333333333,0.005835,0.005105,0.00446666666666667,0.00540166666666667,0.00246333333333333,0.00327,0.00301833333333333,0.001725,0.000885,0.00242333333333333,0.00212666666666667,0.00168166666666667,0.00218333333333333,0.000453333333333333,0.000415,0.000986666666666667,0.000708333333333333,0.000126666666666667,0.000136666666666667,0.000146666666666667,0.000156666666666667,0.000166666666666667,0.00005,0,1,0,0,0,0,0,0,1,1,1,1,1,1,1,1,1,1,1,1,1,1,1,1,1,1,1,1,1,1,1,1,1,1,1,1,1,1,1,1,1,1,1,1,1,1,1,1,1,1,1,1,1,1,1,1,1,1,1,1,1,1,1,1,1,1,1,1,1,1,1,1,1,1,1,1,1,1,1,1,0
2026-08-27 07:00:00,520.89618485,0,0,0,0,0,0,0.359418333333333,12.3671033333333,39.9628983333333,62.8680066666667,61.056705,60.0591216666667,65.99991,74.575305,83.0778033333333,24.8286483333333,12.558155,6.308265,3.77036166666667,2.90346833333333,2.504545,2.54080666666667,2.358835,1.19010333333333,0.774473333333333,0.470866666666667,0.373238333333333,0.317553333333333,0.271805,0.225661666666667,0.183545,0.168093333333333,0.12503,0.12306,0.0924516666666667,0.0686816666666667,0.0518316666666667,0.04166,0.03684,0.02227,0.0227633333333333,0.0161516666666667,0.0219933333333333,0.00809666666666667,0.0166883333333333,0.0150316666666667,0.0083,0.0101333333333333,0.006445,0.00817166666666667,0.00627333333333333,0.004625,0.00474833333333333,0.00576,0.00354,0.00340833333333333,0.00304166666666667,0.00266666666666667,0.00359166666666667,0.000855,0.00440833333333333,0.00241,0.00201,0.00296333333333333,0.00096,0.00197,0.000846666666666667,0.000968333333333333,0.00105666666666667,0.000608333333333333,0,0.0000866666666666667,0.000253333333333333,0.000273333333333333,0.000293333333333333,0.000313333333333333,0.000333333333333333,0.0001,0,1,0,0,0,0,0,0,1,1,1,1,1,1,1,1,1,1,1,1,1,1,1,1,1,1,1,1,1,1,1,1,1,1,1,1,1,1,1,1,1,1,1,1,1,1,1,1,1,1,1,1,1,1,1,1,1,1,1,1,1,1,1,1,1,1,1,1,1,1,1,1,1,1,1,1,1,1,1,1,0
2026-08-27 08:00:00,441.7864634,0,0,0,0,0,0,0.314253333333333,11.6258383333333,37.5607233333333,56.7800316666667,53.2812216666667,51.1590366666667,54.6870633333333,60.8278233333333,66.8804483333333,19.8373933333333,10.0101316666667,5.02555833333333,2.898155,2.23901833333333,1.95994666666667,1.85362833333333,1.779025,0.886533333333333,0.565755,0.354368333333333,0.270393333333333,0.25523,0.210445,0.170705,0.145018333333333,0.120048333333333,0.101991666666667,0.07701,0.0732566666666667,0.05555,0.0520933333333333,0.038485,0.04135,0.0300366666666667,0.0285783333333333,0.0232466666666667,0.0295033333333333,0.019705,0.0235583333333333,0.0199683333333333,0.0154666666666667,0.0145866666666667,0.0137533333333333,0.00806166666666667,0.0121066666666667,0.0170216666666667,0.00527166666666667,0.00735333333333333,0.00755166666666667,0.00563,0.00189166666666667,0.003095,0.004195,0.001535,0.00384,0.00244833333333333,0.000526666666666667,0.000808333333333333,0.000881666666666667,0.000421666666666667,0,0,0,0.000415,0,0.000476666666666667,0.00019,0.000203333333333333,0.000218333333333333,0.000235,0.000251666666666667,0.0000733333333333333,0,1,0,0,0,0,0,0,1,1,1,1,1,1,1,1,1,1,1,1,1,1,1,1,1,1,1,1,1,1,1,1,1,1,1,1,1,1,1,1,1,1,1,1,1,1,1,1,1,1,1,1,1,1,1,1,1,1,1,1,1,1,1,1,1,1,1,1,1,1,1,1,1,1,1,1,1,1,1,1,0
2026-08-27 09:00:00,403.527219666667,0,0,0,0,0,0,0.302798333333333,11.2168333333333,35.8349266666667,53.5880533333333,49.47982,46.42713,48.7886833333333,53.4102783333333,58.84369,17.9893066666667,9.0695,4.59101166666667,2.65247833333333,2.08311,1.78272,1.69968666666667,1.550995,0.8134,0.53979,0.347121666666667,0.26184,0.228263333333333,0.194376666666667,0.173765,0.124151666666667,0.106328333333333,0.0907666666666667,0.08062,0.064,0.0583416666666667,0.0521816666666667,0.0368766666666667,0.026395,0.0304916666666667,0.0242966666666667,0.0209666666666667,0.021605,0.017305,0.0155933333333333,0.0123816666666667,0.0173666666666667,0.008955,0.01133,0.010525,0.008095,0.005835,0.00540166666666667,0.00450833333333333,0.00478166666666667,0.001885,0.00556166666666667,0.00281,0.001745,0.000931666666666667,0.00170666666666667,0.00117333333333333,0.003,0.000885,0.0000383333333333333,0,0.00084,0.000398333333333333,0.000241666666666667,0.000608333333333333,0.000413333333333333,0.000498333333333333,0.000253333333333333,0.000273333333333333,0.000293333333333333,0.000313333333333333,0.000333333333333333,0.0001,0,1,0,0,0,0,0,0,1,1,1,1,1,1,1,1,1,1,1,1,1,1,1,1,1,1,1,1,1,1,1,1,1,1,1,1,1,1,1,1,1,1,1,1,1,1,1,1,1,1,1,1,1,1,1,1,1,1,1,1,1,1,1,1,1,1,1,1,1,1,1,1,1,1,1,1,1,1,1,1,0
2026-08-27 10:00:00,351.7513712,0,0,0,0,0,0,0.267471666666667,9.80891,31.1511266666667,46.89178,43.436965,41.0059566666667,42.8631733333333,47.3006183333333,51.1321866666667,15.2572133333333,7.68106666666667,3.81672,2.26408166666667,1.730955,1.44258333333333,1.43773333333333,1.35623,0.70774,0.465595,0.287853333333333,0.231848333333333,0.213791666666667,0.174376666666667,0.12959,0.116721666666667,0.088935,0.09492,0.0670066666666667,0.05631,0.044915,0.0319016666666667,0.0320666666666667,0.024055,0.02132,0.0161133333333333,0.0155683333333333,0.01354,0.0101516666666667,0.009675,0.007395,0.007575,0.009845,0.00730833333333333,0.00588,0.00464333333333333,0.00426166666666667,0.00233333333333333,0.00398833333333333,0.00438666666666667,0.00147833333333333,0.00395833333333333,0.00106,0.00108666666666667,0.00110666666666667,0.000806666666666667,0.000898333333333333,0.000425,0.001655,0.0000383333333333333,0.000283333333333333,0.000426666666666667,0.00055,0.000223333333333333,0.000193333333333333,0,0.0000433333333333333,0.000126666666666667,0.000136666666666667,0.000146666666666667,0.000156666666666667,0.000166666666666667,0.00005,0,1,0,0,0,0,0,0,1,1,1,1,1,1,1,1,1,1,1,1,1,1,1,1,1,1,1,1,1,1,1,1,1,1,1,1,1,1,1,1,1,1,1,1,1,1,1,1,1,1,1,1,1,1,1,1,1,1,1,1,1,1,1,1,1,1,1,1,1,1,1,1,1,1,1,1,1,1,1,1,0
2026-08-27 11:00:00,399.0222102,0,0,0,0,0,0,0.278238333333333,10.2989516666667,33.4513033333333,51.1146683333333,48.0004216666667,46.0452266666667,49.3512316666667,54.7113883333333,60.9949366666667,18.6568233333333,9.45047333333333,4.69305166666667,2.75883833333333,2.04576,1.74130166666667,1.66754,1.50503833333333,0.727298333333333,0.497328333333333,0.302821666666667,0.229388333333333,0.202145,0.157921666666667,0.121025,0.0983566666666667,0.0943216666666667,0.0778333333333333,0.0585533333333333,0.0561366666666667,0.0394966666666667,0.034925,0.0305233333333333,0.02168,0.02015,0.0164216666666667,0.01471,0.0123,0.0119516666666667,0.014775,0.00978666666666667,0.00671833333333333,0.007485,0.00483333333333333,0.00333333333333333,0.00553333333333333,0.00205166666666667,0.00278833333333333,0.004675,0.00375166666666667,0.00392166666666667,0.000601666666666667,0.00149,0.002975,0.00135833333333333,0.000853333333333333,0.00171833333333333,0.000406666666666667,0.00123166666666667,0.000731666666666667,0.00015,0,0,0.000833333333333333,0,0,0.0000216666666666667,0.0000633333333333333,0.0000683333333333333,0.0000733333333333333,0.0000783333333333333,0.0000833333333333333,0.000025,0,1,0,0,0,0,0,0,1,1,1,1,1,1,1,1,1,1,1,1,1,1,1,1,1,1,1,1,1,1,1,1,1,1,1,1,1,1,1,1,1,1,1,1,1,1,1,1,1,1,1,1,1,1,1,1,1,1,1,1,1,1,1,1,1,1,1,1,1,1,1,1,1,1,1,1,1,1,1,1,0
2026-08-27 12:00:00,446.576507033333,0,0,0,0,0,0,0.34019,11.6256,37.0037016666667,55.7089366666667,52.1636333333333,50.62259,54.7078183333333,61.5073116666667,69.9065883333333,21.8473483333333,11.058405,5.50868166666667,3.18107666666667,2.43501666666667,2.14239666666667,2.04804,1.85702833333333,0.91727,0.620496666666667,0.366966666666667,0.285028333333333,0.256051666666667,0.193951666666667,0.153878333333333,0.12419,0.111748333333333,0.0872383333333333,0.07975,0.074775,0.059315,0.0554866666666667,0.0448866666666667,0.031965,0.0297283333333333,0.0233233333333333,0.019435,0.019075,0.016525,0.0136633333333333,0.01267,0.0122133333333333,0.0112933333333333,0.00644166666666667,0.00674666666666667,0.006485,0.00624333333333333,0.00694333333333333,0.00463,0.00303666666666667,0.00319333333333333,0.003755,0.00212333333333333,0.000715,0.000678333333333333,0.000806666666666667,0.00174833333333333,0.00123666666666667,0.0000383333333333333,0.00126666666666667,0.000421666666666667,0.00196833333333333,0.00053,0.000851666666666667,0,0.00016,0.000253333333333333,0,0,0,0,0,0,0,1,0,0,0,0,0,0,1,1,1,1,1,1,1,1,1,1,1,1,1,1,1,1,1,1,1,1,1,1,1,1,1,1,1,1,1,1,1,1,1,1,1,1,1,1,1,1,1,1,1,1,1,1,1,1,1,1,1,1,1,1,1,1,1,1,1,1,1,1,1,1,1,1,1,1,1,1,1,1,0
2026-08-27 13:00:00,345.811536933333,0,0,0,0,0,0,0.3007,10.1102783333333,31.8760766666667,46.9404116666667,42.4749816666667,39.8575916666667,41.5633816666667,45.55795,50.3560566666667,15.2843133333333,7.58193666666667,3.79913,2.20698166666667,1.69349166666667,1.47813666666667,1.486955,1.41660333333333,0.706881666666667,0.488701666666667,0.292753333333333,0.236425,0.196221666666667,0.15716,0.145791666666667,0.118676666666667,0.086855,0.07719,0.0656483333333333,0.0599716666666667,0.050405,0.0324833333333333,0.0356816666666667,0.0247666666666667,0.0172433333333333,0.0163066666666667,0.0128166666666667,0.01174,0.00762833333333333,0.00876833333333333,0.00689666666666667,0.00766333333333333,0.00614666666666667,0.00588,0.00614166666666667,0.007425,0.00127666666666667,0.00362833333333333,0.003645,0.00214,0.00185166666666667,0.00100333333333333,0.000258333333333333,0.00171333333333333,0,0.000426666666666667,0.00234666666666667,0.000203333333333333,0,0.000421666666666667,0,0,0,0.00064,0.000193333333333333,0,0,0,0,0,0,0,0,0,1,0,0,0,0,0,0,1,1,1,1,1,1,1,1,1,1,1,1,1,1,1,1,1,1,1,1,1,1,1,1,1,1,1,1,1,1,1,1,1,1,1,1,1,1,1,1,1,1,1,1,1,1,1,1,1,1,1,1,1,1,1,1,1,1,1,1,1,1,1,1,1,1,1,1,1,1,1,1,0
2026-08-27 14:00:00,207.859004683333,0,0,0,0,0,0,0.231001666666667,7.58937833333333,23.05217,32.862095,28.30548,24.6237033333333,24.1554116666667,24.6130783333333,24.9972333333333,7.444735,3.430845,1.72554833333333,1.07336666666667,0.816883333333333,0.72678,0.701831666666667,0.659911666666667,0.38115,0.279111666666667,0.185038333333333,0.131166666666667,0.126528333333333,0.0994833333333333,0.0898616666666667,0.0795766666666667,0.0594,0.0509833333333333,0.0467866666666667,0.04218,0.0331616666666667,0.0264466666666667,0.021335,0.01366,0.0118966666666667,0.00767833333333333,0.0101783333333333,0.00998333333333333,0.00688333333333333,0.006335,0.004155,0.00825666666666667,0.00393333333333333,0.00394666666666667,0.00276333333333333,0.003405,0.00127666666666667,0.000431666666666667,0.003965,0.00423333333333333,0.00217833333333333,0.001605,0.001805,0.001635,0.000931666666666667,0.00166,0.000796666666666667,0.000101666666666667,0,0.000423333333333333,0.000421666666666667,0,0.000398333333333333,0.000851666666666667,0,0,0.0000216666666666667,0.0000633333333333333,0.0000683333333333333,0.0000733333333333333,0.0000783333333333333,0.0000833333333333333,0.000025,0,1,0,0,0,0,0,0,1,1,1,1,1,1,1,1,1,1,1,1,1,1,1,1,1,1,1,1,1,1,1,1,1,1,1,1,1,1,1,1,1,1,1,1,1,1,1,1,1,1,1,1,1,1,1,1,1,1,1,1,1,1,1,1,1,1,1,1,1,1,1,1,1,1,1,1,1,1,1,1,0
2026-08-27 15:00:00,187.665683533333,0,0,0,0,0,0,0.253591666666667,7.83827833333333,22.8166633333333,31.344375,26.1553083333333,22.3213833333333,20.845185,20.8204083333333,19.967345,5.68090666666667,2.521845,1.287495,0.796441666666667,0.619756666666667,0.578778333333333,0.572451666666667,0.538301666666667,0.325196666666667,0.23508,0.139666666666667,0.124238333333333,0.117416666666667,0.08802,0.07828,0.0729133333333333,0.0640483333333333,0.0574816666666667,0.0408583333333333,0.035365,0.0356416666666667,0.03321,0.0163266666666667,0.015535,0.0116133333333333,0.01402,0.011385,0.00951666666666667,0.00579166666666667,0.00373833333333333,0.00724666666666667,0.0052,0.00694166666666667,0.00427333333333333,0.00111333333333333,0.00382166666666667,0.00672333333333333,0.00299833333333333,0.00316166666666667,0.001295,0.00258,0.00043,0.00343333333333333,0.001285,0.000853333333333333,0.00256,0.00149666666666667,0.000628333333333333,0,0.000768333333333333,0.000075,0,0,0,0.000415,0.000413333333333333,0,0,0,0,0,0,0,0,1,0,0,0,0,0,0,1,1,1,1,1,1,1,1,1,1,1,1,1,1,1,1,1,1,1,1,1,1,1,1,1,1,1,1,1,1,1,1,1,1,1,1,1,1,1,1,1,1,1,1,1,1,1,1,1,1,1,1,1,1,1,1,1,1,1,1,1,1,1,1,1,1,1,1,1,1,1,1,0
2026-08-27 16:00:00,219.49182815,0,0,0,0,0,0,0.281411666666667,9.30872666666667,27.0245366666667,36.5342516666667,30.1443216666667,25.7492533333333,24.1128466666667,24.223295,24.1328516666667,6.95944333333333,3.21929333333333,1.62293666666667,1.01697666666667,0.798761666666667,0.70022,0.691481666666667,0.66212,0.383441666666667,0.264961666666667,0.178975,0.148733333333333,0.138118333333333,0.102346666666667,0.091665,0.079385,0.0791016666666667,0.0645633333333333,0.0500533333333333,0.0482,0.041325,0.03669,0.0297683333333333,0.0210016666666667,0.0168316666666667,0.0128233333333333,0.010735,0.0154683333333333,0.011985,0.00896666666666667,0.00657166666666667,0.00665,0.007775,0.00618833333333333,0.00951333333333333,0.00753166666666667,0.00380666666666667,0.005285,0.00560833333333333,0.00359166666666667,0.00416333333333333,0.00275166666666667,0.00392333333333333,0.00380833333333333,0.001435,0.000806666666666667,0.00132333333333333,0.000425,0.00077,0.000845,0.000075,0.00042,0,0.000416666666666667,0.000415,0,0.000433333333333333,0.0000633333333333333,0.0000683333333333333,0.0000733333333333333,0.0000783333333333333,0.0000833333333333333,0.000025,0,1,0,0,0,0,0,0,1,1,1,1,1,1,1,1,1,1,1,1,1,1,1,1,1,1,1,1,1,1,1,1,1,1,1,1,1,1,1,1,1,1,1,1,1,1,1,1,1,1,1,1,1,1,1,1,1,1,1,1,1,1,1,1,1,1,1,1,1,1,1,1,1,1,1,1,1,1,1,1,0
2026-08-27 17:00:00,289.237064583333,0,0,0,0,0,0,0.323323333333333,10.8494883333333,32.3394033333333,45.0096783333333,38.3560416666667,33.8849716666667,33.153085,34.4288316666667,35.408125,10.302735,4.93340333333333,2.54295833333333,1.50197,1.17099666666667,1.03158166666667,1.02378166666667,0.949633333333333,0.534956666666667,0.362395,0.232325,0.184786666666667,0.1834,0.128698333333333,0.1164,0.0919066666666667,0.0727783333333333,0.066575,0.0620266666666667,0.0590583333333333,0.0425466666666667,0.0434983333333333,0.0311966666666667,0.0195033333333333,0.0198983333333333,0.0179583333333333,0.0121383333333333,0.01654,0.0122966666666667,0.0121016666666667,0.0118916666666667,0.00822666666666667,0.007465,0.00684833333333333,0.00691,0.00633666666666667,0.00505833333333333,0.00365166666666667,0.00493166666666667,0.00344333333333333,0.0032,0.00369833333333333,0.00372833333333333,0.00125166666666667,0.00281333333333333,0,0.000748333333333333,0.000526666666666667,0.000808333333333333,0.0000383333333333333,0.000843333333333333,0.00042,0.000398333333333333,0.0000183333333333333,0,0.00016,0.000296666666666667,0.000126666666666667,0.000136666666666667,0.000146666666666667,0.000156666666666667,0.000166666666666667,0.00005,0,1,0,0,0,0,0,0,1,1,1,1,1,1,1,1,1,1,1,1,1,1,1,1,1,1,1,1,1,1,1,1,1,1,1,1,1,1,1,1,1,1,1,1,1,1,1,1,1,1,1,1,1,1,1,1,1,1,1,1,1,1,1,1,1,1,1,1,1,1,1,1,1,1,1,1,1,1,1,1,0
2026-08-27 18:00:00,286.013275916667,0,0,0,0,0,0,0.28752,10.0107866666667,31.1603,44.3677016666667,38.2351033333333,33.68252,33.2720333333333,34.07763,35.1521666666667,10.1539966666667,4.80334,2.37601833333333,1.40560166666667,1.08392833333333,0.964723333333333,0.959231666666667,0.921101666666667,0.511911666666667,0.336225,0.209905,0.193631666666667,0.140613333333333,0.131006666666667,0.12773,0.0802783333333333,0.0779916666666667,0.0691333333333333,0.06336,0.049615,0.035155,0.0309183333333333,0.033445,0.01448,0.0130766666666667,0.0102966666666667,0.009035,0.0130016666666667,0.01015,0.00757,0.00678833333333333,0.008105,0.0054,0.004915,0.00512333333333333,0.00549166666666667,0.005445,0.0049,0.00345,0.00310833333333333,0.00243666666666667,0.00212,0.00246666666666667,0.00114166666666667,0.00324,0.00147,0.00173333333333333,0.000203333333333333,0.00127,0.00077,0.000075,0.00042,0.000418333333333333,0.000416666666666667,0,0,0.000065,0.00019,0.000205,0.00022,0.000235,0.00025,0.000075,0,1,0,0,0,0,0,0,1,1,1,1,1,1,1,1,1,1,1,1,1,1,1,1,1,1,1,1,1,1,1,1,1,1,1,1,1,1,1,1,1,1,1,1,1,1,1,1,1,1,1,1,1,1,1,1,1,1,1,1,1,1,1,1,1,1,1,1,1,1,1,1,1,1,1,1,1,1,1,1,0
2026-08-27 19:00:00,132.073209383333,0,0,0,0,0,0,0.188516666666667,6.52991166666667,18.8644616666667,24.7770416666667,19.543525,15.3567366666667,13.4808616666667,12.13919,11.3620933333333,3.73089666666667,1.515385,0.820851666666667,0.514753333333333,0.36019,0.35441,0.382083333333333,0.371545,0.263966666666667,0.189008333333333,0.14382,0.118318333333333,0.11017,0.0894816666666667,0.0931516666666667,0.07859,0.0774916666666667,0.0613416666666667,0.0571233333333333,0.0471033333333333,0.0373416666666667,0.04351,0.0365166666666667,0.021855,0.0170133333333333,0.0178416666666667,0.0122666666666667,0.0114133333333333,0.009895,0.0136233333333333,0.0102133333333333,0.00780833333333333,0.00971166666666667,0.0123766666666667,0.008355,0.00731,0.008725,0.00525166666666667,0.00626166666666667,0.006235,0.005,0.00504666666666667,0.00455166666666667,0.00376666666666667,0.00324333333333333,0.00417166666666667,0.00244333333333333,0.00267666666666667,0.00211666666666667,0.0005,0.000705,0.00168666666666667,0.000968333333333333,0.000416666666666667,0,0.00016,0.000751666666666667,0.000253333333333333,0.000273333333333333,0.000293333333333333,0.000313333333333333,0.000333333333333333,0.0001,0,1,0,0,0,0,0,0,1,1,1,1,1,1,1,1,1,1,1,1,1,1,1,1,1,1,1,1,1,1,1,1,1,1,1,1,1,1,1,1,1,1,1,1,1,1,1,1,1,1,1,1,1,1,1,1,1,1,1,1,1,1,1,1,1,1,1,1,1,1,1,1,1,1,1,1,1,1,1,1,0
2026-08-27 20:00:00,167.17423905,0,0,0,0,0,0,0.246246666666667,7.80401666666667,22.4226183333333,30.2214216666667,24.0570633333333,19.31445,17.46543,15.9936366666667,15.251825,5.13735666666667,2.22616333333333,1.236835,0.782901666666667,0.607926666666667,0.53372,0.508411666666667,0.456786666666667,0.315901666666667,0.22955,0.159303333333333,0.132315,0.127515,0.0964266666666667,0.09209,0.0741033333333333,0.072515,0.063695,0.0513883333333333,0.045175,0.0453966666666667,0.0395366666666667,0.0299233333333333,0.0185383333333333,0.0133133333333333,0.0145483333333333,0.01014,0.00919,0.00992666666666667,0.0104916666666667,0.0122316666666667,0.0128016666666667,0.00853333333333333,0.0101316666666667,0.00877666666666667,0.00817833333333333,0.00833833333333333,0.008705,0.00875833333333333,0.006235,0.00804,0.006995,0.00676333333333333,0.00234,0.00435166666666667,0.00398333333333333,0.00263166666666667,0.00275333333333333,0.00211666666666667,0.00126666666666667,0.00154833333333333,0.000558333333333333,0.000418333333333333,0.000416666666666667,0,0.00016,0.000296666666666667,0.000126666666666667,0.000136666666666667,0.000146666666666667,0.000156666666666667,0.000166666666666667,0.00005,0,1,0,0,0,0,0,0,1,1,1,1,1,1,1,1,1,1,1,1,1,1,1,1,1,1,1,1,1,1,1,1,1,1,1,1,1,1,1,1,1,1,1,1,1,1,1,1,1,1,1,1,1,1,1,1,1,1,1,1,1,1,1,1,1,1,1,1,1,1,1,1,1,1,1,1,1,1,1,1,0
2026-08-27 21:00:00,212.35440395,0,0,0,0,0,0,0.276916666666667,9.13595666666667,26.694305,36.4601066666667,29.991125,24.93479,23.1442733333333,22.1466283333333,22.3907616666667,7.50991833333333,3.192225,1.67852,0.99837,0.783573333333333,0.687626666666667,0.623185,0.627501666666667,0.415515,0.306463333333333,0.207735,0.18533,0.158876666666667,0.132521666666667,0.121413333333333,0.0944266666666667,0.0877383333333333,0.0690766666666667,0.0562983333333333,0.04499,0.052335,0.0439283333333333,0.0286666666666667,0.0244483333333333,0.01785,0.01993,0.01774,0.01149,0.01058,0.010205,0.00810833333333333,0.00614333333333333,0.010385,0.00827666666666667,0.00907666666666667,0.00640333333333333,0.0104583333333333,0.00942833333333333,0.00588166666666667,0.00735166666666667,0.00477166666666667,0.00622,0.00429666666666667,0.00265666666666667,0.00477666666666667,0.00332,0.00382166666666667,0.00133833333333333,0.000461666666666667,0.000693333333333333,0.00142166666666667,0.002095,0.001235,0.000851666666666667,0,0.00016,0.000275,0.0000633333333333333,0.0000683333333333333,0.0000733333333333333,0.0000783333333333333,0.0000833333333333333,0.000025,0,1,0,0,0,0,0,0,1,1,1,1,1,1,1,1,1,1,1,1,1,1,1,1,1,1,1,1,1,1,1,1,1,1,1,1,1,1,1,1,1,1,1,1,1,1,1,1,1,1,1,1,1,1,1,1,1,1,1,1,1,1,1,1,1,1,1,1,1,1,1,1,1,1,1,1,1,1,1,1,0
2026-08-27 22:00:00,162.93185285,0,0,0,0,0,0,0.193086666666667,6.468945,18.8362566666667,26.0192083333333,22.1442516666667,19.1137783333333,18.2583366666667,18.1173366666667,18.860575,6.70178666666667,2.93606,1.55720833333333,0.938868333333333,0.73671,0.637303333333333,0.606688333333333,0.548925,0.367358333333333,0.258478333333333,0.200003333333333,0.159165,0.156013333333333,0.119875,0.124308333333333,0.0917233333333333,0.0845416666666667,0.0671733333333333,0.06078,0.0459583333333333,0.0476316666666667,0.03644,0.03785,0.0263333333333333,0.02291,0.017835,0.012785,0.0133566666666667,0.0132283333333333,0.00936666666666667,0.00840333333333333,0.0110616666666667,0.01312,0.0129233333333333,0.00711833333333333,0.0100933333333333,0.0129833333333333,0.00835166666666667,0.00452333333333333,0.003215,0.00244666666666667,0.004415,0.00349666666666667,0.00242666666666667,0.00281666666666667,0.00355666666666667,0.001985,0.00166166666666667,0.00207833333333333,0.00169166666666667,0.00134,0.00042,0.000418333333333333,0.000416666666666667,0.000415,0,0.0000216666666666667,0.0000633333333333333,0.0000683333333333333,0.0000733333333333333,0.0000783333333333333,0.0000833333333333333,0.000025,0,1,0,0,0,0,0,0,1,1,1,1,1,1,1,1,1,1,1,1,1,1,1,1,1,1,1,1,1,1,1,1,1,1,1,1,1,1,1,1,1,1,1,1,1,1,1,1,1,1,1,1,1,1,1,1,1,1,1,1,1,1,1,1,1,1,1,1,1,1,1,1,1,1,1,1,1,1,1,1,0
2026-08-27 23:00:00,172.963265466667,0,0,0,0,0,0,0.273746666666667,8.30203166666667,23.052335,30.0034033333333,23.8580933333333,19.42331,17.665075,16.5333083333333,16.6321316666667,6.40114666666667,2.86181166666667,1.56115666666667,0.986803333333333,0.743565,0.586603333333333,0.533435,0.539453333333333,0.374473333333333,0.2525,0.20173,0.14889,0.140103333333333,0.118878333333333,0.098315,0.0909016666666667,0.06684,0.0625133333333333,0.049055,0.0456866666666667,0.039785,0.0357366666666667,0.02747,0.0220033333333333,0.01299,0.0168516666666667,0.0148666666666667,0.0174383333333333,0.0145,0.00987833333333333,0.013165,0.01489,0.0123083333333333,0.015285,0.009655,0.00988833333333333,0.00877166666666667,0.011435,0.0111016666666667,0.00932166666666667,0.006795,0.00498833333333333,0.00619166666666667,0.00325166666666667,0.00306666666666667,0.00436166666666667,0.00235666666666667,0.00215,0.00207833333333333,0.00207666666666667,0.00015,0.00084,0,0.000833333333333333,0,0,0.0000216666666666667,0.0000633333333333333,0.0000683333333333333,0.0000733333333333333,0.0000783333333333333,0.0000833333333333333,0.000025,0,1,0,0,0,0,0,0,1,1,1,1,1,1,1,1,1,1,1,1,1,1,1,1,1,1,1,1,1,1,1,1,1,1,1,1,1,1,1,1,1,1,1,1,1,1,1,1,1,1,1,1,1,1,1,1,1,1,1,1,1,1,1,1,1,1,1,1,1,1,1,1,1,1,1,1,1,1,1,1,0
2026-08-28,180.588879633333,0,0,0,0,0,0,0.246123333333333,7.70999833333333,22.6302816666667,31.065565,25.538255,21.0423133333333,19.361875,18.559015,19.0979566666667,6.899235,2.98325833333333,1.60582833333333,0.92335,0.717958333333333,0.590841666666667,0.563671666666667,0.54842,0.377385,0.257175,0.184113333333333,0.166406666666667,0.130118333333333,0.113251666666667,0.102223333333333,0.086825,0.080585,0.0655033333333333,0.0642933333333333,0.0532683333333333,0.046735,0.04825,0.0415933333333333,0.0287533333333333,0.02232,0.019805,0.0112416666666667,0.0140533333333333,0.0152216666666667,0.01224,0.01447,0.0108333333333333,0.01239,0.0134933333333333,0.0125533333333333,0.0158333333333333,0.00916,0.014005,0.00998333333333333,0.00914833333333333,0.00733666666666667,0.00762833333333333,0.00607666666666667,0.00422833333333333,0.00331666666666667,0.00256,0.00267,0.00274,0.00130833333333333,0.001345,0.000283333333333333,0.00126666666666667,0.00055,0.00105666666666667,0.000366666666666667,0.000653333333333333,0.000411666666666667,0,0,0,0,0,0,0,1,0,0,0,0,0,0,1,1,1,1,1,1,1,1,1,1,1,1,1,1,1,1,1,1,1,1,1,1,1,1,1,1,1,1,1,1,1,1,1,1,1,1,1,1,1,1,1,1,1,1,1,1,1,1,1,1,1,1,1,1,1,1,1,1,1,1,1,1,1,1,1,1,1,1,1,1,1,1,0
2026-08-28 01:00:00,110.754442616667,0,0,0,0,0,0,0.155371666666667,5.03534333333333,15.04674,20.288575,16.4376516666667,12.8913283333333,11.1967033333333,10.0828216666667,9.81641,3.86696833333333,1.61299833333333,0.911308333333333,0.616188333333333,0.473191666666667,0.430736666666667,0.395721666666667,0.435821666666667,0.294986666666667,0.234143333333333,0.155831666666667,0.139115,0.13579,0.117976666666667,0.10979,0.0996416666666667,0.09377,0.08122,0.07075,0.065955,0.0633916666666667,0.0546083333333333,0.0480983333333333,0.0369283333333333,0.0238866666666667,0.02059,0.0198633333333333,0.01899,0.0184233333333333,0.0174616666666667,0.0152616666666667,0.0144033333333333,0.01388,0.0143666666666667,0.0150266666666667,0.010225,0.01547,0.0116466666666667,0.00862666666666667,0.00853166666666667,0.00689833333333333,0.00559166666666667,0.00773166666666667,0.00506,0.00297333333333333,0.00313,0.00241,0.00166166666666667,0.000846666666666667,0.000881666666666667,0.000283333333333333,0.000978333333333333,0,0.00105666666666667,0.000193333333333333,0.000413333333333333,0.0000216666666666667,0.0000633333333333333,0.0000683333333333333,0.0000733333333333333,0.0000783333333333333,0.0000833333333333333,0.000025,0,1,0,0,0,0,0,0,1,1,1,1,1,1,1,1,1,1,1,1,1,1,1,1,1,1,1,1,1,1,1,1,1,1,1,1,1,1,1,1,1,1,1,1,1,1,1,1,1,1,1,1,1,1,1,1,1,1,1,1,1,1,1,1,1,1,1,1,1,1,1,1,1,1,1,1,1,1,1,1,0
2026-08-28 02:00:00,87.5795751666667,0,0,0,0,0,0,0.117531666666667,4.214645,12.499915,16.9481,13.1569633333333,9.91162166666667,8.16172,7.26220833333333,6.712675,2.84619166666667,1.21585666666667,0.695645,0.427453333333333,0.364995,0.337633333333333,0.321975,0.352641666666667,0.261263333333333,0.199366666666667,0.159351666666667,0.142028333333333,0.12055,0.119291666666667,0.11898,0.107965,0.0900166666666667,0.106003333333333,0.0898583333333333,0.06928,0.0679616666666667,0.0595,0.0500283333333333,0.0427733333333333,0.0325166666666667,0.03088,0.0219666666666667,0.0214933333333333,0.01609,0.0171183333333333,0.0134516666666667,0.0116383333333333,0.0148,0.0168116666666667,0.0145316666666667,0.00932833333333333,0.00628833333333333,0.006745,0.00527333333333333,0.00833833333333333,0.003215,0.00413166666666667,0.00123,0.00392833333333333,0.002965,0.00208666666666667,0.00229333333333333,0.00192833333333333,0.000923333333333333,0.00119,0.000918333333333333,0,0,0,0,0.00016,0.000275,0.0000633333333333333,0.0000683333333333333,0.0000733333333333333,0.0000783333333333333,0.0000833333333333333,0.000025,0,1,0,0,0,0,0,0,1,1,1,1,1,1,1,1,1,1,1,1,1,1,1,1,1,1,1,1,1,1,1,1,1,1,1,1,1,1,1,1,1,1,1,1,1,1,1,1,1,1,1,1,1,1,1,1,1,1,1,1,1,1,1,1,1,1,1,1,1,1,1,1,1,1,1,1,1,1,1,1,0
2026-08-28 03:00:00,104.498097116667,0,0,0,0,0,0,0.115125,4.17211166666667,13.261235,19.036455,15.683345,12.6196266666667,10.9956466666667,9.84175,9.03757333333333,3.25007,1.30076333333333,0.708625,0.459771666666667,0.360295,0.348065,0.322835,0.360401666666667,0.266646666666667,0.203608333333333,0.161005,0.133878333333333,0.128356666666667,0.112366666666667,0.12304,0.114456666666667,0.11053,0.092395,0.093485,0.08503,0.0692133333333333,0.0680516666666667,0.0514566666666667,0.0414133333333333,0.0297333333333333,0.0256116666666667,0.0190033333333333,0.0194133333333333,0.0248333333333333,0.014705,0.0156233333333333,0.0117683333333333,0.01153,0.0120383333333333,0.00558666666666667,0.0135616666666667,0.0109366666666667,0.00775833333333333,0.00607333333333333,0.00764833333333333,0.004535,0.00341166666666667,0.00374833333333333,0.00406166666666667,0.002035,0.00256,0.000748333333333333,0.00137666666666667,0.000423333333333333,0.00153666666666667,0.000571666666666667,0.00042,0,0.000416666666666667,0,0,0,0,0,0,0,0,0,0,1,0,0,0,0,0,0,1,1,1,1,1,1,1,1,1,1,1,1,1,1,1,1,1,1,1,1,1,1,1,1,1,1,1,1,1,1,1,1,1,1,1,1,1,1,1,1,1,1,1,1,1,1,1,1,1,1,1,1,1,1,1,1,1,1,1,1,1,1,1,1,1,1,1,1,1,1,1,1,0
2026-08-28 04:00:00,122.698472716667,0,0,0,0,0,0,0.100821666666667,4.10812833333333,13.4752316666667,20.3232816666667,18.0470316666667,15.59914,14.29092,13.4136183333333,12.7672466666667,3.938865,1.54354,0.876623333333333,0.551308333333333,0.419235,0.412935,0.380751666666667,0.396481666666667,0.292936666666667,0.213943333333333,0.152446666666667,0.136193333333333,0.138318333333333,0.133508333333333,0.129336666666667,0.108486666666667,0.105575,0.099755,0.0815833333333333,0.075955,0.0668466666666667,0.0589066666666667,0.04759,0.0402466666666667,0.02998,0.029225,0.0217533333333333,0.0241533333333333,0.01631,0.013175,0.0133716666666667,0.012875,0.011165,0.00743333333333333,0.00868833333333333,0.0122766666666667,0.00751666666666667,0.00617166666666667,0.00738666666666667,0.00508166666666667,0.0032,0.00395666666666667,0.00277666666666667,0.002975,0.00392,0.00170666666666667,0.000425,0,0.00119333333333333,0.0000766666666666667,0,0,0,0.000416666666666667,0,0,0,0,0,0,0,0,0,0,1,0,0,0,0,0,0,1,1,1,1,1,1,1,1,1,1,1,1,1,1,1,1,1,1,1,1,1,1,1,1,1,1,1,1,1,1,1,1,1,1,1,1,1,1,1,1,1,1,1,1,1,1,1,1,1,1,1,1,1,1,1,1,1,1,1,1,1,1,1,1,1,1,1,1,1,1,1,1,0
2026-08-28 05:00:00,190.756849933333,0,0,0,0,0,0,0.120815,4.96575833333333,16.2522066666667,25.51903,24.2821133333333,23.3415066666667,24.2252583333333,25.7632,27.738225,7.74077,3.13388833333333,1.50148,0.896131666666667,0.70497,0.60244,0.584033333333333,0.5738,0.343378333333333,0.256548333333333,0.18861,0.150648333333333,0.152203333333333,0.133988333333333,0.135673333333333,0.113855,0.103468333333333,0.100985,0.0801533333333333,0.0685283333333333,0.0718283333333333,0.06295,0.047475,0.0446383333333333,0.033025,0.0220083333333333,0.02274,0.0143283333333333,0.0126666666666667,0.01876,0.0110916666666667,0.01184,0.0118516666666667,0.005475,0.007445,0.01226,0.00966333333333333,0.00468,0.009255,0.00827333333333333,0.00348666666666667,0.00349833333333333,0.00309166666666667,0.00222833333333333,0.00135666666666667,0.00232333333333333,0.00173333333333333,0.00140166666666667,0.000846666666666667,0.000498333333333333,0,0,0.001215,0.00128666666666667,0,0.00016,0.000253333333333333,0,0,0,0,0,0,0,1,0,0,0,0,0,0,1,1,1,1,1,1,1,1,1,1,1,1,1,1,1,1,1,1,1,1,1,1,1,1,1,1,1,1,1,1,1,1,1,1,1,1,1,1,1,1,1,1,1,1,1,1,1,1,1,1,1,1,1,1,1,1,1,1,1,1,1,1,1,1,1,1,1,1,1,1,1,1,0
2026-08-28 06:00:00,168.993091833333,0,0,0,0,0,0,0.129726666666667,5.22661333333333,17.2690283333333,25.6772716666667,23.9093766666667,21.6027033333333,20.8176266666667,20.4894783333333,19.42422,5.64146333333333,2.34586,1.232985,0.766345,0.557531666666667,0.517755,0.47869,0.468935,0.311083333333333,0.242653333333333,0.177581666666667,0.18192,0.154815,0.142448333333333,0.131628333333333,0.119158333333333,0.125873333333333,0.103835,0.0969333333333333,0.0910983333333333,0.0714083333333333,0.056045,0.054205,0.0491233333333333,0.02437,0.0244016666666667,0.0222183333333333,0.0211716666666667,0.0157216666666667,0.0124533333333333,0.013555,0.00988166666666667,0.0118666666666667,0.00855833333333333,0.00849166666666667,0.010405,0.00583333333333333,0.00571833333333333,0.003785,0.00386333333333333,0.00368666666666667,0.00381333333333333,0.00415,0.001515,0.000678333333333333,0.00256,0.000748333333333333,0.000913333333333333,0.0000383333333333333,0.001615,0.000358333333333333,0.000138333333333333,0,0.000833333333333333,0,0,0.0000433333333333333,0.000126666666666667,0.000136666666666667,0.000146666666666667,0.000156666666666667,0.000166666666666667,0.00005,0,1,0,0,0,0,0,0,1,1,1,1,1,1,1,1,1,1,1,1,1,1,1,1,1,1,1,1,1,1,1,1,1,1,1,1,1,1,1,1,1,1,1,1,1,1,1,1,1,1,1,1,1,1,1,1,1,1,1,1,1,1,1,1,1,1,1,1,1,1,1,1,1,1,1,1,1,1,1,1,0
2026-08-28 07:00:00,115.301605966667,0,0,0,0,0,0,0.111921666666667,4.27143,13.9994766666667,20.8347433333333,18.1971483333333,15.0514583333333,13.092755,11.6352433333333,9.11791333333333,2.91846666666667,1.19110166666667,0.667418333333333,0.43746,0.347606666666667,0.327831666666667,0.31103,0.310045,0.241773333333333,0.18567,0.155421666666667,0.141451666666667,0.149875,0.12194,0.13096,0.107125,0.108796666666667,0.105051666666667,0.0877283333333333,0.068135,0.0754183333333333,0.0616083333333333,0.0543433333333333,0.03736,0.0262066666666667,0.0285783333333333,0.0212833333333333,0.020915,0.00965,0.0128066666666667,0.01517,0.00961166666666667,0.00745,0.0100583333333333,0.00834333333333333,0.00718166666666667,0.00633666666666667,0.00636,0.003055,0.00390166666666667,0.002735,0.00189166666666667,0.00347166666666667,0.000998333333333333,0.00093,0.000853333333333333,0.00192166666666667,0.000203333333333333,0.000423333333333333,0.00146166666666667,0.00093,0.00223833333333333,0,0.000416666666666667,0.000415,0,0.000065,0.00019,0.000205,0.00022,0.000235,0.00025,0.000075,0,1,0,0,0,0,0,0,1,1,1,1,1,1,1,1,1,1,1,1,1,1,1,1,1,1,1,1,1,1,1,1,1,1,1,1,1,1,1,1,1,1,1,1,1,1,1,1,1,1,1,1,1,1,1,1,1,1,1,1,1,1,1,1,1,1,1,1,1,1,1,1,1,1,1,1,1,1,1,1,0
2026-08-28 08:00:00,78.0699764833333,0,0,0,0,0,0,0.09136,3.49424666666667,10.8176066666667,15.20719,12.7282066666667,9.91733,8.002785,6.78008833333333,5.51208166666667,2.19559666666667,0.848395,0.521886666666667,0.363258333333333,0.287348333333333,0.26722,0.259783333333333,0.263938333333333,0.199868333333333,0.163871666666667,0.117261666666667,0.127305,0.121228333333333,0.107158333333333,0.130301666666667,0.101915,0.09299,0.0970983333333333,0.0703183333333333,0.0747966666666667,0.05873,0.0554966666666667,0.0437016666666667,0.033165,0.0229383333333333,0.0263616666666667,0.0194233333333333,0.0140283333333333,0.0158383333333333,0.0153366666666667,0.0118233333333333,0.01062,0.00962333333333333,0.00634333333333333,0.00599,0.00365,0.00293833333333333,0.00549666666666667,0.00383,0.00323166666666667,0.000968333333333333,0.00217833333333333,0.00280833333333333,0.00242666666666667,0.00153333333333333,0.00294,0.00452166666666667,0.001865,0.001655,0.00245833333333333,0.00225833333333333,0.00042,0,0.00147333333333333,0.000608333333333333,0.000826666666666667,0.000975,0.000443333333333333,0.000476666666666667,0.000511666666666667,0.000548333333333333,0.000585,0.000173333333333333,0,1,0,0,0,0,0,0,1,1,1,1,1,1,1,1,1,1,1,1,1,1,1,1,1,1,1,1,1,1,1,1,1,1,1,1,1,1,1,1,1,1,1,1,1,1,1,1,1,1,1,1,1,1,1,1,1,1,1,1,1,1,1,1,1,1,1,1,1,1,1,1,1,1,1,1,1,1,1,1,0
2026-08-28 09:00:00,66.3951809333333,0,0,0,0,0,0,0.0947816666666667,3.36825166666667,9.74185333333333,12.9155183333333,10.1155416666667,7.64960666666667,5.97410166666667,4.92342166666667,4.22589,2.31915666666667,0.898161666666667,0.518493333333333,0.366831666666667,0.252038333333333,0.235908333333333,0.239846666666667,0.250135,0.182581666666667,0.133611666666667,0.114665,0.107411666666667,0.122585,0.0931666666666667,0.0994433333333333,0.0894916666666667,0.08624,0.0738183333333333,0.0594216666666667,0.05348,0.0472466666666667,0.0399733333333333,0.0346983333333333,0.0234133333333333,0.0179766666666667,0.0159866666666667,0.0137983333333333,0.0115133333333333,0.00849666666666667,0.008315,0.007225,0.00825333333333333,0.006235,0.00526666666666667,0.00769666666666667,0.00805,0.00544833333333333,0.00480666666666667,0.00574833333333333,0.00666666666666667,0.00542833333333333,0.00332666666666667,0.002035,0.002855,0.00196333333333333,0.00384,0.0017,0.00119833333333333,0.000885,0.001575,0.00156166666666667,0.000696666666666667,0.00249,0.00210166666666667,0.00166,0.000826666666666667,0.00147333333333333,0.000696666666666667,0.000748333333333333,0.000803333333333333,0.000861666666666667,0.00092,0.000271666666666667,0,1,0,0,0,0,0,0,1,1,1,1,1,1,1,1,1,1,1,1,1,1,1,1,1,1,1,1,1,1,1,1,1,1,1,1,1,1,1,1,1,1,1,1,1,1,1,1,1,1,1,1,1,1,1,1,1,1,1,1,1,1,1,1,1,1,1,1,1,1,1,1,1,1,1,1,1,1,1,1,0
2026-08-28 10:00:00,70.6095854333333,0,0,0,0,0,0,0.1082,3.54819166666667,10.3208183333333,13.2650983333333,10.5037866666667,8.05189166666667,6.80701333333333,5.82995333333333,4.84498833333333,2.66042333333333,1.02646333333333,0.55449,0.386883333333333,0.313601666666667,0.24252,0.286076666666667,0.259665,0.184296666666667,0.150745,0.120573333333333,0.116785,0.114596666666667,0.091405,0.0991766666666667,0.0814866666666667,0.0755983333333333,0.0659466666666667,0.0683466666666667,0.05445,0.0532916666666667,0.0465633333333333,0.036225,0.0222516666666667,0.018635,0.018515,0.02009,0.012555,0.00730833333333333,0.00801166666666667,0.00779,0.007225,0.00987666666666667,0.008835,0.010365,0.00584,0.00376,0.00324333333333333,0.00424333333333333,0.002405,0.00483333333333333,0.001805,0.00243333333333333,0.00357833333333333,0.00161166666666667,0.00189666666666667,0.00215833333333333,0.000976666666666667,0.003465,0.001115,0.00156,0.00211333333333333,0.00193666666666667,0.00147333333333333,0.000608333333333333,0.00130666666666667,0.00104166666666667,0.000823333333333333,0.000888333333333333,0.000953333333333333,0.00101833333333333,0.00108333333333333,0.000325,0,1,0,0,0,0,0,0,1,1,1,1,1,1,1,1,1,1,1,1,1,1,1,1,1,1,1,1,1,1,1,1,1,1,1,1,1,1,1,1,1,1,1,1,1,1,1,1,1,1,1,1,1,1,1,1,1,1,1,1,1,1,1,1,1,1,1,1,1,1,1,1,1,1,1,1,1,1,1,1,0
2026-08-28 11:00:00,69.6198083833333,0,0,0,0,0,0,0.115386666666667,3.601715,10.428375,13.3073333333333,10.600255,8.20967666666667,6.83177166666667,6.09988166666667,4.18342666666667,1.714505,0.882691666666667,0.48995,0.369366666666667,0.267116666666667,0.258513333333333,0.247998333333333,0.234561666666667,0.188673333333333,0.172178333333333,0.110513333333333,0.0960616666666667,0.114625,0.0945533333333333,0.0978316666666667,0.0782516666666667,0.0855783333333333,0.0765,0.059805,0.060495,0.0580833333333333,0.0449966666666667,0.03534,0.02607,0.0168166666666667,0.017515,0.0131633333333333,0.00941833333333333,0.00871333333333333,0.00827666666666667,0.00702833333333333,0.0065,0.00762666666666667,0.004835,0.00818333333333333,0.00629333333333333,0.00717833333333333,0.000931666666666667,0.00266,0.002915,0.00271166666666667,0.00186333333333333,0.00395166666666667,0.00248166666666667,0.00324333333333333,0.00166,0.00207166666666667,0.000526666666666667,0.00196333333333333,0.001345,0.000358333333333333,0.00126666666666667,0.00138666666666667,0.00064,0.00119666666666667,0.00189333333333333,0.000108333333333333,0.000316666666666667,0.000341666666666667,0.000366666666666667,0.000391666666666667,0.000416666666666667,0.000125,0,1,0,0,0,0,0,0,1,1,1,1,1,1,1,1,1,1,1,1,1,1,1,1,1,1,1,1,1,1,1,1,1,1,1,1,1,1,1,1,1,1,1,1,1,1,1,1,1,1,1,1,1,1,1,1,1,1,1,1,1,1,1,1,1,1,1,1,1,1,1,1,1,1,1,1,1,1,1,1,0
2026-08-28 12:00:00,75.14244255,0,0,0,0,0,0,0.0982583333333333,3.81725333333333,11.001945,14.0932216666667,11.173785,8.72242666666667,7.31064,6.72938333333333,5.13757166666667,2.10743,0.985451666666667,0.555973333333333,0.365578333333333,0.279636666666667,0.277621666666667,0.291245,0.264448333333333,0.193311666666667,0.13898,0.116448333333333,0.117443333333333,0.101375,0.08587,0.093205,0.079615,0.08009,0.07365,0.05599,0.062,0.0475616666666667,0.04828,0.0365283333333333,0.033285,0.0173,0.015435,0.0148583333333333,0.0139933333333333,0.012575,0.0096,0.0118533333333333,0.00946666666666667,0.0116883333333333,0.00578166666666667,0.007545,0.00561666666666667,0.00831666666666667,0.00722333333333333,0.00811,0.00702666666666667,0.00346333333333333,0.004505,0.00453,0.00423,0.00289166666666667,0.00360333333333333,0.00438666666666667,0.00346333333333333,0.00408,0.001805,0.000918333333333333,0.002675,0.00191666666666667,0.001075,0.00161166666666667,0.00106666666666667,0.000541666666666667,0.00038,0.00041,0.00044,0.00047,0.0005,0.00015,0,1,0,0,0,0,0,0,1,1,1,1,1,1,1,1,1,1,1,1,1,1,1,1,1,1,1,1,1,1,1,1,1,1,1,1,1,1,1,1,1,1,1,1,1,1,1,1,1,1,1,1,1,1,1,1,1,1,1,1,1,1,1,1,1,1,1,1,1,1,1,1,1,1,1,1,1,1,1,1,0
2026-08-28 13:00:00,85.9155790333333,0,0,0,0,0,0,0.124021666666667,4.16979833333333,12.0505283333333,15.7613516666667,12.4307983333333,9.884415,8.81391,8.25191333333333,6.858215,2.38532,1.07529,0.597941666666667,0.383316666666667,0.278145,0.267716666666667,0.289106666666667,0.253885,0.190821666666667,0.133286666666667,0.0949766666666667,0.0801383333333333,0.0812466666666667,0.063325,0.057595,0.0561666666666667,0.0537733333333333,0.0488583333333333,0.05013,0.04314,0.036955,0.0315833333333333,0.029655,0.0200533333333333,0.01048,0.00756833333333333,0.00904,0.00959,0.0108616666666667,0.00861,0.00646166666666667,0.00650333333333333,0.00761166666666667,0.00473333333333333,0.00638166666666667,0.00557666666666667,0.00373666666666667,0.00692,0.00413,0.00303666666666667,0.00279166666666667,0.00295166666666667,0.00246666666666667,0.00260166666666667,0.00306333333333333,0.000806666666666667,0.00259833333333333,0.00162333333333333,0.000461666666666667,0.00368666666666667,0.00169833333333333,0.000138333333333333,0.001215,0.0000366666666666667,0.00100333333333333,0.00024,0.000888333333333333,0.00019,0.000205,0.00022,0.000235,0.00025,0.000075,0,1,0,0,0,0,0,0,1,1,1,1,1,1,1,1,1,1,1,1,1,1,1,1,1,1,1,1,1,1,1,1,1,1,1,1,1,1,1,1,1,1,1,1,1,1,1,1,1,1,1,1,1,1,1,1,1,1,1,1,1,1,1,1,1,1,1,1,1,1,1,1,1,1,1,1,1,1,1,1,0
2026-08-28 14:00:00,85.8246639833333,0,0,0,0,0,0,0.114013333333333,4.01321833333333,11.203745,14.2912316666667,11.808185,9.83388,9.26227333333333,9.48990166666667,7.74372833333333,2.86443333333333,1.29414166666667,0.651548333333333,0.413541666666667,0.33412,0.29797,0.280711666666667,0.251746666666667,0.160333333333333,0.105418333333333,0.08144,0.0626583333333333,0.0608,0.0488766666666667,0.041365,0.0420166666666667,0.0379333333333333,0.032525,0.0289316666666667,0.0303866666666667,0.0197216666666667,0.0184583333333333,0.01651,0.013985,0.0111183333333333,0.0116283333333333,0.014075,0.00818833333333333,0.0119483333333333,0.00850833333333333,0.0162116666666667,0.00924333333333333,0.00833666666666667,0.0111316666666667,0.00783,0.008135,0.00706333333333333,0.00662666666666667,0.00412833333333333,0.00859333333333333,0.00338833333333333,0.00567833333333333,0.00381166666666667,0.00331833333333333,0.00203833333333333,0.00417333333333333,0.002545,0.00350166666666667,0.00200166666666667,0.00172833333333333,0.00247333333333333,0.00197,0.000661666666666667,0.000658333333333333,0.00102333333333333,0.000986666666666667,0.00034,0.000253333333333333,0.000271666666666667,0.000291666666666667,0.000313333333333333,0.000335,0.0000983333333333333,0,1,0,0,0,0,0,0,1,1,1,1,1,1,1,1,1,1,1,1,1,1,1,1,1,1,1,1,1,1,1,1,1,1,1,1,1,1,1,1,1,1,1,1,1,1,1,1,1,1,1,1,1,1,1,1,1,1,1,1,1,1,1,1,1,1,1,1,1,1,1,1,1,1,1,1,1,1,1,1,0
2026-08-28 15:00:00,61.17454655,0,0,0,0,0,0,0.0890566666666667,2.77081666666667,7.90316333333333,10.13808,8.47323166666667,7.20311333333333,6.57929333333333,6.66984333333333,6.08059166666667,2.28697666666667,0.97995,0.505233333333333,0.31556,0.231708333333333,0.205658333333333,0.22113,0.19834,0.135368333333333,0.100365,0.0658866666666667,0.0557533333333333,0.0443583333333333,0.046425,0.0335666666666667,0.0343716666666667,0.028285,0.0232733333333333,0.0305383333333333,0.0235033333333333,0.0193866666666667,0.01411,0.0121583333333333,0.0108233333333333,0.01238,0.008445,0.00861333333333333,0.00550666666666667,0.0074,0.00498,0.00463666666666667,0.00549166666666667,0.00516666666666667,0.00366833333333333,0.00353333333333333,0.00734333333333333,0.00424,0.00365166666666667,0.00442,0.00303833333333333,0.00368166666666667,0.00266666666666667,0.00358166666666667,0.00157,0.00281833333333333,0.00147,0.00173333333333333,0.00306333333333333,0.000115,0.000346666666666667,0.000496666666666667,0.00112833333333333,0.000131666666666667,0,0.00083,0.000413333333333333,0.000108333333333333,0.000316666666666667,0.000341666666666667,0.000366666666666667,0.000391666666666667,0.000416666666666667,0.000125,0,1,0,0,0,0,0,0,1,1,1,1,1,1,1,1,1,1,1,1,1,1,1,1,1,1,1,1,1,1,1,1,1,1,1,1,1,1,1,1,1,1,1,1,1,1,1,1,1,1,1,1,1,1,1,1,1,1,1,1,1,1,1,1,1,1,1,1,1,1,1,1,1,1,1,1,1,1,1,1,0
2026-08-28 16:00:00,48.9364796333333,0,0,0,0,0,0,0.079895,2.70858333333333,7.51154,9.210325,7.08149333333333,5.381915,4.66041666666667,4.19400166666667,3.86491833333333,1.78872333333333,0.640565,0.321991666666667,0.199766666666667,0.153878333333333,0.14058,0.14252,0.135926666666667,0.101061666666667,0.06233,0.06378,0.0480516666666667,0.0441733333333333,0.03666,0.04424,0.0369083333333333,0.0350216666666667,0.0262833333333333,0.0228,0.0305516666666667,0.0183533333333333,0.01758,0.011755,0.0100283333333333,0.00792,0.00559166666666667,0.005395,0.00640333333333333,0.005635,0.00593,0.00887166666666667,0.00658166666666667,0.00429666666666667,0.007025,0.002915,0.00460166666666667,0.00205,0.00655666666666667,0.00499166666666667,0.00228166666666667,0.00268833333333333,0.00338333333333333,0.00166166666666667,0.000911666666666667,0.000855,0.00128,0.000748333333333333,0.000913333333333333,0.000423333333333333,0.000385,0.00078,0.000138333333333333,0,0.000416666666666667,0.000588333333333333,0.0004,0.000275,0.0000633333333333333,0.0000683333333333333,0.0000733333333333333,0.0000783333333333333,0.0000833333333333333,0.000025,0,1,0,0,0,0,0,0,1,1,1,1,1,1,1,1,1,1,1,1,1,1,1,1,1,1,1,1,1,1,1,1,1,1,1,1,1,1,1,1,1,1,1,1,1,1,1,1,1,1,1,1,1,1,1,1,1,1,1,1,1,1,1,1,1,1,1,1,1,1,1,1,1,1,1,1,1,1,1,1,0
2026-08-28 17:00:00,38.2577077166667,0,0,0,0,0,0,0.0695133333333333,2.39212166666667,6.27585166666667,7.625885,5.33659333333333,3.750975,3.09122,2.72406,2.40648833333333,1.36058166666667,0.61278,0.3756,0.237086666666667,0.191536666666667,0.182208333333333,0.163776666666667,0.160801666666667,0.12011,0.103041666666667,0.0702066666666667,0.06576,0.0537583333333333,0.0604316666666667,0.0602866666666667,0.0490833333333333,0.0510216666666667,0.0379483333333333,0.0334216666666667,0.0416016666666667,0.03406,0.027075,0.0205,0.0132383333333333,0.0107766666666667,0.00833,0.00948333333333333,0.0112183333333333,0.008715,0.00750833333333333,0.00534333333333333,0.00679166666666667,0.00529166666666667,0.00430166666666667,0.005865,0.004295,0.00335,0.002765,0.00191833333333333,0.001815,0.002665,0.001635,0.000858333333333333,0.00257,0,0.00019,0.000883333333333333,0.00147833333333333,0,0.000423333333333333,0.000283333333333333,0.000138333333333333,0,0,0,0,0.000823333333333333,0,0,0,0,0,0,0,1,0,0,0,0,0,0,1,1,1,1,1,1,1,1,1,1,1,1,1,1,1,1,1,1,1,1,1,1,1,1,1,1,1,1,1,1,1,1,1,1,1,1,1,1,1,1,1,1,1,1,1,1,1,1,1,1,1,1,1,1,1,1,1,1,1,1,1,1,1,1,1,1,1,1,1,1,1,1,0
2026-08-28 18:00:00,39.3694258333333,0,0,0,0,0,0,0.08041,2.51237833333333,6.72537833333333,8.02767,5.64567666666667,3.89504,2.994845,2.47900166666667,2.15569333333333,1.30059166666667,0.707896666666667,0.420795,0.307865,0.25487,0.233273333333333,0.19447,0.213231666666667,0.166078333333333,0.130366666666667,0.104921666666667,0.104708333333333,0.100415,0.0867516666666667,0.093085,0.069715,0.079975,0.0566333333333333,0.0523266666666667,0.054185,0.0405766666666667,0.0374483333333333,0.02618,0.01809,0.0136133333333333,0.0122583333333333,0.010595,0.00901166666666667,0.00535666666666667,0.00624,0.00459,0.00390166666666667,0.00337,0.00657,0.004995,0.00175666666666667,0.00542166666666667,0.001725,0.005055,0.00150666666666667,0.00177166666666667,0.000171666666666667,0.000688333333333333,0,0.00171,0,0.000748333333333333,0.000488333333333333,0.0000383333333333333,0,0,0,0,0,0,0,0.0000433333333333333,0.000126666666666667,0.000136666666666667,0.000146666666666667,0.000156666666666667,0.000166666666666667,0.00005,0,1,0,0,0,0,0,0,1,1,1,1,1,1,1,1,1,1,1,1,1,1,1,1,1,1,1,1,1,1,1,1,1,1,1,1,1,1,1,1,1,1,1,1,1,1,1,1,1,1,1,1,1,1,1,1,1,1,1,1,1,1,1,1,1,1,1,1,1,1,1,1,1,1,1,1,1,1,1,1,0
2026-08-28 19:00:00,40.9700744833333,0,0,0,0,0,0,0.093975,2.82007166666667,7.092755,8.24134,5.95631,4.28711166666667,3.44881333333333,2.93006166666667,2.44808,1.153945,0.5594,0.325506666666667,0.219305,0.17819,0.17634,0.147441666666667,0.139753333333333,0.106516666666667,0.102683333333333,0.0636166666666667,0.0639066666666667,0.0547,0.0545416666666667,0.0564716666666667,0.0418933333333333,0.041535,0.0352466666666667,0.02849,0.0269716666666667,0.0129416666666667,0.015555,0.0107366666666667,0.00914333333333333,0.00979333333333333,0.00843666666666667,0.00606333333333333,0.00650166666666667,0.00700333333333333,0.00340333333333333,0.00788333333333333,0.00584833333333333,0.00407666666666667,0.00354,0.00187,0.00388166666666667,0.00334833333333333,0.00293,0.00341666666666667,0.00276666666666667,0.00172,0.00189166666666667,0.00149,0.00322833333333333,0.00196166666666667,0.00213333333333333,0.000425,0.000425,0,0,0,0,0,0,0,0,0,0,0,0,0,0,0,0,1,0,0,0,0,0,0,1,1,1,1,1,1,1,1,1,1,1,1,1,1,1,1,1,1,1,1,1,1,1,1,1,1,1,1,1,1,1,1,1,1,1,1,1,1,1,1,1,1,1,1,1,1,1,1,1,1,1,1,1,1,1,1,1,1,1,1,1,1,1,1,1,1,1,1,1,1,1,1,0
2026-08-28 20:00:00,84.7303114833333,0,0,0,0,0,0,0.126133333333333,4.17871833333333,11.7547666666667,15.1731633333333,11.9323266666667,9.49202166666667,8.505205,8.215075,7.71886333333333,2.8384,1.31653333333333,0.697801666666667,0.424966666666667,0.352335,0.311976666666667,0.292933333333333,0.259985,0.18494,0.138361666666667,0.084315,0.07637,0.0713333333333333,0.0544283333333333,0.048085,0.05597,0.047115,0.039595,0.0303083333333333,0.0256866666666667,0.0216416666666667,0.0175416666666667,0.0139066666666667,0.013595,0.0111633333333333,0.0108433333333333,0.010155,0.007795,0.007445,0.00678333333333333,0.00557666666666667,0.00555666666666667,0.00788333333333333,0.00295333333333333,0.00574333333333333,0.00347,0.00496666666666667,0.00281166666666667,0.00250833333333333,0.004965,0.00278833333333333,0.00146166666666667,0.00149,0.00169,0.00136,0.000806666666666667,0.003245,0.001015,0.000461666666666667,0,0.001265,0.00042,0.000816666666666667,0.0000183333333333333,0,0.000413333333333333,0,0,0,0,0,0,0,0,1,0,0,0,0,0,0,1,1,1,1,1,1,1,1,1,1,1,1,1,1,1,1,1,1,1,1,1,1,1,1,1,1,1,1,1,1,1,1,1,1,1,1,1,1,1,1,1,1,1,1,1,1,1,1,1,1,1,1,1,1,1,1,1,1,1,1,1,1,1,1,1,1,1,1,1,1,1,1,0
2026-08-28 21:00:00,125.62351125,0,0,0,0,0,0,0.128361666666667,4.90731333333333,14.9970116666667,20.74184,17.55064,14.7447666666667,14.0566016666667,13.825855,13.57549,4.10517,1.87306,0.949586666666667,0.582911666666667,0.4532,0.372065,0.351276666666667,0.33692,0.203996666666667,0.142328333333333,0.108155,0.096775,0.0854266666666667,0.07336,0.0608666666666667,0.0522666666666667,0.0471766666666667,0.0327133333333333,0.0241633333333333,0.0247983333333333,0.02377,0.0211616666666667,0.018585,0.0142133333333333,0.0112433333333333,0.0109416666666667,0.00929333333333333,0.0114666666666667,0.00797,0.00824666666666667,0.00564666666666667,0.00506,0.00645166666666667,0.00822833333333333,0.00379666666666667,0.008135,0.00797666666666667,0.00485333333333333,0.00360833333333333,0.00528166666666667,0.00451333333333333,0.00260833333333333,0.00243833333333333,0.00305333333333333,0.00171,0.00298666666666667,0.00149666666666667,0.001015,0.000461666666666667,0.000423333333333333,0.000705,0.000558333333333333,0.000418333333333333,0.00064,0.000193333333333333,0.000413333333333333,0,0,0,0,0,0,0,0,1,0,0,0,0,0,0,1,1,1,1,1,1,1,1,1,1,1,1,1,1,1,1,1,1,1,1,1,1,1,1,1,1,1,1,1,1,1,1,1,1,1,1,1,1,1,1,1,1,1,1,1,1,1,1,1,1,1,1,1,1,1,1,1,1,1,1,1,1,1,1,1,1,1,1,1,1,1,1,0
2026-08-28 22:00:00,149.2212561,0,0,0,0,0,0,0.169055,5.59755166666667,16.9506783333333,23.4458083333333,20.082895,17.4811783333333,16.8179433333333,17.0085633333333,17.7488533333333,5.83480833333333,2.72750166666667,1.41804666666667,0.823016666666667,0.597091666666667,0.493081666666667,0.467131666666667,0.476403333333333,0.284386666666667,0.18276,0.128523333333333,0.105363333333333,0.0856183333333333,0.0631666666666667,0.0533266666666667,0.051695,0.048285,0.03804,0.0384483333333333,0.032615,0.033655,0.028615,0.0223683333333333,0.01414,0.014,0.0117183333333333,0.0125116666666667,0.01239,0.0130733333333333,0.00527166666666667,0.00817333333333333,0.00649666666666667,0.0062,0.00832333333333333,0.00742333333333333,0.0106483333333333,0.00590333333333333,0.00542666666666667,0.00442,0.002985,0.001985,0.00510333333333333,0.000373333333333333,0.00134,0.000853333333333333,0.00147,0.00056,0.0013,0.00211666666666667,0.0005,0,0.00042,0,0.000223333333333333,0.000193333333333333,0,0.0000216666666666667,0.0000633333333333333,0.0000683333333333333,0.0000733333333333333,0.0000783333333333333,0.0000833333333333333,0.000025,0,1,0,0,0,0,0,0,1,1,1,1,1,1,1,1,1,1,1,1,1,1,1,1,1,1,1,1,1,1,1,1,1,1,1,1,1,1,1,1,1,1,1,1,1,1,1,1,1,1,1,1,1,1,1,1,1,1,1,1,1,1,1,1,1,1,1,1,1,1,1,1,1,1,1,1,1,1,1,1,0
2026-08-28 23:00:00,130.87044375,0,0,0,0,0,0,0.171655,5.63327166666667,16.9635616666667,23.0267533333333,18.844195,15.4686283333333,14.0299833333333,13.5370083333333,13.2237333333333,4.03794333333333,1.791595,0.89738,0.552863333333333,0.39596,0.362716666666667,0.342765,0.300073333333333,0.190906666666667,0.143143333333333,0.0938983333333333,0.0963133333333333,0.0868933333333333,0.0709383333333333,0.068465,0.06913,0.0575,0.05012,0.0453716666666667,0.0393633333333333,0.0319566666666667,0.0320816666666667,0.0240816666666667,0.0188116666666667,0.0177833333333333,0.011835,0.0107666666666667,0.012005,0.00738,0.0101883333333333,0.008805,0.00607333333333333,0.00456833333333333,0.00600833333333333,0.00744166666666667,0.00539,0.00708666666666667,0.00489833333333333,0.003785,0.00375833333333333,0.00370333333333333,0.00415666666666667,0.00415666666666667,0.000395,0.00110666666666667,0.00104333333333333,0.000236666666666667,0.000386666666666667,0.0000383333333333333,0.000845,0,0.00042,0,0,0,0,0.0000433333333333333,0.000126666666666667,0.000136666666666667,0.000146666666666667,0.000156666666666667,0.000166666666666667,0.00005,0,1,0,0,0,0,0,0,1,1,1,1,1,1,1,1,1,1,1,1,1,1,1,1,1,1,1,1,1,1,1,1,1,1,1,1,1,1,1,1,1,1,1,1,1,1,1,1,1,1,1,1,1,1,1,1,1,1,1,1,1,1,1,1,1,1,1,1,1,1,1,1,1,1,1,1,1,1,1,1,0
2026-08-29,165.6143845,0,0,0,0,0,0,0.189821666666667,6.76696166666667,21.00869,29.541605,24.573055,20.342215,18.5906916666667,17.4142533333333,17.0562916666667,5.01893166666667,1.91702166666667,0.956838333333333,0.552815,0.400086666666667,0.363888333333333,0.329056666666667,0.327561666666667,0.199955,0.130016666666667,0.096795,0.0859116666666667,0.0853783333333333,0.0725616666666667,0.064965,0.0620283333333333,0.05779,0.0487133333333333,0.0463616666666667,0.0390683333333333,0.0281566666666667,0.03303,0.026515,0.0198483333333333,0.019125,0.01709,0.013175,0.0110183333333333,0.00743666666666667,0.009785,0.0109216666666667,0.009455,0.00937166666666667,0.00870666666666667,0.0106433333333333,0.00357833333333333,0.00829166666666667,0.00549666666666667,0.00588333333333333,0.00486833333333333,0.00420833333333333,0.00229333333333333,0.00303833333333333,0.00306166666666667,0.00143333333333333,0.000853333333333333,0.00107166666666667,0.000203333333333333,0.00207833333333333,0.0000383333333333333,0,0,0.000418333333333333,0,0,0,0,0,0,0,0,0,0,0,1,0,0,0,0,0,0,1,1,1,1,1,1,1,1,1,1,1,1,1,1,1,1,1,1,1,1,1,1,1,1,1,1,1,1,1,1,1,1,1,1,1,1,1,1,1,1,1,1,1,1,1,1,1,1,1,1,1,1,1,1,1,1,1,1,1,1,1,1,1,1,1,1,1,1,1,1,1,1,0
2026-08-29 01:00:00,157.164123766667,0,0,0,0,0,0,0.174655,5.85016166666667,18.4021483333333,25.9198816666667,22.4542633333333,19.2302683333333,18.1082483333333,17.671925,18.014775,5.72338,2.001755,0.963056666666667,0.488088333333333,0.388495,0.343241666666667,0.28897,0.285735,0.186348333333333,0.131091666666667,0.0974283333333333,0.0743216666666667,0.0778083333333333,0.0592583333333333,0.0567566666666667,0.0612933333333333,0.0527166666666667,0.045555,0.047405,0.0370866666666667,0.032375,0.02989,0.025045,0.016535,0.01539,0.0155516666666667,0.0119,0.009255,0.008035,0.0108283333333333,0.00825666666666667,0.00824333333333333,0.00656,0.00532,0.005025,0.00518333333333333,0.00496666666666667,0.00487666666666667,0.003265,0.00476166666666667,0.000615,0.001175,0.00217833333333333,0.00108666666666667,0.00110666666666667,0.00104333333333333,0.000236666666666667,0.000811666666666667,0.000846666666666667,0.0000383333333333333,0.000843333333333333,0.00042,0.000418333333333333,0,0,0,0,0,0,0,0,0,0,0,1,0,0,0,0,0,0,1,1,1,1,1,1,1,1,1,1,1,1,1,1,1,1,1,1,1,1,1,1,1,1,1,1,1,1,1,1,1,1,1,1,1,1,1,1,1,1,1,1,1,1,1,1,1,1,1,1,1,1,1,1,1,1,1,1,1,1,1,1,1,1,1,1,1,1,1,1,1,1,0
2026-08-29 02:00:00,163.547632083333,0,0,0,0,0,0,0.19,6.379145,20.0116483333333,27.8793016666667,23.5574233333333,19.8521833333333,18.257925,17.889215,17.2439583333333,4.98136,1.921085,0.961011666666667,0.595668333333333,0.448055,0.375375,0.351551666666667,0.351196666666667,0.23541,0.131128333333333,0.0879616666666667,0.10011,0.0881266666666667,0.0684933333333333,0.0753066666666667,0.0647916666666667,0.0683083333333333,0.0585416666666667,0.05133,0.0471666666666667,0.0426833333333333,0.0383,0.0268783333333333,0.0235366666666667,0.0112133333333333,0.0170683333333333,0.0153516666666667,0.0159266666666667,0.0117016666666667,0.0102733333333333,0.00977,0.01171,0.01169,0.010805,0.00686666666666667,0.00602833333333333,0.00423833333333333,0.00324333333333333,0.004605,0.00478,0.002975,0.00180666666666667,0.00149,0.002625,0.00128166666666667,0.00019,0.000985,0.000101666666666667,0.000808333333333333,0.00130666666666667,0,0,0,0,0,0,0,0,0,0,0,0,0,0,1,0,0,0,0,0,0,1,1,1,1,1,1,1,1,1,1,1,1,1,1,1,1,1,1,1,1,1,1,1,1,1,1,1,1,1,1,1,1,1,1,1,1,1,1,1,1,1,1,1,1,1,1,1,1,1,1,1,1,1,1,1,1,1,1,1,1,1,1,1,1,1,1,1,1,1,1,1,1,0
2026-08-29 03:00:00,145.229358566667,0,0,0,0,0,0,0.177783333333333,6.54560166666667,19.705955,26.5741366666667,21.6784983333333,17.48947,15.6087333333333,14.5984083333333,13.5797116666667,3.808055,1.65155833333333,0.848358333333333,0.530788333333333,0.368268333333333,0.345933333333333,0.309116666666667,0.310578333333333,0.206865,0.152595,0.09929,0.084725,0.106113333333333,0.074625,0.074025,0.0622466666666667,0.0633216666666667,0.05104,0.0484333333333333,0.0392533333333333,0.0383316666666667,0.03756,0.0231116666666667,0.019735,0.017545,0.0189433333333333,0.0120683333333333,0.012005,0.012045,0.01298,0.00794833333333333,0.00961833333333333,0.0105633333333333,0.009855,0.005025,0.00555166666666667,0.00332666666666667,0.00673166666666667,0.00466333333333333,0.00451,0.00365166666666667,0.00303833333333333,0.003295,0.002625,0.001285,0.00170666666666667,0.000748333333333333,0.000913333333333333,0.0000383333333333333,0.00126666666666667,0,0,0.000418333333333333,0.000416666666666667,0.000415,0,0.0000216666666666667,0.0000633333333333333,0.0000683333333333333,0.0000733333333333333,0.0000783333333333333,0.0000833333333333333,0.000025,0,1,0,0,0,0,0,0,1,1,1,1,1,1,1,1,1,1,1,1,1,1,1,1,1,1,1,1,1,1,1,1,1,1,1,1,1,1,1,1,1,1,1,1,1,1,1,1,1,1,1,1,1,1,1,1,1,1,1,1,1,1,1,1,1,1,1,1,1,1,1,1,1,1,1,1,1,1,1,1,0
2026-08-29 04:00:00,116.8908312,0,0,0,0,0,0,0.149566666666667,5.236,15.6380833333333,20.8831766666667,16.9425933333333,13.8647316666667,12.5176833333333,11.800475,11.34476,3.40899166666667,1.34658166666667,0.730078333333333,0.439071666666667,0.34805,0.304663333333333,0.300203333333333,0.303485,0.190706666666667,0.15814,0.10979,0.0881283333333333,0.080955,0.086645,0.0841616666666667,0.0648833333333333,0.0728866666666667,0.05374,0.05625,0.0529433333333333,0.044265,0.0346566666666667,0.0241533333333333,0.0279983333333333,0.0195433333333333,0.0136716666666667,0.0107683333333333,0.0135283333333333,0.00881,0.00944333333333333,0.008955,0.00577,0.00942166666666667,0.00572833333333333,0.00697,0.00838166666666667,0.00455666666666667,0.00490166666666667,0.00483333333333333,0.004905,0.00311333333333333,0.00146166666666667,0.00154666666666667,0.00241333333333333,0.00100666666666667,0.00232333333333333,0.00141,0.000951666666666667,0,0.000421666666666667,0,0.000288333333333333,0.00055,0,0,0,0,0,0,0,0,0,0,0,1,0,0,0,0,0,0,1,1,1,1,1,1,1,1,1,1,1,1,1,1,1,1,1,1,1,1,1,1,1,1,1,1,1,1,1,1,1,1,1,1,1,1,1,1,1,1,1,1,1,1,1,1,1,1,1,1,1,1,1,1,1,1,1,1,1,1,1,1,1,1,1,1,1,1,1,1,1,1,0
2026-08-29 05:00:00,185.250142633333,0,0,0,0,0,0,0.175518333333333,6.252315,19.7799883333333,28.8373133333333,25.342315,22.194875,21.3926816666667,21.8666216666667,22.0807533333333,6.25642333333333,2.86448666666667,1.42074333333333,0.876396666666667,0.702771666666667,0.585386666666667,0.624761666666667,0.585681666666667,0.36288,0.261471666666667,0.18244,0.15335,0.160763333333333,0.151016666666667,0.146023333333333,0.128528333333333,0.127793333333333,0.0966566666666667,0.0941516666666667,0.0925633333333333,0.092255,0.0600483333333333,0.0535416666666667,0.0418083333333333,0.0331283333333333,0.0296483333333333,0.0237366666666667,0.0185866666666667,0.0121683333333333,0.0147666666666667,0.0150983333333333,0.00736666666666667,0.00765,0.00713,0.00960833333333333,0.0058,0.00414666666666667,0.003815,0.000571666666666667,0.00334666666666667,0.000618333333333333,0.00240833333333333,0.00217666666666667,0.000756666666666667,0.00143666666666667,0.00189666666666667,0.00108666666666667,0.000425,0.000423333333333333,0,0.000843333333333333,0,0,0,0.000415,0,0.0000433333333333333,0.000126666666666667,0.000136666666666667,0.000146666666666667,0.000156666666666667,0.000166666666666667,0.00005,0,1,0,0,0,0,0,0,1,1,1,1,1,1,1,1,1,1,1,1,1,1,1,1,1,1,1,1,1,1,1,1,1,1,1,1,1,1,1,1,1,1,1,1,1,1,1,1,1,1,1,1,1,1,1,1,1,1,1,1,1,1,1,1,1,1,1,1,1,1,1,1,1,1,1,1,1,1,1,1,0
2026-08-29 06:00:00,183.085995216667,0,0,0,0,0,0,0.17571,6.32006,19.0838816666667,26.936395,23.2540583333333,20.83313,20.76231,21.7651083333333,23.5588516666667,7.46522,3.65408,1.97603333333333,1.22902833333333,0.981461666666667,0.858808333333333,0.878648333333333,0.87371,0.515196666666667,0.35293,0.235795,0.191976666666667,0.199381666666667,0.15086,0.158418333333333,0.141633333333333,0.122646666666667,0.11152,0.113948333333333,0.100071666666667,0.0930333333333333,0.0738366666666667,0.05116,0.03734,0.0327816666666667,0.02595,0.02703,0.0191816666666667,0.0166116666666667,0.013835,0.0119883333333333,0.00743666666666667,0.00975,0.00937333333333333,0.00735833333333333,0.00675,0.00458,0.00619666666666667,0.00207666666666667,0.002105,0.00483833333333333,0.001405,0.00149166666666667,0.000485,0.00170833333333333,0.00123333333333333,0.00132333333333333,0.000386666666666667,0.000885,0.00077,0.000358333333333333,0.000138333333333333,0,0.000416666666666667,0,0,0.0000216666666666667,0.0000633333333333333,0.0000683333333333333,0.0000733333333333333,0.0000783333333333333,0.0000833333333333333,0.000025,0,1,0,0,0,0,0,0,1,1,1,1,1,1,1,1,1,1,1,1,1,1,1,1,1,1,1,1,1,1,1,1,1,1,1,1,1,1,1,1,1,1,1,1,1,1,1,1,1,1,1,1,1,1,1,1,1,1,1,1,1,1,1,1,1,1,1,1,1,1,1,1,1,1,1,1,1,1,1,1,0
2026-08-29 07:00:00,148.010893766667,0,0,0,0,0,0,0.157225,5.55008833333333,16.693895,23.111755,19.5895316666667,16.9476666666667,16.339825,16.675295,17.4895316666667,5.65646333333333,2.62945,1.39173833333333,0.865068333333333,0.727931666666667,0.678581666666667,0.637096666666667,0.664831666666667,0.394243333333333,0.297078333333333,0.186781666666667,0.161946666666667,0.15536,0.145701666666667,0.118141666666667,0.121183333333333,0.119403333333333,0.0957583333333333,0.0982683333333333,0.0850816666666667,0.078815,0.0639916666666667,0.0499783333333333,0.0423266666666667,0.0249716666666667,0.0269283333333333,0.0159316666666667,0.021015,0.0100283333333333,0.0106716666666667,0.015815,0.01018,0.0101283333333333,0.00598333333333333,0.007415,0.0105233333333333,0.00417,0.00499333333333333,0.00640166666666667,0.003375,0.00346833333333333,0.00315333333333333,0.00191833333333333,0.001945,0.00623166666666667,0.00142333333333333,0.00263166666666667,0.00229,0.00257833333333333,0,0.000843333333333333,0.001705,0.000793333333333333,0.000241666666666667,0.00102333333333333,0,0.0000216666666666667,0.0000633333333333333,0.0000683333333333333,0.0000733333333333333,0.0000783333333333333,0.0000833333333333333,0.000025,0,1,0,0,0,0,0,0,1,1,1,1,1,1,1,1,1,1,1,1,1,1,1,1,1,1,1,1,1,1,1,1,1,1,1,1,1,1,1,1,1,1,1,1,1,1,1,1,1,1,1,1,1,1,1,1,1,1,1,1,1,1,1,1,1,1,1,1,1,1,1,1,1,1,1,1,1,1,1,1,0
2026-08-29 08:00:00,99.9012737,0,0,0,0,0,0,0.112631666666667,4.12422166666667,12.553125,17.3819916666667,14.2941766666667,11.55244,10.37009,9.98626333333333,10.07588,3.47360666666667,1.56316166666667,0.852538333333333,0.54041,0.423331666666667,0.419903333333333,0.402091666666667,0.439076666666667,0.281478333333333,0.242483333333333,0.157508333333333,0.152771666666667,0.153798333333333,0.121643333333333,0.139061666666667,0.110251666666667,0.11006,0.0912616666666667,0.0757266666666667,0.0725,0.0581483333333333,0.06194,0.039345,0.032735,0.0193216666666667,0.0169816666666667,0.01556,0.01185,0.0100833333333333,0.0135666666666667,0.00736333333333333,0.008395,0.008495,0.00529333333333333,0.005865,0.00431666666666667,0.005855,0.00535666666666667,0.005265,0.00366333333333333,0.00357666666666667,0.00197833333333333,0.00303666666666667,0.00211833333333333,0.00263833333333333,0.00294,0.00207333333333333,0.000526666666666667,0.000385,0.000461666666666667,0.000705,0.000558333333333333,0.000418333333333333,0.000416666666666667,0,0,0,0,0,0,0,0,0,0,1,0,0,0,0,0,0,1,1,1,1,1,1,1,1,1,1,1,1,1,1,1,1,1,1,1,1,1,1,1,1,1,1,1,1,1,1,1,1,1,1,1,1,1,1,1,1,1,1,1,1,1,1,1,1,1,1,1,1,1,1,1,1,1,1,1,1,1,1,1,1,1,1,1,1,1,1,1,1,0
2026-08-29 09:00:00,68.8063521166667,0,0,0,0,0,0,0.111286666666667,3.78964666666667,10.7811816666667,13.8399766666667,10.4731233333333,7.66361666666667,6.16027333333333,5.30042333333333,4.80804333333333,1.98924166666667,0.79232,0.462743333333333,0.295445,0.251128333333333,0.235036666666667,0.254958333333333,0.255023333333333,0.193663333333333,0.157826666666667,0.1236,0.124306666666667,0.11332,0.113016666666667,0.10971,0.0859033333333333,0.0856483333333333,0.0728783333333333,0.0683183333333333,0.0593183333333333,0.047575,0.0435516666666667,0.0300066666666667,0.02712,0.02006,0.0168583333333333,0.0136416666666667,0.0109116666666667,0.00725166666666667,0.00712666666666667,0.008195,0.00519666666666667,0.00455,0.00590666666666667,0.004215,0.00423333333333333,0.00544333333333333,0.00424666666666667,0.00428,0.00319833333333333,0.00306666666666667,0.003125,0.00111666666666667,0.00412666666666667,0.00229166666666667,0.000806666666666667,0.00271833333333333,0.00235333333333333,0.000923333333333333,0.000845,0,0.000288333333333333,0.00134666666666667,0.0000366666666666667,0,0.00016,0.000296666666666667,0.000126666666666667,0.000136666666666667,0.000146666666666667,0.000156666666666667,0.000166666666666667,0.00005,0,1,0,0,0,0,0,0,1,1,1,1,1,1,1,1,1,1,1,1,1,1,1,1,1,1,1,1,1,1,1,1,1,1,1,1,1,1,1,1,1,1,1,1,1,1,1,1,1,1,1,1,1,1,1,1,1,1,1,1,1,1,1,1,1,1,1,1,1,1,1,1,1,1,1,1,1,1,1,1,0
2026-08-29 10:00:00,33.7852294666667,0,0,0,0,0,0,0.08251,2.629015,6.570275,7.28083,4.85969166666667,3.17062333333333,2.293665,1.85946666666667,1.66310166666667,1.048175,0.431176666666667,0.259261666666667,0.193151666666667,0.147356666666667,0.138273333333333,0.151075,0.14905,0.122808333333333,0.104476666666667,0.0899866666666667,0.0837466666666667,0.076145,0.0595766666666667,0.07123,0.06703,0.05415,0.0539133333333333,0.0472683333333333,0.04317,0.032755,0.0247,0.0206483333333333,0.0165366666666667,0.00884333333333333,0.00789,0.00693666666666667,0.00669666666666667,0.00503833333333333,0.006805,0.00573333333333333,0.003615,0.00409666666666667,0.0015,0.00230333333333333,0.00433666666666667,0.00330333333333333,0.003675,0.00278166666666667,0.00176166666666667,0.00438,0.00100333333333333,0.00106,0.001515,0.000678333333333333,0.000853333333333333,0.00085,0.00119833333333333,0.000885,0.000885,0,0.000576666666666667,0.000681666666666667,0.00064,0.000193333333333333,0.000413333333333333,0,0,0,0,0,0,0,0,1,0,0,0,0,0,0,1,1,1,1,1,1,1,1,1,1,1,1,1,1,1,1,1,1,1,1,1,1,1,1,1,1,1,1,1,1,1,1,1,1,1,1,1,1,1,1,1,1,1,1,1,1,1,1,1,1,1,1,1,1,1,1,1,1,1,1,1,1,1,1,1,1,1,1,1,1,1,1,0
2026-08-29 11:00:00,35.98717805,0,0,0,0,0,0,0.0482666666666667,2.02312166666667,5.73271833333333,7.192105,5.31714333333333,3.79360666666667,3.02437166666667,2.61163333333333,2.260435,1.44715166666667,0.632423333333333,0.390405,0.2783,0.19801,0.18944,0.180965,0.190418333333333,0.136325,0.11493,0.0885,0.0816766666666667,0.0766816666666667,0.0778783333333333,0.0762466666666667,0.0614133333333333,0.0549283333333333,0.0403983333333333,0.0384733333333333,0.0287583333333333,0.03303,0.0237933333333333,0.0204,0.0152266666666667,0.013265,0.00941666666666667,0.008235,0.00823,0.00451166666666667,0.00614,0.004545,0.00541666666666667,0.00734,0.00399333333333333,0.00330666666666667,0.00334333333333333,0.003805,0.001995,0.003575,0.00176166666666667,0.00142666666666667,0.001635,0.000856666666666667,0.00257,0.000426666666666667,0.000853333333333333,0.001395,0.00150333333333333,0.0005,0,0,0,0,0,0,0.000413333333333333,0.0000216666666666667,0.0000633333333333333,0.0000683333333333333,0.0000733333333333333,0.0000783333333333333,0.0000833333333333333,0.000025,0,1,0,0,0,0,0,0,1,1,1,1,1,1,1,1,1,1,1,1,1,1,1,1,1,1,1,1,1,1,1,1,1,1,1,1,1,1,1,1,1,1,1,1,1,1,1,1,1,1,1,1,1,1,1,1,1,1,1,1,1,1,1,1,1,1,1,1,1,1,1,1,1,1,1,1,1,1,1,1,0
2026-08-29 12:00:00,49.6962267,0,0,0,0,0,0,0.0721916666666667,2.340965,7.23761,9.92919833333333,7.78056166666667,5.81585333333333,4.638675,3.83627833333333,3.17571666666667,1.49801166666667,0.599963333333333,0.36687,0.241998333333333,0.201473333333333,0.177138333333333,0.200511666666667,0.192966666666667,0.139578333333333,0.119671666666667,0.0913933333333333,0.083695,0.07867,0.0782533333333333,0.0646516666666667,0.0660883333333333,0.062625,0.0507983333333333,0.0491116666666667,0.03765,0.0379966666666667,0.0355966666666667,0.028315,0.0189166666666667,0.0128266666666667,0.0205466666666667,0.00756,0.00810333333333333,0.005105,0.004455,0.009655,0.00576666666666667,0.00326333333333333,0.00223833333333333,0.00536666666666667,0.00429666666666667,0.004965,0.00211166666666667,0.00203333333333333,0.00323166666666667,0.00228833333333333,0.001635,0.000373333333333333,0.00108666666666667,0.00153166666666667,0.000426666666666667,0.00107333333333333,0.00144,0.0000383333333333333,0.00119,0.000641666666666667,0.00127333333333333,0.000263333333333333,0,0,0,0,0,0,0,0,0,0,0,1,0,0,0,0,0,0,1,1,1,1,1,1,1,1,1,1,1,1,1,1,1,1,1,1,1,1,1,1,1,1,1,1,1,1,1,1,1,1,1,1,1,1,1,1,1,1,1,1,1,1,1,1,1,1,1,1,1,1,1,1,1,1,1,1,1,1,1,1,1,1,1,1,1,1,1,1,1,1,0
2026-08-29 13:00:00,96.8823605666667,0,0,0,0,0,0,0.143341666666667,4.48122833333333,13.08326,17.80051,14.8355733333333,11.876545,10.2825066666667,9.01050166666667,6.99853666666667,2.51641166666667,1.20445666666667,0.690313333333333,0.476643333333333,0.389666666666667,0.351056666666667,0.334911666666667,0.314083333333333,0.223125,0.16893,0.132383333333333,0.122571666666667,0.11907,0.094705,0.0922566666666667,0.084805,0.08183,0.0657733333333333,0.0557516666666667,0.04145,0.0354683333333333,0.0315683333333333,0.0220533333333333,0.0197866666666667,0.0133283333333333,0.0129266666666667,0.011045,0.00982333333333333,0.00753666666666667,0.00703,0.00927333333333333,0.00411666666666667,0.00337,0.00572833333333333,0.00509333333333333,0.00464333333333333,0.00248166666666667,0.00417833333333333,0.00279,0.00383833333333333,0.00185666666666667,0.003355,0.00129,0,0.000853333333333333,0.00170666666666667,0.00117333333333333,0.000526666666666667,0.000846666666666667,0,0.000283333333333333,0.000138333333333333,0.000418333333333333,0,0.000415,0.00016,0.000275,0.0000633333333333333,0.0000683333333333333,0.0000733333333333333,0.0000783333333333333,0.0000833333333333333,0.000025,0,1,0,0,0,0,0,0,1,1,1,1,1,1,1,1,1,1,1,1,1,1,1,1,1,1,1,1,1,1,1,1,1,1,1,1,1,1,1,1,1,1,1,1,1,1,1,1,1,1,1,1,1,1,1,1,1,1,1,1,1,1,1,1,1,1,1,1,1,1,1,1,1,1,1,1,1,1,1,1,0
2026-08-29 14:00:00,110.62015545,0,0,0,0,0,0,0.167931666666667,5.53462666666667,15.919225,20.9029333333333,16.472235,13.24898,11.6187,10.5072166666667,8.38789333333333,2.68840666666667,1.25031333333333,0.7471,0.532758333333333,0.413178333333333,0.355081666666667,0.341945,0.29058,0.228558333333333,0.179843333333333,0.129386666666667,0.105265,0.096015,0.0852166666666667,0.0812466666666667,0.0718883333333333,0.0750166666666667,0.0484633333333333,0.0454966666666667,0.03771,0.0313466666666667,0.0224633333333333,0.01953,0.0158533333333333,0.0129033333333333,0.0108483333333333,0.0082,0.00472833333333333,0.00336333333333333,0.00307666666666667,0.00581,0.00665166666666667,0.00454833333333333,0.00252,0.00531,0.00214833333333333,0.00248333333333333,0.00256833333333333,0.001365,0.00415666666666667,0.00233333333333333,0.00169166666666667,0.00166333333333333,0.00134,0.000855,0.00147,0.000985,0.00137666666666667,0.00119333333333333,0.000498333333333333,0.000283333333333333,0.000426666666666667,0.00055,0.000416666666666667,0,0,0.000411666666666667,0,0,0,0,0,0,0,1,0,0,0,0,0,0,1,1,1,1,1,1,1,1,1,1,1,1,1,1,1,1,1,1,1,1,1,1,1,1,1,1,1,1,1,1,1,1,1,1,1,1,1,1,1,1,1,1,1,1,1,1,1,1,1,1,1,1,1,1,1,1,1,1,1,1,1,1,1,1,1,1,1,1,1,1,1,1,0
2026-08-29 15:00:00,146.9061966,0,0,0,0,0,0,0.17307,6.31732833333333,19.579025,27.404785,22.6227416666667,18.2300133333333,16.11026,14.832245,12.1592966666667,3.11361333333333,1.23018666666667,0.6667,0.427346666666667,0.338113333333333,0.300223333333333,0.278463333333333,0.253881666666667,0.195013333333333,0.129351666666667,0.11026,0.0918816666666667,0.0870966666666667,0.07565,0.07454,0.0613583333333333,0.0534066666666667,0.0425433333333333,0.0418133333333333,0.036265,0.031285,0.02047,0.0141733333333333,0.0113166666666667,0.01243,0.00941666666666667,0.00712666666666667,0.00865666666666667,0.00753166666666667,0.00457333333333333,0.00327,0.00382833333333333,0.00487666666666667,0.00188,0.00507,0.00495,0.00294,0.00247333333333333,0.003055,0.00222833333333333,0.00105,0.00309666666666667,0.001435,0.00260333333333333,0.00136,0.000853333333333333,0,0.000386666666666667,0.000846666666666667,0.0000383333333333333,0.000988333333333333,0.000276666666666667,0.000418333333333333,0,0.000173333333333333,0.00024,0.0000216666666666667,0.0000633333333333333,0.0000683333333333333,0.0000733333333333333,0.0000783333333333333,0.0000833333333333333,0.000025,0,1,0,0,0,0,0,0,1,1,1,1,1,1,1,1,1,1,1,1,1,1,1,1,1,1,1,1,1,1,1,1,1,1,1,1,1,1,1,1,1,1,1,1,1,1,1,1,1,1,1,1,1,1,1,1,1,1,1,1,1,1,1,1,1,1,1,1,1,1,1,1,1,1,1,1,1,1,1,1,0
2026-08-29 16:00:00,168.780141666667,0,0,0,0,0,0,0.15498,6.50467166666667,21.0631,31.2766666666667,26.6390916666667,22.2275533333333,19.5187983333333,18.0001716666667,14.82654,3.60991833333333,1.38449,0.746601666666667,0.491195,0.367743333333333,0.31067,0.302105,0.259781666666667,0.190663333333333,0.144921666666667,0.105233333333333,0.0921683333333333,0.0888216666666667,0.0655766666666667,0.06235,0.0554416666666667,0.042415,0.0411633333333333,0.0290883333333333,0.03367,0.0256516666666667,0.0175616666666667,0.0176883333333333,0.01084,0.0115566666666667,0.0122533333333333,0.00775333333333333,0.00665666666666667,0.00700166666666667,0.00679166666666667,0.00643,0.00882166666666667,0.00407666666666667,0.00441,0.00606166666666667,0.00749166666666667,0.00590333333333333,0.00635833333333333,0.00478166666666667,0.00433,0.00193166666666667,0.001835,0.001975,0.00138166666666667,0.00289166666666667,0.00147,0.00236333333333333,0.00116,0.000961666666666667,0.000421666666666667,0.001265,0.00112833333333333,0.000131666666666667,0.00064,0.000193333333333333,0,0,0,0,0,0,0,0,0,1,0,0,0,0,0,0,1,1,1,1,1,1,1,1,1,1,1,1,1,1,1,1,1,1,1,1,1,1,1,1,1,1,1,1,1,1,1,1,1,1,1,1,1,1,1,1,1,1,1,1,1,1,1,1,1,1,1,1,1,1,1,1,1,1,1,1,1,1,1,1,1,1,1,1,1,1,1,1,0
2026-08-29 17:00:00,209.884380533333,0,0,0,0,0,0,0.20308,7.15368666666667,23.481925,35.1030633333333,30.88811,27.12111,25.562855,25.15622,23.030545,5.97697333333333,2.529315,1.32706,0.822008333333333,0.653708333333333,0.546155,0.513163333333333,0.473818333333333,0.31441,0.216568333333333,0.148558333333333,0.129741666666667,0.122218333333333,0.111963333333333,0.09833,0.074165,0.0644166666666667,0.045435,0.0410233333333333,0.0454583333333333,0.0371366666666667,0.025925,0.0174983333333333,0.01161,0.0125866666666667,0.0109733333333333,0.0107666666666667,0.00903166666666667,0.008865,0.00898,0.00776833333333333,0.00910833333333333,0.0121383333333333,0.00626166666666667,0.00385,0.00818,0.00920666666666667,0.006745,0.007785,0.00631333333333333,0.00609166666666667,0.00352666666666667,0.00223666666666667,0.003085,0.001785,0,0.000425,0.000425,0.00123166666666667,0.00046,0.000283333333333333,0.000138333333333333,0,0.000416666666666667,0,0,0.0000216666666666667,0.0000633333333333333,0.0000683333333333333,0.0000733333333333333,0.0000783333333333333,0.0000833333333333333,0.000025,0,1,0,0,0,0,0,0,1,1,1,1,1,1,1,1,1,1,1,1,1,1,1,1,1,1,1,1,1,1,1,1,1,1,1,1,1,1,1,1,1,1,1,1,1,1,1,1,1,1,1,1,1,1,1,1,1,1,1,1,1,1,1,1,1,1,1,1,1,1,1,1,1,1,1,1,1,1,1,1,0
2026-08-29 18:00:00,173.099628366667,0,0,0,0,0,0,0.20198,6.98835166666667,21.6781933333333,30.985305,25.42335,21.1908916666667,19.1267,18.1634333333333,16.286955,5.024705,2.27034166666667,1.296785,0.827006666666667,0.616445,0.5179,0.508198333333333,0.448155,0.293095,0.201313333333333,0.16398,0.122818333333333,0.0981416666666667,0.0799366666666667,0.0761333333333333,0.0578616666666667,0.0556366666666667,0.046615,0.0388133333333333,0.026705,0.02365,0.0206066666666667,0.0169833333333333,0.0134033333333333,0.0123333333333333,0.011825,0.00929666666666667,0.0102116666666667,0.00769166666666667,0.0121616666666667,0.0110216666666667,0.0102583333333333,0.00687,0.008485,0.0120266666666667,0.0154516666666667,0.00638166666666667,0.01074,0.00486666666666667,0.007185,0.00855166666666667,0.00828666666666667,0.00453166666666667,0.00647,0.00407666666666667,0.00294,0.00122166666666667,0.00265166666666667,0.00169333333333333,0,0,0.00126,0.000836666666666667,0.000416666666666667,0,0,0,0,0,0,0,0,0,0,1,0,0,0,0,0,0,1,1,1,1,1,1,1,1,1,1,1,1,1,1,1,1,1,1,1,1,1,1,1,1,1,1,1,1,1,1,1,1,1,1,1,1,1,1,1,1,1,1,1,1,1,1,1,1,1,1,1,1,1,1,1,1,1,1,1,1,1,1,1,1,1,1,1,1,1,1,1,1,0
2026-08-29 19:00:00,179.1482719,0,0,0,0,0,0,0.267333333333333,8.21814166666667,23.0712783333333,30.58814,25.7548516666667,21.25669,19.7283583333333,19.03038,17.3606883333333,5.41116166666667,2.36052,1.2625,0.803285,0.597708333333333,0.504578333333333,0.456228333333333,0.422396666666667,0.27641,0.177758333333333,0.135858333333333,0.107313333333333,0.0943233333333333,0.0751583333333333,0.0782583333333333,0.0609783333333333,0.0462716666666667,0.04004,0.0329133333333333,0.0298883333333333,0.027505,0.0168583333333333,0.01681,0.011715,0.0115533333333333,0.0116166666666667,0.0142883333333333,0.0104733333333333,0.00931,0.009755,0.0119933333333333,0.0116433333333333,0.0115466666666667,0.0142116666666667,0.00921,0.00558166666666667,0.01046,0.01018,0.0118183333333333,0.00796,0.00829666666666667,0.006825,0.00730833333333333,0.00667666666666667,0.00435,0.00251166666666667,0.00334666666666667,0.00222666666666667,0.000846666666666667,0.00161333333333333,0.00106333333333333,0.00153666666666667,0,0,0,0,0.0000216666666666667,0.0000633333333333333,0.0000683333333333333,0.0000733333333333333,0.0000783333333333333,0.0000833333333333333,0.000025,0,1,0,0,0,0,0,0,1,1,1,1,1,1,1,1,1,1,1,1,1,1,1,1,1,1,1,1,1,1,1,1,1,1,1,1,1,1,1,1,1,1,1,1,1,1,1,1,1,1,1,1,1,1,1,1,1,1,1,1,1,1,1,1,1,1,1,1,1,1,1,1,1,1,1,1,1,1,1,1,0
2026-08-29 20:00:00,227.921351633333,0,0,0,0,0,0,0.274365,8.73228666666667,24.947355,34.7757383333333,30.7342066666667,27.2523216666667,27.2980916666667,28.0380966666667,28.002995,7.95830333333333,3.167915,1.56582166666667,0.897233333333333,0.725718333333333,0.615193333333333,0.578468333333333,0.519565,0.328891666666667,0.211346666666667,0.152041666666667,0.13102,0.120001666666667,0.0917733333333333,0.107233333333333,0.0746883333333333,0.05796,0.0540066666666667,0.049055,0.0413266666666667,0.026395,0.02664,0.0166116666666667,0.016895,0.0139033333333333,0.0108666666666667,0.0107566666666667,0.0127216666666667,0.00974333333333333,0.00759666666666667,0.0112316666666667,0.0132983333333333,0.011875,0.00852833333333333,0.00767666666666667,0.0107483333333333,0.00756166666666667,0.0109833333333333,0.00903333333333333,0.0106933333333333,0.00969333333333333,0.00863166666666667,0.004815,0.00557666666666667,0.00570333333333333,0.00336666666666667,0.00207166666666667,0.000951666666666667,0.000808333333333333,0.000461666666666667,0.000705,0.00139833333333333,0,0,0.000173333333333333,0.0004,0.000275,0.0000633333333333333,0.0000683333333333333,0.0000733333333333333,0.0000783333333333333,0.0000833333333333333,0.000025,0,1,0,0,0,0,0,0,1,1,1,1,1,1,1,1,1,1,1,1,1,1,1,1,1,1,1,1,1,1,1,1,1,1,1,1,1,1,1,1,1,1,1,1,1,1,1,1,1,1,1,1,1,1,1,1,1,1,1,1,1,1,1,1,1,1,1,1,1,1,1,1,1,1,1,1,1,1,1,1,0
2026-08-29 21:00:00,261.1377632,0,0,0,0,0,0,0.211901666666667,7.09841,22.651575,34.0161616666667,32.141765,30.4816333333333,32.346665,35.9179083333333,40.2741683333333,12.18256,4.991415,2.25527833333333,1.23243833333333,0.887708333333333,0.745585,0.717755,0.625015,0.373711666666667,0.270473333333333,0.19737,0.166183333333333,0.145398333333333,0.117988333333333,0.10916,0.0953866666666667,0.0712766666666667,0.0627866666666667,0.0521333333333333,0.0443783333333333,0.0385283333333333,0.0270883333333333,0.0211966666666667,0.0160433333333333,0.0111833333333333,0.0122616666666667,0.0141066666666667,0.01061,0.0139983333333333,0.014585,0.00789833333333333,0.00983666666666667,0.00902166666666667,0.00708166666666667,0.00949833333333333,0.008205,0.0108716666666667,0.00833166666666667,0.00886666666666667,0.00688,0.00803333333333333,0.0043,0.004785,0.00415,0.00425166666666667,0.00227666666666667,0.00338,0.000305,0.00077,0.00219,0.000283333333333333,0.000846666666666667,0.000131666666666667,0.000833333333333333,0,0.000413333333333333,0.0000216666666666667,0.0000633333333333333,0.0000683333333333333,0.0000733333333333333,0.0000783333333333333,0.0000833333333333333,0.000025,0,1,0,0,0,0,0,0,1,1,1,1,1,1,1,1,1,1,1,1,1,1,1,1,1,1,1,1,1,1,1,1,1,1,1,1,1,1,1,1,1,1,1,1,1,1,1,1,1,1,1,1,1,1,1,1,1,1,1,1,1,1,1,1,1,1,1,1,1,1,1,1,1,1,1,1,1,1,1,1,0
2026-08-29 22:00:00,190.8606759,0,0,0,0,0,0,0.112625,4.03050666666667,13.3362033333333,21.3462983333333,21.4852316666667,22.1545566666667,25.2254766666667,29.5526566666667,33.7072666666667,10.645595,4.81530166666667,2.23176166666667,1.16303333333333,0.805583333333333,0.63115,0.560628333333333,0.435985,0.22521,0.129523333333333,0.0926033333333333,0.0925183333333333,0.0714633333333333,0.0595933333333333,0.0453916666666667,0.0471333333333333,0.0408916666666667,0.036405,0.031555,0.0239,0.01974,0.01802,0.0136933333333333,0.0105066666666667,0.00803666666666667,0.00876333333333333,0.00907166666666667,0.01004,0.006445,0.00663,0.00783166666666667,0.00555666666666667,0.00672333333333333,0.00593333333333333,0.005055,0.00551166666666667,0.00631166666666667,0.00463166666666667,0.00391833333333333,0.00514333333333333,0.006685,0.00177833333333333,0.00467666666666667,0.00537,0.00229166666666667,0.00275,0.00108666666666667,0.00166166666666667,0.00127,0.000806666666666667,0.000075,0,0.000418333333333333,0,0,0.00016,0.000665,0,0,0,0,0,0,0,1,0,0,0,0,0,0,1,1,1,1,1,1,1,1,1,1,1,1,1,1,1,1,1,1,1,1,1,1,1,1,1,1,1,1,1,1,1,1,1,1,1,1,1,1,1,1,1,1,1,1,1,1,1,1,1,1,1,1,1,1,1,1,1,1,1,1,1,1,1,1,1,1,1,1,1,1,1,1,0
2026-08-29 23:00:00,118.171390633333,0,0,0,0,0,0,0.045515,1.89129666666667,6.25592166666667,10.3345266666667,10.8909283333333,12.2572216666667,15.2000066666667,19.6295516666667,23.9842183333333,8.43534666666667,4.16850666666667,1.94298,0.996726666666667,0.741225,0.55823,0.481658333333333,0.358783333333333,0.148393333333333,0.0892333333333333,0.0578833333333333,0.0401916666666667,0.0316216666666667,0.0224,0.022565,0.0241016666666667,0.0139066666666667,0.0119383333333333,0.0154283333333333,0.01312,0.01135,0.013475,0.00814666666666667,0.00890666666666667,0.00522,0.007335,0.00606833333333333,0.0105516666666667,0.00638166666666667,0.00580666666666667,0.00619,0.00505333333333333,0.006705,0.00843833333333333,0.00597833333333333,0.00805166666666667,0.005925,0.00456333333333333,0.00607666666666667,0.00622333333333333,0.001845,0.0039,0.00186333333333333,0.00371166666666667,0.000678333333333333,0.00170666666666667,0.00224666666666667,0.001155,0.000385,0.000806666666666667,0.00078,0.000138333333333333,0.000418333333333333,0.000833333333333333,0.00083,0.000413333333333333,0.0000216666666666667,0.0000633333333333333,0.0000683333333333333,0.0000733333333333333,0.0000783333333333333,0.0000833333333333333,0.000025,0,1,0,0,0,0,0,0,1,1,1,1,1,1,1,1,1,1,1,1,1,1,1,1,1,1,1,1,1,1,1,1,1,1,1,1,1,1,1,1,1,1,1,1,1,1,1,1,1,1,1,1,1,1,1,1,1,1,1,1,1,1,1,1,1,1,1,1,1,1,1,1,1,1,1,1,1,1,1,1,0
2026-08-30,179.179080233333,0,0,0,0,0,0,0.0793216666666667,2.691975,8.67727166666667,13.8810366666667,14.263885,16.3738816666667,21.204385,28.5896616666667,37.656305,14.89915,7.67315166666667,3.79168166666667,2.13018166666667,1.56586,1.26776666666667,1.16533,0.938296666666667,0.39607,0.199358333333333,0.109351666666667,0.0767583333333333,0.05407,0.0405066666666667,0.032615,0.0265466666666667,0.0227833333333333,0.0205333333333333,0.0129366666666667,0.0108616666666667,0.0135183333333333,0.0119583333333333,0.00939166666666667,0.0101666666666667,0.00901666666666667,0.006675,0.00495833333333333,0.00518666666666667,0.00601333333333333,0.00764,0.004955,0.00513166666666667,0.00369666666666667,0.00853,0.005705,0.00896,0.00626666666666667,0.00907833333333333,0.00756333333333333,0.00442,0.00368166666666667,0.00240833333333333,0.002925,0.00343666666666667,0.003145,0.00104333333333333,0.002805,0.00164333333333333,0.00123166666666667,0.00127,0.00078,0.000846666666666667,0.00053,0.0000183333333333333,0,0,0,0,0,0,0,0,0,0,1,0,0,0,0,0,0,1,1,1,1,1,1,1,1,1,1,1,1,1,1,1,1,1,1,1,1,1,1,1,1,1,1,1,1,1,1,1,1,1,1,1,1,1,1,1,1,1,1,1,1,1,1,1,1,1,1,1,1,1,1,1,1,1,1,1,1,1,1,1,1,1,1,1,1,1,1,1,1,0
2026-08-30 01:00:00,192.3616259,0,0,0,0,0,0,0.0695183333333333,2.774935,9.71708166666667,16.1502616666667,17.1820683333333,19.069055,23.6119116666667,30.9236833333333,38.1851533333333,14.0586133333333,8.11887166666667,4.19923166666667,2.44170833333333,1.85386666666667,1.50601666666667,1.34066666666667,1.06391833333333,0.368378333333333,0.188403333333333,0.114026666666667,0.0678183333333333,0.0493433333333333,0.0370916666666667,0.0334383333333333,0.02178,0.0223616666666667,0.0225383333333333,0.0164533333333333,0.01664,0.01319,0.0131316666666667,0.0140316666666667,0.008565,0.00722666666666667,0.00810833333333333,0.005175,0.00764,0.00591333333333333,0.00718166666666667,0.01089,0.00997666666666667,0.0102233333333333,0.00956833333333333,0.0109633333333333,0.009635,0.00583333333333333,0.00610166666666667,0.00823166666666667,0.00587333333333333,0.00822666666666667,0.00811666666666667,0.003265,0.000856666666666667,0.00213666666666667,0.00275,0.002805,0.00249333333333333,0.000461666666666667,0,0.001265,0,0.000816666666666667,0.000881666666666667,0.000386666666666667,0.00016,0.000275,0.0000633333333333333,0.0000683333333333333,0.0000733333333333333,0.0000783333333333333,0.0000833333333333333,0.000025,0,1,0,0,0,0,0,0,1,1,1,1,1,1,1,1,1,1,1,1,1,1,1,1,1,1,1,1,1,1,1,1,1,1,1,1,1,1,1,1,1,1,1,1,1,1,1,1,1,1,1,1,1,1,1,1,1,1,1,1,1,1,1,1,1,1,1,1,1,1,1,1,1,1,1,1,1,1,1,1,0
2026-08-30 02:00:00,109.2879662,0,0,0,0,0,0,0.066385,2.50908833333333,8.10019833333333,12.132545,11.5105633333333,11.4875316666667,13.051275,16.06627,18.3406516666667,6.10411833333333,3.41552333333333,1.80682833333333,1.03540333333333,0.848651666666667,0.683013333333333,0.647871666666667,0.476808333333333,0.174851666666667,0.089035,0.0495383333333333,0.0388766666666667,0.03389,0.0223366666666667,0.0171116666666667,0.0137533333333333,0.0144616666666667,0.012545,0.0114566666666667,0.00843833333333333,0.00737166666666667,0.00859833333333333,0.0130916666666667,0.00796166666666667,0.00915666666666667,0.00875333333333333,0.01021,0.00760333333333333,0.00899166666666667,0.00930333333333333,0.0110283333333333,0.0119166666666667,0.0153483333333333,0.0114366666666667,0.00937666666666667,0.00794833333333333,0.00747,0.01029,0.0114616666666667,0.00838,0.00685166666666667,0.00708166666666667,0.00946166666666667,0.00427166666666667,0.00434833333333333,0.00388833333333333,0.00463333333333333,0.00166166666666667,0.00173166666666667,0.000768333333333333,0.00218333333333333,0.000288333333333333,0.00055,0.000416666666666667,0,0,0,0,0,0,0,0,0,0,1,0,0,0,0,0,0,1,1,1,1,1,1,1,1,1,1,1,1,1,1,1,1,1,1,1,1,1,1,1,1,1,1,1,1,1,1,1,1,1,1,1,1,1,1,1,1,1,1,1,1,1,1,1,1,1,1,1,1,1,1,1,1,1,1,1,1,1,1,1,1,1,1,1,1,1,1,1,1,0
2026-08-30 03:00:00,83.1180084,0,0,0,0,0,0,0.0861916666666667,2.77931,8.84216166666667,12.28239,10.6154733333333,9.55302666666667,9.500095,10.4784266666667,11.2615066666667,3.74591333333333,1.6376,0.825281666666667,0.44883,0.322426666666667,0.283546666666667,0.250791666666667,0.200118333333333,0.0913133333333333,0.071965,0.0313216666666667,0.03372,0.024305,0.0279116666666667,0.0315,0.0192616666666667,0.01993,0.02213,0.0206366666666667,0.0154783333333333,0.0188316666666667,0.0117566666666667,0.0100683333333333,0.0133033333333333,0.00968666666666667,0.00810833333333333,0.00966833333333333,0.0110233333333333,0.00796833333333333,0.017605,0.00839666666666667,0.00888,0.01049,0.0110833333333333,0.006925,0.00763833333333333,0.00711,0.00732666666666667,0.0100366666666667,0.0117766666666667,0.00725333333333333,0.003985,0.00358,0.00328333333333333,0.002815,0.00317666666666667,0.001835,0.00137666666666667,0.001655,0.00122833333333333,0.000075,0.000708333333333333,0.00053,0.0000183333333333333,0,0,0,0,0,0,0,0,0,0,1,0,0,0,0,0,0,1,1,1,1,1,1,1,1,1,1,1,1,1,1,1,1,1,1,1,1,1,1,1,1,1,1,1,1,1,1,1,1,1,1,1,1,1,1,1,1,1,1,1,1,1,1,1,1,1,1,1,1,1,1,1,1,1,1,1,1,1,1,1,1,1,1,1,1,1,1,1,1,0
2026-08-30 04:00:00,91.6062492166667,0,0,0,0,0,0,0.095665,3.17911666666667,9.97819,14.2824433333333,12.3209766666667,10.7507183333333,10.4659216666667,10.8454066666667,11.552155,3.700805,1.38465166666667,0.647811666666667,0.3651,0.279415,0.261085,0.229011666666667,0.23755,0.149753333333333,0.0997733333333333,0.0679216666666667,0.0553333333333333,0.05072,0.048965,0.044655,0.0401483333333333,0.03334,0.0328233333333333,0.0234566666666667,0.0300033333333333,0.0186683333333333,0.017595,0.0131333333333333,0.0155116666666667,0.00870666666666667,0.0104116666666667,0.0127283333333333,0.01026,0.00653666666666667,0.0149433333333333,0.00967333333333333,0.00969666666666667,0.01013,0.008505,0.0122616666666667,0.011065,0.010505,0.0111683333333333,0.00830166666666667,0.006355,0.006285,0.00364,0.00461833333333333,0.003625,0.003065,0.00189666666666667,0.000985,0.00176333333333333,0.001655,0.00126833333333333,0.000918333333333333,0.000288333333333333,0.00055,0.000223333333333333,0.000608333333333333,0,0.000433333333333333,0.0000633333333333333,0.0000683333333333333,0.0000733333333333333,0.0000783333333333333,0.0000833333333333333,0.000025,0,1,0,0,0,0,0,0,1,1,1,1,1,1,1,1,1,1,1,1,1,1,1,1,1,1,1,1,1,1,1,1,1,1,1,1,1,1,1,1,1,1,1,1,1,1,1,1,1,1,1,1,1,1,1,1,1,1,1,1,1,1,1,1,1,1,1,1,1,1,1,1,1,1,1,1,1,1,1,1,0
2026-08-30 05:00:00,81.3880395833333,0,0,0,0,0,0,0.096345,3.463235,9.953505,13.76193,11.158405,9.33493333333333,8.70693166666667,8.56071666666667,9.18555166666667,3.28365666666667,1.28464833333333,0.719291666666667,0.438056666666667,0.324196666666667,0.271716666666667,0.259901666666667,0.270668333333333,0.166731666666667,0.121035,0.0728433333333333,0.06464,0.056625,0.05111,0.0555583333333333,0.03359,0.0461433333333333,0.03347,0.0321966666666667,0.0244233333333333,0.019265,0.02198,0.01832,0.0137133333333333,0.0142033333333333,0.014895,0.0136033333333333,0.011755,0.01139,0.0112666666666667,0.00824,0.00802666666666667,0.00951166666666667,0.0112066666666667,0.00340833333333333,0.0120466666666667,0.00672,0.00739833333333333,0.00668166666666667,0.00580166666666667,0.00328,0.00487333333333333,0.00338666666666667,0.002965,0.00196166666666667,0.00275,0.00183666666666667,0.000913333333333333,0.000885,0.000846666666666667,0.000988333333333333,0.000696666666666667,0.000398333333333333,0.0000183333333333333,0.00083,0,0.000411666666666667,0,0,0,0,0,0,0,1,0,0,0,0,0,0,1,1,1,1,1,1,1,1,1,1,1,1,1,1,1,1,1,1,1,1,1,1,1,1,1,1,1,1,1,1,1,1,1,1,1,1,1,1,1,1,1,1,1,1,1,1,1,1,1,1,1,1,1,1,1,1,1,1,1,1,1,1,1,1,1,1,1,1,1,1,1,1,0
2026-08-30 06:00:00,88.0872134666667,0,0,0,0,0,0,0.0969316666666667,3.78079666666667,11.1550816666667,14.9116966666667,12.0401916666667,9.92588166666667,9.18369,8.97541666666667,9.09712833333333,3.30544833333333,1.35165333333333,0.743025,0.428486666666667,0.340091666666667,0.294183333333333,0.310276666666667,0.310761666666667,0.18157,0.121805,0.0934,0.0695516666666667,0.0617933333333333,0.04536,0.0481433333333333,0.042155,0.0417,0.0403416666666667,0.03091,0.0294733333333333,0.0272266666666667,0.0182233333333333,0.016815,0.0133316666666667,0.0112466666666667,0.00920666666666667,0.00774666666666667,0.01441,0.00887666666666667,0.00975333333333333,0.007495,0.00925666666666667,0.00876833333333333,0.007175,0.0109583333333333,0.00761666666666667,0.00829333333333333,0.00659,0.00514333333333333,0.0059,0.00722333333333333,0.00220666666666667,0.00324,0.002855,0.00281333333333333,0.00104333333333333,0.001835,0.00176333333333333,0.000846666666666667,0.0000383333333333333,0.000421666666666667,0.00042,0.000418333333333333,0.000416666666666667,0.000415,0.000413333333333333,0.0000216666666666667,0.0000633333333333333,0.0000683333333333333,0.0000733333333333333,0.0000783333333333333,0.0000833333333333333,0.000025,0,1,0,0,0,0,0,0,1,1,1,1,1,1,1,1,1,1,1,1,1,1,1,1,1,1,1,1,1,1,1,1,1,1,1,1,1,1,1,1,1,1,1,1,1,1,1,1,1,1,1,1,1,1,1,1,1,1,1,1,1,1,1,1,1,1,1,1,1,1,1,1,1,1,1,1,1,1,1,1,0
2026-08-30 07:00:00,96.5455304833333,0,0,0,0,0,0,0.120915,4.18380333333333,12.2410116666667,16.5357783333333,13.2848266666667,10.8861283333333,10.0848516666667,9.81365,9.86363166666667,3.742705,1.44431166666667,0.806725,0.468743333333333,0.37042,0.327033333333333,0.352881666666667,0.35303,0.22411,0.162076666666667,0.119738333333333,0.0898066666666667,0.0930716666666667,0.0808116666666667,0.086875,0.0751983333333333,0.0599866666666667,0.06381,0.0630666666666667,0.0451683333333333,0.0490416666666667,0.0401933333333333,0.0304433333333333,0.02448,0.0215483333333333,0.0192633333333333,0.015145,0.0126783333333333,0.00937,0.0119783333333333,0.0109466666666667,0.007085,0.00897166666666667,0.00807,0.00555333333333333,0.00598666666666667,0.00421666666666667,0.00535666666666667,0.00597,0.003215,0.00359666666666667,0.00172,0.00246666666666667,0.00166833333333333,0.00314333333333333,0.00256,0.00085,0.000425,0.00119333333333333,0.0005,0.000283333333333333,0.000558333333333333,0.001215,0.00026,0.000193333333333333,0,0.0000216666666666667,0.0000633333333333333,0.0000683333333333333,0.0000733333333333333,0.0000783333333333333,0.0000833333333333333,0.000025,0,1,0,0,0,0,0,0,1,1,1,1,1,1,1,1,1,1,1,1,1,1,1,1,1,1,1,1,1,1,1,1,1,1,1,1,1,1,1,1,1,1,1,1,1,1,1,1,1,1,1,1,1,1,1,1,1,1,1,1,1,1,1,1,1,1,1,1,1,1,1,1,1,1,1,1,1,1,1,1,0
2026-08-30 08:00:00,94.5048541166667,0,0,0,0,0,0,0.124933333333333,4.44983166666667,12.8534816666667,16.929745,13.3626216666667,10.8143183333333,9.779225,9.44255833333333,8.99475666666667,3.32234,1.28382833333333,0.679905,0.4188,0.328783333333333,0.320238333333333,0.315881666666667,0.30539,0.209001666666667,0.178875,0.114053333333333,0.105438333333333,0.104868333333333,0.0787183333333333,0.075525,0.083595,0.0828416666666667,0.0605966666666667,0.046135,0.049085,0.0495633333333333,0.0425233333333333,0.040745,0.0274783333333333,0.0236016666666667,0.0166416666666667,0.01469,0.0122333333333333,0.0113616666666667,0.0103433333333333,0.00967666666666667,0.006575,0.00856833333333333,0.00861166666666667,0.00737,0.00807166666666667,0.007615,0.00564666666666667,0.00402166666666667,0.00326833333333333,0.00145,0.00131833333333333,0.00329333333333333,0.00219666666666667,0.00256666666666667,0.00341333333333333,0.00159833333333333,0.00133833333333333,0.0000383333333333333,0.00126833333333333,0,0.00154833333333333,0.00055,0.000223333333333333,0.000781666666666667,0.000973333333333333,0.00102666666666667,0.000316666666666667,0.000341666666666667,0.000366666666666667,0.000391666666666667,0.000416666666666667,0.000125,0,1,0,0,0,0,0,0,1,1,1,1,1,1,1,1,1,1,1,1,1,1,1,1,1,1,1,1,1,1,1,1,1,1,1,1,1,1,1,1,1,1,1,1,1,1,1,1,1,1,1,1,1,1,1,1,1,1,1,1,1,1,1,1,1,1,1,1,1,1,1,1,1,1,1,1,1,1,1,1,0
2026-08-30 09:00:00,87.9898351,0,0,0,0,0,0,0.173758333333333,4.98791333333333,13.5917683333333,16.7466016666667,12.5770616666667,9.584685,8.255645,7.414405,6.66235,2.619005,1.07630666666667,0.57971,0.372993333333333,0.31528,0.297368333333333,0.305063333333333,0.319355,0.24145,0.187893333333333,0.139231666666667,0.129178333333333,0.128215,0.112486666666667,0.122378333333333,0.0827216666666667,0.099955,0.0840483333333333,0.078245,0.0747783333333333,0.061655,0.0628333333333333,0.0411633333333333,0.042985,0.0252066666666667,0.02332,0.0222433333333333,0.0159183333333333,0.0162766666666667,0.010935,0.01441,0.00720333333333333,0.00705166666666667,0.00787166666666667,0.00510833333333333,0.00505666666666667,0.00462666666666667,0.00792333333333333,0.003715,0.003865,0.00357166666666667,0.00478666666666667,0.00323833333333333,0.00131666666666667,0.00178333333333333,0.00275,0.00300833333333333,0.00314,0.00127,0.00165333333333333,0.001485,0.000985,0.00134666666666667,0.000453333333333333,0,0.00130666666666667,0.002125,0.00038,0.00041,0.00044,0.00047,0.0005,0.00015,0,1,0,0,0,0,0,0,1,1,1,1,1,1,1,1,1,1,1,1,1,1,1,1,1,1,1,1,1,1,1,1,1,1,1,1,1,1,1,1,1,1,1,1,1,1,1,1,1,1,1,1,1,1,1,1,1,1,1,1,1,1,1,1,1,1,1,1,1,1,1,1,1,1,1,1,1,1,1,1,0
2026-08-30 10:00:00,62.0446609333333,0,0,0,0,0,0,0.134636666666667,4.093825,11.1907583333333,12.61246,8.72452,6.06542,4.87440666666667,4.53624666666667,3.682915,1.55196,0.729223333333333,0.419441666666667,0.292845,0.258603333333333,0.271715,0.279038333333333,0.27727,0.246111666666667,0.193631666666667,0.149205,0.142935,0.138016666666667,0.134366666666667,0.132085,0.124271666666667,0.118575,0.0834333333333333,0.0913333333333333,0.0766383333333333,0.0751633333333333,0.0670383333333333,0.0562516666666667,0.0443816666666667,0.0324116666666667,0.0263916666666667,0.026195,0.0188133333333333,0.0139766666666667,0.0116166666666667,0.0114966666666667,0.0133766666666667,0.01232,0.0103166666666667,0.00703166666666667,0.00675,0.00335,0.003675,0.00296666666666667,0.001505,0.003925,0.001805,0.00318,0.00265666666666667,0.00136,0.00251333333333333,0.000898333333333333,0.00162333333333333,0.000885,0.00292,0.00106333333333333,0.00111666666666667,0.000836666666666667,0.00211333333333333,0.000801666666666667,0,0.000498333333333333,0.000253333333333333,0.000273333333333333,0.000293333333333333,0.000313333333333333,0.000333333333333333,0.0001,0,1,0,0,0,0,0,0,1,1,1,1,1,1,1,1,1,1,1,1,1,1,1,1,1,1,1,1,1,1,1,1,1,1,1,1,1,1,1,1,1,1,1,1,1,1,1,1,1,1,1,1,1,1,1,1,1,1,1,1,1,1,1,1,1,1,1,1,1,1,1,1,1,1,1,1,1,1,1,1,0
2026-08-30 11:00:00,51.8930185333333,0,0,0,0,0,0,0.100468333333333,3.197265,9.07336,10.7567783333333,7.67970666666667,5.35293166666667,4.26265,3.72143666666667,2.826955,1.49447,0.694446666666667,0.38512,0.245565,0.210338333333333,0.208221666666667,0.243125,0.232265,0.183976666666667,0.133,0.106891666666667,0.10162,0.108765,0.100216666666667,0.10682,0.08591,0.0895033333333333,0.0781,0.06972,0.0611883333333333,0.05435,0.0425683333333333,0.0364116666666667,0.03111,0.0212366666666667,0.015765,0.013585,0.012495,0.0119783333333333,0.0125766666666667,0.00831,0.00795666666666667,0.00590833333333333,0.00659166666666667,0.00457333333333333,0.002255,0.00462833333333333,0.00256666666666667,0.00248333333333333,0.00422666666666667,0.00338333333333333,0.00324166666666667,0.00217833333333333,0.00143666666666667,0.002035,0.00128,0.00149666666666667,0.001015,0.000423333333333333,0.00123,0.000358333333333333,0.000426666666666667,0.000968333333333333,0.00064,0.000193333333333333,0.00016,0.000773333333333333,0.000316666666666667,0.000341666666666667,0.000366666666666667,0.000391666666666667,0.000416666666666667,0.000125,0,1,0,0,0,0,0,0,1,1,1,1,1,1,1,1,1,1,1,1,1,1,1,1,1,1,1,1,1,1,1,1,1,1,1,1,1,1,1,1,1,1,1,1,1,1,1,1,1,1,1,1,1,1,1,1,1,1,1,1,1,1,1,1,1,1,1,1,1,1,1,1,1,1,1,1,1,1,1,1,0
2026-08-30 12:00:00,42.4818520666667,0,0,0,0,0,0,0.0606333333333333,2.15567166666667,6.280515,7.99132666666667,6.29502333333333,4.77714833333333,3.83344666666667,3.53558666666667,2.72936833333333,1.63006666666667,0.702988333333333,0.394638333333333,0.236946666666667,0.190881666666667,0.205266666666667,0.237425,0.193193333333333,0.151753333333333,0.11452,0.0861066666666667,0.0754716666666667,0.0877116666666667,0.0647483333333333,0.0799116666666667,0.05027,0.0661466666666667,0.0548783333333333,0.04778,0.050895,0.0397216666666667,0.0385766666666667,0.03433,0.0226316666666667,0.01607,0.0157633333333333,0.0127733333333333,0.0119583333333333,0.0112633333333333,0.00994666666666667,0.00726166666666667,0.0086,0.00937166666666667,0.00570166666666667,0.001475,0.0044,0.00462666666666667,0.005285,0.00397,0.00414666666666667,0.00174833333333333,0.002465,0.002605,0.00340333333333333,0.00178333333333333,0.00038,0.00217333333333333,0.001275,0.000423333333333333,0.000843333333333333,0.000283333333333333,0.000846666666666667,0.00138666666666667,0.000416666666666667,0.00083,0,0.00013,0.00038,0.00041,0.00044,0.00047,0.0005,0.00015,0,1,0,0,0,0,0,0,1,1,1,1,1,1,1,1,1,1,1,1,1,1,1,1,1,1,1,1,1,1,1,1,1,1,1,1,1,1,1,1,1,1,1,1,1,1,1,1,1,1,1,1,1,1,1,1,1,1,1,1,1,1,1,1,1,1,1,1,1,1,1,1,1,1,1,1,1,1,1,1,0
2026-08-30 13:00:00,41.6242172833333,0,0,0,0,0,0,0.055205,1.99796333333333,5.76589833333333,7.69657166666667,6.14971,4.731985,3.96883,3.57476333333333,2.59766333333333,1.65868666666667,0.69693,0.369481666666667,0.24881,0.20758,0.186556666666667,0.197636666666667,0.189728333333333,0.149773333333333,0.0997416666666667,0.0902833333333333,0.072075,0.0735016666666667,0.06452,0.0829466666666667,0.05562,0.0608,0.0458016666666667,0.0492416666666667,0.0408233333333333,0.0379466666666667,0.0302716666666667,0.02346,0.0326433333333333,0.0172966666666667,0.0130166666666667,0.010825,0.00948333333333333,0.00610333333333333,0.00687666666666667,0.00695166666666667,0.00274166666666667,0.00424166666666667,0.00318,0.003265,0.005075,0.00168666666666667,0.001925,0.00235,0.00176,0.00145666666666667,0.00324166666666667,0.000946666666666667,0.000428333333333333,0.000426666666666667,0.00170666666666667,0.001275,0.000811666666666667,0.00123166666666667,0.00119333333333333,0.000855,0.00126666666666667,0.000968333333333333,0.000416666666666667,0.000415,0,0.000151666666666667,0.000443333333333333,0.000478333333333333,0.000513333333333333,0.000548333333333333,0.000583333333333333,0.000175,0,1,0,0,0,0,0,0,1,1,1,1,1,1,1,1,1,1,1,1,1,1,1,1,1,1,1,1,1,1,1,1,1,1,1,1,1,1,1,1,1,1,1,1,1,1,1,1,1,1,1,1,1,1,1,1,1,1,1,1,1,1,1,1,1,1,1,1,1,1,1,1,1,1,1,1,1,1,1,1,0
2026-08-30 14:00:00,37.14783085,0,0,0,0,0,0,0.0382166666666667,1.546665,4.70267666666667,6.17660833333333,4.98009666666667,3.901315,3.63879,3.66799833333333,3.09907833333333,2.04169833333333,0.851593333333333,0.48451,0.289065,0.205166666666667,0.189756666666667,0.222813333333333,0.193953333333333,0.148511666666667,0.09701,0.0799433333333333,0.0680216666666667,0.0592616666666667,0.055745,0.0680833333333333,0.0423433333333333,0.0522633333333333,0.0383566666666667,0.0398066666666667,0.0390083333333333,0.0286833333333333,0.0286833333333333,0.0210566666666667,0.0178283333333333,0.00883,0.007115,0.005645,0.00368833333333333,0.00302,0.00338166666666667,0.00517166666666667,0.00557333333333333,0.00449666666666667,0.0031,0.00453833333333333,0.00204166666666667,0.000866666666666667,0.00302333333333333,0.00223666666666667,0.000731666666666667,0.000968333333333333,0.001835,0.001865,0.001745,0.000503333333333333,0.000853333333333333,0.001395,0.000305,0.000846666666666667,0,0,0,0,0.000416666666666667,0.000173333333333333,0.00024,0.000411666666666667,0,0,0,0,0,0,0,1,0,0,0,0,0,0,1,1,1,1,1,1,1,1,1,1,1,1,1,1,1,1,1,1,1,1,1,1,1,1,1,1,1,1,1,1,1,1,1,1,1,1,1,1,1,1,1,1,1,1,1,1,1,1,1,1,1,1,1,1,1,1,1,1,1,1,1,1,1,1,1,1,1,1,1,1,1,1,0
2026-08-30 15:00:00,39.0968856,0,0,0,0,0,0,0.0564133333333333,1.78307,4.97680333333333,6.19895666666667,4.91367,4.02330666666667,3.78553666666667,3.773885,3.42614333333333,2.15201,0.8941,0.51311,0.318443333333333,0.239661666666667,0.222108333333333,0.229278333333333,0.230391666666667,0.15438,0.109971666666667,0.0798433333333333,0.0870833333333333,0.0704283333333333,0.065575,0.0787566666666667,0.0477366666666667,0.0592516666666667,0.0441866666666667,0.0372083333333333,0.0337916666666667,0.030635,0.0345133333333333,0.0206866666666667,0.0162533333333333,0.01429,0.0113816666666667,0.004745,0.005335,0.00357666666666667,0.00506833333333333,0.00472333333333333,0.00419,0.00458666666666667,0.00526833333333333,0.00428333333333333,0.00627166666666667,0.00501,0.00225166666666667,0.00153333333333333,0.00366333333333333,0.00134166666666667,0.00086,0.00197833333333333,0.001625,0.00196,0.00170666666666667,0.000323333333333333,0.0013,0.00207833333333333,0.000115,0.000705,0.000138333333333333,0,0,0.00083,0,0.000411666666666667,0,0,0,0,0,0,0,1,0,0,0,0,0,0,1,1,1,1,1,1,1,1,1,1,1,1,1,1,1,1,1,1,1,1,1,1,1,1,1,1,1,1,1,1,1,1,1,1,1,1,1,1,1,1,1,1,1,1,1,1,1,1,1,1,1,1,1,1,1,1,1,1,1,1,1,1,1,1,1,1,1,1,1,1,1,1,0
2026-08-30 16:00:00,39.7701902333333,0,0,0,0,0,0,0.0592233333333333,1.76797833333333,4.95778666666667,6.01707833333333,4.854835,3.89620666666667,3.80834333333333,3.82182,3.90531333333333,2.61106,1.06201333333333,0.59255,0.376435,0.270273333333333,0.260055,0.26991,0.255085,0.199253333333333,0.173303333333333,0.128953333333333,0.117835,0.111865,0.0951683333333333,0.0904166666666667,0.08026,0.0824866666666667,0.0616566666666667,0.06316,0.0634683333333333,0.0469116666666667,0.0391216666666667,0.0294316666666667,0.02615,0.0221033333333333,0.0176266666666667,0.0196433333333333,0.0187866666666667,0.0142833333333333,0.00799833333333333,0.0115366666666667,0.0104016666666667,0.0105266666666667,0.00873666666666667,0.0115083333333333,0.00959833333333333,0.009205,0.00763,0.010975,0.00667833333333333,0.00386666666666667,0.00582,0.00501333333333333,0.00391833333333333,0.00271833333333333,0.00317666666666667,0.00386,0.001865,0.00423333333333333,0.001305,0.00112666666666667,0.00139833333333333,0.001235,0.001075,0.00137,0.00130833333333333,0.000583333333333333,0.000505,0.000545,0.000585,0.000626666666666667,0.000668333333333333,0.000198333333333333,0,1,0,0,0,0,0,0,1,1,1,1,1,1,1,1,1,1,1,1,1,1,1,1,1,1,1,1,1,1,1,1,1,1,1,1,1,1,1,1,1,1,1,1,1,1,1,1,1,1,1,1,1,1,1,1,1,1,1,1,1,1,1,1,1,1,1,1,1,1,1,1,1,1,1,1,1,1,1,1,0
2026-08-30 17:00:00,45.8702802166667,0,0,0,0,0,0,0.0475066666666667,1.74969,4.98138666666667,6.73007166666667,5.50607166666667,4.54375666666667,4.30493333333333,4.36045666666667,4.77763,3.216655,1.21594666666667,0.668415,0.407418333333333,0.333985,0.31342,0.31132,0.335578333333333,0.272771666666667,0.217021666666667,0.171065,0.141055,0.143531666666667,0.140645,0.127125,0.102043333333333,0.100113333333333,0.100546666666667,0.0843783333333333,0.0692766666666667,0.0567016666666667,0.0463566666666667,0.0363916666666667,0.0302316666666667,0.0222316666666667,0.0186216666666667,0.020765,0.0196833333333333,0.017675,0.014995,0.013125,0.0123633333333333,0.0109816666666667,0.0101366666666667,0.0103766666666667,0.00824333333333333,0.010025,0.00852666666666667,0.0114133333333333,0.00664666666666667,0.00599666666666667,0.00536333333333333,0.00180333333333333,0.00334833333333333,0.003925,0.00403,0.003435,0.00140166666666667,0.00288666666666667,0.00253833333333333,0.00254166666666667,0.00255,0.00176166666666667,0.0000183333333333333,0.00083,0.000573333333333333,0.000275,0.0000633333333333333,0.0000683333333333333,0.0000733333333333333,0.0000783333333333333,0.0000833333333333333,0.000025,0,1,0,0,0,0,0,0,1,1,1,1,1,1,1,1,1,1,1,1,1,1,1,1,1,1,1,1,1,1,1,1,1,1,1,1,1,1,1,1,1,1,1,1,1,1,1,1,1,1,1,1,1,1,1,1,1,1,1,1,1,1,1,1,1,1,1,1,1,1,1,1,1,1,1,1,1,1,1,1,0
2026-08-30 18:00:00,60.43871335,0,0,0,0,0,0,0.0743266666666667,2.24368333333333,6.51601333333333,8.8992,7.356425,5.99432166666667,5.77415166666667,6.041085,6.54768166666667,4.07044833333333,1.55488833333333,0.831763333333333,0.51046,0.427748333333333,0.394851666666667,0.413878333333333,0.431446666666667,0.323575,0.25123,0.165363333333333,0.175271666666667,0.15898,0.14629,0.124216666666667,0.112985,0.103638333333333,0.0976666666666667,0.0790933333333333,0.0733133333333333,0.060625,0.0504033333333333,0.037735,0.0308266666666667,0.0214166666666667,0.01347,0.00971,0.0126966666666667,0.0113316666666667,0.0110716666666667,0.0124733333333333,0.00743666666666667,0.00733833333333333,0.00662166666666667,0.00501333333333333,0.00724333333333333,0.00505833333333333,0.00376833333333333,0.005645,0.00352333333333333,0.001535,0.00347,0.00180666666666667,0.00119666666666667,0.00153333333333333,0.00104333333333333,0.00173333333333333,0.00105333333333333,0.00127,0,0.00183166666666667,0.000276666666666667,0,0.000223333333333333,0.000193333333333333,0.000413333333333333,0,0,0,0,0,0,0,0,1,0,0,0,0,0,0,1,1,1,1,1,1,1,1,1,1,1,1,1,1,1,1,1,1,1,1,1,1,1,1,1,1,1,1,1,1,1,1,1,1,1,1,1,1,1,1,1,1,1,1,1,1,1,1,1,1,1,1,1,1,1,1,1,1,1,1,1,1,1,1,1,1,1,1,1,1,1,1,0
2026-08-30 19:00:00,71.3975259833333,0,0,0,0,0,0,0.065685,2.559025,7.38811166666667,10.183495,8.41489333333333,7.07481833333333,6.857945,7.26126166666667,8.12628666666667,4.95152,1.79752666666667,0.979733333333333,0.604113333333333,0.487753333333333,0.466928333333333,0.481295,0.509375,0.39058,0.322215,0.206915,0.21296,0.205235,0.186016666666667,0.170443333333333,0.139106666666667,0.136453333333333,0.105475,0.0922583333333333,0.08697,0.0551083333333333,0.0477516666666667,0.03714,0.022745,0.0206933333333333,0.02068,0.0125716666666667,0.0128816666666667,0.008315,0.00897666666666667,0.0118616666666667,0.004175,0.006325,0.00610666666666667,0.00431,0.00674833333333333,0.00417,0.005215,0.00523,0.001735,0.002665,0.00352666666666667,0.00186166666666667,0.003965,0.000853333333333333,0.00213333333333333,0.001395,0.00111666666666667,0.00169333333333333,0.002,0.000571666666666667,0.000288333333333333,0.000131666666666667,0,0,0.000826666666666667,0.0000433333333333333,0.000126666666666667,0.000136666666666667,0.000146666666666667,0.000156666666666667,0.000166666666666667,0.00005,0,1,0,0,0,0,0,0,1,1,1,1,1,1,1,1,1,1,1,1,1,1,1,1,1,1,1,1,1,1,1,1,1,1,1,1,1,1,1,1,1,1,1,1,1,1,1,1,1,1,1,1,1,1,1,1,1,1,1,1,1,1,1,1,1,1,1,1,1,1,1,1,1,1,1,1,1,1,1,1,0
2026-08-30 20:00:00,85.3051735,0,0,0,0,0,0,0.0893916666666667,2.976265,8.80242333333333,11.8759516666667,10.06752,8.52547666666667,8.17551333333333,8.70943333333333,9.827315,6.32284,2.13797166666667,1.16914833333333,0.694813333333333,0.589226666666667,0.54366,0.580683333333333,0.618261666666667,0.486773333333333,0.366645,0.297903333333333,0.250673333333333,0.234725,0.235655,0.215416666666667,0.181571666666667,0.182331666666667,0.149048333333333,0.12873,0.115608333333333,0.0910033333333333,0.0658766666666667,0.0549066666666667,0.0383016666666667,0.0328883333333333,0.020565,0.0202916666666667,0.0140483333333333,0.0132016666666667,0.0170516666666667,0.00912666666666667,0.00916166666666667,0.00799,0.00906833333333333,0.00331833333333333,0.00297333333333333,0.00677,0.00477333333333333,0.003435,0.003485,0.002315,0.00332666666666667,0.00123166666666667,0.00126166666666667,0.00136,0.000426666666666667,0.000425,0.00119833333333333,0.00134666666666667,0,0.000283333333333333,0.000138333333333333,0.001235,0.000435,0,0.000413333333333333,0.0000216666666666667,0.0000633333333333333,0.0000683333333333333,0.0000733333333333333,0.0000783333333333333,0.0000833333333333333,0.000025,0,1,0,0,0,0,0,0,1,1,1,1,1,1,1,1,1,1,1,1,1,1,1,1,1,1,1,1,1,1,1,1,1,1,1,1,1,1,1,1,1,1,1,1,1,1,1,1,1,1,1,1,1,1,1,1,1,1,1,1,1,1,1,1,1,1,1,1,1,1,1,1,1,1,1,1,1,1,1,1,0
2026-08-30 21:00:00,71.3306529833333,0,0,0,0,0,0,0.0790416666666667,2.60427,7.51612833333333,10.1816883333333,8.33591,6.849675,6.58783,6.883805,7.8236,5.17567,1.828905,1.00806833333333,0.610006666666667,0.466045,0.462386666666667,0.501346666666667,0.508471666666667,0.431121666666667,0.344343333333333,0.241553333333333,0.230231666666667,0.233685,0.207895,0.20753,0.191876666666667,0.141458333333333,0.134311666666667,0.107813333333333,0.09095,0.079445,0.06233,0.0451866666666667,0.0371366666666667,0.0236766666666667,0.02002,0.0179616666666667,0.015125,0.0109233333333333,0.0101183333333333,0.00825,0.00765333333333333,0.00513,0.00555666666666667,0.00704333333333333,0.00394666666666667,0.00455666666666667,0.00172666666666667,0.00334666666666667,0.00255333333333333,0.00158166666666667,0.00266666666666667,0.00272,0.000285,0.00196,0.000853333333333333,0.00149666666666667,0.000203333333333333,0.00123166666666667,0.0000383333333333333,0,0,0,0,0,0,0.0000216666666666667,0.0000633333333333333,0.0000683333333333333,0.0000733333333333333,0.0000783333333333333,0.0000833333333333333,0.000025,0,1,0,0,0,0,0,0,1,1,1,1,1,1,1,1,1,1,1,1,1,1,1,1,1,1,1,1,1,1,1,1,1,1,1,1,1,1,1,1,1,1,1,1,1,1,1,1,1,1,1,1,1,1,1,1,1,1,1,1,1,1,1,1,1,1,1,1,1,1,1,1,1,1,1,1,1,1,1,1,0
2026-08-30 22:00:00,58.2424924333333,0,0,0,0,0,0,0.08,2.43499833333333,7.02282166666667,9.164925,7.23197666666667,5.77529,5.15114666666667,5.13061666666667,5.56176833333333,3.451895,1.28258833333333,0.769556666666667,0.447286666666667,0.39794,0.359096666666667,0.429556666666667,0.461638333333333,0.368018333333333,0.303033333333333,0.235285,0.229208333333333,0.210141666666667,0.177383333333333,0.188905,0.143736666666667,0.13118,0.131521666666667,0.0973683333333333,0.08178,0.0642216666666667,0.0566966666666667,0.03989,0.0293216666666667,0.0232116666666667,0.0189533333333333,0.0157783333333333,0.0185916666666667,0.0100883333333333,0.01482,0.00670166666666667,0.00694,0.006015,0.00939666666666667,0.008655,0.008935,0.00291666666666667,0.003815,0.00566333333333333,0.00386666666666667,0.001535,0.00338333333333333,0.00226666666666667,0.001935,0.00170833333333333,0.00256,0.00234666666666667,0.00144,0.00127,0.000885,0.000421666666666667,0.00042,0,0,0,0.000413333333333333,0,0,0,0,0,0,0,0,1,0,0,0,0,0,0,1,1,1,1,1,1,1,1,1,1,1,1,1,1,1,1,1,1,1,1,1,1,1,1,1,1,1,1,1,1,1,1,1,1,1,1,1,1,1,1,1,1,1,1,1,1,1,1,1,1,1,1,1,1,1,1,1,1,1,1,1,1,1,1,1,1,1,1,1,1,1,1,0
2026-08-30 23:00:00,40.4655566666667,0,0,0,0,0,0,0.0519866666666667,1.69697833333333,5.04214666666667,6.63653166666667,5.28639333333333,4.060475,3.59751666666667,3.35846166666667,3.63901,2.24657333333333,0.834866666666667,0.529683333333333,0.368396666666667,0.311108333333333,0.299073333333333,0.311051666666667,0.323283333333333,0.273025,0.233706666666667,0.176918333333333,0.169671666666667,0.164396666666667,0.146615,0.140801666666667,0.120811666666667,0.124885,0.101763333333333,0.0842633333333333,0.069315,0.06466,0.0483066666666667,0.0319266666666667,0.0242133333333333,0.02037,0.0212283333333333,0.0148966666666667,0.0136966666666667,0.01015,0.0159683333333333,0.0102633333333333,0.0104033333333333,0.009335,0.00718333333333333,0.00545833333333333,0.00605,0.00542166666666667,0.00903166666666667,0.00513166666666667,0.00487,0.00521166666666667,0.00292333333333333,0.00303333333333333,0.002295,0.002035,0.00251333333333333,0.00132333333333333,0.000811666666666667,0.00123166666666667,0.00161666666666667,0.00015,0.000576666666666667,0.000661666666666667,0.000435,0.000415,0,0.000433333333333333,0.0000633333333333333,0.0000683333333333333,0.0000733333333333333,0.0000783333333333333,0.0000833333333333333,0.000025,0,1,0,0,0,0,0,0,1,1,1,1,1,1,1,1,1,1,1,1,1,1,1,1,1,1,1,1,1,1,1,1,1,1,1,1,1,1,1,1,1,1,1,1,1,1,1,1,1,1,1,1,1,1,1,1,1,1,1,1,1,1,1,1,1,1,1,1,1,1,1,1,1,1,1,1,1,1,1,1,0
2026-08-31,16.7851454666667,0,0,0,0,0,0,0.0223733333333333,0.727396666666667,2.09468166666667,2.65153,2.01619666666667,1.540725,1.32925333333333,1.319625,1.39904833333333,0.970288333333333,0.401316666666667,0.2367,0.168891666666667,0.146586666666667,0.149611666666667,0.13025,0.14526,0.134368333333333,0.116175,0.0930466666666667,0.078265,0.081035,0.0674266666666667,0.0520733333333333,0.0591883333333333,0.0491616666666667,0.03688,0.0350066666666667,0.027005,0.0211633333333333,0.0167883333333333,0.0130933333333333,0.0124583333333333,0.0101866666666667,0.010065,0.006865,0.00841833333333333,0.00787333333333333,0.007935,0.00629833333333333,0.00274166666666667,0.00572666666666667,0.00351333333333333,0.00547666666666667,0.00672666666666667,0.00505833333333333,0.00463333333333333,0.005125,0.00237,0.00266,0.00392666666666667,0.00195166666666667,0.00268,0.000853333333333333,0.00189666666666667,0.000985,0.000101666666666667,0.00157833333333333,0.000461666666666667,0.000075,0.00084,0.000836666666666667,0.00105666666666667,0.000608333333333333,0,0.0000216666666666667,0.0000633333333333333,0.0000683333333333333,0.0000733333333333333,0.0000783333333333333,0.0000833333333333333,0.000025,0,1,0,0,0,0,0,0,1,1,1,1,1,1,1,1,1,1,1,1,1,1,1,1,1,1,1,1,1,1,1,1,1,1,1,1,1,1,1,1,1,1,1,1,1,1,1,1,1,1,1,1,1,1,1,1,1,1,1,1,1,1,1,1,1,1,1,1,1,1,1,1,1,1,1,1,1,1,1,1,0
2026-08-31 01:00:00,12.6087734833333,0,0,0,0,0,0,0.0186733333333333,0.531685,1.545095,1.93491333333333,1.54192666666667,1.21777666666667,1.06669833333333,0.99763,1.095485,0.774071666666667,0.325258333333333,0.171993333333333,0.133065,0.109835,0.10586,0.0946683333333333,0.094365,0.0962633333333333,0.0707633333333333,0.0578033333333333,0.04406,0.0495816666666667,0.03767,0.04075,0.0377183333333333,0.0237966666666667,0.0216633333333333,0.0164266666666667,0.0156916666666667,0.0112783333333333,0.00981666666666667,0.00845,0.00455166666666667,0.00673,0.00525,0.00236,0.00371166666666667,0.00563,0.00457666666666667,0.00310666666666667,0.00499,0.00248166666666667,0.00435333333333333,0.005865,0.00303833333333333,0.00412333333333333,0.00244833333333333,0.003575,0.00257166666666667,0.00357166666666667,0.001605,0.00255166666666667,0.00295333333333333,0.002715,0.00147,0.00108666666666667,0.000811666666666667,0.00127,0.0000383333333333333,0.000705,0.000138333333333333,0.000796666666666667,0.0000366666666666667,0,0,0.0000216666666666667,0.0000633333333333333,0.0000683333333333333,0.0000733333333333333,0.0000783333333333333,0.0000833333333333333,0.000025,0,1,0,0,0,0,0,0,1,1,1,1,1,1,1,1,1,1,1,1,1,1,1,1,1,1,1,1,1,1,1,1,1,1,1,1,1,1,1,1,1,1,1,1,1,1,1,1,1,1,1,1,1,1,1,1,1,1,1,1,1,1,1,1,1,1,1,1,1,1,1,1,1,1,1,1,1,1,1,1,0
2026-08-31 02:00:00,19.2420187,0,0,0,0,0,0,0.0148233333333333,0.75964,2.28936666666667,3.19590166666667,2.74067333333333,2.24882333333333,2.135195,1.97781,1.84344,0.679465,0.303195,0.157501666666667,0.106985,0.108085,0.083825,0.095415,0.0919033333333333,0.0740833333333333,0.0529833333333333,0.0419883333333333,0.0461366666666667,0.0376216666666667,0.0422833333333333,0.0308716666666667,0.02877,0.029435,0.023915,0.02328,0.0187633333333333,0.00912166666666667,0.011865,0.0106283333333333,0.00621833333333333,0.00693,0.00732833333333333,0.00429833333333333,0.005795,0.00485166666666667,0.00422833333333333,0.00442833333333333,0.003325,0.00513166666666667,0.00634333333333333,0.00239833333333333,0.00602833333333333,0.00544666666666667,0.00420166666666667,0.00228,0.00424333333333333,0.00325166666666667,0.00197833333333333,0.00292333333333333,0.00145,0.000853333333333333,0.00019,0.00141,0.00137666666666667,0.00161666666666667,0.000498333333333333,0.000705,0.000138333333333333,0,0,0,0,0.0000216666666666667,0.0000633333333333333,0.0000683333333333333,0.0000733333333333333,0.0000783333333333333,0.0000833333333333333,0.000025,0,1,0,0,0,0,0,0,1,1,1,1,1,1,1,1,1,1,1,1,1,1,1,1,1,1,1,1,1,1,1,1,1,1,1,1,1,1,1,1,1,1,1,1,1,1,1,1,1,1,1,1,1,1,1,1,1,1,1,1,1,1,1,1,1,1,1,1,1,1,1,1,1,1,1,1,1,1,1,1,0
2026-08-31 03:00:00,14.0818915932203,0,0,0,0,0,0,0.0164118644067797,0.698084745762712,2.02239491525424,2.58965423728814,2.05141016949153,1.52365254237288,1.29345762711864,1.18584237288136,1.07233050847458,0.47288813559322,0.204623728813559,0.135671186440678,0.107205084745763,0.0778576271186441,0.0712813559322034,0.0759932203389831,0.0782305084745763,0.0717932203389831,0.0631033898305085,0.0445084745762712,0.0390169491525424,0.0414542372881356,0.0253033898305085,0.0355,0.0338915254237288,0.0228067796610169,0.0245135593220339,0.0173322033898305,0.0168677966101695,0.0140067796610169,0.0114932203389831,0.0102576271186441,0.00477118644067797,0.0054,0.00900677966101695,0.00641186440677966,0.0036271186440678,0.00537966101694915,0.00402203389830509,0.00559152542372881,0.00300847457627119,0.00628474576271186,0.00317966101694915,0.00816779661016949,0.00432372881355932,0.00340677966101695,0.00498474576271186,0.00447627118644068,0.00427966101694915,0.00439152542372881,0.00166271186440678,0.00131016949152542,0.00192033898305085,0.000689830508474576,0.00149491525423729,0.0030593220338983,0.000206779661016949,0.000391525423728814,0.0000389830508474576,0,0.000427118644067797,0.000405084745762712,0.0000186440677966102,0,0,0,0,0,0,0,0,0,0,1,0,0,0,0,0,0,1,1,1,1,1,1,1,1,1,1,1,1,1,1,1,1,1,1,1,1,1,1,1,1,1,1,1,1,1,1,1,1,1,1,1,1,1,1,1,1,1,1,1,1,1,1,1,1,1,1,1,1,1,1,1,1,1,1,1,1,1,1,1,1,1,1,1,1,1,1,1,1,0
2026-08-31 04:00:00,18.2676971833333,0,0,0,0,0,0,0.0260633333333333,0.882711666666667,2.60765333333333,3.34194333333333,2.56080166666667,1.98390333333333,1.6419,1.49625666666667,1.308725,0.52869,0.264333333333333,0.161051666666667,0.11651,0.0964916666666667,0.0968466666666667,0.10182,0.0876616666666667,0.0623166666666667,0.07211,0.0452233333333333,0.0477916666666667,0.0437716666666667,0.0419383333333333,0.035545,0.0351266666666667,0.0339083333333333,0.02438,0.022585,0.017635,0.0159633333333333,0.0182083333333333,0.0124383333333333,0.00969666666666667,0.00685,0.00569333333333333,0.00474166666666667,0.00677333333333333,0.0062,0.00385333333333333,0.00769666666666667,0.00396333333333333,0.00674166666666667,0.00644166666666667,0.0061,0.00762,0.006655,0.00336,0.00469333333333333,0.00512333333333333,0.00340666666666667,0.00455833333333333,0.00335166666666667,0.003085,0.00221666666666667,0.00232333333333333,0.000661666666666667,0.000425,0,0,0.000566666666666667,0.000696666666666667,0,0,0,0,0,0,0,0,0,0,0,0,1,0,0,0,0,0,0,1,1,1,1,1,1,1,1,1,1,1,1,1,1,1,1,1,1,1,1,1,1,1,1,1,1,1,1,1,1,1,1,1,1,1,1,1,1,1,1,1,1,1,1,1,1,1,1,1,1,1,1,1,1,1,1,1,1,1,1,1,1,1,1,1,1,1,1,1,1,1,1,0
2026-08-31 05:00:00,22.5564067166667,0,0,0,0,0,0,0.0311283333333333,1.06064333333333,3.23318333333333,4.31002833333333,3.31706166666667,2.47909833333333,2.00372333333333,1.74422166666667,1.45233833333333,0.62745,0.309946666666667,0.195345,0.139135,0.121068333333333,0.105888333333333,0.118633333333333,0.109046666666667,0.0951616666666667,0.0747583333333333,0.0600233333333333,0.0537333333333333,0.05445,0.0426433333333333,0.0505016666666667,0.0411733333333333,0.0371133333333333,0.028635,0.0253716666666667,0.02371,0.0275316666666667,0.0198716666666667,0.0116083333333333,0.0085,0.01034,0.00679666666666667,0.008695,0.006115,0.00827666666666667,0.00685833333333333,0.00876166666666667,0.00446166666666667,0.00777666666666667,0.003155,0.007305,0.00811833333333333,0.007135,0.004655,0.00487833333333333,0.003575,0.00509833333333333,0.003985,0.00395333333333333,0.00102166666666667,0.00128,0.00038,0.000473333333333333,0,0.000423333333333333,0.000846666666666667,0.000283333333333333,0.000558333333333333,0,0.000416666666666667,0,0,0,0,0,0,0,0,0,0,1,0,0,0,0,0,0,1,1,1,1,1,1,1,1,1,1,1,1,1,1,1,1,1,1,1,1,1,1,1,1,1,1,1,1,1,1,1,1,1,1,1,1,1,1,1,1,1,1,1,1,1,1,1,1,1,1,1,1,1,1,1,1,1,1,1,1,1,1,1,1,1,1,1,1,1,1,1,1,0
2026-08-31 06:00:00,25.9944321166667,0,0,0,0,0,0,0.04081,1.37899666666667,3.94514666666667,5.349095,4.06166666666667,3.05420666666667,2.35475,1.94354666666667,1.52123166666667,0.640835,0.283075,0.180961666666667,0.113731666666667,0.102228333333333,0.109285,0.11207,0.12381,0.092045,0.073625,0.0691783333333333,0.0566533333333333,0.06359,0.0504816666666667,0.0493766666666667,0.0406733333333333,0.0465633333333333,0.0318166666666667,0.031075,0.0258666666666667,0.0233883333333333,0.0151166666666667,0.0167433333333333,0.0112316666666667,0.00747333333333333,0.00920166666666667,0.01061,0.00909333333333333,0.00547833333333333,0.00711,0.00859,0.00758333333333333,0.00543833333333333,0.00598,0.00470166666666667,0.0064,0.00674666666666667,0.00669833333333333,0.00501833333333333,0.00303166666666667,0.00516,0.00163333333333333,0.00297833333333333,0.005775,0.00246666666666667,0.000806666666666667,0.000796666666666667,0.00137666666666667,0.00127,0,0,0,0,0,0.000415,0,0,0,0,0,0,0,0,0,1,0,0,0,0,0,0,1,1,1,1,1,1,1,1,1,1,1,1,1,1,1,1,1,1,1,1,1,1,1,1,1,1,1,1,1,1,1,1,1,1,1,1,1,1,1,1,1,1,1,1,1,1,1,1,1,1,1,1,1,1,1,1,1,1,1,1,1,1,1,1,1,1,1,1,1,1,1,1,0
2026-08-31 07:00:00,29.4617773333333,0,0,0,0,0,0,0.05565,1.90164,5.27633,6.38781333333333,4.609075,3.220355,2.34934333333333,1.79431833333333,1.41849833333333,0.581,0.274028333333333,0.171538333333333,0.12248,0.102365,0.109098333333333,0.1198,0.128328333333333,0.099715,0.10189,0.07537,0.0694066666666667,0.0686883333333333,0.064685,0.0701216666666667,0.052475,0.0499166666666667,0.0492933333333333,0.045545,0.0380916666666667,0.0332233333333333,0.02845,0.023635,0.0117616666666667,0.0130066666666667,0.00756666666666667,0.01275,0.00906333333333333,0.00995333333333333,0.01042,0.00971666666666667,0.00678833333333333,0.00482166666666667,0.00580833333333333,0.00553,0.006315,0.00380666666666667,0.007735,0.00376666666666667,0.00476333333333333,0.00201666666666667,0.00450333333333333,0.00292333333333333,0.000943333333333333,0.00306833333333333,0.00128,0.002245,0.00073,0.000423333333333333,0.000421666666666667,0.000421666666666667,0,0,0,0,0,0.0000216666666666667,0.0000633333333333333,0.0000683333333333333,0.0000733333333333333,0.0000783333333333333,0.0000833333333333333,0.000025,0,1,0,0,0,0,0,0,1,1,1,1,1,1,1,1,1,1,1,1,1,1,1,1,1,1,1,1,1,1,1,1,1,1,1,1,1,1,1,1,1,1,1,1,1,1,1,1,1,1,1,1,1,1,1,1,1,1,1,1,1,1,1,1,1,1,1,1,1,1,1,1,1,1,1,1,1,1,1,1,0
2026-08-31 08:00:00,38.0968245333333,0,0,0,0,0,0,0.0698316666666667,2.28045666666667,6.34103833333333,7.88363,5.774835,4.07342833333333,3.21741,2.56718666666667,2.17114166666667,1.042765,0.411643333333333,0.234356666666667,0.167363333333333,0.139515,0.128088333333333,0.137288333333333,0.157518333333333,0.110856666666667,0.0919133333333333,0.08096,0.0786883333333333,0.0812716666666667,0.074775,0.080665,0.0610133333333333,0.0663933333333333,0.04874,0.0506466666666667,0.0442016666666667,0.0450883333333333,0.0316066666666667,0.022385,0.0232333333333333,0.01355,0.01533,0.0116166666666667,0.0119033333333333,0.00874666666666667,0.0117733333333333,0.00902,0.00622166666666667,0.004985,0.00721,0.00850666666666667,0.00854333333333333,0.00166333333333333,0.00428333333333333,0.00308,0.00286166666666667,0.00328,0.00384166666666667,0.00366833333333333,0.00174666666666667,0.00136,0.00128,0.00117333333333333,0.000526666666666667,0.00246333333333333,0.0000766666666666667,0.000421666666666667,0.00042,0,0.000416666666666667,0.000415,0,0.0000866666666666667,0.000253333333333333,0.000273333333333333,0.000293333333333333,0.000313333333333333,0.000333333333333333,0.0001,0,1,0,0,0,0,0,0,1,1,1,1,1,1,1,1,1,1,1,1,1,1,1,1,1,1,1,1,1,1,1,1,1,1,1,1,1,1,1,1,1,1,1,1,1,1,1,1,1,1,1,1,1,1,1,1,1,1,1,1,1,1,1,1,1,1,1,1,1,1,1,1,1,1,1,1,1,1,1,1,0
2026-08-31 09:00:00,44.3776285166667,0,0,0,0,0,0,0.075945,2.56423833333333,7.18424333333333,8.90847333333333,6.62969,4.71560166666667,3.78403666666667,3.29257666666667,2.93832166666667,1.47466833333333,0.556721666666667,0.324986666666667,0.202326666666667,0.157763333333333,0.156178333333333,0.1667,0.187246666666667,0.14434,0.114255,0.0895566666666667,0.111871666666667,0.094555,0.0829866666666667,0.072635,0.0728183333333333,0.0626116666666667,0.056735,0.05022,0.0478733333333333,0.0393666666666667,0.0390133333333333,0.0273083333333333,0.0150183333333333,0.01277,0.0133616666666667,0.0117066666666667,0.00832333333333333,0.00865666666666667,0.00806,0.00499333333333333,0.00274166666666667,0.00480333333333333,0.00560166666666667,0.00682666666666667,0.00388666666666667,0.00585833333333333,0.00725833333333333,0.005475,0.00469333333333333,0.00214166666666667,0.00461833333333333,0.001175,0.001825,0.00171,0.00019,0.000236666666666667,0.00208666666666667,0.000808333333333333,0.0000766666666666667,0.001265,0,0,0.000416666666666667,0,0,0,0,0,0,0,0,0,0,1,0,0,0,0,0,0,1,1,1,1,1,1,1,1,1,1,1,1,1,1,1,1,1,1,1,1,1,1,1,1,1,1,1,1,1,1,1,1,1,1,1,1,1,1,1,1,1,1,1,1,1,1,1,1,1,1,1,1,1,1,1,1,1,1,1,1,1,1,1,1,1,1,1,1,1,1,1,1,0
2026-08-31 10:00:00,50.37555455,0,0,0,0,0,0,0.0791083333333333,2.53857333333333,7.20577166666667,8.86569833333333,6.97084166666667,5.320615,4.73108833333333,4.45383833333333,4.30353833333333,2.37009166666667,0.90458,0.459301666666667,0.286015,0.23277,0.213713333333333,0.205648333333333,0.209051666666667,0.141528333333333,0.111043333333333,0.087475,0.09208,0.0941516666666667,0.078825,0.0843166666666667,0.0656016666666667,0.0580766666666667,0.0526316666666667,0.05173,0.050465,0.0371583333333333,0.03254,0.0288683333333333,0.017395,0.00907666666666667,0.013225,0.00739833333333333,0.0107283333333333,0.00856166666666667,0.00730333333333333,0.00639166666666667,0.00585,0.00349833333333333,0.00226666666666667,0.00535166666666667,0.00384,0.00460166666666667,0.00254333333333333,0.00100333333333333,0.00167333333333333,0.00223,0.000573333333333333,0.00106,0.00211833333333333,0.00264,0.00166,0.00132333333333333,0,0,0.000843333333333333,0.00112666666666667,0.000978333333333333,0.000418333333333333,0,0,0.000413333333333333,0.000541666666666667,0.00038,0.000408333333333333,0.000438333333333333,0.00047,0.000501666666666667,0.000148333333333333,0,1,0,0,0,0,0,0,1,1,1,1,1,1,1,1,1,1,1,1,1,1,1,1,1,1,1,1,1,1,1,1,1,1,1,1,1,1,1,1,1,1,1,1,1,1,1,1,1,1,1,1,1,1,1,1,1,1,1,1,1,1,1,1,1,1,1,1,1,1,1,1,1,1,1,1,1,1,1,1,0
2026-08-31 11:00:00,67.6187273333333,0,0,0,0,0,0,0.0972083333333333,3.259435,9.27672166666667,11.5964783333333,9.26384333333333,7.43223166666667,6.99946666666667,6.826555,5.81492666666667,2.93596,1.13930166666667,0.583406666666667,0.312328333333333,0.256946666666667,0.239746666666667,0.23537,0.204503333333333,0.151065,0.10072,0.0791883333333333,0.0762266666666667,0.0742083333333333,0.05823,0.07431,0.0491433333333333,0.060365,0.0442083333333333,0.03658,0.0371816666666667,0.0323333333333333,0.0267016666666667,0.0204883333333333,0.0185416666666667,0.0143166666666667,0.0108416666666667,0.00539,0.004425,0.006505,0.00636666666666667,0.005825,0.008035,0.00453,0.00453666666666667,0.00533666666666667,0.00383833333333333,0.00166333333333333,0.00299833333333333,0.003955,0.002755,0.00332666666666667,0.001405,0.001005,0.00114166666666667,0.000678333333333333,0.000616666666666667,0.002685,0.00168666666666667,0.00180833333333333,0.00161333333333333,0.00176166666666667,0.00126,0.000418333333333333,0,0.000415,0.000826666666666667,0.00091,0.000253333333333333,0.000273333333333333,0.000293333333333333,0.000313333333333333,0.000333333333333333,0.0001,0,1,0,0,0,0,0,0,1,1,1,1,1,1,1,1,1,1,1,1,1,1,1,1,1,1,1,1,1,1,1,1,1,1,1,1,1,1,1,1,1,1,1,1,1,1,1,1,1,1,1,1,1,1,1,1,1,1,1,1,1,1,1,1,1,1,1,1,1,1,1,1,1,1,1,1,1,1,1,1,0
2026-08-31 12:00:00,78.8517999,0,0,0,0,0,0,0.104288333333333,3.60139,10.441135,13.3767866666667,10.9463316666667,8.77090166666667,8.08581833333333,8.101395,7.03218166666667,3.196205,1.27214833333333,0.654673333333333,0.383028333333333,0.27872,0.249743333333333,0.251661666666667,0.232525,0.170766666666667,0.115241666666667,0.08062,0.079905,0.0760583333333333,0.06625,0.0591166666666667,0.0484666666666667,0.0558,0.0438516666666667,0.0427483333333333,0.033695,0.0310783333333333,0.0280533333333333,0.0230666666666667,0.0153233333333333,0.01232,0.01149,0.00713333333333333,0.00954833333333333,0.00567,0.00787166666666667,0.00353333333333333,0.00477833333333333,0.00509333333333333,0.00652333333333333,0.00334833333333333,0.00462333333333333,0.00335,0.002135,0.00110166666666667,0.00479666666666667,0.002815,0.00255166666666667,0.00240833333333333,0.002735,0.00128333333333333,0.00294,0.00197166666666667,0.00105333333333333,0.00211666666666667,0.000346666666666667,0.001485,0.000565,0.00055,0,0,0.000413333333333333,0.000065,0.00019,0.000205,0.00022,0.000235,0.00025,0.000075,0,1,0,0,0,0,0,0,1,1,1,1,1,1,1,1,1,1,1,1,1,1,1,1,1,1,1,1,1,1,1,1,1,1,1,1,1,1,1,1,1,1,1,1,1,1,1,1,1,1,1,1,1,1,1,1,1,1,1,1,1,1,1,1,1,1,1,1,1,1,1,1,1,1,1,1,1,1,1,1,0
2026-08-31 13:00:00,85.2834765333333,0,0,0,0,0,0,0.127156666666667,4.32583333333333,12.184505,15.086525,12.0029316666667,9.52190833333333,8.56430333333333,8.32188333333333,7.42615833333333,3.322425,1.29272,0.685893333333333,0.400441666666667,0.311023333333333,0.28978,0.269075,0.26014,0.18771,0.127908333333333,0.0923333333333333,0.0759316666666667,0.0869633333333333,0.06017,0.0559616666666667,0.045205,0.05071,0.04166,0.035625,0.04027,0.0251866666666667,0.0268466666666667,0.0199016666666667,0.0161916666666667,0.0113033333333333,0.010075,0.0101433333333333,0.00918833333333333,0.00433,0.00874166666666667,0.00535833333333333,0.00309333333333333,0.00581666666666667,0.00484166666666667,0.00502833333333333,0.005425,0.00209666666666667,0.00461,0.00391833333333333,0.00303666666666667,0.00104333333333333,0.002465,0.002495,0.00119833333333333,0.000678333333333333,0.00189666666666667,0.00130833333333333,0.000203333333333333,0.000423333333333333,0.000421666666666667,0,0,0,0.000223333333333333,0.000608333333333333,0,0.0000216666666666667,0.0000633333333333333,0.0000683333333333333,0.0000733333333333333,0.0000783333333333333,0.0000833333333333333,0.000025,0,1,0,0,0,0,0,0,1,1,1,1,1,1,1,1,1,1,1,1,1,1,1,1,1,1,1,1,1,1,1,1,1,1,1,1,1,1,1,1,1,1,1,1,1,1,1,1,1,1,1,1,1,1,1,1,1,1,1,1,1,1,1,1,1,1,1,1,1,1,1,1,1,1,1,1,1,1,1,1,0
2026-08-31 14:00:00,78.13623065,0,0,0,0,0,0,0.132378333333333,4.38692333333333,11.9248466666667,14.324495,11.0145366666667,8.465275,7.50370666666667,7.1538,6.32700666666667,2.82739333333333,1.16896166666667,0.599083333333333,0.354491666666667,0.286981666666667,0.247165,0.253068333333333,0.223388333333333,0.190075,0.120636666666667,0.0811883333333333,0.0844333333333333,0.08093,0.059,0.0708966666666667,0.0508633333333333,0.0515183333333333,0.0422333333333333,0.032135,0.0282666666666667,0.0252583333333333,0.02035,0.0240483333333333,0.0150466666666667,0.0105466666666667,0.011055,0.00950166666666667,0.00916333333333333,0.00526166666666667,0.005415,0.00514166666666667,0.003385,0.00837166666666667,0.00246666666666667,0.004135,0.00546833333333333,0.00378166666666667,0.00526333333333333,0.00412833333333333,0.00379333333333333,0.00246666666666667,0.00209333333333333,0.00209166666666667,0.000911666666666667,0,0.00166,0.00174833333333333,0.00119833333333333,0.000923333333333333,0.00126833333333333,0.000421666666666667,0,0.000796666666666667,0.00026,0.000781666666666667,0.00024,0.0000433333333333333,0.000126666666666667,0.000136666666666667,0.000146666666666667,0.000156666666666667,0.000166666666666667,0.00005,0,1,0,0,0,0,0,0,1,1,1,1,1,1,1,1,1,1,1,1,1,1,1,1,1,1,1,1,1,1,1,1,1,1,1,1,1,1,1,1,1,1,1,1,1,1,1,1,1,1,1,1,1,1,1,1,1,1,1,1,1,1,1,1,1,1,1,1,1,1,1,1,1,1,1,1,1,1,1,1,0
2026-08-31 15:00:00,60.02347895,0,0,0,0,0,0,0.114028333333333,3.61488333333333,9.593695,11.4194683333333,8.34835,6.27696333333333,5.38065,4.97469333333333,3.99961333333333,2.24525166666667,0.984095,0.553288333333333,0.328326666666667,0.263005,0.253458333333333,0.303053333333333,0.256981666666667,0.21225,0.165813333333333,0.121403333333333,0.118341666666667,0.100948333333333,0.0881666666666667,0.0949516666666667,0.0655366666666667,0.0704183333333333,0.059255,0.0463333333333333,0.0462416666666667,0.03997,0.0341033333333333,0.0243483333333333,0.018315,0.0183916666666667,0.0123666666666667,0.0112283333333333,0.0103366666666667,0.00753333333333333,0.00863166666666667,0.00981833333333333,0.00570833333333333,0.00759166666666667,0.00695,0.00513833333333333,0.00627333333333333,0.00460333333333333,0.005425,0.00321333333333333,0.00300166666666667,0.00314166666666667,0.00237833333333333,0.00360833333333333,0.00035,0.00178833333333333,0.00128,0.000748333333333333,0.0013,0.00169333333333333,0.000423333333333333,0.001485,0.00153666666666667,0,0,0.001245,0,0.0000433333333333333,0.000126666666666667,0.000136666666666667,0.000146666666666667,0.000156666666666667,0.000166666666666667,0.00005,0,1,0,0,0,0,0,0,1,1,1,1,1,1,1,1,1,1,1,1,1,1,1,1,1,1,1,1,1,1,1,1,1,1,1,1,1,1,1,1,1,1,1,1,1,1,1,1,1,1,1,1,1,1,1,1,1,1,1,1,1,1,1,1,1,1,1,1,1,1,1,1,1,1,1,1,1,1,1,1,0
2026-08-31 16:00:00,43.2048219333333,0,0,0,0,0,0,0.0822416666666667,2.69031,7.14920833333333,8.69656333333333,6.76114833333333,4.97837,3.91911666666667,3.28822,2.11709,1.02531166666667,0.540993333333333,0.285933333333333,0.213425,0.174593333333333,0.187633333333333,0.215301666666667,0.185441666666667,0.171681666666667,0.120925,0.107658333333333,0.111671666666667,0.111813333333333,0.0889233333333333,0.119856666666667,0.0793616666666667,0.100465,0.07797,0.066485,0.049425,0.04154,0.0357216666666667,0.027905,0.0226533333333333,0.019345,0.015545,0.00972333333333333,0.01193,0.011305,0.00766333333333333,0.010485,0.0081,0.00881,0.00579833333333333,0.00521833333333333,0.00410666666666667,0.00376,0.00360666666666667,0.00405833333333333,0.00470833333333333,0.00115166666666667,0.00309666666666667,0.00234666666666667,0.00194333333333333,0.000678333333333333,0.000853333333333333,0,0.00123666666666667,0.00169333333333333,0.0000383333333333333,0.000421666666666667,0.000288333333333333,0.00053,0.000435,0,0,0.0000433333333333333,0.000126666666666667,0.000136666666666667,0.000146666666666667,0.000156666666666667,0.000166666666666667,0.00005,0,1,0,0,0,0,0,0,1,1,1,1,1,1,1,1,1,1,1,1,1,1,1,1,1,1,1,1,1,1,1,1,1,1,1,1,1,1,1,1,1,1,1,1,1,1,1,1,1,1,1,1,1,1,1,1,1,1,1,1,1,1,1,1,1,1,1,1,1,1,1,1,1,1,1,1,1,1,1,1,0
2026-08-31 17:00:00,39.8583818333333,0,0,0,0,0,0,0.08482,2.83629,7.00274833333333,7.954845,5.75205,4.07863666666667,3.243,2.71125166666667,1.734785,0.97717,0.542723333333333,0.302753333333333,0.220266666666667,0.198835,0.184968333333333,0.2264,0.198503333333333,0.175485,0.132465,0.118546666666667,0.131691666666667,0.119763333333333,0.0983216666666667,0.119888333333333,0.08261,0.0858383333333333,0.0729533333333333,0.070875,0.05603,0.0500283333333333,0.0475833333333333,0.0341816666666667,0.02537,0.0154166666666667,0.016875,0.0185433333333333,0.0121516666666667,0.008285,0.0101733333333333,0.011675,0.008525,0.011525,0.00514166666666667,0.00605833333333333,0.01013,0.00337333333333333,0.00403833333333333,0.00465666666666667,0.00330333333333333,0.00454,0.00283833333333333,0.00453,0.003275,0.00170833333333333,0.00213333333333333,0.00149666666666667,0.00059,0.00211666666666667,0.00046,0.00154833333333333,0.000845,0.00134666666666667,0.0000366666666666667,0,0,0.0000866666666666667,0.000253333333333333,0.000273333333333333,0.000293333333333333,0.000313333333333333,0.000333333333333333,0.0001,0,1,0,0,0,0,0,0,1,1,1,1,1,1,1,1,1,1,1,1,1,1,1,1,1,1,1,1,1,1,1,1,1,1,1,1,1,1,1,1,1,1,1,1,1,1,1,1,1,1,1,1,1,1,1,1,1,1,1,1,1,1,1,1,1,1,1,1,1,1,1,1,1,1,1,1,1,1,1,1,0
2026-08-31 18:00:00,35.5908924166667,0,0,0,0,0,0,0.0745033333333333,2.60991,6.53928333333333,7.21568166666667,5.21099833333333,3.701805,2.758835,2.25135166666667,1.483065,0.881816666666667,0.492348333333333,0.279643333333333,0.19151,0.16394,0.161913333333333,0.19338,0.165823333333333,0.158411666666667,0.118893333333333,0.0970816666666667,0.09558,0.0906116666666667,0.0782266666666667,0.09027,0.0641466666666667,0.0828866666666667,0.0606233333333333,0.0592083333333333,0.0420783333333333,0.0367466666666667,0.0380833333333333,0.026855,0.02883,0.0169533333333333,0.013905,0.01075,0.013205,0.0120116666666667,0.00992833333333333,0.00810833333333333,0.00745166666666667,0.00560166666666667,0.0103666666666667,0.00773166666666667,0.00472833333333333,0.00551666666666667,0.00399,0.00414666666666667,0.006725,0.00286666666666667,0.00298166666666667,0.00171666666666667,0.00188833333333333,0.002385,0.00104333333333333,0.000985,0.00215,0.00169333333333333,0.00169,0.00078,0.000978333333333333,0,0,0.000588333333333333,0.0004,0.000253333333333333,0,0,0,0,0,0,0,1,0,0,0,0,0,0,1,1,1,1,1,1,1,1,1,1,1,1,1,1,1,1,1,1,1,1,1,1,1,1,1,1,1,1,1,1,1,1,1,1,1,1,1,1,1,1,1,1,1,1,1,1,1,1,1,1,1,1,1,1,1,1,1,1,1,1,1,1,1,1,1,1,1,1,1,1,1,1,0
2026-08-31 19:00:00,40.75521665,0,0,0,0,0,0,0.0787333333333333,2.63776,6.68214,7.848005,5.8642,4.254925,3.30511833333333,2.78743666666667,2.01157833333333,1.29839333333333,0.769971666666667,0.398356666666667,0.254656666666667,0.212395,0.206433333333333,0.23797,0.21421,0.166716666666667,0.120831666666667,0.100245,0.0941666666666667,0.08781,0.0797133333333333,0.0868283333333333,0.0588433333333333,0.0670783333333333,0.054435,0.0488166666666667,0.042625,0.0401083333333333,0.0260766666666667,0.023115,0.0212266666666667,0.0130266666666667,0.01117,0.01098,0.0103633333333333,0.00918166666666667,0.0124816666666667,0.0105716666666667,0.00787166666666667,0.00492833333333333,0.0055,0.0081,0.00468666666666667,0.00719833333333333,0.00468,0.00212166666666667,0.003795,0.003755,0.00217833333333333,0.00275333333333333,0.001975,0.00203833333333333,0.000616666666666667,0.001835,0.000951666666666667,0.00119333333333333,0.0000766666666666667,0.000421666666666667,0,0,0,0,0,0.0000216666666666667,0.0000633333333333333,0.0000683333333333333,0.0000733333333333333,0.0000783333333333333,0.0000833333333333333,0.000025,0,1,0,0,0,0,0,0,1,1,1,1,1,1,1,1,1,1,1,1,1,1,1,1,1,1,1,1,1,1,1,1,1,1,1,1,1,1,1,1,1,1,1,1,1,1,1,1,1,1,1,1,1,1,1,1,1,1,1,1,1,1,1,1,1,1,1,1,1,1,1,1,1,1,1,1,1,1,1,1,0
2026-08-31 20:00:00,58.0800343,0,0,0,0,0,0,0.105548333333333,3.31415833333333,8.72633166666667,10.3962983333333,8.05545666666667,6.16702,5.08471333333333,4.33504666666667,3.58008833333333,2.62261666666667,1.45896833333333,0.79473,0.510963333333333,0.34236,0.310101666666667,0.336153333333333,0.317241666666667,0.250533333333333,0.192905,0.14428,0.119583333333333,0.107425,0.0975616666666667,0.0850316666666667,0.0715166666666667,0.0734483333333333,0.0623766666666667,0.0577633333333333,0.047425,0.0378116666666667,0.0295233333333333,0.036005,0.0236616666666667,0.015585,0.019135,0.013905,0.00779666666666667,0.012255,0.01151,0.012755,0.0106316666666667,0.00951333333333333,0.00732666666666667,0.00837333333333333,0.0071,0.00636166666666667,0.00641833333333333,0.00529833333333333,0.00421833333333333,0.00443166666666667,0.001175,0.00383666666666667,0.000966666666666667,0.00213833333333333,0.000853333333333333,0.00117333333333333,0.000526666666666667,0.000808333333333333,0.00122833333333333,0.000358333333333333,0.000558333333333333,0,0.000416666666666667,0,0,0,0,0,0,0,0,0,0,1,0,0,0,0,0,0,1,1,1,1,1,1,1,1,1,1,1,1,1,1,1,1,1,1,1,1,1,1,1,1,1,1,1,1,1,1,1,1,1,1,1,1,1,1,1,1,1,1,1,1,1,1,1,1,1,1,1,1,1,1,1,1,1,1,1,1,1,1,1,1,1,1,1,1,1,1,1,1,0
2026-08-31 21:00:00,70.6529518333333,0,0,0,0,0,0,0.119228333333333,3.77048666666667,10.229195,12.372035,9.755715,7.47695666666667,6.31808,5.58656166666667,4.84824666666667,3.51870333333333,1.95488166666667,1.04152333333333,0.723625,0.493763333333333,0.421676666666667,0.428596666666667,0.36495,0.273726666666667,0.229156666666667,0.19853,0.16737,0.133921666666667,0.111375,0.107215,0.0833866666666667,0.0930716666666667,0.0670266666666667,0.0545016666666667,0.0490416666666667,0.0416266666666667,0.0375016666666667,0.02781,0.02787,0.026875,0.0238583333333333,0.0189383333333333,0.0119166666666667,0.0123533333333333,0.00953833333333333,0.00786,0.006715,0.01225,0.00728,0.00990166666666667,0.009,0.00795166666666667,0.00542333333333333,0.00492166666666667,0.00433333333333333,0.00325,0.00266666666666667,0.00271833333333333,0.00242666666666667,0.001105,0.00213333333333333,0.001275,0.001275,0.000385,0.00046,0.000421666666666667,0,0,0.000223333333333333,0.000193333333333333,0.000413333333333333,0.0000433333333333333,0.000126666666666667,0.000136666666666667,0.000146666666666667,0.000156666666666667,0.000166666666666667,0.00005,0,1,0,0,0,0,0,0,1,1,1,1,1,1,1,1,1,1,1,1,1,1,1,1,1,1,1,1,1,1,1,1,1,1,1,1,1,1,1,1,1,1,1,1,1,1,1,1,1,1,1,1,1,1,1,1,1,1,1,1,1,1,1,1,1,1,1,1,1,1,1,1,1,1,1,1,1,1,1,1,0
2026-08-31 22:00:00,40.9935992833333,0,0,0,0,0,0,0.06845,2.17206666666667,6.17137166666667,7.82061666666667,6.13914166666667,4.52939166666667,3.571955,2.95421333333333,2.44504,1.608815,0.843273333333333,0.471071666666667,0.282251666666667,0.233678333333333,0.216155,0.217636666666667,0.2154,0.182155,0.144256666666667,0.115415,0.1032,0.100751666666667,0.0811366666666667,0.08816,0.0778716666666667,0.0603416666666667,0.0558866666666667,0.0427433333333333,0.048955,0.0455916666666667,0.0363483333333333,0.0257466666666667,0.0276366666666667,0.0225483333333333,0.0159833333333333,0.0116716666666667,0.010795,0.00989833333333333,0.0136916666666667,0.012675,0.00823333333333333,0.0105983333333333,0.007255,0.006865,0.00901833333333333,0.00544666666666667,0.00583333333333333,0.00440166666666667,0.00264166666666667,0.00459333333333333,0.00541666666666667,0.00169333333333333,0.00157,0.00110666666666667,0.000426666666666667,0,0.00162333333333333,0.000461666666666667,0.000385,0.000075,0,0.000796666666666667,0.0000366666666666667,0,0,0.0000216666666666667,0.0000633333333333333,0.0000683333333333333,0.0000733333333333333,0.0000783333333333333,0.0000833333333333333,0.000025,0,1,0,0,0,0,0,0,1,1,1,1,1,1,1,1,1,1,1,1,1,1,1,1,1,1,1,1,1,1,1,1,1,1,1,1,1,1,1,1,1,1,1,1,1,1,1,1,1,1,1,1,1,1,1,1,1,1,1,1,1,1,1,1,1,1,1,1,1,1,1,1,1,1,1,1,1,1,1,1,0
2026-08-31 23:00:00,39.8047598166667,0,0,0,0,0,0,0.059855,2.05714,6.01286166666667,7.46220666666667,5.76644333333333,4.30886,3.38701833333333,2.77098166666667,2.31307833333333,1.418925,0.702196666666667,0.384735,0.263195,0.23257,0.197745,0.202448333333333,0.208246666666667,0.183508333333333,0.138823333333333,0.116901666666667,0.10337,0.102351666666667,0.0954516666666667,0.0797133333333333,0.0765083333333333,0.0754016666666667,0.06958,0.0585933333333333,0.0515866666666667,0.0468433333333333,0.0334,0.03,0.033355,0.02053,0.0194616666666667,0.0123466666666667,0.0124266666666667,0.009085,0.0102416666666667,0.00867666666666667,0.0100483333333333,0.010275,0.0106166666666667,0.00829,0.00765833333333333,0.00713333333333333,0.00523833333333333,0.00315833333333333,0.00456333333333333,0.00145166666666667,0.00381166666666667,0.00375666666666667,0.00166666666666667,0.00314333333333333,0.00213333333333333,0.00214333333333333,0.000406666666666667,0.000846666666666667,0.000346666666666667,0.000075,0,0,0,0.00083,0.000826666666666667,0,0,0,0,0,0,0,0,1,0,0,0,0,0,0,1,1,1,1,1,1,1,1,1,1,1,1,1,1,1,1,1,1,1,1,1,1,1,1,1,1,1,1,1,1,1,1,1,1,1,1,1,1,1,1,1,1,1,1,1,1,1,1,1,1,1,1,1,1,1,1,1,1,1,1,1,1,1,1,1,1,1,1,1,1,1,1,0
