"datetime","Total_Particle_concentration","0.103730_um","0.111469_um","0.119786_um","0.128723_um","0.138327_um","0.148647_um","0.159737_um","0.171655_um","0.184462_um","0.198224_um","0.213013_um","0.228905_um","0.245984_um","0.264336_um","0.284057_um","0.305250_um","0.328024_um","0.352497_um","0.378797_um","0.407058_um","0.437427_um","0.470063_um","0.505133_um","0.542820_um","0.583319_um","0.626839_um","0.673606_um","0.723862_um","0.777868_um","0.835903_um","0.898268_um","0.965286_um","1.037304_um","1.114695_um","1.197860_um","1.287230_um","1.383267_um","1.486470_um","1.597372_um","1.716548_um","1.844616_um","1.982239_um","2.130130_um","2.289054_um","2.459835_um","2.643358_um","2.840573_um","3.052502_um","3.280243_um","3.524975_um","3.787966_um","4.070578_um","4.374274_um","4.700629_um","5.051333_um","5.428202_um","5.833189_um","6.268390_um","6.736061_um","7.238624_um","7.778682_um","8.359033_um","8.982682_um","9.652861_um","10.373039_um","11.146949_um","11.978599_um","12.872296_um","13.832670_um","14.864696_um","15.973718_um","17.165483_um","18.446161_um","19.822390_um","21.301296_um","22.890539_um","24.598352_um","26.433582_um","0.000000_um","qc_flag_Total_Particle_concentration","qc_flag_0.103730_um","qc_flag_0.111469_um","qc_flag_0.119786_um","qc_flag_0.128723_um","qc_flag_0.138327_um","qc_flag_0.148647_um","qc_flag_0.159737_um","qc_flag_0.171655_um","qc_flag_0.184462_um","qc_flag_0.198224_um","qc_flag_0.213013_um","qc_flag_0.228905_um","qc_flag_0.245984_um","qc_flag_0.264336_um","qc_flag_0.284057_um","qc_flag_0.305250_um","qc_flag_0.328024_um","qc_flag_0.352497_um","qc_flag_0.378797_um","qc_flag_0.407058_um","qc_flag_0.437427_um","qc_flag_0.470063_um","qc_flag_0.505133_um","qc_flag_0.542820_um","qc_flag_0.583319_um","qc_flag_0.626839_um","qc_flag_0.673606_um","qc_flag_0.723862_um","qc_flag_0.777868_um","qc_flag_0.835903_um","qc_flag_0.898268_um","qc_flag_0.965286_um","qc_flag_1.037304_um","qc_flag_1.114695_um","qc_flag_1.197860_um","qc_flag_1.287230_um","qc_flag_1.383267_um","qc_flag_1.486470_um","qc_flag_1.597372_um","qc_flag_1.716548_um","qc_flag_1.844616_um","qc_flag_1.982239_um","qc_flag_2.130130_um","qc_flag_2.289054_um","qc_flag_2.459835_um","qc_flag_2.643358_um","qc_flag_2.840573_um","qc_flag_3.052502_um","qc_flag_3.280243_um","qc_flag_3.524975_um","qc_flag_3.787966_um","qc_flag_4.070578_um","qc_flag_4.374274_um","qc_flag_4.700629_um","qc_flag_5.051333_um","qc_flag_5.428202_um","qc_flag_5.833189_um","qc_flag_6.268390_um","qc_flag_6.736061_um","qc_flag_7.238624_um","qc_flag_7.778682_um","qc_flag_8.359033_um","qc_flag_8.982682_um","qc_flag_9.652861_um","qc_flag_10.373039_um","qc_flag_11.146949_um","qc_flag_11.978599_um","qc_flag_12.872296_um","qc_flag_13.832670_um","qc_flag_14.864696_um","qc_flag_15.973718_um","qc_flag_17.165483_um","qc_flag_18.446161_um","qc_flag_19.822390_um","qc_flag_21.301296_um","qc_flag_22.890539_um","qc_flag_24.598352_um","qc_flag_26.433582_um","qc_flag_0.000000_um"
2026-07-01,44.65460725,0,0,0,0,0,0,0.022335,1.47103,6.85234666666667,9.603645,6.871635,4.81085166666667,3.96414,3.43695666666667,3.28962833333333,1.83984833333333,0.652378333333333,0.355448333333333,0.231525,0.170001666666667,0.142433333333333,0.142635,0.151556666666667,0.103438333333333,0.0901516666666667,0.0619233333333333,0.0702683333333333,0.0586366666666667,0.0494233333333333,0.04541,0.03435,0.0300583333333333,0.0319616666666667,0.0284133333333333,0.0213916666666667,0.0224666666666667,0.0120616666666667,0.0139766666666667,0.0137666666666667,0.01056,0.008095,0.006465,0.0077,0.00793666666666667,0.00659833333333333,0.006005,0.007665,0.00935333333333333,0.00682166666666667,0.00437833333333333,0.00753,0.00376,0.00567,0.00428666666666667,0.002625,0.00357666666666667,0.002925,0.00235166666666667,0.00296666666666667,0.00153333333333333,0.00213333333333333,0.000425,0,0,0.00161166666666667,0.000075,0,0,0,0.000173333333333333,0.00024,0,0,0,0,0,0,0,0,1,0,0,0,0,0,0,1,1,1,1,1,1,1,1,1,1,1,1,1,1,1,1,1,1,1,1,1,1,1,1,1,1,1,1,1,1,1,1,1,1,1,1,1,1,1,1,1,1,1,1,1,1,1,1,1,1,1,1,1,1,1,1,1,1,1,1,1,1,1,1,1,1,1,1,1,1,1,1,0
2026-07-01 01:00:00,33.84316355,0,0,0,0,0,0,0.0187133333333333,1.21432666666667,5.39207666666667,7.43689,5.25106666666667,3.74582166666667,2.93978,2.58263833333333,2.39640333333333,1.31379666666667,0.445865,0.267705,0.159055,0.120208333333333,0.104826666666667,0.113195,0.121285,0.084925,0.072545,0.0528933333333333,0.045185,0.0464266666666667,0.0402083333333333,0.045705,0.0419983333333333,0.0343883333333333,0.0242216666666667,0.0218633333333333,0.0203433333333333,0.02022,0.0123766666666667,0.0152316666666667,0.0112533333333333,0.00856666666666667,0.00722333333333333,0.00474333333333333,0.005685,0.00641166666666667,0.00412666666666667,0.00532166666666667,0.00694333333333333,0.00513166666666667,0.00374166666666667,0.00559833333333333,0.00722666666666667,0.005035,0.00417666666666667,0.00436833333333333,0.00311,0.00263666666666667,0.002265,0.000631666666666667,0.00322833333333333,0.00153333333333333,0.00166,0.00197,0.001015,0.0000383333333333333,0,0.000283333333333333,0.000558333333333333,0.000816666666666667,0.0000183333333333333,0.000415,0,0,0,0,0,0,0,0,0,1,0,0,0,0,0,0,1,1,1,1,1,1,1,1,1,1,1,1,1,1,1,1,1,1,1,1,1,1,1,1,1,1,1,1,1,1,1,1,1,1,1,1,1,1,1,1,1,1,1,1,1,1,1,1,1,1,1,1,1,1,1,1,1,1,1,1,1,1,1,1,1,1,1,1,1,1,1,1,0
2026-07-01 02:00:00,35.2185515,0,0,0,0,0,0,0.023085,1.27122833333333,5.71984,7.77248333333333,5.41856666666667,3.85457666666667,3.04962,2.53697333333333,2.40133333333333,1.2402,0.393603333333333,0.223395,0.147836666666667,0.110141666666667,0.10362,0.103846666666667,0.121925,0.09014,0.0827716666666667,0.0560433333333333,0.0521716666666667,0.0453966666666667,0.0454933333333333,0.04923,0.032855,0.034165,0.0261983333333333,0.0241366666666667,0.0202716666666667,0.0199,0.0155133333333333,0.01377,0.0105983333333333,0.00694333333333333,0.00745166666666667,0.006055,0.00545833333333333,0.005165,0.00526,0.00659333333333333,0.00433,0.00396833333333333,0.00382,0.002835,0.00594666666666667,0.00378333333333333,0.004925,0.00433166666666667,0.00566166666666667,0.00244333333333333,0.00180666666666667,0.00315,0.00328333333333333,0.00195833333333333,0.00128,0.000748333333333333,0.000488333333333333,0.0000383333333333333,0,0,0.000288333333333333,0.000131666666666667,0.000833333333333333,0,0,0.0000216666666666667,0.0000633333333333333,0.0000683333333333333,0.0000733333333333333,0.0000783333333333333,0.0000833333333333333,0.000025,0,1,0,0,0,0,0,0,1,1,1,1,1,1,1,1,1,1,1,1,1,1,1,1,1,1,1,1,1,1,1,1,1,1,1,1,1,1,1,1,1,1,1,1,1,1,1,1,1,1,1,1,1,1,1,1,1,1,1,1,1,1,1,1,1,1,1,1,1,1,1,1,1,1,1,1,1,1,1,1,0
2026-07-01 03:00:00,44.69544195,0,0,0,0,0,0,0.0343266666666667,1.79237666666667,7.53987166666667,10.10111,7.085275,4.93081666666667,3.78721166666667,3.01914666666667,2.60898,1.422835,0.48567,0.267805,0.179908333333333,0.150158333333333,0.11778,0.11729,0.112773333333333,0.089405,0.0750216666666667,0.0609533333333333,0.05061,0.0547683333333333,0.0437466666666667,0.0474166666666667,0.0430183333333333,0.038495,0.0311466666666667,0.0298883333333333,0.025325,0.0225166666666667,0.0176766666666667,0.0170383333333333,0.011355,0.00862666666666667,0.00942166666666667,0.00454666666666667,0.005155,0.00706333333333333,0.005225,0.00726333333333333,0.00541666666666667,0.00541833333333333,0.00376666666666667,0.00596333333333333,0.00499333333333333,0.00212,0.00533166666666667,0.00338,0.00407833333333333,0.00236166666666667,0.003125,0.00240666666666667,0.000603333333333333,0.00239,0.00166,0.000898333333333333,0.000425,0.000423333333333333,0,0.000421666666666667,0.000288333333333333,0.000948333333333333,0.0000183333333333333,0,0,0,0,0,0,0,0,0,0,1,0,0,0,0,0,0,1,1,1,1,1,1,1,1,1,1,1,1,1,1,1,1,1,1,1,1,1,1,1,1,1,1,1,1,1,1,1,1,1,1,1,1,1,1,1,1,1,1,1,1,1,1,1,1,1,1,1,1,1,1,1,1,1,1,1,1,1,1,1,1,1,1,1,1,1,1,1,1,0
2026-07-01 04:00:00,47.4379139666667,0,0,0,0,0,0,0.036105,1.98842666666667,8.462245,11.0531883333333,7.72523166666667,5.25494,3.92879666666667,3.08623666666667,2.637075,1.39881333333333,0.479703333333333,0.291123333333333,0.176078333333333,0.140308333333333,0.127241666666667,0.140303333333333,0.127881666666667,0.0937333333333333,0.0729216666666667,0.0558183333333333,0.0610366666666667,0.0555883333333333,0.0577016666666667,0.0492483333333333,0.0531383333333333,0.045975,0.0401133333333333,0.0306333333333333,0.0270016666666667,0.02248,0.021375,0.015865,0.0147533333333333,0.0102266666666667,0.0104033333333333,0.00667333333333333,0.00683166666666667,0.00747,0.006085,0.0101133333333333,0.008315,0.00770333333333333,0.00739166666666667,0.00434,0.00621,0.00339666666666667,0.00456166666666667,0.00391833333333333,0.004385,0.00182333333333333,0.00232166666666667,0.001975,0.000603333333333333,0.001535,0.00128,0,0.000425,0.000423333333333333,0,0,0.000288333333333333,0.000131666666666667,0.000223333333333333,0.000608333333333333,0,0,0,0,0,0,0,0,0,1,0,0,0,0,0,0,1,1,1,1,1,1,1,1,1,1,1,1,1,1,1,1,1,1,1,1,1,1,1,1,1,1,1,1,1,1,1,1,1,1,1,1,1,1,1,1,1,1,1,1,1,1,1,1,1,1,1,1,1,1,1,1,1,1,1,1,1,1,1,1,1,1,1,1,1,1,1,1,0
2026-07-01 05:00:00,38.9059105,0,0,0,0,0,0,0.034405,1.84692,7.38897333333333,9.22327,6.00006333333333,3.87516333333333,2.839325,2.25006333333333,1.98107166666667,0.990425,0.342708333333333,0.20567,0.136608333333333,0.110191666666667,0.104796666666667,0.111603333333333,0.135821666666667,0.109873333333333,0.09302,0.0719066666666667,0.0683616666666667,0.0707616666666667,0.060385,0.0677383333333333,0.050355,0.0486133333333333,0.0510883333333333,0.0549266666666667,0.0351733333333333,0.0363966666666667,0.0317816666666667,0.0209983333333333,0.0220083333333333,0.0119566666666667,0.009415,0.00973833333333333,0.008015,0.00547666666666667,0.00863333333333333,0.00640666666666667,0.00665666666666667,0.004985,0.00620666666666667,0.00703166666666667,0.00664166666666667,0.00337333333333333,0.00254333333333333,0.00384833333333333,0.003145,0.00134166666666667,0.00206333333333333,0.00378333333333333,0.00205333333333333,0.00196166666666667,0.000426666666666667,0,0.000425,0.000808333333333333,0.00130666666666667,0.000843333333333333,0.00042,0,0,0.000173333333333333,0.00024,0.0000216666666666667,0.0000633333333333333,0.0000683333333333333,0.0000733333333333333,0.0000783333333333333,0.0000833333333333333,0.000025,0,1,0,0,0,0,0,0,1,1,1,1,1,1,1,1,1,1,1,1,1,1,1,1,1,1,1,1,1,1,1,1,1,1,1,1,1,1,1,1,1,1,1,1,1,1,1,1,1,1,1,1,1,1,1,1,1,1,1,1,1,1,1,1,1,1,1,1,1,1,1,1,1,1,1,1,1,1,1,1,0
2026-07-01 06:00:00,47.4034941333333,0,0,0,0,0,0,0.0483333333333333,2.57526333333333,9.578435,11.4028433333333,7.20732,4.61015666666667,3.38911833333333,2.68492333333333,2.23174,1.03881166666667,0.389505,0.216641666666667,0.15727,0.128586666666667,0.135026666666667,0.138955,0.153293333333333,0.121096666666667,0.111018333333333,0.093985,0.085035,0.0893016666666667,0.082075,0.0720533333333333,0.06386,0.071335,0.062725,0.0503466666666667,0.0482833333333333,0.0432733333333333,0.0386266666666667,0.03152,0.0221483333333333,0.0139233333333333,0.0146616666666667,0.0110466666666667,0.0156,0.0123233333333333,0.0106416666666667,0.007535,0.00498666666666667,0.00647,0.00524,0.00592,0.00340666666666667,0.00539833333333333,0.00477166666666667,0.002985,0.00174333333333333,0.00365166666666667,0.00321,0.00103333333333333,0.000428333333333333,0.00128,0.00232333333333333,0.00108666666666667,0,0.00077,0.00134333333333333,0,0.00042,0,0.000416666666666667,0,0.000573333333333333,0.000275,0.0000633333333333333,0.0000683333333333333,0.0000733333333333333,0.0000783333333333333,0.0000833333333333333,0.000025,0,1,0,0,0,0,0,0,1,1,1,1,1,1,1,1,1,1,1,1,1,1,1,1,1,1,1,1,1,1,1,1,1,1,1,1,1,1,1,1,1,1,1,1,1,1,1,1,1,1,1,1,1,1,1,1,1,1,1,1,1,1,1,1,1,1,1,1,1,1,1,1,1,1,1,1,1,1,1,1,0
2026-07-01 07:00:00,73.1847178333333,0,0,0,0,0,0,0.0601833333333333,3.36162833333333,13.4795166666667,16.8158633333333,11.5860316666667,7.84288,6.04304333333333,4.87314333333333,3.84968166666667,1.42583,0.660111666666667,0.349768333333333,0.255731666666667,0.211868333333333,0.173973333333333,0.189615,0.209515,0.138876666666667,0.133413333333333,0.112611666666667,0.0942366666666667,0.111781666666667,0.0812883333333333,0.0870383333333333,0.07609,0.079215,0.0627583333333333,0.0566666666666667,0.0559433333333333,0.0432916666666667,0.0337,0.0294016666666667,0.0297633333333333,0.018525,0.0153466666666667,0.01702,0.0118783333333333,0.0115766666666667,0.01173,0.009995,0.007235,0.00868166666666667,0.0072,0.00456166666666667,0.00479,0.00672,0.00345333333333333,0.00177833333333333,0.00257166666666667,0.00397333333333333,0.00103166666666667,0.00154666666666667,0.000428333333333333,0.000853333333333333,0.00170666666666667,0.000425,0.000425,0.00077,0.0005,0.00168666666666667,0,0.000418333333333333,0.00064,0.00102333333333333,0.000413333333333333,0.00132166666666667,0.000253333333333333,0.000271666666666667,0.000291666666666667,0.000313333333333333,0.000335,0.0000983333333333333,0,1,0,0,0,0,0,0,1,1,1,1,1,1,1,1,1,1,1,1,1,1,1,1,1,1,1,1,1,1,1,1,1,1,1,1,1,1,1,1,1,1,1,1,1,1,1,1,1,1,1,1,1,1,1,1,1,1,1,1,1,1,1,1,1,1,1,1,1,1,1,1,1,1,1,1,1,1,1,1,0
2026-07-01 08:00:00,77.7362224833333,0,0,0,0,0,0,0.06009,3.69612833333333,14.95779,18.7831483333333,12.41859,8.37142833333333,6.40443,5.24026166666667,3.96731166666667,1.048755,0.477413333333333,0.26882,0.171991666666667,0.136775,0.119328333333333,0.126511666666667,0.135366666666667,0.0911666666666667,0.0677566666666667,0.0651233333333333,0.0681616666666667,0.0673166666666667,0.0684616666666667,0.0701816666666667,0.058195,0.0655383333333333,0.0524766666666667,0.042855,0.031635,0.037235,0.0304433333333333,0.0309616666666667,0.0222866666666667,0.0203216666666667,0.0167616666666667,0.012495,0.013355,0.01273,0.008185,0.00825666666666667,0.008825,0.004985,0.00374166666666667,0.005865,0.00605,0.00505833333333333,0.00204333333333333,0.00203333333333333,0.00145333333333333,0.00145,0.00200666666666667,0.00180666666666667,0.00299833333333333,0.00128333333333333,0.000616666666666667,0.000661666666666667,0.000425,0.000808333333333333,0.000885,0,0.000288333333333333,0.000131666666666667,0.000833333333333333,0.000415,0,0.0000433333333333333,0.000126666666666667,0.000136666666666667,0.000146666666666667,0.000156666666666667,0.000166666666666667,0.00005,0,1,0,0,0,0,0,0,1,1,1,1,1,1,1,1,1,1,1,1,1,1,1,1,1,1,1,1,1,1,1,1,1,1,1,1,1,1,1,1,1,1,1,1,1,1,1,1,1,1,1,1,1,1,1,1,1,1,1,1,1,1,1,1,1,1,1,1,1,1,1,1,1,1,1,1,1,1,1,1,0
2026-07-01 09:00:00,91.6585637666667,0,0,0,0,0,0,0.07535,4.341365,17.9903833333333,22.2611416666667,15.17045,10.0161233333333,7.65933166666667,6.23930166666667,4.412605,1.05874833333333,0.503735,0.296571666666667,0.189136666666667,0.138388333333333,0.128026666666667,0.159145,0.116488333333333,0.087325,0.0857633333333333,0.0569066666666667,0.0799283333333333,0.0604766666666667,0.0591916666666667,0.0618533333333333,0.0500433333333333,0.0551066666666667,0.0460666666666667,0.0392983333333333,0.0387083333333333,0.0238166666666667,0.02532,0.0227816666666667,0.0202966666666667,0.01216,0.0160866666666667,0.00973833333333333,0.00624166666666667,0.008525,0.0104833333333333,0.00993333333333333,0.00606166666666667,0.005545,0.00491333333333333,0.00599,0.00724666666666667,0.00417,0.00247333333333333,0.002985,0.002335,0.00349666666666667,0.00131833333333333,0.00292166666666667,0.000603333333333333,0.00238833333333333,0.00104333333333333,0.00056,0.00137666666666667,0.000423333333333333,0.000768333333333333,0.000496666666666667,0.000288333333333333,0.000968333333333333,0.000223333333333333,0.00102333333333333,0,0.0000433333333333333,0.000126666666666667,0.000136666666666667,0.000146666666666667,0.000156666666666667,0.000166666666666667,0.00005,0,1,0,0,0,0,0,0,1,1,1,1,1,1,1,1,1,1,1,1,1,1,1,1,1,1,1,1,1,1,1,1,1,1,1,1,1,1,1,1,1,1,1,1,1,1,1,1,1,1,1,1,1,1,1,1,1,1,1,1,1,1,1,1,1,1,1,1,1,1,1,1,1,1,1,1,1,1,1,1,0
2026-07-01 10:00:00,102.283043533333,0,0,0,0,0,0,0.0608916666666667,3.73629166666667,17.2924333333333,24.0239066666667,17.2395866666667,12.2048533333333,9.66470666666667,8.15795166666667,5.40898333333333,1.25322,0.572003333333333,0.29379,0.178606666666667,0.135943333333333,0.144126666666667,0.147871666666667,0.120391666666667,0.0968666666666667,0.0757616666666667,0.0671466666666667,0.0709883333333333,0.0651833333333333,0.0558333333333333,0.0508033333333333,0.0414183333333333,0.048455,0.0451683333333333,0.04401,0.0324883333333333,0.0356516666666667,0.02795,0.01648,0.01316,0.00907666666666667,0.0112666666666667,0.009535,0.00918,0.00980166666666667,0.007705,0.00626,0.00643833333333333,0.00630833333333333,0.00560166666666667,0.00270666666666667,0.00398666666666667,0.00501333333333333,0.00434,0.00221833333333333,0.00216666666666667,0.00174833333333333,0.000831666666666667,0.00117666666666667,0.002855,0.00068,0.00147,0.000883333333333333,0.00140166666666667,0.000923333333333333,0.000423333333333333,0.000843333333333333,0.00042,0,0.00064,0.000193333333333333,0.000573333333333333,0.000383333333333333,0.00038,0.00041,0.00044,0.00047,0.0005,0.00015,0,1,0,0,0,0,0,0,1,1,1,1,1,1,1,1,1,1,1,1,1,1,1,1,1,1,1,1,1,1,1,1,1,1,1,1,1,1,1,1,1,1,1,1,1,1,1,1,1,1,1,1,1,1,1,1,1,1,1,1,1,1,1,1,1,1,1,1,1,1,1,1,1,1,1,1,1,1,1,1,0
2026-07-01 11:00:00,137.102742827586,0,0,0,0,0,0,0.0727655172413793,4.04366206896552,19.3593879310345,28.3461137931034,22.3491568965517,17.2668379310345,14.8382879310345,13.7655775862069,9.77094310344828,2.31545517241379,1.12829655172414,0.52613275862069,0.330193103448276,0.256194827586207,0.2376,0.266796551724138,0.202889655172414,0.150636206896552,0.112810344827586,0.0936965517241379,0.0839137931034483,0.080248275862069,0.0708655172413793,0.0817327586206897,0.0642362068965517,0.0642258620689655,0.0492155172413793,0.0510637931034483,0.0408827586206897,0.0383758620689655,0.0276672413793103,0.0279620689655172,0.0172758620689655,0.0116965517241379,0.00976034482758621,0.00998275862068966,0.0105448275862069,0.00688620689655172,0.00580172413793103,0.00401724137931034,0.00538620689655172,0.00573793103448276,0.00777758620689655,0.00382586206896552,0.00354655172413793,0.00645689655172414,0.00471896551724138,0.00375172413793103,0.00152241379310345,0.00183793103448276,0.0030551724137931,0.00177413793103448,0.00320172413793103,0.00210689655172414,0.00196206896551724,0.00233793103448276,0.00142413793103448,0.00163275862068966,0.00091551724137931,0.000370689655172414,0.00174310344827586,0.000548275862068966,0.000881034482758621,0.000429310344827586,0.000427586206896552,0.000112068965517241,0.000327586206896552,0.000353448275862069,0.000379310344827586,0.000405172413793103,0.000431034482758621,0.000129310344827586,0,1,0,0,0,0,0,0,1,1,1,1,1,1,1,1,1,1,1,1,1,1,1,1,1,1,1,1,1,1,1,1,1,1,1,1,1,1,1,1,1,1,1,1,1,1,1,1,1,1,1,1,1,1,1,1,1,1,1,1,1,1,1,1,1,1,1,1,1,1,1,1,1,1,1,1,1,1,1,1,0
2026-07-01 12:00:00,143.695045266667,0,0,0,0,0,0,0.0798033333333333,4.13022166666667,19.9338733333333,28.869445,23.0366666666667,18.310675,16.0522766666667,15.2190233333333,11.2503316666667,2.58557333333333,1.16294666666667,0.57942,0.358721666666667,0.255715,0.23909,0.227246666666667,0.202701666666667,0.139705,0.107706666666667,0.0714316666666667,0.08755,0.0818133333333333,0.0618816666666667,0.0769283333333333,0.0667316666666667,0.07079,0.054145,0.04737,0.04457,0.0344083333333333,0.0315116666666667,0.0230033333333333,0.01744,0.01196,0.0142216666666667,0.00931,0.007365,0.00818833333333333,0.00568333333333333,0.00517166666666667,0.00383333333333333,0.00339,0.00417333333333333,0.00322333333333333,0.004315,0.00462666666666667,0.00165666666666667,0.00264166666666667,0.00127666666666667,0.00185333333333333,0.00169166666666667,0.00203666666666667,0.002175,0.000503333333333333,0,0.00149666666666667,0.000203333333333333,0.00077,0.000921666666666667,0.000421666666666667,0,0,0.000833333333333333,0.000415,0.000573333333333333,0.00114166666666667,0.00019,0.000205,0.00022,0.000235,0.00025,0.000075,0,1,0,0,0,0,0,0,1,1,1,1,1,1,1,1,1,1,1,1,1,1,1,1,1,1,1,1,1,1,1,1,1,1,1,1,1,1,1,1,1,1,1,1,1,1,1,1,1,1,1,1,1,1,1,1,1,1,1,1,1,1,1,1,1,1,1,1,1,1,1,1,1,1,1,1,1,1,1,1,0
2026-07-01 13:00:00,120.314392083333,0,0,0,0,0,0,0.06338,3.812045,18.39834,26.278755,19.8274033333333,14.8925033333333,12.5675966666667,11.285135,7.38024833333333,2.029855,0.947208333333333,0.479125,0.309628333333333,0.23667,0.221216666666667,0.215913333333333,0.18609,0.160918333333333,0.127238333333333,0.0937633333333333,0.09559,0.092785,0.0702433333333333,0.0700433333333333,0.061435,0.0695716666666667,0.05037,0.0480316666666667,0.0429033333333333,0.0354083333333333,0.0293733333333333,0.024295,0.0178283333333333,0.0135116666666667,0.007675,0.00800666666666667,0.00799166666666667,0.00802666666666667,0.00788,0.00678833333333333,0.00578166666666667,0.004115,0.00382166666666667,0.00266833333333333,0.00171333333333333,0.00296333333333333,0.00408333333333333,0.003125,0.00266,0.00190833333333333,0.001635,0.000856666666666667,0.00214166666666667,0.000855,0.00123333333333333,0.00197,0.000628333333333333,0.000423333333333333,0.00077,0.000496666666666667,0,0.000418333333333333,0.000863333333333333,0.000386666666666667,0.00016,0.000405,0.000443333333333333,0.000476666666666667,0.000511666666666667,0.000548333333333333,0.000585,0.000173333333333333,0,1,0,0,0,0,0,0,1,1,1,1,1,1,1,1,1,1,1,1,1,1,1,1,1,1,1,1,1,1,1,1,1,1,1,1,1,1,1,1,1,1,1,1,1,1,1,1,1,1,1,1,1,1,1,1,1,1,1,1,1,1,1,1,1,1,1,1,1,1,1,1,1,1,1,1,1,1,1,1,0
2026-07-01 14:00:00,84.7982828833333,0,0,0,0,0,0,0.0638683333333333,3.03979333333333,13.8213333333333,18.843005,13.4571033333333,9.99517666666667,8.05956833333333,7.136545,4.00989666666667,1.08178833333333,0.539493333333333,0.261943333333333,0.178058333333333,0.132393333333333,0.124166666666667,0.14055,0.137158333333333,0.114206666666667,0.0976116666666667,0.08524,0.0624916666666667,0.0541033333333333,0.0554366666666667,0.0582483333333333,0.038765,0.0370216666666667,0.0368666666666667,0.022725,0.03234,0.0254466666666667,0.020495,0.01581,0.013885,0.0104,0.008985,0.00646833333333333,0.007345,0.00460666666666667,0.00662,0.006835,0.00606666666666667,0.00262833333333333,0.00392,0.00374,0.00332166666666667,0.00287,0.00331333333333333,0.002605,0.00193833333333333,0.00228666666666667,0.00369833333333333,0.00131833333333333,0.00108666666666667,0.000678333333333333,0.000806666666666667,0.000898333333333333,0.000386666666666667,0.00127,0.000461666666666667,0.000421666666666667,0,0.000398333333333333,0.0000183333333333333,0,0.000573333333333333,0.000383333333333333,0.00038,0.00041,0.00044,0.00047,0.0005,0.00015,0,1,0,0,0,0,0,0,1,1,1,1,1,1,1,1,1,1,1,1,1,1,1,1,1,1,1,1,1,1,1,1,1,1,1,1,1,1,1,1,1,1,1,1,1,1,1,1,1,1,1,1,1,1,1,1,1,1,1,1,1,1,1,1,1,1,1,1,1,1,1,1,1,1,1,1,1,1,1,1,0
2026-07-01 15:00:00,63.9800950666667,0,0,0,0,0,0,0.0371683333333333,2.08297666666667,9.54609833333333,13.3971516666667,10.250355,7.88817666666667,6.560575,5.94302333333333,3.35350666666667,0.963896666666667,0.476523333333333,0.285118333333333,0.190023333333333,0.1492,0.157928333333333,0.163705,0.159593333333333,0.155016666666667,0.12999,0.0900716666666667,0.0844833333333333,0.0858233333333333,0.074485,0.0798533333333333,0.06966,0.066795,0.0561016666666667,0.0485966666666667,0.044105,0.0345333333333333,0.0288983333333333,0.0273983333333333,0.0163883333333333,0.0109183333333333,0.01129,0.0112233333333333,0.012725,0.00750333333333333,0.008175,0.00712666666666667,0.00729333333333333,0.00467833333333333,0.003235,0.00412,0.002,0.00212,0.00306833333333333,0.000775,0.00251833333333333,0.00282166666666667,0.00197833333333333,0.00137333333333333,0.00103166666666667,0.00110666666666667,0.00128,0.00107166666666667,0.00105333333333333,0.001155,0.000536666666666667,0,0.00042,0.00165333333333333,0.0000183333333333333,0,0.000986666666666667,0.00153,0.00132833333333333,0.00142666666666667,0.00153166666666667,0.00164333333333333,0.00175833333333333,0.000518333333333333,0,1,0,0,0,0,0,0,1,1,1,1,1,1,1,1,1,1,1,1,1,1,1,1,1,1,1,1,1,1,1,1,1,1,1,1,1,1,1,1,1,1,1,1,1,1,1,1,1,1,1,1,1,1,1,1,1,1,1,1,1,1,1,1,1,1,1,1,1,1,1,1,1,1,1,1,1,1,1,1,0
2026-07-01 16:00:00,67.0378832666667,0,0,0,0,0,0,0.0339883333333333,2.09028666666667,10.0735166666667,14.8763766666667,11.776975,8.89470833333333,7.255715,6.32673,3.00573333333333,0.657323333333333,0.287808333333333,0.130928333333333,0.0754033333333333,0.0777183333333333,0.081035,0.0778533333333333,0.06951,0.0508166666666667,0.0376383333333333,0.0289333333333333,0.0307966666666667,0.04041,0.0254816666666667,0.0309066666666667,0.0176166666666667,0.025945,0.0173583333333333,0.01838,0.0153733333333333,0.01461,0.0190266666666667,0.0105366666666667,0.0103666666666667,0.00625666666666667,0.00940666666666667,0.00495,0.00766166666666667,0.00601,0.00578166666666667,0.003705,0.00426333333333333,0.00513,0.00290166666666667,0.00241333333333333,0.00423166666666667,0.00289333333333333,0.00238,0.00139833333333333,0.000986666666666667,0.000911666666666667,0,0.000856666666666667,0.000778333333333333,0.00093,0.00038,0.001545,0.000203333333333333,0.000846666666666667,0.000768333333333333,0.00078,0.000426666666666667,0.00055,0,0.00083,0.00016,0.000491666666666667,0.000696666666666667,0.00075,0.000805,0.000861666666666667,0.000918333333333333,0.000273333333333333,0,1,0,0,0,0,0,0,1,1,1,1,1,1,1,1,1,1,1,1,1,1,1,1,1,1,1,1,1,1,1,1,1,1,1,1,1,1,1,1,1,1,1,1,1,1,1,1,1,1,1,1,1,1,1,1,1,1,1,1,1,1,1,1,1,1,1,1,1,1,1,1,1,1,1,1,1,1,1,1,0
2026-07-01 17:00:00,71.30231775,0,0,0,0,0,0,0.0474233333333333,2.83341166666667,12.737565,17.4129466666667,12.4563816666667,8.61773,6.60096333333333,5.72316,2.93431,0.77958,0.362566666666667,0.176563333333333,0.10926,0.08741,0.0779116666666667,0.0916116666666667,0.0655633333333333,0.05085,0.033435,0.0301316666666667,0.026195,0.0248833333333333,0.022295,0.019905,0.02111,0.0203716666666667,0.01572,0.01625,0.0147783333333333,0.012085,0.00906,0.0106933333333333,0.00864333333333333,0.00604,0.005035,0.00604333333333333,0.005325,0.00495,0.00530666666666667,0.00365,0.00310666666666667,0.00219333333333333,0.00267333333333333,0.002695,0.00216833333333333,0.00123,0.000886666666666667,0.001295,0.000431666666666667,0.00174833333333333,0.001605,0.00169166666666667,0.00114166666666667,0.000678333333333333,0.00128,0.000425,0.000386666666666667,0.000461666666666667,0.000423333333333333,0.000421666666666667,0,0,0.000223333333333333,0.000608333333333333,0,0.0000433333333333333,0.000126666666666667,0.000136666666666667,0.000146666666666667,0.000156666666666667,0.000166666666666667,0.00005,0,1,0,0,0,0,0,0,1,1,1,1,1,1,1,1,1,1,1,1,1,1,1,1,1,1,1,1,1,1,1,1,1,1,1,1,1,1,1,1,1,1,1,1,1,1,1,1,1,1,1,1,1,1,1,1,1,1,1,1,1,1,1,1,1,1,1,1,1,1,1,1,1,1,1,1,1,1,1,1,0
2026-07-01 18:00:00,80.2278954666667,0,0,0,0,0,0,0.046705,2.870245,12.9013216666667,18.2124516666667,13.5173283333333,9.65765833333333,7.55226666666667,6.278855,3.90835833333333,1.86847833333333,0.907961666666667,0.528523333333333,0.31846,0.239125,0.173586666666667,0.16497,0.111865,0.088365,0.0621033333333333,0.04878,0.0452833333333333,0.0390183333333333,0.0265666666666667,0.03434,0.0269233333333333,0.02189,0.023625,0.01467,0.013945,0.015455,0.0134666666666667,0.0105983333333333,0.00809333333333333,0.00869,0.0102933333333333,0.00714333333333333,0.00688833333333333,0.00715833333333333,0.00412833333333333,0.004155,0.00434166666666667,0.00368,0.00333333333333333,0.00501333333333333,0.00332166666666667,0.00291666666666667,0.003405,0.00169,0.00346666666666667,0.00152833333333333,0.00215166666666667,0.00157833333333333,0.00176833333333333,0.000853333333333333,0.00170666666666667,0.000425,0,0.000385,0.000461666666666667,0.000988333333333333,0.00111666666666667,0.001255,0,0.000173333333333333,0.000653333333333333,0.000455,0.000126666666666667,0.000136666666666667,0.000146666666666667,0.000156666666666667,0.000166666666666667,0.00005,0,1,0,0,0,0,0,0,1,1,1,1,1,1,1,1,1,1,1,1,1,1,1,1,1,1,1,1,1,1,1,1,1,1,1,1,1,1,1,1,1,1,1,1,1,1,1,1,1,1,1,1,1,1,1,1,1,1,1,1,1,1,1,1,1,1,1,1,1,1,1,1,1,1,1,1,1,1,1,1,0
2026-07-01 19:00:00,66.2338544333333,0,0,0,0,0,0,0.0514116666666667,3.08101833333333,12.3269666666667,15.2920266666667,10.1471366666667,6.89902166666667,5.72077666666667,5.18355833333333,3.50439833333333,1.607355,0.705306666666667,0.336016666666667,0.22569,0.169645,0.129865,0.129733333333333,0.11095,0.0877666666666667,0.0666783333333333,0.0539433333333333,0.0508333333333333,0.047765,0.0321783333333333,0.0391366666666667,0.0340433333333333,0.0344283333333333,0.0260616666666667,0.0292983333333333,0.0206633333333333,0.0174166666666667,0.0169366666666667,0.0156533333333333,0.0124033333333333,0.01257,0.00975,0.00901,0.00698,0.00722166666666667,0.007545,0.00379,0.00427166666666667,0.00262833333333333,0.00654833333333333,0.00674666666666667,0.00384333333333333,0.004195,0.002765,0.00114333333333333,0.00253666666666667,0.00220333333333333,0.001375,0.00157833333333333,0.001515,0.001105,0.00147,0.000661666666666667,0.00251166666666667,0.00169333333333333,0.000806666666666667,0.000075,0,0.000816666666666667,0.001685,0.00100333333333333,0.00024,0.0000866666666666667,0.000253333333333333,0.000273333333333333,0.000293333333333333,0.000313333333333333,0.000333333333333333,0.0001,0,1,0,0,0,0,0,0,1,1,1,1,1,1,1,1,1,1,1,1,1,1,1,1,1,1,1,1,1,1,1,1,1,1,1,1,1,1,1,1,1,1,1,1,1,1,1,1,1,1,1,1,1,1,1,1,1,1,1,1,1,1,1,1,1,1,1,1,1,1,1,1,1,1,1,1,1,1,1,1,0
2026-07-01 20:00:00,57.5547423166667,0,0,0,0,0,0,0.0384566666666667,2.38946166666667,10.2411083333333,13.075175,8.57444833333333,5.88170333333333,4.83422666666667,4.39834166666667,3.46228166666667,1.71186666666667,0.773443333333333,0.406568333333333,0.237593333333333,0.167881666666667,0.154171666666667,0.153095,0.135478333333333,0.09077,0.0700916666666667,0.0532666666666667,0.0468633333333333,0.0474016666666667,0.0364783333333333,0.0484983333333333,0.03319,0.0422083333333333,0.024105,0.0253616666666667,0.0208933333333333,0.0214316666666667,0.0194283333333333,0.02305,0.0158216666666667,0.0116033333333333,0.011925,0.007125,0.00862833333333333,0.00887166666666667,0.00810833333333333,0.004155,0.00811166666666667,0.00326166666666667,0.00606,0.00557166666666667,0.00410666666666667,0.00460333333333333,0.004775,0.00325833333333333,0.003125,0.002305,0.00197666666666667,0.00355333333333333,0.000833333333333333,0.00093,0.00203666666666667,0.001695,0.000488333333333333,0.000885,0.000421666666666667,0,0.00042,0,0.000416666666666667,0.000588333333333333,0.00024,0.000108333333333333,0.000316666666666667,0.000341666666666667,0.000366666666666667,0.000391666666666667,0.000416666666666667,0.000125,0,1,0,0,0,0,0,0,1,1,1,1,1,1,1,1,1,1,1,1,1,1,1,1,1,1,1,1,1,1,1,1,1,1,1,1,1,1,1,1,1,1,1,1,1,1,1,1,1,1,1,1,1,1,1,1,1,1,1,1,1,1,1,1,1,1,1,1,1,1,1,1,1,1,1,1,1,1,1,1,0
2026-07-01 21:00:00,43.1144268333333,0,0,0,0,0,0,0.01989,1.55187333333333,7.395195,10.0273333333333,6.90899,4.72683833333333,3.78511166666667,3.214505,2.06445166666667,0.941288333333333,0.445663333333333,0.231318333333333,0.14059,0.126765,0.116586666666667,0.155675,0.126303333333333,0.115211666666667,0.0775283333333333,0.0650783333333333,0.0679,0.0699966666666667,0.0653316666666667,0.066125,0.05207,0.059665,0.04899,0.04115,0.0382466666666667,0.0391716666666667,0.0267066666666667,0.0250566666666667,0.0177033333333333,0.0110666666666667,0.0169616666666667,0.00974833333333333,0.00835333333333333,0.006195,0.00585666666666667,0.006065,0.00411166666666667,0.00424166666666667,0.00794833333333333,0.00642333333333333,0.005405,0.00212,0.00406,0.0039,0.00112833333333333,0.00303833333333333,0.00177666666666667,0.00335,0.00181,0.00246333333333333,0.000426666666666667,0.000748333333333333,0.00133833333333333,0.000423333333333333,0.0000383333333333333,0.000283333333333333,0.000138333333333333,0.000418333333333333,0,0,0,0.000108333333333333,0.000316666666666667,0.000341666666666667,0.000366666666666667,0.000391666666666667,0.000416666666666667,0.000125,0,1,0,0,0,0,0,0,1,1,1,1,1,1,1,1,1,1,1,1,1,1,1,1,1,1,1,1,1,1,1,1,1,1,1,1,1,1,1,1,1,1,1,1,1,1,1,1,1,1,1,1,1,1,1,1,1,1,1,1,1,1,1,1,1,1,1,1,1,1,1,1,1,1,1,1,1,1,1,1,0
2026-07-01 22:00:00,42.6658143050847,0,0,0,0,0,0,0.0261728813559322,1.84265084745763,7.87277118644068,10.1816271186441,6.69508983050847,4.48971694915254,3.35802711864407,2.81951186440678,2.11383050847458,0.904191525423729,0.370516949152542,0.189205084745763,0.148374576271186,0.121733898305085,0.120684745762712,0.141847457627119,0.179647457627119,0.135428813559322,0.101677966101695,0.0962152542372881,0.0897237288135593,0.0894338983050847,0.082664406779661,0.0749491525423729,0.0717932203389831,0.0682915254237288,0.0649389830508475,0.055428813559322,0.0435813559322034,0.0408779661016949,0.0326508474576271,0.0318915254237288,0.0226898305084746,0.0189677966101695,0.0160322033898305,0.0145050847457627,0.0101525423728814,0.00506949152542373,0.00655254237288136,0.0047864406779661,0.00668474576271186,0.0066728813559322,0.00450338983050847,0.00469661016949153,0.00258305084745763,0.00509830508474576,0.00253898305084746,0.00301694915254237,0.00114745762711864,0.000466101694915254,0.00172033898305085,0.00250508474576271,0.00133898305084746,0.000945762711864407,0.000867796610169492,0.000328813559322034,0.000535593220338983,0,0,0.000716949152542373,0.00128813559322034,0.000559322033898305,0,0,0.000420338983050847,0.0000220338983050847,0.0000644067796610169,0.0000694915254237288,0.0000745762711864407,0.0000796610169491525,0.0000847457627118644,0.0000254237288135593,0,1,0,0,0,0,0,0,1,1,1,1,1,1,1,1,1,1,1,1,1,1,1,1,1,1,1,1,1,1,1,1,1,1,1,1,1,1,1,1,1,1,1,1,1,1,1,1,1,1,1,1,1,1,1,1,1,1,1,1,1,1,1,1,1,1,1,1,1,1,1,1,1,1,1,1,1,1,1,1,0
2026-07-01 23:00:00,46.37459085,0,0,0,0,0,0,0.0276316666666667,1.81352666666667,8.12810833333333,10.7689266666667,7.2115,4.88825333333333,3.71804166666667,3.04470333333333,2.58192333333333,1.04184,0.433388333333333,0.254496666666667,0.177143333333333,0.161213333333333,0.14293,0.175523333333333,0.195101666666667,0.15141,0.13084,0.111281666666667,0.105828333333333,0.105778333333333,0.0972133333333333,0.085365,0.08456,0.0753633333333333,0.0672783333333333,0.0638066666666667,0.0489583333333333,0.0624533333333333,0.0369466666666667,0.0337966666666667,0.026995,0.0206633333333333,0.0171983333333333,0.0151183333333333,0.0118866666666667,0.0113283333333333,0.0102833333333333,0.00626166666666667,0.00426833333333333,0.005565,0.005475,0.00390666666666667,0.00491,0.00294,0.00351166666666667,0.00257833333333333,0.00248333333333333,0.000991666666666667,0.00194833333333333,0.001835,0.000658333333333333,0.00153333333333333,0.00019,0.000985,0.000526666666666667,0,0,0.000283333333333333,0.000138333333333333,0,0.000416666666666667,0.000173333333333333,0.00024,0.0000433333333333333,0.000126666666666667,0.000136666666666667,0.000146666666666667,0.000156666666666667,0.000166666666666667,0.00005,0,1,0,0,0,0,0,0,1,1,1,1,1,1,1,1,1,1,1,1,1,1,1,1,1,1,1,1,1,1,1,1,1,1,1,1,1,1,1,1,1,1,1,1,1,1,1,1,1,1,1,1,1,1,1,1,1,1,1,1,1,1,1,1,1,1,1,1,1,1,1,1,1,1,1,1,1,1,1,1,0
2026-07-02,35.5317285166667,0,0,0,0,0,0,0.01727,1.153535,5.66940666666667,8.10459666666667,5.96869166666667,4.00438,3.02906666666667,2.49763666666667,2.072,0.820038333333333,0.31765,0.191283333333333,0.13001,0.131413333333333,0.111803333333333,0.12379,0.149016666666667,0.118333333333333,0.101695,0.07708,0.0815133333333333,0.0744366666666667,0.07146,0.062605,0.0639083333333333,0.0598633333333333,0.051915,0.0458866666666667,0.0386316666666667,0.0329283333333333,0.03061,0.025935,0.0193666666666667,0.0148633333333333,0.00823,0.011915,0.008345,0.005355,0.00466333333333333,0.00522666666666667,0.00354166666666667,0.005855,0.00252166666666667,0.00236,0.00247666666666667,0.00166333333333333,0.000816666666666667,0.000845,0.00122333333333333,0.00107166666666667,0.001405,0.00154666666666667,0.000603333333333333,0.000678333333333333,0.000426666666666667,0.000425,0,0,0.000421666666666667,0.000421666666666667,0,0,0,0,0,0,0,0,0,0,0,0,0,1,0,0,0,0,0,0,1,1,1,1,1,1,1,1,1,1,1,1,1,1,1,1,1,1,1,1,1,1,1,1,1,1,1,1,1,1,1,1,1,1,1,1,1,1,1,1,1,1,1,1,1,1,1,1,1,1,1,1,1,1,1,1,1,1,1,1,1,1,1,1,1,1,1,1,1,1,1,1,0
2026-07-02 01:00:00,22.99842275,0,0,0,0,0,0,0.007185,0.659526666666667,3.41806,5.400495,4.041485,2.74699166666667,2.08081333333333,1.68365666666667,1.38682833333333,0.530223333333333,0.189516666666667,0.116998333333333,0.0804566666666667,0.070145,0.07497,0.0725533333333333,0.0872283333333333,0.0723016666666667,0.05248,0.0456716666666667,0.0357583333333333,0.0367233333333333,0.0343216666666667,0.03978,0.042245,0.029475,0.0233016666666667,0.0231716666666667,0.0194716666666667,0.01312,0.0108916666666667,0.012115,0.00976166666666667,0.00711666666666667,0.002965,0.005625,0.003745,0.00255,0.00316333333333333,0.00278,0.00310666666666667,0.00232,0.00168,0.00057,0.00121666666666667,0.000843333333333333,0.000455,0.00120666666666667,0.000518333333333333,0.00043,0,0.000803333333333333,0.000055,0.000426666666666667,0.000426666666666667,0,0,0.000423333333333333,0,0,0,0,0.000416666666666667,0,0,0,0,0,0,0,0,0,0,1,0,0,0,0,0,0,1,1,1,1,1,1,1,1,1,1,1,1,1,1,1,1,1,1,1,1,1,1,1,1,1,1,1,1,1,1,1,1,1,1,1,1,1,1,1,1,1,1,1,1,1,1,1,1,1,1,1,1,1,1,1,1,1,1,1,1,1,1,1,1,1,1,1,1,1,1,1,1,0
2026-07-02 02:00:00,9.55047281355932,0,0,0,0,0,0,0.00341694915254237,0.268801694915254,1.41289152542373,2.18412372881356,1.66944745762712,1.16139322033898,0.879296610169492,0.681864406779661,0.589759322033898,0.273454237288136,0.10444406779661,0.0648508474576271,0.0421423728813559,0.0328898305084746,0.0289762711864407,0.0334033898305085,0.0360677966101695,0.0277508474576271,0.0270338983050847,0.0221067796610169,0.0175508474576271,0.0106033898305085,0.0171237288135593,0.011228813559322,0.012171186440678,0.0125762711864407,0.00892033898305085,0.00537118644067797,0.0038864406779661,0.00649661016949153,0.00605593220338983,0.00377118644067797,0.00281694915254237,0.00264406779661017,0.00189322033898305,0.00243728813559322,0.00222033898305085,0.00173898305084746,0.00241016949152542,0.00190338983050847,0.00146949152542373,0.00151186440677966,0.000257627118644068,0.00352542372881356,0.00138813559322034,0.00166779661016949,0.000901694915254237,0.00210508474576271,0.000528813559322034,0.000874576271186441,0.000874576271186441,0.00119661016949153,0.000547457627118644,0.000433898305084746,0.000433898305084746,0.000432203389830508,0,0,0,0.000428813559322034,0,0.000405084745762712,0.0000186440677966102,0,0,0,0,0,0,0,0,0,0,1,0,0,0,0,0,0,1,1,1,1,1,1,1,1,1,1,1,1,1,1,1,1,1,1,1,1,1,1,1,1,1,1,1,1,1,1,1,1,1,1,1,1,1,1,1,1,1,1,1,1,1,1,1,1,1,1,1,1,1,1,1,1,1,1,1,1,1,1,1,1,1,1,1,1,1,1,1,1,0
2026-07-02 03:00:00,2.08061306666667,0,0,0,0,0,0,0.00130666666666667,0.08123,0.285568333333333,0.362673333333333,0.273268333333333,0.204108333333333,0.163721666666667,0.146743333333333,0.139116666666667,0.0973333333333333,0.0351283333333333,0.0258316666666667,0.0161083333333333,0.0113216666666667,0.009755,0.00983166666666667,0.0125833333333333,0.00772,0.00988833333333333,0.00854,0.006305,0.00432333333333333,0.004925,0.00576,0.00260333333333333,0.00264166666666667,0.00172833333333333,0.000876666666666667,0.00219833333333333,0.00228666666666667,0.00181833333333333,0.003285,0.00102333333333333,0.00118333333333333,0.00175333333333333,0.00238333333333333,0.00122666666666667,0.00115333333333333,0.00063,0.00100166666666667,0.00101,0.000616666666666667,0.00277333333333333,0.000946666666666667,0.000498333333333333,0.00123,0.000431666666666667,0.000431666666666667,0.00167333333333333,0.0000516666666666667,0.00043,0.000373333333333333,0.000483333333333333,0.00128,0.000426666666666667,0.000748333333333333,0.000101666666666667,0,0.000346666666666667,0.000075,0,0.000816666666666667,0.0000183333333333333,0.000173333333333333,0.00024,0.000411666666666667,0,0,0,0,0,0,0,1,0,0,0,0,0,0,1,1,1,1,1,1,1,1,1,1,1,1,1,1,1,1,1,1,1,1,1,1,1,1,1,1,1,1,1,1,1,1,1,1,1,1,1,1,1,1,1,1,1,1,1,1,1,1,1,1,1,1,1,1,1,1,1,1,1,1,1,1,1,1,1,1,1,1,1,1,1,1,0
2026-07-02 04:00:00,2.13865505,0,0,0,0,0,0,0.00088,0.06502,0.270945,0.368408333333333,0.26696,0.182873333333333,0.17506,0.158395,0.149913333333333,0.0949283333333333,0.04435,0.03136,0.02186,0.0165933333333333,0.0258183333333333,0.0216983333333333,0.0255283333333333,0.0181616666666667,0.0178383333333333,0.0165233333333333,0.010565,0.01334,0.009705,0.00771333333333333,0.00686166666666667,0.00764166666666667,0.00812666666666667,0.008385,0.00691333333333333,0.00405666666666667,0.004635,0.003395,0.00332166666666667,0.00194666666666667,0.00164166666666667,0.002605,0.00023,0.00084,0.000901666666666667,0.0008,0.0005,0.00192,0.00109333333333333,0.000976666666666667,0.002105,0.00041,0.000793333333333333,0.00170833333333333,0.00052,0.00129,0.000343333333333333,0.000945,0,0.000428333333333333,0.000853333333333333,0.000425,0,0,0,0.000705,0.000978333333333333,0.000418333333333333,0.000223333333333333,0.000193333333333333,0.000413333333333333,0,0,0,0,0,0,0,0,1,0,0,0,0,0,0,1,1,1,1,1,1,1,1,1,1,1,1,1,1,1,1,1,1,1,1,1,1,1,1,1,1,1,1,1,1,1,1,1,1,1,1,1,1,1,1,1,1,1,1,1,1,1,1,1,1,1,1,1,1,1,1,1,1,1,1,1,1,1,1,1,1,1,1,1,1,1,1,0
2026-07-02 05:00:00,6.9764876,0,0,0,0,0,0,0.00536,0.205386666666667,0.833446666666667,1.202225,0.808701666666667,0.624178333333333,0.540651666666667,0.504776666666667,0.462268333333333,0.298376666666667,0.133516666666667,0.09508,0.0857633333333333,0.0724066666666667,0.074365,0.093035,0.0886,0.073595,0.066635,0.0702666666666667,0.0570866666666667,0.04538,0.0464416666666667,0.0489483333333333,0.0335316666666667,0.0358516666666667,0.0224433333333333,0.02356,0.0245716666666667,0.0151283333333333,0.00989166666666667,0.01201,0.009735,0.00879666666666667,0.00842666666666667,0.00822666666666667,0.00478166666666667,0.00436,0.003435,0.00221333333333333,0.00209666666666667,0.002755,0.00252,0.00233,0.00167166666666667,0.00082,0.00168,0.000413333333333333,0.00138333333333333,0.00134666666666667,0.00123333333333333,0.000373333333333333,0.000055,0.000426666666666667,0.00128,0.000425,0.000425,0.00119333333333333,0.000423333333333333,0.000496666666666667,0,0.000418333333333333,0.000416666666666667,0,0,0.0000433333333333333,0.000126666666666667,0.000136666666666667,0.000146666666666667,0.000156666666666667,0.000166666666666667,0.00005,0,1,0,0,0,0,0,0,1,1,1,1,1,1,1,1,1,1,1,1,1,1,1,1,1,1,1,1,1,1,1,1,1,1,1,1,1,1,1,1,1,1,1,1,1,1,1,1,1,1,1,1,1,1,1,1,1,1,1,1,1,1,1,1,1,1,1,1,1,1,1,1,1,1,1,1,1,1,1,1,0
2026-07-02 06:00:00,9.87474331666667,0,0,0,0,0,0,0.00358666666666667,0.301043333333333,1.341935,1.65610833333333,1.12788666666667,0.879873333333333,0.795731666666667,0.82124,0.588436666666667,0.327073333333333,0.191565,0.142858333333333,0.121966666666667,0.107396666666667,0.121361666666667,0.139178333333333,0.117101666666667,0.106293333333333,0.0998766666666667,0.089445,0.0873033333333333,0.085055,0.0763483333333333,0.06882,0.05866,0.0522233333333333,0.0422883333333333,0.039015,0.0382716666666667,0.0300583333333333,0.0210966666666667,0.0222,0.017165,0.011815,0.0154316666666667,0.0114633333333333,0.00861,0.00451166666666667,0.00536166666666667,0.00787833333333333,0.00650333333333333,0.00451333333333333,0.00636,0.00515833333333333,0.00249666666666667,0.00125333333333333,0.00240333333333333,0.00271166666666667,0.00176,0.00220166666666667,0.00086,0.00166333333333333,0.00100833333333333,0.00118166666666667,0.00019,0.000661666666666667,0,0,0.00119166666666667,0.000075,0.000708333333333333,0.00053,0.0000183333333333333,0.00083,0.000413333333333333,0.0000866666666666667,0.000253333333333333,0.000271666666666667,0.000291666666666667,0.000313333333333333,0.000335,0.0000983333333333333,0,1,0,0,0,0,0,0,1,1,1,1,1,1,1,1,1,1,1,1,1,1,1,1,1,1,1,1,1,1,1,1,1,1,1,1,1,1,1,1,1,1,1,1,1,1,1,1,1,1,1,1,1,1,1,1,1,1,1,1,1,1,1,1,1,1,1,1,1,1,1,1,1,1,1,1,1,1,1,1,0
2026-07-02 07:00:00,15.3674081166667,0,0,0,0,0,0,0.010915,0.540825,2.12964666666667,2.38628833333333,1.62245666666667,1.3052,1.22796166666667,1.404825,0.74122,0.381521666666667,0.265645,0.214786666666667,0.174521666666667,0.187043333333333,0.206833333333333,0.20067,0.214085,0.178903333333333,0.154138333333333,0.151865,0.151266666666667,0.144155,0.122635,0.11907,0.101538333333333,0.103861666666667,0.0838316666666667,0.0702733333333333,0.0670166666666667,0.0496783333333333,0.049445,0.0379666666666667,0.03087,0.0305783333333333,0.02081,0.015995,0.0172366666666667,0.0130066666666667,0.00897,0.0109216666666667,0.00780333333333333,0.009605,0.00784666666666667,0.00822166666666667,0.00718,0.00337333333333333,0.0049,0.00560833333333333,0.00450833333333333,0.00279166666666667,0.00166333333333333,0.00209166666666667,0.00357833333333333,0.00331833333333333,0.00208666666666667,0.00112,0.000628333333333333,0.000846666666666667,0.000423333333333333,0.000566666666666667,0.000985,0.001805,0.000416666666666667,0.00083,0.000826666666666667,0.000606666666666667,0.00057,0.000615,0.00066,0.000705,0.00075,0.000225,0,1,0,0,0,0,0,0,1,1,1,1,1,1,1,1,1,1,1,1,1,1,1,1,1,1,1,1,1,1,1,1,1,1,1,1,1,1,1,1,1,1,1,1,1,1,1,1,1,1,1,1,1,1,1,1,1,1,1,1,1,1,1,1,1,1,1,1,1,1,1,1,1,1,1,1,1,1,1,1,0
2026-07-02 08:00:00,19.8856408833333,0,0,0,0,0,0,0.0125266666666667,0.74061,3.02884333333333,3.59610833333333,2.425105,1.76402333333333,1.54906166666667,1.521975,0.800188333333333,0.416708333333333,0.303061666666667,0.238866666666667,0.219948333333333,0.205423333333333,0.234918333333333,0.249785,0.228945,0.214381666666667,0.192173333333333,0.160708333333333,0.167378333333333,0.149913333333333,0.150508333333333,0.129321666666667,0.102196666666667,0.116058333333333,0.106148333333333,0.083335,0.0646083333333333,0.0611616666666667,0.0559633333333333,0.0570816666666667,0.0316516666666667,0.0284466666666667,0.025725,0.0188366666666667,0.0137266666666667,0.0113316666666667,0.014015,0.0113983333333333,0.0117916666666667,0.00948,0.00336,0.00546166666666667,0.00414666666666667,0.00335,0.00435166666666667,0.00445333333333333,0.00613,0.00338166666666667,0.00298333333333333,0.00200833333333333,0.00194333333333333,0.001105,0.00227666666666667,0.001135,0.00123666666666667,0.00173166666666667,0,0.00112666666666667,0.000426666666666667,0.00132666666666667,0.000471666666666667,0.000415,0,0.000108333333333333,0.000316666666666667,0.00034,0.000365,0.000391666666666667,0.000418333333333333,0.000123333333333333,0,1,0,0,0,0,0,0,1,1,1,1,1,1,1,1,1,1,1,1,1,1,1,1,1,1,1,1,1,1,1,1,1,1,1,1,1,1,1,1,1,1,1,1,1,1,1,1,1,1,1,1,1,1,1,1,1,1,1,1,1,1,1,1,1,1,1,1,1,1,1,1,1,1,1,1,1,1,1,1,0
2026-07-02 09:00:00,21.1700218833333,0,0,0,0,0,0,0.00999833333333333,0.789015,3.43590833333333,4.26094166666667,2.93798666666667,2.14694333333333,1.71641166666667,1.462255,0.803628333333333,0.462515,0.289293333333333,0.19164,0.190055,0.196971666666667,0.20889,0.262373333333333,0.217448333333333,0.18786,0.165633333333333,0.15946,0.131626666666667,0.139646666666667,0.128613333333333,0.119095,0.11512,0.100723333333333,0.0936233333333333,0.0802866666666667,0.0584,0.0626683333333333,0.0468083333333333,0.0442033333333333,0.0344716666666667,0.0288533333333333,0.027265,0.0170366666666667,0.0168166666666667,0.0129166666666667,0.01015,0.00686,0.008315,0.00908333333333333,0.006515,0.00468666666666667,0.00338666666666667,0.00677,0.00388666666666667,0.004985,0.00447333333333333,0.00147833333333333,0.002495,0.001605,0.00225166666666667,0.000426666666666667,0.00189666666666667,0.000236666666666667,0.001275,0.001655,0.0000383333333333333,0.000421666666666667,0,0.000836666666666667,0.000223333333333333,0.000193333333333333,0,0.000108333333333333,0.000316666666666667,0.000341666666666667,0.000366666666666667,0.000391666666666667,0.000416666666666667,0.000125,0,1,0,0,0,0,0,0,1,1,1,1,1,1,1,1,1,1,1,1,1,1,1,1,1,1,1,1,1,1,1,1,1,1,1,1,1,1,1,1,1,1,1,1,1,1,1,1,1,1,1,1,1,1,1,1,1,1,1,1,1,1,1,1,1,1,1,1,1,1,1,1,1,1,1,1,1,1,1,1,0
2026-07-02 10:00:00,24.9590846333333,0,0,0,0,0,0,0.01298,0.931661666666667,4.41022833333333,5.63596166666667,3.65001833333333,2.30887833333333,1.77822666666667,1.41837333333333,0.916765,0.55127,0.315713333333333,0.20258,0.16391,0.195658333333333,0.215865,0.27391,0.247225,0.212936666666667,0.150173333333333,0.141526666666667,0.137435,0.128918333333333,0.126058333333333,0.117505,0.100091666666667,0.0940683333333333,0.0845916666666667,0.0764983333333333,0.0607966666666667,0.05676,0.0458633333333333,0.0360916666666667,0.03021,0.0212233333333333,0.01917,0.0205266666666667,0.0159716666666667,0.012105,0.008565,0.0089,0.00896333333333333,0.00878666666666667,0.00911833333333333,0.005945,0.00646166666666667,0.00287,0.003675,0.00752,0.00171833333333333,0.00363,0.00223666666666667,0.00111833333333333,0.00171333333333333,0.000428333333333333,0.00256,0.00085,0.00235833333333333,0.000615,0.00077,0.00120166666666667,0.000978333333333333,0.000796666666666667,0.00151,0.000608333333333333,0.000413333333333333,0.000585,0.000506666666666667,0.000546666666666667,0.000586666666666667,0.000626666666666667,0.000666666666666667,0.0002,0,1,0,0,0,0,0,0,1,1,1,1,1,1,1,1,1,1,1,1,1,1,1,1,1,1,1,1,1,1,1,1,1,1,1,1,1,1,1,1,1,1,1,1,1,1,1,1,1,1,1,1,1,1,1,1,1,1,1,1,1,1,1,1,1,1,1,1,1,1,1,1,1,1,1,1,1,1,1,1,0
2026-07-02 11:00:00,32.88531675,0,0,0,0,0,0,0.0184866666666667,1.15761,5.77017166666667,8.18321166666667,5.16172,3.207255,2.25046666666667,1.838085,1.30441166666667,0.785801666666667,0.381715,0.263235,0.220941666666667,0.232368333333333,0.240005,0.300646666666667,0.245935,0.223401666666667,0.17553,0.153908333333333,0.141563333333333,0.147608333333333,0.121211666666667,0.117373333333333,0.105103333333333,0.097505,0.08473,0.0758,0.0750566666666667,0.0631083333333333,0.0533783333333333,0.0412766666666667,0.0400016666666667,0.0302116666666667,0.027165,0.01726,0.0133483333333333,0.0130733333333333,0.0109966666666667,0.00908833333333333,0.00875666666666667,0.00882666666666667,0.00975166666666667,0.00612333333333333,0.008915,0.00542333333333333,0.00733833333333333,0.00384833333333333,0.00519666666666667,0.00244666666666667,0.00304,0.00272333333333333,0.00114166666666667,0.00196,0.00256,0.000748333333333333,0.00137666666666667,0.00161666666666667,0.000923333333333333,0.000843333333333333,0.00126,0.001215,0.000676666666666667,0.00143833333333333,0.000826666666666667,0.000151666666666667,0.000443333333333333,0.000478333333333333,0.000513333333333333,0.000548333333333333,0.000583333333333333,0.000175,0,1,0,0,0,0,0,0,1,1,1,1,1,1,1,1,1,1,1,1,1,1,1,1,1,1,1,1,1,1,1,1,1,1,1,1,1,1,1,1,1,1,1,1,1,1,1,1,1,1,1,1,1,1,1,1,1,1,1,1,1,1,1,1,1,1,1,1,1,1,1,1,1,1,1,1,1,1,1,1,0
2026-07-02 12:00:00,45.4855522,0,0,0,0,0,0,0.0212316666666667,1.317205,6.92557,10.371505,7.39920333333333,4.790055,3.43700166666667,2.90040333333333,2.43191666666667,1.56225833333333,0.64246,0.33995,0.230903333333333,0.242236666666667,0.252611666666667,0.33795,0.277421666666667,0.261746666666667,0.201663333333333,0.16427,0.150748333333333,0.149613333333333,0.124411666666667,0.116051666666667,0.0987866666666667,0.106071666666667,0.0873783333333333,0.078705,0.0659483333333333,0.06127,0.0552016666666667,0.049165,0.0327033333333333,0.02423,0.023445,0.021405,0.0165616666666667,0.0159933333333333,0.0122166666666667,0.0161183333333333,0.0132383333333333,0.01154,0.00743666666666667,0.00905,0.010215,0.005035,0.00413,0.00458833333333333,0.00416333333333333,0.00368,0.00481666666666667,0.00501666666666667,0.004415,0.00153166666666667,0.00166,0.002395,0.00232833333333333,0.00123166666666667,0.00207166666666667,0.000918333333333333,0.00280833333333333,0.00053,0.000853333333333333,0,0,0.00140833333333333,0.000506666666666667,0.000545,0.000585,0.000626666666666667,0.000668333333333333,0.000198333333333333,0,1,0,0,0,0,0,0,1,1,1,1,1,1,1,1,1,1,1,1,1,1,1,1,1,1,1,1,1,1,1,1,1,1,1,1,1,1,1,1,1,1,1,1,1,1,1,1,1,1,1,1,1,1,1,1,1,1,1,1,1,1,1,1,1,1,1,1,1,1,1,1,1,1,1,1,1,1,1,1,0
2026-07-02 13:00:00,51.984881,0,0,0,0,0,0,0.0313916666666667,1.88220666666667,9.02931666666667,11.487415,7.47109666666667,4.94426,3.844055,3.42366166666667,3.07148166666667,2.06638,0.821851666666667,0.429343333333333,0.27947,0.270923333333333,0.290138333333333,0.335581666666667,0.304363333333333,0.27106,0.216721666666667,0.183266666666667,0.166233333333333,0.15895,0.12828,0.13045,0.114806666666667,0.11114,0.0951383333333333,0.0857683333333333,0.0776016666666667,0.0755133333333333,0.0639383333333333,0.0519866666666667,0.0487383333333333,0.034975,0.031095,0.0258566666666667,0.0169383333333333,0.0141583333333333,0.0127166666666667,0.013575,0.00895833333333333,0.00592666666666667,0.00972333333333333,0.007575,0.008445,0.00836333333333333,0.00676833333333333,0.00553833333333333,0.00494,0.00330833333333333,0.00433,0.00315,0.00295333333333333,0.00228833333333333,0.00289333333333333,0.00127,0.00133833333333333,0.000885,0.000423333333333333,0.00225333333333333,0.00169333333333333,0.00108,0.00149166666666667,0.000193333333333333,0.000573333333333333,0.000925,0.00076,0.000818333333333333,0.000878333333333333,0.00094,0.00100166666666667,0.000298333333333333,0,1,0,0,0,0,0,0,1,1,1,1,1,1,1,1,1,1,1,1,1,1,1,1,1,1,1,1,1,1,1,1,1,1,1,1,1,1,1,1,1,1,1,1,1,1,1,1,1,1,1,1,1,1,1,1,1,1,1,1,1,1,1,1,1,1,1,1,1,1,1,1,1,1,1,1,1,1,1,1,0
2026-07-02 14:00:00,65.1620510166667,0,0,0,0,0,0,0.0334183333333333,2.2196,10.7853866666667,14.9758266666667,9.82670666666667,6.46180333333333,5.03413166666667,4.45703333333333,4.00977666666667,2.63941666666667,0.999656666666667,0.462183333333333,0.295438333333333,0.25464,0.277933333333333,0.34422,0.312581666666667,0.257836666666667,0.213346666666667,0.188271666666667,0.184788333333333,0.178458333333333,0.150468333333333,0.146308333333333,0.119223333333333,0.121445,0.097215,0.0932383333333333,0.0826016666666667,0.0749833333333333,0.0671333333333333,0.05957,0.0436566666666667,0.03728,0.034805,0.0278816666666667,0.0222466666666667,0.0171216666666667,0.0137416666666667,0.0127016666666667,0.0100516666666667,0.00878666666666667,0.01335,0.0115016666666667,0.01009,0.00542333333333333,0.00719833333333333,0.00424333333333333,0.00278333333333333,0.00408166666666667,0.003125,0.00309333333333333,0.00394333333333333,0.00264166666666667,0.00455,0.00312,0.00289833333333333,0.00373333333333333,0.000576666666666667,0.000705,0.000715,0.000263333333333333,0.000223333333333333,0.000366666666666667,0.00164,0.000925,0.00076,0.000818333333333333,0.000878333333333333,0.00094,0.00100166666666667,0.000298333333333333,0,1,0,0,0,0,0,0,1,1,1,1,1,1,1,1,1,1,1,1,1,1,1,1,1,1,1,1,1,1,1,1,1,1,1,1,1,1,1,1,1,1,1,1,1,1,1,1,1,1,1,1,1,1,1,1,1,1,1,1,1,1,1,1,1,1,1,1,1,1,1,1,1,1,1,1,1,1,1,1,0
2026-07-02 15:00:00,76.9691590166667,0,0,0,0,0,0,0.0392233333333333,2.641875,12.0525766666667,15.4515283333333,10.6897933333333,7.76414166666667,6.75198833333333,6.26958333333333,6.11145333333333,3.88362,1.27587666666667,0.595218333333333,0.361423333333333,0.291495,0.296281666666667,0.365643333333333,0.291031666666667,0.258103333333333,0.207608333333333,0.174206666666667,0.185376666666667,0.185678333333333,0.148896666666667,0.147345,0.11428,0.116166666666667,0.108816666666667,0.0967766666666667,0.0773116666666667,0.0839016666666667,0.059645,0.0516416666666667,0.030705,0.0293816666666667,0.0240016666666667,0.0224983333333333,0.014625,0.0128583333333333,0.00982833333333333,0.0110916666666667,0.009615,0.009605,0.00844666666666667,0.00615333333333333,0.00673,0.00836166666666667,0.00730333333333333,0.00752833333333333,0.00416333333333333,0.00411333333333333,0.00387,0.00281,0.00303,0.00264333333333333,0.00294,0.00324666666666667,0.00232833333333333,0.000423333333333333,0.000346666666666667,0.00176166666666667,0.00112833333333333,0.00055,0.000416666666666667,0.00083,0.00016,0.000968333333333333,0.000886666666666667,0.000955,0.001025,0.00109666666666667,0.00116833333333333,0.000348333333333333,0,1,0,0,0,0,0,0,1,1,1,1,1,1,1,1,1,1,1,1,1,1,1,1,1,1,1,1,1,1,1,1,1,1,1,1,1,1,1,1,1,1,1,1,1,1,1,1,1,1,1,1,1,1,1,1,1,1,1,1,1,1,1,1,1,1,1,1,1,1,1,1,1,1,1,1,1,1,1,1,0
2026-07-02 16:00:00,90.2639584,0,0,0,0,0,0,0.0442283333333333,2.77087333333333,12.4996366666667,16.907145,12.6481033333333,9.726005,8.67798833333333,8.12888166666667,8.04271166666667,5.08816833333333,1.503615,0.720685,0.41879,0.331978333333333,0.30844,0.358833333333333,0.298423333333333,0.228046666666667,0.195453333333333,0.167478333333333,0.166625,0.177096666666667,0.145826666666667,0.137473333333333,0.0995366666666667,0.0915166666666667,0.0936433333333333,0.0806733333333333,0.0583366666666667,0.0581933333333333,0.0394,0.03867,0.0388566666666667,0.02421,0.02201,0.0152666666666667,0.0198166666666667,0.0103633333333333,0.010505,0.00821,0.00555833333333333,0.00641666666666667,0.00404666666666667,0.007765,0.00620833333333333,0.00344333333333333,0.00680333333333333,0.00211,0.002175,0.00152833333333333,0.00309833333333333,0.00191833333333333,0.00134,0.000855,0.00147,0.000661666666666667,0.00166166666666667,0.000461666666666667,0.00180833333333333,0.00114333333333333,0.00042,0,0.00166666666666667,0.00142,0.000653333333333333,0.000173333333333333,0.000506666666666667,0.000546666666666667,0.000586666666666667,0.000626666666666667,0.000666666666666667,0.0002,0,1,0,0,0,0,0,0,1,1,1,1,1,1,1,1,1,1,1,1,1,1,1,1,1,1,1,1,1,1,1,1,1,1,1,1,1,1,1,1,1,1,1,1,1,1,1,1,1,1,1,1,1,1,1,1,1,1,1,1,1,1,1,1,1,1,1,1,1,1,1,1,1,1,1,1,1,1,1,1,0
2026-07-02 17:00:00,90.189406125,0,0,0,0,0,0,0.04295,2.62225714285714,12.2610517857143,16.9881321428571,12.7538875,9.81648214285714,8.64544821428571,8.22091785714286,7.80177678571429,4.9139625,1.66401964285714,0.775360714285714,0.413367857142857,0.3318,0.304310714285714,0.340421428571429,0.298041071428571,0.2481375,0.178891071428571,0.1310625,0.138535714285714,0.152580357142857,0.129714285714286,0.139676785714286,0.0876767857142857,0.104033928571429,0.0898553571428571,0.0705714285714286,0.0663714285714286,0.0545589285714286,0.0455125,0.0402357142857143,0.0326339285714286,0.0266946428571429,0.015725,0.0192375,0.0166785714285714,0.0102053571428571,0.0124,0.0107196428571429,0.0124785714285714,0.006275,0.00758035714285714,0.00317678571428571,0.00411428571428571,0.00449285714285714,0.002775,0.001,0.00352857142857143,0.00299285714285714,0.00196607142857143,0.00331785714285714,0.000635714285714286,0.000458928571428571,0.00228571428571429,0.000801785714285714,0.00234464285714286,0.000907142857142857,0.000494642857142857,0,0.00045,0,0.000446428571428571,0.000444642857142857,0.000442857142857143,0.0000928571428571429,0.000271428571428571,0.000292857142857143,0.000314285714285714,0.000335714285714286,0.000357142857142857,0.000107142857142857,0,1,0,0,0,0,0,0,1,1,1,1,1,1,1,1,1,1,1,1,1,1,1,1,1,1,1,1,1,1,1,1,1,1,1,1,1,1,1,1,1,1,1,1,1,1,1,1,1,1,1,1,1,1,1,1,1,1,1,1,1,1,1,1,1,1,1,1,1,1,1,1,1,1,1,1,1,1,1,1,0
2026-07-02 18:00:00,86.009136877193,0,0,0,0,0,0,0.0296280701754386,2.44511228070175,11.0006912280702,15.5991070175439,11.9453105263158,9.45624912280702,8.4237,8.01431052631579,7.78820175438597,4.96291929824561,1.6652,0.795110526315789,0.408552631578947,0.287819298245614,0.275980701754386,0.302228070175439,0.275254385964912,0.208668421052632,0.162808771929825,0.123115789473684,0.125164912280702,0.0938929824561403,0.0834350877192983,0.0977052631578947,0.0707298245614035,0.0721982456140351,0.0653526315789474,0.0568350877192982,0.0584771929824561,0.0429070175438597,0.0310035087719298,0.0225947368421053,0.0235070175438596,0.0220140350877193,0.0208473684210526,0.0136491228070175,0.0112684210526316,0.00998771929824561,0.011959649122807,0.00798771929824561,0.00828771929824561,0.00677368421052632,0.00621929824561404,0.00443684210526316,0.00582631578947368,0.00753333333333333,0.00313157894736842,0.00441228070175439,0.00300350877192982,0.00229473684210526,0.00286666666666667,0.00195964912280702,0.00120175438596491,0.00206491228070175,0.00129824561403509,0.000945614035087719,0.000447368421052632,0.000445614035087719,0.00125438596491228,0.00037719298245614,0.00102982456140351,0.00083859649122807,0.000508771929824561,0.00128070175438596,0.000168421052631579,0.000335087719298246,0.0002,0.000215789473684211,0.000231578947368421,0.000247368421052632,0.000263157894736842,0.0000789473684210526,0,1,0,0,0,0,0,0,1,1,1,1,1,1,1,1,1,1,1,1,1,1,1,1,1,1,1,1,1,1,1,1,1,1,1,1,1,1,1,1,1,1,1,1,1,1,1,1,1,1,1,1,1,1,1,1,1,1,1,1,1,1,1,1,1,1,1,1,1,1,1,1,1,1,1,1,1,1,1,1,0
2026-07-02 19:00:00,78.1778407966102,0,0,0,0,0,0,0.0357830508474576,2.26256610169492,10.2943711864407,14.4102847457627,11.1600728813559,8.78085084745763,7.84487457627119,7.31780677966102,7.19606779661017,4.33491186440678,1.28751186440678,0.650601694915254,0.358006779661017,0.284459322033898,0.279581355932203,0.261015254237288,0.264027118644068,0.195140677966102,0.132708474576271,0.113642372881356,0.114852542372881,0.0921016949152542,0.0796322033898305,0.0971796610169492,0.0661813559322034,0.0895610169491525,0.0681118644067797,0.0634542372881356,0.046771186440678,0.0524220338983051,0.0373440677966102,0.0322576271186441,0.0227406779661017,0.020806779661017,0.0204898305084746,0.0164966101694915,0.0160254237288136,0.00963050847457627,0.0109457627118644,0.00699830508474576,0.00727796610169492,0.00556440677966102,0.0059,0.00589152542372881,0.00220338983050847,0.00171525423728814,0.00129322033898305,0.00226610169491525,0.00340338983050847,0.00147457627118644,0.00142881355932203,0.00194915254237288,0.000847457627118644,0.00181694915254237,0.00125423728813559,0.00167457627118644,0.000928813559322034,0.0021135593220339,0.0000779661016949153,0.000857627118644068,0,0.000425423728813559,0.000423728813559322,0.000422033898305085,0.00016271186440678,0.000279661016949153,0.0000644067796610169,0.0000694915254237288,0.0000745762711864407,0.0000796610169491525,0.0000847457627118644,0.0000254237288135593,0,1,0,0,0,0,0,0,1,1,1,1,1,1,1,1,1,1,1,1,1,1,1,1,1,1,1,1,1,1,1,1,1,1,1,1,1,1,1,1,1,1,1,1,1,1,1,1,1,1,1,1,1,1,1,1,1,1,1,1,1,1,1,1,1,1,1,1,1,1,1,1,1,1,1,1,1,1,1,1,0
2026-07-02 20:00:00,72.4342353728814,0,0,0,0,0,0,0.0293406779661017,2.01728644067797,9.62825084745763,13.5857406779661,10.563293220339,8.14920847457627,7.27238644067797,6.84230508474576,6.66132033898305,4.00445423728814,1.23369491525424,0.572789830508475,0.342781355932203,0.274405084745763,0.241435593220339,0.250413559322034,0.239828813559322,0.174005084745763,0.141045762711864,0.0924508474576271,0.100767796610169,0.0889254237288136,0.078793220338983,0.0925694915254237,0.0695966101694915,0.0737,0.0589627118644068,0.050493220338983,0.0464491525423729,0.0434610169491525,0.0358745762711864,0.0262847457627119,0.0184762711864407,0.016864406779661,0.0152627118644068,0.0111932203389831,0.0123084745762712,0.0116813559322034,0.00888474576271187,0.00775762711864407,0.00734915254237288,0.00551186440677966,0.00253559322033898,0.00410508474576271,0.00304406779661017,0.00210847457627119,0.0021,0.00250677966101695,0.00153050847457627,0.000955932203389831,0.000845762711864407,0.00212542372881356,0.00136271186440678,0.00173728813559322,0.00106101694915254,0.00176271186440678,0.000206779661016949,0.000391525423728814,0.000391525423728814,0.000505084745762712,0.000427118644067797,0,0.000423728813559322,0,0,0.000132203389830508,0.000386440677966102,0.000416949152542373,0.000447457627118644,0.000477966101694915,0.000508474576271186,0.000152542372881356,0,1,0,0,0,0,0,0,1,1,1,1,1,1,1,1,1,1,1,1,1,1,1,1,1,1,1,1,1,1,1,1,1,1,1,1,1,1,1,1,1,1,1,1,1,1,1,1,1,1,1,1,1,1,1,1,1,1,1,1,1,1,1,1,1,1,1,1,1,1,1,1,1,1,1,1,1,1,1,1,0
2026-07-02 21:00:00,83.2237311,0,0,0,0,0,0,0.0329933333333333,2.257815,10.5592466666667,15.02636,11.9961483333333,9.50755166666667,8.35462833333333,7.84307166666667,7.70969,4.60219166666667,1.51827,0.779765,0.445973333333333,0.37325,0.309795,0.331316666666667,0.294746666666667,0.222183333333333,0.166028333333333,0.135595,0.13374,0.118233333333333,0.0938766666666667,0.115185,0.0737416666666667,0.10084,0.05737,0.05627,0.0579416666666667,0.04292,0.0409983333333333,0.0312833333333333,0.0256483333333333,0.017345,0.012275,0.0103283333333333,0.012875,0.00859333333333333,0.00625666666666667,0.00783,0.010775,0.00567333333333333,0.0056,0.00410166666666667,0.0039,0.00378333333333333,0.00281166666666667,0.0039,0.000695,0.00129,0.00086,0.00160666666666667,0.00182333333333333,0,0,0.000425,0.000425,0,0.000845,0.000283333333333333,0.000138333333333333,0,0.000416666666666667,0.000415,0,0.0000216666666666667,0.0000633333333333333,0.0000683333333333333,0.0000733333333333333,0.0000783333333333333,0.0000833333333333333,0.000025,0,1,0,0,0,0,0,0,1,1,1,1,1,1,1,1,1,1,1,1,1,1,1,1,1,1,1,1,1,1,1,1,1,1,1,1,1,1,1,1,1,1,1,1,1,1,1,1,1,1,1,1,1,1,1,1,1,1,1,1,1,1,1,1,1,1,1,1,1,1,1,1,1,1,1,1,1,1,1,1,0
2026-07-02 22:00:00,91.5713871333333,0,0,0,0,0,0,0.0373383333333333,2.32027666666667,11.1529816666667,16.3510183333333,13.03085,10.4403133333333,9.32155833333333,8.79469833333333,8.93539833333333,5.48838,1.774005,0.880506666666667,0.503758333333333,0.409721666666667,0.324426666666667,0.34951,0.326993333333333,0.219275,0.179238333333333,0.136688333333333,0.12066,0.134775,0.0956016666666667,0.10706,0.0773583333333333,0.0906016666666667,0.076235,0.0564533333333333,0.0584783333333333,0.044225,0.0426066666666667,0.0269683333333333,0.024555,0.0159,0.010855,0.0153366666666667,0.0108033333333333,0.01173,0.006995,0.00710666666666667,0.004855,0.004275,0.00647,0.00452333333333333,0.00297166666666667,0.00339666666666667,0.00299833333333333,0.00412166666666667,0.00226333333333333,0.00196,0.002925,0.00283666666666667,0.000595,0,0,0.00085,0,0,0.00119,0.000918333333333333,0,0.000816666666666667,0.0000183333333333333,0.000415,0,0.0000216666666666667,0.0000633333333333333,0.0000683333333333333,0.0000733333333333333,0.0000783333333333333,0.0000833333333333333,0.000025,0,1,0,0,0,0,0,0,1,1,1,1,1,1,1,1,1,1,1,1,1,1,1,1,1,1,1,1,1,1,1,1,1,1,1,1,1,1,1,1,1,1,1,1,1,1,1,1,1,1,1,1,1,1,1,1,1,1,1,1,1,1,1,1,1,1,1,1,1,1,1,1,1,1,1,1,1,1,1,1,0
2026-07-02 23:00:00,92.6170039,0,0,0,0,0,0,0.024125,2.14716833333333,10.6926583333333,16.3197133333333,13.2082816666667,10.6554683333333,9.61662166666667,9.24292666666667,9.32345166666667,5.76878666666667,1.73513,0.838985,0.509515,0.35221,0.328493333333333,0.301653333333333,0.303813333333333,0.226078333333333,0.182478333333333,0.13756,0.121358333333333,0.108785,0.094295,0.102586666666667,0.0750183333333333,0.075595,0.0560133333333333,0.060105,0.0523133333333333,0.04487,0.0353566666666667,0.0296033333333333,0.0195833333333333,0.0181233333333333,0.01512,0.011455,0.008295,0.00818666666666667,0.004725,0.00675833333333333,0.007225,0.00598166666666667,0.00450666666666667,0.00588,0.00295333333333333,0.00335,0.00240333333333333,0.00314333333333333,0.00257166666666667,0.00153333333333333,0.00347166666666667,0.00149,0.000911666666666667,0.00128166666666667,0,0.000323333333333333,0.000101666666666667,0.000385,0.0000383333333333333,0.000421666666666667,0,0,0,0,0,0.000455,0.000126666666666667,0.000136666666666667,0.000146666666666667,0.000156666666666667,0.000166666666666667,0.00005,0,1,0,0,0,0,0,0,1,1,1,1,1,1,1,1,1,1,1,1,1,1,1,1,1,1,1,1,1,1,1,1,1,1,1,1,1,1,1,1,1,1,1,1,1,1,1,1,1,1,1,1,1,1,1,1,1,1,1,1,1,1,1,1,1,1,1,1,1,1,1,1,1,1,1,1,1,1,1,1,0
2026-07-03,103.810796016667,0,0,0,0,0,0,0.03664,2.52563666666667,12.3071083333333,18.7958533333333,15.0304516666667,11.8742816666667,10.4632116666667,10.0365983333333,9.993135,6.49103833333333,2.00924666666667,0.956128333333333,0.545733333333333,0.404201666666667,0.379598333333333,0.386865,0.37262,0.249071666666667,0.191036666666667,0.138013333333333,0.137968333333333,0.11698,0.0985316666666667,0.106118333333333,0.0865616666666667,0.0829066666666667,0.0617,0.0512066666666667,0.0430816666666667,0.0435933333333333,0.0347,0.029915,0.019885,0.015,0.0149933333333333,0.0155933333333333,0.00899333333333333,0.00846333333333333,0.00588333333333333,0.00797,0.00585166666666667,0.00424333333333333,0.00448166666666667,0.00590666666666667,0.00332166666666667,0.00298666666666667,0.00355833333333333,0.00276333333333333,0.001365,0.00142166666666667,0.00212166666666667,0.00123166666666667,0.00134,0,0.000616666666666667,0.00130833333333333,0.000628333333333333,0,0.000423333333333333,0.000421666666666667,0.000288333333333333,0.00055,0,0,0,0.0000433333333333333,0.000126666666666667,0.000136666666666667,0.000146666666666667,0.000156666666666667,0.000166666666666667,0.00005,0,1,0,0,0,0,0,0,1,1,1,1,1,1,1,1,1,1,1,1,1,1,1,1,1,1,1,1,1,1,1,1,1,1,1,1,1,1,1,1,1,1,1,1,1,1,1,1,1,1,1,1,1,1,1,1,1,1,1,1,1,1,1,1,1,1,1,1,1,1,1,1,1,1,1,1,1,1,1,1,0
2026-07-03 01:00:00,105.20282295,0,0,0,0,0,0,0.039235,2.438415,12.381625,19.0422083333333,15.1813116666667,12.15462,10.6209666666667,10.231105,10.4488866666667,6.77965,1.95795,0.9237,0.514783333333333,0.378328333333333,0.318456666666667,0.332856666666667,0.32116,0.223631666666667,0.183398333333333,0.133325,0.123088333333333,0.10635,0.0827433333333333,0.102865,0.0837983333333333,0.0615883333333333,0.0614266666666667,0.052,0.0528083333333333,0.0386866666666667,0.0315583333333333,0.0275233333333333,0.0214433333333333,0.01678,0.0118316666666667,0.0108266666666667,0.00953,0.00336166666666667,0.004655,0.00771333333333333,0.004625,0.00558333333333333,0.00302666666666667,0.00363,0.003405,0.00248333333333333,0.002685,0.00207,0.000466666666666667,0.000911666666666667,0.00086,0.000373333333333333,0.00322833333333333,0.001105,0.000426666666666667,0.00085,0.000425,0.000423333333333333,0.000845,0.000283333333333333,0.000138333333333333,0,0,0,0,0.0000216666666666667,0.0000633333333333333,0.0000683333333333333,0.0000733333333333333,0.0000783333333333333,0.0000833333333333333,0.000025,0,1,0,0,0,0,0,0,1,1,1,1,1,1,1,1,1,1,1,1,1,1,1,1,1,1,1,1,1,1,1,1,1,1,1,1,1,1,1,1,1,1,1,1,1,1,1,1,1,1,1,1,1,1,1,1,1,1,1,1,1,1,1,1,1,1,1,1,1,1,1,1,1,1,1,1,1,1,1,1,0
2026-07-03 02:00:00,105.60348105,0,0,0,0,0,0,0.0348383333333333,2.35287666666667,11.930795,18.94076,15.070645,12.1228533333333,10.7222233333333,10.1367183333333,10.2344933333333,7.07692333333333,1.90590833333333,0.900263333333333,0.480941666666667,0.3263,0.294948333333333,0.286558333333333,0.295501666666667,0.222446666666667,0.167078333333333,0.122193333333333,0.102835,0.11077,0.077375,0.0869933333333333,0.0726833333333333,0.068195,0.0533283333333333,0.04409,0.0384433333333333,0.035145,0.0305166666666667,0.02501,0.0173733333333333,0.01355,0.0138,0.00993,0.00757666666666667,0.00379833333333333,0.00443666666666667,0.00647,0.00376666666666667,0.002755,0.00336,0.00413166666666667,0.00470666666666667,0.00330333333333333,0.00369833333333333,0.00191833333333333,0.00267833333333333,0.00134666666666667,0.001405,0.000258333333333333,0.000428333333333333,0.000426666666666667,0.000426666666666667,0.00085,0.00085,0,0.000421666666666667,0,0.00042,0,0,0,0,0,0,0,0,0,0,0,0,1,0,0,0,0,0,0,1,1,1,1,1,1,1,1,1,1,1,1,1,1,1,1,1,1,1,1,1,1,1,1,1,1,1,1,1,1,1,1,1,1,1,1,1,1,1,1,1,1,1,1,1,1,1,1,1,1,1,1,1,1,1,1,1,1,1,1,1,1,1,1,1,1,1,1,1,1,1,1,0
2026-07-03 03:00:00,107.537534216667,0,0,0,0,0,0,0.034,2.377725,12.2459766666667,19.4880433333333,15.6817433333333,12.432865,11.0568816666667,10.531535,10.3841066666667,7.23255333333333,1.86827666666667,0.891643333333333,0.471236666666667,0.35137,0.307233333333333,0.275856666666667,0.274755,0.220491666666667,0.174426666666667,0.133401666666667,0.10368,0.09047,0.07805,0.0803566666666667,0.0612216666666667,0.0669266666666667,0.05677,0.0492566666666667,0.032935,0.0295333333333333,0.0263383333333333,0.0262233333333333,0.013835,0.0143533333333333,0.01073,0.00976,0.00657833333333333,0.006225,0.00526166666666667,0.00419333333333333,0.00339333333333333,0.00233833333333333,0.00229333333333333,0.00458333333333333,0.00499333333333333,0.00207333333333333,0.00084,0.00007,0.000863333333333333,0.000458333333333333,0.000401666666666667,0.00123,0.000658333333333333,0.00110666666666667,0.00123333333333333,0.000898333333333333,0.000386666666666667,0.0000383333333333333,0,0,0,0,0,0,0,0.0000433333333333333,0.000126666666666667,0.000136666666666667,0.000146666666666667,0.000156666666666667,0.000166666666666667,0.00005,0,1,0,0,0,0,0,0,1,1,1,1,1,1,1,1,1,1,1,1,1,1,1,1,1,1,1,1,1,1,1,1,1,1,1,1,1,1,1,1,1,1,1,1,1,1,1,1,1,1,1,1,1,1,1,1,1,1,1,1,1,1,1,1,1,1,1,1,1,1,1,1,1,1,1,1,1,1,1,1,0
2026-07-03 04:00:00,103.611759866667,0,0,0,0,0,0,0.023555,2.13254166666667,11.27639,18.6558333333333,15.2133883333333,12.122175,10.6972466666667,10.3819083333333,10.350555,7.23545333333333,1.92388833333333,0.914571666666667,0.494251666666667,0.347218333333333,0.307325,0.284981666666667,0.313365,0.218191666666667,0.162051666666667,0.12026,0.109916666666667,0.10379,0.09361,0.0852216666666667,0.0744,0.0703016666666667,0.0586116666666667,0.0530333333333333,0.0464566666666667,0.0436133333333333,0.0299866666666667,0.02495,0.0158516666666667,0.01246,0.0116083333333333,0.00887333333333333,0.00929833333333333,0.00635166666666667,0.00536833333333333,0.00532,0.00376,0.00322666666666667,0.00155333333333333,0.00194166666666667,0.00291166666666667,0.00291666666666667,0.00211166666666667,0.00153166666666667,0.00112833333333333,0.00086,0.00129,0.000373333333333333,0.000911666666666667,0.000428333333333333,0.00128,0.000748333333333333,0.000488333333333333,0.000461666666666667,0,0,0,0.000418333333333333,0.000833333333333333,0,0,0,0,0,0,0,0,0,0,1,0,0,0,0,0,0,1,1,1,1,1,1,1,1,1,1,1,1,1,1,1,1,1,1,1,1,1,1,1,1,1,1,1,1,1,1,1,1,1,1,1,1,1,1,1,1,1,1,1,1,1,1,1,1,1,1,1,1,1,1,1,1,1,1,1,1,1,1,1,1,1,1,1,1,1,1,1,1,0
2026-07-03 05:00:00,85.9831865666667,0,0,0,0,0,0,0.024505,1.83992666666667,9.93496333333333,15.9076966666667,12.344095,9.821625,8.44669333333333,7.94520666666667,7.91208833333333,5.27034,1.43174333333333,0.70352,0.400965,0.303566666666667,0.291495,0.280213333333333,0.32978,0.23325,0.213548333333333,0.138355,0.13261,0.138065,0.12771,0.130005,0.11166,0.108933333333333,0.09265,0.0721866666666667,0.07861,0.0687183333333333,0.05478,0.0394833333333333,0.0314966666666667,0.026675,0.0211333333333333,0.0173333333333333,0.013405,0.0117616666666667,0.0108483333333333,0.00865333333333333,0.00822833333333333,0.005435,0.003895,0.00202166666666667,0.00588,0.00166166666666667,0.00127166666666667,0.00127666666666667,0.000951666666666667,0.00131833333333333,0.00212166666666667,0.00043,0.000856666666666667,0.000856666666666667,0.000426666666666667,0.000748333333333333,0.000101666666666667,0,0.000693333333333333,0.00015,0,0,0,0,0.000413333333333333,0.0000216666666666667,0.0000633333333333333,0.0000683333333333333,0.0000733333333333333,0.0000783333333333333,0.0000833333333333333,0.000025,0,1,0,0,0,0,0,0,1,1,1,1,1,1,1,1,1,1,1,1,1,1,1,1,1,1,1,1,1,1,1,1,1,1,1,1,1,1,1,1,1,1,1,1,1,1,1,1,1,1,1,1,1,1,1,1,1,1,1,1,1,1,1,1,1,1,1,1,1,1,1,1,1,1,1,1,1,1,1,1,0
2026-07-03 06:00:00,93.5754522666667,0,0,0,0,0,0,0.0266366666666667,2.25889,11.4316166666667,17.5484133333333,13.7405916666667,10.6286266666667,9.37282,8.67304333333333,8.51999,5.3013,1.50326666666667,0.71926,0.400498333333333,0.322208333333333,0.290436666666667,0.31502,0.346196666666667,0.261648333333333,0.194728333333333,0.14317,0.14201,0.141835,0.136123333333333,0.127771666666667,0.121521666666667,0.11578,0.0871416666666667,0.09284,0.0845066666666667,0.0815716666666667,0.05997,0.04866,0.0351433333333333,0.0271066666666667,0.0250466666666667,0.0175283333333333,0.0135616666666667,0.00847333333333333,0.0125466666666667,0.00889166666666667,0.00953166666666667,0.00663333333333333,0.00766833333333333,0.00275166666666667,0.00384,0.00412166666666667,0.00266,0.00282666666666667,0.00231666666666667,0.00182333333333333,0.00043,0.000801666666666667,0.000483333333333333,0,0.00128,0.000748333333333333,0.000488333333333333,0.000461666666666667,0.000768333333333333,0.000641666666666667,0.000276666666666667,0,0,0.000415,0,0.0000216666666666667,0.0000633333333333333,0.0000683333333333333,0.0000733333333333333,0.0000783333333333333,0.0000833333333333333,0.000025,0,1,0,0,0,0,0,0,1,1,1,1,1,1,1,1,1,1,1,1,1,1,1,1,1,1,1,1,1,1,1,1,1,1,1,1,1,1,1,1,1,1,1,1,1,1,1,1,1,1,1,1,1,1,1,1,1,1,1,1,1,1,1,1,1,1,1,1,1,1,1,1,1,1,1,1,1,1,1,1,0
2026-07-03 07:00:00,94.5156705666667,0,0,0,0,0,0,0.0394416666666667,2.378345,11.7019933333333,17.7700816666667,13.7094716666667,10.62633,9.21947,8.787475,8.681695,5.02856,1.382505,0.694453333333333,0.399055,0.311148333333333,0.315793333333333,0.33038,0.309501666666667,0.244586666666667,0.190563333333333,0.146483333333333,0.147583333333333,0.15605,0.117563333333333,0.156655,0.100173333333333,0.1273,0.090185,0.09322,0.0855433333333333,0.0738916666666667,0.0681183333333333,0.05085,0.03889,0.02775,0.0194866666666667,0.0200983333333333,0.0180883333333333,0.01591,0.0137066666666667,0.0120783333333333,0.00967,0.00889666666666667,0.007665,0.00804666666666667,0.00689666666666667,0.00628833333333333,0.000501666666666667,0.004395,0.002405,0.00185166666666667,0.00143333333333333,0.00277833333333333,0.000483333333333333,0,0.00170666666666667,0.000425,0.000811666666666667,0.000423333333333333,0.00115333333333333,0.00015,0.00042,0.000398333333333333,0.000658333333333333,0.000608333333333333,0.00016,0.000708333333333333,0.000126666666666667,0.000135,0.000145,0.000156666666666667,0.000168333333333333,0.0000483333333333333,0,1,0,0,0,0,0,0,1,1,1,1,1,1,1,1,1,1,1,1,1,1,1,1,1,1,1,1,1,1,1,1,1,1,1,1,1,1,1,1,1,1,1,1,1,1,1,1,1,1,1,1,1,1,1,1,1,1,1,1,1,1,1,1,1,1,1,1,1,1,1,1,1,1,1,1,1,1,1,1,0
2026-07-03 08:00:00,93.6640964333333,0,0,0,0,0,0,0.0329633333333333,2.51562666666667,12.1663083333333,18.041885,13.8554383333333,10.46588,9.16525,8.58623833333333,8.09048,4.475545,1.392415,0.678591666666667,0.420428333333333,0.338675,0.307265,0.356983333333333,0.318316666666667,0.250171666666667,0.21007,0.161155,0.173313333333333,0.167121666666667,0.14184,0.163153333333333,0.13294,0.15517,0.110671666666667,0.111131666666667,0.105673333333333,0.0918466666666667,0.076375,0.06452,0.053565,0.0319616666666667,0.0259433333333333,0.0174616666666667,0.0148183333333333,0.0145916666666667,0.0144583333333333,0.011815,0.01172,0.00899,0.00944333333333333,0.00599833333333333,0.00650666666666667,0.00496833333333333,0.00434,0.00403333333333333,0.00456166666666667,0.00363,0.00266666666666667,0.00180833333333333,0.00154833333333333,0.00332166666666667,0.00038,0.00302333333333333,0.00286,0.000961666666666667,0.00077,0.000496666666666667,0,0.000398333333333333,0.000851666666666667,0,0.000413333333333333,0.000953333333333333,0.00038,0.00041,0.00044,0.00047,0.0005,0.00015,0,1,0,0,0,0,0,0,1,1,1,1,1,1,1,1,1,1,1,1,1,1,1,1,1,1,1,1,1,1,1,1,1,1,1,1,1,1,1,1,1,1,1,1,1,1,1,1,1,1,1,1,1,1,1,1,1,1,1,1,1,1,1,1,1,1,1,1,1,1,1,1,1,1,1,1,1,1,1,1,0
2026-07-03 09:00:00,93.9762872333333,0,0,0,0,0,0,0.0317683333333333,2.63647166666667,12.9221116666667,18.9138933333333,14.1842833333333,10.5938633333333,8.95485333333333,8.22873166666667,7.51302333333333,3.94954666666667,1.24413,0.630928333333333,0.390495,0.299581666666667,0.306815,0.35838,0.328318333333333,0.245188333333333,0.199888333333333,0.16405,0.16273,0.16996,0.157741666666667,0.170085,0.114861666666667,0.147116666666667,0.109186666666667,0.114603333333333,0.09994,0.08962,0.07826,0.059495,0.0385083333333333,0.0375733333333333,0.0250616666666667,0.0183233333333333,0.0192633333333333,0.0134166666666667,0.012155,0.0154783333333333,0.0114733333333333,0.00824666666666667,0.0101583333333333,0.00740833333333333,0.00765666666666667,0.00506,0.00439833333333333,0.00162666666666667,0.00267666666666667,0.00260833333333333,0.000831666666666667,0.00289166666666667,0.00157,0.00110666666666667,0.00104333333333333,0.00120666666666667,0.000305,0.00123166666666667,0.000806666666666667,0.000918333333333333,0.000708333333333333,0.000131666666666667,0.000416666666666667,0,0,0.0000866666666666667,0.000253333333333333,0.000273333333333333,0.000293333333333333,0.000313333333333333,0.000333333333333333,0.0001,0,1,0,0,0,0,0,0,1,1,1,1,1,1,1,1,1,1,1,1,1,1,1,1,1,1,1,1,1,1,1,1,1,1,1,1,1,1,1,1,1,1,1,1,1,1,1,1,1,1,1,1,1,1,1,1,1,1,1,1,1,1,1,1,1,1,1,1,1,1,1,1,1,1,1,1,1,1,1,1,0
2026-07-03 10:00:00,109.264857233333,0,0,0,0,0,0,0.0341466666666667,2.99337833333333,15.2816333333333,21.878085,16.5918383333333,12.3314366666667,10.4254616666667,9.754395,8.85923833333333,4.66163333333333,1.38491,0.72472,0.397035,0.309596666666667,0.290251666666667,0.330468333333333,0.281285,0.229785,0.167683333333333,0.139608333333333,0.15165,0.148176666666667,0.11684,0.140081666666667,0.100693333333333,0.133386666666667,0.092165,0.09299,0.093575,0.094365,0.0732833333333333,0.052185,0.0476033333333333,0.0352516666666667,0.0223133333333333,0.0155866666666667,0.018,0.0204733333333333,0.013955,0.009895,0.008165,0.0108166666666667,0.00865833333333333,0.00601333333333333,0.00691833333333333,0.00583166666666667,0.003675,0.00450833333333333,0.00381333333333333,0.002305,0.00129,0.00214833333333333,0.000856666666666667,0.002135,0.00104333333333333,0.00056,0.00176333333333333,0.000461666666666667,0.00111666666666667,0.000571666666666667,0,0.001235,0.000435,0,0.000413333333333333,0.0000866666666666667,0.000253333333333333,0.000271666666666667,0.000291666666666667,0.000313333333333333,0.000335,0.0000983333333333333,0,1,0,0,0,0,0,0,1,1,1,1,1,1,1,1,1,1,1,1,1,1,1,1,1,1,1,1,1,1,1,1,1,1,1,1,1,1,1,1,1,1,1,1,1,1,1,1,1,1,1,1,1,1,1,1,1,1,1,1,1,1,1,1,1,1,1,1,1,1,1,1,1,1,1,1,1,1,1,1,0
2026-07-03 11:00:00,126.089144266667,0,0,0,0,0,0,0.0479866666666667,3.36649666666667,17.0503966666667,24.8889166666667,18.96726,14.2522633333333,12.5967333333333,11.4396083333333,10.7926483333333,6.087645,1.70996666666667,0.78874,0.4334,0.332933333333333,0.315045,0.350286666666667,0.289068333333333,0.222685,0.154896666666667,0.142575,0.13948,0.133381666666667,0.114856666666667,0.13471,0.0876116666666667,0.113145,0.0822366666666667,0.0683416666666667,0.07763,0.0586483333333333,0.06437,0.0601366666666667,0.04018,0.0272916666666667,0.0252816666666667,0.0188266666666667,0.0128916666666667,0.00881666666666667,0.0140083333333333,0.00883833333333333,0.009095,0.00509333333333333,0.00614166666666667,0.00758666666666667,0.00722166666666667,0.00506,0.00343,0.00384833333333333,0.000608333333333333,0.00183166666666667,0.00246833333333333,0.00289166666666667,0.00225166666666667,0.000426666666666667,0.00208666666666667,0.00229333333333333,0.001155,0.000846666666666667,0,0.00141,0.000565,0.00055,0.000833333333333333,0.000346666666666667,0.000893333333333333,0.00013,0.00038,0.00041,0.00044,0.00047,0.0005,0.00015,0,1,0,0,0,0,0,0,1,1,1,1,1,1,1,1,1,1,1,1,1,1,1,1,1,1,1,1,1,1,1,1,1,1,1,1,1,1,1,1,1,1,1,1,1,1,1,1,1,1,1,1,1,1,1,1,1,1,1,1,1,1,1,1,1,1,1,1,1,1,1,1,1,1,1,1,1,1,1,1,0
2026-07-03 12:00:00,136.975022233333,0,0,0,0,0,0,0.0490316666666667,3.492325,18.2358766666667,26.7712633333333,20.830715,15.8740783333333,13.5543466666667,12.481035,12.0688466666667,7.43248,2.07482666666667,0.94734,0.528701666666667,0.400398333333333,0.336846666666667,0.34329,0.329648333333333,0.253681666666667,0.173101666666667,0.143888333333333,0.146121666666667,0.138166666666667,0.114178333333333,0.135873333333333,0.102368333333333,0.0969083333333333,0.0856733333333333,0.0780483333333333,0.06758,0.056805,0.0510683333333333,0.0363516666666667,0.0343166666666667,0.02749,0.0199383333333333,0.018595,0.0151266666666667,0.0126083333333333,0.00860666666666667,0.00873,0.0102066666666667,0.00460166666666667,0.006745,0.00583833333333333,0.00254,0.00419333333333333,0.00302166666666667,0.00386666666666667,0.002625,0.00182833333333333,0.00303833333333333,0.00157833333333333,0.00108666666666667,0.00196,0.00170666666666667,0.000323333333333333,0.000526666666666667,0.000385,0.00115333333333333,0.000571666666666667,0.00126,0,0.00169666666666667,0.00056,0.000653333333333333,0.0000216666666666667,0.0000633333333333333,0.0000683333333333333,0.0000733333333333333,0.0000783333333333333,0.0000833333333333333,0.000025,0,1,0,0,0,0,0,0,1,1,1,1,1,1,1,1,1,1,1,1,1,1,1,1,1,1,1,1,1,1,1,1,1,1,1,1,1,1,1,1,1,1,1,1,1,1,1,1,1,1,1,1,1,1,1,1,1,1,1,1,1,1,1,1,1,1,1,1,1,1,1,1,1,1,1,1,1,1,1,1,0
2026-07-03 13:00:00,124.426484283333,0,0,0,0,0,0,0.0407166666666667,3.06726166666667,16.0330916666667,24.1784966666667,18.7190616666667,14.295225,12.3862333333333,11.5634983333333,10.9844783333333,7.360025,1.97274833333333,0.882455,0.479803333333333,0.342343333333333,0.303405,0.318765,0.294901666666667,0.221183333333333,0.171643333333333,0.122185,0.129008333333333,0.127378333333333,0.104206666666667,0.129086666666667,0.070215,0.0907,0.0642483333333333,0.0658116666666667,0.0712433333333333,0.0564916666666667,0.044945,0.0366016666666667,0.0314683333333333,0.0191233333333333,0.0151183333333333,0.0124866666666667,0.0153933333333333,0.00970833333333333,0.00961166666666667,0.00906833333333333,0.0115733333333333,0.00725,0.00430666666666667,0.00465166666666667,0.00627333333333333,0.00332666666666667,0.00295166666666667,0.00384833333333333,0.00222833333333333,0.00319833333333333,0.00223833333333333,0.00186333333333333,0.00131666666666667,0.000931666666666667,0.00128,0.00149666666666667,0.001015,0.0000383333333333333,0.00119,0.00078,0.00139666666666667,0.000836666666666667,0,0,0,0.00013,0.00038,0.00041,0.00044,0.00047,0.0005,0.00015,0,1,0,0,0,0,0,0,1,1,1,1,1,1,1,1,1,1,1,1,1,1,1,1,1,1,1,1,1,1,1,1,1,1,1,1,1,1,1,1,1,1,1,1,1,1,1,1,1,1,1,1,1,1,1,1,1,1,1,1,1,1,1,1,1,1,1,1,1,1,1,1,1,1,1,1,1,1,1,1,0
2026-07-03 14:00:00,102.794907216667,0,0,0,0,0,0,0.0431166666666667,2.71183166666667,14.0259283333333,20.8284566666667,15.5771833333333,11.6189333333333,9.86112666666667,9.10088,8.56151666666667,5.51485166666667,1.56894833333333,0.727645,0.408953333333333,0.298125,0.266883333333333,0.293435,0.275156666666667,0.197538333333333,0.156355,0.112666666666667,0.101131666666667,0.114898333333333,0.09096,0.09716,0.0738966666666667,0.0820866666666667,0.063625,0.0512616666666667,0.0672633333333333,0.0486283333333333,0.0500816666666667,0.033675,0.0307683333333333,0.0199033333333333,0.0155633333333333,0.0175133333333333,0.0111,0.008685,0.010385,0.00689666666666667,0.00505,0.00663166666666667,0.00748166666666667,0.00328833333333333,0.00262333333333333,0.00376,0.003745,0.00193666666666667,0.00156666666666667,0.00230666666666667,0.00103166666666667,0.00234833333333333,0.000658333333333333,0.00068,0.000426666666666667,0.000748333333333333,0.000526666666666667,0,0.000421666666666667,0.00168666666666667,0.00112833333333333,0.000131666666666667,0,0.000761666666666667,0.00146666666666667,0.000838333333333333,0.000506666666666667,0.000546666666666667,0.000586666666666667,0.000626666666666667,0.000666666666666667,0.0002,0,1,0,0,0,0,0,0,1,1,1,1,1,1,1,1,1,1,1,1,1,1,1,1,1,1,1,1,1,1,1,1,1,1,1,1,1,1,1,1,1,1,1,1,1,1,1,1,1,1,1,1,1,1,1,1,1,1,1,1,1,1,1,1,1,1,1,1,1,1,1,1,1,1,1,1,1,1,1,1,0
2026-07-03 15:00:00,110.571923766667,0,0,0,0,0,0,0.0560233333333333,3.48298,17.065005,23.8432366666667,16.6588766666667,11.9837283333333,9.68529,8.80165833333333,8.054445,5.18862833333333,1.43209,0.673308333333333,0.374875,0.267281666666667,0.243388333333333,0.273215,0.269488333333333,0.207585,0.151686666666667,0.113358333333333,0.121001666666667,0.0978416666666667,0.0928466666666667,0.106765,0.0739416666666667,0.0751466666666667,0.0620416666666667,0.0502266666666667,0.0513233333333333,0.0508683333333333,0.04168,0.0315883333333333,0.0230966666666667,0.01297,0.0175983333333333,0.01041,0.0114816666666667,0.00834333333333333,0.009475,0.00911,0.008515,0.00808333333333333,0.00544833333333333,0.00418833333333333,0.00590166666666667,0.00205,0.00295166666666667,0.00376,0.002315,0.00236666666666667,0.00220833333333333,0.00192,0.00194333333333333,0.00110666666666667,0.00038,0.00122166666666667,0.000913333333333333,0.000885,0,0.000705,0.000138333333333333,0.000418333333333333,0.000446666666666667,0.000975,0.000653333333333333,0.000238333333333333,0.000696666666666667,0.000748333333333333,0.000803333333333333,0.000861666666666667,0.00092,0.000271666666666667,0,1,0,0,0,0,0,0,1,1,1,1,1,1,1,1,1,1,1,1,1,1,1,1,1,1,1,1,1,1,1,1,1,1,1,1,1,1,1,1,1,1,1,1,1,1,1,1,1,1,1,1,1,1,1,1,1,1,1,1,1,1,1,1,1,1,1,1,1,1,1,1,1,1,1,1,1,1,1,1,0
2026-07-03 16:00:00,79.8728012833333,0,0,0,0,0,0,0.0352983333333333,2.45465,11.9742766666667,17.2905633333333,12.3992816666667,8.96376833333333,7.27722666666667,6.40385166666667,5.93299666666667,3.853965,1.02997833333333,0.516816666666667,0.2798,0.208193333333333,0.196848333333333,0.218986666666667,0.21839,0.161688333333333,0.11444,0.0949333333333333,0.0977216666666667,0.10335,0.0692566666666667,0.082005,0.0596483333333333,0.06282,0.0535466666666667,0.0457266666666667,0.0368216666666667,0.03679,0.0309383333333333,0.0297183333333333,0.0228566666666667,0.0140283333333333,0.00997333333333333,0.00972333333333333,0.00785833333333333,0.00728333333333333,0.00785833333333333,0.0113516666666667,0.00547833333333333,0.0100433333333333,0.00667833333333333,0.003755,0.00458,0.00253,0.00386166666666667,0.00214,0.00376,0.002415,0.00252333333333333,0.001605,0.00106333333333333,0.00203666666666667,0,0.000425,0.000425,0.000808333333333333,0.0000383333333333333,0,0.00141666666666667,0.000661666666666667,0.0000183333333333333,0,0.000413333333333333,0.000216666666666667,0.000633333333333333,0.000681666666666667,0.000731666666666667,0.000783333333333333,0.000835,0.000248333333333333,0,1,0,0,0,0,0,0,1,1,1,1,1,1,1,1,1,1,1,1,1,1,1,1,1,1,1,1,1,1,1,1,1,1,1,1,1,1,1,1,1,1,1,1,1,1,1,1,1,1,1,1,1,1,1,1,1,1,1,1,1,1,1,1,1,1,1,1,1,1,1,1,1,1,1,1,1,1,1,1,0
2026-07-03 17:00:00,75.4082385333333,0,0,0,0,0,0,0.0354183333333333,2.29993,11.1141733333333,15.6065833333333,11.2832483333333,8.38039666666667,7.08357166666667,6.59322333333333,6.46463166666667,4.71803166666667,1.66178833333333,0.773755,0.454833333333333,0.34828,0.31583,0.349176666666667,0.362361666666667,0.26714,0.209616666666667,0.136765,0.130035,0.119451666666667,0.0890183333333333,0.0931616666666667,0.0673216666666667,0.0742166666666667,0.0570416666666667,0.0485633333333333,0.049185,0.0335583333333333,0.037795,0.027565,0.02799,0.0139833333333333,0.0144683333333333,0.011705,0.0082,0.007535,0.00506166666666667,0.00699,0.00745333333333333,0.002085,0.00506833333333333,0.00276333333333333,0.00344833333333333,0.00248333333333333,0.00336,0.00384833333333333,0.00309166666666667,0.00319833333333333,0.002065,0.00086,0.000603333333333333,0.00196166666666667,0.00189666666666667,0.000883333333333333,0.001015,0.00127,0.000461666666666667,0.00154833333333333,0.000978333333333333,0.000418333333333333,0,0.000761666666666667,0.00130666666666667,0.000585,0.000506666666666667,0.000546666666666667,0.000586666666666667,0.000626666666666667,0.000666666666666667,0.0002,0,1,0,0,0,0,0,0,1,1,1,1,1,1,1,1,1,1,1,1,1,1,1,1,1,1,1,1,1,1,1,1,1,1,1,1,1,1,1,1,1,1,1,1,1,1,1,1,1,1,1,1,1,1,1,1,1,1,1,1,1,1,1,1,1,1,1,1,1,1,1,1,1,1,1,1,1,1,1,1,0
2026-07-03 18:00:00,80.6553770666667,0,0,0,0,0,0,0.030035,2.13486333333333,10.77794,15.0814966666667,11.3927683333333,8.54076333333333,7.45548833333333,6.93779,6.773345,4.817965,1.70230333333333,0.808193333333333,0.43771,0.312976666666667,0.336798333333333,0.309856666666667,0.323811666666667,0.24334,0.166495,0.126816666666667,0.130835,0.1024,0.0813366666666667,0.0866666666666667,0.064265,0.0633616666666667,0.05365,0.0539483333333333,0.0528333333333333,0.035405,0.0342483333333333,0.0234416666666667,0.0246166666666667,0.0150766666666667,0.0122633333333333,0.0119183333333333,0.00853666666666667,0.00777166666666667,0.00379333333333333,0.00712166666666667,0.005705,0.005275,0.00420166666666667,0.004455,0.003035,0.00335,0.00504,0.00219166666666667,0.00104,0.00134666666666667,0.00123333333333333,0.00123,0.00134,0.00171166666666667,0.00019,0.000985,0.000488333333333333,0.00127,0.0000383333333333333,0.000843333333333333,0.000996666666666667,0.000263333333333333,0.000223333333333333,0.000193333333333333,0.000413333333333333,0.00013,0.00038,0.000408333333333333,0.000438333333333333,0.00047,0.000501666666666667,0.000148333333333333,0,1,0,0,0,0,0,0,1,1,1,1,1,1,1,1,1,1,1,1,1,1,1,1,1,1,1,1,1,1,1,1,1,1,1,1,1,1,1,1,1,1,1,1,1,1,1,1,1,1,1,1,1,1,1,1,1,1,1,1,1,1,1,1,1,1,1,1,1,1,1,1,1,1,1,1,1,1,1,1,0
2026-07-03 19:00:00,84.48677665,0,0,0,0,0,0,0.033645,2.2552,10.9574933333333,15.98412,12.4224616666667,9.59114333333333,8.1952,7.82518166666667,7.45071666666667,4.63344166666667,1.28065666666667,0.596525,0.34586,0.260643333333333,0.221671666666667,0.237806666666667,0.230956666666667,0.161246666666667,0.127776666666667,0.091385,0.09005,0.0821066666666667,0.0677033333333333,0.0712533333333333,0.06363,0.0651283333333333,0.0499683333333333,0.0463666666666667,0.0356916666666667,0.035645,0.0305316666666667,0.0269433333333333,0.0204983333333333,0.0152,0.0102983333333333,0.0125216666666667,0.00873833333333333,0.00805333333333333,0.00901166666666667,0.00776833333333333,0.00505666666666667,0.00552833333333333,0.00478666666666667,0.00144833333333333,0.00305666666666667,0.00337333333333333,0.000886666666666667,0.00302166666666667,0.00259,0.00134666666666667,0.00200666666666667,0.00132,0.00143833333333333,0.00161333333333333,0,0.002125,0,0.000846666666666667,0,0.000421666666666667,0,0.000836666666666667,0,0.00166,0.000413333333333333,0.000108333333333333,0.000316666666666667,0.000341666666666667,0.000366666666666667,0.000391666666666667,0.000416666666666667,0.000125,0,1,0,0,0,0,0,0,1,1,1,1,1,1,1,1,1,1,1,1,1,1,1,1,1,1,1,1,1,1,1,1,1,1,1,1,1,1,1,1,1,1,1,1,1,1,1,1,1,1,1,1,1,1,1,1,1,1,1,1,1,1,1,1,1,1,1,1,1,1,1,1,1,1,1,1,1,1,1,1,0
2026-07-03 20:00:00,87.8558627272727,0,0,0,0,0,0,0.0324036363636364,2.28887636363636,11.2697618181818,16.6488381818182,12.8522018181818,10.0319418181818,8.83380909090909,8.32415636363636,7.64817454545455,4.89803818181818,1.47862545454545,0.684952727272727,0.419552727272727,0.324290909090909,0.249494545454545,0.300652727272727,0.268812727272727,0.203783636363636,0.17264,0.129009090909091,0.109603636363636,0.103029090909091,0.0843218181818182,0.0942163636363636,0.0553236363636364,0.0657290909090909,0.0607018181818182,0.0540236363636364,0.0442127272727273,0.0406018181818182,0.0279890909090909,0.0259709090909091,0.0318218181818182,0.0157963636363636,0.0157509090909091,0.00946181818181818,0.00639636363636364,0.00974727272727273,0.00571090909090909,0.00593272727272727,0.00543090909090909,0.0035,0.00664545454545455,0.00394363636363636,0.000994545454545455,0.00407636363636364,0.00173090909090909,0.00342909090909091,0.00374545454545455,0.00292727272727273,0.00159454545454545,0.00250363636363636,0.00264727272727273,0.00120727272727273,0,0.00128181818181818,0.000574545454545455,0.00222545454545455,0.00100545454545455,0.00122909090909091,0.000150909090909091,0.00134727272727273,0.00002,0.000905454545454545,0.000450909090909091,0.000118181818181818,0.000345454545454545,0.000372727272727273,0.0004,0.000427272727272727,0.000454545454545455,0.000136363636363636,0,1,0,0,0,0,0,0,1,1,1,1,1,1,1,1,1,1,1,1,1,1,1,1,1,1,1,1,1,1,1,1,1,1,1,1,1,1,1,1,1,1,1,1,1,1,1,1,1,1,1,1,1,1,1,1,1,1,1,1,1,1,1,1,1,1,1,1,1,1,1,1,1,1,1,1,1,1,1,1,0
2026-07-03 21:00:00,83.0534395833333,0,0,0,0,0,0,0.0296433333333333,2.183145,10.7828733333333,15.9921833333333,12.50461,9.50353666666667,8.22806166666667,7.60575166666667,6.99288333333333,4.39358833333333,1.31994,0.641348333333333,0.351226666666667,0.262905,0.231825,0.254611666666667,0.227001666666667,0.174358333333333,0.131165,0.104293333333333,0.10135,0.10715,0.0757966666666667,0.102283333333333,0.0656,0.0719416666666667,0.0577316666666667,0.0575933333333333,0.0444666666666667,0.036405,0.0355816666666667,0.0289516666666667,0.0205366666666667,0.0144333333333333,0.0128083333333333,0.0125466666666667,0.01051,0.00884166666666667,0.00714166666666667,0.006555,0.003385,0.00583333333333333,0.00407333333333333,0.00639666666666667,0.00583833333333333,0.00248333333333333,0.002975,0.00255333333333333,0.00179666666666667,0.00142166666666667,0.000831666666666667,0.00128833333333333,0.000856666666666667,0.00128166666666667,0.00275,0.00108666666666667,0,0,0.000423333333333333,0.000421666666666667,0,0,0.000416666666666667,0,0.00016,0.000361666666666667,0.000316666666666667,0.000341666666666667,0.000366666666666667,0.000391666666666667,0.000416666666666667,0.000125,0,1,0,0,0,0,0,0,1,1,1,1,1,1,1,1,1,1,1,1,1,1,1,1,1,1,1,1,1,1,1,1,1,1,1,1,1,1,1,1,1,1,1,1,1,1,1,1,1,1,1,1,1,1,1,1,1,1,1,1,1,1,1,1,1,1,1,1,1,1,1,1,1,1,1,1,1,1,1,1,0
2026-07-03 22:00:00,68.3905081333333,0,0,0,0,0,0,0.0307966666666667,1.93705666666667,9.547545,13.9746583333333,10.5474616666667,7.78304666666667,6.53611,5.90925333333333,5.37735333333333,3.46956833333333,1.080295,0.510563333333333,0.317263333333333,0.237066666666667,0.230713333333333,0.252298333333333,0.245228333333333,0.160465,0.11727,0.0997283333333333,0.09495,0.107568333333333,0.0859166666666667,0.0896166666666667,0.0585516666666667,0.0745,0.0501716666666667,0.055195,0.0523883333333333,0.0429533333333333,0.0358633333333333,0.027125,0.02157,0.0176433333333333,0.0128016666666667,0.00997333333333333,0.00568833333333333,0.006755,0.011075,0.00890833333333333,0.00693833333333333,0.00773833333333333,0.00509666666666667,0.001995,0.00499166666666667,0.000433333333333333,0.00216,0.001295,0.000431666666666667,0.00174833333333333,0.00126166666666667,0.00251833333333333,0.00134,0.000426666666666667,0.000853333333333333,0.000748333333333333,0.000526666666666667,0,0.00119,0.000358333333333333,0.000426666666666667,0.00055,0,0.000588333333333333,0.00024,0.000455,0.000126666666666667,0.000136666666666667,0.000146666666666667,0.000156666666666667,0.000166666666666667,0.00005,0,1,0,0,0,0,0,0,1,1,1,1,1,1,1,1,1,1,1,1,1,1,1,1,1,1,1,1,1,1,1,1,1,1,1,1,1,1,1,1,1,1,1,1,1,1,1,1,1,1,1,1,1,1,1,1,1,1,1,1,1,1,1,1,1,1,1,1,1,1,1,1,1,1,1,1,1,1,1,1,0
2026-07-03 23:00:00,57.58176825,0,0,0,0,0,0,0.0215316666666667,1.70868333333333,8.52209166666667,12.5438816666667,9.39968166666667,6.58509333333333,5.14715833333333,4.46890333333333,3.69449833333333,2.30106166666667,0.743183333333333,0.37093,0.23729,0.17407,0.169571666666667,0.192216666666667,0.19448,0.162686666666667,0.125566666666667,0.101528333333333,0.08321,0.0934483333333333,0.076075,0.0929883333333333,0.068955,0.0715733333333333,0.05857,0.052585,0.04296,0.0432033333333333,0.0389933333333333,0.0213983333333333,0.01919,0.0155066666666667,0.01577,0.0104083333333333,0.0121433333333333,0.007875,0.00756833333333333,0.00984,0.00628333333333333,0.00612666666666667,0.00450666666666667,0.00237166666666667,0.003385,0.00248333333333333,0.00476,0.00195166666666667,0.00102166666666667,0.000963333333333333,0,0.00086,0.00171333333333333,0.000428333333333333,0.000426666666666667,0.002125,0,0.000385,0.0000383333333333333,0.000421666666666667,0.000288333333333333,0.000131666666666667,0,0,0,0.0000216666666666667,0.0000633333333333333,0.0000683333333333333,0.0000733333333333333,0.0000783333333333333,0.0000833333333333333,0.000025,0,1,0,0,0,0,0,0,1,1,1,1,1,1,1,1,1,1,1,1,1,1,1,1,1,1,1,1,1,1,1,1,1,1,1,1,1,1,1,1,1,1,1,1,1,1,1,1,1,1,1,1,1,1,1,1,1,1,1,1,1,1,1,1,1,1,1,1,1,1,1,1,1,1,1,1,1,1,1,1,0
2026-07-04,58.9230504,0,0,0,0,0,0,0.02364,1.64408833333333,8.33388,12.95486,9.8683,7.21693166666667,5.74974666666667,4.77335333333333,3.34419166666667,1.67312666666667,0.604871666666667,0.297981666666667,0.201785,0.165505,0.158805,0.180315,0.184286666666667,0.152985,0.121343333333333,0.08663,0.1005,0.0928483333333333,0.08375,0.0964616666666667,0.0664966666666667,0.0728016666666667,0.0572416666666667,0.0583133333333333,0.058345,0.043745,0.0332466666666667,0.035665,0.0236483333333333,0.0189433333333333,0.015545,0.01254,0.009205,0.0109583333333333,0.00736666666666667,0.00588666666666667,0.00780333333333333,0.00465833333333333,0.00484,0.00368666666666667,0.00377666666666667,0.005515,0.00201833333333333,0.00228,0.00219333333333333,0.00349333333333333,0.00103166666666667,0.001005,0.000285,0.000678333333333333,0.00142333333333333,0.001135,0.00123666666666667,0.000885,0,0.000843333333333333,0.000708333333333333,0.00055,0,0,0,0.000065,0.00019,0.000203333333333333,0.000218333333333333,0.000235,0.000251666666666667,0.0000733333333333333,0,1,0,0,0,0,0,0,1,1,1,1,1,1,1,1,1,1,1,1,1,1,1,1,1,1,1,1,1,1,1,1,1,1,1,1,1,1,1,1,1,1,1,1,1,1,1,1,1,1,1,1,1,1,1,1,1,1,1,1,1,1,1,1,1,1,1,1,1,1,1,1,1,1,1,1,1,1,1,1,0
2026-07-04 01:00:00,81.4695682666667,0,0,0,0,0,0,0.0242116666666667,2.00833166666667,10.6822516666667,17.1585583333333,13.8072283333333,10.6881316666667,8.76187833333333,7.471475,5.59208833333333,2.13038833333333,0.529393333333333,0.24749,0.165646666666667,0.142541666666667,0.135763333333333,0.145958333333333,0.15969,0.112921666666667,0.126545,0.08497,0.0812383333333333,0.0978166666666667,0.065175,0.0864333333333333,0.0726266666666667,0.0667833333333333,0.0476133333333333,0.05253,0.043815,0.04037,0.0423183333333333,0.0294833333333333,0.028205,0.01649,0.0125816666666667,0.00995,0.010755,0.007845,0.00827,0.00501666666666667,0.00375166666666667,0.006725,0.00252166666666667,0.00361833333333333,0.005075,0.000433333333333333,0.001295,0.00120666666666667,0.00133,0.00137166666666667,0.002035,0.00169166666666667,0.00011,0.000428333333333333,0,0.000425,0,0.000385,0.0000383333333333333,0,0,0.000418333333333333,0,0,0,0.0000216666666666667,0.0000633333333333333,0.0000683333333333333,0.0000733333333333333,0.0000783333333333333,0.0000833333333333333,0.000025,0,1,0,0,0,0,0,0,1,1,1,1,1,1,1,1,1,1,1,1,1,1,1,1,1,1,1,1,1,1,1,1,1,1,1,1,1,1,1,1,1,1,1,1,1,1,1,1,1,1,1,1,1,1,1,1,1,1,1,1,1,1,1,1,1,1,1,1,1,1,1,1,1,1,1,1,1,1,1,1,0
2026-07-04 02:00:00,92.2874258,0,0,0,0,0,0,0.0379333333333333,2.305195,11.5850533333333,18.40624,15.5472416666667,12.3095383333333,10.5423466666667,9.26915666666667,7.70250166666667,3.02181166666667,0.57085,0.253301666666667,0.173896666666667,0.12048,0.108706666666667,0.128235,0.133783333333333,0.0991516666666667,0.09125,0.0698216666666667,0.059205,0.0646266666666667,0.0626333333333333,0.0671533333333333,0.0588483333333333,0.048565,0.0455716666666667,0.0434783333333333,0.0377716666666667,0.03065,0.0187583333333333,0.019475,0.0135833333333333,0.01347,0.00996333333333333,0.00975333333333333,0.00540666666666667,0.00497833333333333,0.00507333333333333,0.00477666666666667,0.00665666666666667,0.00523833333333333,0.00224,0.00277833333333333,0.00334166666666667,0.000866666666666667,0.001155,0.00177833333333333,0.000466666666666667,0.00134166666666667,0.00043,0.000803333333333333,0.000055,0.000428333333333333,0.000426666666666667,0,0,0.000423333333333333,0.000423333333333333,0,0,0.000418333333333333,0.000416666666666667,0,0,0.000455,0.000126666666666667,0.000136666666666667,0.000146666666666667,0.000156666666666667,0.000166666666666667,0.00005,0,1,0,0,0,0,0,0,1,1,1,1,1,1,1,1,1,1,1,1,1,1,1,1,1,1,1,1,1,1,1,1,1,1,1,1,1,1,1,1,1,1,1,1,1,1,1,1,1,1,1,1,1,1,1,1,1,1,1,1,1,1,1,1,1,1,1,1,1,1,1,1,1,1,1,1,1,1,1,1,0
2026-07-04 03:00:00,98.41042885,0,0,0,0,0,0,0.0232833333333333,1.91511,9.60777833333333,15.89368,14.72212,12.8316566666667,12.435475,11.763975,10.9377566666667,5.01066333333333,1.09589,0.505326666666667,0.258708333333333,0.17316,0.168798333333333,0.148651666666667,0.158063333333333,0.115035,0.0893816666666667,0.0692733333333333,0.0616183333333333,0.0502316666666667,0.052035,0.0442383333333333,0.0399916666666667,0.03985,0.0375433333333333,0.0347966666666667,0.0290666666666667,0.03092,0.01681,0.0164583333333333,0.0143816666666667,0.00845666666666667,0.00733333333333333,0.00474166666666667,0.00493833333333333,0.00716,0.00412833333333333,0.004815,0.00266833333333333,0.00146833333333333,0.00186166666666667,0.00173333333333333,0.000866666666666667,0.00171,0.00197166666666667,0.00107333333333333,0,0.00174833333333333,0.000831666666666667,0.000373333333333333,0.00023,0.000251666666666667,0.000426666666666667,0,0.000425,0,0.000421666666666667,0,0,0.000816666666666667,0.000435,0.000415,0,0.0000216666666666667,0.0000633333333333333,0.0000683333333333333,0.0000733333333333333,0.0000783333333333333,0.0000833333333333333,0.000025,0,1,0,0,0,0,0,0,1,1,1,1,1,1,1,1,1,1,1,1,1,1,1,1,1,1,1,1,1,1,1,1,1,1,1,1,1,1,1,1,1,1,1,1,1,1,1,1,1,1,1,1,1,1,1,1,1,1,1,1,1,1,1,1,1,1,1,1,1,1,1,1,1,1,1,1,1,1,1,1,0
2026-07-04 04:00:00,82.4263241166667,0,0,0,0,0,0,0.0224566666666667,1.59792,7.97416333333333,12.771435,11.74263,10.3275983333333,10.1379533333333,9.90728333333333,9.86996666666667,4.63163166666667,1.16064,0.56592,0.296523333333333,0.206005,0.177531666666667,0.183713333333333,0.175166666666667,0.129066666666667,0.0908116666666667,0.0626683333333333,0.06096,0.06457,0.0471066666666667,0.0469833333333333,0.0452116666666667,0.0457183333333333,0.0379733333333333,0.0321483333333333,0.0274233333333333,0.0236016666666667,0.023915,0.01784,0.0127,0.00984333333333333,0.00831,0.0058,0.0061,0.00416833333333333,0.004305,0.00315333333333333,0.00449333333333333,0.00308166666666667,0.00193333333333333,0.00321166666666667,0.00206333333333333,0.00123,0.00206666666666667,0.00169,0.00184833333333333,0.000911666666666667,0.00043,0.00043,0.000428333333333333,0.000426666666666667,0.000426666666666667,0,0,0,0,0.000283333333333333,0.000138333333333333,0.000398333333333333,0.0000183333333333333,0,0,0,0,0,0,0,0,0,0,1,0,0,0,0,0,0,1,1,1,1,1,1,1,1,1,1,1,1,1,1,1,1,1,1,1,1,1,1,1,1,1,1,1,1,1,1,1,1,1,1,1,1,1,1,1,1,1,1,1,1,1,1,1,1,1,1,1,1,1,1,1,1,1,1,1,1,1,1,1,1,1,1,1,1,1,1,1,1,0
2026-07-04 05:00:00,69.3304522666667,0,0,0,0,0,0,0.0196333333333333,1.46905,7.24503333333333,11.2290666666667,9.83497333333333,8.43643666666667,8.00260166666667,7.67145833333333,7.64937666666667,4.13902833333333,1.09176,0.537886666666667,0.315311666666667,0.217655,0.192246666666667,0.202826666666667,0.192923333333333,0.130811666666667,0.10626,0.0696633333333333,0.062175,0.0630016666666667,0.0530333333333333,0.0571216666666667,0.0488116666666667,0.041365,0.0398783333333333,0.0378583333333333,0.0290566666666667,0.0274816666666667,0.0225833333333333,0.0186466666666667,0.0149566666666667,0.0110433333333333,0.00689666666666667,0.0121233333333333,0.00946333333333333,0.00463666666666667,0.00701,0.00447333333333333,0.00403833333333333,0.004205,0.003035,0.00138333333333333,0.00299333333333333,0.00296333333333333,0.00218166666666667,0.00146166666666667,0.00112666666666667,0.000486666666666667,0.00114666666666667,0.00174666666666667,0.000911666666666667,0.000426666666666667,0.000426666666666667,0,0.000425,0.000808333333333333,0.00046,0,0,0.000418333333333333,0.000416666666666667,0,0,0.000065,0.00019,0.000205,0.00022,0.000235,0.00025,0.000075,0,1,0,0,0,0,0,0,1,1,1,1,1,1,1,1,1,1,1,1,1,1,1,1,1,1,1,1,1,1,1,1,1,1,1,1,1,1,1,1,1,1,1,1,1,1,1,1,1,1,1,1,1,1,1,1,1,1,1,1,1,1,1,1,1,1,1,1,1,1,1,1,1,1,1,1,1,1,1,1,0
2026-07-04 06:00:00,57.1667453166667,0,0,0,0,0,0,0.0202716666666667,1.24989833333333,6.02332,9.47797166666667,8.234415,6.85425666666667,6.39303833333333,6.06816333333333,6.02557166666667,3.493605,0.977426666666667,0.50937,0.298403333333333,0.220136666666667,0.195046666666667,0.207201666666667,0.205383333333333,0.143521666666667,0.0935133333333333,0.0774733333333333,0.0587466666666667,0.0645866666666667,0.04841,0.0507883333333333,0.0472566666666667,0.0403233333333333,0.035065,0.0378166666666667,0.0331066666666667,0.02806,0.026315,0.016085,0.012365,0.01034,0.0124783333333333,0.00841333333333333,0.00935833333333333,0.00419833333333333,0.00487166666666667,0.004885,0.00549,0.004405,0.00211333333333333,0.0032,0.00379833333333333,0.00376,0.000501666666666667,0,0.00124166666666667,0.00137,0.001175,0.00175,0.000483333333333333,0.000426666666666667,0.000853333333333333,0.000425,0.000425,0.000423333333333333,0.000421666666666667,0,0.000288333333333333,0.000131666666666667,0.000416666666666667,0,0.000573333333333333,0.000253333333333333,0,0,0,0,0,0,0,1,0,0,0,0,0,0,1,1,1,1,1,1,1,1,1,1,1,1,1,1,1,1,1,1,1,1,1,1,1,1,1,1,1,1,1,1,1,1,1,1,1,1,1,1,1,1,1,1,1,1,1,1,1,1,1,1,1,1,1,1,1,1,1,1,1,1,1,1,1,1,1,1,1,1,1,1,1,1,0
2026-07-04 07:00:00,51.920183,0,0,0,0,0,0,0.0176583333333333,1.24241833333333,6.06908666666667,9.46789166666667,7.928885,6.45534166666667,5.70204166666667,5.44907666666667,4.26248833333333,2.18804833333333,0.656675,0.352818333333333,0.230115,0.18712,0.173015,0.185915,0.164178333333333,0.120303333333333,0.0857533333333333,0.0707566666666667,0.071045,0.0693583333333333,0.05567,0.0621816666666667,0.0481,0.0530666666666667,0.0418666666666667,0.0372766666666667,0.037465,0.0351366666666667,0.02899,0.0240333333333333,0.0163666666666667,0.0144166666666667,0.0135666666666667,0.0108083333333333,0.009085,0.0076,0.00791166666666667,0.002215,0.00369333333333333,0.00400666666666667,0.00532166666666667,0.00276333333333333,0.00297166666666667,0.00166333333333333,0.00077,0.000571666666666667,0.00081,0.000968333333333333,0.001835,0.000686666666666667,0.000603333333333333,0.001105,0.000426666666666667,0,0,0.000808333333333333,0.000385,0.00120166666666667,0.000558333333333333,0,0,0,0,0.000433333333333333,0.0000633333333333333,0.0000683333333333333,0.0000733333333333333,0.0000783333333333333,0.0000833333333333333,0.000025,0,1,0,0,0,0,0,0,1,1,1,1,1,1,1,1,1,1,1,1,1,1,1,1,1,1,1,1,1,1,1,1,1,1,1,1,1,1,1,1,1,1,1,1,1,1,1,1,1,1,1,1,1,1,1,1,1,1,1,1,1,1,1,1,1,1,1,1,1,1,1,1,1,1,1,1,1,1,1,1,0
2026-07-04 08:00:00,57.1011180333333,0,0,0,0,0,0,0.0155283333333333,1.250645,6.30920666666667,10.3672466666667,9.01826166666667,7.77397333333333,7.02190666666667,7.05266833333333,3.57132833333333,1.12211,0.59394,0.313863333333333,0.224695,0.20074,0.200575,0.23932,0.176218333333333,0.13005,0.108216666666667,0.0862866666666667,0.10186,0.0982316666666667,0.0715966666666667,0.0766433333333333,0.0569333333333333,0.0760116666666667,0.0615383333333333,0.0488266666666667,0.0449133333333333,0.03905,0.0362033333333333,0.0259116666666667,0.0188716666666667,0.01445,0.0164383333333333,0.0127216666666667,0.01162,0.00629,0.00756833333333333,0.005855,0.00722333333333333,0.00543666666666667,0.0043,0.007165,0.00293,0.00127666666666667,0.00303333333333333,0.00240166666666667,0.00104,0.00129,0.000171666666666667,0.00111666666666667,0.00214166666666667,0.000426666666666667,0,0.000425,0,0,0,0,0,0.000418333333333333,0.000416666666666667,0.000173333333333333,0.000653333333333333,0.0000866666666666667,0.000253333333333333,0.000273333333333333,0.000293333333333333,0.000313333333333333,0.000333333333333333,0.0001,0,1,0,0,0,0,0,0,1,1,1,1,1,1,1,1,1,1,1,1,1,1,1,1,1,1,1,1,1,1,1,1,1,1,1,1,1,1,1,1,1,1,1,1,1,1,1,1,1,1,1,1,1,1,1,1,1,1,1,1,1,1,1,1,1,1,1,1,1,1,1,1,1,1,1,1,1,1,1,1,0
2026-07-04 09:00:00,51.4843129333333,0,0,0,0,0,0,0.0165416666666667,1.14948666666667,6.024135,10.0402483333333,8.60233833333333,7.17181166666667,6.21991,6.05013833333333,2.85732166666667,0.862253333333333,0.424918333333333,0.243065,0.19791,0.157935,0.169958333333333,0.17823,0.157351666666667,0.13792,0.108436666666667,0.100571666666667,0.10768,0.107233333333333,0.075585,0.0880716666666667,0.07006,0.0776433333333333,0.0704383333333333,0.0637483333333333,0.050815,0.051705,0.0383433333333333,0.0310583333333333,0.024175,0.02277,0.0184033333333333,0.0166266666666667,0.0131366666666667,0.0111083333333333,0.0101816666666667,0.00635333333333333,0.005495,0.00409666666666667,0.00524,0.00597166666666667,0.00336333333333333,0.00168666666666667,0.000886666666666667,0.00163833333333333,0.00300166666666667,0.000131666666666667,0.00100333333333333,0.000258333333333333,0.000856666666666667,0,0.00104333333333333,0.00108666666666667,0.00085,0,0.000346666666666667,0.000075,0.00042,0.000418333333333333,0,0.000415,0,0.0000866666666666667,0.000253333333333333,0.000273333333333333,0.000293333333333333,0.000313333333333333,0.000333333333333333,0.0001,0,1,0,0,0,0,0,0,1,1,1,1,1,1,1,1,1,1,1,1,1,1,1,1,1,1,1,1,1,1,1,1,1,1,1,1,1,1,1,1,1,1,1,1,1,1,1,1,1,1,1,1,1,1,1,1,1,1,1,1,1,1,1,1,1,1,1,1,1,1,1,1,1,1,1,1,1,1,1,1,0
2026-07-04 10:00:00,52.8886973833333,0,0,0,0,0,0,0.0167883333333333,1.15875,6.09985166666667,9.99362833333333,8.740665,7.36940666666667,6.67366666666667,6.39110833333333,2.80560333333333,0.80082,0.427678333333333,0.244505,0.189621666666667,0.158493333333333,0.173183333333333,0.203113333333333,0.156826666666667,0.125123333333333,0.110876666666667,0.0959,0.09984,0.103958333333333,0.0812416666666667,0.105236666666667,0.0781483333333333,0.0865016666666667,0.0659283333333333,0.0705383333333333,0.0628133333333333,0.04956,0.0448066666666667,0.0327866666666667,0.031435,0.0212716666666667,0.0225466666666667,0.0144833333333333,0.0115083333333333,0.009995,0.00700833333333333,0.010705,0.00564333333333333,0.00525666666666667,0.004915,0.00369833333333333,0.00379666666666667,0.00257666666666667,0.003605,0.00303666666666667,0.00307333333333333,0.00281666666666667,0.00126166666666667,0.000803333333333333,0.00108666666666667,0.000251666666666667,0.00128,0,0.000425,0.00077,0.0005,0.00112666666666667,0.000426666666666667,0.00055,0.000416666666666667,0,0.000413333333333333,0.0000433333333333333,0.000126666666666667,0.000136666666666667,0.000146666666666667,0.000156666666666667,0.000166666666666667,0.00005,0,1,0,0,0,0,0,0,1,1,1,1,1,1,1,1,1,1,1,1,1,1,1,1,1,1,1,1,1,1,1,1,1,1,1,1,1,1,1,1,1,1,1,1,1,1,1,1,1,1,1,1,1,1,1,1,1,1,1,1,1,1,1,1,1,1,1,1,1,1,1,1,1,1,1,1,1,1,1,1,0
2026-07-04 11:00:00,48.97950435,0,0,0,0,0,0,0.0158866666666667,1.165335,5.90536333333333,9.332415,8.14418166666667,6.95792,6.32055833333333,5.92522666666667,2.021025,0.712535,0.341056666666667,0.201451666666667,0.13862,0.16065,0.132338333333333,0.176208333333333,0.153408333333333,0.14367,0.116525,0.0947333333333333,0.106251666666667,0.0939266666666667,0.0857616666666667,0.0837333333333333,0.0793133333333333,0.0875733333333333,0.0708983333333333,0.0578266666666667,0.06501,0.055465,0.0443916666666667,0.0438233333333333,0.02772,0.0261583333333333,0.020805,0.018165,0.010665,0.0130383333333333,0.00679166666666667,0.00744166666666667,0.00752166666666667,0.00765,0.00626,0.00715,0.00518166666666667,0.00421666666666667,0.00365166666666667,0.0039,0.001075,0.0018,0.00186333333333333,0.00111833333333333,0.00171333333333333,0.000855,0.000616666666666667,0.000236666666666667,0.00119833333333333,0.00127,0.000923333333333333,0.000283333333333333,0.000558333333333333,0.000418333333333333,0,0.000415,0,0.0000216666666666667,0.0000633333333333333,0.0000683333333333333,0.0000733333333333333,0.0000783333333333333,0.0000833333333333333,0.000025,0,1,0,0,0,0,0,0,1,1,1,1,1,1,1,1,1,1,1,1,1,1,1,1,1,1,1,1,1,1,1,1,1,1,1,1,1,1,1,1,1,1,1,1,1,1,1,1,1,1,1,1,1,1,1,1,1,1,1,1,1,1,1,1,1,1,1,1,1,1,1,1,1,1,1,1,1,1,1,1,0
2026-07-04 12:00:00,42.98873965,0,0,0,0,0,0,0.016315,1.10151333333333,5.25228166666667,8.25371333333333,6.93939666666667,5.97672833333333,5.54469,5.26249333333333,1.58011333333333,0.636136666666667,0.305206666666667,0.159345,0.13429,0.134168333333333,0.123391666666667,0.152023333333333,0.111895,0.103345,0.0818983333333333,0.0724983333333333,0.0906633333333333,0.07194,0.0669166666666667,0.0664416666666667,0.058535,0.0574716666666667,0.048425,0.046615,0.0519466666666667,0.046375,0.0428283333333333,0.0312333333333333,0.03183,0.0205433333333333,0.0147916666666667,0.00991833333333333,0.0128383333333333,0.009,0.00992833333333333,0.00701333333333333,0.00540666666666667,0.005945,0.00376833333333333,0.00424166666666667,0.00458,0.00293833333333333,0.00179666666666667,0.00448333333333333,0.002695,0.00104333333333333,0.00169166666666667,0.00203333333333333,0.000538333333333333,0.00171,0.000426666666666667,0.00085,0.00085,0.000808333333333333,0.000883333333333333,0.000421666666666667,0.000708333333333333,0.00053,0.0000183333333333333,0.00083,0.00032,0.000636666666666667,0.00038,0.00041,0.00044,0.00047,0.0005,0.00015,0,1,0,0,0,0,0,0,1,1,1,1,1,1,1,1,1,1,1,1,1,1,1,1,1,1,1,1,1,1,1,1,1,1,1,1,1,1,1,1,1,1,1,1,1,1,1,1,1,1,1,1,1,1,1,1,1,1,1,1,1,1,1,1,1,1,1,1,1,1,1,1,1,1,1,1,1,1,1,1,0
2026-07-04 13:00:00,37.5016038333333,0,0,0,0,0,0,0.0181266666666667,1.04709833333333,4.82522666666667,7.01065,5.811245,4.890535,4.59464333333333,4.59131833333333,1.57724666666667,0.695195,0.401755,0.190451666666667,0.135173333333333,0.139093333333333,0.143008333333333,0.154706666666667,0.09859,0.0954333333333333,0.0688166666666667,0.0598383333333333,0.0751816666666667,0.0602566666666667,0.0613966666666667,0.0628733333333333,0.0538,0.0563083333333333,0.0469283333333333,0.0326816666666667,0.0332233333333333,0.032015,0.0347666666666667,0.0278083333333333,0.022705,0.019435,0.0197083333333333,0.0112316666666667,0.00916833333333333,0.00809166666666667,0.00694166666666667,0.00571833333333333,0.00499,0.00744833333333333,0.00756166666666667,0.00295333333333333,0.00288833333333333,0.00168666666666667,0.000746666666666667,0.001435,0.002915,0.00059,0.00200666666666667,0.00169333333333333,0.00106333333333333,0.00118166666666667,0.00128,0.00085,0.00204833333333333,0.0000766666666666667,0.00126833333333333,0.000283333333333333,0.000846666666666667,0.00055,0.000416666666666667,0.00083,0.00016,0.00073,0.00019,0.000205,0.00022,0.000235,0.00025,0.000075,0,1,0,0,0,0,0,0,1,1,1,1,1,1,1,1,1,1,1,1,1,1,1,1,1,1,1,1,1,1,1,1,1,1,1,1,1,1,1,1,1,1,1,1,1,1,1,1,1,1,1,1,1,1,1,1,1,1,1,1,1,1,1,1,1,1,1,1,1,1,1,1,1,1,1,1,1,1,1,1,0
2026-07-04 14:00:00,37.1306738333333,0,0,0,0,0,0,0.0174283333333333,1.11627,5.12607333333333,7.15554833333333,5.72134166666667,4.90130666666667,4.54126333333333,4.57656333333333,1.63900666666667,0.700453333333333,0.367603333333333,0.213475,0.139683333333333,0.126793333333333,0.117658333333333,0.135435,0.0984266666666667,0.08553,0.058375,0.0611316666666667,0.0598633333333333,0.05696,0.0489633333333333,0.0516866666666667,0.0322466666666667,0.05249,0.0414283333333333,0.04372,0.03773,0.0300016666666667,0.0228133333333333,0.022345,0.0222933333333333,0.0121966666666667,0.012175,0.00755333333333333,0.0072,0.005165,0.005805,0.005755,0.00389333333333333,0.006,0.00165333333333333,0.00279333333333333,0.00418833333333333,0.00250666666666667,0.000933333333333333,0.00318833333333333,0.00307166666666667,0.00330333333333333,0.00266833333333333,0.000631666666666667,0.00169,0.00093,0.000853333333333333,0.000323333333333333,0.00133833333333333,0.00127,0.000385,0.000496666666666667,0.00042,0.000836666666666667,0.000223333333333333,0.000193333333333333,0,0.000065,0.00019,0.000205,0.00022,0.000235,0.00025,0.000075,0,1,0,0,0,0,0,0,1,1,1,1,1,1,1,1,1,1,1,1,1,1,1,1,1,1,1,1,1,1,1,1,1,1,1,1,1,1,1,1,1,1,1,1,1,1,1,1,1,1,1,1,1,1,1,1,1,1,1,1,1,1,1,1,1,1,1,1,1,1,1,1,1,1,1,1,1,1,1,1,0
2026-07-04 15:00:00,33.0263012166667,0,0,0,0,0,0,0.016895,0.96525,4.354835,6.04994833333333,4.79455333333333,4.10882833333333,3.82028833333333,3.87100333333333,1.832705,1.134745,0.644253333333333,0.305255,0.198913333333333,0.164666666666667,0.148385,0.159473333333333,0.113816666666667,0.104236666666667,0.0756633333333333,0.062595,0.064275,0.048835,0.040465,0.0451133333333333,0.0311133333333333,0.0307483333333333,0.0284,0.0270083333333333,0.018535,0.0223083333333333,0.0195483333333333,0.0120416666666667,0.0112483333333333,0.00868666666666667,0.00854666666666667,0.00929833333333333,0.00635166666666667,0.00560166666666667,0.00477166666666667,0.00308333333333333,0.00238833333333333,0.00413166666666667,0.003435,0.00330666666666667,0.002455,0.00171,0.00238166666666667,0.003055,0.000986666666666667,0.001025,0.00384166666666667,0.00200666666666667,0.000833333333333333,0.00093,0.000426666666666667,0.000748333333333333,0.000913333333333333,0.00130833333333333,0,0.000283333333333333,0.000138333333333333,0,0.000416666666666667,0.000588333333333333,0.00056,0.00135166666666667,0.0000633333333333333,0.0000683333333333333,0.0000733333333333333,0.0000783333333333333,0.0000833333333333333,0.000025,0,1,0,0,0,0,0,0,1,1,1,1,1,1,1,1,1,1,1,1,1,1,1,1,1,1,1,1,1,1,1,1,1,1,1,1,1,1,1,1,1,1,1,1,1,1,1,1,1,1,1,1,1,1,1,1,1,1,1,1,1,1,1,1,1,1,1,1,1,1,1,1,1,1,1,1,1,1,1,1,0
2026-07-04 16:00:00,50.5769038333333,0,0,0,0,0,0,0.0169416666666667,1.40028,6.42687833333333,9.05798666666667,7.13647333333333,5.88114333333333,5.46223,5.41190833333333,3.66128333333333,2.667405,1.43215666666667,0.559321666666667,0.314563333333333,0.215093333333333,0.192973333333333,0.17592,0.149971666666667,0.130353333333333,0.0835116666666667,0.062845,0.0606183333333333,0.05206,0.0422866666666667,0.0443416666666667,0.02884,0.0253083333333333,0.0264333333333333,0.0253883333333333,0.0224716666666667,0.0217816666666667,0.02082,0.00934333333333333,0.011895,0.00627666666666667,0.007125,0.00862,0.00712833333333333,0.00230166666666667,0.00443666666666667,0.004885,0.00578666666666667,0.00262833333333333,0.00438,0.00583833333333333,0.00249666666666667,0.00164,0.00165666666666667,0.00186666666666667,0.00124166666666667,0.00225833333333333,0.003555,0.000258333333333333,0.00146,0.000251666666666667,0.00170666666666667,0.00107166666666667,0.000976666666666667,0.00130833333333333,0.0000383333333333333,0.000283333333333333,0.000978333333333333,0,0,0.000415,0,0.0000216666666666667,0.0000633333333333333,0.0000683333333333333,0.0000733333333333333,0.0000783333333333333,0.0000833333333333333,0.000025,0,1,0,0,0,0,0,0,1,1,1,1,1,1,1,1,1,1,1,1,1,1,1,1,1,1,1,1,1,1,1,1,1,1,1,1,1,1,1,1,1,1,1,1,1,1,1,1,1,1,1,1,1,1,1,1,1,1,1,1,1,1,1,1,1,1,1,1,1,1,1,1,1,1,1,1,1,1,1,1,0
2026-07-04 17:00:00,33.5065438833333,0,0,0,0,0,0,0.0151516666666667,1.08128333333333,5.033865,6.95214833333333,5.0459,4.09195833333333,3.646315,3.691485,1.703275,0.60911,0.325355,0.187025,0.128236666666667,0.103098333333333,0.100665,0.105351666666667,0.0882316666666667,0.0696833333333333,0.0528116666666667,0.047395,0.043915,0.0414066666666667,0.03058,0.032355,0.0294183333333333,0.0315833333333333,0.0210683333333333,0.024415,0.0238066666666667,0.0216933333333333,0.0134266666666667,0.0122033333333333,0.00907666666666667,0.00975666666666667,0.00516,0.00342666666666667,0.00497166666666667,0.00329833333333333,0.00446666666666667,0.00205,0.00151833333333333,0.00264666666666667,0.00372166666666667,0.00220833333333333,0.00089,0.00248333333333333,0.00358166666666667,0.00198833333333333,0.001815,0.000888333333333333,0.00126166666666667,0.00123333333333333,0.000483333333333333,0.000853333333333333,0.00166,0.00132333333333333,0.00085,0,0,0,0.00042,0.001215,0.0000366666666666667,0,0,0.0000216666666666667,0.0000633333333333333,0.0000683333333333333,0.0000733333333333333,0.0000783333333333333,0.0000833333333333333,0.000025,0,1,0,0,0,0,0,0,1,1,1,1,1,1,1,1,1,1,1,1,1,1,1,1,1,1,1,1,1,1,1,1,1,1,1,1,1,1,1,1,1,1,1,1,1,1,1,1,1,1,1,1,1,1,1,1,1,1,1,1,1,1,1,1,1,1,1,1,1,1,1,1,1,1,1,1,1,1,1,1,0
2026-07-04 18:00:00,41.5342947666667,0,0,0,0,0,0,0.0213616666666667,1.30921333333333,6.13872666666667,8.83179666666667,6.50526333333333,5.13515166666667,4.52789166666667,4.49910666666667,2.31647166666667,0.80736,0.433198333333333,0.24005,0.170016666666667,0.137655,0.141083333333333,0.163486666666667,0.123705,0.08699,0.076485,0.0656966666666667,0.0653683333333333,0.0559,0.049775,0.0642683333333333,0.0411733333333333,0.0410183333333333,0.0375116666666667,0.03417,0.026195,0.021115,0.0205583333333333,0.0180933333333333,0.0120733333333333,0.008,0.006575,0.00888666666666667,0.00612,0.00519666666666667,0.00794833333333333,0.00372,0.00347166666666667,0.003805,0.00155333333333333,0.00134166666666667,0.00214666666666667,0.00291666666666667,0.00182,0.00172666666666667,0.002105,0.000538333333333333,0.00157666666666667,0.00174833333333333,0.00169,0.000931666666666667,0.000853333333333333,0.000748333333333333,0.000913333333333333,0.00127,0.00123,0.000075,0,0.000418333333333333,0.000833333333333333,0.000173333333333333,0.00024,0.0000216666666666667,0.0000633333333333333,0.0000683333333333333,0.0000733333333333333,0.0000783333333333333,0.0000833333333333333,0.000025,0,1,0,0,0,0,0,0,1,1,1,1,1,1,1,1,1,1,1,1,1,1,1,1,1,1,1,1,1,1,1,1,1,1,1,1,1,1,1,1,1,1,1,1,1,1,1,1,1,1,1,1,1,1,1,1,1,1,1,1,1,1,1,1,1,1,1,1,1,1,1,1,1,1,1,1,1,1,1,1,0
2026-07-04 19:00:00,47.44888415,0,0,0,0,0,0,0.0226116666666667,1.548105,7.26536833333333,10.38484,7.42456333333333,5.60902,4.767505,4.48502166666667,2.47020833333333,0.821285,0.43608,0.23241,0.157606666666667,0.136926666666667,0.135553333333333,0.14522,0.111601666666667,0.08203,0.07095,0.052265,0.0543633333333333,0.047545,0.0402683333333333,0.0388183333333333,0.029815,0.037245,0.033175,0.0218033333333333,0.0225116666666667,0.021425,0.0120483333333333,0.017275,0.0112083333333333,0.00689666666666667,0.00711333333333333,0.00498166666666667,0.00734166666666667,0.00607333333333333,0.00262833333333333,0.00417833333333333,0.00578666666666667,0.00281,0.00333333333333333,0.001855,0.00132333333333333,0.00337166666666667,0.000455,0.00266833333333333,0.00251,0.000486666666666667,0.00166333333333333,0.000803333333333333,0.000483333333333333,0.000855,0.00189666666666667,0.00130833333333333,0.00147833333333333,0,0.000843333333333333,0.000421666666666667,0.00126,0.000398333333333333,0.000465,0.00056,0.000653333333333333,0.0000216666666666667,0.0000633333333333333,0.0000683333333333333,0.0000733333333333333,0.0000783333333333333,0.0000833333333333333,0.000025,0,1,0,0,0,0,0,0,1,1,1,1,1,1,1,1,1,1,1,1,1,1,1,1,1,1,1,1,1,1,1,1,1,1,1,1,1,1,1,1,1,1,1,1,1,1,1,1,1,1,1,1,1,1,1,1,1,1,1,1,1,1,1,1,1,1,1,1,1,1,1,1,1,1,1,1,1,1,1,1,0
2026-07-04 20:00:00,54.0700555333333,0,0,0,0,0,0,0.0246816666666667,1.809275,8.46257833333333,12.20992,8.91442666666667,6.56387333333333,5.464875,5.274825,2.847955,0.854396666666667,0.474788333333333,0.23373,0.15955,0.130168333333333,0.133766666666667,0.142111666666667,0.108926666666667,0.0827283333333333,0.0633716666666667,0.0471383333333333,0.0518566666666667,0.051065,0.0369416666666667,0.0384233333333333,0.0308266666666667,0.0416166666666667,0.0250083333333333,0.0219116666666667,0.021895,0.02302,0.0119716666666667,0.014335,0.01554,0.00865666666666667,0.00897666666666667,0.00538666666666667,0.009455,0.00401666666666667,0.00520666666666667,0.00221333333333333,0.00253166666666667,0.00293666666666667,0.00277333333333333,0.00198,0.00293166666666667,0.00207333333333333,0.002905,0.00307333333333333,0.00052,0.00217833333333333,0.00255166666666667,0.00123166666666667,0.00194333333333333,0.00110833333333333,0.000616666666666667,0.00141,0.000526666666666667,0,0,0,0,0,0,0.000415,0,0,0,0,0,0,0,0,0,1,0,0,0,0,0,0,1,1,1,1,1,1,1,1,1,1,1,1,1,1,1,1,1,1,1,1,1,1,1,1,1,1,1,1,1,1,1,1,1,1,1,1,1,1,1,1,1,1,1,1,1,1,1,1,1,1,1,1,1,1,1,1,1,1,1,1,1,1,1,1,1,1,1,1,1,1,1,1,0
2026-07-04 21:00:00,57.7077409666667,0,0,0,0,0,0,0.0239483333333333,1.70826,8.38981333333333,12.7613633333333,9.47800166666667,7.03914166666667,5.91452166666667,5.71421166666667,3.21127833333333,0.958203333333333,0.505678333333333,0.267978333333333,0.167461666666667,0.14847,0.131905,0.14143,0.11066,0.0870866666666667,0.0789666666666667,0.0660066666666667,0.06729,0.0635816666666667,0.0414216666666667,0.0492133333333333,0.041035,0.0386783333333333,0.0376866666666667,0.0362483333333333,0.0345883333333333,0.0210316666666667,0.02008,0.0136683333333333,0.0111566666666667,0.01109,0.00635666666666667,0.00605333333333333,0.00617166666666667,0.00439166666666667,0.00674,0.00379166666666667,0.00513666666666667,0.00455,0.00501333333333333,0.00238333333333333,0.00253833333333333,0.00255333333333333,0.00211166666666667,0.001365,0,0.000485,0.00157833333333333,0.000946666666666667,0.00171333333333333,0,0.00147,0.00056,0.000101666666666667,0.000846666666666667,0,0,0,0.000398333333333333,0.001075,0.000366666666666667,0.00024,0,0,0,0,0,0,0,0,1,0,0,0,0,0,0,1,1,1,1,1,1,1,1,1,1,1,1,1,1,1,1,1,1,1,1,1,1,1,1,1,1,1,1,1,1,1,1,1,1,1,1,1,1,1,1,1,1,1,1,1,1,1,1,1,1,1,1,1,1,1,1,1,1,1,1,1,1,1,1,1,1,1,1,1,1,1,1,0
2026-07-04 22:00:00,61.5823271166667,0,0,0,0,0,0,0.0203166666666667,1.68227,8.78950166666667,13.500015,10.1419866666667,7.48583,6.29392333333333,5.85030833333333,3.86681,1.470955,0.663038333333333,0.321238333333333,0.219516666666667,0.150808333333333,0.135361666666667,0.162111666666667,0.150565,0.103363333333333,0.08699,0.0706983333333333,0.0808066666666667,0.0632616666666667,0.0679716666666667,0.0588183333333333,0.0458483333333333,0.054025,0.0395083333333333,0.042295,0.0346916666666667,0.032875,0.0235283333333333,0.0178333333333333,0.014615,0.0102766666666667,0.0113833333333333,0.00794666666666667,0.0106033333333333,0.00662833333333333,0.00303166666666667,0.00650833333333333,0.00331333333333333,0.00456833333333333,0.00302666666666667,0.00193833333333333,0.00336333333333333,0.00212,0.00355833333333333,0.00242,0.000951666666666667,0.00217833333333333,0.00100333333333333,0.000631666666666667,0.001515,0.00068,0.00170666666666667,0.00085,0.000386666666666667,0.000423333333333333,0.0000383333333333333,0.000843333333333333,0.000288333333333333,0.000928333333333333,0.0000366666666666667,0,0,0.000411666666666667,0,0,0,0,0,0,0,1,0,0,0,0,0,0,1,1,1,1,1,1,1,1,1,1,1,1,1,1,1,1,1,1,1,1,1,1,1,1,1,1,1,1,1,1,1,1,1,1,1,1,1,1,1,1,1,1,1,1,1,1,1,1,1,1,1,1,1,1,1,1,1,1,1,1,1,1,1,1,1,1,1,1,1,1,1,1,0
2026-07-04 23:00:00,57.77242925,0,0,0,0,0,0,0.0270116666666667,1.81697166666667,8.516095,12.43211,9.19992333333333,6.66852833333333,5.46748666666667,4.91962666666667,3.93509333333333,1.85731666666667,0.511581666666667,0.248386666666667,0.159,0.122383333333333,0.113036666666667,0.142945,0.131755,0.114061666666667,0.0782116666666667,0.0709183333333333,0.0785366666666667,0.07481,0.06446,0.0678833333333333,0.0546083333333333,0.05633,0.0439816666666667,0.0366183333333333,0.0365733333333333,0.0282616666666667,0.022445,0.0237266666666667,0.0158066666666667,0.00897,0.00874833333333333,0.00648666666666667,0.00584333333333333,0.00625333333333333,0.00701,0.00511833333333333,0.00528166666666667,0.00436833333333333,0.00524666666666667,0.00142166666666667,0.00266666666666667,0.00289333333333333,0.00247333333333333,0.00134666666666667,0.000898333333333333,0.00094,0.00126166666666667,0.000428333333333333,0.00206333333333333,0.00264166666666667,0.000616666666666667,0.000236666666666667,0.000425,0.000846666666666667,0,0,0,0,0,0,0,0,0,0,0,0,0,0,0,1,0,0,0,0,0,0,1,1,1,1,1,1,1,1,1,1,1,1,1,1,1,1,1,1,1,1,1,1,1,1,1,1,1,1,1,1,1,1,1,1,1,1,1,1,1,1,1,1,1,1,1,1,1,1,1,1,1,1,1,1,1,1,1,1,1,1,1,1,1,1,1,1,1,1,1,1,1,1,0
2026-07-05,60.30106265,0,0,0,0,0,0,0.0304566666666667,1.64389,8.33309,12.8005633333333,9.71844,6.94838,5.75185333333333,5.114485,4.5281,2.21443166666667,0.570166666666667,0.268861666666667,0.186475,0.148133333333333,0.136423333333333,0.15556,0.149618333333333,0.131898333333333,0.100763333333333,0.0909566666666667,0.0768816666666667,0.0881616666666667,0.0774816666666667,0.0712166666666667,0.061605,0.053995,0.049195,0.0475816666666667,0.0412966666666667,0.0326616666666667,0.0270633333333333,0.0227733333333333,0.0162683333333333,0.0142033333333333,0.0107333333333333,0.00951666666666667,0.00679,0.007715,0.006195,0.00506333333333333,0.003685,0.00248333333333333,0.00137333333333333,0.00312833333333333,0.00169166666666667,0.00166333333333333,0.00165666666666667,0.00100333333333333,0.000863333333333333,0.000458333333333333,0.000401666666666667,0.001175,0.000966666666666667,0.000856666666666667,0,0.000323333333333333,0.000526666666666667,0.000423333333333333,0.000843333333333333,0.000566666666666667,0.000696666666666667,0,0,0,0,0,0,0,0,0,0,0,0,1,0,0,0,0,0,0,1,1,1,1,1,1,1,1,1,1,1,1,1,1,1,1,1,1,1,1,1,1,1,1,1,1,1,1,1,1,1,1,1,1,1,1,1,1,1,1,1,1,1,1,1,1,1,1,1,1,1,1,1,1,1,1,1,1,1,1,1,1,1,1,1,1,1,1,1,1,1,1,0
2026-07-05 01:00:00,64.8058960666667,0,0,0,0,0,0,0.02263,1.64054333333333,8.43047333333333,13.3397166666667,10.4262683333333,7.81003833333333,6.386885,5.79360333333333,5.31510166666667,2.73452333333333,0.689325,0.313151666666667,0.183113333333333,0.160488333333333,0.149078333333333,0.148705,0.158495,0.131646666666667,0.101201666666667,0.0794183333333333,0.0732766666666667,0.07859,0.066545,0.07059,0.07592,0.053165,0.0524983333333333,0.04136,0.040715,0.0381583333333333,0.0220933333333333,0.016495,0.0165483333333333,0.016195,0.008995,0.00905,0.00796333333333333,0.00572666666666667,0.00676166666666667,0.006275,0.00202333333333333,0.00177666666666667,0.00234,0.00328,0.00421,0.00125333333333333,0.00215833333333333,0.00207,0.00170833333333333,0.00185166666666667,0.000831666666666667,0.00128666666666667,0.000175,0.00153166666666667,0.000426666666666667,0.000425,0,0,0,0.00112666666666667,0.000715,0.000263333333333333,0,0,0,0.0000216666666666667,0.0000633333333333333,0.0000683333333333333,0.0000733333333333333,0.0000783333333333333,0.0000833333333333333,0.000025,0,1,0,0,0,0,0,0,1,1,1,1,1,1,1,1,1,1,1,1,1,1,1,1,1,1,1,1,1,1,1,1,1,1,1,1,1,1,1,1,1,1,1,1,1,1,1,1,1,1,1,1,1,1,1,1,1,1,1,1,1,1,1,1,1,1,1,1,1,1,1,1,1,1,1,1,1,1,1,1,0
2026-07-05 02:00:00,57.4240011333333,0,0,0,0,0,0,0.0214416666666667,1.51264333333333,7.64587333333333,12.01942,9.492515,6.88113,5.71212,5.02107833333333,4.71538833333333,2.38604333333333,0.565048333333333,0.301801666666667,0.165111666666667,0.126435,0.125073333333333,0.142251666666667,0.148751666666667,0.117868333333333,0.112933333333333,0.0873883333333333,0.0726916666666667,0.0812633333333333,0.0739633333333333,0.0718066666666667,0.0584066666666667,0.06065,0.05233,0.045535,0.0390433333333333,0.0334016666666667,0.0267366666666667,0.0183816666666667,0.0155383333333333,0.01274,0.00592333333333333,0.006895,0.00766833333333333,0.00713166666666667,0.005805,0.00365166666666667,0.00382333333333333,0.004695,0.00162666666666667,0.00360333333333333,0.00253833333333333,0.00171,0.00338333333333333,0.002395,0.000643333333333333,0.00094,0.00169166666666667,0.000803333333333333,0.000658333333333333,0.000251666666666667,0.00019,0.000236666666666667,0,0.000423333333333333,0,0.000566666666666667,0.000276666666666667,0.000418333333333333,0,0,0.000413333333333333,0,0,0,0,0,0,0,0,1,0,0,0,0,0,0,1,1,1,1,1,1,1,1,1,1,1,1,1,1,1,1,1,1,1,1,1,1,1,1,1,1,1,1,1,1,1,1,1,1,1,1,1,1,1,1,1,1,1,1,1,1,1,1,1,1,1,1,1,1,1,1,1,1,1,1,1,1,1,1,1,1,1,1,1,1,1,1,0
2026-07-05 03:00:00,55.8095529,0,0,0,0,0,0,0.0186966666666667,1.547625,7.46148166666667,11.32895,8.91855833333333,6.58742833333333,5.46896666666667,4.71949,4.34599833333333,2.22897,0.536101666666667,0.279301666666667,0.157885,0.136966666666667,0.139015,0.146195,0.14135,0.111676666666667,0.112548333333333,0.0819783333333333,0.0905216666666667,0.0849566666666667,0.0687533333333333,0.0653166666666667,0.056375,0.053405,0.0507483333333333,0.0451066666666667,0.0420433333333333,0.041085,0.027265,0.0158733333333333,0.0106633333333333,0.00862666666666667,0.0105083333333333,0.005825,0.00724333333333333,0.00498,0.001065,0.00477666666666667,0.00578666666666667,0.003805,0.00358833333333333,0.00143333333333333,0.000888333333333333,0.00294,0.000863333333333333,0.00007,0.00118833333333333,0.00142166666666667,0.000831666666666667,0.000746666666666667,0.00011,0.000853333333333333,0.000616666666666667,0.00130833333333333,0.000203333333333333,0.000385,0.0000383333333333333,0,0,0,0,0,0,0.000411666666666667,0,0,0,0,0,0,0,1,0,0,0,0,0,0,1,1,1,1,1,1,1,1,1,1,1,1,1,1,1,1,1,1,1,1,1,1,1,1,1,1,1,1,1,1,1,1,1,1,1,1,1,1,1,1,1,1,1,1,1,1,1,1,1,1,1,1,1,1,1,1,1,1,1,1,1,1,1,1,1,1,1,1,1,1,1,1,0
2026-07-05 04:00:00,50.0184627166667,0,0,0,0,0,0,0.02392,1.40504666666667,6.763685,10.1518283333333,7.93804666666667,5.86819166666667,4.78258,4.22702833333333,4.058505,2.14387833333333,0.52662,0.269063333333333,0.169161666666667,0.129313333333333,0.13235,0.151261666666667,0.160225,0.117341666666667,0.115086666666667,0.0853933333333333,0.0846016666666667,0.08244,0.0760966666666667,0.0775866666666667,0.0609283333333333,0.0661433333333333,0.0406016666666667,0.04809,0.0445466666666667,0.0351916666666667,0.02413,0.0253716666666667,0.0194766666666667,0.0155,0.00975166666666667,0.010595,0.00714333333333333,0.00541833333333333,0.00587,0.00546,0.00245833333333333,0.00233833333333333,0.00226666666666667,0.00262666666666667,0.00132166666666667,0.00171,0.00331333333333333,0.000571666666666667,0.00205166666666667,0.00142166666666667,0.000573333333333333,0.00223666666666667,0.000768333333333333,0.000678333333333333,0,0,0.000386666666666667,0.000461666666666667,0,0,0,0,0,0,0,0.0000216666666666667,0.0000633333333333333,0.0000683333333333333,0.0000733333333333333,0.0000783333333333333,0.0000833333333333333,0.000025,0,1,0,0,0,0,0,0,1,1,1,1,1,1,1,1,1,1,1,1,1,1,1,1,1,1,1,1,1,1,1,1,1,1,1,1,1,1,1,1,1,1,1,1,1,1,1,1,1,1,1,1,1,1,1,1,1,1,1,1,1,1,1,1,1,1,1,1,1,1,1,1,1,1,1,1,1,1,1,1,0
2026-07-05 05:00:00,44.9939679333333,0,0,0,0,0,0,0.0177416666666667,1.40217,6.41941,9.20226833333333,7.12284833333333,5.14394166666667,4.17807666666667,3.63563333333333,3.32713666666667,1.687105,0.455523333333333,0.234016666666667,0.156315,0.143125,0.138608333333333,0.146218333333333,0.171031666666667,0.159016666666667,0.128986666666667,0.10673,0.0978916666666667,0.0927216666666667,0.0960583333333333,0.08695,0.0803916666666667,0.0785433333333333,0.061535,0.0610483333333333,0.043365,0.0452966666666667,0.0365316666666667,0.02696,0.0231216666666667,0.0172533333333333,0.01402,0.01617,0.0124816666666667,0.009495,0.0053,0.00605833333333333,0.00463333333333333,0.00382333333333333,0.00507,0.00462166666666667,0.00414666666666667,0.00212,0.00376833333333333,0.001435,0.00124166666666667,0.00139833333333333,0.00166333333333333,0.000801666666666667,0.000483333333333333,0,0,0,0,0.000385,0.00046,0.000421666666666667,0,0,0,0.000415,0,0.0000216666666666667,0.0000633333333333333,0.0000683333333333333,0.0000733333333333333,0.0000783333333333333,0.0000833333333333333,0.000025,0,1,0,0,0,0,0,0,1,1,1,1,1,1,1,1,1,1,1,1,1,1,1,1,1,1,1,1,1,1,1,1,1,1,1,1,1,1,1,1,1,1,1,1,1,1,1,1,1,1,1,1,1,1,1,1,1,1,1,1,1,1,1,1,1,1,1,1,1,1,1,1,1,1,1,1,1,1,1,1,0
2026-07-05 06:00:00,39.4457748333333,0,0,0,0,0,0,0.018165,1.29286333333333,5.96633,8.36673,6.18566333333333,4.36357666666667,3.61792666666667,3.081415,2.808375,1.42270833333333,0.410121666666667,0.25148,0.15672,0.134496666666667,0.122231666666667,0.140988333333333,0.176745,0.132131666666667,0.116508333333333,0.101361666666667,0.0950683333333333,0.0953383333333333,0.0809666666666667,0.0870516666666667,0.073535,0.081275,0.0712666666666667,0.0591183333333333,0.05294,0.0408383333333333,0.0299516666666667,0.03011,0.0184316666666667,0.0189333333333333,0.0168783333333333,0.0124533333333333,0.0107716666666667,0.00519833333333333,0.00564166666666667,0.00294333333333333,0.00455333333333333,0.00323,0.00190666666666667,0.003405,0.00276333333333333,0.00207333333333333,0.00252,0.00384833333333333,0.00266,0.00182333333333333,0.000945,0.000775,0,0.000428333333333333,0.000853333333333333,0.000425,0,0,0.000421666666666667,0.000421666666666667,0,0,0.000223333333333333,0.000608333333333333,0,0,0,0,0,0,0,0,0,1,0,0,0,0,0,0,1,1,1,1,1,1,1,1,1,1,1,1,1,1,1,1,1,1,1,1,1,1,1,1,1,1,1,1,1,1,1,1,1,1,1,1,1,1,1,1,1,1,1,1,1,1,1,1,1,1,1,1,1,1,1,1,1,1,1,1,1,1,1,1,1,1,1,1,1,1,1,1,0
2026-07-05 07:00:00,37.0016989166667,0,0,0,0,0,0,0.0184033333333333,1.30644666666667,5.87467666666667,7.76594333333333,5.58330833333333,4.02415,3.26026833333333,2.90312166666667,2.27485,1.06554833333333,0.370413333333333,0.201303333333333,0.141676666666667,0.119738333333333,0.114436666666667,0.136158333333333,0.143636666666667,0.124976666666667,0.0995066666666667,0.0971066666666667,0.0772633333333333,0.0763616666666667,0.0722166666666667,0.070185,0.06509,0.0613683333333333,0.0527266666666667,0.0471366666666667,0.04079,0.0405933333333333,0.02789,0.02759,0.0191916666666667,0.0152666666666667,0.009865,0.00866,0.00807833333333333,0.008555,0.00693166666666667,0.00820333333333333,0.00622166666666667,0.00511166666666667,0.00326166666666667,0.00396833333333333,0.002125,0.00168666666666667,0.00429333333333333,0.00170833333333333,0.00138333333333333,0,0.00103166666666667,0.000631666666666667,0.000658333333333333,0.000678333333333333,0.00019,0.000236666666666667,0.000425,0,0.000423333333333333,0.000421666666666667,0,0,0,0,0,0.0000433333333333333,0.000126666666666667,0.000136666666666667,0.000146666666666667,0.000156666666666667,0.000166666666666667,0.00005,0,1,0,0,0,0,0,0,1,1,1,1,1,1,1,1,1,1,1,1,1,1,1,1,1,1,1,1,1,1,1,1,1,1,1,1,1,1,1,1,1,1,1,1,1,1,1,1,1,1,1,1,1,1,1,1,1,1,1,1,1,1,1,1,1,1,1,1,1,1,1,1,1,1,1,1,1,1,1,1,0
2026-07-05 08:00:00,33.0006860833333,0,0,0,0,0,0,0.0266916666666667,1.41351,5.91143333333333,7.28089166666667,4.907345,3.4442,2.788915,2.57626833333333,1.84838666666667,0.826648333333333,0.356706666666667,0.190208333333333,0.127753333333333,0.117363333333333,0.110475,0.13679,0.122595,0.101901666666667,0.0856633333333333,0.0664233333333333,0.0608066666666667,0.0690816666666667,0.0598766666666667,0.0541616666666667,0.0520783333333333,0.0561133333333333,0.0357366666666667,0.0428133333333333,0.0396766666666667,0.0280616666666667,0.0227216666666667,0.0176633333333333,0.0142283333333333,0.01215,0.01227,0.00885333333333333,0.00722666666666667,0.005075,0.00655,0.00750333333333333,0.00251666666666667,0.00337166666666667,0.00369333333333333,0.00357666666666667,0.00167166666666667,0.000843333333333333,0.000361666666666667,0.00179666666666667,0.002915,0.000561666666666667,0.00100333333333333,0.000631666666666667,0.000055,0.000853333333333333,0,0.00085,0,0.000423333333333333,0,0,0,0,0.000416666666666667,0.000415,0,0.0000433333333333333,0.000126666666666667,0.000136666666666667,0.000146666666666667,0.000156666666666667,0.000166666666666667,0.00005,0,1,0,0,0,0,0,0,1,1,1,1,1,1,1,1,1,1,1,1,1,1,1,1,1,1,1,1,1,1,1,1,1,1,1,1,1,1,1,1,1,1,1,1,1,1,1,1,1,1,1,1,1,1,1,1,1,1,1,1,1,1,1,1,1,1,1,1,1,1,1,1,1,1,1,1,1,1,1,1,0
2026-07-05 09:00:00,37.7698727666667,0,0,0,0,0,0,0.03125,1.94743333333333,7.52614333333333,8.89210833333333,5.72433,3.82275166666667,2.95094666666667,2.67340833333333,1.57463333333333,0.56936,0.335223333333333,0.177478333333333,0.124783333333333,0.098825,0.0966366666666667,0.11717,0.1021,0.0872166666666667,0.07665,0.0685633333333333,0.0644883333333333,0.061935,0.0453766666666667,0.0590316666666667,0.0489266666666667,0.0516716666666667,0.03859,0.033435,0.0291133333333333,0.027455,0.025615,0.02484,0.0125816666666667,0.01397,0.00907166666666667,0.00517666666666667,0.00560333333333333,0.00672333333333333,0.00717333333333333,0.00452,0.00252333333333333,0.002465,0.00249333333333333,0.00274833333333333,0.000868333333333333,0.00125333333333333,0.00252166666666667,0.00248333333333333,0.000986666666666667,0.000481666666666667,0.00043,0.000746666666666667,0.000285,0.00110666666666667,0.00104333333333333,0.00056,0.000101666666666667,0.000423333333333333,0.000421666666666667,0,0,0,0,0.000415,0,0.0000216666666666667,0.0000633333333333333,0.0000683333333333333,0.0000733333333333333,0.0000783333333333333,0.0000833333333333333,0.000025,0,1,0,0,0,0,0,0,1,1,1,1,1,1,1,1,1,1,1,1,1,1,1,1,1,1,1,1,1,1,1,1,1,1,1,1,1,1,1,1,1,1,1,1,1,1,1,1,1,1,1,1,1,1,1,1,1,1,1,1,1,1,1,1,1,1,1,1,1,1,1,1,1,1,1,1,1,1,1,1,0
2026-07-05 10:00:00,42.5128217333333,0,0,0,0,0,0,0.043595,2.22366166666667,8.93956166666667,10.6411916666667,6.63538666666667,4.24557,3.2402,2.88502333333333,1.62366,0.60262,0.326773333333333,0.153351666666667,0.125328333333333,0.0939483333333333,0.102738333333333,0.117015,0.0916883333333333,0.0730666666666667,0.0615483333333333,0.0596283333333333,0.064395,0.0563983333333333,0.0461116666666667,0.0524433333333333,0.0405716666666667,0.0411,0.038575,0.032025,0.032085,0.02633,0.0189883333333333,0.0177383333333333,0.015625,0.01243,0.00984666666666667,0.008245,0.00503833333333333,0.00448666666666667,0.00379333333333333,0.00529666666666667,0.00506833333333333,0.00289833333333333,0.00254666666666667,0.00282,0.00202166666666667,0.00164,0.001225,0.00100333333333333,0.00248333333333333,0.001395,0.000171666666666667,0.00106,0.000911666666666667,0.000855,0.000616666666666667,0.000236666666666667,0,0.00123166666666667,0.0000383333333333333,0.000566666666666667,0.000276666666666667,0,0,0,0.000413333333333333,0,0,0,0,0,0,0,0,1,0,0,0,0,0,0,1,1,1,1,1,1,1,1,1,1,1,1,1,1,1,1,1,1,1,1,1,1,1,1,1,1,1,1,1,1,1,1,1,1,1,1,1,1,1,1,1,1,1,1,1,1,1,1,1,1,1,1,1,1,1,1,1,1,1,1,1,1,1,1,1,1,1,1,1,1,1,1,0
2026-07-05 11:00:00,43.4513628,0,0,0,0,0,0,0.0445283333333333,2.34710333333333,9.57915166666667,11.18799,6.66974166666667,4.14213666666667,3.12809333333333,2.80937,1.500385,0.648503333333333,0.306811666666667,0.153483333333333,0.111071666666667,0.0904416666666667,0.07846,0.0856733333333333,0.0707266666666667,0.0587316666666667,0.0472983333333333,0.041205,0.038465,0.0409216666666667,0.041555,0.0277933333333333,0.0283366666666667,0.0275566666666667,0.0261033333333333,0.01742,0.0188233333333333,0.0195783333333333,0.0217116666666667,0.012965,0.0105083333333333,0.0168466666666667,0.00723333333333333,0.00450666666666667,0.00822,0.00469833333333333,0.003915,0.001235,0.003545,0.004405,0.00249333333333333,0.001045,0.00249666666666667,0.00127666666666667,0.001225,0.00266,0.00205166666666667,0.000131666666666667,0.00143333333333333,0.001435,0.000538333333333333,0.00128166666666667,0.00104333333333333,0.000985,0.000913333333333333,0.000461666666666667,0.00104,0.00106833333333333,0,0.000796666666666667,0.000453333333333333,0,0.00016,0.000296666666666667,0.000126666666666667,0.000136666666666667,0.000146666666666667,0.000156666666666667,0.000166666666666667,0.00005,0,1,0,0,0,0,0,0,1,1,1,1,1,1,1,1,1,1,1,1,1,1,1,1,1,1,1,1,1,1,1,1,1,1,1,1,1,1,1,1,1,1,1,1,1,1,1,1,1,1,1,1,1,1,1,1,1,1,1,1,1,1,1,1,1,1,1,1,1,1,1,1,1,1,1,1,1,1,1,1,0
2026-07-05 12:00:00,41.2570186,0,0,0,0,0,0,0.04521,2.47281333333333,9.73998166666667,10.9616633333333,6.15358333333333,3.61229166666667,2.68401333333333,2.365525,1.25328166666667,0.613348333333333,0.25781,0.132776666666667,0.0919066666666667,0.0610166666666667,0.06155,0.0756616666666667,0.0574216666666667,0.0413866666666667,0.0314,0.0256216666666667,0.031335,0.0302983333333333,0.0284633333333333,0.0261583333333333,0.0215466666666667,0.0223083333333333,0.0205383333333333,0.0161233333333333,0.0151183333333333,0.0138,0.0136183333333333,0.00909833333333333,0.008885,0.00777,0.004715,0.00301333333333333,0.004915,0.00205833333333333,0.00237,0.00230666666666667,0.00318,0.00465666666666667,0.000966666666666667,0.00487666666666667,0.00253833333333333,0.00212,0.00161,0.00177833333333333,0.00138333333333333,0.000486666666666667,0.00295333333333333,0.001605,0.00081,0.00143333333333333,0.000806666666666667,0.00174833333333333,0,0.000385,0.0000383333333333333,0.000705,0.000846666666666667,0.000131666666666667,0.000416666666666667,0.00100333333333333,0.00024,0.000108333333333333,0.000316666666666667,0.000341666666666667,0.000366666666666667,0.000391666666666667,0.000416666666666667,0.000125,0,1,0,0,0,0,0,0,1,1,1,1,1,1,1,1,1,1,1,1,1,1,1,1,1,1,1,1,1,1,1,1,1,1,1,1,1,1,1,1,1,1,1,1,1,1,1,1,1,1,1,1,1,1,1,1,1,1,1,1,1,1,1,1,1,1,1,1,1,1,1,1,1,1,1,1,1,1,1,1,0
2026-07-05 13:00:00,44.41082955,0,0,0,0,0,0,0.0376566666666667,2.47653,9.89181166666667,11.342725,6.59212833333333,4.07911333333333,3.15012833333333,2.84689333333333,1.63964,0.876851666666667,0.353153333333333,0.18564,0.11438,0.0861483333333333,0.077445,0.0824566666666667,0.0669733333333333,0.0529066666666667,0.0430533333333333,0.0324733333333333,0.0308933333333333,0.0284383333333333,0.0311316666666667,0.030765,0.0230666666666667,0.0190316666666667,0.01846,0.01263,0.012175,0.0155933333333333,0.0136266666666667,0.00920166666666667,0.00799333333333333,0.00524666666666667,0.00778166666666667,0.00885,0.00384166666666667,0.00528666666666667,0.00303,0.002945,0.00223666666666667,0.001885,0.0026,0.00138333333333333,0.00258166666666667,0.00289333333333333,0.00215833333333333,0.00170833333333333,0.000898333333333333,0.000911666666666667,0.00043,0.000856666666666667,0.001285,0.000855,0.000426666666666667,0.000425,0.000425,0,0.000423333333333333,0.000705,0.000558333333333333,0,0,0.000415,0.000573333333333333,0.000296666666666667,0.000126666666666667,0.000136666666666667,0.000146666666666667,0.000156666666666667,0.000166666666666667,0.00005,0,1,0,0,0,0,0,0,1,1,1,1,1,1,1,1,1,1,1,1,1,1,1,1,1,1,1,1,1,1,1,1,1,1,1,1,1,1,1,1,1,1,1,1,1,1,1,1,1,1,1,1,1,1,1,1,1,1,1,1,1,1,1,1,1,1,1,1,1,1,1,1,1,1,1,1,1,1,1,1,0
2026-07-05 14:00:00,36.8013961333333,0,0,0,0,0,0,0.03026,1.82376166666667,7.277425,8.54215833333333,5.43835333333333,3.73575,3.03767166666667,2.6638,1.79348833333333,0.98246,0.361655,0.177205,0.0950416666666667,0.0684466666666667,0.06869,0.0677033333333333,0.0573333333333333,0.04599,0.0364016666666667,0.033355,0.0327483333333333,0.0224516666666667,0.0191833333333333,0.02671,0.0143033333333333,0.0202316666666667,0.0163733333333333,0.0161316666666667,0.0125933333333333,0.0142716666666667,0.01208,0.00834666666666667,0.00541666666666667,0.0062,0.00438166666666667,0.00344833333333333,0.00371,0.00513666666666667,0.002465,0.00484666666666667,0.00267166666666667,0.00219333333333333,0.00221333333333333,0.00146333333333333,0.00295,0,0.00288166666666667,0.00221,0.00381333333333333,0.00104333333333333,0.000745,0.000946666666666667,0.000175,0.001535,0.000853333333333333,0.000323333333333333,0.000101666666666667,0.000808333333333333,0.0000383333333333333,0.000421666666666667,0.000865,0.000395,0.000416666666666667,0,0.00016,0.000318333333333333,0.00019,0.000205,0.00022,0.000235,0.00025,0.000075,0,1,0,0,0,0,0,0,1,1,1,1,1,1,1,1,1,1,1,1,1,1,1,1,1,1,1,1,1,1,1,1,1,1,1,1,1,1,1,1,1,1,1,1,1,1,1,1,1,1,1,1,1,1,1,1,1,1,1,1,1,1,1,1,1,1,1,1,1,1,1,1,1,1,1,1,1,1,1,1,0
2026-07-05 15:00:00,32.0321948833333,0,0,0,0,0,0,0.0199916666666667,1.18118666666667,5.28005666666667,7.09314166666667,4.998535,3.65605,3.11126666666667,2.87011166666667,1.78062833333333,1.08038833333333,0.372581666666667,0.176976666666667,0.112601666666667,0.0842633333333333,0.0702433333333333,0.0844366666666667,0.0693883333333333,0.054165,0.0457466666666667,0.0354033333333333,0.033135,0.0311516666666667,0.0261133333333333,0.026255,0.0200933333333333,0.0180683333333333,0.017955,0.0142183333333333,0.0177966666666667,0.016085,0.0100166666666667,0.00735,0.007235,0.00557333333333333,0.00438666666666667,0.00367166666666667,0.00538666666666667,0.00413833333333333,0.003195,0.004015,0.00376,0.00117833333333333,0.0014,0.000585,0.00204166666666667,0,0.00194833333333333,0.000641666666666667,0.00167333333333333,0.0018,0.00143333333333333,0.00154666666666667,0,0.000428333333333333,0.000426666666666667,0.000323333333333333,0.000526666666666667,0.00077,0.0000766666666666667,0,0,0.000418333333333333,0,0.000415,0.00016,0.000773333333333333,0.000316666666666667,0.000341666666666667,0.000366666666666667,0.000391666666666667,0.000416666666666667,0.000125,0,1,0,0,0,0,0,0,1,1,1,1,1,1,1,1,1,1,1,1,1,1,1,1,1,1,1,1,1,1,1,1,1,1,1,1,1,1,1,1,1,1,1,1,1,1,1,1,1,1,1,1,1,1,1,1,1,1,1,1,1,1,1,1,1,1,1,1,1,1,1,1,1,1,1,1,1,1,1,1,0
2026-07-05 16:00:00,28.43548255,0,0,0,0,0,0,0.0121833333333333,1.009795,4.68995,6.28441666666667,4.28966666666667,3.14359833333333,2.70866833333333,2.34802666666667,1.67369,0.991558333333333,0.304986666666667,0.1532,0.0835133333333333,0.07489,0.0720816666666667,0.0744916666666667,0.0686333333333333,0.0559983333333333,0.04272,0.0366766666666667,0.0280433333333333,0.0325866666666667,0.0291083333333333,0.02775,0.0169066666666667,0.01941,0.0156283333333333,0.0158716666666667,0.0161883333333333,0.014095,0.0152666666666667,0.0129766666666667,0.00832833333333333,0.00700666666666667,0.00678833333333333,0.00405333333333333,0.00550333333333333,0.004265,0.004695,0.00319166666666667,0.00470666666666667,0.00293666666666667,0.002855,0.00311666666666667,0.00472666666666667,0.00253,0.002835,0.00141666666666667,0.00138333333333333,0.000888333333333333,0.00100333333333333,0.000631666666666667,0.00237333333333333,0.000251666666666667,0.00128,0.000748333333333333,0.000526666666666667,0,0.000346666666666667,0.000075,0.000288333333333333,0.000131666666666667,0.00125,0.00083,0.000413333333333333,0.000173333333333333,0.000506666666666667,0.000546666666666667,0.000586666666666667,0.000626666666666667,0.000666666666666667,0.0002,0,1,0,0,0,0,0,0,1,1,1,1,1,1,1,1,1,1,1,1,1,1,1,1,1,1,1,1,1,1,1,1,1,1,1,1,1,1,1,1,1,1,1,1,1,1,1,1,1,1,1,1,1,1,1,1,1,1,1,1,1,1,1,1,1,1,1,1,1,1,1,1,1,1,1,1,1,1,1,1,0
2026-07-05 17:00:00,29.22584265,0,0,0,0,0,0,0.0168983333333333,1.00093333333333,4.470285,6.18008333333333,4.47946666666667,3.55623,3.077045,2.76541833333333,1.36767333333333,0.6669,0.323463333333333,0.166606666666667,0.109916666666667,0.0891183333333333,0.09171,0.0962033333333333,0.0729383333333333,0.0609266666666667,0.0478733333333333,0.0396966666666667,0.04336,0.0380166666666667,0.033425,0.0357416666666667,0.0295066666666667,0.0217933333333333,0.0187283333333333,0.0140716666666667,0.0164633333333333,0.01577,0.012715,0.0131416666666667,0.0104316666666667,0.00568333333333333,0.00558,0.00413666666666667,0.00246333333333333,0.000966666666666667,0.00658833333333333,0.004505,0.00172833333333333,0.00264666666666667,0.0041,0.00546166666666667,0.00284666666666667,0.00125333333333333,0.00319666666666667,0.00278166666666667,0.00219333333333333,0.00137,0.001175,0.00132,0.00134,0.000426666666666667,0.00019,0.000661666666666667,0.000811666666666667,0.000461666666666667,0.000423333333333333,0.00112666666666667,0.000715,0.000661666666666667,0.0000183333333333333,0.00166166666666667,0.000986666666666667,0.00034,0.000253333333333333,0.000273333333333333,0.000293333333333333,0.000313333333333333,0.000333333333333333,0.0001,0,1,0,0,0,0,0,0,1,1,1,1,1,1,1,1,1,1,1,1,1,1,1,1,1,1,1,1,1,1,1,1,1,1,1,1,1,1,1,1,1,1,1,1,1,1,1,1,1,1,1,1,1,1,1,1,1,1,1,1,1,1,1,1,1,1,1,1,1,1,1,1,1,1,1,1,1,1,1,1,0
2026-07-05 18:00:00,26.9223063666667,0,0,0,0,0,0,0.010235,0.830348333333333,3.89943,5.62267833333333,4.1621,3.29212166666667,2.86663833333333,2.55692666666667,1.11635,0.665811666666667,0.344013333333333,0.189613333333333,0.114801666666667,0.103256666666667,0.0849316666666667,0.0980083333333333,0.0872516666666667,0.0736883333333333,0.0470366666666667,0.04213,0.0412433333333333,0.0374716666666667,0.02984,0.03821,0.0252116666666667,0.025795,0.02479,0.01972,0.01904,0.0155483333333333,0.01518,0.0142266666666667,0.0119083333333333,0.00705666666666667,0.00668333333333333,0.00561,0.00375166666666667,0.00578833333333333,0.00232333333333333,0.00372166666666667,0.00347166666666667,0.00349666666666667,0.00134666666666667,0.00224666666666667,0.00177666666666667,0.00255333333333333,0.00208833333333333,0.00170833333333333,0.001815,0.00177666666666667,0.00252333333333333,0.00043,0.00231666666666667,0.001105,0.000853333333333333,0.000748333333333333,0.00137666666666667,0.00127,0,0.000421666666666667,0,0.000836666666666667,0,0.00100333333333333,0.00024,0.0000866666666666667,0.000253333333333333,0.000273333333333333,0.000293333333333333,0.000313333333333333,0.000333333333333333,0.0001,0,1,0,0,0,0,0,0,1,1,1,1,1,1,1,1,1,1,1,1,1,1,1,1,1,1,1,1,1,1,1,1,1,1,1,1,1,1,1,1,1,1,1,1,1,1,1,1,1,1,1,1,1,1,1,1,1,1,1,1,1,1,1,1,1,1,1,1,1,1,1,1,1,1,1,1,1,1,1,1,0
2026-07-05 19:00:00,28.0718736,0,0,0,0,0,0,0.01297,0.906806666666667,4.25041833333333,5.913655,4.37573166666667,3.45191666666667,3.08444166666667,2.6692,1.19782,0.67216,0.36794,0.186868333333333,0.136856666666667,0.109826666666667,0.104266666666667,0.114048333333333,0.0898716666666667,0.0631333333333333,0.049025,0.0456466666666667,0.0465233333333333,0.0348566666666667,0.033265,0.03483,0.02422,0.0220166666666667,0.0255733333333333,0.0238166666666667,0.0198183333333333,0.01594,0.0155316666666667,0.01595,0.0158933333333333,0.00934333333333333,0.00809166666666667,0.004735,0.00445166666666667,0.00404666666666667,0.00185833333333333,0.00365,0.00441166666666667,0.00262666666666667,0.00183333333333333,0.00236,0.00373333333333333,0.00082,0.00242666666666667,0.00219166666666667,0.00266,0.00142166666666667,0.00169166666666667,0.00086,0.00171333333333333,0.000426666666666667,0.00170666666666667,0.00117333333333333,0.000526666666666667,0.000846666666666667,0.00168666666666667,0,0,0,0.00064,0.000366666666666667,0.000653333333333333,0.000455,0.000126666666666667,0.000136666666666667,0.000146666666666667,0.000156666666666667,0.000166666666666667,0.00005,0,1,0,0,0,0,0,0,1,1,1,1,1,1,1,1,1,1,1,1,1,1,1,1,1,1,1,1,1,1,1,1,1,1,1,1,1,1,1,1,1,1,1,1,1,1,1,1,1,1,1,1,1,1,1,1,1,1,1,1,1,1,1,1,1,1,1,1,1,1,1,1,1,1,1,1,1,1,1,1,0
2026-07-05 20:00:00,27.7473144833333,0,0,0,0,0,0,0.011105,0.805578333333333,3.78892333333333,5.62796666666667,4.35542,3.42849333333333,3.02259166666667,2.671865,1.29758166666667,0.766871666666667,0.435031666666667,0.218033333333333,0.137311666666667,0.0948333333333333,0.101531666666667,0.120405,0.107011666666667,0.0832966666666667,0.0595183333333333,0.0486516666666667,0.041655,0.0377866666666667,0.0332866666666667,0.0345833333333333,0.02315,0.0245783333333333,0.0256866666666667,0.023365,0.02145,0.0141016666666667,0.0161733333333333,0.0154066666666667,0.0123066666666667,0.0132333333333333,0.00723,0.00583833333333333,0.00514666666666667,0.00376666666666667,0.00283666666666667,0.00187166666666667,0.00289333333333333,0.00326166666666667,0.00221333333333333,0.000935,0.000391666666666667,0.000843333333333333,0.00131833333333333,0.00120666666666667,0.00133,0.00139833333333333,0.001405,0.00111666666666667,0.000603333333333333,0.00153166666666667,0.00189666666666667,0.00151166666666667,0,0.000808333333333333,0.000883333333333333,0.000843333333333333,0,0,0,0,0,0.0000866666666666667,0.000253333333333333,0.000273333333333333,0.000293333333333333,0.000313333333333333,0.000333333333333333,0.0001,0,1,0,0,0,0,0,0,1,1,1,1,1,1,1,1,1,1,1,1,1,1,1,1,1,1,1,1,1,1,1,1,1,1,1,1,1,1,1,1,1,1,1,1,1,1,1,1,1,1,1,1,1,1,1,1,1,1,1,1,1,1,1,1,1,1,1,1,1,1,1,1,1,1,1,1,1,1,1,1,0
2026-07-05 21:00:00,27.80306555,0,0,0,0,0,0,0.0112383333333333,0.802215,4.02500333333333,6.15725166666667,4.60258666666667,3.47042166666667,2.84195166666667,2.54949833333333,1.17214833333333,0.628351666666667,0.348495,0.190691666666667,0.133816666666667,0.108053333333333,0.10187,0.105706666666667,0.0944416666666667,0.074905,0.0601333333333333,0.0395966666666667,0.040025,0.0373483333333333,0.0338833333333333,0.0381033333333333,0.0245033333333333,0.02825,0.0267783333333333,0.0217333333333333,0.0231666666666667,0.0213433333333333,0.0199416666666667,0.0123583333333333,0.00964333333333333,0.00940666666666667,0.00439,0.00717166666666667,0.00400333333333333,0.00618666666666667,0.00501166666666667,0.00331666666666667,0.00376666666666667,0.00145,0.00255,0.002695,0.00216833333333333,0.00335,0.0005,0.00207,0.000845,0.000131666666666667,0.00143333333333333,0.001545,0.00103166666666667,0.000678333333333333,0.000426666666666667,0.000425,0,0.00077,0.0000766666666666667,0,0.00042,0,0,0,0.00016,0.000296666666666667,0.000126666666666667,0.000136666666666667,0.000146666666666667,0.000156666666666667,0.000166666666666667,0.00005,0,1,0,0,0,0,0,0,1,1,1,1,1,1,1,1,1,1,1,1,1,1,1,1,1,1,1,1,1,1,1,1,1,1,1,1,1,1,1,1,1,1,1,1,1,1,1,1,1,1,1,1,1,1,1,1,1,1,1,1,1,1,1,1,1,1,1,1,1,1,1,1,1,1,1,1,1,1,1,1,0
2026-07-05 22:00:00,25.3406224,0,0,0,0,0,0,0.0127433333333333,0.75426,3.73393,5.945575,4.37265,3.13613,2.48267833333333,2.18478833333333,1.00338333333333,0.490248333333333,0.268701666666667,0.141688333333333,0.09567,0.0759766666666667,0.0662933333333333,0.0682883333333333,0.0621316666666667,0.04687,0.0352233333333333,0.0305783333333333,0.0274366666666667,0.032485,0.0236416666666667,0.0277,0.0141366666666667,0.0212233333333333,0.0193133333333333,0.0144966666666667,0.0116083333333333,0.0155116666666667,0.0147883333333333,0.00713666666666667,0.00555333333333333,0.00878333333333333,0.00612666666666667,0.00452,0.00508,0.004755,0.00470833333333333,0.00461333333333333,0.00404666666666667,0.00232,0.00216666666666667,0.001775,0.000846666666666667,0.00168666666666667,0.000746666666666667,0.001435,0.000431666666666667,0.000888333333333333,0.00126166666666667,0.000858333333333333,0.000603333333333333,0.00110833333333333,0.000616666666666667,0.000236666666666667,0,0.000846666666666667,0,0,0.000288333333333333,0.000131666666666667,0,0,0,0,0,0,0,0,0,0,0,1,0,0,0,0,0,0,1,1,1,1,1,1,1,1,1,1,1,1,1,1,1,1,1,1,1,1,1,1,1,1,1,1,1,1,1,1,1,1,1,1,1,1,1,1,1,1,1,1,1,1,1,1,1,1,1,1,1,1,1,1,1,1,1,1,1,1,1,1,1,1,1,1,1,1,1,1,1,1,0
2026-07-05 23:00:00,31.0283388666667,0,0,0,0,0,0,0.0135,0.85201,4.30335666666667,6.989175,5.60096666666667,3.98885833333333,3.08828,2.71213166666667,1.357975,0.626531666666667,0.376468333333333,0.197753333333333,0.13166,0.0961633333333333,0.096365,0.0913233333333333,0.0771183333333333,0.0550766666666667,0.0483083333333333,0.0390633333333333,0.0449933333333333,0.0415166666666667,0.030315,0.0314833333333333,0.021435,0.0234233333333333,0.0169916666666667,0.0162666666666667,0.0131133333333333,0.01674,0.0121783333333333,0.00765166666666667,0.00964333333333333,0.00842333333333333,0.00733833333333333,0.00644333333333333,0.00562666666666667,0.00249333333333333,0.00492666666666667,0.0049,0.00151,0.003535,0.00122,0.00357666666666667,0.00167166666666667,0.000843333333333333,0.001295,0.00302166666666667,0.00124166666666667,0.00134166666666667,0.00086,0.00123166666666667,0.000483333333333333,0.000853333333333333,0.00019,0.000661666666666667,0,0.000423333333333333,0,0.000421666666666667,0,0,0.000416666666666667,0,0,0.000455,0.000126666666666667,0.000136666666666667,0.000146666666666667,0.000156666666666667,0.000166666666666667,0.00005,0,1,0,0,0,0,0,0,1,1,1,1,1,1,1,1,1,1,1,1,1,1,1,1,1,1,1,1,1,1,1,1,1,1,1,1,1,1,1,1,1,1,1,1,1,1,1,1,1,1,1,1,1,1,1,1,1,1,1,1,1,1,1,1,1,1,1,1,1,1,1,1,1,1,1,1,1,1,1,1,0
2026-07-06,58.9751231333333,0,0,0,0,0,0,0.018845,1.36197166666667,6.89002,12.2867816666667,11.4926833333333,8.780635,6.33326666666667,4.95526666666667,2.97443166666667,1.09018666666667,0.510188333333333,0.258026666666667,0.176521666666667,0.131823333333333,0.124513333333333,0.132881666666667,0.103901666666667,0.0955783333333333,0.0662983333333333,0.0551416666666667,0.0541183333333333,0.0521383333333333,0.034915,0.047065,0.0384516666666667,0.030675,0.02656,0.0263133333333333,0.02348,0.0231366666666667,0.0174616666666667,0.0180333333333333,0.0147983333333333,0.0122666666666667,0.00897166666666667,0.00517,0.00679166666666667,0.00554,0.003695,0.00285,0.00593666666666667,0.00735666666666667,0.00496,0.00281666666666667,0.00344833333333333,0.00205,0.002065,0.000915,0.00203333333333333,0.001555,0.00123333333333333,0.000428333333333333,0.000856666666666667,0.000428333333333333,0,0.00117333333333333,0.000526666666666667,0,0.000346666666666667,0.001485,0.000276666666666667,0.000836666666666667,0.00064,0.000193333333333333,0,0.000411666666666667,0,0,0,0,0,0,0,1,0,0,0,0,0,0,1,1,1,1,1,1,1,1,1,1,1,1,1,1,1,1,1,1,1,1,1,1,1,1,1,1,1,1,1,1,1,1,1,1,1,1,1,1,1,1,1,1,1,1,1,1,1,1,1,1,1,1,1,1,1,1,1,1,1,1,1,1,1,1,1,1,1,1,1,1,1,1,0
2026-07-06 01:00:00,81.9555574833333,0,0,0,0,0,0,0.0216333333333333,1.86385833333333,9.04856666666667,15.8480183333333,15.656315,12.9862366666667,9.60259833333333,6.98984666666667,5.00378833333333,2.23004,0.660008333333333,0.328673333333333,0.178796666666667,0.150648333333333,0.123195,0.1179,0.125896666666667,0.08557,0.0714433333333333,0.05725,0.04947,0.05399,0.045725,0.04052,0.04239,0.0416966666666667,0.02683,0.0254433333333333,0.0308483333333333,0.0267833333333333,0.0219733333333333,0.02036,0.01127,0.0110816666666667,0.0131533333333333,0.00863666666666667,0.005375,0.00423333333333333,0.005795,0.0065,0.00513,0.00570833333333333,0.00287333333333333,0.00192333333333333,0.00295,0.000843333333333333,0.00124833333333333,0.00360333333333333,0.000783333333333333,0.00215,0.000171666666666667,0.00191833333333333,0.000483333333333333,0.000426666666666667,0.000426666666666667,0.00117333333333333,0.000951666666666667,0,0.000423333333333333,0.000843333333333333,0,0,0,0,0,0,0,0,0,0,0,0,0,1,0,0,0,0,0,0,1,1,1,1,1,1,1,1,1,1,1,1,1,1,1,1,1,1,1,1,1,1,1,1,1,1,1,1,1,1,1,1,1,1,1,1,1,1,1,1,1,1,1,1,1,1,1,1,1,1,1,1,1,1,1,1,1,1,1,1,1,1,1,1,1,1,1,1,1,1,1,1,0
2026-07-06 02:00:00,98.9707101166667,0,0,0,0,0,0,0.03262,2.15025333333333,10.25044,17.05355,17.29937,15.9208716666667,12.9419833333333,9.82735666666667,7.30185,3.248945,0.895383333333333,0.402956666666667,0.221555,0.14377,0.14526,0.141211666666667,0.131308333333333,0.0969133333333333,0.074915,0.0620733333333333,0.046885,0.0493083333333333,0.0398983333333333,0.0416416666666667,0.0319883333333333,0.037475,0.0263966666666667,0.0275116666666667,0.0255666666666667,0.01852,0.0178083333333333,0.01987,0.0163316666666667,0.01371,0.0111533333333333,0.005855,0.00475666666666667,0.00566833333333333,0.00620666666666667,0.00481666666666667,0.00426,0.00453,0.00239333333333333,0.00275166666666667,0.00379666666666667,0.00164,0.00252,0.00134666666666667,0.00208666666666667,0.001445,0.00043,0,0.000428333333333333,0.00128,0.000426666666666667,0.000323333333333333,0.000526666666666667,0.00077,0.0005,0,0.000288333333333333,0.000131666666666667,0,0,0.000413333333333333,0,0,0,0,0,0,0,0,1,0,0,0,0,0,0,1,1,1,1,1,1,1,1,1,1,1,1,1,1,1,1,1,1,1,1,1,1,1,1,1,1,1,1,1,1,1,1,1,1,1,1,1,1,1,1,1,1,1,1,1,1,1,1,1,1,1,1,1,1,1,1,1,1,1,1,1,1,1,1,1,1,1,1,1,1,1,1,0
2026-07-06 03:00:00,91.7127062333333,0,0,0,0,0,0,0.030185,1.96938166666667,9.38333833333333,15.2122066666667,14.96132,13.6575233333333,12.268775,10.0078166666667,8.33520333333333,3.768655,0.922543333333333,0.410801666666667,0.196263333333333,0.152425,0.13604,0.127386666666667,0.110041666666667,0.075065,0.0571266666666667,0.0437416666666667,0.03798,0.0411633333333333,0.0318766666666667,0.0394533333333333,0.03193,0.0305183333333333,0.0255533333333333,0.0232583333333333,0.0193466666666667,0.0215466666666667,0.0145533333333333,0.0125933333333333,0.0130616666666667,0.00806666666666667,0.008325,0.00430833333333333,0.00586333333333333,0.00737666666666667,0.00564166666666667,0.00578,0.00403833333333333,0.00190333333333333,0.003515,0.00319666666666667,0.00167166666666667,0.00127666666666667,0.00158666666666667,0.00186666666666667,0.000863333333333333,0.00043,0.00086,0.00086,0.001285,0.000426666666666667,0.000853333333333333,0,0,0.000423333333333333,0.000423333333333333,0.000421666666666667,0,0.000418333333333333,0,0.000415,0.000826666666666667,0,0,0,0,0,0,0,0,1,0,0,0,0,0,0,1,1,1,1,1,1,1,1,1,1,1,1,1,1,1,1,1,1,1,1,1,1,1,1,1,1,1,1,1,1,1,1,1,1,1,1,1,1,1,1,1,1,1,1,1,1,1,1,1,1,1,1,1,1,1,1,1,1,1,1,1,1,1,1,1,1,1,1,1,1,1,1,0
2026-07-06 04:00:00,78.7235709166667,0,0,0,0,0,0,0.0210166666666667,1.57967666666667,7.61443833333333,12.5570183333333,11.7613733333333,10.7609466666667,9.98011333333333,9.01350666666667,8.33567666666667,4.47878166666667,0.954393333333333,0.442111666666667,0.225488333333333,0.150843333333333,0.128671666666667,0.108213333333333,0.104786666666667,0.0802966666666667,0.0513233333333333,0.0379333333333333,0.0371266666666667,0.0387383333333333,0.027025,0.0290583333333333,0.0234216666666667,0.0289266666666667,0.0222483333333333,0.0161683333333333,0.02164,0.0166183333333333,0.0140233333333333,0.00999166666666667,0.00547333333333333,0.00855,0.006025,0.00755333333333333,0.00783,0.00819166666666667,0.00171166666666667,0.00355833333333333,0.00231,0.00279166666666667,0.00236666666666667,0.00147833333333333,0.00293,0.00125333333333333,0.00161,0.00125833333333333,0.00104,0.00086,0.00146166666666667,0.000631666666666667,0.000055,0.000426666666666667,0.00213333333333333,0,0,0,0.000421666666666667,0,0.000288333333333333,0.000131666666666667,0,0,0,0.0000216666666666667,0.0000633333333333333,0.0000683333333333333,0.0000733333333333333,0.0000783333333333333,0.0000833333333333333,0.000025,0,1,0,0,0,0,0,0,1,1,1,1,1,1,1,1,1,1,1,1,1,1,1,1,1,1,1,1,1,1,1,1,1,1,1,1,1,1,1,1,1,1,1,1,1,1,1,1,1,1,1,1,1,1,1,1,1,1,1,1,1,1,1,1,1,1,1,1,1,1,1,1,1,1,1,1,1,1,1,1,0
2026-07-06 05:00:00,61.0621649333333,0,0,0,0,0,0,0.0225483333333333,1.30006,6.149905,9.83354333333333,9.01630333333333,7.82985333333333,7.37553833333333,6.96908666666667,6.33154333333333,3.40975333333333,0.806076666666667,0.385045,0.183635,0.137056666666667,0.110291666666667,0.108896666666667,0.094595,0.0580166666666667,0.04855,0.040635,0.0259,0.0327666666666667,0.0206966666666667,0.0305266666666667,0.0192883333333333,0.022095,0.0162316666666667,0.012435,0.0127833333333333,0.0122083333333333,0.00874166666666667,0.00885333333333333,0.008965,0.00680666666666667,0.00624833333333333,0.00622333333333333,0.00681333333333333,0.00731166666666667,0.00616333333333333,0.00615833333333333,0.00273833333333333,0.00177666666666667,0.00404666666666667,0.00105666666666667,0.00165,0.00255333333333333,0.00134166666666667,0.00215833333333333,0.00205166666666667,0.00139333333333333,0.000601666666666667,0.000686666666666667,0,0.00128333333333333,0.00104333333333333,0.000661666666666667,0.000386666666666667,0.0000383333333333333,0.000423333333333333,0,0.00042,0.000836666666666667,0,0,0.000573333333333333,0.000361666666666667,0.000316666666666667,0.000341666666666667,0.000366666666666667,0.000391666666666667,0.000416666666666667,0.000125,0,1,0,0,0,0,0,0,1,1,1,1,1,1,1,1,1,1,1,1,1,1,1,1,1,1,1,1,1,1,1,1,1,1,1,1,1,1,1,1,1,1,1,1,1,1,1,1,1,1,1,1,1,1,1,1,1,1,1,1,1,1,1,1,1,1,1,1,1,1,1,1,1,1,1,1,1,1,1,1,0
2026-07-06 06:00:00,50.4249259166667,0,0,0,0,0,0,0.013915,1.15507666666667,5.49345166666667,8.73974333333333,7.57589666666667,6.727605,6.2143,6.20209666666667,4.68133333333333,2.163875,0.669895,0.29816,0.179858333333333,0.116706666666667,0.117226666666667,0.110086666666667,0.0852966666666667,0.0544666666666667,0.0470683333333333,0.0311933333333333,0.03019,0.02629,0.0224683333333333,0.02098,0.0191266666666667,0.0162316666666667,0.0137166666666667,0.0148616666666667,0.0104533333333333,0.0137033333333333,0.0129333333333333,0.0103316666666667,0.00645333333333333,0.00644666666666667,0.008545,0.00909666666666667,0.00712,0.00544833333333333,0.00714166666666667,0.00532,0.00390333333333333,0.004695,0.00336,0.00226166666666667,0.00260166666666667,0.00123,0.00384,0.00118833333333333,0.00309,0.00231,0.00286666666666667,0.00132,0.000483333333333333,0.000428333333333333,0.000853333333333333,0.00085,0.000425,0.000385,0.000883333333333333,0.000421666666666667,0.00042,0,0.000833333333333333,0,0.000413333333333333,0.000065,0.00019,0.000205,0.00022,0.000235,0.00025,0.000075,0,1,0,0,0,0,0,0,1,1,1,1,1,1,1,1,1,1,1,1,1,1,1,1,1,1,1,1,1,1,1,1,1,1,1,1,1,1,1,1,1,1,1,1,1,1,1,1,1,1,1,1,1,1,1,1,1,1,1,1,1,1,1,1,1,1,1,1,1,1,1,1,1,1,1,1,1,1,1,1,0
2026-07-06 07:00:00,43.6385375833333,0,0,0,0,0,0,0.0185083333333333,1.01475,4.86515333333333,7.5854,6.57583833333333,5.67058166666667,5.465575,5.89200833333333,3.20357333333333,1.07491833333333,0.570056666666667,0.276323333333333,0.183795,0.148435,0.127086666666667,0.121,0.0797883333333333,0.0560083333333333,0.0344666666666667,0.0272383333333333,0.02588,0.0228816666666667,0.0213733333333333,0.02059,0.01612,0.018105,0.01554,0.0104433333333333,0.01243,0.0128866666666667,0.010475,0.00788,0.0102233333333333,0.008375,0.00810666666666667,0.00606333333333333,0.0042,0.00361166666666667,0.00751333333333333,0.005095,0.002675,0.00545666666666667,0.00396666666666667,0.00333333333333333,0.00373333333333333,0.00171,0.00304666666666667,0.000775,0.00214,0.00185166666666667,0.00186333333333333,0.001545,0.00188833333333333,0.00110666666666667,0.000426666666666667,0,0,0.000423333333333333,0.001115,0.00015,0,0.000418333333333333,0.000416666666666667,0,0.00016,0.000361666666666667,0.000316666666666667,0.000341666666666667,0.000366666666666667,0.000391666666666667,0.000416666666666667,0.000125,0,1,0,0,0,0,0,0,1,1,1,1,1,1,1,1,1,1,1,1,1,1,1,1,1,1,1,1,1,1,1,1,1,1,1,1,1,1,1,1,1,1,1,1,1,1,1,1,1,1,1,1,1,1,1,1,1,1,1,1,1,1,1,1,1,1,1,1,1,1,1,1,1,1,1,1,1,1,1,1,0
2026-07-06 08:00:00,37.6919237,0,0,0,0,0,0,0.00903833333333333,0.810613333333333,4.03459166666667,6.33670166666667,5.59699,5.05712,4.87803166666667,5.52629666666667,2.68573166666667,1.08101666666667,0.572886666666667,0.289043333333333,0.201028333333333,0.16847,0.144591666666667,0.15054,0.07953,0.0545816666666667,0.038655,0.0278,0.0317216666666667,0.0258866666666667,0.021205,0.0207183333333333,0.0106433333333333,0.0158433333333333,0.0136033333333333,0.008325,0.0117366666666667,0.00735833333333333,0.00948666666666667,0.009655,0.00701666666666667,0.00882833333333333,0.00842833333333333,0.00495833333333333,0.01002,0.006505,0.00689333333333333,0.00553666666666667,0.006365,0.00384333333333333,0.00514333333333333,0.00389166666666667,0.00716166666666667,0.00207333333333333,0.003605,0.00200666666666667,0.00167333333333333,0.000595,0.00203666666666667,0.000858333333333333,0.00188833333333333,0.00153166666666667,0.00128,0.00245,0.000951666666666667,0.00127,0.000843333333333333,0,0.00042,0,0.000833333333333333,0.000415,0,0.000498333333333333,0.000253333333333333,0.000273333333333333,0.000293333333333333,0.000313333333333333,0.000333333333333333,0.0001,0,1,0,0,0,0,0,0,1,1,1,1,1,1,1,1,1,1,1,1,1,1,1,1,1,1,1,1,1,1,1,1,1,1,1,1,1,1,1,1,1,1,1,1,1,1,1,1,1,1,1,1,1,1,1,1,1,1,1,1,1,1,1,1,1,1,1,1,1,1,1,1,1,1,1,1,1,1,1,1,0
2026-07-06 09:00:00,42.4147506166667,0,0,0,0,0,0,0.0130633333333333,0.875331666666667,4.45589333333333,7.04324666666667,6.26628,5.42359666666667,5.3472,5.82774333333333,2.90715166666667,1.495105,0.700206666666667,0.370175,0.253438333333333,0.180333333333333,0.17503,0.18496,0.10644,0.0764216666666667,0.057775,0.0440233333333333,0.0362966666666667,0.0329483333333333,0.0220183333333333,0.0231083333333333,0.0174933333333333,0.0166583333333333,0.012655,0.013705,0.01313,0.0110083333333333,0.00710833333333333,0.00874,0.005985,0.0101033333333333,0.0114933333333333,0.00863333333333333,0.00511833333333333,0.00703333333333333,0.00670666666666667,0.006695,0.00412,0.002175,0.004255,0.00579666666666667,0.00388166666666667,0.00628833333333333,0.00388333333333333,0.00255333333333333,0.00141666666666667,0.00268833333333333,0.002695,0.00223666666666667,0.001625,0.00068,0.000853333333333333,0.000646666666666667,0.00182666666666667,0.00130833333333333,0.00123166666666667,0.000918333333333333,0.00042,0.000418333333333333,0,0.000588333333333333,0.00148,0.0000866666666666667,0.000253333333333333,0.000273333333333333,0.000293333333333333,0.000313333333333333,0.000333333333333333,0.0001,0,1,0,0,0,0,0,0,1,1,1,1,1,1,1,1,1,1,1,1,1,1,1,1,1,1,1,1,1,1,1,1,1,1,1,1,1,1,1,1,1,1,1,1,1,1,1,1,1,1,1,1,1,1,1,1,1,1,1,1,1,1,1,1,1,1,1,1,1,1,1,1,1,1,1,1,1,1,1,1,0
2026-07-06 10:00:00,52.8527409,0,0,0,0,0,0,0.0174683333333333,1.30512833333333,6.171855,9.60497333333333,7.77397,6.4189,5.85289333333333,5.98888833333333,3.90035166666667,2.30504,0.975168333333333,0.442173333333333,0.268166666666667,0.204753333333333,0.199091666666667,0.179598333333333,0.126041666666667,0.0896816666666667,0.0595966666666667,0.0541466666666667,0.0364666666666667,0.027885,0.0253133333333333,0.01567,0.0201633333333333,0.02137,0.0184816666666667,0.0129216666666667,0.0126816666666667,0.0168,0.0109683333333333,0.009345,0.007775,0.00614,0.00657166666666667,0.00839666666666667,0.00974833333333333,0.00628833333333333,0.00736833333333333,0.00726166666666667,0.00744833333333333,0.004695,0.00287333333333333,0.004915,0.00258,0.00293833333333333,0.00410666666666667,0.00191833333333333,0.00300333333333333,0.00185166666666667,0.002895,0.003035,0.00093,0.00253833333333333,0.00208666666666667,0.000898333333333333,0.00085,0.00123166666666667,0.000885,0.00154833333333333,0.000558333333333333,0.001235,0.0000183333333333333,0,0.000413333333333333,0.000195,0.00057,0.000613333333333333,0.000658333333333333,0.000705,0.000751666666666667,0.000223333333333333,0,1,0,0,0,0,0,0,1,1,1,1,1,1,1,1,1,1,1,1,1,1,1,1,1,1,1,1,1,1,1,1,1,1,1,1,1,1,1,1,1,1,1,1,1,1,1,1,1,1,1,1,1,1,1,1,1,1,1,1,1,1,1,1,1,1,1,1,1,1,1,1,1,1,1,1,1,1,1,1,0
2026-07-06 11:00:00,37.3041130166667,0,0,0,0,0,0,0.0127283333333333,0.89631,4.50940833333333,6.75866166666667,5.484005,4.44087833333333,4.00958,3.77850666666667,3.226165,2.001895,0.714235,0.335561666666667,0.187703333333333,0.141716666666667,0.121448333333333,0.114045,0.102323333333333,0.0663116666666667,0.0482383333333333,0.0303133333333333,0.0273166666666667,0.02133,0.0189316666666667,0.0188783333333333,0.0119966666666667,0.013255,0.013335,0.011,0.01414,0.00945333333333333,0.011115,0.00896833333333333,0.00598,0.00531,0.00624,0.00602833333333333,0.00645833333333333,0.00662166666666667,0.00544666666666667,0.00434166666666667,0.00607333333333333,0.00469333333333333,0.00674666666666667,0.00554166666666667,0.00553333333333333,0.00289333333333333,0.00463333333333333,0.00221,0.00214,0.00145,0.00209333333333333,0.00117666666666667,0.00353666666666667,0.000855,0.00123333333333333,0.00197166666666667,0.00059,0.00130833333333333,0.00111666666666667,0.000993333333333333,0.00084,0.000816666666666667,0.000435,0,0,0.000563333333333333,0.000443333333333333,0.000478333333333333,0.000513333333333333,0.000548333333333333,0.000583333333333333,0.000175,0,1,0,0,0,0,0,0,1,1,1,1,1,1,1,1,1,1,1,1,1,1,1,1,1,1,1,1,1,1,1,1,1,1,1,1,1,1,1,1,1,1,1,1,1,1,1,1,1,1,1,1,1,1,1,1,1,1,1,1,1,1,1,1,1,1,1,1,1,1,1,1,1,1,1,1,1,1,1,1,0
2026-07-06 12:00:00,32.55626685,0,0,0,0,0,0,0.0103283333333333,0.750951666666667,3.733655,5.73453,4.79062333333333,3.87455333333333,3.36689,3.30006166666667,3.18126,1.982625,0.607848333333333,0.287505,0.157598333333333,0.109275,0.100831666666667,0.11012,0.105655,0.0648733333333333,0.0439066666666667,0.0278866666666667,0.02359,0.01911,0.020525,0.0182283333333333,0.0147883333333333,0.00964833333333333,0.00788666666666667,0.0119833333333333,0.01046,0.0107233333333333,0.00915333333333333,0.00612,0.00967,0.00806333333333333,0.005685,0.00781166666666667,0.00573666666666667,0.00706166666666667,0.00346666666666667,0.00417833333333333,0.00404666666666667,0.00616333333333333,0.00600666666666667,0.00436666666666667,0.00709833333333333,0.00419333333333333,0.00417833333333333,0.00374166666666667,0.00245833333333333,0.00266,0.002895,0.00341,0.00277666666666667,0.00204166666666667,0.00208666666666667,0.00197,0.00263833333333333,0.00177,0.00207333333333333,0.000496666666666667,0.00126,0.000816666666666667,0.000241666666666667,0.000193333333333333,0.00016,0.000405,0.000443333333333333,0.000478333333333333,0.000513333333333333,0.000548333333333333,0.000583333333333333,0.000175,0,1,0,0,0,0,0,0,1,1,1,1,1,1,1,1,1,1,1,1,1,1,1,1,1,1,1,1,1,1,1,1,1,1,1,1,1,1,1,1,1,1,1,1,1,1,1,1,1,1,1,1,1,1,1,1,1,1,1,1,1,1,1,1,1,1,1,1,1,1,1,1,1,1,1,1,1,1,1,1,0
2026-07-06 13:00:00,35.7103064333333,0,0,0,0,0,0,0.0118766666666667,0.803218333333333,3.98704666666667,6.33942833333333,5.11825,4.16758333333333,3.61712166666667,3.48145333333333,3.41465166666667,2.16224333333333,0.662443333333333,0.326651666666667,0.167368333333333,0.125936666666667,0.116778333333333,0.117928333333333,0.109601666666667,0.0814383333333333,0.0526316666666667,0.0344766666666667,0.0308466666666667,0.0300733333333333,0.02105,0.0220166666666667,0.0128866666666667,0.0174633333333333,0.01538,0.010875,0.0116583333333333,0.0151716666666667,0.0132633333333333,0.01281,0.0116583333333333,0.0101533333333333,0.00658,0.00884166666666667,0.00662,0.00914833333333333,0.00506,0.00553,0.00543,0.00569166666666667,0.00659666666666667,0.00361,0.006625,0.00330333333333333,0.00256666666666667,0.00179666666666667,0.00205166666666667,0.00185166666666667,0.00177666666666667,0.00243666666666667,0.00246833333333333,0.00314,0.00104333333333333,0.00258333333333333,0.001015,0.000846666666666667,0.00157666666666667,0.00184333333333333,0.001255,0.000836666666666667,0,0.000415,0.000413333333333333,0.000238333333333333,0.000696666666666667,0.00075,0.000805,0.000861666666666667,0.000918333333333333,0.000273333333333333,0,1,0,0,0,0,0,0,1,1,1,1,1,1,1,1,1,1,1,1,1,1,1,1,1,1,1,1,1,1,1,1,1,1,1,1,1,1,1,1,1,1,1,1,1,1,1,1,1,1,1,1,1,1,1,1,1,1,1,1,1,1,1,1,1,1,1,1,1,1,1,1,1,1,1,1,1,1,1,1,0
2026-07-06 14:00:00,44.5543397333333,0,0,0,0,0,0,0.0142366666666667,1.07480666666667,5.25507,8.12995166666667,6.60928166666667,5.21083666666667,4.54860666666667,4.21339833333333,3.97331666666667,2.777,0.946066666666667,0.40014,0.20365,0.139508333333333,0.117096666666667,0.097495,0.10424,0.0669283333333333,0.062755,0.036335,0.0290916666666667,0.02037,0.017595,0.0220766666666667,0.01715,0.01607,0.0122116666666667,0.00991166666666667,0.00957833333333333,0.010655,0.01096,0.00995333333333333,0.00905166666666667,0.00630666666666667,0.00448833333333333,0.00602833333333333,0.00599333333333333,0.007155,0.008375,0.00664,0.00296333333333333,0.00438666666666667,0.00277333333333333,0.00449666666666667,0.00312333333333333,0.00665333333333333,0.00392,0.00428666666666667,0.00176166666666667,0.001885,0.00375666666666667,0.00209166666666667,0.00211833333333333,0.00221166666666667,0.00275,0.000236666666666667,0.0017,0.00284833333333333,0.000115,0.00112666666666667,0.000558333333333333,0.000418333333333333,0.000833333333333333,0.00141833333333333,0.00106666666666667,0.000216666666666667,0.000633333333333333,0.00068,0.00073,0.000783333333333333,0.000836666666666667,0.000246666666666667,0,1,0,0,0,0,0,0,1,1,1,1,1,1,1,1,1,1,1,1,1,1,1,1,1,1,1,1,1,1,1,1,1,1,1,1,1,1,1,1,1,1,1,1,1,1,1,1,1,1,1,1,1,1,1,1,1,1,1,1,1,1,1,1,1,1,1,1,1,1,1,1,1,1,1,1,1,1,1,1,0
2026-07-06 15:00:00,19.0979089,0,0,0,0,0,0,0.00969166666666667,0.491956666666667,2.57090166666667,3.89942166666667,3.03874833333333,2.29482,1.97768833333333,1.78887,1.54929166666667,0.870085,0.246943333333333,0.123983333333333,0.085935,0.063585,0.0525933333333333,0.0542616666666667,0.0589883333333333,0.0378366666666667,0.0455466666666667,0.025495,0.0258316666666667,0.0284816666666667,0.0216733333333333,0.015735,0.017025,0.0177416666666667,0.0125833333333333,0.0122583333333333,0.01269,0.0119266666666667,0.014245,0.012235,0.0122916666666667,0.0101666666666667,0.0101816666666667,0.008015,0.00776166666666667,0.00501333333333333,0.00833833333333333,0.00527333333333333,0.00521,0.00887666666666667,0.00450666666666667,0.00579666666666667,0.00212666666666667,0.00294,0.00351166666666667,0.00214666666666667,0.00205166666666667,0.00268333333333333,0.00292333333333333,0.00174833333333333,0.00211833333333333,0.00263833333333333,0.00128,0.000425,0.00085,0.000423333333333333,0.000421666666666667,0.000283333333333333,0.000715,0.00108,0.0000183333333333333,0.000415,0,0.000151666666666667,0.000443333333333333,0.000476666666666667,0.000511666666666667,0.000548333333333333,0.000585,0.000173333333333333,0,1,0,0,0,0,0,0,1,1,1,1,1,1,1,1,1,1,1,1,1,1,1,1,1,1,1,1,1,1,1,1,1,1,1,1,1,1,1,1,1,1,1,1,1,1,1,1,1,1,1,1,1,1,1,1,1,1,1,1,1,1,1,1,1,1,1,1,1,1,1,1,1,1,1,1,1,1,1,1,0
2026-07-06 16:00:00,23.3077863,0,0,0,0,0,0,0.0124333333333333,0.598713333333333,3.10537833333333,4.58582833333333,3.5009,2.82697666666667,2.48637333333333,2.34863666666667,1.72601166666667,0.882391666666667,0.278618333333333,0.159133333333333,0.0948033333333333,0.0763233333333333,0.0606683333333333,0.06125,0.068805,0.045675,0.0376033333333333,0.030395,0.029555,0.0257633333333333,0.0215166666666667,0.03009,0.020145,0.02091,0.0165483333333333,0.0140983333333333,0.01638,0.0143233333333333,0.01296,0.00937666666666667,0.0111633333333333,0.010635,0.00777833333333333,0.00604666666666667,0.00827166666666667,0.00607,0.00466333333333333,0.00442666666666667,0.00376333333333333,0.00567333333333333,0.00623833333333333,0.00357333333333333,0.00524333333333333,0.00417,0.00336,0.002535,0.002695,0.00107166666666667,0.00183666666666667,0.00234666666666667,0.00023,0.00153166666666667,0.00189666666666667,0.00056,0.00176333333333333,0.0000383333333333333,0.00161333333333333,0.000918333333333333,0.00084,0.000836666666666667,0.000416666666666667,0.000415,0.000733333333333333,0.00102666666666667,0.000316666666666667,0.000341666666666667,0.000366666666666667,0.000391666666666667,0.000416666666666667,0.000125,0,1,0,0,0,0,0,0,1,1,1,1,1,1,1,1,1,1,1,1,1,1,1,1,1,1,1,1,1,1,1,1,1,1,1,1,1,1,1,1,1,1,1,1,1,1,1,1,1,1,1,1,1,1,1,1,1,1,1,1,1,1,1,1,1,1,1,1,1,1,1,1,1,1,1,1,1,1,1,1,0
2026-07-06 17:00:00,26.31633935,0,0,0,0,0,0,0.0100216666666667,0.690085,3.42826333333333,5.20748666666667,4.13546833333333,3.307935,2.93879333333333,2.95935,1.66198333333333,0.75006,0.313621666666667,0.174095,0.0996833333333333,0.0909633333333333,0.0735433333333333,0.070265,0.0695033333333333,0.050815,0.038245,0.0342183333333333,0.02651,0.03309,0.02613,0.0252833333333333,0.0227833333333333,0.02067,0.0179933333333333,0.0159366666666667,0.0164066666666667,0.014745,0.0157566666666667,0.0141983333333333,0.0107983333333333,0.00973333333333333,0.00472,0.00733833333333333,0.00869166666666667,0.00759,0.005835,0.00553,0.00673333333333333,0.00438666666666667,0.004455,0.00580833333333333,0.00260166666666667,0.00253,0.00204166666666667,0.00203333333333333,0.00156,0.00303833333333333,0.00315333333333333,0.00143333333333333,0.00268,0.00128166666666667,0,0.001275,0.002125,0.00127,0,0.001265,0.000708333333333333,0.00138666666666667,0.00064,0.00102333333333333,0.000413333333333333,0.000585,0.000506666666666667,0.000545,0.000585,0.000626666666666667,0.000668333333333333,0.000198333333333333,0,1,0,0,0,0,0,0,1,1,1,1,1,1,1,1,1,1,1,1,1,1,1,1,1,1,1,1,1,1,1,1,1,1,1,1,1,1,1,1,1,1,1,1,1,1,1,1,1,1,1,1,1,1,1,1,1,1,1,1,1,1,1,1,1,1,1,1,1,1,1,1,1,1,1,1,1,1,1,1,0
2026-07-06 18:00:00,29.2536193666667,0,0,0,0,0,0,0.0163816666666667,0.771575,3.666395,5.26625166666667,4.20274333333333,3.43719,3.24013,3.32775666666667,1.94675333333333,1.03889166666667,0.508196666666667,0.242351666666667,0.175766666666667,0.132666666666667,0.115425,0.108373333333333,0.100361666666667,0.080105,0.0607516666666667,0.0384083333333333,0.042705,0.038235,0.0360283333333333,0.029465,0.0235483333333333,0.0236533333333333,0.02186,0.017835,0.016445,0.0148333333333333,0.0167666666666667,0.0110466666666667,0.0112516666666667,0.00900333333333333,0.00833,0.00691666666666667,0.00847833333333333,0.00632333333333333,0.007955,0.00778166666666667,0.00382833333333333,0.00761,0.00598166666666667,0.00127666666666667,0.00499333333333333,0.00248333333333333,0.00338166666666667,0.00316166666666667,0.001295,0.000916666666666667,0.00286666666666667,0.00383833333333333,0.00268,0.00170666666666667,0.00104333333333333,0.00108666666666667,0.000811666666666667,0.0000383333333333333,0.00126833333333333,0.000421666666666667,0,0.000816666666666667,0.000658333333333333,0.000608333333333333,0,0.000173333333333333,0.000506666666666667,0.000546666666666667,0.000586666666666667,0.000626666666666667,0.000666666666666667,0.0002,0,1,0,0,0,0,0,0,1,1,1,1,1,1,1,1,1,1,1,1,1,1,1,1,1,1,1,1,1,1,1,1,1,1,1,1,1,1,1,1,1,1,1,1,1,1,1,1,1,1,1,1,1,1,1,1,1,1,1,1,1,1,1,1,1,1,1,1,1,1,1,1,1,1,1,1,1,1,1,1,0
2026-07-06 19:00:00,29.4216922666667,0,0,0,0,0,0,0.0141683333333333,0.801598333333333,3.73390333333333,5.4789,4.05791666666667,3.32417333333333,3.175975,3.324715,1.95324833333333,1.093225,0.472521666666667,0.232731666666667,0.158126666666667,0.125816666666667,0.10364,0.119896666666667,0.0877566666666667,0.0795783333333333,0.0471766666666667,0.0426083333333333,0.0433333333333333,0.0390633333333333,0.0303416666666667,0.0290783333333333,0.02436,0.0248983333333333,0.026595,0.0203766666666667,0.0197766666666667,0.022005,0.01281,0.0130183333333333,0.0113166666666667,0.01156,0.014225,0.00686,0.007325,0.005815,0.00737166666666667,0.00856166666666667,0.00497,0.00427833333333333,0.00644,0.00325,0.00260333333333333,0.00289333333333333,0.004655,0.00496666666666667,0.003265,0.00139333333333333,0.00232166666666667,0.00106166666666667,0.00169,0.00135833333333333,0.00123333333333333,0.001545,0.000628333333333333,0.00169333333333333,0.000346666666666667,0.00120166666666667,0.000138333333333333,0.000836666666666667,0.000833333333333333,0.000173333333333333,0.000653333333333333,0.000065,0.00019,0.000205,0.00022,0.000235,0.00025,0.000075,0,1,0,0,0,0,0,0,1,1,1,1,1,1,1,1,1,1,1,1,1,1,1,1,1,1,1,1,1,1,1,1,1,1,1,1,1,1,1,1,1,1,1,1,1,1,1,1,1,1,1,1,1,1,1,1,1,1,1,1,1,1,1,1,1,1,1,1,1,1,1,1,1,1,1,1,1,1,1,1,0
2026-07-06 20:00:00,36.771977,0,0,0,0,0,0,0.0123833333333333,0.965741666666667,4.56179833333333,6.80528333333333,5.248195,4.22340666666667,4.01703166666667,4.20919833333333,2.48575833333333,1.54406333333333,0.570415,0.29738,0.187545,0.11525,0.111435,0.10902,0.10699,0.071825,0.0513133333333333,0.0469933333333333,0.03949,0.03851,0.02865,0.037055,0.036925,0.0219233333333333,0.022005,0.0170183333333333,0.0250166666666667,0.0219266666666667,0.0192083333333333,0.0147766666666667,0.014295,0.0151366666666667,0.011835,0.0107866666666667,0.0124533333333333,0.00878333333333333,0.00549666666666667,0.00582666666666667,0.00469833333333333,0.00494666666666667,0.00516833333333333,0.00422666666666667,0.00509833333333333,0.00676833333333333,0.00406,0.00242,0.00176166666666667,0.00139833333333333,0.002265,0.003095,0.00187833333333333,0.000855,0.00147,0.000985,0.00218833333333333,0.00123166666666667,0.00203666666666667,0.00015,0,0,0.000416666666666667,0,0.000413333333333333,0.000173333333333333,0.000506666666666667,0.000543333333333333,0.000583333333333333,0.000626666666666667,0.00067,0.000196666666666667,0,1,0,0,0,0,0,0,1,1,1,1,1,1,1,1,1,1,1,1,1,1,1,1,1,1,1,1,1,1,1,1,1,1,1,1,1,1,1,1,1,1,1,1,1,1,1,1,1,1,1,1,1,1,1,1,1,1,1,1,1,1,1,1,1,1,1,1,1,1,1,1,1,1,1,1,1,1,1,1,0
2026-07-06 21:00:00,55.2586145833333,0,0,0,0,0,0,0.020975,1.30940666666667,6.79313,10.54171,8.47518833333333,6.94051666666667,6.290035,6.42472166666667,3.63673666666667,1.875065,0.824195,0.39045,0.24315,0.1727,0.169188333333333,0.152296666666667,0.108495,0.0914433333333333,0.0705233333333333,0.051425,0.0413366666666667,0.0382983333333333,0.03233,0.03306,0.0317533333333333,0.0274666666666667,0.0229116666666667,0.0193133333333333,0.0192733333333333,0.0162466666666667,0.0151666666666667,0.01466,0.00855166666666667,0.0142933333333333,0.010745,0.0112416666666667,0.00782666666666667,0.007725,0.00657833333333333,0.00670333333333333,0.00838833333333333,0.00451333333333333,0.00348666666666667,0.00235666666666667,0.002605,0.00496833333333333,0.00424833333333333,0.003055,0.00465833333333333,0.00370166666666667,0.00163333333333333,0.00249333333333333,0.000768333333333333,0.00196,0.000426666666666667,0.00117333333333333,0.000526666666666667,0.00119333333333333,0.000921666666666667,0.000705,0.000558333333333333,0.000816666666666667,0.00126833333333333,0,0,0.0000866666666666667,0.000253333333333333,0.000273333333333333,0.000293333333333333,0.000313333333333333,0.000333333333333333,0.0001,0,1,0,0,0,0,0,0,1,1,1,1,1,1,1,1,1,1,1,1,1,1,1,1,1,1,1,1,1,1,1,1,1,1,1,1,1,1,1,1,1,1,1,1,1,1,1,1,1,1,1,1,1,1,1,1,1,1,1,1,1,1,1,1,1,1,1,1,1,1,1,1,1,1,1,1,1,1,1,1,0
2026-07-06 22:00:00,42.0359618,0,0,0,0,0,0,0.0144616666666667,1.07976166666667,5.17338166666667,7.85244666666667,6.33623166666667,5.28265833333333,4.686945,4.93901,2.92784333333333,1.51743,0.71645,0.350308333333333,0.221258333333333,0.159358333333333,0.120328333333333,0.128785,0.102981666666667,0.08651,0.0659283333333333,0.0557616666666667,0.03705,0.0411466666666667,0.0310966666666667,0.0340733333333333,0.0255033333333333,0.0259733333333333,0.0226166666666667,0.01912,0.02081,0.0130633333333333,0.0130133333333333,0.0167566666666667,0.01158,0.0117733333333333,0.00700333333333333,0.007085,0.009455,0.00952,0.00798,0.005685,0.00628166666666667,0.00802833333333333,0.00425333333333333,0.00456833333333333,0.00553333333333333,0.00453166666666667,0.00336,0.00262333333333333,0.00222833333333333,0.000561666666666667,0.000745,0.00303666666666667,0.000833333333333333,0.00135833333333333,0.00341333333333333,0.001395,0.00192833333333333,0.0005,0.00119,0.000496666666666667,0.00042,0.000398333333333333,0.000851666666666667,0.00083,0.000413333333333333,0.000065,0.00019,0.000205,0.00022,0.000235,0.00025,0.000075,0,1,0,0,0,0,0,0,1,1,1,1,1,1,1,1,1,1,1,1,1,1,1,1,1,1,1,1,1,1,1,1,1,1,1,1,1,1,1,1,1,1,1,1,1,1,1,1,1,1,1,1,1,1,1,1,1,1,1,1,1,1,1,1,1,1,1,1,1,1,1,1,1,1,1,1,1,1,1,1,0
2026-07-06 23:00:00,37.2859665666667,0,0,0,0,0,0,0.0128516666666667,0.847276666666667,4.40324833333333,6.87977333333333,5.61643333333333,4.57217166666667,4.305875,4.69520166666667,2.60133333333333,1.33536833333333,0.588355,0.27841,0.175865,0.132255,0.126846666666667,0.11207,0.0804783333333333,0.0702216666666667,0.0581566666666667,0.0489316666666667,0.037735,0.035275,0.03,0.0345333333333333,0.0227883333333333,0.025555,0.0225866666666667,0.020785,0.016485,0.01343,0.0119,0.0151416666666667,0.01355,0.0100283333333333,0.00898,0.00692833333333333,0.00638666666666667,0.00517166666666667,0.004655,0.00851166666666667,0.00411166666666667,0.005545,0.00618666666666667,0.005025,0.00425166666666667,0.00499,0.00261333333333333,0.001435,0.00296833333333333,0.00139833333333333,0.00200666666666667,0.00131833333333333,0.000911666666666667,0.000426666666666667,0.000853333333333333,0.00255166666666667,0.000386666666666667,0.00130833333333333,0.000845,0.000283333333333333,0.000846666666666667,0.000131666666666667,0.00105666666666667,0.00102333333333333,0,0.000476666666666667,0.00019,0.000205,0.00022,0.000235,0.00025,0.000075,0,1,0,0,0,0,0,0,1,1,1,1,1,1,1,1,1,1,1,1,1,1,1,1,1,1,1,1,1,1,1,1,1,1,1,1,1,1,1,1,1,1,1,1,1,1,1,1,1,1,1,1,1,1,1,1,1,1,1,1,1,1,1,1,1,1,1,1,1,1,1,1,1,1,1,1,1,1,1,1,0
2026-07-07,41.5669136666667,0,0,0,0,0,0,0.013515,0.928265,4.71539333333333,7.54835666666667,6.1123,5.07830666666667,4.81126,5.310895,2.85679333333333,1.38578833333333,0.70134,0.351903333333333,0.22097,0.14967,0.137745,0.115963333333333,0.0805116666666667,0.069765,0.0551233333333333,0.0560516666666667,0.0399983333333333,0.03511,0.0306583333333333,0.0348016666666667,0.02338,0.02318,0.02483,0.0215666666666667,0.0159733333333333,0.016935,0.01411,0.01642,0.0118533333333333,0.01006,0.00613333333333333,0.00603833333333333,0.00604166666666667,0.00628833333333333,0.00918666666666667,0.00612833333333333,0.00470166666666667,0.00424166666666667,0.00532166666666667,0.00446666666666667,0.00262166666666667,0.00332666666666667,0.00292833333333333,0.00271166666666667,0.000898333333333333,0.00223,0.001605,0.00132,0.000833333333333333,0.00264166666666667,0.00104333333333333,0.000236666666666667,0,0.00204,0.000498333333333333,0.000988333333333333,0.000565,0.000131666666666667,0.00064,0.000193333333333333,0,0.000866666666666667,0.000126666666666667,0.000136666666666667,0.000146666666666667,0.000156666666666667,0.000166666666666667,0.00005,0,1,0,0,0,0,0,0,1,1,1,1,1,1,1,1,1,1,1,1,1,1,1,1,1,1,1,1,1,1,1,1,1,1,1,1,1,1,1,1,1,1,1,1,1,1,1,1,1,1,1,1,1,1,1,1,1,1,1,1,1,1,1,1,1,1,1,1,1,1,1,1,1,1,1,1,1,1,1,1,0
2026-07-07 01:00:00,45.5106453666667,0,0,0,0,0,0,0.0110916666666667,0.988793333333333,5.17439,8.20725666666667,6.520985,5.43166333333333,5.235295,5.660025,3.09197666666667,1.55814833333333,0.978166666666667,0.577228333333333,0.33684,0.249488333333333,0.189855,0.161396666666667,0.123015,0.0962616666666667,0.06387,0.0481466666666667,0.0471583333333333,0.0432916666666667,0.042845,0.03686,0.0271716666666667,0.0326416666666667,0.0179116666666667,0.0233183333333333,0.0224366666666667,0.0143416666666667,0.01586,0.02127,0.0123416666666667,0.00755,0.00930166666666667,0.0103883333333333,0.0107866666666667,0.00485666666666667,0.00697833333333333,0.00410833333333333,0.00455166666666667,0.00324333333333333,0.00501333333333333,0.00463333333333333,0.00288833333333333,0.00339666666666667,0.00292833333333333,0.00177833333333333,0.000466666666666667,0.00008,0.00169166666666667,0.000373333333333333,0.000405,0.000503333333333333,0.00128,0.000425,0.00123666666666667,0.000461666666666667,0.000346666666666667,0.000496666666666667,0,0.000418333333333333,0,0,0.000413333333333333,0.0000433333333333333,0.000126666666666667,0.000136666666666667,0.000146666666666667,0.000156666666666667,0.000166666666666667,0.00005,0,1,0,0,0,0,0,0,1,1,1,1,1,1,1,1,1,1,1,1,1,1,1,1,1,1,1,1,1,1,1,1,1,1,1,1,1,1,1,1,1,1,1,1,1,1,1,1,1,1,1,1,1,1,1,1,1,1,1,1,1,1,1,1,1,1,1,1,1,1,1,1,1,1,1,1,1,1,1,1,0
2026-07-07 02:00:00,46.2557863166667,0,0,0,0,0,0,0.0148333333333333,1.00847,5.18951,8.09038833333333,6.675475,5.6075,5.294475,5.71995166666667,3.39076,1.60303333333333,0.943881666666667,0.555883333333333,0.370333333333333,0.257923333333333,0.190168333333333,0.171586666666667,0.125876666666667,0.104511666666667,0.0717033333333333,0.06446,0.051875,0.04172,0.0352733333333333,0.04582,0.0287033333333333,0.0338183333333333,0.0303583333333333,0.0266466666666667,0.023435,0.0211133333333333,0.0204766666666667,0.01807,0.013865,0.01233,0.0111883333333333,0.01122,0.00724833333333333,0.00557,0.006815,0.00717666666666667,0.00512666666666667,0.001885,0.00555666666666667,0.00462166666666667,0.00419,0.00332666666666667,0.003885,0.00222833333333333,0.00205166666666667,0.00274,0.00252333333333333,0.00086,0.00103166666666667,0.000251666666666667,0.00104333333333333,0.000985,0.00176333333333333,0.00123166666666667,0.000498333333333333,0,0,0,0,0,0,0.0000433333333333333,0.000126666666666667,0.000136666666666667,0.000146666666666667,0.000156666666666667,0.000166666666666667,0.00005,0,1,0,0,0,0,0,0,1,1,1,1,1,1,1,1,1,1,1,1,1,1,1,1,1,1,1,1,1,1,1,1,1,1,1,1,1,1,1,1,1,1,1,1,1,1,1,1,1,1,1,1,1,1,1,1,1,1,1,1,1,1,1,1,1,1,1,1,1,1,1,1,1,1,1,1,1,1,1,1,0
2026-07-07 03:00:00,51.6614907833333,0,0,0,0,0,0,0.0132466666666667,1.17247,5.98731166666667,9.212915,7.57939333333333,6.36662,5.98793166666667,6.24164666666667,3.77749333333333,1.76476166666667,1.02205833333333,0.62678,0.417678333333333,0.310673333333333,0.242038333333333,0.217781666666667,0.16392,0.125935,0.09163,0.0696783333333333,0.0612266666666667,0.053455,0.04198,0.0405616666666667,0.0366783333333333,0.0363916666666667,0.0281116666666667,0.0260183333333333,0.0256866666666667,0.0203883333333333,0.018855,0.0190483333333333,0.0180533333333333,0.0113066666666667,0.0100733333333333,0.009515,0.0110533333333333,0.00912166666666667,0.00489,0.00426333333333333,0.00419833333333333,0.00264666666666667,0.00364,0.00363,0.00607,0.00378333333333333,0.00470333333333333,0.00352333333333333,0.001295,0.001375,0.00266666666666667,0.00192,0.00219666666666667,0.00171,0.000853333333333333,0.000425,0.000425,0.000423333333333333,0.000346666666666667,0.000641666666666667,0.000696666666666667,0,0.000833333333333333,0.000415,0,0.0000216666666666667,0.0000633333333333333,0.0000683333333333333,0.0000733333333333333,0.0000783333333333333,0.0000833333333333333,0.000025,0,1,0,0,0,0,0,0,1,1,1,1,1,1,1,1,1,1,1,1,1,1,1,1,1,1,1,1,1,1,1,1,1,1,1,1,1,1,1,1,1,1,1,1,1,1,1,1,1,1,1,1,1,1,1,1,1,1,1,1,1,1,1,1,1,1,1,1,1,1,1,1,1,1,1,1,1,1,1,1,0
2026-07-07 04:00:00,54.8861924,0,0,0,0,0,0,0.0179633333333333,1.27509,6.422405,9.965295,8.11097,6.70542,6.18085166666667,6.238385,4.17038833333333,1.91973333333333,1.02328833333333,0.599476666666667,0.416018333333333,0.295693333333333,0.219308333333333,0.206673333333333,0.159615,0.119593333333333,0.086425,0.06654,0.0655116666666667,0.057175,0.0412,0.0457533333333333,0.0318333333333333,0.0393616666666667,0.0274483333333333,0.0254483333333333,0.0242983333333333,0.0214983333333333,0.0169683333333333,0.0158616666666667,0.0155483333333333,0.01087,0.0113716666666667,0.00842666666666667,0.012185,0.00862333333333333,0.007205,0.00401666666666667,0.00433833333333333,0.00308166666666667,0.00656833333333333,0.00862833333333333,0.00462333333333333,0.00296333333333333,0.003465,0.00283333333333333,0.000986666666666667,0.00349166666666667,0.00120333333333333,0.00266166666666667,0.000603333333333333,0.000251666666666667,0.00170666666666667,0.000425,0.000425,0,0.000346666666666667,0.000358333333333333,0.000138333333333333,0.000796666666666667,0.0000366666666666667,0,0,0.0000866666666666667,0.000253333333333333,0.000273333333333333,0.000293333333333333,0.000313333333333333,0.000333333333333333,0.0001,0,1,0,0,0,0,0,0,1,1,1,1,1,1,1,1,1,1,1,1,1,1,1,1,1,1,1,1,1,1,1,1,1,1,1,1,1,1,1,1,1,1,1,1,1,1,1,1,1,1,1,1,1,1,1,1,1,1,1,1,1,1,1,1,1,1,1,1,1,1,1,1,1,1,1,1,1,1,1,1,0
2026-07-07 05:00:00,60.2546849,0,0,0,0,0,0,0.0224016666666667,1.54893166666667,7.43669333333333,10.97858,8.87131,7.3307,6.75615333333333,6.77835666666667,4.81776333333333,2.15018833333333,1.02475333333333,0.591095,0.389685,0.290653333333333,0.214916666666667,0.189758333333333,0.160853333333333,0.11783,0.0848916666666667,0.0729416666666667,0.0670683333333333,0.05975,0.0425633333333333,0.0511266666666667,0.0436216666666667,0.0367166666666667,0.0333516666666667,0.030615,0.031615,0.0245566666666667,0.0215516666666667,0.02268,0.01809,0.01791,0.01487,0.00711166666666667,0.0126583333333333,0.0103316666666667,0.00872666666666667,0.007575,0.00577833333333333,0.00364333333333333,0.00570666666666667,0.00498666666666667,0.00509833333333333,0.00462666666666667,0.00295166666666667,0.00221,0.00224666666666667,0.00220666666666667,0.00209333333333333,0.001285,0.001285,0.00171166666666667,0.00128,0.00117333333333333,0.000913333333333333,0.00161666666666667,0.00173166666666667,0.000641666666666667,0.00111666666666667,0.000418333333333333,0.000416666666666667,0.000415,0.00016,0.000296666666666667,0.000126666666666667,0.000136666666666667,0.000146666666666667,0.000156666666666667,0.000166666666666667,0.00005,0,1,0,0,0,0,0,0,1,1,1,1,1,1,1,1,1,1,1,1,1,1,1,1,1,1,1,1,1,1,1,1,1,1,1,1,1,1,1,1,1,1,1,1,1,1,1,1,1,1,1,1,1,1,1,1,1,1,1,1,1,1,1,1,1,1,1,1,1,1,1,1,1,1,1,1,1,1,1,1,0
2026-07-07 06:00:00,69.962595,0,0,0,0,0,0,0.0219883333333333,1.69212833333333,8.21393833333333,12.6013733333333,10.55528,8.89864,8.12494,8.13536,5.76588333333333,2.323545,1.04051166666667,0.601345,0.369838333333333,0.28275,0.225231666666667,0.202231666666667,0.149393333333333,0.10983,0.087315,0.081805,0.065555,0.0770966666666667,0.053975,0.059205,0.0436633333333333,0.058945,0.0405183333333333,0.0354516666666667,0.0324583333333333,0.0300133333333333,0.026405,0.0204583333333333,0.020375,0.0125066666666667,0.0125966666666667,0.0125483333333333,0.008855,0.00806333333333333,0.00603,0.00907166666666667,0.00491166666666667,0.00728333333333333,0.00735666666666667,0.00480833333333333,0.00462333333333333,0.00419166666666667,0.00172666666666667,0.00412166666666667,0.00312666666666667,0.00104333333333333,0.00186333333333333,0.001005,0.001395,0.002135,0.00128,0.000748333333333333,0.00133833333333333,0.000461666666666667,0.00168833333333333,0,0.00084,0,0,0,0.000413333333333333,0.000498333333333333,0.000253333333333333,0.000273333333333333,0.000293333333333333,0.000313333333333333,0.000333333333333333,0.0001,0,1,0,0,0,0,0,0,1,1,1,1,1,1,1,1,1,1,1,1,1,1,1,1,1,1,1,1,1,1,1,1,1,1,1,1,1,1,1,1,1,1,1,1,1,1,1,1,1,1,1,1,1,1,1,1,1,1,1,1,1,1,1,1,1,1,1,1,1,1,1,1,1,1,1,1,1,1,1,1,0
2026-07-07 07:00:00,77.1023800833333,0,0,0,0,0,0,0.0277816666666667,1.90252833333333,9.05716333333333,13.7867183333333,11.9282533333333,9.883915,9.12708166666667,9.09539333333333,6.49830666666667,2.367095,1.025065,0.551236666666667,0.338806666666667,0.263941666666667,0.21306,0.209473333333333,0.176556666666667,0.114536666666667,0.0930866666666667,0.0687916666666667,0.0716016666666667,0.0784133333333333,0.0549933333333333,0.05102,0.0517833333333333,0.0544616666666667,0.0458816666666667,0.04561,0.037385,0.0361533333333333,0.023325,0.02283,0.02561,0.0169183333333333,0.0143483333333333,0.00975166666666667,0.006855,0.00939833333333333,0.0112766666666667,0.00865333333333333,0.00615166666666667,0.00690333333333333,0.00697333333333333,0.00379333333333333,0.00204333333333333,0.004215,0.00454,0.00407666666666667,0.00375833333333333,0.00198333333333333,0.002695,0.001115,0.000603333333333333,0.00068,0.00189666666666667,0.00108666666666667,0.00119833333333333,0.00134666666666667,0.00146333333333333,0.000646666666666667,0.00154833333333333,0.00053,0.001685,0,0,0.000151666666666667,0.000443333333333333,0.000478333333333333,0.000513333333333333,0.000548333333333333,0.000583333333333333,0.000175,0,1,0,0,0,0,0,0,1,1,1,1,1,1,1,1,1,1,1,1,1,1,1,1,1,1,1,1,1,1,1,1,1,1,1,1,1,1,1,1,1,1,1,1,1,1,1,1,1,1,1,1,1,1,1,1,1,1,1,1,1,1,1,1,1,1,1,1,1,1,1,1,1,1,1,1,1,1,1,1,0
2026-07-07 08:00:00,80.2818558833333,0,0,0,0,0,0,0.0289216666666667,2.04230166666667,9.44746666666667,14.3194333333333,11.936045,10.0503266666667,9.44422166666667,9.62532,6.79487666666667,2.50915,1.182345,0.564776666666667,0.36903,0.270626666666667,0.257,0.237978333333333,0.206266666666667,0.138861666666667,0.107001666666667,0.07622,0.0887916666666667,0.0760483333333333,0.0636783333333333,0.06381,0.0534633333333333,0.0493316666666667,0.043025,0.0373716666666667,0.0363333333333333,0.028305,0.0248316666666667,0.0261916666666667,0.023235,0.0191533333333333,0.014225,0.012305,0.0110966666666667,0.012885,0.01005,0.007455,0.00832166666666667,0.00703333333333333,0.00468,0.00721833333333333,0.003385,0.00547,0.004655,0.00348666666666667,0.00374166666666667,0.00251833333333333,0.00166333333333333,0,0.00188833333333333,0.00195833333333333,0.00213333333333333,0.000646666666666667,0.00182666666666667,0.0000766666666666667,0.00119333333333333,0.000918333333333333,0.000288333333333333,0.00138666666666667,0.000416666666666667,0,0,0.00091,0.000253333333333333,0.000273333333333333,0.000293333333333333,0.000313333333333333,0.000333333333333333,0.0001,0,1,0,0,0,0,0,0,1,1,1,1,1,1,1,1,1,1,1,1,1,1,1,1,1,1,1,1,1,1,1,1,1,1,1,1,1,1,1,1,1,1,1,1,1,1,1,1,1,1,1,1,1,1,1,1,1,1,1,1,1,1,1,1,1,1,1,1,1,1,1,1,1,1,1,1,1,1,1,1,0
2026-07-07 09:00:00,91.8518750666667,0,0,0,0,0,0,0.0331833333333333,2.16443333333333,10.0789416666667,15.5910766666667,13.07501,11.1995566666667,10.6097166666667,11.22914,8.13631333333333,3.84965333333333,1.48121166666667,0.720465,0.399668333333333,0.32187,0.259821666666667,0.260433333333333,0.196138333333333,0.128355,0.09912,0.0709816666666667,0.0694833333333333,0.0685216666666667,0.0522566666666667,0.0568,0.0431616666666667,0.0356866666666667,0.0396133333333333,0.0417216666666667,0.0254066666666667,0.0227633333333333,0.0252316666666667,0.0180983333333333,0.0149233333333333,0.0128033333333333,0.008985,0.00934833333333333,0.012505,0.00641333333333333,0.007735,0.00931333333333333,0.00693833333333333,0.0031,0.00460666666666667,0.00464833333333333,0.00512333333333333,0.00711,0.00350166666666667,0.00386666666666667,0.00176166666666667,0.00185666666666667,0.00352666666666667,0.00191833333333333,0.00176833333333333,0.00128166666666667,0.00232333333333333,0.00236166666666667,0.00204833333333333,0.00211666666666667,0.00092,0.000843333333333333,0.001285,0.000813333333333333,0.00125,0,0.000413333333333333,0.0000866666666666667,0.000253333333333333,0.000273333333333333,0.000293333333333333,0.000313333333333333,0.000333333333333333,0.0001,0,1,0,0,0,0,0,0,1,1,1,1,1,1,1,1,1,1,1,1,1,1,1,1,1,1,1,1,1,1,1,1,1,1,1,1,1,1,1,1,1,1,1,1,1,1,1,1,1,1,1,1,1,1,1,1,1,1,1,1,1,1,1,1,1,1,1,1,1,1,1,1,1,1,1,1,1,1,1,1,0
2026-07-07 10:00:00,152.9949079,0,0,0,0,0,0,0.0443266666666667,2.67703333333333,13.72231,22.104515,19.626465,17.4248816666667,17.2499183333333,18.5341416666667,17.8063883333333,13.153675,3.935645,1.82627833333333,0.878613333333333,0.583253333333333,0.486728333333333,0.429686666666667,0.340371666666667,0.25549,0.143351666666667,0.0968666666666667,0.0825083333333333,0.0662416666666667,0.0468583333333333,0.045695,0.0328166666666667,0.036035,0.03536,0.0272383333333333,0.0235116666666667,0.0199083333333333,0.016285,0.013135,0.0117233333333333,0.00931666666666667,0.00963833333333333,0.0114216666666667,0.0108016666666667,0.0108283333333333,0.0106733333333333,0.00709833333333333,0.008175,0.00570833333333333,0.00666666666666667,0.00688,0.005965,0.00248333333333333,0.00084,0.00403333333333333,0.00375333333333333,0.003175,0.00392833333333333,0.00229333333333333,0.00157,0.00196,0.00128,0.00149666666666667,0.000203333333333333,0.000846666666666667,0.000423333333333333,0.00154833333333333,0.000138333333333333,0.00207333333333333,0.00126833333333333,0.001245,0.000733333333333333,0.00068,0.000506666666666667,0.000545,0.000585,0.000626666666666667,0.000668333333333333,0.000198333333333333,0,1,0,0,0,0,0,0,1,1,1,1,1,1,1,1,1,1,1,1,1,1,1,1,1,1,1,1,1,1,1,1,1,1,1,1,1,1,1,1,1,1,1,1,1,1,1,1,1,1,1,1,1,1,1,1,1,1,1,1,1,1,1,1,1,1,1,1,1,1,1,1,1,1,1,1,1,1,1,1,0
2026-07-07 11:00:00,203.400886,0,0,0,0,0,0,0.0447533333333333,2.972415,15.4265566666667,26.0352216666667,24.0927733333333,22.1884016666667,22.5210233333333,24.649645,26.8524933333333,22.9461433333333,6.54173166666667,3.08878166666667,1.39508833333333,0.87681,0.697671666666667,0.61675,0.532278333333333,0.331503333333333,0.200411666666667,0.112656666666667,0.0884733333333333,0.0744316666666667,0.0540933333333333,0.0536,0.042945,0.0348783333333333,0.03182,0.022745,0.0193616666666667,0.0234533333333333,0.02451,0.014255,0.0126933333333333,0.01415,0.0112866666666667,0.00992166666666667,0.007685,0.006845,0.00837,0.00803833333333333,0.00549,0.00788333333333333,0.005935,0.00449666666666667,0.00264666666666667,0.00373666666666667,0.00427,0.002395,0.00366333333333333,0.00314666666666667,0.00309666666666667,0.00309166666666667,0.00119666666666667,0.001105,0.00232333333333333,0.000661666666666667,0.002125,0.001655,0.00165166666666667,0.000641666666666667,0.00266333333333333,0.00055,0.000863333333333333,0.000801666666666667,0.000413333333333333,0.000411666666666667,0.00120333333333333,0.001295,0.00139,0.00148833333333333,0.00158666666666667,0.000471666666666667,0,1,0,0,0,0,0,0,1,1,1,1,1,1,1,1,1,1,1,1,1,1,1,1,1,1,1,1,1,1,1,1,1,1,1,1,1,1,1,1,1,1,1,1,1,1,1,1,1,1,1,1,1,1,1,1,1,1,1,1,1,1,1,1,1,1,1,1,1,1,1,1,1,1,1,1,1,1,1,1,0
2026-07-07 12:00:00,282.501644333333,0,0,0,0,0,0,0.04,3.39727666666667,18.8748583333333,33.2876233333333,31.8218,29.8867483333333,31.29691,35.0195833333333,39.7910916666667,34.8985066666667,9.875755,4.60059166666667,2.051485,1.28733666666667,1.04079333333333,0.86795,0.745003333333333,0.504643333333333,0.261898333333333,0.153115,0.110015,0.089645,0.066,0.0575716666666667,0.0365366666666667,0.0380083333333333,0.0291183333333333,0.0285233333333333,0.020535,0.0221666666666667,0.01912,0.0148616666666667,0.0148133333333333,0.0109433333333333,0.008205,0.00662666666666667,0.0107516666666667,0.00772,0.00475833333333333,0.00442666666666667,0.00868666666666667,0.00473166666666667,0.00404666666666667,0.00325333333333333,0.00418833333333333,0.00587833333333333,0.00449,0.00412833333333333,0.004385,0.0032,0.00232166666666667,0.00140666666666667,0.00237166666666667,0.00196,0.00189666666666667,0.00151166666666667,0.000811666666666667,0.0000383333333333333,0,0.00154833333333333,0.00139833333333333,0.001235,0.00190833333333333,0.000193333333333333,0.0014,0.000838333333333333,0.000506666666666667,0.000546666666666667,0.000586666666666667,0.000626666666666667,0.000666666666666667,0.0002,0,1,0,0,0,0,0,0,1,1,1,1,1,1,1,1,1,1,1,1,1,1,1,1,1,1,1,1,1,1,1,1,1,1,1,1,1,1,1,1,1,1,1,1,1,1,1,1,1,1,1,1,1,1,1,1,1,1,1,1,1,1,1,1,1,1,1,1,1,1,1,1,1,1,1,1,1,1,1,1,0
2026-07-07 13:00:00,250.901346216667,0,0,0,0,0,0,0.0448416666666667,3.29549,17.7713033333333,31.1205266666667,29.4007233333333,27.1314083333333,28.1420783333333,31.1415783333333,34.306795,29.80715,8.53012666666667,3.84776333333333,1.79334333333333,1.11886,0.875086666666667,0.769406666666667,0.622841666666667,0.423565,0.206996666666667,0.128821666666667,0.0989116666666667,0.081865,0.0690133333333333,0.053725,0.0447733333333333,0.0401,0.0322033333333333,0.0241,0.0289183333333333,0.023015,0.026565,0.01827,0.01605,0.01637,0.0101833333333333,0.0119133333333333,0.0115066666666667,0.00980166666666667,0.006325,0.00796,0.00816166666666667,0.00712166666666667,0.00313333333333333,0.00626,0.00434166666666667,0.00920833333333333,0.010515,0.003265,0.00390166666666667,0.00411166666666667,0.002065,0.00257666666666667,0.00317333333333333,0.00110833333333333,0.00213333333333333,0.00149666666666667,0.00229,0.00250166666666667,0.00288333333333333,0.000855,0.00139833333333333,0.000418333333333333,0.00125,0.000588333333333333,0.00221166666666667,0.00068,0.000506666666666667,0.000543333333333333,0.000583333333333333,0.000626666666666667,0.00067,0.000196666666666667,0,1,0,0,0,0,0,0,1,1,1,1,1,1,1,1,1,1,1,1,1,1,1,1,1,1,1,1,1,1,1,1,1,1,1,1,1,1,1,1,1,1,1,1,1,1,1,1,1,1,1,1,1,1,1,1,1,1,1,1,1,1,1,1,1,1,1,1,1,1,1,1,1,1,1,1,1,1,1,1,0
2026-07-07 14:00:00,240.59572985,0,0,0,0,0,0,0.0517083333333333,3.28800833333333,18.2687933333333,31.949425,29.3418683333333,27.00903,27.31405,29.7192616666667,32.476045,25.7040116666667,7.12686333333333,3.41899333333333,1.605765,1.01252833333333,0.774796666666667,0.6897,0.590353333333333,0.37122,0.237693333333333,0.129516666666667,0.097015,0.0738116666666667,0.0568216666666667,0.05722,0.0468133333333333,0.042955,0.0406616666666667,0.02735,0.02617,0.022855,0.024015,0.0229083333333333,0.01587,0.0158266666666667,0.0120466666666667,0.0124966666666667,0.0121866666666667,0.0113333333333333,0.0107683333333333,0.010005,0.00584833333333333,0.00897,0.0102633333333333,0.006085,0.00547166666666667,0.00542333333333333,0.00511,0.00496666666666667,0.00418166666666667,0.00271833333333333,0.00395666666666667,0.00186333333333333,0.00277666666666667,0.002035,0.00142333333333333,0.00433333333333333,0.00229,0.00130833333333333,0.00168833333333333,0.000843333333333333,0.00042,0.001235,0.000435,0.00117666666666667,0.0008,0.00104833333333333,0.00038,0.000408333333333333,0.000438333333333333,0.00047,0.000501666666666667,0.000148333333333333,0,1,0,0,0,0,0,0,1,1,1,1,1,1,1,1,1,1,1,1,1,1,1,1,1,1,1,1,1,1,1,1,1,1,1,1,1,1,1,1,1,1,1,1,1,1,1,1,1,1,1,1,1,1,1,1,1,1,1,1,1,1,1,1,1,1,1,1,1,1,1,1,1,1,1,1,1,1,1,1,0
2026-07-07 15:00:00,261.27334395,0,0,0,0,0,0,0.04649,3.62584833333333,20.18328,35.1480383333333,32.1931,28.8957266666667,29.2195633333333,31.71935,34.9001916666667,26.8526466666667,7.50787333333333,3.51806,1.69418833333333,1.06253833333333,0.81572,0.70409,0.602596666666667,0.395508333333333,0.206173333333333,0.120725,0.09653,0.0867916666666667,0.0636,0.0566166666666667,0.0414816666666667,0.0391216666666667,0.03528,0.0361916666666667,0.0236116666666667,0.02931,0.0218633333333333,0.0186016666666667,0.0175966666666667,0.0139566666666667,0.01248,0.0125383333333333,0.01245,0.0137216666666667,0.0114333333333333,0.01041,0.00946333333333333,0.00947666666666667,0.00669666666666667,0.00767833333333333,0.00555166666666667,0.00419333333333333,0.005285,0.00404,0.00393666666666667,0.00201333333333333,0.00369833333333333,0.00180666666666667,0.00317333333333333,0.00367,0.00440833333333333,0.00305666666666667,0.00144,0.000846666666666667,0.00227,0.002975,0.000985,0.00055,0.000833333333333333,0.000415,0,0.00013,0.00038,0.00041,0.00044,0.00047,0.0005,0.00015,0,1,0,0,0,0,0,0,1,1,1,1,1,1,1,1,1,1,1,1,1,1,1,1,1,1,1,1,1,1,1,1,1,1,1,1,1,1,1,1,1,1,1,1,1,1,1,1,1,1,1,1,1,1,1,1,1,1,1,1,1,1,1,1,1,1,1,1,1,1,1,1,1,1,1,1,1,1,1,1,0
2026-07-07 16:00:00,268.728716,0,0,0,0,0,0,0.0619983333333333,3.80124666666667,20.9378266666667,36.340345,33.27295,30.21457,30.49053,32.8587666666667,36.2504966666667,27.7190566666667,7.68586166666667,3.60254833333333,1.68987166666667,1.07680666666667,0.83842,0.736971666666667,0.628148333333333,0.392538333333333,0.220931666666667,0.135776666666667,0.105731666666667,0.0786,0.075305,0.0538866666666667,0.0467083333333333,0.04167,0.0425566666666667,0.0329766666666667,0.0254016666666667,0.0288183333333333,0.0212016666666667,0.0157916666666667,0.0158216666666667,0.0145,0.0114783333333333,0.00821,0.0117,0.0123816666666667,0.01259,0.00980166666666667,0.00838833333333333,0.00797666666666667,0.00521166666666667,0.00593333333333333,0.00551,0.00421666666666667,0.00453833333333333,0.00355666666666667,0.002985,0.00330166666666667,0.00172,0.003665,0.002855,0.00324333333333333,0.00147,0.00226,0.000913333333333333,0.00123166666666667,0.00295666666666667,0.000358333333333333,0.000845,0.000131666666666667,0.00064,0.00054,0.00213333333333333,0.000151666666666667,0.000443333333333333,0.000478333333333333,0.000513333333333333,0.000548333333333333,0.000583333333333333,0.000175,0,1,0,0,0,0,0,0,1,1,1,1,1,1,1,1,1,1,1,1,1,1,1,1,1,1,1,1,1,1,1,1,1,1,1,1,1,1,1,1,1,1,1,1,1,1,1,1,1,1,1,1,1,1,1,1,1,1,1,1,1,1,1,1,1,1,1,1,1,1,1,1,1,1,1,1,1,1,1,1,0
2026-07-07 17:00:00,278.676207966667,0,0,0,0,0,0,0.0562983333333333,3.96215666666667,21.8594433333333,37.79458,34.736255,31.4551166666667,31.990495,34.51913,37.3827066666667,27.23392,7.80029333333333,3.65108,1.75289666666667,1.13826333333333,0.86602,0.768013333333333,0.668883333333333,0.433845,0.248053333333333,0.141648333333333,0.109335,0.110946666666667,0.0858933333333333,0.0745683333333333,0.0552233333333333,0.061795,0.048345,0.0419616666666667,0.0352066666666667,0.03927,0.0286866666666667,0.024295,0.02226,0.0150133333333333,0.0190616666666667,0.01341,0.0152566666666667,0.00961666666666667,0.00960666666666667,0.00944,0.00961833333333333,0.01164,0.00934333333333333,0.00829333333333333,0.00980666666666667,0.00838333333333333,0.00578666666666667,0.00596166666666667,0.00442833333333333,0.00203333333333333,0.00335333333333333,0.00169333333333333,0.00328333333333333,0.00409833333333333,0.00294,0.001545,0.00144,0.00207833333333333,0.0000766666666666667,0.002115,0.000991666666666667,0.00149833333333333,0.001075,0.000781666666666667,0.00024,0.000866666666666667,0.000126666666666667,0.000136666666666667,0.000146666666666667,0.000156666666666667,0.000166666666666667,0.00005,0,1,0,0,0,0,0,0,1,1,1,1,1,1,1,1,1,1,1,1,1,1,1,1,1,1,1,1,1,1,1,1,1,1,1,1,1,1,1,1,1,1,1,1,1,1,1,1,1,1,1,1,1,1,1,1,1,1,1,1,1,1,1,1,1,1,1,1,1,1,1,1,1,1,1,1,1,1,1,1,0
2026-07-07 18:00:00,371.3165594,0,0,0,0,0,0,0.0824166666666667,5.73291,30.4123383333333,51.31607,46.5772233333333,41.91068,41.9390983333333,44.1525616666667,47.4379,37.86935,10.95718,4.85640166666667,2.22175,1.40783666666667,1.12076,0.933933333333333,0.851551666666667,0.569853333333333,0.303446666666667,0.215281666666667,0.152645,0.13201,0.11387,0.106325,0.07375,0.0785883333333333,0.072185,0.0493616666666667,0.0515583333333333,0.0513433333333333,0.041805,0.03354,0.0366133333333333,0.027455,0.0161116666666667,0.0178866666666667,0.0183933333333333,0.01102,0.0188983333333333,0.0141583333333333,0.011935,0.00767833333333333,0.01126,0.00860166666666667,0.00939,0.010115,0.00649,0.00743833333333333,0.00619833333333333,0.00391666666666667,0.00633666666666667,0.003005,0.00412666666666667,0.00314333333333333,0.00455333333333333,0.00409,0.00150333333333333,0.000923333333333333,0.00288,0.00078,0.002105,0.000968333333333333,0.000833333333333333,0.00083,0.000573333333333333,0.000448333333333333,0.00057,0.000615,0.00066,0.000705,0.00075,0.000225,0,1,0,0,0,0,0,0,1,1,1,1,1,1,1,1,1,1,1,1,1,1,1,1,1,1,1,1,1,1,1,1,1,1,1,1,1,1,1,1,1,1,1,1,1,1,1,1,1,1,1,1,1,1,1,1,1,1,1,1,1,1,1,1,1,1,1,1,1,1,1,1,1,1,1,1,1,1,1,1,0
2026-07-07 19:00:00,325.955668083333,0,0,0,0,0,0,0.0624383333333333,4.52223166666667,24.3028233333333,41.690995,38.8504916666667,35.8007183333333,36.535405,39.7672116666667,43.9082616666667,36.3358433333333,10.3554083333333,4.835345,2.29116333333333,1.45309666666667,1.09348333333333,0.969575,0.835573333333333,0.610338333333333,0.34293,0.216506666666667,0.17025,0.13886,0.102206666666667,0.0886833333333333,0.0786816666666667,0.0867483333333333,0.0643266666666667,0.0616066666666667,0.051635,0.0492966666666667,0.0452033333333333,0.0370316666666667,0.0372366666666667,0.023375,0.0191783333333333,0.0171633333333333,0.0163516666666667,0.01136,0.0139483333333333,0.015855,0.01691,0.0139033333333333,0.0119766666666667,0.00485333333333333,0.0119966666666667,0.007885,0.0113066666666667,0.00798666666666667,0.00308166666666667,0.00416333333333333,0.003785,0.00283666666666667,0.00318333333333333,0.00468166666666667,0.00298666666666667,0.00202333333333333,0.00133833333333333,0.00373333333333333,0.00172666666666667,0.00232833333333333,0.00337333333333333,0.00388833333333333,0.001185,0.000608333333333333,0.000826666666666667,0.00151666666666667,0.000823333333333333,0.000886666666666667,0.000951666666666667,0.00101833333333333,0.001085,0.000323333333333333,0,1,0,0,0,0,0,0,1,1,1,1,1,1,1,1,1,1,1,1,1,1,1,1,1,1,1,1,1,1,1,1,1,1,1,1,1,1,1,1,1,1,1,1,1,1,1,1,1,1,1,1,1,1,1,1,1,1,1,1,1,1,1,1,1,1,1,1,1,1,1,1,1,1,1,1,1,1,1,1,0
2026-07-07 20:00:00,246.25489015,0,0,0,0,0,0,0.049835,3.48376333333333,18.5535233333333,31.7340183333333,29.6188133333333,27.1281966666667,28.07236,30.8244216666667,33.22565,25.683015,7.65362666666667,3.72927333333333,1.80957666666667,1.19004666666667,0.92974,0.840241666666667,0.735111666666667,0.477596666666667,0.283916666666667,0.18263,0.140838333333333,0.130731666666667,0.108861666666667,0.0957633333333333,0.071185,0.0674683333333333,0.061375,0.0511066666666667,0.04759,0.0437216666666667,0.0414233333333333,0.0355683333333333,0.0237016666666667,0.0174333333333333,0.01992,0.0146783333333333,0.0156783333333333,0.00855666666666667,0.01268,0.0123516666666667,0.006345,0.0119066666666667,0.00916333333333333,0.00527166666666667,0.00768333333333333,0.00626666666666667,0.006685,0.0038,0.00208,0.00561833333333333,0.002895,0.00298166666666667,0.00277666666666667,0.00374666666666667,0.00251333333333333,0.00484333333333333,0.00235333333333333,0.002965,0.00287833333333333,0.00015,0,0.000836666666666667,0.000833333333333333,0.00083,0.000986666666666667,0.00120666666666667,0.00038,0.00041,0.00044,0.00047,0.0005,0.00015,0,1,0,0,0,0,0,0,1,1,1,1,1,1,1,1,1,1,1,1,1,1,1,1,1,1,1,1,1,1,1,1,1,1,1,1,1,1,1,1,1,1,1,1,1,1,1,1,1,1,1,1,1,1,1,1,1,1,1,1,1,1,1,1,1,1,1,1,1,1,1,1,1,1,1,1,1,1,1,1,0
2026-07-07 21:00:00,239.258557416667,0,0,0,0,0,0,0.03793,3.21806833333333,17.3829883333333,30.0833983333333,28.15858,26.3239716666667,27.3740516666667,30.3739766666667,32.1174866666667,25.6071216666667,7.75478833333333,3.72362666666667,1.745875,1.133985,0.915246666666667,0.791831666666667,0.707015,0.457141666666667,0.251525,0.14997,0.122676666666667,0.113305,0.0842633333333333,0.0835816666666667,0.0631616666666667,0.06861,0.0549316666666667,0.04922,0.0437933333333333,0.0427483333333333,0.0312766666666667,0.0255533333333333,0.0248833333333333,0.01749,0.0145533333333333,0.0121116666666667,0.0123283333333333,0.00569833333333333,0.00847833333333333,0.00742666666666667,0.007735,0.00588833333333333,0.00445333333333333,0.00501333333333333,0.00379833333333333,0.00334833333333333,0.00220666666666667,0.00259,0.002105,0.000968333333333333,0.00260833333333333,0.000775,0.000856666666666667,0.000855,0.000806666666666667,0.00294,0.000933333333333333,0.00123166666666667,0.000808333333333333,0.000918333333333333,0.000708333333333333,0.00136666666666667,0.001075,0.000608333333333333,0,0.000433333333333333,0.0000633333333333333,0.0000683333333333333,0.0000733333333333333,0.0000783333333333333,0.0000833333333333333,0.000025,0,1,0,0,0,0,0,0,1,1,1,1,1,1,1,1,1,1,1,1,1,1,1,1,1,1,1,1,1,1,1,1,1,1,1,1,1,1,1,1,1,1,1,1,1,1,1,1,1,1,1,1,1,1,1,1,1,1,1,1,1,1,1,1,1,1,1,1,1,1,1,1,1,1,1,1,1,1,1,1,0
2026-07-07 22:00:00,251.920871216667,0,0,0,0,0,0,0.0391866666666667,3.19281333333333,17.4328483333333,30.7800366666667,29.3255666666667,27.2808733333333,28.5374033333333,31.834555,34.6013683333333,27.8018183333333,8.26980166666667,4.05998666666667,1.92496666666667,1.252545,0.977495,0.842073333333333,0.748038333333333,0.448761666666667,0.286231666666667,0.17154,0.145418333333333,0.110613333333333,0.100803333333333,0.0891416666666667,0.07286,0.0632683333333333,0.0496183333333333,0.0510666666666667,0.03979,0.0368716666666667,0.03182,0.0241283333333333,0.024135,0.013795,0.0137866666666667,0.00992,0.011465,0.00806666666666667,0.00796666666666667,0.005065,0.00947833333333333,0.00786666666666667,0.00619,0.00325,0.00524833333333333,0.005425,0.00252,0.002465,0.001075,0.000566666666666667,0.00283833333333333,0.00329666666666667,0.00357,0.00221333333333333,0,0.00192166666666667,0.00190333333333333,0.00119333333333333,0.00219166666666667,0.00168666666666667,0,0,0.000416666666666667,0.000173333333333333,0.0004,0.00116166666666667,0.000251666666666667,0.00027,0.000291666666666667,0.000313333333333333,0.000336666666666667,0.0000983333333333333,0,1,0,0,0,0,0,0,1,1,1,1,1,1,1,1,1,1,1,1,1,1,1,1,1,1,1,1,1,1,1,1,1,1,1,1,1,1,1,1,1,1,1,1,1,1,1,1,1,1,1,1,1,1,1,1,1,1,1,1,1,1,1,1,1,1,1,1,1,1,1,1,1,1,1,1,1,1,1,1,0
2026-07-07 23:00:00,248.448354616667,0,0,0,0,0,0,0.044135,3.21862333333333,17.2839816666667,30.7024466666667,29.0232933333333,27.09834,28.2099183333333,31.2688766666667,34.3370916666667,27.3542483333333,8.25253666666667,3.90242166666667,1.93186166666667,1.21569,0.956533333333333,0.823446666666667,0.740016666666667,0.480161666666667,0.281983333333333,0.171253333333333,0.135455,0.109036666666667,0.0873183333333333,0.0926233333333333,0.072295,0.060105,0.0546533333333333,0.0447833333333333,0.045645,0.038105,0.03708,0.0262283333333333,0.0223366666666667,0.01752,0.0174016666666667,0.0129933333333333,0.01311,0.00971,0.0152483333333333,0.0102833333333333,0.00706666666666667,0.00876833333333333,0.00438166666666667,0.00791,0.00474833333333333,0.00421666666666667,0.004445,0.00345,0.003645,0.00236166666666667,0.00217833333333333,0.00249333333333333,0.00266666666666667,0.002465,0.000853333333333333,0.000748333333333333,0.00126166666666667,0.003,0.00127,0.00078,0.000138333333333333,0.00163333333333333,0.00128666666666667,0.000173333333333333,0.000653333333333333,0.00127833333333333,0.000126666666666667,0.000136666666666667,0.000146666666666667,0.000156666666666667,0.000166666666666667,0.00005,0,1,0,0,0,0,0,0,1,1,1,1,1,1,1,1,1,1,1,1,1,1,1,1,1,1,1,1,1,1,1,1,1,1,1,1,1,1,1,1,1,1,1,1,1,1,1,1,1,1,1,1,1,1,1,1,1,1,1,1,1,1,1,1,1,1,1,1,1,1,1,1,1,1,1,1,1,1,1,1,0
2026-07-08,250.548897266667,0,0,0,0,0,0,0.0455166666666667,3.22073833333333,17.5412833333333,31.012105,29.32355,27.2898183333333,28.4990533333333,31.5685416666667,34.6086966666667,27.4888483333333,8.17852166666667,3.91533666666667,1.9219,1.21891833333333,0.952055,0.80022,0.724325,0.480753333333333,0.269756666666667,0.181256666666667,0.138795,0.11022,0.0970016666666667,0.089605,0.0794716666666667,0.07058,0.0605516666666667,0.0403,0.0376966666666667,0.0379433333333333,0.0332883333333333,0.026935,0.020195,0.01808,0.0132466666666667,0.0123266666666667,0.0112633333333333,0.0105816666666667,0.009065,0.012015,0.006565,0.00688833333333333,0.00514,0.00515,0.006705,0.00293833333333333,0.00338166666666667,0.00307333333333333,0.00279,0.00297666666666667,0.00352666666666667,0.00235166666666667,0.00134,0.000426666666666667,0.00123333333333333,0.00132333333333333,0,0.000808333333333333,0.00046,0,0.00042,0.000796666666666667,0.000453333333333333,0.000761666666666667,0.00048,0.0000433333333333333,0.000126666666666667,0.000136666666666667,0.000146666666666667,0.000156666666666667,0.000166666666666667,0.00005,0,1,0,0,0,0,0,0,1,1,1,1,1,1,1,1,1,1,1,1,1,1,1,1,1,1,1,1,1,1,1,1,1,1,1,1,1,1,1,1,1,1,1,1,1,1,1,1,1,1,1,1,1,1,1,1,1,1,1,1,1,1,1,1,1,1,1,1,1,1,1,1,1,1,1,1,1,1,1,1,0
2026-07-08 01:00:00,263.5126294,0,0,0,0,0,0,0.04527,3.46231833333333,18.9102983333333,33.0594866666667,31.1545633333333,28.7841916666667,29.8213816666667,33.0748716666667,36.39,28.694195,8.67002,4.12513166666667,1.94376833333333,1.21236,1.0029,0.875935,0.730146666666667,0.463405,0.278108333333333,0.16143,0.131436666666667,0.119813333333333,0.0892083333333333,0.0899666666666667,0.0674633333333333,0.0631016666666667,0.047305,0.0446,0.0422683333333333,0.0388083333333333,0.0290083333333333,0.0274216666666667,0.0185183333333333,0.0196333333333333,0.0147933333333333,0.014095,0.01101,0.00927666666666667,0.00726833333333333,0.00713,0.00513333333333333,0.00674,0.007255,0.004645,0.00557333333333333,0.00505833333333333,0.00310333333333333,0.00205833333333333,0.00170666666666667,0.00142166666666667,0.00298166666666667,0.00246333333333333,0.00182333333333333,0.000428333333333333,0.00170666666666667,0.00085,0.000386666666666667,0.000461666666666667,0.000421666666666667,0.001265,0,0.000398333333333333,0.0000183333333333333,0.000415,0,0.000455,0.000126666666666667,0.000136666666666667,0.000146666666666667,0.000156666666666667,0.000166666666666667,0.00005,0,1,0,0,0,0,0,0,1,1,1,1,1,1,1,1,1,1,1,1,1,1,1,1,1,1,1,1,1,1,1,1,1,1,1,1,1,1,1,1,1,1,1,1,1,1,1,1,1,1,1,1,1,1,1,1,1,1,1,1,1,1,1,1,1,1,1,1,1,1,1,1,1,1,1,1,1,1,1,1,0
2026-07-08 02:00:00,274.545564583333,0,0,0,0,0,0,0.0517383333333333,3.6921,19.996825,34.9052283333333,32.76599,29.6416066666667,30.7651633333333,33.9494516666667,37.2092116666667,30.49711,9.05191166666667,4.17489833333333,2.022305,1.26157,1.02103833333333,0.879095,0.762525,0.497083333333333,0.311558333333333,0.205341666666667,0.133503333333333,0.125888333333333,0.0994816666666667,0.08557,0.0754433333333333,0.0588683333333333,0.0489316666666667,0.05508,0.0470416666666667,0.0392216666666667,0.0314516666666667,0.027555,0.01853,0.01703,0.0150933333333333,0.01192,0.01326,0.00697333333333333,0.00944833333333333,0.008865,0.00787333333333333,0.006145,0.00545,0.00628333333333333,0.00477,0.00291666666666667,0.00621833333333333,0.003645,0.00538,0.00421,0.00272333333333333,0.000688333333333333,0.00120666666666667,0.001785,0.00232333333333333,0.000985,0.000526666666666667,0.000423333333333333,0.000843333333333333,0.000843333333333333,0,0,0.00064,0.000193333333333333,0,0.0000216666666666667,0.0000633333333333333,0.0000683333333333333,0.0000733333333333333,0.0000783333333333333,0.0000833333333333333,0.000025,0,1,0,0,0,0,0,0,1,1,1,1,1,1,1,1,1,1,1,1,1,1,1,1,1,1,1,1,1,1,1,1,1,1,1,1,1,1,1,1,1,1,1,1,1,1,1,1,1,1,1,1,1,1,1,1,1,1,1,1,1,1,1,1,1,1,1,1,1,1,1,1,1,1,1,1,1,1,1,1,0
2026-07-08 03:00:00,253.38243225,0,0,0,0,0,0,0.0426,3.06796666666667,17.1230783333333,30.7259666666667,29.2501583333333,27.5772766666667,29.122735,32.0688016666667,35.860645,29.4375183333333,8.49585333333333,3.988805,1.86431666666667,1.15531666666667,0.904708333333333,0.788758333333333,0.668865,0.430581666666667,0.260375,0.160341666666667,0.112521666666667,0.095455,0.08214,0.0799916666666667,0.0557616666666667,0.0493266666666667,0.0453583333333333,0.042585,0.0394566666666667,0.04143,0.0285716666666667,0.020225,0.0197583333333333,0.0138433333333333,0.0101883333333333,0.01191,0.012145,0.0118533333333333,0.00764833333333333,0.008295,0.00866,0.00601666666666667,0.00682333333333333,0.00642,0.00291,0.0054,0.00386166666666667,0.005125,0.000696666666666667,0.000945,0.002925,0.001605,0.00182333333333333,0.00170833333333333,0.00232333333333333,0.00130833333333333,0.000628333333333333,0.000423333333333333,0.00161333333333333,0.000075,0,0.001235,0.0000183333333333333,0,0,0.000065,0.00019,0.000205,0.00022,0.000235,0.00025,0.000075,0,1,0,0,0,0,0,0,1,1,1,1,1,1,1,1,1,1,1,1,1,1,1,1,1,1,1,1,1,1,1,1,1,1,1,1,1,1,1,1,1,1,1,1,1,1,1,1,1,1,1,1,1,1,1,1,1,1,1,1,1,1,1,1,1,1,1,1,1,1,1,1,1,1,1,1,1,1,1,1,0
2026-07-08 04:00:00,257.761436183333,0,0,0,0,0,0,0.0364316666666667,3.05559333333333,17.1211183333333,31.14725,29.6517633333333,28.3067783333333,29.33044,32.7235583333333,36.14613,29.9939366666667,8.69034,4.00172,1.909335,1.14259333333333,0.898783333333333,0.77087,0.707966666666667,0.441983333333333,0.242903333333333,0.157263333333333,0.118533333333333,0.0995516666666667,0.0780333333333333,0.0671883333333333,0.0550983333333333,0.0593016666666667,0.0485,0.0464516666666667,0.0371216666666667,0.0289916666666667,0.0311633333333333,0.0227816666666667,0.0190566666666667,0.00968333333333333,0.0140033333333333,0.011015,0.00891166666666667,0.009275,0.005225,0.00769833333333333,0.00526833333333333,0.00730333333333333,0.00588166666666667,0.00628333333333333,0.005205,0.00540166666666667,0.00482,0.00309166666666667,0.00286166666666667,0.00325,0.002495,0.00209,0.001515,0.000251666666666667,0.00128,0,0.00085,0.000808333333333333,0.000806666666666667,0.000496666666666667,0.000288333333333333,0.000968333333333333,0,0.000415,0,0.000065,0.00019,0.000205,0.00022,0.000235,0.00025,0.000075,0,1,0,0,0,0,0,0,1,1,1,1,1,1,1,1,1,1,1,1,1,1,1,1,1,1,1,1,1,1,1,1,1,1,1,1,1,1,1,1,1,1,1,1,1,1,1,1,1,1,1,1,1,1,1,1,1,1,1,1,1,1,1,1,1,1,1,1,1,1,1,1,1,1,1,1,1,1,1,1,0
2026-07-08 05:00:00,284.263288866667,0,0,0,0,0,0,0.04305,3.46863,18.8598066666667,33.8321583333333,32.5120216666667,30.9557216666667,32.2336016666667,35.9496816666667,39.9583966666667,34.3290366666667,9.932155,4.68343333333333,2.16916,1.32756166666667,1.03844166666667,0.876596666666667,0.748406666666667,0.48991,0.286686666666667,0.172528333333333,0.116706666666667,0.0933516666666667,0.089095,0.0770816666666667,0.0656883333333333,0.057455,0.05218,0.0513333333333333,0.0379666666666667,0.0369533333333333,0.0262016666666667,0.0271,0.021335,0.0146333333333333,0.012925,0.0138016666666667,0.01203,0.00996,0.0114116666666667,0.0110983333333333,0.0101166666666667,0.004985,0.00588166666666667,0.005025,0.00427333333333333,0.00462666666666667,0.003745,0.00271166666666667,0.00365166666666667,0.00122666666666667,0.00286666666666667,0.00212166666666667,0.00114166666666667,0.00153333333333333,0.000853333333333333,0.001275,0.0017,0.000808333333333333,0.000731666666666667,0.00127666666666667,0.000138333333333333,0.000398333333333333,0.0000183333333333333,0.000173333333333333,0.000653333333333333,0.00052,0.000316666666666667,0.000341666666666667,0.000366666666666667,0.000391666666666667,0.000416666666666667,0.000125,0,1,0,0,0,0,0,0,1,1,1,1,1,1,1,1,1,1,1,1,1,1,1,1,1,1,1,1,1,1,1,1,1,1,1,1,1,1,1,1,1,1,1,1,1,1,1,1,1,1,1,1,1,1,1,1,1,1,1,1,1,1,1,1,1,1,1,1,1,1,1,1,1,1,1,1,1,1,1,1,0
2026-07-08 06:00:00,338.25559695,0,0,0,0,0,0,0.0503616666666667,4.06452333333333,21.844225,38.8616183333333,37.58831,36.10813,38.2395883333333,43.5047633333333,49.3783216666667,40.6879883333333,12.152275,5.85591333333333,2.806235,1.70919666666667,1.34490666666667,1.12389666666667,1.03497666666667,0.659406666666667,0.35363,0.20194,0.146031666666667,0.133743333333333,0.0934716666666667,0.0775866666666667,0.0674683333333333,0.056135,0.04779,0.0423216666666667,0.0392516666666667,0.0428683333333333,0.02797,0.0236033333333333,0.0225233333333333,0.0179216666666667,0.011925,0.012325,0.0149516666666667,0.009495,0.0102866666666667,0.0113316666666667,0.0107733333333333,0.005745,0.00781666666666667,0.00827833333333333,0.00542833333333333,0.00460333333333333,0.00417666666666667,0.00478166666666667,0.00179666666666667,0.00365833333333333,0.00358333333333333,0.003555,0.00229333333333333,0.00332,0.00104333333333333,0.00108666666666667,0.000425,0.00207833333333333,0.0000383333333333333,0.00169333333333333,0.001255,0.000398333333333333,0.000435,0.00100333333333333,0.000813333333333333,0.000838333333333333,0.000506666666666667,0.000546666666666667,0.000586666666666667,0.000626666666666667,0.000666666666666667,0.0002,0,1,0,0,0,0,0,0,1,1,1,1,1,1,1,1,1,1,1,1,1,1,1,1,1,1,1,1,1,1,1,1,1,1,1,1,1,1,1,1,1,1,1,1,1,1,1,1,1,1,1,1,1,1,1,1,1,1,1,1,1,1,1,1,1,1,1,1,1,1,1,1,1,1,1,1,1,1,1,1,0
2026-07-08 07:00:00,357.106348166667,0,0,0,0,0,0,0.0571333333333333,3.839035,21.8281766666667,40.8364266666667,39.56202,37.94801,40.4753683333333,46.38586,53.0716266666667,41.972545,13.174305,6.48269166666667,3.21443666666667,2.03276666666667,1.57059833333333,1.39868833333333,1.20913,0.748825,0.416075,0.272701666666667,0.187165,0.164003333333333,0.110435,0.113111666666667,0.0968333333333333,0.0871183333333333,0.07307,0.05556,0.0453366666666667,0.0382633333333333,0.035855,0.03159,0.0269316666666667,0.0227333333333333,0.02039,0.018155,0.0136833333333333,0.0158433333333333,0.013495,0.0135,0.0105583333333333,0.0104016666666667,0.0113616666666667,0.00469833333333333,0.00477166666666667,0.00542333333333333,0.00655833333333333,0.006365,0.003875,0.00664,0.00309666666666667,0.00266833333333333,0.002735,0.00128,0.00256,0.00107166666666667,0.00105333333333333,0.00281,0.000576666666666667,0.00154833333333333,0.00181833333333333,0.00205166666666667,0.00026,0.000781666666666667,0.00106666666666667,0.000476666666666667,0.00019,0.000205,0.00022,0.000235,0.00025,0.000075,0,1,0,0,0,0,0,0,1,1,1,1,1,1,1,1,1,1,1,1,1,1,1,1,1,1,1,1,1,1,1,1,1,1,1,1,1,1,1,1,1,1,1,1,1,1,1,1,1,1,1,1,1,1,1,1,1,1,1,1,1,1,1,1,1,1,1,1,1,1,1,1,1,1,1,1,1,1,1,1,0
2026-07-08 08:00:00,323.778589883333,0,0,0,0,0,0,0.04302,3.28432666666667,19.1885983333333,36.299405,35.6840233333333,34.8509383333333,37.5768316666667,42.70139,48.98386,36.1657933333333,11.668015,5.86481833333333,2.855105,1.873955,1.46727,1.23875166666667,1.062475,0.64872,0.360718333333333,0.212776666666667,0.139956666666667,0.123558333333333,0.09974,0.103638333333333,0.0689416666666667,0.0691866666666667,0.0556983333333333,0.0488533333333333,0.0449233333333333,0.0410733333333333,0.0325783333333333,0.027505,0.0211966666666667,0.0205266666666667,0.0175133333333333,0.016165,0.0182283333333333,0.0117983333333333,0.00897666666666667,0.0132416666666667,0.0122166666666667,0.00851666666666667,0.00888833333333333,0.010015,0.00673166666666667,0.00747333333333333,0.00460833333333333,0.00449833333333333,0.003875,0.00357333333333333,0.003755,0.00137333333333333,0.00395333333333333,0.00161,0.00379166666666667,0.00292166666666667,0.00218833333333333,0.000885,0.00203666666666667,0.000496666666666667,0.00126,0.001215,0.000453333333333333,0.00183333333333333,0.0004,0.000881666666666667,0.000633333333333333,0.000681666666666667,0.000731666666666667,0.000783333333333333,0.000835,0.000248333333333333,0,1,0,0,0,0,0,0,1,1,1,1,1,1,1,1,1,1,1,1,1,1,1,1,1,1,1,1,1,1,1,1,1,1,1,1,1,1,1,1,1,1,1,1,1,1,1,1,1,1,1,1,1,1,1,1,1,1,1,1,1,1,1,1,1,1,1,1,1,1,1,1,1,1,1,1,1,1,1,1,0
2026-07-08 09:00:00,301.089298,0,0,0,0,0,0,0.0326083333333333,2.94254,17.2734533333333,33.00693,32.9185116666667,32.0543833333333,34.548945,39.9026616666667,46.5168983333333,34.7009383333333,11.2482133333333,5.55009,2.738685,1.77964,1.42431333333333,1.25191333333333,1.04803833333333,0.606306666666667,0.3221,0.18868,0.1459,0.0995516666666667,0.08827,0.0809266666666667,0.065145,0.058665,0.0593266666666667,0.0436133333333333,0.03734,0.0312266666666667,0.0239683333333333,0.0294683333333333,0.0244,0.0198566666666667,0.0165116666666667,0.012285,0.01265,0.00921166666666667,0.01486,0.00893166666666667,0.00780333333333333,0.01203,0.008655,0.00734333333333333,0.00811333333333333,0.00665166666666667,0.00424666666666667,0.004605,0.00402333333333333,0.00333,0.00539,0.00255,0.00209666666666667,0.00314833333333333,0.00128,0.00449166666666667,0.00308333333333333,0.0000766666666666667,0.002035,0.000918333333333333,0.000996666666666667,0.00227666666666667,0.000518333333333333,0.000801666666666667,0,0.000671666666666667,0.00076,0.000816666666666667,0.000876666666666667,0.00094,0.00100333333333333,0.000296666666666667,0,1,0,0,0,0,0,0,1,1,1,1,1,1,1,1,1,1,1,1,1,1,1,1,1,1,1,1,1,1,1,1,1,1,1,1,1,1,1,1,1,1,1,1,1,1,1,1,1,1,1,1,1,1,1,1,1,1,1,1,1,1,1,1,1,1,1,1,1,1,1,1,1,1,1,1,1,1,1,1,0
2026-07-08 10:00:00,303.859298183333,0,0,0,0,0,0,0.037085,2.85650333333333,16.9664716666667,33.4415666666667,32.7816533333333,32.2004983333333,34.3370716666667,39.7839733333333,46.4959983333333,36.85422,12.0080266666667,5.95439,2.92692,1.88117333333333,1.43455666666667,1.29005833333333,1.04193,0.629941666666667,0.342068333333333,0.196406666666667,0.145485,0.134743333333333,0.09851,0.0791033333333333,0.056455,0.049925,0.06204,0.0472,0.038935,0.030415,0.030025,0.0280633333333333,0.023545,0.0215066666666667,0.0167983333333333,0.0170466666666667,0.0159233333333333,0.0115783333333333,0.0138233333333333,0.0169483333333333,0.00982166666666667,0.0113066666666667,0.007815,0.00700833333333333,0.00981,0.00708833333333333,0.00625333333333333,0.006135,0.003795,0.00470166666666667,0.003815,0.00318166666666667,0.00205333333333333,0.00324,0.00360333333333333,0.00173333333333333,0.00225166666666667,0.00207833333333333,0.001655,0.000993333333333333,0.00126,0,0.000833333333333333,0.001245,0,0.000195,0.00057,0.000611666666666667,0.000656666666666667,0.000705,0.000753333333333333,0.000221666666666667,0,1,0,0,0,0,0,0,1,1,1,1,1,1,1,1,1,1,1,1,1,1,1,1,1,1,1,1,1,1,1,1,1,1,1,1,1,1,1,1,1,1,1,1,1,1,1,1,1,1,1,1,1,1,1,1,1,1,1,1,1,1,1,1,1,1,1,1,1,1,1,1,1,1,1,1,1,1,1,1,0
2026-07-08 11:00:00,357.094630466667,0,0,0,0,0,0,0.0403016666666667,2.927695,18.1553016666667,36.0614933333333,36.0600316666667,35.6042283333333,39.1024983333333,45.6385966666667,54.65461,49.7525933333333,16.368055,8.121235,3.91880833333333,2.546515,1.96783166666667,1.68742666666667,1.43435333333333,0.837758333333333,0.438141666666667,0.23582,0.16611,0.13418,0.109976666666667,0.0884533333333333,0.0691433333333333,0.0707216666666667,0.0443733333333333,0.0423766666666667,0.0427416666666667,0.036715,0.0265916666666667,0.0235866666666667,0.019795,0.0221066666666667,0.0214766666666667,0.0164466666666667,0.0139566666666667,0.012925,0.01398,0.00887833333333333,0.0112816666666667,0.0117266666666667,0.00983166666666667,0.00794333333333333,0.00788166666666667,0.00417,0.00672,0.004675,0.005645,0.00682,0.002695,0.00346833333333333,0.00246166666666667,0.002895,0.00313,0.00433166666666667,0.00182666666666667,0.00177,0.001115,0.000993333333333333,0.000708333333333333,0.001805,0.000223333333333333,0.000366666666666667,0.00024,0.000583333333333333,0.000505,0.000545,0.000585,0.000626666666666667,0.000668333333333333,0.000198333333333333,0,1,0,0,0,0,0,0,1,1,1,1,1,1,1,1,1,1,1,1,1,1,1,1,1,1,1,1,1,1,1,1,1,1,1,1,1,1,1,1,1,1,1,1,1,1,1,1,1,1,1,1,1,1,1,1,1,1,1,1,1,1,1,1,1,1,1,1,1,1,1,1,1,1,1,1,1,1,1,1,0
2026-07-08 12:00:00,383.215776616667,0,0,0,0,0,0,0.03977,2.86380166666667,18.051795,36.481605,37.3074233333333,37.1029033333333,40.859645,47.7075666666667,57.5166633333333,58.8433266666667,19.9430583333333,9.61018666666667,4.66530666666667,2.86261333333333,2.28190666666667,1.920375,1.658595,1.03420333333333,0.540678333333333,0.289571666666667,0.177443333333333,0.136721666666667,0.102746666666667,0.0840433333333333,0.0674483333333333,0.0567716666666667,0.0482233333333333,0.0437716666666667,0.0295216666666667,0.0286416666666667,0.0227783333333333,0.017095,0.0139583333333333,0.0164733333333333,0.0146783333333333,0.0111916666666667,0.0105266666666667,0.00693666666666667,0.0103183333333333,0.00872333333333333,0.00555333333333333,0.006435,0.00382,0.00764333333333333,0.00542666666666667,0.00378333333333333,0.00640833333333333,0.00436833333333333,0.006295,0.00335333333333333,0.00412833333333333,0.00464333333333333,0.00273666666666667,0.000853333333333333,0.00275,0.002685,0.001725,0.00130833333333333,0.00242,0.000571666666666667,0,0,0.000416666666666667,0.00141833333333333,0.00106666666666667,0.000953333333333333,0.00038,0.00041,0.00044,0.00047,0.0005,0.00015,0,1,0,0,0,0,0,0,1,1,1,1,1,1,1,1,1,1,1,1,1,1,1,1,1,1,1,1,1,1,1,1,1,1,1,1,1,1,1,1,1,1,1,1,1,1,1,1,1,1,1,1,1,1,1,1,1,1,1,1,1,1,1,1,1,1,1,1,1,1,1,1,1,1,1,1,1,1,1,1,0
2026-07-08 13:00:00,406.628717016667,0,0,0,0,0,0,0.0430516666666667,2.92160666666667,18.1718383333333,37.1539833333333,38.5159333333333,38.7982483333333,42.54787,50.5035083333333,61.0411916666667,64.28524,22.105925,10.84768,5.15095,3.32378166666667,2.57650666666667,2.18039833333333,1.875645,1.17674666666667,0.59265,0.315123333333333,0.202655,0.147768333333333,0.103433333333333,0.0919166666666667,0.073845,0.0626,0.0506166666666667,0.035335,0.0356983333333333,0.0215433333333333,0.0249016666666667,0.0166183333333333,0.00866333333333333,0.0118333333333333,0.0126933333333333,0.00907,0.007175,0.00585,0.009805,0.00730166666666667,0.00621333333333333,0.00605333333333333,0.00506666666666667,0.00331,0.00555833333333333,0.00629166666666667,0.00449333333333333,0.00536333333333333,0.003495,0.00223,0.00306666666666667,0.00447,0.00119666666666667,0.00495333333333333,0.00147,0.00108666666666667,0.00201,0.00219333333333333,0.002075,0.000918333333333333,0.00084,0.000816666666666667,0.000435,0.00166,0.000733333333333333,0.00111333333333333,0.00057,0.000613333333333333,0.000658333333333333,0.000705,0.000751666666666667,0.000223333333333333,0,1,0,0,0,0,0,0,1,1,1,1,1,1,1,1,1,1,1,1,1,1,1,1,1,1,1,1,1,1,1,1,1,1,1,1,1,1,1,1,1,1,1,1,1,1,1,1,1,1,1,1,1,1,1,1,1,1,1,1,1,1,1,1,1,1,1,1,1,1,1,1,1,1,1,1,1,1,1,1,0
2026-07-08 14:00:00,413.3737621,0,0,0,0,0,0,0.039485,2.898395,18.27293,37.2160533333333,38.5756083333333,39.0357283333333,43.2602366666667,51.1810783333333,61.8706083333333,66.52038,23.1310866666667,11.3833333333333,5.51389,3.575005,2.72541666666667,2.33831,2.0332,1.31290833333333,0.614178333333333,0.31677,0.191911666666667,0.14316,0.10114,0.0781583333333333,0.0605266666666667,0.0562433333333333,0.04818,0.0309333333333333,0.0279916666666667,0.0211116666666667,0.0150816666666667,0.0134,0.0118983333333333,0.0166466666666667,0.00800166666666667,0.00643,0.00828666666666667,0.00651,0.00409666666666667,0.007635,0.004485,0.004965,0.00404833333333333,0.00404833333333333,0.00349,0.00337166666666667,0.00406,0.00424333333333333,0.00289,0.00314666666666667,0.003785,0.00197833333333333,0.00257833333333333,0.00314333333333333,0.00128,0.00202333333333333,0.002575,0.00331,0.00219,0.000358333333333333,0.000715,0.000263333333333333,0.000833333333333333,0.000173333333333333,0.00122666666666667,0.000513333333333333,0.00076,0.000816666666666667,0.000876666666666667,0.00094,0.00100333333333333,0.000296666666666667,0,1,0,0,0,0,0,0,1,1,1,1,1,1,1,1,1,1,1,1,1,1,1,1,1,1,1,1,1,1,1,1,1,1,1,1,1,1,1,1,1,1,1,1,1,1,1,1,1,1,1,1,1,1,1,1,1,1,1,1,1,1,1,1,1,1,1,1,1,1,1,1,1,1,1,1,1,1,1,1,0
2026-07-08 15:00:00,380.12975215,0,0,0,0,0,0,0.04192,3.46433,19.863755,37.4161916666667,37.7448716666667,37.2781116666667,40.916445,47.845065,56.4680566666667,57.64231,18.7360716666667,8.99209166666667,4.27350833333333,2.72328833333333,2.11296166666667,1.79526166666667,1.520765,0.963406666666667,0.474225,0.232773333333333,0.150091666666667,0.103266666666667,0.085795,0.0706983333333333,0.05167,0.0472416666666667,0.0355,0.0253083333333333,0.026425,0.02159,0.0148833333333333,0.0149066666666667,0.008455,0.00830333333333333,0.01062,0.00769333333333333,0.00820666666666667,0.00961833333333333,0.0028,0.00501,0.01021,0.005325,0.00623333333333333,0.00674333333333333,0.00169333333333333,0.00296333333333333,0.00399,0.00655166666666667,0.00448166666666667,0.00188166666666667,0.003125,0.00303666666666667,0.00203,0.00203666666666667,0.00170666666666667,0.00159833333333333,0.001725,0.00304,0.00272833333333333,0.00191166666666667,0.002965,0.00163,0.0000183333333333333,0,0.000413333333333333,0.000585,0.000506666666666667,0.000546666666666667,0.000586666666666667,0.000626666666666667,0.000666666666666667,0.0002,0,1,0,0,0,0,0,0,1,1,1,1,1,1,1,1,1,1,1,1,1,1,1,1,1,1,1,1,1,1,1,1,1,1,1,1,1,1,1,1,1,1,1,1,1,1,1,1,1,1,1,1,1,1,1,1,1,1,1,1,1,1,1,1,1,1,1,1,1,1,1,1,1,1,1,1,1,1,1,1,0
2026-07-08 16:00:00,344.102968933333,0,0,0,0,0,0,0.050565,3.34855833333333,19.1858166666667,35.1876533333333,35.3841316666667,34.5258383333333,37.4101433333333,42.80551,50.3560933333333,50.3466083333333,15.8764316666667,7.42717666666667,3.52925666666667,2.18683,1.65630333333333,1.45111166666667,1.20935166666667,0.77452,0.391066666666667,0.201911666666667,0.140786666666667,0.100186666666667,0.0743366666666667,0.0582483333333333,0.0467583333333333,0.0394183333333333,0.0340933333333333,0.03404,0.0230216666666667,0.0173433333333333,0.015625,0.0151016666666667,0.0137633333333333,0.00739333333333333,0.01083,0.00776666666666667,0.008575,0.00924,0.00426166666666667,0.00639166666666667,0.00411666666666667,0.00529333333333333,0.00389333333333333,0.00588,0.00503333333333333,0.00344333333333333,0.00355833333333333,0.00258666666666667,0.00375333333333333,0.00354833333333333,0.00252333333333333,0.00295,0.000405,0.00135666666666667,0.002085,0.002395,0.00144,0.000461666666666667,0.00119166666666667,0.00134,0.00084,0.00165333333333333,0.001075,0.000193333333333333,0.000413333333333333,0.00013,0.00038,0.000406666666666667,0.000436666666666667,0.00047,0.000503333333333333,0.000146666666666667,0,1,0,0,0,0,0,0,1,1,1,1,1,1,1,1,1,1,1,1,1,1,1,1,1,1,1,1,1,1,1,1,1,1,1,1,1,1,1,1,1,1,1,1,1,1,1,1,1,1,1,1,1,1,1,1,1,1,1,1,1,1,1,1,1,1,1,1,1,1,1,1,1,1,1,1,1,1,1,1,0
2026-07-08 17:00:00,334.931886283333,0,0,0,0,0,0,0.0467516666666667,3.31134,18.8288983333333,34.59567,34.9347883333333,33.93596,36.6957466666667,42.048215,49.43643,48.12291,14.7264866666667,6.931075,3.25886,2.01347,1.53644333333333,1.30136,1.11687666666667,0.661551666666667,0.377511666666667,0.19871,0.111666666666667,0.0957483333333333,0.07167,0.0632333333333333,0.0474816666666667,0.0360466666666667,0.02805,0.02449,0.0192633333333333,0.0198666666666667,0.0133616666666667,0.0124983333333333,0.00858166666666667,0.0105766666666667,0.00734,0.00820666666666667,0.00773666666666667,0.004915,0.0108316666666667,0.00649166666666667,0.006945,0.00702833333333333,0.00264666666666667,0.00314333333333333,0.005615,0.00537666666666667,0.00429333333333333,0.00339833333333333,0.00803666666666667,0.00308166666666667,0.00223666666666667,0.00303833333333333,0.00253666666666667,0.00281333333333333,0.00147,0.00163166666666667,0.00111666666666667,0.000885,0.000843333333333333,0.00127,0.000413333333333333,0.000418333333333333,0,0.000346666666666667,0.00130666666666667,0.000563333333333333,0.000443333333333333,0.000478333333333333,0.000513333333333333,0.000548333333333333,0.000583333333333333,0.000175,0,1,0,0,0,0,0,0,1,1,1,1,1,1,1,1,1,1,1,1,1,1,1,1,1,1,1,1,1,1,1,1,1,1,1,1,1,1,1,1,1,1,1,1,1,1,1,1,1,1,1,1,1,1,1,1,1,1,1,1,1,1,1,1,1,1,1,1,1,1,1,1,1,1,1,1,1,1,1,1,0
2026-07-08 18:00:00,368.195535316667,0,0,0,0,0,0,0.0464916666666667,3.4581,20.209165,37.4720633333333,37.9417683333333,37.2447666666667,41.1102,47.4254066666667,56.1856833333333,51.4598983333333,15.78096,7.61293,3.55491,2.23795333333333,1.678605,1.427855,1.24515833333333,0.790573333333333,0.374216666666667,0.229513333333333,0.156805,0.11473,0.0804166666666667,0.0724,0.061215,0.0461183333333333,0.0421833333333333,0.028595,0.02237,0.0224316666666667,0.018655,0.0143166666666667,0.0133883333333333,0.0116,0.00689833333333333,0.0129966666666667,0.00852,0.00607,0.00689333333333333,0.00772833333333333,0.0109816666666667,0.00728666666666667,0.00697666666666667,0.00739666666666667,0.00460333333333333,0.00465,0.00406,0.006225,0.00306666666666667,0.00441,0.002265,0.00277833333333333,0.00161166666666667,0.00400166666666667,0.00275,0.000661666666666667,0.00166166666666667,0.00331,0.00180166666666667,0.00196833333333333,0.00126666666666667,0.00053,0.000881666666666667,0.000386666666666667,0.00124,0.000931666666666667,0.000316666666666667,0.000341666666666667,0.000366666666666667,0.000391666666666667,0.000416666666666667,0.000125,0,1,0,0,0,0,0,0,1,1,1,1,1,1,1,1,1,1,1,1,1,1,1,1,1,1,1,1,1,1,1,1,1,1,1,1,1,1,1,1,1,1,1,1,1,1,1,1,1,1,1,1,1,1,1,1,1,1,1,1,1,1,1,1,1,1,1,1,1,1,1,1,1,1,1,1,1,1,1,1,0
2026-07-08 19:00:00,395.212507633333,0,0,0,0,0,0,0.049505,3.93758166666667,22.0710116666667,40.4942416666667,40.6819966666667,40.0397766666667,43.5260633333333,50.3769133333333,59.7368666666667,54.3617366666667,16.6703366666667,8.11174,3.78319166666667,2.44141,1.88671333333333,1.568815,1.35902833333333,0.842743333333333,0.432221666666667,0.23671,0.154386666666667,0.123901666666667,0.0878866666666667,0.0784966666666667,0.0659883333333333,0.05106,0.0391833333333333,0.0362516666666667,0.0210666666666667,0.0229816666666667,0.0213416666666667,0.0181666666666667,0.01889,0.0131833333333333,0.0117283333333333,0.0116966666666667,0.009705,0.007625,0.00706333333333333,0.0105116666666667,0.00838833333333333,0.00804833333333333,0.00983166666666667,0.00778833333333333,0.00475333333333333,0.00838666666666667,0.00619666666666667,0.003195,0.005625,0.00238833333333333,0.00327,0.00550166666666667,0.00333833333333333,0.00196,0.00170666666666667,0.001275,0.00166166666666667,0.002155,0.00203666666666667,0.000918333333333333,0,0,0.000223333333333333,0.000715,0.000721666666666667,0.00052,0.000316666666666667,0.000341666666666667,0.000366666666666667,0.000391666666666667,0.000416666666666667,0.000125,0,1,0,0,0,0,0,0,1,1,1,1,1,1,1,1,1,1,1,1,1,1,1,1,1,1,1,1,1,1,1,1,1,1,1,1,1,1,1,1,1,1,1,1,1,1,1,1,1,1,1,1,1,1,1,1,1,1,1,1,1,1,1,1,1,1,1,1,1,1,1,1,1,1,1,1,1,1,1,1,0
2026-07-08 20:00:00,418.716522216667,0,0,0,0,0,0,0.0477966666666667,4.12641333333333,23.4484966666667,42.6954733333333,42.6583966666667,41.741265,46.2768183333333,53.7327266666667,64.0614133333333,56.5247,17.5994883333333,8.70604833333333,4.0683,2.56590666666667,2.013175,1.6881,1.43016833333333,0.918301666666667,0.431796666666667,0.23757,0.175798333333333,0.142551666666667,0.116261666666667,0.0833966666666667,0.0712133333333333,0.0626933333333333,0.058695,0.040335,0.0363183333333333,0.03126,0.0262483333333333,0.0203566666666667,0.0199916666666667,0.0187483333333333,0.0164216666666667,0.0124916666666667,0.014645,0.01425,0.011805,0.011855,0.0112066666666667,0.0106366666666667,0.00959666666666667,0.00581166666666667,0.008895,0.00496666666666667,0.00655666666666667,0.00722,0.005575,0.00333,0.004185,0.00412833333333333,0.00291,0.00538333333333333,0.00360333333333333,0.00333166666666667,0.00277833333333333,0.000461666666666667,0.00284333333333333,0.00183666666666667,0.002545,0.000395,0,0.00100333333333333,0.00024,0.000585,0.000506666666666667,0.000545,0.000585,0.000626666666666667,0.000668333333333333,0.000198333333333333,0,1,0,0,0,0,0,0,1,1,1,1,1,1,1,1,1,1,1,1,1,1,1,1,1,1,1,1,1,1,1,1,1,1,1,1,1,1,1,1,1,1,1,1,1,1,1,1,1,1,1,1,1,1,1,1,1,1,1,1,1,1,1,1,1,1,1,1,1,1,1,1,1,1,1,1,1,1,1,1,0
2026-07-08 21:00:00,412.6792755,0,0,0,0,0,0,0.0610116666666667,4.36451833333333,23.4935816666667,42.3642333333333,41.8528216666667,40.7148816666667,44.6285416666667,51.655615,62.6969233333333,56.2760616666667,18.1877,9.09249666666667,4.36181666666667,2.81732833333333,2.17431,1.83148333333333,1.594065,0.978311666666667,0.508618333333333,0.303193333333333,0.206815,0.161946666666667,0.12296,0.109181666666667,0.088885,0.068445,0.057845,0.0491133333333333,0.0434983333333333,0.02838,0.0292983333333333,0.028025,0.0276166666666667,0.0180766666666667,0.0170016666666667,0.0192583333333333,0.017225,0.00902833333333333,0.0124033333333333,0.0129866666666667,0.0120116666666667,0.0122866666666667,0.00834666666666667,0.0101633333333333,0.00758,0.00881833333333333,0.00454,0.00656833333333333,0.00612,0.00400166666666667,0.00487166666666667,0.00358333333333333,0.00698333333333333,0.00382166666666667,0.00147,0.00236166666666667,0.002125,0.000846666666666667,0.00119166666666667,0.001485,0.001405,0.00055,0.00147333333333333,0.000608333333333333,0.0014,0.00172666666666667,0.000696666666666667,0.000748333333333333,0.000803333333333333,0.000861666666666667,0.00092,0.000271666666666667,0,1,0,0,0,0,0,0,1,1,1,1,1,1,1,1,1,1,1,1,1,1,1,1,1,1,1,1,1,1,1,1,1,1,1,1,1,1,1,1,1,1,1,1,1,1,1,1,1,1,1,1,1,1,1,1,1,1,1,1,1,1,1,1,1,1,1,1,1,1,1,1,1,1,1,1,1,1,1,1,0
2026-07-08 22:00:00,382.6448003,0,0,0,0,0,0,0.05212,4.58337833333333,23.5886683333333,40.6923916666667,39.198765,37.6310083333333,40.9335933333333,47.3473166666667,57.30258,51.0960366666667,16.8986583333333,8.66477666666667,4.22945,2.775945,2.22541666666667,1.855975,1.63432666666667,1.00846166666667,0.514518333333333,0.28126,0.207466666666667,0.158901666666667,0.12732,0.0982933333333333,0.085005,0.0911016666666667,0.0616316666666667,0.053485,0.0412716666666667,0.0380666666666667,0.03242,0.0269483333333333,0.0286616666666667,0.02392,0.0216716666666667,0.0174883333333333,0.0186366666666667,0.0125116666666667,0.0113616666666667,0.0147816666666667,0.0104733333333333,0.00996666666666667,0.00932333333333333,0.00867333333333333,0.007775,0.01124,0.00576333333333333,0.0062,0.00528333333333333,0.00370833333333333,0.00470166666666667,0.00441166666666667,0.00306333333333333,0.00186,0.00483666666666667,0.00390666666666667,0.00229,0.00169333333333333,0.00157833333333333,0.00184333333333333,0.000835,0.001235,0.001685,0,0.000413333333333333,0.000216666666666667,0.000633333333333333,0.000683333333333333,0.000733333333333333,0.000783333333333333,0.000833333333333333,0.00025,0,1,0,0,0,0,0,0,1,1,1,1,1,1,1,1,1,1,1,1,1,1,1,1,1,1,1,1,1,1,1,1,1,1,1,1,1,1,1,1,1,1,1,1,1,1,1,1,1,1,1,1,1,1,1,1,1,1,1,1,1,1,1,1,1,1,1,1,1,1,1,1,1,1,1,1,1,1,1,1,0
2026-07-08 23:00:00,360.909346533333,0,0,0,0,0,0,0.0485066666666667,4.04978,21.6078283333333,38.223595,37.085855,35.77563,39.0090116666667,45.05152,54.70107,48.0064466666667,15.7361983333333,8.05134666666667,3.99283,2.656895,2.064805,1.75404833333333,1.50708833333333,0.965811666666667,0.486606666666667,0.253961666666667,0.185923333333333,0.153583333333333,0.119683333333333,0.1046,0.0908583333333333,0.07167,0.0578683333333333,0.0505533333333333,0.041775,0.045725,0.034685,0.0357216666666667,0.02463,0.0224066666666667,0.0193666666666667,0.0209216666666667,0.018865,0.01422,0.0113466666666667,0.0114733333333333,0.0125116666666667,0.0113083333333333,0.0102283333333333,0.0100033333333333,0.009535,0.00581,0.00882,0.00689166666666667,0.0111466666666667,0.00913333333333333,0.00582,0.00404333333333333,0.00420666666666667,0.00382166666666667,0.00417333333333333,0.00297,0.00211166666666667,0.00177,0.00269166666666667,0.000721666666666667,0.00141666666666667,0.000681666666666667,0.000223333333333333,0.00161333333333333,0.00189333333333333,0.000563333333333333,0.000443333333333333,0.000478333333333333,0.000513333333333333,0.000548333333333333,0.000583333333333333,0.000175,0,1,0,0,0,0,0,0,1,1,1,1,1,1,1,1,1,1,1,1,1,1,1,1,1,1,1,1,1,1,1,1,1,1,1,1,1,1,1,1,1,1,1,1,1,1,1,1,1,1,1,1,1,1,1,1,1,1,1,1,1,1,1,1,1,1,1,1,1,1,1,1,1,1,1,1,1,1,1,1,0
2026-07-09,343.58268995,0,0,0,0,0,0,0.0486216666666667,3.71149166666667,20.15657,36.3661633333333,35.36755,34.59742,37.1773366666667,43.3290066666667,51.10048,44.4233616666667,14.52588,7.36003,3.63269166666667,2.34349833333333,1.84696333333333,1.58390833333333,1.38306333333333,0.85364,0.453771666666667,0.26489,0.185533333333333,0.162178333333333,0.122556666666667,0.103006666666667,0.082655,0.070265,0.0520566666666667,0.043735,0.05476,0.0361166666666667,0.030835,0.0290133333333333,0.0214683333333333,0.01798,0.020265,0.0220633333333333,0.0211216666666667,0.0171816666666667,0.0165083333333333,0.0126316666666667,0.01085,0.00980333333333333,0.0107733333333333,0.0102583333333333,0.010115,0.00874666666666667,0.00866833333333333,0.007545,0.00650666666666667,0.00251833333333333,0.00673666666666667,0.00619,0.00410833333333333,0.00264,0.00360333333333333,0.004185,0.004865,0.00177166666666667,0.00284166666666667,0.00169833333333333,0.000426666666666667,0.00138666666666667,0.000833333333333333,0.00083,0.00124,0.000996666666666667,0.000506666666666667,0.000545,0.000585,0.000626666666666667,0.000668333333333333,0.000198333333333333,0,1,0,0,0,0,0,0,1,1,1,1,1,1,1,1,1,1,1,1,1,1,1,1,1,1,1,1,1,1,1,1,1,1,1,1,1,1,1,1,1,1,1,1,1,1,1,1,1,1,1,1,1,1,1,1,1,1,1,1,1,1,1,1,1,1,1,1,1,1,1,1,1,1,1,1,1,1,1,1,0
2026-07-09 01:00:00,331.058034283333,0,0,0,0,0,0,0.0467166666666667,3.46300333333333,19.2843483333333,35.5230083333333,35.0386933333333,33.92433,36.7673383333333,42.1752966666667,50.0014716666667,41.6445516666667,13.5252566666667,6.875475,3.34884,2.21334,1.76073333333333,1.455095,1.26687333333333,0.772533333333333,0.4269,0.254931666666667,0.167178333333333,0.152928333333333,0.115503333333333,0.114738333333333,0.0793,0.0726733333333333,0.0611866666666667,0.0548833333333333,0.04261,0.04518,0.03224,0.0278083333333333,0.0238433333333333,0.0182183333333333,0.019265,0.016025,0.0205433333333333,0.0181733333333333,0.01539,0.0143783333333333,0.0125083333333333,0.0112183333333333,0.01302,0.006815,0.008445,0.007885,0.00559,0.00753833333333333,0.00200833333333333,0.00537166666666667,0.00441333333333333,0.00787333333333333,0.00303,0.00264333333333333,0.00227666666666667,0.001985,0.00166166666666667,0.000885,0.000845,0.00197,0.00139833333333333,0,0.000416666666666667,0,0.000826666666666667,0.000585,0.000506666666666667,0.000546666666666667,0.000586666666666667,0.000626666666666667,0.000666666666666667,0.0002,0,1,0,0,0,0,0,0,1,1,1,1,1,1,1,1,1,1,1,1,1,1,1,1,1,1,1,1,1,1,1,1,1,1,1,1,1,1,1,1,1,1,1,1,1,1,1,1,1,1,1,1,1,1,1,1,1,1,1,1,1,1,1,1,1,1,1,1,1,1,1,1,1,1,1,1,1,1,1,1,0
2026-07-09 02:00:00,322.60028585,0,0,0,0,0,0,0.0418116666666667,3.26498833333333,18.3278866666667,34.432865,33.8765683333333,32.937,36.1214233333333,41.8220133333333,49.54791,40.1537283333333,13.2171116666667,6.61736166666667,3.30554333333333,2.151405,1.70509333333333,1.43746666666667,1.24696333333333,0.72854,0.422691666666667,0.256206666666667,0.183735,0.132823333333333,0.107633333333333,0.097705,0.0736183333333333,0.0696283333333333,0.0616016666666667,0.0459716666666667,0.0419166666666667,0.04006,0.0323683333333333,0.0283666666666667,0.0232133333333333,0.0173783333333333,0.01949,0.0187016666666667,0.0152466666666667,0.017395,0.0106716666666667,0.00710166666666667,0.0110616666666667,0.00995,0.0107433333333333,0.00531,0.00720333333333333,0.00667333333333333,0.00708166666666667,0.00671833333333333,0.00568166666666667,0.00279833333333333,0.0041,0.00212,0.00149333333333333,0.002465,0.00360333333333333,0.00205833333333333,0.00158,0.000846666666666667,0.000768333333333333,0.00176833333333333,0.000835,0,0,0.00083,0,0.000433333333333333,0.0000633333333333333,0.0000683333333333333,0.0000733333333333333,0.0000783333333333333,0.0000833333333333333,0.000025,0,1,0,0,0,0,0,0,1,1,1,1,1,1,1,1,1,1,1,1,1,1,1,1,1,1,1,1,1,1,1,1,1,1,1,1,1,1,1,1,1,1,1,1,1,1,1,1,1,1,1,1,1,1,1,1,1,1,1,1,1,1,1,1,1,1,1,1,1,1,1,1,1,1,1,1,1,1,1,1,0
2026-07-09 03:00:00,327.671066783333,0,0,0,0,0,0,0.0437633333333333,3.299825,18.610235,34.733695,34.2805033333333,33.3655166666667,36.1608633333333,42.140595,49.8108733333333,41.39473,13.6684583333333,6.84782,3.39884333333333,2.27667666666667,1.75264666666667,1.48391333333333,1.26905,0.760348333333333,0.423408333333333,0.23678,0.173121666666667,0.151643333333333,0.116473333333333,0.116756666666667,0.0773283333333333,0.080535,0.0596833333333333,0.04655,0.044995,0.0377616666666667,0.0343933333333333,0.0286633333333333,0.02169,0.021375,0.0191666666666667,0.0185883333333333,0.0152033333333333,0.0118583333333333,0.0158133333333333,0.01187,0.0109033333333333,0.00831833333333333,0.00927166666666667,0.00861333333333333,0.00594333333333333,0.00334833333333333,0.003745,0.00271166666666667,0.003435,0.00185333333333333,0.00298166666666667,0.00235,0.000998333333333333,0.00135833333333333,0.00355666666666667,0.00253,0.00150333333333333,0.0005,0.00146333333333333,0.000646666666666667,0,0,0,0.000415,0,0.000108333333333333,0.000316666666666667,0.000341666666666667,0.000366666666666667,0.000391666666666667,0.000416666666666667,0.000125,0,1,0,0,0,0,0,0,1,1,1,1,1,1,1,1,1,1,1,1,1,1,1,1,1,1,1,1,1,1,1,1,1,1,1,1,1,1,1,1,1,1,1,1,1,1,1,1,1,1,1,1,1,1,1,1,1,1,1,1,1,1,1,1,1,1,1,1,1,1,1,1,1,1,1,1,1,1,1,1,0
2026-07-09 04:00:00,347.77936915,0,0,0,0,0,0,0.0453883333333333,3.58391,20.2344183333333,37.1176666666667,36.3272916666667,35.3872233333333,38.0473,43.803205,52.8743566666667,43.5385616666667,14.7101366666667,7.62076333333333,3.74094666666667,2.49969666666667,1.94708166666667,1.65069833333333,1.460555,0.87018,0.456455,0.274738333333333,0.202935,0.164661666666667,0.138076666666667,0.10839,0.09205,0.0873283333333333,0.0692266666666667,0.0655133333333333,0.0571483333333333,0.0442216666666667,0.0373216666666667,0.0298733333333333,0.0270133333333333,0.0213366666666667,0.0203533333333333,0.019665,0.0168766666666667,0.0129116666666667,0.0120733333333333,0.0137566666666667,0.0101883333333333,0.013135,0.00869,0.00646166666666667,0.00722333333333333,0.00713333333333333,0.00426833333333333,0.00538,0.006645,0.00464666666666667,0.00438666666666667,0.00358166666666667,0.00260166666666667,0.00221666666666667,0.00232333333333333,0.00151166666666667,0.00123666666666667,0.00173166666666667,0.00196166666666667,0.00015,0,0.000418333333333333,0.00105666666666667,0.000193333333333333,0.000573333333333333,0.000708333333333333,0.000126666666666667,0.000136666666666667,0.000146666666666667,0.000156666666666667,0.000166666666666667,0.00005,0,1,0,0,0,0,0,0,1,1,1,1,1,1,1,1,1,1,1,1,1,1,1,1,1,1,1,1,1,1,1,1,1,1,1,1,1,1,1,1,1,1,1,1,1,1,1,1,1,1,1,1,1,1,1,1,1,1,1,1,1,1,1,1,1,1,1,1,1,1,1,1,1,1,1,1,1,1,1,1,0
2026-07-09 05:00:00,341.10346685,0,0,0,0,0,0,0.0454216666666667,3.68427666666667,20.300745,37.31999,36.1858733333333,34.3592666666667,37.6033466666667,42.9910933333333,51.1084966666667,40.659305,14.0969616666667,7.22311833333333,3.68665,2.46097333333333,1.90830666666667,1.70097833333333,1.44834,0.883233333333333,0.462953333333333,0.282798333333333,0.218498333333333,0.155138333333333,0.141738333333333,0.132851666666667,0.082035,0.0851183333333333,0.070565,0.06757,0.0542033333333333,0.0451833333333333,0.042215,0.0394866666666667,0.0327216666666667,0.0273583333333333,0.0200316666666667,0.017745,0.0148983333333333,0.0127,0.01923,0.0130316666666667,0.01055,0.00912,0.0114616666666667,0.00914166666666667,0.0064,0.00790333333333333,0.006265,0.00663166666666667,0.00695166666666667,0.00508,0.005965,0.002435,0.00169,0.00392166666666667,0.00256,0.00159833333333333,0.000101666666666667,0.00123166666666667,0.00046,0.000843333333333333,0.00042,0,0.00064,0.000781666666666667,0.0004,0.000795,0.00038,0.000408333333333333,0.000438333333333333,0.00047,0.000501666666666667,0.000148333333333333,0,1,0,0,0,0,0,0,1,1,1,1,1,1,1,1,1,1,1,1,1,1,1,1,1,1,1,1,1,1,1,1,1,1,1,1,1,1,1,1,1,1,1,1,1,1,1,1,1,1,1,1,1,1,1,1,1,1,1,1,1,1,1,1,1,1,1,1,1,1,1,1,1,1,1,1,1,1,1,1,0
2026-07-09 06:00:00,297.692212933333,0,0,0,0,0,0,0.0466766666666667,3.352845,17.98478,32.2806083333333,31.2177083333333,30.1731333333333,33.0724016666667,38.6036683333333,45.5683266666667,32.9896416666667,11.8950733333333,6.32527833333333,3.284225,2.26077666666667,1.81447,1.58510833333333,1.33006666666667,0.80254,0.427471666666667,0.2577,0.180645,0.153855,0.13208,0.111938333333333,0.0912133333333333,0.084205,0.065965,0.06749,0.05891,0.0528283333333333,0.046145,0.03268,0.0297466666666667,0.029365,0.0256016666666667,0.0199083333333333,0.018425,0.0138216666666667,0.0140516666666667,0.0148066666666667,0.0102716666666667,0.0128616666666667,0.0126083333333333,0.00921,0.00850333333333333,0.00544666666666667,0.00715166666666667,0.00640166666666667,0.00575166666666667,0.00849333333333333,0.00478833333333333,0.00341166666666667,0.00191,0.00135666666666667,0.00597333333333333,0.00309666666666667,0.00235333333333333,0.00334833333333333,0.00242166666666667,0.00093,0.00126666666666667,0.000968333333333333,0,0.00052,0.00072,0.00052,0.000316666666666667,0.000341666666666667,0.000366666666666667,0.000391666666666667,0.000416666666666667,0.000125,0,1,0,0,0,0,0,0,1,1,1,1,1,1,1,1,1,1,1,1,1,1,1,1,1,1,1,1,1,1,1,1,1,1,1,1,1,1,1,1,1,1,1,1,1,1,1,1,1,1,1,1,1,1,1,1,1,1,1,1,1,1,1,1,1,1,1,1,1,1,1,1,1,1,1,1,1,1,1,1,0
2026-07-09 07:00:00,301.0435049,0,0,0,0,0,0,0.0508533333333333,3.55596,18.6885516666667,32.7524383333333,31.3279833333333,30.665435,34.1821216666667,40.8398183333333,46.600255,29.81972,11.8050766666667,6.272255,3.38374166666667,2.43174166666667,1.95689166666667,1.74379166666667,1.41293166666667,0.787546666666667,0.419125,0.248491666666667,0.210893333333333,0.16574,0.128918333333333,0.121396666666667,0.09759,0.0947766666666667,0.0716483333333333,0.0709716666666667,0.0647216666666667,0.0603566666666667,0.0453116666666667,0.0388183333333333,0.042455,0.0234783333333333,0.03239,0.0241733333333333,0.0204316666666667,0.0147183333333333,0.0180733333333333,0.0173166666666667,0.01352,0.0119266666666667,0.01281,0.0108516666666667,0.00857166666666667,0.0120766666666667,0.00676666666666667,0.00542333333333333,0.007835,0.00494833333333333,0.00642166666666667,0.00601833333333333,0.00360166666666667,0.003145,0.00294,0.00282,0.00182666666666667,0.00296333333333333,0.001615,0.00212666666666667,0.00139333333333333,0.000398333333333333,0.000658333333333333,0.00119666666666667,0.00148,0.00101833333333333,0.00057,0.000615,0.00066,0.000705,0.00075,0.000225,0,1,0,0,0,0,0,0,1,1,1,1,1,1,1,1,1,1,1,1,1,1,1,1,1,1,1,1,1,1,1,1,1,1,1,1,1,1,1,1,1,1,1,1,1,1,1,1,1,1,1,1,1,1,1,1,1,1,1,1,1,1,1,1,1,1,1,1,1,1,1,1,1,1,1,1,1,1,1,1,0
2026-07-09 08:00:00,300.81344765,0,0,0,0,0,0,0.0453083333333333,3.69927833333333,19.31611,33.5927016666667,31.901935,31.0442766666667,34.4954833333333,41.2000716666667,46.33804,27.9634533333333,11.5181466666667,6.03847,3.42698666666667,2.426065,2.011935,1.73480166666667,1.47724,0.791205,0.418161666666667,0.252936666666667,0.196686666666667,0.166971666666667,0.129101666666667,0.132826666666667,0.101871666666667,0.0983483333333333,0.0805066666666667,0.0732133333333333,0.0720066666666667,0.063585,0.0562916666666667,0.0592733333333333,0.0443966666666667,0.0407733333333333,0.02802,0.02273,0.0253383333333333,0.0170333333333333,0.02038,0.0213166666666667,0.0187933333333333,0.016435,0.0180633333333333,0.0129316666666667,0.00915,0.00877333333333333,0.010155,0.00854166666666667,0.00583833333333333,0.00780166666666667,0.007885,0.00633,0.00534666666666667,0.00374666666666667,0.00445666666666667,0.00323166666666667,0.00288,0.00492666666666667,0.00142,0.00163,0.004225,0.00136333333333333,0.000833333333333333,0.000415,0.000826666666666667,0.00065,0.000696666666666667,0.00075,0.000805,0.000861666666666667,0.000918333333333333,0.000273333333333333,0,1,0,0,0,0,0,0,1,1,1,1,1,1,1,1,1,1,1,1,1,1,1,1,1,1,1,1,1,1,1,1,1,1,1,1,1,1,1,1,1,1,1,1,1,1,1,1,1,1,1,1,1,1,1,1,1,1,1,1,1,1,1,1,1,1,1,1,1,1,1,1,1,1,1,1,1,1,1,1,0
2026-07-09 09:00:00,308.40313305,0,0,0,0,0,0,0.056995,3.7821,19.857295,34.4916033333333,32.9965483333333,31.89063,34.7647333333333,40.5268716666667,46.5165666666667,31.7974066666667,11.7498933333333,6.17008166666667,3.34258,2.284025,1.880185,1.63536,1.34914,0.827103333333333,0.39947,0.252205,0.183908333333333,0.162693333333333,0.121886666666667,0.126268333333333,0.104806666666667,0.097935,0.0825,0.0796633333333333,0.07115,0.0530716666666667,0.0467883333333333,0.0456516666666667,0.0423333333333333,0.0380966666666667,0.0270516666666667,0.02523,0.0268433333333333,0.025305,0.0188183333333333,0.0199433333333333,0.0180866666666667,0.018025,0.014895,0.016475,0.0145833333333333,0.0150166666666667,0.0105116666666667,0.00971166666666667,0.00691166666666667,0.00825333333333333,0.00679833333333333,0.005075,0.00393166666666667,0.00751666666666667,0.00189666666666667,0.00493333333333333,0.00373,0.00381,0.00357666666666667,0.00227,0.000978333333333333,0.00245,0.002555,0.00100333333333333,0.00106666666666667,0.00156,0.00095,0.00102333333333333,0.00109833333333333,0.001175,0.00125166666666667,0.000373333333333333,0,1,0,0,0,0,0,0,1,1,1,1,1,1,1,1,1,1,1,1,1,1,1,1,1,1,1,1,1,1,1,1,1,1,1,1,1,1,1,1,1,1,1,1,1,1,1,1,1,1,1,1,1,1,1,1,1,1,1,1,1,1,1,1,1,1,1,1,1,1,1,1,1,1,1,1,1,1,1,1,0
2026-07-09 10:00:00,338.249235083333,0,0,0,0,0,0,0.0563833333333333,4.00064666666667,21.0376566666667,37.09163,35.90994,34.4889033333333,37.531655,43.6773666666667,51.5258183333333,38.9498183333333,13.7154316666667,6.98512666666667,3.56749333333333,2.43615833333333,1.89605166666667,1.64828,1.39783666666667,0.825083333333333,0.420353333333333,0.249378333333333,0.190966666666667,0.15723,0.129111666666667,0.0976116666666667,0.0868133333333333,0.080285,0.07196,0.0630116666666667,0.0673266666666667,0.054755,0.042785,0.0369883333333333,0.0398883333333333,0.031735,0.0284783333333333,0.0296416666666667,0.02287,0.017115,0.0150766666666667,0.0137933333333333,0.0216983333333333,0.0166516666666667,0.0157716666666667,0.0122433333333333,0.00945666666666667,0.00882,0.00882,0.008435,0.00647166666666667,0.00503166666666667,0.00659833333333333,0.00624333333333333,0.003625,0.00391833333333333,0.00507333333333333,0.00379166666666667,0.00549333333333333,0.00211666666666667,0.00334166666666667,0.00268666666666667,0.00141166666666667,0.00151833333333333,0.002115,0.00139,0.000653333333333333,0.000715,0.000886666666666667,0.000955,0.001025,0.00109666666666667,0.00116833333333333,0.000348333333333333,0,1,0,0,0,0,0,0,1,1,1,1,1,1,1,1,1,1,1,1,1,1,1,1,1,1,1,1,1,1,1,1,1,1,1,1,1,1,1,1,1,1,1,1,1,1,1,1,1,1,1,1,1,1,1,1,1,1,1,1,1,1,1,1,1,1,1,1,1,1,1,1,1,1,1,1,1,1,1,1,0
2026-07-09 11:00:00,341.857072533333,0,0,0,0,0,0,0.05981,3.99606166666667,21.96221,37.832465,36.07414,34.5088033333333,37.228855,42.98018,51.596265,41.2704983333333,13.7027316666667,6.94754833333333,3.437145,2.33771,1.812965,1.56231833333333,1.302575,0.807291666666667,0.434593333333333,0.228105,0.162333333333333,0.128508333333333,0.110935,0.109793333333333,0.0780766666666667,0.0766233333333333,0.0650866666666667,0.050555,0.046185,0.0401566666666667,0.0383183333333333,0.02969,0.0290333333333333,0.0253616666666667,0.0200466666666667,0.0213766666666667,0.0152083333333333,0.0169583333333333,0.015915,0.013725,0.014095,0.0131016666666667,0.00968,0.00884833333333333,0.011065,0.00963666666666667,0.00777333333333333,0.006605,0.004005,0.004265,0.00567666666666667,0.002665,0.003435,0.00485,0.00166,0.00164666666666667,0.00137666666666667,0.00331,0.000846666666666667,0.00134,0.00196833333333333,0.00465333333333333,0.000906666666666667,0.00141833333333333,0.000813333333333333,0.000751666666666667,0.000253333333333333,0.000271666666666667,0.000291666666666667,0.000313333333333333,0.000335,0.0000983333333333333,0,1,0,0,0,0,0,0,1,1,1,1,1,1,1,1,1,1,1,1,1,1,1,1,1,1,1,1,1,1,1,1,1,1,1,1,1,1,1,1,1,1,1,1,1,1,1,1,1,1,1,1,1,1,1,1,1,1,1,1,1,1,1,1,1,1,1,1,1,1,1,1,1,1,1,1,1,1,1,1,0
2026-07-09 12:00:00,342.775274166667,0,0,0,0,0,0,0.073305,4.443525,23.514655,39.8326733333333,37.1621816666667,34.6689033333333,37.14546,42.303885,50.298435,41.5536066666667,13.6698166666667,6.861925,3.41832666666667,2.17503333333333,1.714565,1.49560166666667,1.24594333333333,0.756101666666667,0.40682,0.223506666666667,0.162018333333333,0.138258333333333,0.107948333333333,0.112881666666667,0.08289,0.0748,0.061995,0.0633033333333333,0.0527866666666667,0.0465216666666667,0.0392583333333333,0.0350183333333333,0.0245883333333333,0.02429,0.0260433333333333,0.0190666666666667,0.0187683333333333,0.0105833333333333,0.0145183333333333,0.016265,0.00765333333333333,0.009675,0.01269,0.00851333333333333,0.0113516666666667,0.00624333333333333,0.00708333333333333,0.005785,0.00686833333333333,0.00548,0.00289666666666667,0.00294833333333333,0.00348166666666667,0.00128333333333333,0.00459833333333333,0.00361666666666667,0.001155,0.001655,0.00123,0.00190666666666667,0.000696666666666667,0.000418333333333333,0.00208333333333333,0.00083,0.000413333333333333,0.000541666666666667,0.00038,0.00041,0.00044,0.00047,0.0005,0.00015,0,1,0,0,0,0,0,0,1,1,1,1,1,1,1,1,1,1,1,1,1,1,1,1,1,1,1,1,1,1,1,1,1,1,1,1,1,1,1,1,1,1,1,1,1,1,1,1,1,1,1,1,1,1,1,1,1,1,1,1,1,1,1,1,1,1,1,1,1,1,1,1,1,1,1,1,1,1,1,1,0
2026-07-09 13:00:00,339.83438055,0,0,0,0,0,0,0.0708916666666667,4.66855,24.153125,40.4042533333333,36.8777183333333,34.265895,36.393375,41.2059666666667,49.3038816666667,40.5370883333333,12.96873,6.493315,3.16639333333333,2.06034833333333,1.62261666666667,1.38672166666667,1.17879666666667,0.703968333333333,0.357638333333333,0.196686666666667,0.169398333333333,0.120426666666667,0.0996416666666667,0.091675,0.0672333333333333,0.0657233333333333,0.0466066666666667,0.0498166666666667,0.0359183333333333,0.0424316666666667,0.033045,0.0345683333333333,0.0270816666666667,0.021845,0.01523,0.01645,0.01828,0.019045,0.01559,0.0149916666666667,0.0134566666666667,0.01,0.00952,0.01176,0.00800833333333333,0.00458,0.00547333333333333,0.00503666666666667,0.00531833333333333,0.00548333333333333,0.00556333333333333,0.00495666666666667,0.00414,0.00324,0.00189666666666667,0.00173333333333333,0.002175,0.00223166666666667,0.00284166666666667,0.00198166666666667,0.00111666666666667,0.001215,0.000676666666666667,0.000193333333333333,0.00124,0.000585,0.000506666666666667,0.000546666666666667,0.000586666666666667,0.000626666666666667,0.000666666666666667,0.0002,0,1,0,0,0,0,0,0,1,1,1,1,1,1,1,1,1,1,1,1,1,1,1,1,1,1,1,1,1,1,1,1,1,1,1,1,1,1,1,1,1,1,1,1,1,1,1,1,1,1,1,1,1,1,1,1,1,1,1,1,1,1,1,1,1,1,1,1,1,1,1,1,1,1,1,1,1,1,1,1,0
2026-07-09 14:00:00,334.461255883333,0,0,0,0,0,0,0.0695183333333333,4.40980166666667,23.2519616666667,38.9780483333333,35.805235,33.9714566666667,36.1708416666667,41.4752383333333,49.2118316666667,39.664165,12.4790033333333,6.13805833333333,2.96720666666667,1.92956,1.52288166666667,1.23853333333333,1.092975,0.661358333333333,0.329476666666667,0.197023333333333,0.137058333333333,0.112315,0.08634,0.0779366666666667,0.0673283333333333,0.055455,0.05413,0.040365,0.043345,0.0423333333333333,0.0311683333333333,0.0249966666666667,0.023285,0.01809,0.0157633333333333,0.01557,0.0160166666666667,0.014535,0.011375,0.0122716666666667,0.00909166666666667,0.01026,0.00759333333333333,0.00842333333333333,0.00479333333333333,0.00622,0.00881,0.00524833333333333,0.0064,0.00700833333333333,0.00587833333333333,0.00338166666666667,0.00176833333333333,0.00341833333333333,0.00185,0.00188333333333333,0.00133833333333333,0.00246333333333333,0.00180333333333333,0.000843333333333333,0.002125,0.00121166666666667,0.00129833333333333,0.000975,0.00072,0.000911666666666667,0.000443333333333333,0.000478333333333333,0.000513333333333333,0.000548333333333333,0.000583333333333333,0.000175,0,1,0,0,0,0,0,0,1,1,1,1,1,1,1,1,1,1,1,1,1,1,1,1,1,1,1,1,1,1,1,1,1,1,1,1,1,1,1,1,1,1,1,1,1,1,1,1,1,1,1,1,1,1,1,1,1,1,1,1,1,1,1,1,1,1,1,1,1,1,1,1,1,1,1,1,1,1,1,1,0
2026-07-09 15:00:00,336.160721866667,0,0,0,0,0,0,0.0768933333333333,4.75823166666667,24.6388066666667,40.2483383333333,36.71276,34.0288916666667,36.1263416666667,40.9014266666667,48.4448083333333,39.9233683333333,12.5300116666667,6.29505833333333,3.01645666666667,1.96526,1.48391833333333,1.27369666666667,1.11696833333333,0.660493333333333,0.320408333333333,0.195168333333333,0.140108333333333,0.115048333333333,0.088725,0.0779533333333333,0.0722983333333333,0.05538,0.053225,0.0469366666666667,0.0418283333333333,0.03656,0.0323133333333333,0.0210533333333333,0.02557,0.0246516666666667,0.02286,0.013545,0.0179183333333333,0.0116733333333333,0.0183866666666667,0.014635,0.0125733333333333,0.0114,0.009635,0.00989,0.00635833333333333,0.00583333333333333,0.00789833333333333,0.00593333333333333,0.00867833333333333,0.00536833333333333,0.00576666666666667,0.003785,0.00291,0.00239166666666667,0.00417333333333333,0.00479,0.00369166666666667,0.00292333333333333,0.00261333333333333,0.00106333333333333,0.000696666666666667,0.000836666666666667,0.00128,0.00121666666666667,0.000413333333333333,0.000173333333333333,0.000506666666666667,0.000545,0.000585,0.000626666666666667,0.000668333333333333,0.000198333333333333,0,1,0,0,0,0,0,0,1,1,1,1,1,1,1,1,1,1,1,1,1,1,1,1,1,1,1,1,1,1,1,1,1,1,1,1,1,1,1,1,1,1,1,1,1,1,1,1,1,1,1,1,1,1,1,1,1,1,1,1,1,1,1,1,1,1,1,1,1,1,1,1,1,1,1,1,1,1,1,1,0
2026-07-09 16:00:00,337.474301216667,0,0,0,0,0,0,0.0881266666666667,4.93345666666667,25.6100716666667,40.9702833333333,36.83839,33.7418733333333,35.6958633333333,40.2392966666667,47.513285,40.8098833333333,12.7925583333333,6.28812833333333,3.029385,1.92677166666667,1.48133166666667,1.252795,1.11535,0.666075,0.333411666666667,0.210276666666667,0.144898333333333,0.127506666666667,0.0873816666666667,0.07498,0.0754283333333333,0.06241,0.0453933333333333,0.0401383333333333,0.0370933333333333,0.0358616666666667,0.029985,0.0233666666666667,0.021095,0.0242116666666667,0.0268033333333333,0.0166283333333333,0.0157216666666667,0.0150016666666667,0.0109483333333333,0.00985666666666667,0.00997833333333333,0.0110916666666667,0.0116833333333333,0.00742333333333333,0.0103233333333333,0.00708666666666667,0.007735,0.00694666666666667,0.00386666666666667,0.006265,0.00622166666666667,0.00495666666666667,0.00586666666666667,0.00425166666666667,0.00403,0.00130833333333333,0.00306333333333333,0.002425,0.00142333333333333,0.00232833333333333,0.000985,0.000131666666666667,0.00169666666666667,0.00156333333333333,0.00105333333333333,0.000903333333333333,0.000696666666666667,0.000751666666666667,0.000806666666666667,0.000861666666666667,0.000916666666666667,0.000275,0,1,0,0,0,0,0,0,1,1,1,1,1,1,1,1,1,1,1,1,1,1,1,1,1,1,1,1,1,1,1,1,1,1,1,1,1,1,1,1,1,1,1,1,1,1,1,1,1,1,1,1,1,1,1,1,1,1,1,1,1,1,1,1,1,1,1,1,1,1,1,1,1,1,1,1,1,1,1,1,0
2026-07-09 17:00:00,384.2123367,0,0,0,0,0,0,0.10434,6.29295,31.287475,48.2822933333333,41.6396183333333,37.8723366666667,39.5710916666667,44.67531,53.7025916666667,45.1133566666667,14.5899616666667,7.384005,3.656155,2.295875,1.87557166666667,1.53978666666667,1.37552,0.888818333333333,0.452088333333333,0.274168333333333,0.184081666666667,0.17857,0.141556666666667,0.111525,0.096445,0.084255,0.0662266666666667,0.0656683333333333,0.0473416666666667,0.0454916666666667,0.035725,0.0294416666666667,0.02909,0.0208366666666667,0.0262566666666667,0.0188016666666667,0.0206716666666667,0.0185366666666667,0.015735,0.0201133333333333,0.0144366666666667,0.0171,0.0168416666666667,0.0133216666666667,0.0138883333333333,0.00963833333333333,0.007035,0.00634666666666667,0.0104916666666667,0.00955666666666667,0.00389833333333333,0.00564166666666667,0.00405166666666667,0.00306833333333333,0.00208666666666667,0.00516833333333333,0.00496666666666667,0.00577333333333333,0.00195833333333333,0.00183166666666667,0.000985,0.001765,0.00109333333333333,0.000608333333333333,0.000573333333333333,0.000383333333333333,0.00038,0.00041,0.00044,0.00047,0.0005,0.00015,0,1,0,0,0,0,0,0,1,1,1,1,1,1,1,1,1,1,1,1,1,1,1,1,1,1,1,1,1,1,1,1,1,1,1,1,1,1,1,1,1,1,1,1,1,1,1,1,1,1,1,1,1,1,1,1,1,1,1,1,1,1,1,1,1,1,1,1,1,1,1,1,1,1,1,1,1,1,1,1,0
2026-07-09 18:00:00,351.066055283333,0,0,0,0,0,0,0.067125,4.68994333333333,24.1687733333333,39.973265,37.13114,35.2154766666667,37.7927566666667,43.3686916666667,51.8710616666667,42.9667516666667,13.751935,6.91023833333333,3.387095,2.191865,1.65828666666667,1.45677,1.25114333333333,0.809356666666667,0.424061666666667,0.256735,0.179816666666667,0.148693333333333,0.107276666666667,0.111678333333333,0.09124,0.0804233333333333,0.061935,0.0501266666666667,0.048445,0.04087,0.036535,0.0269166666666667,0.020955,0.0240266666666667,0.0208966666666667,0.0209383333333333,0.0178816666666667,0.0160933333333333,0.0158316666666667,0.0154566666666667,0.0193183333333333,0.00835333333333333,0.0145716666666667,0.01544,0.0102416666666667,0.00963833333333333,0.007925,0.00809166666666667,0.00565333333333333,0.00788,0.00387,0.00387166666666667,0.003505,0.00324333333333333,0.00232333333333333,0.00258333333333333,0.00484,0.002425,0.003035,0.00190666666666667,0.00237666666666667,0.000398333333333333,0.000658333333333333,0.00154333333333333,0.00269333333333333,0.00148166666666667,0.000443333333333333,0.000478333333333333,0.000513333333333333,0.000548333333333333,0.000583333333333333,0.000175,0,1,0,0,0,0,0,0,1,1,1,1,1,1,1,1,1,1,1,1,1,1,1,1,1,1,1,1,1,1,1,1,1,1,1,1,1,1,1,1,1,1,1,1,1,1,1,1,1,1,1,1,1,1,1,1,1,1,1,1,1,1,1,1,1,1,1,1,1,1,1,1,1,1,1,1,1,1,1,1,0
2026-07-09 19:00:00,302.604142233333,0,0,0,0,0,0,0.06152,3.718785,19.9292666666667,34.10053,32.4500883333333,31.0348433333333,33.10078,37.7811616666667,44.5238333333333,37.6265133333333,11.5151966666667,5.67496166666667,2.67545666666667,1.70234833333333,1.34069166666667,1.070285,0.94183,0.575743333333333,0.283771666666667,0.189133333333333,0.1284,0.103025,0.0809266666666667,0.06856,0.0580166666666667,0.0539166666666667,0.0508966666666667,0.0397966666666667,0.034405,0.0370183333333333,0.0300333333333333,0.0292883333333333,0.0247716666666667,0.0150166666666667,0.021675,0.0161133333333333,0.0196833333333333,0.0147183333333333,0.0161566666666667,0.0122883333333333,0.01527,0.0128483333333333,0.00743333333333333,0.00731666666666667,0.00679166666666667,0.00619666666666667,0.01229,0.01025,0.00587166666666667,0.00387,0.00559,0.00487166666666667,0.00242666666666667,0.00281833333333333,0.003365,0.00367,0.00306333333333333,0.00531166666666667,0.000728333333333333,0.00085,0.00227666666666667,0.00107666666666667,0.000416666666666667,0.00083,0.00016,0.00116333333333333,0.000253333333333333,0.000273333333333333,0.000293333333333333,0.000313333333333333,0.000333333333333333,0.0001,0,1,0,0,0,0,0,0,1,1,1,1,1,1,1,1,1,1,1,1,1,1,1,1,1,1,1,1,1,1,1,1,1,1,1,1,1,1,1,1,1,1,1,1,1,1,1,1,1,1,1,1,1,1,1,1,1,1,1,1,1,1,1,1,1,1,1,1,1,1,1,1,1,1,1,1,1,1,1,1,0
2026-07-09 20:00:00,311.82214765,0,0,0,0,0,0,0.0691516666666667,4.412785,22.4697083333333,36.859015,33.8799266666667,31.4537783333333,33.7592183333333,38.4758216666667,45.8065016666667,38.0341483333333,11.8586583333333,5.96475833333333,2.82979666666667,1.81746833333333,1.398655,1.21859666666667,1.031055,0.626718333333333,0.31929,0.195755,0.147801666666667,0.121173333333333,0.0921733333333333,0.080145,0.0689683333333333,0.05195,0.04739,0.03712,0.046735,0.0348383333333333,0.0286,0.0266,0.02101,0.0244033333333333,0.0200216666666667,0.0164383333333333,0.0191483333333333,0.0176716666666667,0.01443,0.0135633333333333,0.0161233333333333,0.014045,0.00847666666666667,0.0132383333333333,0.011805,0.00795333333333333,0.010305,0.00881333333333333,0.00612,0.00604,0.00412833333333333,0.00496,0.00430666666666667,0.00324,0.00270333333333333,0.001885,0.00176333333333333,0.00211666666666667,0.0015,0.0029,0.000565,0.00262166666666667,0.0000183333333333333,0.000415,0.000826666666666667,0.00101666666666667,0.000568333333333333,0.000613333333333333,0.000658333333333333,0.000705,0.000751666666666667,0.000223333333333333,0,1,0,0,0,0,0,0,1,1,1,1,1,1,1,1,1,1,1,1,1,1,1,1,1,1,1,1,1,1,1,1,1,1,1,1,1,1,1,1,1,1,1,1,1,1,1,1,1,1,1,1,1,1,1,1,1,1,1,1,1,1,1,1,1,1,1,1,1,1,1,1,1,1,1,1,1,1,1,1,0
2026-07-09 21:00:00,266.721853866667,0,0,0,0,0,0,0.0669033333333333,4.73987166666667,23.01421,36.16335,31.3171766666667,27.926995,28.68883,31.5526783333333,36.4657783333333,26.96042,8.28149333333333,4.07544166666667,2.01934666666667,1.31431333333333,1.03914333333333,0.889366666666667,0.805163333333333,0.47356,0.243803333333333,0.139993333333333,0.116318333333333,0.094445,0.0795933333333333,0.0700633333333333,0.0542883333333333,0.0572466666666667,0.0382233333333333,0.0344,0.0305066666666667,0.0314816666666667,0.02383,0.02185,0.0223983333333333,0.0191366666666667,0.0187316666666667,0.01768,0.0187683333333333,0.0123583333333333,0.01248,0.0118766666666667,0.01193,0.00781166666666667,0.0126283333333333,0.00975,0.0120783333333333,0.0117133333333333,0.00899666666666667,0.00494,0.00429833333333333,0.006185,0.002265,0.00710833333333333,0.00404333333333333,0.00153333333333333,0.00336666666666667,0.00229333333333333,0.00192833333333333,0.00254,0.00169,0.000496666666666667,0.00196833333333333,0.00216333333333333,0.000888333333333333,0.00141833333333333,0.00024,0.000628333333333333,0.000633333333333333,0.000681666666666667,0.000731666666666667,0.000783333333333333,0.000835,0.000248333333333333,0,1,0,0,0,0,0,0,1,1,1,1,1,1,1,1,1,1,1,1,1,1,1,1,1,1,1,1,1,1,1,1,1,1,1,1,1,1,1,1,1,1,1,1,1,1,1,1,1,1,1,1,1,1,1,1,1,1,1,1,1,1,1,1,1,1,1,1,1,1,1,1,1,1,1,1,1,1,1,1,0
2026-07-09 22:00:00,240.854737316667,0,0,0,0,0,0,0.0676533333333333,4.293915,21.0992783333333,33.3396033333333,28.8804683333333,25.5806666666667,25.95408,28.2753566666667,32.065685,22.9924316666667,7.25591,3.746565,1.87379333333333,1.22378333333333,0.999203333333333,0.887195,0.766041666666667,0.454616666666667,0.283445,0.177676666666667,0.127083333333333,0.0980083333333333,0.087165,0.0844266666666667,0.062805,0.0578166666666667,0.0573066666666667,0.05018,0.0467316666666667,0.0349166666666667,0.033555,0.0282366666666667,0.0234166666666667,0.0222333333333333,0.0254133333333333,0.0185733333333333,0.0154083333333333,0.017025,0.00826833333333333,0.011495,0.0114883333333333,0.0125983333333333,0.0118416666666667,0.0122533333333333,0.01463,0.01178,0.00821333333333333,0.009165,0.00668166666666667,0.00738833333333333,0.00651,0.00553166666666667,0.00649166666666667,0.004,0.003175,0.00173333333333333,0.00229,0.001655,0.00161666666666667,0.00254833333333333,0.00141666666666667,0.00206833333333333,0,0.00166,0,0.00182,0.000506666666666667,0.000546666666666667,0.000586666666666667,0.000626666666666667,0.000666666666666667,0.0002,0,1,0,0,0,0,0,0,1,1,1,1,1,1,1,1,1,1,1,1,1,1,1,1,1,1,1,1,1,1,1,1,1,1,1,1,1,1,1,1,1,1,1,1,1,1,1,1,1,1,1,1,1,1,1,1,1,1,1,1,1,1,1,1,1,1,1,1,1,1,1,1,1,1,1,1,1,1,1,1,0
2026-07-09 23:00:00,202.784642083333,0,0,0,0,0,0,0.04949,3.47374166666667,17.5138383333333,28.239285,24.702475,22.2586866666667,22.4291516666667,24.268585,26.6746783333333,18.2943883333333,6.00187666666667,3.02333666666667,1.59383666666667,1.0609,0.910603333333333,0.803816666666667,0.665073333333333,0.448171666666667,0.251251666666667,0.160353333333333,0.141183333333333,0.111095,0.0969816666666667,0.0897083333333333,0.075025,0.0748083333333333,0.0516566666666667,0.05023,0.0399483333333333,0.0449066666666667,0.041305,0.0303516666666667,0.0246316666666667,0.01931,0.023215,0.022275,0.016635,0.0132616666666667,0.0176083333333333,0.0122433333333333,0.0119933333333333,0.0104183333333333,0.0123533333333333,0.01124,0.008175,0.010595,0.00732666666666667,0.00883166666666667,0.00559666666666667,0.00744666666666667,0.00444666666666667,0.004585,0.00434666666666667,0.00357666666666667,0.00569,0.001985,0.00119833333333333,0.00257833333333333,0.00226833333333333,0.00184833333333333,0.000426666666666667,0.00053,0.000851666666666667,0.000173333333333333,0.00154666666666667,0.00130166666666667,0.00038,0.00041,0.00044,0.00047,0.0005,0.00015,0,1,0,0,0,0,0,0,1,1,1,1,1,1,1,1,1,1,1,1,1,1,1,1,1,1,1,1,1,1,1,1,1,1,1,1,1,1,1,1,1,1,1,1,1,1,1,1,1,1,1,1,1,1,1,1,1,1,1,1,1,1,1,1,1,1,1,1,1,1,1,1,1,1,1,1,1,1,1,1,0
2026-07-10,189.585131766667,0,0,0,0,0,0,0.0472383333333333,3.37462666666667,16.907445,26.8911266666667,23.1333233333333,20.4532316666667,20.5910516666667,22.652495,24.3973583333333,15.610465,5.498225,2.78333,1.49671166666667,1.046325,0.87095,0.773755,0.668178333333333,0.450766666666667,0.260736666666667,0.175276666666667,0.138333333333333,0.123258333333333,0.109856666666667,0.0814733333333333,0.052465,0.0643716666666667,0.0538033333333333,0.0454933333333333,0.0458383333333333,0.0366516666666667,0.03621,0.029055,0.0288083333333333,0.0202033333333333,0.0130316666666667,0.0136433333333333,0.01461,0.01693,0.00894166666666667,0.00918833333333333,0.012945,0.010745,0.0116566666666667,0.01157,0.011025,0.00752166666666667,0.00744333333333333,0.00783666666666667,0.004615,0.00440833333333333,0.00278,0.00429833333333333,0.00291,0.00238666666666667,0.00313,0.00348166666666667,0.00310166666666667,0.00211666666666667,0.00134333333333333,0.001265,0.000996666666666667,0.000263333333333333,0.000416666666666667,0,0.000573333333333333,0.00034,0.000253333333333333,0.000273333333333333,0.000293333333333333,0.000313333333333333,0.000333333333333333,0.0001,0,1,0,0,0,0,0,0,1,1,1,1,1,1,1,1,1,1,1,1,1,1,1,1,1,1,1,1,1,1,1,1,1,1,1,1,1,1,1,1,1,1,1,1,1,1,1,1,1,1,1,1,1,1,1,1,1,1,1,1,1,1,1,1,1,1,1,1,1,1,1,1,1,1,1,1,1,1,1,1,0
2026-07-10 01:00:00,199.8520707,0,0,0,0,0,0,0.0545733333333333,3.506185,17.31232,27.1012216666667,23.6920533333333,21.1762883333333,22.269045,25.4483133333333,27.0853966666667,15.1830366666667,6.13070666666667,3.13394,1.75219833333333,1.23970166666667,1.03257333333333,0.960423333333333,0.794138333333333,0.454246666666667,0.274993333333333,0.169683333333333,0.143081666666667,0.120386666666667,0.0863683333333333,0.0847816666666667,0.0634783333333333,0.0576433333333333,0.055705,0.0449516666666667,0.043375,0.0370816666666667,0.0324,0.0307683333333333,0.0237133333333333,0.02305,0.0157616666666667,0.0172616666666667,0.016235,0.0121,0.0141883333333333,0.0106433333333333,0.01315,0.012545,0.01241,0.00699,0.00679166666666667,0.00918,0.00621833333333333,0.00419833333333333,0.005195,0.00411,0.00344,0.001635,0.001285,0.00213833333333333,0.00274833333333333,0.001835,0.00137666666666667,0.00119333333333333,0.00092,0.000421666666666667,0.00042,0.000836666666666667,0.000416666666666667,0.000761666666666667,0.00130666666666667,0.0000866666666666667,0.000253333333333333,0.000273333333333333,0.000293333333333333,0.000313333333333333,0.000333333333333333,0.0001,0,1,0,0,0,0,0,0,1,1,1,1,1,1,1,1,1,1,1,1,1,1,1,1,1,1,1,1,1,1,1,1,1,1,1,1,1,1,1,1,1,1,1,1,1,1,1,1,1,1,1,1,1,1,1,1,1,1,1,1,1,1,1,1,1,1,1,1,1,1,1,1,1,1,1,1,1,1,1,1,0
2026-07-10 02:00:00,223.5372408,0,0,0,0,0,0,0.0527816666666667,3.78436,18.7250166666667,29.7288483333333,26.089565,23.5485616666667,24.84617,28.7742916666667,32.3504,17.1817833333333,7.08494333333333,3.65491333333333,2.00123833333333,1.49709166666667,1.2345,1.13659833333333,0.999755,0.529136666666667,0.329395,0.189801666666667,0.160165,0.119073333333333,0.0961316666666667,0.097355,0.0837383333333333,0.0658966666666667,0.0611866666666667,0.0535016666666667,0.0397766666666667,0.036805,0.03733,0.0317433333333333,0.0260666666666667,0.0184733333333333,0.021445,0.01595,0.018245,0.0141283333333333,0.0133083333333333,0.0103166666666667,0.00867166666666667,0.00708666666666667,0.00988166666666667,0.0104483333333333,0.00666666666666667,0.00792833333333333,0.00717666666666667,0.00708,0.00519666666666667,0.00236166666666667,0.00432833333333333,0.00398333333333333,0.00279,0.00384833333333333,0.00147,0.000661666666666667,0.00208666666666667,0.00123166666666667,0.00126833333333333,0.000075,0.000708333333333333,0.00055,0.000223333333333333,0.000781666666666667,0.000653333333333333,0.000888333333333333,0.00019,0.000205,0.00022,0.000235,0.00025,0.000075,0,1,0,0,0,0,0,0,1,1,1,1,1,1,1,1,1,1,1,1,1,1,1,1,1,1,1,1,1,1,1,1,1,1,1,1,1,1,1,1,1,1,1,1,1,1,1,1,1,1,1,1,1,1,1,1,1,1,1,1,1,1,1,1,1,1,1,1,1,1,1,1,1,1,1,1,1,1,1,1,0
2026-07-10 03:00:00,244.109548683333,0,0,0,0,0,0,0.0562716666666667,4.13013166666667,20.531615,32.3371733333333,27.9868733333333,25.2988566666667,26.8156683333333,31.0840316666667,35.701055,19.095715,7.86840833333333,4.18603333333333,2.33973666666667,1.67736833333333,1.39995333333333,1.28698166666667,1.061755,0.596055,0.332983333333333,0.195133333333333,0.162458333333333,0.13985,0.11544,0.109661666666667,0.0856783333333333,0.0707933333333333,0.0606566666666667,0.064005,0.0479083333333333,0.045925,0.0313283333333333,0.03042,0.026425,0.01861,0.02006,0.015985,0.01551,0.0118266666666667,0.01088,0.00856666666666667,0.0141133333333333,0.00926166666666667,0.00674333333333333,0.00882166666666667,0.00801,0.00959333333333333,0.0104433333333333,0.00573,0.00697333333333333,0.00469166666666667,0.00487333333333333,0.00346833333333333,0.001855,0.002215,0.00336666666666667,0.00132333333333333,0.00204833333333333,0.00130833333333333,0.00226833333333333,0.000723333333333333,0.00154833333333333,0.00055,0.000833333333333333,0.000415,0.000413333333333333,0.0000866666666666667,0.000253333333333333,0.000271666666666667,0.000291666666666667,0.000313333333333333,0.000335,0.0000983333333333333,0,1,0,0,0,0,0,0,1,1,1,1,1,1,1,1,1,1,1,1,1,1,1,1,1,1,1,1,1,1,1,1,1,1,1,1,1,1,1,1,1,1,1,1,1,1,1,1,1,1,1,1,1,1,1,1,1,1,1,1,1,1,1,1,1,1,1,1,1,1,1,1,1,1,1,1,1,1,1,1,0
2026-07-10 04:00:00,261.867915133333,0,0,0,0,0,0,0.0565933333333333,4.27012666666667,21.3736133333333,33.9769216666667,29.1007016666667,26.7009316666667,28.1936566666667,32.3982383333333,38.7704033333333,20.9879983333333,8.94619,4.74306333333333,2.67754166666667,1.88866166666667,1.57932833333333,1.44946666666667,1.278565,0.654983333333333,0.389585,0.220238333333333,0.180821666666667,0.15318,0.118756666666667,0.105141666666667,0.0903416666666667,0.08006,0.06058,0.059025,0.06148,0.046025,0.0376616666666667,0.03287,0.02779,0.0204916666666667,0.0201466666666667,0.02114,0.0206783333333333,0.0111433333333333,0.019115,0.0148133333333333,0.00887666666666667,0.009805,0.00624166666666667,0.011585,0.00805,0.00711,0.00820333333333333,0.00471166666666667,0.00681333333333333,0.00510333333333333,0.00349833333333333,0.00218,0.00399833333333333,0.00306833333333333,0.00341333333333333,0.00159833333333333,0.00133833333333333,0.002155,0.00154,0.000993333333333333,0.00183666666666667,0.000681666666666667,0.00125,0,0.00016,0.000405,0.000443333333333333,0.000478333333333333,0.000513333333333333,0.000548333333333333,0.000583333333333333,0.000175,0,1,0,0,0,0,0,0,1,1,1,1,1,1,1,1,1,1,1,1,1,1,1,1,1,1,1,1,1,1,1,1,1,1,1,1,1,1,1,1,1,1,1,1,1,1,1,1,1,1,1,1,1,1,1,1,1,1,1,1,1,1,1,1,1,1,1,1,1,1,1,1,1,1,1,1,1,1,1,1,0
2026-07-10 05:00:00,270.415121466667,0,0,0,0,0,0,0.0695916666666667,4.47740166666667,22.3603516666667,35.280705,30.4559533333333,27.349985,29.0989066666667,33.1975016666667,39.8251516666667,22.2459866666667,9.402165,5.11799333333333,2.78205666666667,2.00960833333333,1.67358333333333,1.52129166666667,1.34955833333333,0.73413,0.407796666666667,0.253093333333333,0.17952,0.15698,0.138818333333333,0.112348333333333,0.0871683333333333,0.0781666666666667,0.0669483333333333,0.0641866666666667,0.05319,0.0452216666666667,0.039425,0.0414533333333333,0.031935,0.02632,0.0258183333333333,0.0207216666666667,0.0190483333333333,0.0142533333333333,0.0102266666666667,0.01329,0.009315,0.0102366666666667,0.00876666666666667,0.00789,0.009355,0.0129433333333333,0.005855,0.00654166666666667,0.00737,0.00263333333333333,0.00438833333333333,0.00478166666666667,0.00363333333333333,0.00332,0.00275,0.00353666666666667,0.002575,0.00173166666666667,0.00234833333333333,0.00261666666666667,0.001555,0.000681666666666667,0.000416666666666667,0.00141833333333333,0.00024,0.0000866666666666667,0.000253333333333333,0.000273333333333333,0.000293333333333333,0.000313333333333333,0.000333333333333333,0.0001,0,1,0,0,0,0,0,0,1,1,1,1,1,1,1,1,1,1,1,1,1,1,1,1,1,1,1,1,1,1,1,1,1,1,1,1,1,1,1,1,1,1,1,1,1,1,1,1,1,1,1,1,1,1,1,1,1,1,1,1,1,1,1,1,1,1,1,1,1,1,1,1,1,1,1,1,1,1,1,1,0
2026-07-10 06:00:00,276.289360316667,0,0,0,0,0,0,0.0731266666666667,4.81054,23.670055,36.5775133333333,31.16607,27.7395833333333,29.53895,34.1123216666667,39.5906283333333,20.9883,9.42397166666667,5.06127,2.93161333333333,2.16679833333333,1.87464166666667,1.77943833333333,1.438565,0.758475,0.447155,0.256008333333333,0.200018333333333,0.158823333333333,0.131023333333333,0.127513333333333,0.107936666666667,0.09428,0.0717783333333333,0.0692766666666667,0.0623266666666667,0.062045,0.0500166666666667,0.0465183333333333,0.0365933333333333,0.0324883333333333,0.0226983333333333,0.03466,0.0255433333333333,0.0253916666666667,0.0186633333333333,0.0171266666666667,0.0169033333333333,0.0133766666666667,0.00963333333333333,0.0131866666666667,0.01304,0.00840666666666667,0.009415,0.00578166666666667,0.00646333333333333,0.00844333333333333,0.005765,0.005875,0.00417166666666667,0.00246666666666667,0.00398333333333333,0.002835,0.00166166666666667,0.001655,0.00219,0.000988333333333333,0.000985,0.00138666666666667,0.000223333333333333,0.000193333333333333,0.00016,0.00049,0.000695,0.000748333333333333,0.000803333333333333,0.000861666666666667,0.00092,0.000271666666666667,0,1,0,0,0,0,0,0,1,1,1,1,1,1,1,1,1,1,1,1,1,1,1,1,1,1,1,1,1,1,1,1,1,1,1,1,1,1,1,1,1,1,1,1,1,1,1,1,1,1,1,1,1,1,1,1,1,1,1,1,1,1,1,1,1,1,1,1,1,1,1,1,1,1,1,1,1,1,1,1,0
2026-07-10 07:00:00,240.920012433333,0,0,0,0,0,0,0.0690083333333333,4.547445,21.6381116666667,32.9567116666667,27.9819033333333,25.17647,26.6953583333333,30.7148116666667,33.340625,16.4862266666667,7.21596666666667,3.92183,2.311405,1.68977833333333,1.35898666666667,1.29070666666667,1.062465,0.53864,0.318038333333333,0.197358333333333,0.16944,0.14672,0.124006666666667,0.11734,0.0908583333333333,0.0950316666666667,0.0757183333333333,0.07245,0.0722333333333333,0.05999,0.0620883333333333,0.0556416666666667,0.040055,0.039395,0.0356633333333333,0.027395,0.0351133333333333,0.0339833333333333,0.0285616666666667,0.0262333333333333,0.0261583333333333,0.0270166666666667,0.0205316666666667,0.0175666666666667,0.0141816666666667,0.012915,0.0121483333333333,0.0109633333333333,0.0109983333333333,0.008765,0.00771833333333333,0.00756166666666667,0.00652166666666667,0.00407333333333333,0.00336666666666667,0.00282,0.00263833333333333,0.00465666666666667,0.00172833333333333,0.00176833333333333,0.00238333333333333,0.00180666666666667,0.00147333333333333,0.00185333333333333,0.00206666666666667,0.000693333333333333,0.000823333333333333,0.000886666666666667,0.000951666666666667,0.00101833333333333,0.001085,0.000323333333333333,0,1,0,0,0,0,0,0,1,1,1,1,1,1,1,1,1,1,1,1,1,1,1,1,1,1,1,1,1,1,1,1,1,1,1,1,1,1,1,1,1,1,1,1,1,1,1,1,1,1,1,1,1,1,1,1,1,1,1,1,1,1,1,1,1,1,1,1,1,1,1,1,1,1,1,1,1,1,1,1,0
2026-07-10 08:00:00,248.718337,0,0,0,0,0,0,0.0826433333333333,5.18175833333333,24.5534016666667,36.6448016666667,30.2940783333333,26.4301533333333,27.0865816666667,30.3627883333333,31.4173466666667,16.054915,6.89114,3.61447333333333,2.07461,1.45190166666667,1.20821666666667,1.12610833333333,0.88525,0.513285,0.304896666666667,0.195436666666667,0.155296666666667,0.140101666666667,0.128721666666667,0.120373333333333,0.102045,0.103645,0.08966,0.0816,0.071485,0.0675066666666667,0.0604983333333333,0.0539916666666667,0.0484033333333333,0.0370766666666667,0.038415,0.0359833333333333,0.03192,0.0263816666666667,0.022955,0.0256116666666667,0.0227483333333333,0.02202,0.0175083333333333,0.0147516666666667,0.0185016666666667,0.0134433333333333,0.010165,0.01113,0.011155,0.00746833333333333,0.00739833333333333,0.00585,0.00410833333333333,0.00392333333333333,0.00564166666666667,0.00375166666666667,0.00570166666666667,0.00477333333333333,0.00215166666666667,0.00415333333333333,0.00168666666666667,0.00138666666666667,0.00128,0.00322333333333333,0.00048,0.000736666666666667,0.00095,0.00102333333333333,0.00109833333333333,0.001175,0.00125166666666667,0.000373333333333333,0,1,0,0,0,0,0,0,1,1,1,1,1,1,1,1,1,1,1,1,1,1,1,1,1,1,1,1,1,1,1,1,1,1,1,1,1,1,1,1,1,1,1,1,1,1,1,1,1,1,1,1,1,1,1,1,1,1,1,1,1,1,1,1,1,1,1,1,1,1,1,1,1,1,1,1,1,1,1,1,0
2026-07-10 09:00:00,254.925958216667,0,0,0,0,0,0,0.0836716666666667,5.58525833333333,26.3096933333333,38.491975,31.168185,26.9351766666667,27.0966966666667,29.4725,31.8718516666667,19.0098816666667,6.79787166666667,3.52648666666667,1.82937666666667,1.29825166666667,1.03429,0.90781,0.731305,0.437733333333333,0.253758333333333,0.173318333333333,0.133928333333333,0.11453,0.0930266666666667,0.0876466666666667,0.0769516666666667,0.0800066666666667,0.0635033333333333,0.0709183333333333,0.052215,0.0570466666666667,0.042015,0.0400216666666667,0.0314833333333333,0.0316,0.027265,0.0222716666666667,0.0252866666666667,0.0204183333333333,0.0204266666666667,0.02126,0.0155466666666667,0.01787,0.02004,0.0144283333333333,0.01391,0.0105066666666667,0.009465,0.0110683333333333,0.00537333333333333,0.00715,0.00470166666666667,0.00988166666666667,0.00521666666666667,0.00239166666666667,0.006115,0.00305666666666667,0.00182666666666667,0.00373333333333333,0.00134666666666667,0.001485,0.00198166666666667,0.00204833333333333,0.00315833333333333,0.000955,0.00286666666666667,0.00291166666666667,0.00101333333333333,0.00109166666666667,0.00117166666666667,0.00125333333333333,0.001335,0.000398333333333333,0,1,0,0,0,0,0,0,1,1,1,1,1,1,1,1,1,1,1,1,1,1,1,1,1,1,1,1,1,1,1,1,1,1,1,1,1,1,1,1,1,1,1,1,1,1,1,1,1,1,1,1,1,1,1,1,1,1,1,1,1,1,1,1,1,1,1,1,1,1,1,1,1,1,1,1,1,1,1,1,0
2026-07-10 10:00:00,259.7090299,0,0,0,0,0,0,0.0830266666666667,5.17039333333333,25.2914766666667,37.6000733333333,31.1356483333333,27.6303266666667,27.7087533333333,30.3931416666667,34.2697333333333,22.1785666666667,7.464485,3.67557333333333,1.85893,1.25584333333333,0.966836666666667,0.836271666666667,0.678238333333333,0.445225,0.242531666666667,0.137341666666667,0.113223333333333,0.104726666666667,0.0941583333333333,0.08514,0.0596583333333333,0.0537016666666667,0.057575,0.0566483333333333,0.0561416666666667,0.0444883333333333,0.044775,0.0367133333333333,0.0273166666666667,0.0248333333333333,0.02683,0.0222566666666667,0.0220316666666667,0.0166466666666667,0.0190166666666667,0.0186666666666667,0.0151916666666667,0.01608,0.01447,0.0113183333333333,0.0135666666666667,0.0124633333333333,0.00977,0.00690333333333333,0.00678,0.00405,0.00433,0.00512833333333333,0.00422833333333333,0.00332,0.00289333333333333,0.00319166666666667,0.00277833333333333,0.0000766666666666667,0.001615,0.000496666666666667,0.00168,0.000836666666666667,0.000833333333333333,0.001245,0.000826666666666667,0.00078,0.00107666666666667,0.00115666666666667,0.00124166666666667,0.00133166666666667,0.00142166666666667,0.00042,0,1,0,0,0,0,0,0,1,1,1,1,1,1,1,1,1,1,1,1,1,1,1,1,1,1,1,1,1,1,1,1,1,1,1,1,1,1,1,1,1,1,1,1,1,1,1,1,1,1,1,1,1,1,1,1,1,1,1,1,1,1,1,1,1,1,1,1,1,1,1,1,1,1,1,1,1,1,1,1,0
2026-07-10 11:00:00,264.365893983333,0,0,0,0,0,0,0.0717316666666667,4.86260333333333,23.7859766666667,36.4739016666667,31.0796566666667,27.43995,28.5044366666667,31.2853816666667,35.76662,24.7826516666667,8.00934,3.98408666666667,1.92586,1.276575,1.00060833333333,0.898635,0.728111666666667,0.451905,0.249443333333333,0.156791666666667,0.124353333333333,0.108676666666667,0.087765,0.07963,0.06537,0.0637583333333333,0.0551133333333333,0.048825,0.051485,0.0427716666666667,0.0410733333333333,0.039475,0.0343016666666667,0.02598,0.0239683333333333,0.01905,0.02328,0.0193883333333333,0.01316,0.0132683333333333,0.0120666666666667,0.0177016666666667,0.011195,0.0100716666666667,0.0129366666666667,0.0100716666666667,0.00998833333333333,0.011765,0.00779,0.006635,0.00607833333333333,0.00687166666666667,0.00522666666666667,0.00477833333333333,0.00383833333333333,0.00331833333333333,0.002055,0.002655,0.00241833333333333,0.00296333333333333,0.000558333333333333,0.00163333333333333,0.00128666666666667,0.00083,0.000986666666666667,0.000491666666666667,0.000696666666666667,0.000751666666666667,0.000806666666666667,0.000861666666666667,0.000916666666666667,0.000275,0,1,0,0,0,0,0,0,1,1,1,1,1,1,1,1,1,1,1,1,1,1,1,1,1,1,1,1,1,1,1,1,1,1,1,1,1,1,1,1,1,1,1,1,1,1,1,1,1,1,1,1,1,1,1,1,1,1,1,1,1,1,1,1,1,1,1,1,1,1,1,1,1,1,1,1,1,1,1,1,0
2026-07-10 12:00:00,256.9119937,0,0,0,0,0,0,0.0620883333333333,4.05491333333333,20.6624733333333,32.9871333333333,29.2720716666667,26.64239,27.7727966666667,31.430135,36.624915,26.9994616666667,8.45903166666667,4.20536666666667,2.03546666666667,1.30685333333333,1.082385,0.886845,0.742218333333333,0.46065,0.24675,0.14723,0.11345,0.096075,0.0836833333333333,0.0738,0.061255,0.0581083333333333,0.0432533333333333,0.0439316666666667,0.0361216666666667,0.0355516666666667,0.0329833333333333,0.0340366666666667,0.0284183333333333,0.0251283333333333,0.017975,0.020075,0.0199383333333333,0.0186966666666667,0.0182633333333333,0.0129566666666667,0.0153383333333333,0.01171,0.00886166666666667,0.013675,0.0122216666666667,0.0138566666666667,0.0137216666666667,0.00886333333333333,0.00511666666666667,0.00718,0.00579166666666667,0.00464166666666667,0.00291,0.002815,0.00294,0.00164666666666667,0.00307666666666667,0.00204,0.00188666666666667,0.00283666666666667,0.00154333333333333,0.00134666666666667,0.000706666666666667,0.000995,0.000573333333333333,0.00135833333333333,0.000823333333333333,0.000886666666666667,0.000951666666666667,0.00101833333333333,0.001085,0.000323333333333333,0,1,0,0,0,0,0,0,1,1,1,1,1,1,1,1,1,1,1,1,1,1,1,1,1,1,1,1,1,1,1,1,1,1,1,1,1,1,1,1,1,1,1,1,1,1,1,1,1,1,1,1,1,1,1,1,1,1,1,1,1,1,1,1,1,1,1,1,1,1,1,1,1,1,1,1,1,1,1,1,0
2026-07-10 13:00:00,298.442653466667,0,0,0,0,0,0,0.0614133333333333,3.89270166666667,20.31006,33.9575816666667,31.4611983333333,29.68541,32.671335,37.6565333333333,45.65686,35.9064683333333,11.4416416666667,5.67203166666667,2.69171166666667,1.72870166666667,1.39039666666667,1.143835,0.953978333333333,0.590721666666667,0.289356666666667,0.167095,0.10614,0.102178333333333,0.0713533333333333,0.0713733333333333,0.0574183333333333,0.056825,0.0454166666666667,0.0414333333333333,0.0386766666666667,0.0347616666666667,0.0333833333333333,0.0224833333333333,0.0242066666666667,0.0261566666666667,0.02519,0.0202716666666667,0.0186733333333333,0.0129183333333333,0.0155266666666667,0.0103466666666667,0.011715,0.0138283333333333,0.0107683333333333,0.00734333333333333,0.007615,0.00462333333333333,0.00764333333333333,0.00563333333333333,0.00778666666666667,0.002505,0.004445,0.00378,0.00643333333333333,0.004,0.00275,0.00193666666666667,0.00336166666666667,0.00169333333333333,0.0025,0.002045,0.001555,0.00108,0.000658333333333333,0.00143833333333333,0.0014,0.001185,0.000316666666666667,0.00034,0.000365,0.000391666666666667,0.000418333333333333,0.000123333333333333,0,1,0,0,0,0,0,0,1,1,1,1,1,1,1,1,1,1,1,1,1,1,1,1,1,1,1,1,1,1,1,1,1,1,1,1,1,1,1,1,1,1,1,1,1,1,1,1,1,1,1,1,1,1,1,1,1,1,1,1,1,1,1,1,1,1,1,1,1,1,1,1,1,1,1,1,1,1,1,1,0
2026-07-10 14:00:00,300.374828583333,0,0,0,0,0,0,0.0616083333333333,4.03193666666667,20.9374166666667,34.45582,31.860885,30.3518483333333,32.77158,37.738005,45.480375,36.42304,11.422305,5.69941833333333,2.758325,1.78365833333333,1.401755,1.13141333333333,0.97466,0.58159,0.297043333333333,0.16306,0.141303333333333,0.103981666666667,0.09149,0.0807633333333333,0.0759216666666667,0.05251,0.04883,0.0515383333333333,0.0404083333333333,0.0333716666666667,0.0299933333333333,0.0288566666666667,0.0214166666666667,0.0183566666666667,0.0189383333333333,0.0166183333333333,0.0229033333333333,0.0131983333333333,0.0146316666666667,0.01179,0.0145316666666667,0.015705,0.0111516666666667,0.007005,0.00729166666666667,0.00788333333333333,0.00710666666666667,0.00517833333333333,0.00715666666666667,0.006225,0.003585,0.00306833333333333,0.00433333333333333,0.00432333333333333,0.00166,0.00249666666666667,0.00218833333333333,0.00211666666666667,0.00199833333333333,0.00297,0.00155,0.0011,0.00147333333333333,0.000366666666666667,0.00189333333333333,0.00013,0.00038,0.00041,0.00044,0.00047,0.0005,0.00015,0,1,0,0,0,0,0,0,1,1,1,1,1,1,1,1,1,1,1,1,1,1,1,1,1,1,1,1,1,1,1,1,1,1,1,1,1,1,1,1,1,1,1,1,1,1,1,1,1,1,1,1,1,1,1,1,1,1,1,1,1,1,1,1,1,1,1,1,1,1,1,1,1,1,1,1,1,1,1,1,0
2026-07-10 15:00:00,269.07711285,0,0,0,0,0,0,0.0599283333333333,3.762415,19.2694666666667,31.2909583333333,28.7269816666667,27.0277183333333,29.1919266666667,33.06419,39.8293283333333,32.2968733333333,9.98852333333333,4.83253,2.37145333333333,1.48483333333333,1.188805,0.985425,0.830598333333333,0.510976666666667,0.241893333333333,0.158348333333333,0.116468333333333,0.0944916666666667,0.0751516666666667,0.0751616666666667,0.0559383333333333,0.05816,0.04153,0.0415166666666667,0.0353233333333333,0.0348466666666667,0.0399533333333333,0.03633,0.0225166666666667,0.02775,0.0223333333333333,0.023405,0.01163,0.0140016666666667,0.0119966666666667,0.015995,0.0218433333333333,0.01609,0.00952666666666667,0.011285,0.00973833333333333,0.00631333333333333,0.00891666666666667,0.008285,0.00514833333333333,0.00502666666666667,0.007825,0.00481833333333333,0.00557666666666667,0.004425,0.00313,0.00188333333333333,0.00261333333333333,0.002155,0.00280333333333333,0.000993333333333333,0.00084,0.001235,0.00277166666666667,0.00158333333333333,0.00122666666666667,0.000448333333333333,0.00057,0.000615,0.00066,0.000705,0.00075,0.000225,0,1,0,0,0,0,0,0,1,1,1,1,1,1,1,1,1,1,1,1,1,1,1,1,1,1,1,1,1,1,1,1,1,1,1,1,1,1,1,1,1,1,1,1,1,1,1,1,1,1,1,1,1,1,1,1,1,1,1,1,1,1,1,1,1,1,1,1,1,1,1,1,1,1,1,1,1,1,1,1,0
2026-07-10 16:00:00,249.879514816667,0,0,0,0,0,0,0.0627083333333333,3.71229666666667,19.124825,30.435485,27.2206466666667,25.1796566666667,26.8227816666667,30.26105,36.5109566666667,28.62189,8.73716833333333,4.31578,2.10223166666667,1.32361833333333,1.05658666666667,0.866405,0.781046666666667,0.486993333333333,0.217186666666667,0.139911666666667,0.109621666666667,0.0964333333333333,0.0884966666666667,0.0748366666666667,0.0593933333333333,0.0574933333333333,0.04876,0.0468633333333333,0.039715,0.038025,0.030185,0.0301266666666667,0.0273,0.0233983333333333,0.0192783333333333,0.0254916666666667,0.0282516666666667,0.0154166666666667,0.0154683333333333,0.010495,0.014835,0.00949666666666667,0.0102933333333333,0.010445,0.00896,0.00920166666666667,0.009535,0.00598666666666667,0.00882333333333333,0.00520166666666667,0.00338333333333333,0.00395333333333333,0.003505,0.003245,0.00360333333333333,0.000883333333333333,0.00383666666666667,0.00227,0.00199666666666667,0.000433333333333333,0.001135,0.002335,0.000658333333333333,0.000193333333333333,0.000826666666666667,0.000173333333333333,0.000506666666666667,0.000545,0.000585,0.000626666666666667,0.000668333333333333,0.000198333333333333,0,1,0,0,0,0,0,0,1,1,1,1,1,1,1,1,1,1,1,1,1,1,1,1,1,1,1,1,1,1,1,1,1,1,1,1,1,1,1,1,1,1,1,1,1,1,1,1,1,1,1,1,1,1,1,1,1,1,1,1,1,1,1,1,1,1,1,1,1,1,1,1,1,1,1,1,1,1,1,1,0
2026-07-10 17:00:00,259.133811916667,0,0,0,0,0,0,0.0663283333333333,4.05323166666667,20.18295,31.5669516666667,28.1263333333333,26.0280683333333,27.63944,31.6950883333333,38.0911583333333,29.5460533333333,9.10533166666667,4.53509166666667,2.16474666666667,1.44115833333333,1.10731333333333,0.886485,0.769183333333333,0.47691,0.242263333333333,0.138856666666667,0.111403333333333,0.0935716666666667,0.08137,0.0742866666666667,0.0589833333333333,0.0451616666666667,0.0556916666666667,0.0427933333333333,0.0430983333333333,0.0322833333333333,0.0294733333333333,0.0317133333333333,0.02049,0.0176083333333333,0.0248683333333333,0.02527,0.0170766666666667,0.0200133333333333,0.0167183333333333,0.0121316666666667,0.0174383333333333,0.0156616666666667,0.00822166666666667,0.00955166666666667,0.0102383333333333,0.00834,0.00717666666666667,0.00508833333333333,0.00492333333333333,0.00602166666666667,0.00533333333333333,0.002235,0.00327,0.00314666666666667,0.00403,0.000986666666666667,0.00215,0.00469666666666667,0.00123,0.000918333333333333,0.00196833333333333,0.000968333333333333,0.000416666666666667,0.001245,0,0.00026,0.00076,0.000818333333333333,0.000878333333333333,0.00094,0.00100166666666667,0.000298333333333333,0,1,0,0,0,0,0,0,1,1,1,1,1,1,1,1,1,1,1,1,1,1,1,1,1,1,1,1,1,1,1,1,1,1,1,1,1,1,1,1,1,1,1,1,1,1,1,1,1,1,1,1,1,1,1,1,1,1,1,1,1,1,1,1,1,1,1,1,1,1,1,1,1,1,1,1,1,1,1,1,0
2026-07-10 18:00:00,271.110679133333,0,0,0,0,0,0,0.06394,4.02235166666667,20.681275,32.9967833333333,29.568675,27.3008383333333,29.2482883333333,33.3598316666667,40.38792,30.2458383333333,9.45830333333333,4.70220333333333,2.21939,1.45045333333333,1.17190333333333,0.980728333333333,0.810908333333333,0.508153333333333,0.258825,0.151035,0.124695,0.102705,0.0944983333333333,0.072885,0.0622733333333333,0.0624983333333333,0.0488433333333333,0.04347,0.0419983333333333,0.0378466666666667,0.0252766666666667,0.0317016666666667,0.029555,0.02654,0.018185,0.0189933333333333,0.0195833333333333,0.0163016666666667,0.019695,0.0142,0.0154683333333333,0.0150783333333333,0.01072,0.011825,0.008205,0.00872833333333333,0.009825,0.00796833333333333,0.00858333333333333,0.00700666666666667,0.00430166666666667,0.00590833333333333,0.00422,0.004775,0.00677833333333333,0.00186833333333333,0.004015,0.00296166666666667,0.00180166666666667,0.00337333333333333,0.00126,0.00165333333333333,0.001685,0.00141833333333333,0.0004,0.000751666666666667,0.00145666666666667,0.00156666666666667,0.00168166666666667,0.00180166666666667,0.00192166666666667,0.00057,0,1,0,0,0,0,0,0,1,1,1,1,1,1,1,1,1,1,1,1,1,1,1,1,1,1,1,1,1,1,1,1,1,1,1,1,1,1,1,1,1,1,1,1,1,1,1,1,1,1,1,1,1,1,1,1,1,1,1,1,1,1,1,1,1,1,1,1,1,1,1,1,1,1,1,1,1,1,1,1,0
2026-07-10 19:00:00,257.190306933333,0,0,0,0,0,0,0.05384,3.62823166666667,18.7466133333333,30.9605533333333,28.2542733333333,26.1600216666667,27.9110866666667,32.101155,37.6599166666667,30.4723433333333,9.49379666666667,4.59537833333333,2.196275,1.4521,1.12399333333333,0.966806666666667,0.804965,0.507075,0.246638333333333,0.174168333333333,0.12235,0.09405,0.0680166666666667,0.0742983333333333,0.0672533333333333,0.057755,0.0438666666666667,0.049855,0.04163,0.033895,0.03207,0.027155,0.0259183333333333,0.0287633333333333,0.0207166666666667,0.0209266666666667,0.0244183333333333,0.01749,0.018325,0.0159016666666667,0.017185,0.0116716666666667,0.0136,0.0119883333333333,0.008595,0.0129883333333333,0.0116483333333333,0.00926166666666667,0.0106733333333333,0.007125,0.0084,0.00842333333333333,0.00739,0.00646333333333333,0.00545333333333333,0.00584333333333333,0.00306333333333333,0.00296333333333333,0.002075,0.00268666666666667,0.00238333333333333,0.000968333333333333,0.000833333333333333,0.00100333333333333,0.000653333333333333,0.00156,0.00095,0.00102166666666667,0.00109666666666667,0.001175,0.00125333333333333,0.000371666666666667,0,1,0,0,0,0,0,0,1,1,1,1,1,1,1,1,1,1,1,1,1,1,1,1,1,1,1,1,1,1,1,1,1,1,1,1,1,1,1,1,1,1,1,1,1,1,1,1,1,1,1,1,1,1,1,1,1,1,1,1,1,1,1,1,1,1,1,1,1,1,1,1,1,1,1,1,1,1,1,1,0
2026-07-10 20:00:00,275.15516075,0,0,0,0,0,0,0.0530316666666667,3.79804333333333,20.112355,32.875295,30.3055883333333,28.1030066666667,29.7608616666667,33.6278133333333,39.7652633333333,31.909775,10.1351333333333,4.98616666666667,2.38310666666667,1.50135666666667,1.21212333333333,1.063835,0.90691,0.544638333333333,0.311946666666667,0.180508333333333,0.1328,0.110471666666667,0.0945183333333333,0.0839516666666667,0.06626,0.0649783333333333,0.0556466666666667,0.0538316666666667,0.0362033333333333,0.03431,0.035195,0.0251766666666667,0.0263133333333333,0.02251,0.019075,0.0200966666666667,0.0186516666666667,0.021505,0.01377,0.015535,0.008375,0.0118483333333333,0.0106,0.00878333333333333,0.0109366666666667,0.01007,0.00910333333333333,0.00684,0.00631333333333333,0.00526,0.004875,0.00750666666666667,0.00622666666666667,0.00442333333333333,0.00422,0.00527,0.003165,0.00338666666666667,0.00242166666666667,0.00149,0.00393666666666667,0.00193666666666667,0.00192,0.00141,0.000733333333333333,0.000875,0.00107666666666667,0.00116166666666667,0.00124666666666667,0.00133166666666667,0.00141666666666667,0.000425,0,1,0,0,0,0,0,0,1,1,1,1,1,1,1,1,1,1,1,1,1,1,1,1,1,1,1,1,1,1,1,1,1,1,1,1,1,1,1,1,1,1,1,1,1,1,1,1,1,1,1,1,1,1,1,1,1,1,1,1,1,1,1,1,1,1,1,1,1,1,1,1,1,1,1,1,1,1,1,1,0
2026-07-10 21:00:00,262.372014366667,0,0,0,0,0,0,0.0461633333333333,3.40869166666667,17.576365,29.8659233333333,28.328985,26.8338316666667,28.56514,32.8738033333333,38.9672366666667,32.0946466666667,10.0554266666667,4.99578,2.40652166666667,1.543735,1.19141333333333,0.99652,0.908948333333333,0.525961666666667,0.302451666666667,0.171798333333333,0.110813333333333,0.101306666666667,0.07372,0.0672633333333333,0.0686516666666667,0.05792,0.0411816666666667,0.0408633333333333,0.032815,0.034495,0.022875,0.0204433333333333,0.0281666666666667,0.0203333333333333,0.01993,0.0152716666666667,0.0165566666666667,0.00806666666666667,0.0124816666666667,0.0106416666666667,0.0104166666666667,0.00857166666666667,0.008755,0.0100116666666667,0.00763833333333333,0.0067,0.007445,0.00456,0.00724666666666667,0.00384166666666667,0.004245,0.00478833333333333,0.00672,0.00211166666666667,0.00289333333333333,0.00329333333333333,0.001865,0.001655,0.001615,0.000433333333333333,0.00181833333333333,0.000398333333333333,0.000851666666666667,0.00083,0.000413333333333333,0.000953333333333333,0.00038,0.00041,0.00044,0.00047,0.0005,0.00015,0,1,0,0,0,0,0,0,1,1,1,1,1,1,1,1,1,1,1,1,1,1,1,1,1,1,1,1,1,1,1,1,1,1,1,1,1,1,1,1,1,1,1,1,1,1,1,1,1,1,1,1,1,1,1,1,1,1,1,1,1,1,1,1,1,1,1,1,1,1,1,1,1,1,1,1,1,1,1,1,0
2026-07-10 22:00:00,293.030219016667,0,0,0,0,0,0,0.054275,3.75042166666667,19.5450483333333,32.9169816666667,30.8620566666667,29.231745,31.5194516666667,36.2454816666667,43.164715,35.975245,11.7462083333333,5.85643166666667,2.87046333333333,1.88063166666667,1.46119833333333,1.19409833333333,1.07174833333333,0.675935,0.33017,0.21349,0.152596666666667,0.136125,0.0980333333333333,0.0879966666666667,0.0779383333333333,0.0671833333333333,0.0451666666666667,0.0513983333333333,0.0434133333333333,0.033965,0.0351333333333333,0.0262433333333333,0.0209983333333333,0.02303,0.01895,0.0152766666666667,0.0137116666666667,0.016305,0.0152316666666667,0.00792333333333333,0.00823166666666667,0.0104383333333333,0.0128616666666667,0.00751833333333333,0.00722666666666667,0.00706333333333333,0.00576333333333333,0.00670833333333333,0.00963166666666667,0.00579833333333333,0.00533333333333333,0.00495833333333333,0.00259333333333333,0.002815,0.00189666666666667,0.00173333333333333,0.00267666666666667,0.00246333333333333,0.001345,0.00120166666666667,0.00181833333333333,0,0.00125,0.00083,0.0014,0.000773333333333333,0.000316666666666667,0.000341666666666667,0.000366666666666667,0.000391666666666667,0.000416666666666667,0.000125,0,1,0,0,0,0,0,0,1,1,1,1,1,1,1,1,1,1,1,1,1,1,1,1,1,1,1,1,1,1,1,1,1,1,1,1,1,1,1,1,1,1,1,1,1,1,1,1,1,1,1,1,1,1,1,1,1,1,1,1,1,1,1,1,1,1,1,1,1,1,1,1,1,1,1,1,1,1,1,1,0
2026-07-10 23:00:00,299.585088616667,0,0,0,0,0,0,0.0478783333333333,3.586965,19.091295,32.4246266666667,31.0761066666667,29.7849316666667,32.4264883333333,37.7096983333333,45.1774766666667,37.131865,12.5229433333333,6.22174666666667,3.08602833333333,2.00281,1.537365,1.39275,1.19800833333333,0.686073333333333,0.376395,0.211035,0.170448333333333,0.136206666666667,0.101736666666667,0.100595,0.0694933333333333,0.070725,0.052795,0.0467,0.0416033333333333,0.0441816666666667,0.0331183333333333,0.031825,0.027905,0.02283,0.0160033333333333,0.01549,0.0187216666666667,0.0167766666666667,0.0173233333333333,0.00970833333333333,0.010775,0.00880333333333333,0.00965166666666667,0.0127216666666667,0.00965666666666667,0.00665166666666667,0.00533166666666667,0.00419833333333333,0.00271333333333333,0.00220166666666667,0.00361166666666667,0.00143333333333333,0.00363333333333333,0.003745,0.00208666666666667,0.00271833333333333,0.00073,0.00200166666666667,0.00096,0.000705,0.00126666666666667,0.00055,0.000223333333333333,0.000366666666666667,0.00024,0.000476666666666667,0.00019,0.000203333333333333,0.000218333333333333,0.000235,0.000251666666666667,0.0000733333333333333,0,1,0,0,0,0,0,0,1,1,1,1,1,1,1,1,1,1,1,1,1,1,1,1,1,1,1,1,1,1,1,1,1,1,1,1,1,1,1,1,1,1,1,1,1,1,1,1,1,1,1,1,1,1,1,1,1,1,1,1,1,1,1,1,1,1,1,1,1,1,1,1,1,1,1,1,1,1,1,1,0
2026-07-11,281.017103116667,0,0,0,0,0,0,0.0285683333333333,2.74206666666667,15.5310583333333,29.2928,28.8212233333333,28.0453466666667,30.6449716666667,35.89397,43.231575,36.19248,12.4069433333333,6.24046,3.07624666666667,2.02070166666667,1.61578166666667,1.40292166666667,1.21459333333333,0.685183333333333,0.375766666666667,0.21122,0.154516666666667,0.125401666666667,0.0996516666666667,0.0808066666666667,0.0745583333333333,0.0616116666666667,0.0645783333333333,0.0421433333333333,0.0401033333333333,0.0302216666666667,0.0324533333333333,0.0351516666666667,0.0281716666666667,0.0179683333333333,0.016865,0.0177266666666667,0.0135083333333333,0.01416,0.012965,0.0135,0.00940833333333333,0.00938833333333333,0.00672,0.00772333333333333,0.00895833333333333,0.00790666666666667,0.00719833333333333,0.003195,0.00546666666666667,0.005155,0.00263833333333333,0.00229166666666667,0.00157,0.00238666666666667,0.00128,0.00255,0.00123666666666667,0.00123166666666667,0.00077,0.000855,0.00181833333333333,0.000816666666666667,0.000435,0,0.000413333333333333,0.000563333333333333,0.000443333333333333,0.000478333333333333,0.000513333333333333,0.000548333333333333,0.000583333333333333,0.000175,0,1,0,0,0,0,0,0,1,1,1,1,1,1,1,1,1,1,1,1,1,1,1,1,1,1,1,1,1,1,1,1,1,1,1,1,1,1,1,1,1,1,1,1,1,1,1,1,1,1,1,1,1,1,1,1,1,1,1,1,1,1,1,1,1,1,1,1,1,1,1,1,1,1,1,1,1,1,1,1,0
2026-07-11 01:00:00,264.666312433333,0,0,0,0,0,0,0.033055,2.440205,14.309125,27.1863266666667,27.1024666666667,26.5754066666667,29.157075,34.011965,41.5732033333333,33.5750816666667,11.6401533333333,5.93496,2.94957166666667,1.91887666666667,1.564715,1.35816666666667,1.14752333333333,0.693156666666667,0.369931666666667,0.216166666666667,0.147186666666667,0.130558333333333,0.0963166666666667,0.0955,0.0646066666666667,0.07605,0.0590166666666667,0.0474866666666667,0.0408766666666667,0.0361233333333333,0.0297483333333333,0.030055,0.0243266666666667,0.0214,0.0194933333333333,0.0183816666666667,0.0123783333333333,0.0104633333333333,0.0128866666666667,0.00803,0.0138866666666667,0.00821,0.00654166666666667,0.00612666666666667,0.00684166666666667,0.00791,0.005405,0.00579333333333333,0.00306333333333333,0.00395,0.003325,0.00329333333333333,0.00193333333333333,0,0.00384,0.00129333333333333,0.001605,0.001655,0.00096,0.002675,0.00111666666666667,0.000816666666666667,0.00190833333333333,0.000366666666666667,0.000813333333333333,0.000318333333333333,0.00019,0.000205,0.00022,0.000235,0.00025,0.000075,0,1,0,0,0,0,0,0,1,1,1,1,1,1,1,1,1,1,1,1,1,1,1,1,1,1,1,1,1,1,1,1,1,1,1,1,1,1,1,1,1,1,1,1,1,1,1,1,1,1,1,1,1,1,1,1,1,1,1,1,1,1,1,1,1,1,1,1,1,1,1,1,1,1,1,1,1,1,1,1,0
2026-07-11 02:00:00,246.902197783333,0,0,0,0,0,0,0.036235,2.622155,14.5566316666667,26.471315,25.8600516666667,24.9960133333333,27.49745,31.7519933333333,38.58935,29.4889,10.2683266666667,5.13249,2.63136333333333,1.66343833333333,1.40442333333333,1.22699833333333,1.07199,0.647843333333333,0.326685,0.204228333333333,0.150596666666667,0.11666,0.106081666666667,0.09776,0.06948,0.07458,0.0568583333333333,0.051665,0.0398916666666667,0.032665,0.0344366666666667,0.0356966666666667,0.02827,0.0187933333333333,0.0200383333333333,0.0185233333333333,0.01968,0.00654166666666667,0.012795,0.0120033333333333,0.00838,0.00992666666666667,0.00893833333333333,0.007465,0.00950166666666667,0.00952166666666667,0.007515,0.003265,0.00352,0.00411666666666667,0.00510333333333333,0.00163333333333333,0.001635,0.00435,0.00317666666666667,0.000985,0.00338666666666667,0.00177,0.000385,0.00120166666666667,0.000978333333333333,0.001255,0.00166666666666667,0.00141833333333333,0.00056,0.000658333333333333,0.000443333333333333,0.000476666666666667,0.000511666666666667,0.000548333333333333,0.000585,0.000173333333333333,0,1,0,0,0,0,0,0,1,1,1,1,1,1,1,1,1,1,1,1,1,1,1,1,1,1,1,1,1,1,1,1,1,1,1,1,1,1,1,1,1,1,1,1,1,1,1,1,1,1,1,1,1,1,1,1,1,1,1,1,1,1,1,1,1,1,1,1,1,1,1,1,1,1,1,1,1,1,1,1,0
2026-07-11 03:00:00,233.378030716667,0,0,0,0,0,0,0.0349766666666667,2.65981333333333,14.4420383333333,25.7923233333333,24.7048216666667,23.76502,25.75463,29.58424,35.56218,26.523005,9.04165666666667,4.64891,2.28239833333333,1.4989,1.22944666666667,1.02196666666667,0.936488333333333,0.543945,0.290118333333333,0.169121666666667,0.125008333333333,0.106821666666667,0.0922266666666667,0.08471,0.06233,0.0701466666666667,0.0509883333333333,0.0402983333333333,0.0357733333333333,0.0390416666666667,0.0305016666666667,0.0265916666666667,0.024695,0.0220766666666667,0.014905,0.0183166666666667,0.01405,0.0181083333333333,0.00996666666666667,0.007875,0.0104166666666667,0.00717833333333333,0.010345,0.00636666666666667,0.005185,0.00756666666666667,0.00410666666666667,0.00321333333333333,0.00295,0.00284833333333333,0.00582,0.00297833333333333,0.00310833333333333,0.00298833333333333,0.00360333333333333,0.001955,0.00125666666666667,0.000808333333333333,0.00199666666666667,0.000571666666666667,0.000708333333333333,0.000928333333333333,0.000676666666666667,0.00054,0.00048,0.0000433333333333333,0.000126666666666667,0.000136666666666667,0.000146666666666667,0.000156666666666667,0.000166666666666667,0.00005,0,1,0,0,0,0,0,0,1,1,1,1,1,1,1,1,1,1,1,1,1,1,1,1,1,1,1,1,1,1,1,1,1,1,1,1,1,1,1,1,1,1,1,1,1,1,1,1,1,1,1,1,1,1,1,1,1,1,1,1,1,1,1,1,1,1,1,1,1,1,1,1,1,1,1,1,1,1,1,1,0
2026-07-11 04:00:00,224.256671633333,0,0,0,0,0,0,0.0413283333333333,2.60698333333333,14.2042633333333,25.34462,24.2066,23.0545316666667,24.9250083333333,28.29437,34.1840016666667,25.1865533333333,8.44917666666667,4.23939666666667,2.153975,1.45184333333333,1.17235666666667,0.991298333333333,0.901623333333333,0.506665,0.30422,0.158291666666667,0.117198333333333,0.106033333333333,0.08321,0.06999,0.0651233333333333,0.0610716666666667,0.05205,0.04303,0.041955,0.0307983333333333,0.03028,0.0255266666666667,0.0196133333333333,0.01579,0.01642,0.0121133333333333,0.014215,0.0108933333333333,0.00868166666666667,0.00999666666666667,0.00650833333333333,0.00625166666666667,0.00649833333333333,0.00515,0.006705,0.004285,0.00449166666666667,0.00510666666666667,0.004025,0.00198333333333333,0.002695,0.000686666666666667,0.00103166666666667,0.00196166666666667,0.00189666666666667,0.00151166666666667,0.00123666666666667,0.000461666666666667,0.000423333333333333,0.000705,0.000978333333333333,0.000398333333333333,0.000435,0.000415,0.000826666666666667,0,0,0,0,0,0,0,0,1,0,0,0,0,0,0,1,1,1,1,1,1,1,1,1,1,1,1,1,1,1,1,1,1,1,1,1,1,1,1,1,1,1,1,1,1,1,1,1,1,1,1,1,1,1,1,1,1,1,1,1,1,1,1,1,1,1,1,1,1,1,1,1,1,1,1,1,1,1,1,1,1,1,1,1,1,1,1,0
2026-07-11 05:00:00,215.244285116667,0,0,0,0,0,0,0.0366983333333333,2.70834666666667,14.5033166666667,25.2305133333333,23.75549,22.43866,24.1334416666667,27.103135,33.269255,21.93096,7.48973666666667,3.82093333333333,1.90836,1.375795,1.069895,0.986983333333333,0.833336666666667,0.469751666666667,0.261488333333333,0.153535,0.121875,0.101566666666667,0.0835933333333333,0.0818016666666667,0.0603033333333333,0.0573133333333333,0.0504233333333333,0.041005,0.043485,0.0310066666666667,0.0247783333333333,0.0218533333333333,0.0177133333333333,0.0156316666666667,0.0148733333333333,0.013785,0.0150216666666667,0.0119516666666667,0.00946833333333333,0.0110766666666667,0.00852166666666667,0.00822833333333333,0.00753666666666667,0.00569333333333333,0.00627666666666667,0.00503833333333333,0.00351166666666667,0.005335,0.00355666666666667,0.00325,0.00344,0.00292,0.00188833333333333,0.00153333333333333,0.00232333333333333,0.000985,0.000951666666666667,0.00077,0.000846666666666667,0.000918333333333333,0.000708333333333333,0.001765,0.00087,0,0.000413333333333333,0.000433333333333333,0.0000633333333333333,0.0000683333333333333,0.0000733333333333333,0.0000783333333333333,0.0000833333333333333,0.000025,0,1,0,0,0,0,0,0,1,1,1,1,1,1,1,1,1,1,1,1,1,1,1,1,1,1,1,1,1,1,1,1,1,1,1,1,1,1,1,1,1,1,1,1,1,1,1,1,1,1,1,1,1,1,1,1,1,1,1,1,1,1,1,1,1,1,1,1,1,1,1,1,1,1,1,1,1,1,1,1,0
2026-07-11 06:00:00,207.54393845,0,0,0,0,0,0,0.0337433333333333,2.73416833333333,14.37207,25.0532816666667,23.5089716666667,21.9383616666667,23.5818116666667,26.8890683333333,33.5556366666667,17.92688,6.84879166666667,3.49758833333333,1.89752333333333,1.351005,1.12390666666667,1.01757666666667,0.938425,0.486368333333333,0.24715,0.152371666666667,0.114591666666667,0.0890866666666667,0.078785,0.0822833333333333,0.05266,0.0566783333333333,0.0477916666666667,0.04741,0.0426616666666667,0.0367883333333333,0.0311683333333333,0.0226916666666667,0.02714,0.021765,0.0164416666666667,0.0203633333333333,0.0133283333333333,0.0134783333333333,0.00929,0.0129483333333333,0.0118433333333333,0.00957,0.00995833333333333,0.00856,0.003365,0.00412333333333333,0.00475,0.00264166666666667,0.00381166666666667,0.00494166666666667,0.00157666666666667,0.00180333333333333,0.00463333333333333,0.00178333333333333,0.00208666666666667,0.00249666666666667,0.000101666666666667,0.00169333333333333,0.000346666666666667,0.000358333333333333,0.00139833333333333,0.000836666666666667,0.00166666666666667,0.000415,0,0.000065,0.00019,0.000205,0.00022,0.000235,0.00025,0.000075,0,1,0,0,0,0,0,0,1,1,1,1,1,1,1,1,1,1,1,1,1,1,1,1,1,1,1,1,1,1,1,1,1,1,1,1,1,1,1,1,1,1,1,1,1,1,1,1,1,1,1,1,1,1,1,1,1,1,1,1,1,1,1,1,1,1,1,1,1,1,1,1,1,1,1,1,1,1,1,1,0
2026-07-11 07:00:00,190.841794683333,0,0,0,0,0,0,0.0405316666666667,2.59533333333333,13.9402766666667,23.8482983333333,22.1198,20.689505,21.8986316666667,25.1619016666667,29.877295,14.774065,5.85953,3.04247166666667,1.60848666666667,1.19263333333333,0.996146666666667,0.941823333333333,0.801501666666667,0.403505,0.218375,0.130526666666667,0.101908333333333,0.0978583333333333,0.0740516666666667,0.072285,0.0514,0.0625866666666667,0.0483866666666667,0.0448366666666667,0.0429183333333333,0.0379266666666667,0.0347266666666667,0.03109,0.0305766666666667,0.0223433333333333,0.0183,0.0160216666666667,0.0140183333333333,0.0140983333333333,0.0104016666666667,0.0113566666666667,0.009255,0.00803333333333333,0.00840666666666667,0.00834666666666667,0.00924333333333333,0.00337333333333333,0.00761,0.00580166666666667,0.00465833333333333,0.00228166666666667,0.001605,0.00212333333333333,0.00371166666666667,0.00196,0.00189666666666667,0.00141,0.00133833333333333,0.000885,0.000421666666666667,0.000843333333333333,0.000288333333333333,0.000968333333333333,0,0.000415,0.000413333333333333,0.000455,0.000126666666666667,0.000136666666666667,0.000146666666666667,0.000156666666666667,0.000166666666666667,0.00005,0,1,0,0,0,0,0,0,1,1,1,1,1,1,1,1,1,1,1,1,1,1,1,1,1,1,1,1,1,1,1,1,1,1,1,1,1,1,1,1,1,1,1,1,1,1,1,1,1,1,1,1,1,1,1,1,1,1,1,1,1,1,1,1,1,1,1,1,1,1,1,1,1,1,1,1,1,1,1,1,0
2026-07-11 08:00:00,203.584913166667,0,0,0,0,0,0,0.04039,2.90028,15.1280816666667,25.6820966666667,23.638485,22.04551,23.6141333333333,27.0929333333333,30.8763316666667,15.3586966666667,6.06790833333333,3.09075666666667,1.66563333333333,1.221225,1.01548333333333,0.931381666666667,0.790175,0.394355,0.228008333333333,0.134581666666667,0.115055,0.08356,0.0701233333333333,0.0691233333333333,0.055395,0.05106,0.0487383333333333,0.036265,0.0363666666666667,0.036185,0.0316333333333333,0.029745,0.026545,0.0222716666666667,0.0185983333333333,0.022495,0.0153283333333333,0.0155533333333333,0.01398,0.0101833333333333,0.01186,0.0112716666666667,0.007995,0.00719166666666667,0.00687166666666667,0.00414666666666667,0.00494666666666667,0.00535333333333333,0.00228166666666667,0.00435166666666667,0.000601666666666667,0.00235,0.00229333333333333,0.00203833333333333,0.00170666666666667,0.00244833333333333,0.000913333333333333,0.000461666666666667,0.00126666666666667,0,0,0.000836666666666667,0.000833333333333333,0.000588333333333333,0.00024,0.0000866666666666667,0.000253333333333333,0.000273333333333333,0.000293333333333333,0.000313333333333333,0.000333333333333333,0.0001,0,1,0,0,0,0,0,0,1,1,1,1,1,1,1,1,1,1,1,1,1,1,1,1,1,1,1,1,1,1,1,1,1,1,1,1,1,1,1,1,1,1,1,1,1,1,1,1,1,1,1,1,1,1,1,1,1,1,1,1,1,1,1,1,1,1,1,1,1,1,1,1,1,1,1,1,1,1,1,1,0
2026-07-11 09:00:00,235.090072666667,0,0,0,0,0,0,0.0474883333333333,3.14305,16.4094683333333,28.015295,26.47735,25.1205716666667,26.9531283333333,30.649445,35.31766,22.56515,8.11135666666667,4.096865,2.08543166666667,1.42541666666667,1.092505,0.962726666666667,0.811388333333333,0.464586666666667,0.23949,0.152451666666667,0.12085,0.0952416666666667,0.07329,0.0684783333333333,0.0510633333333333,0.0503666666666667,0.039445,0.0275433333333333,0.0421333333333333,0.0265783333333333,0.0290033333333333,0.0220916666666667,0.0194283333333333,0.01291,0.016535,0.01641,0.0131783333333333,0.00541666666666667,0.0155633333333333,0.00807666666666667,0.00787833333333333,0.00786333333333333,0.00832833333333333,0.006435,0.00813333333333333,0.00590166666666667,0.004295,0.00179666666666667,0.00426166666666667,0.00228833333333333,0.003955,0.00407,0.001515,0.00153666666666667,0.00289333333333333,0.00179666666666667,0.001275,0.000423333333333333,0.00126666666666667,0.000705,0.000558333333333333,0,0.000833333333333333,0,0.000413333333333333,0.00052,0.000316666666666667,0.000341666666666667,0.000366666666666667,0.000391666666666667,0.000416666666666667,0.000125,0,1,0,0,0,0,0,0,1,1,1,1,1,1,1,1,1,1,1,1,1,1,1,1,1,1,1,1,1,1,1,1,1,1,1,1,1,1,1,1,1,1,1,1,1,1,1,1,1,1,1,1,1,1,1,1,1,1,1,1,1,1,1,1,1,1,1,1,1,1,1,1,1,1,1,1,1,1,1,1,0
2026-07-11 10:00:00,253.67538705,0,0,0,0,0,0,0.050195,3.52429166666667,18.3132216666667,30.881685,29.1155983333333,27.8343616666667,30.1570983333333,34.8594716666667,38.6348416666667,20.7126216666667,7.93797833333333,4.10597166666667,2.174935,1.49849666666667,1.28583,1.129515,0.856085,0.462175,0.233641666666667,0.134243333333333,0.102611666666667,0.0942883333333333,0.0781833333333333,0.06246,0.0528183333333333,0.0607866666666667,0.0432983333333333,0.0385433333333333,0.0374483333333333,0.0324083333333333,0.0280433333333333,0.023375,0.0236066666666667,0.0191766666666667,0.0203766666666667,0.0177666666666667,0.00922166666666667,0.0108016666666667,0.00896166666666667,0.008125,0.00729166666666667,0.00835333333333333,0.0095,0.00659833333333333,0.00449666666666667,0.00549333333333333,0.003,0.00229833333333333,0.00334666666666667,0.00322666666666667,0.00238,0.003355,0.00402,0.002135,0,0.001275,0.00123666666666667,0.000846666666666667,0.00123166666666667,0.000075,0.00042,0.00161333333333333,0.000471666666666667,0.000588333333333333,0.00148,0.000108333333333333,0.000316666666666667,0.000341666666666667,0.000366666666666667,0.000391666666666667,0.000416666666666667,0.000125,0,1,0,0,0,0,0,0,1,1,1,1,1,1,1,1,1,1,1,1,1,1,1,1,1,1,1,1,1,1,1,1,1,1,1,1,1,1,1,1,1,1,1,1,1,1,1,1,1,1,1,1,1,1,1,1,1,1,1,1,1,1,1,1,1,1,1,1,1,1,1,1,1,1,1,1,1,1,1,1,0
2026-07-11 11:00:00,260.4926442,0,0,0,0,0,0,0.04365,3.474405,18.399395,31.0014183333333,29.00023,27.7935966666667,30.364645,35.3357516666667,39.8356283333333,22.2182183333333,8.73863,4.44362166666667,2.40150833333333,1.68271833333333,1.40445,1.27112333333333,1.0165,0.54694,0.266473333333333,0.145181666666667,0.125136666666667,0.09646,0.0853616666666667,0.0754483333333333,0.055075,0.0582716666666667,0.0596816666666667,0.0432883333333333,0.040825,0.0353,0.033015,0.024515,0.02944,0.0170066666666667,0.0201266666666667,0.016895,0.0155783333333333,0.0133516666666667,0.0154966666666667,0.00962333333333333,0.0103416666666667,0.00590666666666667,0.00927333333333333,0.0105016666666667,0.00575666666666667,0.00371333333333333,0.00394333333333333,0.00238333333333333,0.004905,0.00400166666666667,0.00392666666666667,0.00398333333333333,0.00288833333333333,0.00289166666666667,0.00317666666666667,0.00236166666666667,0.00208666666666667,0.00130833333333333,0.00119333333333333,0.00120166666666667,0.00126666666666667,0.000948333333333333,0.000435,0.000588333333333333,0.000653333333333333,0.00026,0.00076,0.00082,0.00088,0.00094,0.001,0.0003,0,1,0,0,0,0,0,0,1,1,1,1,1,1,1,1,1,1,1,1,1,1,1,1,1,1,1,1,1,1,1,1,1,1,1,1,1,1,1,1,1,1,1,1,1,1,1,1,1,1,1,1,1,1,1,1,1,1,1,1,1,1,1,1,1,1,1,1,1,1,1,1,1,1,1,1,1,1,1,1,0
2026-07-11 12:00:00,240.9642474,0,0,0,0,0,0,0.047995,3.51267666666667,18.05133,29.6412033333333,27.1363116666667,25.4745766666667,27.4669866666667,32.0014183333333,36.2779466666667,21.52127,8.04975833333333,4.04561166666667,2.16174,1.46638666666667,1.21253833333333,1.10436166666667,0.893748333333333,0.48254,0.254291666666667,0.133658333333333,0.109701666666667,0.0944933333333333,0.06807,0.05911,0.056335,0.0442383333333333,0.0376116666666667,0.03138,0.03065,0.0282516666666667,0.024595,0.0217983333333333,0.015145,0.023625,0.016315,0.0134433333333333,0.0174216666666667,0.0107166666666667,0.014445,0.00785166666666667,0.0102733333333333,0.01388,0.00851333333333333,0.00818666666666667,0.00577666666666667,0.00253,0.00456333333333333,0.00487,0.00300333333333333,0.00193666666666667,0.00384166666666667,0.00243333333333333,0.00237166666666667,0.00153333333333333,0.00479,0.00215333333333333,0.00196666666666667,0.000423333333333333,0.000808333333333333,0.00190666666666667,0.000696666666666667,0.00159333333333333,0.00132333333333333,0.000415,0,0.000736666666666667,0.00095,0.001025,0.0011,0.001175,0.00125,0.000375,0,1,0,0,0,0,0,0,1,1,1,1,1,1,1,1,1,1,1,1,1,1,1,1,1,1,1,1,1,1,1,1,1,1,1,1,1,1,1,1,1,1,1,1,1,1,1,1,1,1,1,1,1,1,1,1,1,1,1,1,1,1,1,1,1,1,1,1,1,1,1,1,1,1,1,1,1,1,1,1,0
2026-07-11 13:00:00,212.257332066667,0,0,0,0,0,0,0.0458733333333333,3.42945,17.67026,28.8862583333333,25.5873233333333,22.8535166666667,23.59054,26.3085083333333,30.0669933333333,18.5165333333333,6.39059,3.070375,1.53849,1.048085,0.848135,0.739546666666667,0.618545,0.337361666666667,0.172876666666667,0.105986666666667,0.0820916666666667,0.0657016666666667,0.046435,0.0537383333333333,0.042755,0.0336616666666667,0.031225,0.023505,0.0264083333333333,0.022935,0.0211116666666667,0.020955,0.01662,0.0109833333333333,0.012605,0.0116816666666667,0.0130366666666667,0.0123266666666667,0.01134,0.00734666666666667,0.00962666666666667,0.00803,0.00761666666666667,0.00649166666666667,0.00887333333333333,0.00380666666666667,0.00737666666666667,0.00412833333333333,0.006815,0.00381333333333333,0.00349833333333333,0.00315333333333333,0.00260166666666667,0.00135666666666667,0.00104333333333333,0.00173333333333333,0.00314,0.00173166666666667,0.00153666666666667,0.000993333333333333,0.00084,0.001235,0.000435,0.000588333333333333,0.0004,0.00073,0.00019,0.000205,0.00022,0.000235,0.00025,0.000075,0,1,0,0,0,0,0,0,1,1,1,1,1,1,1,1,1,1,1,1,1,1,1,1,1,1,1,1,1,1,1,1,1,1,1,1,1,1,1,1,1,1,1,1,1,1,1,1,1,1,1,1,1,1,1,1,1,1,1,1,1,1,1,1,1,1,1,1,1,1,1,1,1,1,1,1,1,1,1,1,0
2026-07-11 14:00:00,190.7036334,0,0,0,0,0,0,0.0575183333333333,3.37954666666667,16.9162566666667,26.6628466666667,23.161665,20.663205,21.117985,22.817595,26.2647666666667,16.5849733333333,5.57649166666667,2.60067166666667,1.29680333333333,0.86431,0.694793333333333,0.619268333333333,0.495723333333333,0.275811666666667,0.143768333333333,0.0960583333333333,0.0677033333333333,0.063805,0.0474816666666667,0.0420983333333333,0.036925,0.0281783333333333,0.0230033333333333,0.023365,0.0192833333333333,0.0229933333333333,0.0217966666666667,0.01674,0.0251133333333333,0.0172266666666667,0.0140083333333333,0.0137883333333333,0.0153866666666667,0.0144083333333333,0.0100066666666667,0.0114083333333333,0.00504833333333333,0.00630333333333333,0.00563,0.009865,0.00716,0.00677,0.00494666666666667,0.005265,0.00317833333333333,0.00274,0.0039,0.00559166666666667,0.00290166666666667,0.00256166666666667,0.00317666666666667,0.00323,0.00164333333333333,0.00250166666666667,0.000921666666666667,0.00226,0.0014,0.00055,0.000833333333333333,0.00083,0,0.00052,0.000316666666666667,0.000341666666666667,0.000366666666666667,0.000391666666666667,0.000416666666666667,0.000125,0,1,0,0,0,0,0,0,1,1,1,1,1,1,1,1,1,1,1,1,1,1,1,1,1,1,1,1,1,1,1,1,1,1,1,1,1,1,1,1,1,1,1,1,1,1,1,1,1,1,1,1,1,1,1,1,1,1,1,1,1,1,1,1,1,1,1,1,1,1,1,1,1,1,1,1,1,1,1,1,0
2026-07-11 15:00:00,168.537931866667,0,0,0,0,0,0,0.052825,3.272695,16.4852933333333,25.2238733333333,21.5506933333333,18.6163,18.492325,19.845155,22.1994483333333,13.2846316666667,4.28574,2.019215,0.999101666666667,0.643076666666667,0.525658333333333,0.443693333333333,0.402031666666667,0.233998333333333,0.125245,0.073,0.0556266666666667,0.0456583333333333,0.0401116666666667,0.0283033333333333,0.03441,0.03386,0.028855,0.02313,0.01992,0.0211033333333333,0.017455,0.01415,0.0121116666666667,0.0107766666666667,0.0131383333333333,0.0118933333333333,0.00896,0.00852833333333333,0.01053,0.0107716666666667,0.0112666666666667,0.00878666666666667,0.00738333333333333,0.00646166666666667,0.00596666666666667,0.00619666666666667,0.00581,0.006365,0.00625166666666667,0.00297666666666667,0.00438666666666667,0.00475666666666667,0.00253666666666667,0.001535,0.00227666666666667,0.002955,0.00154166666666667,0.000846666666666667,0.000883333333333333,0.00168666666666667,0.00168,0.000418333333333333,0,0.001245,0.00206666666666667,0.000758333333333333,0.00101333333333333,0.00109,0.00117,0.00125333333333333,0.00133666666666667,0.000396666666666667,0,1,0,0,0,0,0,0,1,1,1,1,1,1,1,1,1,1,1,1,1,1,1,1,1,1,1,1,1,1,1,1,1,1,1,1,1,1,1,1,1,1,1,1,1,1,1,1,1,1,1,1,1,1,1,1,1,1,1,1,1,1,1,1,1,1,1,1,1,1,1,1,1,1,1,1,1,1,1,1,0
2026-07-11 16:00:00,122.857149766667,0,0,0,0,0,0,0.0431066666666667,2.85110666666667,13.4550833333333,19.9022966666667,16.1001466666667,13.6564383333333,13.01277,13.357125,13.8252116666667,8.83703,2.620965,1.230795,0.630143333333333,0.40854,0.326751666666667,0.303066666666667,0.246361666666667,0.14514,0.0948333333333333,0.0564116666666667,0.0388783333333333,0.03842,0.03391,0.0359316666666667,0.027245,0.0286516666666667,0.02382,0.018935,0.0131116666666667,0.0122733333333333,0.0139016666666667,0.011015,0.009325,0.00725666666666667,0.013335,0.007565,0.00850166666666667,0.005635,0.009885,0.00813166666666667,0.00613333333333333,0.011885,0.00817166666666667,0.00739666666666667,0.0120783333333333,0.00793166666666667,0.0042,0.00804833333333333,0.004895,0.00591333333333333,0.00556166666666667,0.00398333333333333,0.00236166666666667,0.000855,0.00360333333333333,0.00226,0.003,0.00504166666666667,0.00180333333333333,0.000843333333333333,0.00042,0.00245,0.00172166666666667,0.00141833333333333,0.00122666666666667,0.000838333333333333,0.000506666666666667,0.000545,0.000585,0.000626666666666667,0.000668333333333333,0.000198333333333333,0,1,0,0,0,0,0,0,1,1,1,1,1,1,1,1,1,1,1,1,1,1,1,1,1,1,1,1,1,1,1,1,1,1,1,1,1,1,1,1,1,1,1,1,1,1,1,1,1,1,1,1,1,1,1,1,1,1,1,1,1,1,1,1,1,1,1,1,1,1,1,1,1,1,1,1,1,1,1,1,0
2026-07-11 17:00:00,150.841582083333,0,0,0,0,0,0,0.04859,3.36074,16.18137,23.7076083333333,19.253525,16.4950666666667,16.7963,17.7515583333333,18.2096033333333,11.07606,3.500795,1.586355,0.762701666666667,0.516001666666667,0.422823333333333,0.36144,0.289968333333333,0.183373333333333,0.1133,0.0676166666666667,0.04847,0.046015,0.0368983333333333,0.0401583333333333,0.031325,0.0313166666666667,0.02225,0.0212433333333333,0.0198616666666667,0.019425,0.01691,0.0139816666666667,0.0141616666666667,0.0139983333333333,0.0161016666666667,0.0127183333333333,0.0137466666666667,0.01077,0.00712833333333333,0.00920333333333333,0.00752,0.00587166666666667,0.00476,0.00608833333333333,0.00972333333333333,0.00633666666666667,0.005425,0.00323166666666667,0.00318666666666667,0.003065,0.00751166666666667,0.004555,0.00265666666666667,0.003065,0.003745,0.00201833333333333,0.00182666666666667,0.000885,0.00130833333333333,0.001265,0.00183666666666667,0.00189666666666667,0.000871666666666667,0.000415,0.000826666666666667,0.000325,0.00095,0.001025,0.0011,0.001175,0.00125,0.000375,0,1,0,0,0,0,0,0,1,1,1,1,1,1,1,1,1,1,1,1,1,1,1,1,1,1,1,1,1,1,1,1,1,1,1,1,1,1,1,1,1,1,1,1,1,1,1,1,1,1,1,1,1,1,1,1,1,1,1,1,1,1,1,1,1,1,1,1,1,1,1,1,1,1,1,1,1,1,1,1,0
2026-07-11 18:00:00,154.102984133333,0,0,0,0,0,0,0.05119,3.24126333333333,15.5185166666667,23.352225,19.8158616666667,17.2645933333333,17.4464966666667,18.9099033333333,18.4682766666667,11.1494816666667,3.67595333333333,1.664555,0.811725,0.553995,0.425021666666667,0.392638333333333,0.320846666666667,0.19819,0.108778333333333,0.0941866666666667,0.0593466666666667,0.052755,0.0454933333333333,0.0505983333333333,0.0260233333333333,0.0244966666666667,0.0254016666666667,0.0268583333333333,0.0258433333333333,0.0255916666666667,0.019015,0.0174866666666667,0.0196316666666667,0.0134266666666667,0.0151066666666667,0.0118833333333333,0.0105466666666667,0.00912166666666667,0.012165,0.0100683333333333,0.011795,0.009205,0.00644,0.00775,0.00629333333333333,0.00335,0.00547166666666667,0.0059,0.00413166666666667,0.00276833333333333,0.00369833333333333,0.002495,0.0018,0.00349333333333333,0.00170666666666667,0.00234666666666667,0.00341166666666667,0.001,0.000806666666666667,0.00106333333333333,0.000985,0.000131666666666667,0.000416666666666667,0.000588333333333333,0.000813333333333333,0.000881666666666667,0.000633333333333333,0.000681666666666667,0.000731666666666667,0.000783333333333333,0.000835,0.000248333333333333,0,1,0,0,0,0,0,0,1,1,1,1,1,1,1,1,1,1,1,1,1,1,1,1,1,1,1,1,1,1,1,1,1,1,1,1,1,1,1,1,1,1,1,1,1,1,1,1,1,1,1,1,1,1,1,1,1,1,1,1,1,1,1,1,1,1,1,1,1,1,1,1,1,1,1,1,1,1,1,1,0
2026-07-11 19:00:00,144.655792333333,0,0,0,0,0,0,0.0500516666666667,3.14864166666667,15.2879016666667,22.7832283333333,19.1528266666667,16.5605516666667,16.7215183333333,18.1833733333333,16.3073366666667,8.19937833333333,2.93343833333333,1.44279,0.767168333333333,0.541055,0.419311666666667,0.37259,0.306266666666667,0.195296666666667,0.129163333333333,0.0884116666666667,0.07301,0.0565183333333333,0.0581133333333333,0.0498133333333333,0.0458866666666667,0.0364416666666667,0.037855,0.035385,0.0294416666666667,0.027165,0.0275766666666667,0.02263,0.019015,0.01353,0.0180583333333333,0.015325,0.01287,0.00776,0.0107683333333333,0.0121583333333333,0.009035,0.0106566666666667,0.007125,0.00760166666666667,0.00939,0.005515,0.00567333333333333,0.00499166666666667,0.00384833333333333,0.00462166666666667,0.00384333333333333,0.00415333333333333,0.004085,0.00153333333333333,0.00422,0.00164666666666667,0.00180166666666667,0.00284833333333333,0.00242166666666667,0.002195,0.001135,0.00108,0.000658333333333333,0.000608333333333333,0.000413333333333333,0.00112666666666667,0.000886666666666667,0.000955,0.001025,0.00109666666666667,0.00116833333333333,0.000348333333333333,0,1,0,0,0,0,0,0,1,1,1,1,1,1,1,1,1,1,1,1,1,1,1,1,1,1,1,1,1,1,1,1,1,1,1,1,1,1,1,1,1,1,1,1,1,1,1,1,1,1,1,1,1,1,1,1,1,1,1,1,1,1,1,1,1,1,1,1,1,1,1,1,1,1,1,1,1,1,1,1,0
2026-07-11 20:00:00,141.751114216667,0,0,0,0,0,0,0.0438866666666667,2.92373,14.3629783333333,22.44962,19.0783966666667,16.79432,16.4863016666667,17.7125633333333,16.2898583333333,8.689215,3.03915833333333,1.41359166666667,0.706905,0.532186666666667,0.39981,0.387035,0.301236666666667,0.205926666666667,0.128891666666667,0.0926966666666667,0.0697033333333333,0.0628983333333333,0.04592,0.0522016666666667,0.0459533333333333,0.0369083333333333,0.034365,0.0327366666666667,0.029845,0.027225,0.0241283333333333,0.0224083333333333,0.0175366666666667,0.0184233333333333,0.0187216666666667,0.0124866666666667,0.0132566666666667,0.0119483333333333,0.00568166666666667,0.00887833333333333,0.00635666666666667,0.006725,0.00761833333333333,0.00684166666666667,0.00733333333333333,0.00881833333333333,0.00477166666666667,0.00610333333333333,0.00621166666666667,0.007225,0.00266666666666667,0.00363333333333333,0.00348166666666667,0.00384666666666667,0.00170666666666667,0.00214333333333333,0.00210666666666667,0.00127,0.00119333333333333,0.00162166666666667,0.00126666666666667,0.00134666666666667,0.000453333333333333,0,0.000986666666666667,0.000903333333333333,0.000696666666666667,0.00075,0.000805,0.000861666666666667,0.000918333333333333,0.000273333333333333,0,1,0,0,0,0,0,0,1,1,1,1,1,1,1,1,1,1,1,1,1,1,1,1,1,1,1,1,1,1,1,1,1,1,1,1,1,1,1,1,1,1,1,1,1,1,1,1,1,1,1,1,1,1,1,1,1,1,1,1,1,1,1,1,1,1,1,1,1,1,1,1,1,1,1,1,1,1,1,1,0
2026-07-11 21:00:00,95.2366356833333,0,0,0,0,0,0,0.0287266666666667,2.15680333333333,10.68643,16.544065,13.4674416666667,11.23145,10.5798366666667,11.1473883333333,9.88579833333333,4.83969166666667,1.80706,0.896755,0.486776666666667,0.339726666666667,0.290826666666667,0.269038333333333,0.227866666666667,0.145811666666667,0.102545,0.07018,0.058985,0.056715,0.050745,0.0494033333333333,0.035255,0.0315033333333333,0.02995,0.0263716666666667,0.0222783333333333,0.0231466666666667,0.0196433333333333,0.0148666666666667,0.01308,0.0144,0.00996333333333333,0.00883666666666667,0.0107466666666667,0.00536166666666667,0.00823,0.00655,0.00636333333333333,0.00927833333333333,0.003535,0.00639666666666667,0.00456,0.00376,0.00413,0.002605,0.00312666666666667,0.005055,0.00541833333333333,0.004185,0.00260166666666667,0.00648666666666667,0.00166,0.00197,0.00345,0.00173,0.000461666666666667,0.000496666666666667,0.000708333333333333,0.001765,0.0000366666666666667,0.000415,0.000986666666666667,0.000318333333333333,0.00019,0.000205,0.00022,0.000235,0.00025,0.000075,0,1,0,0,0,0,0,0,1,1,1,1,1,1,1,1,1,1,1,1,1,1,1,1,1,1,1,1,1,1,1,1,1,1,1,1,1,1,1,1,1,1,1,1,1,1,1,1,1,1,1,1,1,1,1,1,1,1,1,1,1,1,1,1,1,1,1,1,1,1,1,1,1,1,1,1,1,1,1,1,0
2026-07-11 22:00:00,90.3134860833333,0,0,0,0,0,0,0.025135,2.106285,10.49066,16.3132533333333,13.4942866666667,10.9567766666667,9.94178833333333,9.82457166666667,8.37384166666667,3.39774666666667,1.45752,0.723446666666667,0.408416666666667,0.308155,0.268258333333333,0.254853333333333,0.217318333333333,0.153186666666667,0.106965,0.0791733333333333,0.0709183333333333,0.073505,0.0733283333333333,0.05856,0.0575416666666667,0.0611466666666667,0.0437233333333333,0.0405783333333333,0.0395166666666667,0.038835,0.0370566666666667,0.02961,0.0224816666666667,0.0176616666666667,0.0161866666666667,0.00883333333333333,0.0100283333333333,0.00902833333333333,0.00810666666666667,0.008085,0.00693166666666667,0.00467833333333333,0.00526833333333333,0.00338666666666667,0.00553166666666667,0.00554,0.00348833333333333,0.00317666666666667,0.00280166666666667,0.00268666666666667,0.00415833333333333,0.00255166666666667,0.00242666666666667,0.001535,0.00170666666666667,0.0017,0.00085,0.00119333333333333,0.00134333333333333,0.002115,0.000415,0.001215,0.000453333333333333,0,0.00016,0.000296666666666667,0.000126666666666667,0.000136666666666667,0.000146666666666667,0.000156666666666667,0.000166666666666667,0.00005,0,1,0,0,0,0,0,0,1,1,1,1,1,1,1,1,1,1,1,1,1,1,1,1,1,1,1,1,1,1,1,1,1,1,1,1,1,1,1,1,1,1,1,1,1,1,1,1,1,1,1,1,1,1,1,1,1,1,1,1,1,1,1,1,1,1,1,1,1,1,1,1,1,1,1,1,1,1,1,1,0
2026-07-11 23:00:00,104.01600305,0,0,0,0,0,0,0.0388666666666667,2.785915,14.0777616666667,20.96666,16.0996666666667,12.1943866666667,10.6447816666667,10.0825366666667,8.755145,3.43784666666667,1.42427666666667,0.70601,0.377321666666667,0.301476666666667,0.24635,0.238625,0.242106666666667,0.158951666666667,0.131656666666667,0.101675,0.0880533333333333,0.0968633333333333,0.0794633333333333,0.0875333333333333,0.08337,0.079405,0.0662666666666667,0.0636566666666667,0.058065,0.0476066666666667,0.051175,0.03869,0.031685,0.0291116666666667,0.021695,0.0239716666666667,0.01668,0.0113933333333333,0.01311,0.0128083333333333,0.00865833333333333,0.00763166666666667,0.00705333333333333,0.00557166666666667,0.005385,0.00337333333333333,0.00674333333333333,0.00193666666666667,0.00415666666666667,0.00236333333333333,0.00123333333333333,0.000373333333333333,0.00194333333333333,0.00110666666666667,0.00317666666666667,0.00056,0.000101666666666667,0,0.00111666666666667,0.00127666666666667,0.000426666666666667,0.000131666666666667,0,0.00083,0.000413333333333333,0.0000216666666666667,0.0000633333333333333,0.0000683333333333333,0.0000733333333333333,0.0000783333333333333,0.0000833333333333333,0.000025,0,1,0,0,0,0,0,0,1,1,1,1,1,1,1,1,1,1,1,1,1,1,1,1,1,1,1,1,1,1,1,1,1,1,1,1,1,1,1,1,1,1,1,1,1,1,1,1,1,1,1,1,1,1,1,1,1,1,1,1,1,1,1,1,1,1,1,1,1,1,1,1,1,1,1,1,1,1,1,1,0
2026-07-12,101.548080716667,0,0,0,0,0,0,0.04295,3.04204333333333,14.6009133333333,20.1862316666667,14.8450233333333,11.0466166666667,9.71975333333333,9.40745666666667,8.74052833333333,3.72119833333333,1.43844166666667,0.732868333333333,0.42729,0.345406666666667,0.307968333333333,0.31787,0.303531666666667,0.210575,0.18245,0.147731666666667,0.14486,0.154996666666667,0.140233333333333,0.148315,0.116566666666667,0.132761666666667,0.104798333333333,0.100353333333333,0.097165,0.0807316666666667,0.0781033333333333,0.0617033333333333,0.0433016666666667,0.0360516666666667,0.0363333333333333,0.0253566666666667,0.0195183333333333,0.0162116666666667,0.0160866666666667,0.0105733333333333,0.01178,0.0117983333333333,0.0116383333333333,0.00765166666666667,0.006895,0.00667666666666667,0.00614666666666667,0.00497333333333333,0.00193833333333333,0.00177166666666667,0.000773333333333333,0.00174666666666667,0.00211833333333333,0.00093,0.000853333333333333,0.001395,0.00235333333333333,0.000885,0.0000383333333333333,0.000843333333333333,0.00084,0,0.000833333333333333,0,0,0.0000433333333333333,0.000126666666666667,0.000136666666666667,0.000146666666666667,0.000156666666666667,0.000166666666666667,0.00005,0,1,0,0,0,0,0,0,1,1,1,1,1,1,1,1,1,1,1,1,1,1,1,1,1,1,1,1,1,1,1,1,1,1,1,1,1,1,1,1,1,1,1,1,1,1,1,1,1,1,1,1,1,1,1,1,1,1,1,1,1,1,1,1,1,1,1,1,1,1,1,1,1,1,1,1,1,1,1,1,0
2026-07-12 01:00:00,105.925206333333,0,0,0,0,0,0,0.044415,3.02832833333333,14.934345,21.0548716666667,15.4702016666667,11.6489383333333,10.47273,10.0485916666667,9.10157833333333,3.96986333333333,1.51203833333333,0.787556666666667,0.45858,0.371665,0.32974,0.370611666666667,0.331121666666667,0.251666666666667,0.21241,0.202161666666667,0.182353333333333,0.190925,0.160943333333333,0.172048333333333,0.144528333333333,0.159848333333333,0.12045,0.127161666666667,0.103673333333333,0.108618333333333,0.086915,0.0727816666666667,0.0655083333333333,0.03894,0.0412483333333333,0.02659,0.0296666666666667,0.023285,0.0208233333333333,0.01502,0.0173683333333333,0.0117783333333333,0.0102383333333333,0.00653333333333333,0.009655,0.00291666666666667,0.00478333333333333,0.003335,0.00266,0.00188,0.00123333333333333,0.00171833333333333,0.000428333333333333,0.000428333333333333,0.00128,0.00255,0.000386666666666667,0.00123166666666667,0.00211333333333333,0.000496666666666667,0,0.000418333333333333,0,0,0.00156,0.001005,0.000253333333333333,0.000271666666666667,0.000291666666666667,0.000313333333333333,0.000335,0.0000983333333333333,0,1,0,0,0,0,0,0,1,1,1,1,1,1,1,1,1,1,1,1,1,1,1,1,1,1,1,1,1,1,1,1,1,1,1,1,1,1,1,1,1,1,1,1,1,1,1,1,1,1,1,1,1,1,1,1,1,1,1,1,1,1,1,1,1,1,1,1,1,1,1,1,1,1,1,1,1,1,1,1,0
2026-07-12 02:00:00,101.833096416667,0,0,0,0,0,0,0.0307583333333333,2.67384,12.9294566666667,19.2396283333333,15.0344116666667,11.6267283333333,10.3496433333333,10.1006516666667,8.77536833333333,3.79760833333333,1.55983833333333,0.777995,0.483226666666667,0.415143333333333,0.360951666666667,0.396318333333333,0.352923333333333,0.276976666666667,0.219813333333333,0.176258333333333,0.183183333333333,0.19092,0.163916666666667,0.156356666666667,0.152463333333333,0.15285,0.131361666666667,0.113071666666667,0.0988933333333333,0.09768,0.0939483333333333,0.074835,0.0547216666666667,0.0465166666666667,0.0363483333333333,0.0347666666666667,0.0325866666666667,0.023185,0.024815,0.0176933333333333,0.0140966666666667,0.0160733333333333,0.01113,0.00647666666666667,0.005515,0.00752166666666667,0.00431833333333333,0.00393666666666667,0.00424333333333333,0.001445,0.001805,0.00281166666666667,0.00199833333333333,0.000251666666666667,0.00232333333333333,0.000661666666666667,0.00123666666666667,0.0000383333333333333,0.000846666666666667,0,0,0.000816666666666667,0.00126833333333333,0,0,0.000455,0.000126666666666667,0.000136666666666667,0.000146666666666667,0.000156666666666667,0.000166666666666667,0.00005,0,1,0,0,0,0,0,0,1,1,1,1,1,1,1,1,1,1,1,1,1,1,1,1,1,1,1,1,1,1,1,1,1,1,1,1,1,1,1,1,1,1,1,1,1,1,1,1,1,1,1,1,1,1,1,1,1,1,1,1,1,1,1,1,1,1,1,1,1,1,1,1,1,1,1,1,1,1,1,1,0
2026-07-12 03:00:00,95.1783014833333,0,0,0,0,0,0,0.02815,2.333205,11.0252616666667,17.132585,14.02769,11.1443333333333,10.0064516666667,10.0101233333333,8.13685,3.7155,1.63172,0.886101666666667,0.576785,0.479563333333333,0.4684,0.51328,0.447325,0.339371666666667,0.242318333333333,0.209571666666667,0.200955,0.195951666666667,0.171196666666667,0.186656666666667,0.162496666666667,0.166425,0.137883333333333,0.137721666666667,0.126683333333333,0.108276666666667,0.084725,0.0741283333333333,0.0582716666666667,0.042855,0.04266,0.0413433333333333,0.025515,0.024835,0.0216466666666667,0.017315,0.00786666666666667,0.00938333333333333,0.0139616666666667,0.00903166666666667,0.00821666666666667,0.005035,0.00581,0.00269333333333333,0.00433333333333333,0.00193166666666667,0.001835,0.000686666666666667,0.001285,0.000428333333333333,0.000853333333333333,0,0.000386666666666667,0.00130833333333333,0.000845,0.00112666666666667,0.000978333333333333,0.000836666666666667,0,0,0.00016,0.000318333333333333,0.00019,0.000205,0.00022,0.000235,0.00025,0.000075,0,1,0,0,0,0,0,0,1,1,1,1,1,1,1,1,1,1,1,1,1,1,1,1,1,1,1,1,1,1,1,1,1,1,1,1,1,1,1,1,1,1,1,1,1,1,1,1,1,1,1,1,1,1,1,1,1,1,1,1,1,1,1,1,1,1,1,1,1,1,1,1,1,1,1,1,1,1,1,1,0
2026-07-12 04:00:00,94.0863641,0,0,0,0,0,0,0.0379233333333333,2.193285,10.6151833333333,16.145535,13.5220816666667,11.0349466666667,9.95717666666667,9.85332,8.01604,3.74967,1.681095,0.928401666666667,0.651728333333333,0.553783333333333,0.543516666666667,0.593148333333333,0.511388333333333,0.385655,0.322895,0.254491666666667,0.237053333333333,0.241238333333333,0.217638333333333,0.216245,0.203041666666667,0.185071666666667,0.154451666666667,0.16028,0.139856666666667,0.13448,0.10887,0.0937866666666667,0.0732533333333333,0.0630716666666667,0.0525,0.0389116666666667,0.0321916666666667,0.02568,0.0266233333333333,0.016985,0.0172733333333333,0.0132483333333333,0.0135033333333333,0.01097,0.005015,0.00546833333333333,0.00873833333333333,0.00464833333333333,0.00289666666666667,0.003275,0.001835,0.001545,0.000856666666666667,0.002135,0.00104333333333333,0.000236666666666667,0.000386666666666667,0.000846666666666667,0.000808333333333333,0.000075,0,0,0.000223333333333333,0.000193333333333333,0,0.0000866666666666667,0.000253333333333333,0.000273333333333333,0.000293333333333333,0.000313333333333333,0.000333333333333333,0.0001,0,1,0,0,0,0,0,0,1,1,1,1,1,1,1,1,1,1,1,1,1,1,1,1,1,1,1,1,1,1,1,1,1,1,1,1,1,1,1,1,1,1,1,1,1,1,1,1,1,1,1,1,1,1,1,1,1,1,1,1,1,1,1,1,1,1,1,1,1,1,1,1,1,1,1,1,1,1,1,1,0
2026-07-12 05:00:00,90.17947385,0,0,0,0,0,0,0.0275283333333333,2.12044,9.94530333333333,15.2299683333333,12.964315,10.3940683333333,9.300305,9.06143666666667,7.26336833333333,3.57436666666667,1.57469666666667,0.92615,0.693883333333333,0.610493333333333,0.620756666666667,0.716968333333333,0.630055,0.473446666666667,0.386511666666667,0.30473,0.32165,0.28545,0.27701,0.246028333333333,0.237025,0.237801666666667,0.194858333333333,0.177158333333333,0.160055,0.153415,0.118125,0.0980583333333333,0.0709316666666667,0.062385,0.0566716666666667,0.045595,0.03798,0.036415,0.027585,0.0194516666666667,0.015965,0.016475,0.013495,0.010635,0.00965666666666667,0.00506,0.00699,0.00688666666666667,0.00340833333333333,0.00357833333333333,0.00369833333333333,0.000945,0.00214166666666667,0.000428333333333333,0.000616666666666667,0.00141,0.000951666666666667,0,0.00203666666666667,0.000075,0,0.000816666666666667,0.000851666666666667,0.000173333333333333,0.00024,0.000108333333333333,0.000316666666666667,0.000341666666666667,0.000366666666666667,0.000391666666666667,0.000416666666666667,0.000125,0,1,0,0,0,0,0,0,1,1,1,1,1,1,1,1,1,1,1,1,1,1,1,1,1,1,1,1,1,1,1,1,1,1,1,1,1,1,1,1,1,1,1,1,1,1,1,1,1,1,1,1,1,1,1,1,1,1,1,1,1,1,1,1,1,1,1,1,1,1,1,1,1,1,1,1,1,1,1,1,0
2026-07-12 06:00:00,95.02527265,0,0,0,0,0,0,0.0339266666666667,2.57372666666667,11.1754916666667,15.7338983333333,12.828885,10.317955,9.51695833333333,9.44989166666667,7.76132333333333,4.73853333333333,1.808175,1.06071333333333,0.735263333333333,0.554798333333333,0.578901666666667,0.66873,0.638993333333333,0.521958333333333,0.445246666666667,0.367988333333333,0.367875,0.365461666666667,0.32483,0.321705,0.287833333333333,0.299053333333333,0.260968333333333,0.22787,0.198931666666667,0.185458333333333,0.145546666666667,0.128941666666667,0.10297,0.0755166666666667,0.068405,0.0483966666666667,0.042255,0.027645,0.0241133333333333,0.024365,0.0253733333333333,0.0199083333333333,0.0158166666666667,0.00967,0.0103033333333333,0.007135,0.00569333333333333,0.00404,0.00442,0.005345,0.002035,0.001375,0.00103166666666667,0.00153166666666667,0.00128,0.00107166666666667,0.00059,0.000423333333333333,0.0000383333333333333,0,0.000288333333333333,0.000968333333333333,0.00064,0.000193333333333333,0.00016,0.000296666666666667,0.000126666666666667,0.000136666666666667,0.000146666666666667,0.000156666666666667,0.000166666666666667,0.00005,0,1,0,0,0,0,0,0,1,1,1,1,1,1,1,1,1,1,1,1,1,1,1,1,1,1,1,1,1,1,1,1,1,1,1,1,1,1,1,1,1,1,1,1,1,1,1,1,1,1,1,1,1,1,1,1,1,1,1,1,1,1,1,1,1,1,1,1,1,1,1,1,1,1,1,1,1,1,1,1,0
2026-07-12 07:00:00,103.2600825,0,0,0,0,0,0,0.0436816666666667,2.87007166666667,12.8030016666667,17.7292016666667,13.98666,11.1149933333333,10.063245,9.97612333333333,8.19196166666667,5.24650333333333,1.91234,1.08213666666667,0.73769,0.593436666666667,0.601648333333333,0.664311666666667,0.646191666666667,0.561321666666667,0.471948333333333,0.399841666666667,0.389893333333333,0.372476666666667,0.37895,0.367958333333333,0.327545,0.289516666666667,0.27977,0.230385,0.226425,0.206121666666667,0.17347,0.133526666666667,0.1101,0.0821983333333333,0.0595616666666667,0.0583666666666667,0.0432416666666667,0.0382416666666667,0.0316033333333333,0.0262633333333333,0.02052,0.0179766666666667,0.00949166666666667,0.01187,0.0110233333333333,0.00622,0.00449166666666667,0.00501,0.00429833333333333,0.00311333333333333,0.00258,0.00123166666666667,0.00211833333333333,0.00135666666666667,0.000426666666666667,0.00085,0.00085,0.000385,0.001155,0.000855,0.000426666666666667,0.00055,0.000223333333333333,0.000193333333333333,0.000413333333333333,0.0000866666666666667,0.000253333333333333,0.000273333333333333,0.000293333333333333,0.000313333333333333,0.000333333333333333,0.0001,0,1,0,0,0,0,0,0,1,1,1,1,1,1,1,1,1,1,1,1,1,1,1,1,1,1,1,1,1,1,1,1,1,1,1,1,1,1,1,1,1,1,1,1,1,1,1,1,1,1,1,1,1,1,1,1,1,1,1,1,1,1,1,1,1,1,1,1,1,1,1,1,1,1,1,1,1,1,1,1,0
2026-07-12 08:00:00,97.20506575,0,0,0,0,0,0,0.04383,2.55251,12.103545,17.6640083333333,13.524115,10.539385,9.37870333333333,9.274015,6.64527666666667,4.00142333333333,1.51653833333333,0.90056,0.61811,0.560368333333333,0.602945,0.70828,0.643691666666667,0.551513333333333,0.449733333333333,0.405305,0.413421666666667,0.405061666666667,0.3818,0.406541666666667,0.346816666666667,0.334485,0.302773333333333,0.291703333333333,0.24682,0.243048333333333,0.171711666666667,0.15509,0.111723333333333,0.096615,0.0711366666666667,0.0587366666666667,0.0516833333333333,0.0343933333333333,0.0369433333333333,0.0239533333333333,0.0228383333333333,0.0197866666666667,0.01342,0.010765,0.005205,0.00956666666666667,0.00768,0.00854166666666667,0.00373166666666667,0.00147333333333333,0.002895,0.00089,0.00237166666666667,0.001105,0.000616666666666667,0.00205666666666667,0.00239166666666667,0.000461666666666667,0,0.000421666666666667,0,0.001235,0.0000183333333333333,0.000415,0,0.000563333333333333,0.000443333333333333,0.000478333333333333,0.000513333333333333,0.000548333333333333,0.000583333333333333,0.000175,0,1,0,0,0,0,0,0,1,1,1,1,1,1,1,1,1,1,1,1,1,1,1,1,1,1,1,1,1,1,1,1,1,1,1,1,1,1,1,1,1,1,1,1,1,1,1,1,1,1,1,1,1,1,1,1,1,1,1,1,1,1,1,1,1,1,1,1,1,1,1,1,1,1,1,1,1,1,1,1,0
2026-07-12 09:00:00,73.2607736333333,0,0,0,0,0,0,0.0300683333333333,1.810405,8.64751,13.0245333333333,10.30672,8.19628333333333,7.43597666666667,7.25457666666667,4.506515,2.58631,1.068645,0.602935,0.504821666666667,0.490355,0.506261666666667,0.592373333333333,0.494363333333333,0.470391666666667,0.390991666666667,0.358596666666667,0.385491666666667,0.37657,0.350201666666667,0.405838333333333,0.312648333333333,0.315301666666667,0.277773333333333,0.262936666666667,0.22207,0.203205,0.178553333333333,0.16324,0.119678333333333,0.0817533333333333,0.0797866666666667,0.055655,0.0522883333333333,0.0356116666666667,0.0350533333333333,0.0252366666666667,0.0229866666666667,0.026095,0.0137533333333333,0.0181033333333333,0.0122416666666667,0.00786166666666667,0.00710666666666667,0.00749333333333333,0.00258833333333333,0.00642166666666667,0.003985,0.00317666666666667,0.002745,0.00110666666666667,0.000996666666666667,0.00338,0.00111666666666667,0.00169333333333333,0.001305,0,0.00042,0.000418333333333333,0.00166666666666667,0,0.000826666666666667,0.000953333333333333,0.00038,0.000408333333333333,0.000438333333333333,0.00047,0.000501666666666667,0.000148333333333333,0,1,0,0,0,0,0,0,1,1,1,1,1,1,1,1,1,1,1,1,1,1,1,1,1,1,1,1,1,1,1,1,1,1,1,1,1,1,1,1,1,1,1,1,1,1,1,1,1,1,1,1,1,1,1,1,1,1,1,1,1,1,1,1,1,1,1,1,1,1,1,1,1,1,1,1,1,1,1,1,0
2026-07-12 10:00:00,66.5063131,0,0,0,0,0,0,0.01879,1.56541333333333,7.6762,11.7193016666667,9.40309166666667,7.52753666666667,6.78922333333333,6.47398166666667,4.34127333333333,2.25837833333333,0.988665,0.583363333333333,0.430561666666667,0.427875,0.473156666666667,0.547348333333333,0.422461666666667,0.402756666666667,0.337743333333333,0.310391666666667,0.331538333333333,0.312736666666667,0.27651,0.33398,0.245253333333333,0.278708333333333,0.21853,0.223431666666667,0.210923333333333,0.181658333333333,0.156526666666667,0.13503,0.113846666666667,0.0920983333333333,0.0724866666666667,0.062185,0.0433933333333333,0.0435283333333333,0.0405933333333333,0.0261783333333333,0.02501,0.0193016666666667,0.02359,0.0161166666666667,0.0118683333333333,0.010455,0.0120333333333333,0.0130316666666667,0.00573833333333333,0.00527,0.00518833333333333,0.0035,0.00473333333333333,0.00409833333333333,0.00440833333333333,0.00433166666666667,0.00310166666666667,0.00284833333333333,0.00264666666666667,0.00261166666666667,0.002095,0.001215,0.00087,0.000173333333333333,0.00230666666666667,0.00177666666666667,0.00038,0.000408333333333333,0.000438333333333333,0.00047,0.000501666666666667,0.000148333333333333,0,1,0,0,0,0,0,0,1,1,1,1,1,1,1,1,1,1,1,1,1,1,1,1,1,1,1,1,1,1,1,1,1,1,1,1,1,1,1,1,1,1,1,1,1,1,1,1,1,1,1,1,1,1,1,1,1,1,1,1,1,1,1,1,1,1,1,1,1,1,1,1,1,1,1,1,1,1,1,1,0
2026-07-12 11:00:00,66.7503754166667,0,0,0,0,0,0,0.02858,1.527535,7.66089833333333,11.7483116666667,9.33191,7.55825166666667,6.61690166666667,6.41767166666667,5.250695,2.961025,1.10486333333333,0.578645,0.426571666666667,0.362341666666667,0.40395,0.452556666666667,0.382085,0.347385,0.287773333333333,0.246273333333333,0.266425,0.257445,0.224565,0.24264,0.2129,0.198438333333333,0.175353333333333,0.163626666666667,0.13376,0.14306,0.126671666666667,0.111905,0.0899966666666667,0.0688383333333333,0.069725,0.0615183333333333,0.04793,0.04049,0.03434,0.0323633333333333,0.0334633333333333,0.025065,0.0228133333333333,0.0199216666666667,0.013645,0.01007,0.0134316666666667,0.00778833333333333,0.00803,0.00556166666666667,0.00682333333333333,0.00355666666666667,0.00384166666666667,0.00407166666666667,0.00379333333333333,0.00219166666666667,0.00284166666666667,0.00173166666666667,0.002615,0.00295833333333333,0.00240833333333333,0.00174166666666667,0.00173333333333333,0.00163333333333333,0.00264,0.00185666666666667,0.00107666666666667,0.00115833333333333,0.00124333333333333,0.00133166666666667,0.00142,0.000421666666666667,0,1,0,0,0,0,0,0,1,1,1,1,1,1,1,1,1,1,1,1,1,1,1,1,1,1,1,1,1,1,1,1,1,1,1,1,1,1,1,1,1,1,1,1,1,1,1,1,1,1,1,1,1,1,1,1,1,1,1,1,1,1,1,1,1,1,1,1,1,1,1,1,1,1,1,1,1,1,1,1,0
2026-07-12 12:00:00,70.0409971166667,0,0,0,0,0,0,0.0261683333333333,1.52484166666667,7.8529,11.9708366666667,9.7234,7.59580166666667,6.79885833333333,6.54957666666667,6.065735,3.55305333333333,1.29684333333333,0.676158333333333,0.435143333333333,0.377426666666667,0.357875,0.41029,0.361485,0.308113333333333,0.27538,0.224721666666667,0.242196666666667,0.228075,0.19047,0.19859,0.17292,0.160376666666667,0.150718333333333,0.140885,0.122628333333333,0.123865,0.11656,0.103578333333333,0.0857083333333333,0.0654633333333333,0.068615,0.0529283333333333,0.04706,0.0344516666666667,0.0310516666666667,0.028205,0.022605,0.0253183333333333,0.0242333333333333,0.0202583333333333,0.0172383333333333,0.01513,0.0104216666666667,0.00936,0.00776333333333333,0.0115866666666667,0.00862833333333333,0.006845,0.00826166666666667,0.00485166666666667,0.00350666666666667,0.00448166666666667,0.007675,0.00219333333333333,0.00119166666666667,0.00176166666666667,0.003385,0.00204833333333333,0.00126833333333333,0.001245,0.000986666666666667,0.00114166666666667,0.00139333333333333,0.00150166666666667,0.00161166666666667,0.00172333333333333,0.001835,0.000548333333333333,0,1,0,0,0,0,0,0,1,1,1,1,1,1,1,1,1,1,1,1,1,1,1,1,1,1,1,1,1,1,1,1,1,1,1,1,1,1,1,1,1,1,1,1,1,1,1,1,1,1,1,1,1,1,1,1,1,1,1,1,1,1,1,1,1,1,1,1,1,1,1,1,1,1,1,1,1,1,1,1,0
2026-07-12 13:00:00,91.1581762666667,0,0,0,0,0,0,0.0303683333333333,2.04585,10.00464,15.5120266666667,12.7675666666667,10.226245,8.96849833333333,8.22153166666667,7.81715333333333,5.13343666666667,2.15272,1.17584833333333,0.770025,0.612573333333333,0.547621666666667,0.532965,0.455041666666667,0.40093,0.319196666666667,0.297768333333333,0.275853333333333,0.267396666666667,0.218866666666667,0.222435,0.174796666666667,0.20834,0.159795,0.14845,0.135536666666667,0.123951666666667,0.13574,0.111698333333333,0.102751666666667,0.08663,0.0580566666666667,0.057755,0.0549416666666667,0.0421083333333333,0.033045,0.0338416666666667,0.0309433333333333,0.0247516666666667,0.0243366666666667,0.0192966666666667,0.0234283333333333,0.0189783333333333,0.0110483333333333,0.0114466666666667,0.00677,0.00607,0.004645,0.00581333333333333,0.00441333333333333,0.00424666666666667,0.00976333333333333,0.00571333333333333,0.00608333333333333,0.00554166666666667,0.00269166666666667,0.00220666666666667,0.000985,0.00136666666666667,0.00274166666666667,0.00137,0.00213333333333333,0.000693333333333333,0.000823333333333333,0.000886666666666667,0.000951666666666667,0.00101833333333333,0.001085,0.000323333333333333,0,1,0,0,0,0,0,0,1,1,1,1,1,1,1,1,1,1,1,1,1,1,1,1,1,1,1,1,1,1,1,1,1,1,1,1,1,1,1,1,1,1,1,1,1,1,1,1,1,1,1,1,1,1,1,1,1,1,1,1,1,1,1,1,1,1,1,1,1,1,1,1,1,1,1,1,1,1,1,1,0
2026-07-12 14:00:00,66.3384090666667,0,0,0,0,0,0,0.02657,1.56179833333333,7.65404833333333,11.6615983333333,9.207485,7.05754833333333,6.252155,5.98153666666667,5.85328666666667,3.8181,1.28808166666667,0.698395,0.452275,0.37705,0.382028333333333,0.384846666666667,0.372595,0.326811666666667,0.263848333333333,0.22936,0.229555,0.21391,0.194888333333333,0.184276666666667,0.175716666666667,0.167378333333333,0.15904,0.147088333333333,0.142783333333333,0.115123333333333,0.105921666666667,0.10622,0.091805,0.0637416666666667,0.0710266666666667,0.0566583333333333,0.04147,0.0365366666666667,0.0392116666666667,0.0279416666666667,0.0242833333333333,0.0214033333333333,0.0271933333333333,0.0201716666666667,0.0197466666666667,0.0196866666666667,0.0141316666666667,0.0109316666666667,0.00978166666666667,0.006415,0.0086,0.00532333333333333,0.006005,0.00656333333333333,0.00298666666666667,0.00341833333333333,0.00574,0.00465666666666667,0.00207666666666667,0.00191833333333333,0.00196166666666667,0.00296,0.00198166666666667,0.000193333333333333,0.00114666666666667,0.00165333333333333,0.00095,0.00102,0.001095,0.001175,0.001255,0.00037,0,1,0,0,0,0,0,0,1,1,1,1,1,1,1,1,1,1,1,1,1,1,1,1,1,1,1,1,1,1,1,1,1,1,1,1,1,1,1,1,1,1,1,1,1,1,1,1,1,1,1,1,1,1,1,1,1,1,1,1,1,1,1,1,1,1,1,1,1,1,1,1,1,1,1,1,1,1,1,1,0
2026-07-12 15:00:00,60.02637115,0,0,0,0,0,0,0.026185,1.35388,6.683765,10.1917716666667,8.01233,6.35101666666667,5.65660666666667,5.437345,5.53537333333333,4.041835,1.33941,0.737608333333333,0.475651666666667,0.355048333333333,0.355383333333333,0.360156666666667,0.317843333333333,0.289506666666667,0.233378333333333,0.203923333333333,0.196513333333333,0.192661666666667,0.161341666666667,0.168338333333333,0.148743333333333,0.14521,0.136278333333333,0.10966,0.102101666666667,0.10057,0.0896683333333333,0.0788,0.07056,0.0568666666666667,0.0474883333333333,0.043865,0.03536,0.0319266666666667,0.0280316666666667,0.0250016666666667,0.02581,0.0191233333333333,0.0156633333333333,0.0197416666666667,0.019465,0.0108433333333333,0.01602,0.00978,0.005715,0.00557333333333333,0.009635,0.005675,0.00634833333333333,0.00638833333333333,0.00488333333333333,0.00215833333333333,0.00433833333333333,0.00180833333333333,0.00407333333333333,0.00353,0.00154333333333333,0.000968333333333333,0.00192,0.00141,0.00032,0.00176333333333333,0.00126666666666667,0.00136333333333333,0.00146333333333333,0.00156666666666667,0.00167,0.000496666666666667,0,1,0,0,0,0,0,0,1,1,1,1,1,1,1,1,1,1,1,1,1,1,1,1,1,1,1,1,1,1,1,1,1,1,1,1,1,1,1,1,1,1,1,1,1,1,1,1,1,1,1,1,1,1,1,1,1,1,1,1,1,1,1,1,1,1,1,1,1,1,1,1,1,1,1,1,1,1,1,1,0
2026-07-12 16:00:00,53.4253895,0,0,0,0,0,0,0.017705,1.22183,6.01397666666667,8.90553166666667,7.05067333333333,5.51941333333333,5.04722666666667,4.94014333333333,5.038125,3.89162333333333,1.29874333333333,0.694898333333333,0.437113333333333,0.340548333333333,0.338743333333333,0.328313333333333,0.312793333333333,0.229496666666667,0.211975,0.189685,0.150715,0.156991666666667,0.134623333333333,0.141848333333333,0.117868333333333,0.119663333333333,0.11542,0.0977583333333333,0.088605,0.0900033333333333,0.0755666666666667,0.0642316666666667,0.058925,0.0501333333333333,0.0457616666666667,0.0338583333333333,0.0312583333333333,0.0261183333333333,0.0281233333333333,0.0251983333333333,0.0190183333333333,0.0216683333333333,0.0221366666666667,0.01948,0.0171133333333333,0.009205,0.00708333333333333,0.009335,0.00497666666666667,0.00938,0.00536166666666667,0.00742833333333333,0.005875,0.00648833333333333,0.00531,0.00290666666666667,0.00324166666666667,0.00173166666666667,0.00126666666666667,0.00295833333333333,0.00505833333333333,0.002865,0.00259666666666667,0.00177666666666667,0.000653333333333333,0.00205833333333333,0.00120333333333333,0.001295,0.00139,0.00148833333333333,0.00158666666666667,0.000471666666666667,0,1,0,0,0,0,0,0,1,1,1,1,1,1,1,1,1,1,1,1,1,1,1,1,1,1,1,1,1,1,1,1,1,1,1,1,1,1,1,1,1,1,1,1,1,1,1,1,1,1,1,1,1,1,1,1,1,1,1,1,1,1,1,1,1,1,1,1,1,1,1,1,1,1,1,1,1,1,1,1,0
2026-07-12 17:00:00,58.7876844833333,0,0,0,0,0,0,0.017395,1.34567333333333,6.76686,10.008345,7.85017666666667,6.19632,5.51483333333333,5.32745833333333,5.35486333333333,3.79357166666667,1.35690333333333,0.690853333333333,0.436718333333333,0.339476666666667,0.308005,0.316683333333333,0.303611666666667,0.263336666666667,0.189761666666667,0.195375,0.171876666666667,0.149105,0.139388333333333,0.143895,0.126908333333333,0.130521666666667,0.115655,0.103261666666667,0.095175,0.094245,0.0745766666666667,0.05969,0.058875,0.0507483333333333,0.0377583333333333,0.0360383333333333,0.032035,0.0248683333333333,0.0260683333333333,0.0234383333333333,0.0239166666666667,0.01894,0.0165016666666667,0.0130366666666667,0.0134383333333333,0.00752333333333333,0.00833,0.0111916666666667,0.00962166666666667,0.004865,0.00860333333333333,0.00478833333333333,0.00414,0.00196166666666667,0.00294,0.00474166666666667,0.00125666666666667,0.00211666666666667,0.00119333333333333,0.00176166666666667,0.00296333333333333,0.00204833333333333,0.00190833333333333,0.00244166666666667,0.00205333333333333,0.00140166666666667,0.00095,0.00102333333333333,0.00109833333333333,0.001175,0.00125166666666667,0.000373333333333333,0,1,0,0,0,0,0,0,1,1,1,1,1,1,1,1,1,1,1,1,1,1,1,1,1,1,1,1,1,1,1,1,1,1,1,1,1,1,1,1,1,1,1,1,1,1,1,1,1,1,1,1,1,1,1,1,1,1,1,1,1,1,1,1,1,1,1,1,1,1,1,1,1,1,1,1,1,1,1,1,0
2026-07-12 18:00:00,55.1231655333333,0,0,0,0,0,0,0.0189516666666667,1.280135,6.3416,9.56035333333333,7.355125,5.90577833333333,5.33895833333333,5.20377333333333,5.147025,3.48804,1.23840666666667,0.662888333333333,0.392285,0.323613333333333,0.30096,0.293065,0.30134,0.247941666666667,0.208068333333333,0.164045,0.154785,0.143806666666667,0.132348333333333,0.134951666666667,0.122298333333333,0.11262,0.11149,0.101315,0.08467,0.0697916666666667,0.0793216666666667,0.0611983333333333,0.053715,0.0442833333333333,0.0348366666666667,0.03434,0.0309933333333333,0.0261966666666667,0.0234666666666667,0.0227633333333333,0.0211616666666667,0.0178316666666667,0.01834,0.0124033333333333,0.00783166666666667,0.01506,0.01119,0.00889166666666667,0.00859166666666667,0.00531166666666667,0.00694,0.00684166666666667,0.00337166666666667,0.00332166666666667,0.00232333333333333,0.00300833333333333,0.00225166666666667,0.00288666666666667,0.00380333333333333,0.000571666666666667,0.00112833333333333,0.001765,0.00131666666666667,0.000733333333333333,0.000893333333333333,0.000628333333333333,0.000633333333333333,0.000681666666666667,0.000731666666666667,0.000783333333333333,0.000835,0.000248333333333333,0,1,0,0,0,0,0,0,1,1,1,1,1,1,1,1,1,1,1,1,1,1,1,1,1,1,1,1,1,1,1,1,1,1,1,1,1,1,1,1,1,1,1,1,1,1,1,1,1,1,1,1,1,1,1,1,1,1,1,1,1,1,1,1,1,1,1,1,1,1,1,1,1,1,1,1,1,1,1,1,0
2026-07-12 19:00:00,50.0910731,0,0,0,0,0,0,0.0166466666666667,1.12292166666667,5.560845,8.60058,6.52760833333333,5.14271666666667,4.64099,4.5588,4.48586833333333,3.05154833333333,1.12486,0.598053333333333,0.365883333333333,0.327903333333333,0.299981666666667,0.310676666666667,0.300818333333333,0.25789,0.202366666666667,0.182031666666667,0.169836666666667,0.150035,0.141598333333333,0.143126666666667,0.120728333333333,0.137626666666667,0.116898333333333,0.103861666666667,0.0931883333333333,0.0943816666666667,0.077825,0.071835,0.06605,0.0540733333333333,0.0397633333333333,0.0339166666666667,0.0340866666666667,0.0228466666666667,0.0230633333333333,0.01955,0.018085,0.0150716666666667,0.0145,0.011475,0.0103566666666667,0.0109783333333333,0.00856333333333333,0.00951166666666667,0.006905,0.00642166666666667,0.00476,0.005445,0.00381333333333333,0.000855,0.00531,0.005355,0.00210666666666667,0.00246333333333333,0.00077,0.00212666666666667,0.000553333333333333,0.000418333333333333,0.00105666666666667,0.000608333333333333,0.0014,0.000556666666666667,0.000886666666666667,0.000955,0.001025,0.00109666666666667,0.00116833333333333,0.000348333333333333,0,1,0,0,0,0,0,0,1,1,1,1,1,1,1,1,1,1,1,1,1,1,1,1,1,1,1,1,1,1,1,1,1,1,1,1,1,1,1,1,1,1,1,1,1,1,1,1,1,1,1,1,1,1,1,1,1,1,1,1,1,1,1,1,1,1,1,1,1,1,1,1,1,1,1,1,1,1,1,1,0
2026-07-12 20:00:00,50.1189577,0,0,0,0,0,0,0.0153533333333333,1.09699166666667,5.91125833333333,9.170645,7.11719166666667,5.428655,4.51504166666667,4.394805,3.78307333333333,2.31901,0.940033333333333,0.55769,0.36913,0.328576666666667,0.350513333333333,0.365101666666667,0.32301,0.282473333333333,0.223935,0.200911666666667,0.206316666666667,0.196721666666667,0.171175,0.187396666666667,0.155076666666667,0.177333333333333,0.142021666666667,0.127663333333333,0.13761,0.110226666666667,0.117925,0.094855,0.08517,0.052805,0.0466483333333333,0.036575,0.031015,0.02636,0.03127,0.0274683333333333,0.0159533333333333,0.016815,0.014595,0.0149683333333333,0.008335,0.004215,0.00512166666666667,0.00452333333333333,0.007695,0.00529166666666667,0.003125,0.00418666666666667,0.00345,0.00153166666666667,0.00275,0.00163166666666667,0.00277833333333333,0.00257833333333333,0.002075,0.000918333333333333,0.00084,0.000816666666666667,0.00126833333333333,0.00083,0.00165333333333333,0.000953333333333333,0.00038,0.00041,0.00044,0.00047,0.0005,0.00015,0,1,0,0,0,0,0,0,1,1,1,1,1,1,1,1,1,1,1,1,1,1,1,1,1,1,1,1,1,1,1,1,1,1,1,1,1,1,1,1,1,1,1,1,1,1,1,1,1,1,1,1,1,1,1,1,1,1,1,1,1,1,1,1,1,1,1,1,1,1,1,1,1,1,1,1,1,1,1,1,0
2026-07-12 21:00:00,51.6596510892857,0,0,0,0,0,0,0.0173946428571429,1.25253571428571,6.53808035714286,10.3914678571429,7.80003571428571,5.64402857142857,4.53560714285714,4.1462625,3.08846964285714,1.89585,0.908041071428571,0.544710714285714,0.423976785714286,0.357908928571429,0.36255,0.428841071428571,0.380442857142857,0.3404125,0.266366071428571,0.254607142857143,0.27155,0.254105357142857,0.226201785714286,0.234603571428571,0.164917857142857,0.2088375,0.179205357142857,0.155735714285714,0.159401785714286,0.1346625,0.120114285714286,0.108894642857143,0.0815535714285714,0.0692482142857143,0.0546642857142857,0.0443696428571429,0.0400267857142857,0.0277785714285714,0.0309857142857143,0.0267589285714286,0.0201125,0.0135517857142857,0.0227071428571429,0.0148160714285714,0.0128071428571429,0.00986428571428571,0.0076125,0.00591428571428571,0.00272678571428571,0.00254107142857143,0.00571428571428571,0.00227321428571429,0.00470714285714286,0.00183214285714286,0.001575,0.00140178571428571,0.0024125,0.000907142857142857,0.000533928571428571,0.00211071428571429,0.000598214285714286,0,0.00133928571428571,0.000185714285714286,0.000428571428571429,0.000782142857142857,0.000203571428571429,0.000219642857142857,0.000235714285714286,0.000251785714285714,0.000267857142857143,0.0000803571428571429,0,1,0,0,0,0,0,0,1,1,1,1,1,1,1,1,1,1,1,1,1,1,1,1,1,1,1,1,1,1,1,1,1,1,1,1,1,1,1,1,1,1,1,1,1,1,1,1,1,1,1,1,1,1,1,1,1,1,1,1,1,1,1,1,1,1,1,1,1,1,1,1,1,1,1,1,1,1,1,1,0
2026-07-12 22:00:00,53.8270096833333,0,0,0,0,0,0,0.018355,1.4311,7.33027833333333,11.2180633333333,8.15336833333333,5.58703833333333,4.38021,3.86870333333333,2.73706166666667,1.70187666666667,0.778698333333333,0.500556666666667,0.39053,0.37377,0.388118333333333,0.471256666666667,0.399191666666667,0.400258333333333,0.296413333333333,0.317993333333333,0.304371666666667,0.292271666666667,0.28179,0.297151666666667,0.24912,0.272841666666667,0.209211666666667,0.19224,0.175933333333333,0.176638333333333,0.1265,0.111456666666667,0.0923383333333333,0.073045,0.05334,0.0507183333333333,0.0372133333333333,0.028785,0.031635,0.0195733333333333,0.0202383333333333,0.019335,0.0144083333333333,0.0112033333333333,0.00931,0.00672166666666667,0.006965,0.00541333333333333,0.00515333333333333,0.00373166666666667,0.003525,0.004815,0.004195,0.00239,0.00123333333333333,0.002395,0.00147833333333333,0.00246333333333333,0.001765,0.000705,0.000426666666666667,0.00053,0.0000183333333333333,0.00083,0.000826666666666667,0.000953333333333333,0.00038,0.00041,0.00044,0.00047,0.0005,0.00015,0,1,0,0,0,0,0,0,1,1,1,1,1,1,1,1,1,1,1,1,1,1,1,1,1,1,1,1,1,1,1,1,1,1,1,1,1,1,1,1,1,1,1,1,1,1,1,1,1,1,1,1,1,1,1,1,1,1,1,1,1,1,1,1,1,1,1,1,1,1,1,1,1,1,1,1,1,1,1,1,0
2026-07-12 23:00:00,65.4119323833333,0,0,0,0,0,0,0.0210166666666667,1.64039166666667,9.16908166666667,15.05085,11.40093,7.592155,5.350925,4.09625166666667,2.361425,1.41881333333333,0.674341666666667,0.454076666666667,0.364523333333333,0.353163333333333,0.413585,0.453133333333333,0.425991666666667,0.38453,0.35782,0.29831,0.292703333333333,0.286831666666667,0.249321666666667,0.274196666666667,0.219851666666667,0.220981666666667,0.193965,0.186151666666667,0.153076666666667,0.142415,0.12652,0.100063333333333,0.080645,0.0640616666666667,0.0494733333333333,0.040585,0.0317683333333333,0.0235866666666667,0.02313,0.0170666666666667,0.0191633333333333,0.0109116666666667,0.00966,0.0102083333333333,0.00821333333333333,0.00720333333333333,0.00533166666666667,0.00233166666666667,0.00271333333333333,0.00223166666666667,0.00358166666666667,0.00197833333333333,0.00188833333333333,0.001535,0.000426666666666667,0.00085,0.00166166666666667,0.000885,0.000843333333333333,0.000421666666666667,0.00084,0.000398333333333333,0.001685,0,0.000573333333333333,0.000361666666666667,0.000316666666666667,0.000341666666666667,0.000366666666666667,0.000391666666666667,0.000416666666666667,0.000125,0,1,0,0,0,0,0,0,1,1,1,1,1,1,1,1,1,1,1,1,1,1,1,1,1,1,1,1,1,1,1,1,1,1,1,1,1,1,1,1,1,1,1,1,1,1,1,1,1,1,1,1,1,1,1,1,1,1,1,1,1,1,1,1,1,1,1,1,1,1,1,1,1,1,1,1,1,1,1,1,0
2026-07-13,88.2596519166667,0,0,0,0,0,0,0.0367216666666667,2.32209333333333,12.367445,20.8224783333333,16.4149916666667,10.99628,7.31980333333333,5.16464666666667,2.772385,1.31729333333333,0.694628333333333,0.47229,0.397488333333333,0.373865,0.44649,0.519038333333333,0.540755,0.44632,0.394225,0.345681666666667,0.328605,0.318905,0.287126666666667,0.315906666666667,0.269075,0.281181666666667,0.233376666666667,0.209751666666667,0.192435,0.18331,0.138285,0.111866666666667,0.09272,0.061335,0.05747,0.0467,0.0308166666666667,0.0342566666666667,0.0290683333333333,0.0182333333333333,0.0172733333333333,0.0175183333333333,0.011105,0.00792833333333333,0.00621166666666667,0.00756333333333333,0.00626833333333333,0.00242,0.00170833333333333,0.002255,0.00206333333333333,0.00297833333333333,0.00011,0.000853333333333333,0.000426666666666667,0.00107166666666667,0.001015,0.00207833333333333,0.000423333333333333,0.000075,0.00042,0.000398333333333333,0.000851666666666667,0,0,0.0000433333333333333,0.000126666666666667,0.000136666666666667,0.000146666666666667,0.000156666666666667,0.000166666666666667,0.00005,0,1,0,0,0,0,0,0,1,1,1,1,1,1,1,1,1,1,1,1,1,1,1,1,1,1,1,1,1,1,1,1,1,1,1,1,1,1,1,1,1,1,1,1,1,1,1,1,1,1,1,1,1,1,1,1,1,1,1,1,1,1,1,1,1,1,1,1,1,1,1,1,1,1,1,1,1,1,1,1,0
2026-07-13 01:00:00,96.3546837833333,0,0,0,0,0,0,0.0418,2.86120833333333,14.599235,22.8276133333333,18.142465,12.3295333333333,8.14019833333333,5.471155,3.70501833333333,1.53507666666667,0.646623333333333,0.484681666666667,0.401763333333333,0.378273333333333,0.400785,0.470778333333333,0.484621666666667,0.420008333333333,0.383951666666667,0.342931666666667,0.330993333333333,0.3202,0.289211666666667,0.295346666666667,0.279296666666667,0.275733333333333,0.24823,0.226948333333333,0.202571666666667,0.14345,0.12144,0.101608333333333,0.075785,0.0653466666666667,0.066645,0.039675,0.0414266666666667,0.0322416666666667,0.0242733333333333,0.0208733333333333,0.0157366666666667,0.011965,0.00985666666666667,0.00832,0.00935333333333333,0.00706333333333333,0.00504166666666667,0.00114333333333333,0.00124166666666667,0.000968333333333333,0.00209333333333333,0.001285,0.001285,0.00170833333333333,0.000853333333333333,0.00085,0.000386666666666667,0.000423333333333333,0.0000383333333333333,0.00154833333333333,0.000558333333333333,0,0.000416666666666667,0,0.000413333333333333,0,0,0,0,0,0,0,0,1,0,0,0,0,0,0,1,1,1,1,1,1,1,1,1,1,1,1,1,1,1,1,1,1,1,1,1,1,1,1,1,1,1,1,1,1,1,1,1,1,1,1,1,1,1,1,1,1,1,1,1,1,1,1,1,1,1,1,1,1,1,1,1,1,1,1,1,1,1,1,1,1,1,1,1,1,1,1,0
2026-07-13 02:00:00,106.248764433333,0,0,0,0,0,0,0.04212,3.21445,15.611235,23.924705,19.0663683333333,13.85943,9.55776,6.61333666666667,4.53738,1.81634666666667,0.657066666666667,0.475596666666667,0.377053333333333,0.355468333333333,0.389138333333333,0.443615,0.456423333333333,0.43428,0.365346666666667,0.321391666666667,0.29827,0.302303333333333,0.287258333333333,0.29211,0.242363333333333,0.247031666666667,0.234403333333333,0.205863333333333,0.17188,0.162113333333333,0.137318333333333,0.105716666666667,0.0889366666666667,0.06167,0.0473833333333333,0.0426016666666667,0.0349516666666667,0.0312483333333333,0.0204966666666667,0.019225,0.01358,0.0163033333333333,0.00856,0.00650333333333333,0.00854833333333333,0.00790666666666667,0.004795,0.00401666666666667,0.00168,0.000996666666666667,0.00223666666666667,0.00149,0.00100833333333333,0.00118166666666667,0.000853333333333333,0.00085,0,0,0.000346666666666667,0.000496666666666667,0.000288333333333333,0.00053,0.0000183333333333333,0,0,0,0,0,0,0,0,0,0,1,0,0,0,0,0,0,1,1,1,1,1,1,1,1,1,1,1,1,1,1,1,1,1,1,1,1,1,1,1,1,1,1,1,1,1,1,1,1,1,1,1,1,1,1,1,1,1,1,1,1,1,1,1,1,1,1,1,1,1,1,1,1,1,1,1,1,1,1,1,1,1,1,1,1,1,1,1,1,0
2026-07-13 03:00:00,112.1066495,0,0,0,0,0,0,0.0436633333333333,3.166995,15.2986233333333,23.73974,19.7183983333333,14.900355,11.6691616666667,8.67698666666667,5.967385,2.07131,0.594358333333333,0.469563333333333,0.371336666666667,0.362386666666667,0.40001,0.416576666666667,0.421793333333333,0.400835,0.34519,0.307681666666667,0.294938333333333,0.296386666666667,0.261131666666667,0.244305,0.224126666666667,0.227546666666667,0.21465,0.199488333333333,0.156068333333333,0.161525,0.131238333333333,0.112826666666667,0.0774066666666667,0.0660766666666667,0.0538483333333333,0.0436566666666667,0.0374416666666667,0.0251816666666667,0.0225466666666667,0.023505,0.0126433333333333,0.014025,0.01236,0.00599,0.0110816666666667,0.00546833333333333,0.00485333333333333,0.00524666666666667,0.00288833333333333,0.00185666666666667,0.00292333333333333,0.00215,0.00188833333333333,0.000678333333333333,0.00147,0.000236666666666667,0.00162333333333333,0.000846666666666667,0.0000766666666666667,0,0.000576666666666667,0.000263333333333333,0.000223333333333333,0.000366666666666667,0.00024,0.0000216666666666667,0.0000633333333333333,0.0000683333333333333,0.0000733333333333333,0.0000783333333333333,0.0000833333333333333,0.000025,0,1,0,0,0,0,0,0,1,1,1,1,1,1,1,1,1,1,1,1,1,1,1,1,1,1,1,1,1,1,1,1,1,1,1,1,1,1,1,1,1,1,1,1,1,1,1,1,1,1,1,1,1,1,1,1,1,1,1,1,1,1,1,1,1,1,1,1,1,1,1,1,1,1,1,1,1,1,1,1,0
2026-07-13 04:00:00,104.97216085,0,0,0,0,0,0,0.0377766666666667,2.88119,14.1196516666667,22.024485,18.4425783333333,14.2675766666667,11.2967483333333,8.634575,5.162175,1.74925666666667,0.582948333333333,0.426648333333333,0.35924,0.329108333333333,0.364491666666667,0.412358333333333,0.435336666666667,0.3922,0.322435,0.310446666666667,0.32456,0.29556,0.255481666666667,0.264603333333333,0.24723,0.226633333333333,0.214505,0.174546666666667,0.17198,0.157631666666667,0.123241666666667,0.09856,0.0821216666666667,0.0606983333333333,0.057135,0.0455083333333333,0.0447183333333333,0.03193,0.0306533333333333,0.0177133333333333,0.01591,0.0164116666666667,0.014495,0.0115466666666667,0.00964,0.00711,0.00662833333333333,0.00517666666666667,0.004615,0.000481666666666667,0.00206333333333333,0.00163666666666667,0.00119666666666667,0.00195833333333333,0.00128,0.00117333333333333,0.000488333333333333,0.000423333333333333,0.000808333333333333,0.00162333333333333,0.000558333333333333,0,0,0,0,0.000108333333333333,0.000316666666666667,0.000341666666666667,0.000366666666666667,0.000391666666666667,0.000416666666666667,0.000125,0,1,0,0,0,0,0,0,1,1,1,1,1,1,1,1,1,1,1,1,1,1,1,1,1,1,1,1,1,1,1,1,1,1,1,1,1,1,1,1,1,1,1,1,1,1,1,1,1,1,1,1,1,1,1,1,1,1,1,1,1,1,1,1,1,1,1,1,1,1,1,1,1,1,1,1,1,1,1,1,0
2026-07-13 05:00:00,91.28607245,0,0,0,0,0,0,0.039185,2.80677166666667,13.357955,20.1213966666667,16.2039916666667,12.1813366666667,9.408205,7.06299,3.24802166666667,1.04485,0.521876666666667,0.393458333333333,0.318121666666667,0.322443333333333,0.341335,0.38216,0.410173333333333,0.362368333333333,0.3259,0.312473333333333,0.303363333333333,0.274536666666667,0.256806666666667,0.248976666666667,0.22792,0.225655,0.190721666666667,0.187338333333333,0.16781,0.154691666666667,0.111358333333333,0.107538333333333,0.08304,0.07013,0.0610883333333333,0.042075,0.044165,0.0383966666666667,0.0270816666666667,0.0231616666666667,0.0180016666666667,0.0155833333333333,0.015885,0.01414,0.0123633333333333,0.0100916666666667,0.00722166666666667,0.00588333333333333,0.00427,0.002285,0.00309833333333333,0.000686666666666667,0.00146,0.00153166666666667,0.000806666666666667,0.00197,0.000628333333333333,0.00077,0.00169166666666667,0.000075,0.00042,0,0,0.000415,0.00032,0.000615,0.000316666666666667,0.000341666666666667,0.000366666666666667,0.000391666666666667,0.000416666666666667,0.000125,0,1,0,0,0,0,0,0,1,1,1,1,1,1,1,1,1,1,1,1,1,1,1,1,1,1,1,1,1,1,1,1,1,1,1,1,1,1,1,1,1,1,1,1,1,1,1,1,1,1,1,1,1,1,1,1,1,1,1,1,1,1,1,1,1,1,1,1,1,1,1,1,1,1,1,1,1,1,1,1,0
2026-07-13 06:00:00,87.0989279,0,0,0,0,0,0,0.0330866666666667,2.3703,12.09005,19.0259566666667,15.0349216666667,11.1519433333333,8.92662,7.38400833333333,3.61120166666667,1.34857166666667,0.646318333333333,0.422123333333333,0.344526666666667,0.341295,0.347983333333333,0.392991666666667,0.397575,0.35336,0.310928333333333,0.28942,0.271523333333333,0.255496666666667,0.222895,0.245185,0.201325,0.20793,0.182566666666667,0.169148333333333,0.148836666666667,0.130116666666667,0.1222,0.104536666666667,0.0779266666666667,0.063115,0.05123,0.0355716666666667,0.03505,0.0252983333333333,0.0282233333333333,0.0231983333333333,0.01841,0.0159316666666667,0.0136283333333333,0.00939166666666667,0.01005,0.00542333333333333,0.00765833333333333,0.00702,0.00295833333333333,0.00454166666666667,0.00266666666666667,0.00111666666666667,0.00317333333333333,0.00324,0.00336666666666667,0.002395,0.00221333333333333,0.0005,0.000806666666666667,0.000075,0.00042,0,0.00105666666666667,0.00119666666666667,0.00056,0.000615,0.000316666666666667,0.000341666666666667,0.000366666666666667,0.000391666666666667,0.000416666666666667,0.000125,0,1,0,0,0,0,0,0,1,1,1,1,1,1,1,1,1,1,1,1,1,1,1,1,1,1,1,1,1,1,1,1,1,1,1,1,1,1,1,1,1,1,1,1,1,1,1,1,1,1,1,1,1,1,1,1,1,1,1,1,1,1,1,1,1,1,1,1,1,1,1,1,1,1,1,1,1,1,1,1,0
2026-07-13 07:00:00,81.87941515,0,0,0,0,0,0,0.0343366666666667,2.11125833333333,10.59518,16.4389516666667,13.3736033333333,10.2557783333333,8.71959666666667,7.800435,5.02456833333333,1.833725,0.821596666666667,0.467045,0.356783333333333,0.29961,0.308071666666667,0.338308333333333,0.334076666666667,0.275625,0.228736666666667,0.201511666666667,0.196961666666667,0.179188333333333,0.165683333333333,0.168738333333333,0.15843,0.131208333333333,0.135331666666667,0.115161666666667,0.106685,0.099355,0.0800266666666667,0.05939,0.047835,0.0374266666666667,0.0370083333333333,0.0269666666666667,0.0279566666666667,0.0237416666666667,0.0229516666666667,0.0177833333333333,0.0105333333333333,0.0112933333333333,0.0145483333333333,0.01173,0.00807,0.00720333333333333,0.005985,0.00573,0.00632333333333333,0.00497166666666667,0.00352666666666667,0.00106166666666667,0.00108666666666667,0.00195833333333333,0.00104333333333333,0.000661666666666667,0.00162333333333333,0.00173166666666667,0.000881666666666667,0.000705,0.000558333333333333,0.000418333333333333,0.000833333333333333,0.000415,0.000413333333333333,0.000498333333333333,0.000253333333333333,0.000273333333333333,0.000293333333333333,0.000313333333333333,0.000333333333333333,0.0001,0,1,0,0,0,0,0,0,1,1,1,1,1,1,1,1,1,1,1,1,1,1,1,1,1,1,1,1,1,1,1,1,1,1,1,1,1,1,1,1,1,1,1,1,1,1,1,1,1,1,1,1,1,1,1,1,1,1,1,1,1,1,1,1,1,1,1,1,1,1,1,1,1,1,1,1,1,1,1,1,0
2026-07-13 08:00:00,98.9040295666667,0,0,0,0,0,0,0.0339416666666667,2.30946333333333,11.847635,18.7654183333333,15.534325,12.5531,10.8297283333333,10.257465,6.88970833333333,2.56955,1.13459833333333,0.638516666666667,0.4555,0.39122,0.386513333333333,0.435156666666667,0.40972,0.326586666666667,0.284491666666667,0.251988333333333,0.21507,0.23912,0.205801666666667,0.195266666666667,0.175441666666667,0.180896666666667,0.15969,0.142756666666667,0.129071666666667,0.116766666666667,0.0993383333333333,0.0723033333333333,0.0766,0.05067,0.04791,0.035905,0.0293183333333333,0.0257716666666667,0.02337,0.0260866666666667,0.0172666666666667,0.0171083333333333,0.01498,0.014155,0.01284,0.0108466666666667,0.010785,0.00769333333333333,0.00745,0.005835,0.00266833333333333,0.00401166666666667,0.004315,0.00264,0.00104333333333333,0.000661666666666667,0.00293666666666667,0.00173166666666667,0.00203333333333333,0.00162333333333333,0.002815,0.000263333333333333,0.000223333333333333,0.00119666666666667,0.00164,0.000468333333333333,0.000631666666666667,0.00068,0.00073,0.000783333333333333,0.000836666666666667,0.000246666666666667,0,1,0,0,0,0,0,0,1,1,1,1,1,1,1,1,1,1,1,1,1,1,1,1,1,1,1,1,1,1,1,1,1,1,1,1,1,1,1,1,1,1,1,1,1,1,1,1,1,1,1,1,1,1,1,1,1,1,1,1,1,1,1,1,1,1,1,1,1,1,1,1,1,1,1,1,1,1,1,1,0
2026-07-13 09:00:00,122.6362471,0,0,0,0,0,0,0.0435133333333333,3.00448166666667,14.5720366666667,22.5353,18.8826766666667,15.3280566666667,13.8606833333333,13.3973416666667,9.309775,3.53271166666667,1.53585,0.84858,0.58689,0.488863333333333,0.497133333333333,0.516216666666667,0.487478333333333,0.372191666666667,0.288286666666667,0.253266666666667,0.237286666666667,0.262413333333333,0.215438333333333,0.228176666666667,0.196568333333333,0.193615,0.166991666666667,0.164268333333333,0.144513333333333,0.123605,0.10721,0.084035,0.0753333333333333,0.0545266666666667,0.05057,0.0442783333333333,0.03835,0.0289116666666667,0.0220833333333333,0.0222,0.0195883333333333,0.0166883333333333,0.01817,0.01382,0.01302,0.01014,0.00860166666666667,0.00829333333333333,0.0089,0.00544666666666667,0.00229333333333333,0.00314833333333333,0.00328333333333333,0.00196,0.00208666666666667,0.00271833333333333,0.00281666666666667,0.00123166666666667,0.00303,0.00239833333333333,0.00113,0.000661666666666667,0.00129833333333333,0.00114833333333333,0.00204,0.00182833333333333,0.000253333333333333,0.000273333333333333,0.000293333333333333,0.000313333333333333,0.000333333333333333,0.0001,0,1,0,0,0,0,0,0,1,1,1,1,1,1,1,1,1,1,1,1,1,1,1,1,1,1,1,1,1,1,1,1,1,1,1,1,1,1,1,1,1,1,1,1,1,1,1,1,1,1,1,1,1,1,1,1,1,1,1,1,1,1,1,1,1,1,1,1,1,1,1,1,1,1,1,1,1,1,1,1,0
2026-07-13 10:00:00,139.400636483333,0,0,0,0,0,0,0.056005,3.491855,17.455375,26.4624683333333,21.3128983333333,17.09063,15.3765233333333,14.9881083333333,10.520925,3.7051,1.55834166666667,0.853885,0.557405,0.465311666666667,0.461513333333333,0.557971666666667,0.496951666666667,0.381783333333333,0.331441666666667,0.283958333333333,0.28592,0.284858333333333,0.237621666666667,0.25784,0.231863333333333,0.195728333333333,0.188806666666667,0.170756666666667,0.147631666666667,0.151183333333333,0.12468,0.106958333333333,0.0952583333333333,0.074165,0.06159,0.045515,0.0402283333333333,0.0335733333333333,0.0328083333333333,0.0233033333333333,0.0245083333333333,0.017845,0.0181916666666667,0.0115433333333333,0.0126916666666667,0.0105766666666667,0.00994166666666667,0.00814333333333333,0.0115166666666667,0.00736666666666667,0.00481666666666667,0.003925,0.004665,0.00229,0.00398333333333333,0.00593333333333333,0.00312666666666667,0.00300166666666667,0.00265,0.00154833333333333,0.000846666666666667,0.000131666666666667,0.00256,0.000773333333333333,0,0.000996666666666667,0.000506666666666667,0.000546666666666667,0.000586666666666667,0.000626666666666667,0.000666666666666667,0.0002,0,1,0,0,0,0,0,0,1,1,1,1,1,1,1,1,1,1,1,1,1,1,1,1,1,1,1,1,1,1,1,1,1,1,1,1,1,1,1,1,1,1,1,1,1,1,1,1,1,1,1,1,1,1,1,1,1,1,1,1,1,1,1,1,1,1,1,1,1,1,1,1,1,1,1,1,1,1,1,1,0
2026-07-13 11:00:00,151.003656766667,0,0,0,0,0,0,0.0586633333333333,4.37088666666667,21.2169733333333,30.6688883333333,23.412135,18.2117433333333,15.9881666666667,15.2215933333333,10.3993266666667,3.65499666666667,1.454355,0.802215,0.507236666666667,0.456221666666667,0.460076666666667,0.511506666666667,0.436318333333333,0.364375,0.31836,0.268668333333333,0.27362,0.279261666666667,0.255693333333333,0.274648333333333,0.22027,0.21557,0.194443333333333,0.1724,0.14761,0.133546666666667,0.1229,0.104393333333333,0.0933966666666667,0.0687533333333333,0.0486966666666667,0.0488366666666667,0.03891,0.025615,0.03045,0.0279966666666667,0.0237066666666667,0.018265,0.0145383333333333,0.015455,0.0110433333333333,0.0108,0.0129883333333333,0.0111383333333333,0.0064,0.00615166666666667,0.00519,0.0069,0.00271166666666667,0.00264,0.00616333333333333,0.00216,0.00105333333333333,0.00415666666666667,0.00218833333333333,0.000843333333333333,0.00084,0.000816666666666667,0.001685,0.001245,0.00016,0.000925,0.00076,0.000818333333333333,0.000878333333333333,0.00094,0.00100166666666667,0.000298333333333333,0,1,0,0,0,0,0,0,1,1,1,1,1,1,1,1,1,1,1,1,1,1,1,1,1,1,1,1,1,1,1,1,1,1,1,1,1,1,1,1,1,1,1,1,1,1,1,1,1,1,1,1,1,1,1,1,1,1,1,1,1,1,1,1,1,1,1,1,1,1,1,1,1,1,1,1,1,1,1,1,0
2026-07-13 12:00:00,165.260097233333,0,0,0,0,0,0,0.07839,5.22570666666667,24.8197566666667,34.055475,25.1081483333333,19.38899,16.9845483333333,16.1284683333333,11.5467716666667,4.07235833333333,1.58806666666667,0.81146,0.520896666666667,0.422491666666667,0.419141666666667,0.45896,0.394285,0.331183333333333,0.259315,0.214656666666667,0.244933333333333,0.238233333333333,0.21908,0.25683,0.17032,0.2142,0.182093333333333,0.172795,0.148123333333333,0.151536666666667,0.128036666666667,0.121795,0.0921716666666667,0.07389,0.0683916666666667,0.065925,0.0509533333333333,0.0417933333333333,0.0458133333333333,0.0348316666666667,0.0289683333333333,0.0285683333333333,0.0260333333333333,0.022675,0.02262,0.015565,0.015185,0.012105,0.015485,0.0126866666666667,0.00559166666666667,0.00859333333333333,0.00806166666666667,0.00681666666666667,0.00753833333333333,0.00483833333333333,0.00164333333333333,0.00454166666666667,0.002115,0.00422833333333333,0.00184333333333333,0.00246666666666667,0.001685,0.001245,0.000573333333333333,0.00179166666666667,0.000886666666666667,0.000953333333333333,0.00102333333333333,0.00109666666666667,0.00117,0.000346666666666667,0,1,0,0,0,0,0,0,1,1,1,1,1,1,1,1,1,1,1,1,1,1,1,1,1,1,1,1,1,1,1,1,1,1,1,1,1,1,1,1,1,1,1,1,1,1,1,1,1,1,1,1,1,1,1,1,1,1,1,1,1,1,1,1,1,1,1,1,1,1,1,1,1,1,1,1,1,1,1,1,0
2026-07-13 13:00:00,163.74234675,0,0,0,0,0,0,0.0917733333333333,5.15360833333333,24.00237,32.80706,24.7094533333333,19.35863,17.1103066666667,16.49647,12.0647083333333,4.86146833333333,2.00063666666667,1.142165,0.760773333333333,0.564638333333333,0.487746666666667,0.505015,0.393738333333333,0.340341666666667,0.271843333333333,0.211713333333333,0.234393333333333,0.222708333333333,0.183206666666667,0.216796666666667,0.146683333333333,0.172556666666667,0.143553333333333,0.153935,0.134563333333333,0.120475,0.11345,0.0968816666666667,0.0827583333333333,0.0732116666666667,0.05364,0.051495,0.0385083333333333,0.0309666666666667,0.029145,0.03085,0.0270766666666667,0.029165,0.018155,0.0140783333333333,0.0164266666666667,0.0113433333333333,0.0126516666666667,0.00842666666666667,0.00976333333333333,0.00411,0.0107516666666667,0.00627666666666667,0.00582,0.00435166666666667,0.00379333333333333,0.00464,0.004605,0.00254,0.001765,0.00219,0.00154333333333333,0.001745,0.00172166666666667,0.00083,0.0014,0.000773333333333333,0.000316666666666667,0.000338333333333333,0.000363333333333333,0.000391666666666667,0.00042,0.000121666666666667,0,1,0,0,0,0,0,0,1,1,1,1,1,1,1,1,1,1,1,1,1,1,1,1,1,1,1,1,1,1,1,1,1,1,1,1,1,1,1,1,1,1,1,1,1,1,1,1,1,1,1,1,1,1,1,1,1,1,1,1,1,1,1,1,1,1,1,1,1,1,1,1,1,1,1,1,1,1,1,1,0
2026-07-13 14:00:00,135.98657885,0,0,0,0,0,0,0.0639666666666667,3.726315,18.2093766666667,26.5812783333333,20.3967416666667,16.194615,14.3753333333333,14.0930133333333,10.7666133333333,4.16856333333333,1.52754333333333,0.770645,0.479233333333333,0.391426666666667,0.383366666666667,0.414578333333333,0.341615,0.279523333333333,0.219436666666667,0.204296666666667,0.201078333333333,0.206716666666667,0.177708333333333,0.209571666666667,0.169413333333333,0.180956666666667,0.144475,0.137995,0.130843333333333,0.128201666666667,0.101011666666667,0.0964166666666667,0.0925316666666667,0.058335,0.052245,0.0419633333333333,0.0494816666666667,0.0288566666666667,0.0354616666666667,0.0254483333333333,0.022685,0.02407,0.022875,0.01685,0.0134916666666667,0.00635666666666667,0.0146583333333333,0.0135766666666667,0.0100116666666667,0.00736666666666667,0.00863166666666667,0.00429666666666667,0.00507,0.00578833333333333,0.00782166666666667,0.00667833333333333,0.00442666666666667,0.00392333333333333,0.00172833333333333,0.00331666666666667,0.00223166666666667,0.00205333333333333,0.00087,0.00141833333333333,0.0018,0.00254,0.00113666666666667,0.00122333333333333,0.00131333333333333,0.00141,0.00150666666666667,0.000443333333333333,0,1,0,0,0,0,0,0,1,1,1,1,1,1,1,1,1,1,1,1,1,1,1,1,1,1,1,1,1,1,1,1,1,1,1,1,1,1,1,1,1,1,1,1,1,1,1,1,1,1,1,1,1,1,1,1,1,1,1,1,1,1,1,1,1,1,1,1,1,1,1,1,1,1,1,1,1,1,1,1,0
2026-07-13 15:00:00,139.60111365,0,0,0,0,0,0,0.0605716666666667,3.82886333333333,18.8348316666667,27.4595083333333,21.10693,16.2509466666667,14.598795,14.1297783333333,11.9085233333333,4.69617833333333,1.62680333333333,0.840296666666667,0.507861666666667,0.422928333333333,0.415423333333333,0.41538,0.361668333333333,0.292496666666667,0.217678333333333,0.176853333333333,0.195013333333333,0.200616666666667,0.163535,0.1944,0.154106666666667,0.171553333333333,0.154036666666667,0.142183333333333,0.124031666666667,0.115458333333333,0.094235,0.08131,0.0735183333333333,0.053675,0.0601133333333333,0.047305,0.04807,0.02851,0.0296183333333333,0.0286366666666667,0.019865,0.0202366666666667,0.0191633333333333,0.0162433333333333,0.0132783333333333,0.0145566666666667,0.0122616666666667,0.00848,0.00953333333333333,0.00837666666666667,0.00714333333333333,0.004645,0.00745666666666667,0.00742,0.00142333333333333,0.00465666666666667,0.00312666666666667,0.00254,0.00303166666666667,0.00078,0.00252666666666667,0.00138666666666667,0.00125166666666667,0.00166,0.00222666666666667,0.00226666666666667,0.00107666666666667,0.00115666666666667,0.00124166666666667,0.00133166666666667,0.00142166666666667,0.00042,0,1,0,0,0,0,0,0,1,1,1,1,1,1,1,1,1,1,1,1,1,1,1,1,1,1,1,1,1,1,1,1,1,1,1,1,1,1,1,1,1,1,1,1,1,1,1,1,1,1,1,1,1,1,1,1,1,1,1,1,1,1,1,1,1,1,1,1,1,1,1,1,1,1,1,1,1,1,1,1,0
2026-07-13 16:00:00,142.4830411,0,0,0,0,0,0,0.06699,3.80827166666667,18.6449066666667,27.9111716666667,21.3703716666667,16.4267333333333,14.69604,14.1059166666667,12.4422483333333,5.03455,1.72034666666667,0.87537,0.503206666666667,0.405255,0.41186,0.415905,0.339981666666667,0.288426666666667,0.206136666666667,0.18893,0.187773333333333,0.195905,0.168976666666667,0.189801666666667,0.147666666666667,0.146095,0.136696666666667,0.125973333333333,0.106025,0.116276666666667,0.0983683333333333,0.08105,0.0702633333333333,0.0591833333333333,0.05373,0.0447233333333333,0.0439433333333333,0.0364466666666667,0.0266433333333333,0.029635,0.0213916666666667,0.0150016666666667,0.0138416666666667,0.0147233333333333,0.0171933333333333,0.011755,0.013165,0.01274,0.01125,0.0105233333333333,0.004415,0.00653333333333333,0.00515,0.00399666666666667,0.005405,0.005365,0.00107833333333333,0.00300166666666667,0.005075,0.002565,0.002095,0.001235,0.001075,0.00202666666666667,0.00106666666666667,0.00134333333333333,0.00152,0.001635,0.001755,0.00188,0.002005,0.000595,0,1,0,0,0,0,0,0,1,1,1,1,1,1,1,1,1,1,1,1,1,1,1,1,1,1,1,1,1,1,1,1,1,1,1,1,1,1,1,1,1,1,1,1,1,1,1,1,1,1,1,1,1,1,1,1,1,1,1,1,1,1,1,1,1,1,1,1,1,1,1,1,1,1,1,1,1,1,1,1,0
2026-07-13 17:00:00,128.2214906,0,0,0,0,0,0,0.0521083333333333,3.3078,16.7311433333333,25.281265,19.4906666666667,15.1060066666667,13.2266566666667,12.7302133333333,10.743095,4.58723333333333,1.61357166666667,0.834786666666667,0.512735,0.395645,0.380503333333333,0.421955,0.353645,0.304645,0.234663333333333,0.218271666666667,0.196796666666667,0.218033333333333,0.191591666666667,0.20152,0.151453333333333,0.165313333333333,0.138548333333333,0.138045,0.120286666666667,0.11486,0.09954,0.081485,0.0754883333333333,0.069975,0.052355,0.05197,0.0395033333333333,0.0341633333333333,0.02581,0.0243966666666667,0.0215933333333333,0.021605,0.0206766666666667,0.01341,0.0111983333333333,0.0162683333333333,0.01244,0.00792166666666667,0.0103366666666667,0.00810833333333333,0.00610833333333333,0.00644333333333333,0.00464333333333333,0.00535666666666667,0.00379333333333333,0.00174833333333333,0.00162333333333333,0.002155,0.003615,0.00135833333333333,0.00378166666666667,0.00134666666666667,0.00131666666666667,0.00114833333333333,0.00146666666666667,0.00161666666666667,0.00158166666666667,0.00170333333333333,0.00182833333333333,0.00195833333333333,0.00208833333333333,0.00062,0,1,0,0,0,0,0,0,1,1,1,1,1,1,1,1,1,1,1,1,1,1,1,1,1,1,1,1,1,1,1,1,1,1,1,1,1,1,1,1,1,1,1,1,1,1,1,1,1,1,1,1,1,1,1,1,1,1,1,1,1,1,1,1,1,1,1,1,1,1,1,1,1,1,1,1,1,1,1,1,0
2026-07-13 18:00:00,129.79345755,0,0,0,0,0,0,0.0560766666666667,3.28119166666667,16.7755933333333,25.897005,20.5144116666667,15.6560033333333,13.489705,12.7495433333333,8.75204833333333,3.75905333333333,1.45074833333333,0.798076666666667,0.49269,0.419631666666667,0.433891666666667,0.500358333333333,0.434751666666667,0.354996666666667,0.27986,0.241176666666667,0.255848333333333,0.255355,0.227131666666667,0.252461666666667,0.199526666666667,0.217771666666667,0.181956666666667,0.168538333333333,0.165753333333333,0.15708,0.152866666666667,0.112771666666667,0.101825,0.078165,0.0719983333333333,0.0510783333333333,0.0533016666666667,0.04182,0.0341033333333333,0.028995,0.0268133333333333,0.02697,0.017895,0.023395,0.0117433333333333,0.00881666666666667,0.0123683333333333,0.00957833333333333,0.00736333333333333,0.005515,0.00719666666666667,0.00544166666666667,0.00579833333333333,0.00837166666666667,0.00569,0.00445333333333333,0.00336833333333333,0.00219333333333333,0.00261666666666667,0.00361666666666667,0.00181333333333333,0.00285166666666667,0.00218833333333333,0.00215166666666667,0.00237333333333333,0.000758333333333333,0.00101333333333333,0.00109,0.00117,0.00125333333333333,0.00133666666666667,0.000396666666666667,0,1,0,0,0,0,0,0,1,1,1,1,1,1,1,1,1,1,1,1,1,1,1,1,1,1,1,1,1,1,1,1,1,1,1,1,1,1,1,1,1,1,1,1,1,1,1,1,1,1,1,1,1,1,1,1,1,1,1,1,1,1,1,1,1,1,1,1,1,1,1,1,1,1,1,1,1,1,1,1,0
2026-07-13 19:00:00,137.671253383333,0,0,0,0,0,0,0.0526466666666667,3.58772333333333,17.6652616666667,27.0250066666667,21.7171766666667,16.8061933333333,14.65745,13.70738,9.14413,4.02741,1.55123833333333,0.869475,0.555896666666667,0.470665,0.456561666666667,0.497615,0.414966666666667,0.35308,0.295701666666667,0.258503333333333,0.289261666666667,0.281168333333333,0.233665,0.256175,0.191375,0.256408333333333,0.201625,0.197451666666667,0.175183333333333,0.161491666666667,0.139655,0.139596666666667,0.107153333333333,0.0800316666666667,0.06766,0.0538966666666667,0.0400216666666667,0.0477,0.030345,0.03001,0.0251466666666667,0.02287,0.0191516666666667,0.0161933333333333,0.013805,0.00624,0.00754,0.01225,0.00563333333333333,0.00413833333333333,0.00461666666666667,0.00472666666666667,0.004555,0.00357166666666667,0.00511833333333333,0.00149666666666667,0.00178833333333333,0.00169333333333333,0.00172666666666667,0.00162333333333333,0.00168666666666667,0.00178666666666667,0.000241666666666667,0.000781666666666667,0.0004,0.000903333333333333,0.000696666666666667,0.000751666666666667,0.000806666666666667,0.000861666666666667,0.000916666666666667,0.000275,0,1,0,0,0,0,0,0,1,1,1,1,1,1,1,1,1,1,1,1,1,1,1,1,1,1,1,1,1,1,1,1,1,1,1,1,1,1,1,1,1,1,1,1,1,1,1,1,1,1,1,1,1,1,1,1,1,1,1,1,1,1,1,1,1,1,1,1,1,1,1,1,1,1,1,1,1,1,1,1,0
2026-07-13 20:00:00,212.809910333333,0,0,0,0,0,0,0.0892116666666667,5.82219833333333,28.700515,42.42306,33.6062716666667,25.70043,21.9310616666667,20.1239283333333,14.3340533333333,7.29667166666667,3.04171833333333,1.521105,0.910193333333333,0.710405,0.64442,0.675665,0.572718333333333,0.48982,0.384146666666667,0.317941666666667,0.32149,0.305486666666667,0.2618,0.295145,0.232323333333333,0.23582,0.201976666666667,0.185616666666667,0.167803333333333,0.146696666666667,0.133955,0.111368333333333,0.087845,0.0724766666666667,0.0556033333333333,0.0461966666666667,0.04298,0.0328,0.03949,0.0248266666666667,0.0167583333333333,0.0161233333333333,0.01602,0.009035,0.0101983333333333,0.0113716666666667,0.00662666666666667,0.007495,0.00738833333333333,0.00668833333333333,0.004185,0.002605,0.00307166666666667,0.00467666666666667,0.00232333333333333,0.001835,0.000488333333333333,0.000846666666666667,0.002765,0.00233333333333333,0.00112833333333333,0.00053,0.00190833333333333,0.00102333333333333,0.00016,0.00034,0.000253333333333333,0.000273333333333333,0.000293333333333333,0.000313333333333333,0.000333333333333333,0.0001,0,1,0,0,0,0,0,0,1,1,1,1,1,1,1,1,1,1,1,1,1,1,1,1,1,1,1,1,1,1,1,1,1,1,1,1,1,1,1,1,1,1,1,1,1,1,1,1,1,1,1,1,1,1,1,1,1,1,1,1,1,1,1,1,1,1,1,1,1,1,1,1,1,1,1,1,1,1,1,1,0
2026-07-13 21:00:00,172.030116266667,0,0,0,0,0,0,0.0702283333333333,4.69628333333333,23.9250983333333,36.2650066666667,27.94043,21.1588933333333,17.857485,16.22445,10.3707916666667,4.43194833333333,1.76714166666667,0.910288333333333,0.584825,0.50063,0.488886666666667,0.559181666666667,0.494856666666667,0.400491666666667,0.347573333333333,0.319033333333333,0.316061666666667,0.316188333333333,0.267586666666667,0.26462,0.254171666666667,0.249805,0.19291,0.171563333333333,0.170861666666667,0.149735,0.124415,0.11631,0.0901866666666667,0.0740433333333333,0.0550466666666667,0.0462583333333333,0.0439433333333333,0.0298133333333333,0.0272266666666667,0.0249316666666667,0.0209633333333333,0.0212383333333333,0.01719,0.01249,0.0107183333333333,0.0120066666666667,0.007445,0.00668166666666667,0.005265,0.00903166666666667,0.005935,0.00366833333333333,0.00303,0.00264,0.00213333333333333,0.003725,0.00261333333333333,0.00173166666666667,0.000421666666666667,0.00281333333333333,0.00168666666666667,0.000948333333333333,0.001685,0.00083,0.000413333333333333,0.00108333333333333,0.00076,0.000818333333333333,0.000878333333333333,0.00094,0.00100166666666667,0.000298333333333333,0,1,0,0,0,0,0,0,1,1,1,1,1,1,1,1,1,1,1,1,1,1,1,1,1,1,1,1,1,1,1,1,1,1,1,1,1,1,1,1,1,1,1,1,1,1,1,1,1,1,1,1,1,1,1,1,1,1,1,1,1,1,1,1,1,1,1,1,1,1,1,1,1,1,1,1,1,1,1,1,0
2026-07-13 22:00:00,186.718033316667,0,0,0,0,0,0,0.0812583333333333,5.399275,25.7498066666667,37.18841,28.82342,22.17065,19.178505,18.024465,14.0523283333333,4.87439666666667,2.09014666666667,1.14529166666667,0.687288333333333,0.585755,0.560933333333333,0.593928333333333,0.589115,0.406035,0.35835,0.259978333333333,0.259155,0.25916,0.253118333333333,0.24417,0.215665,0.208063333333333,0.184005,0.147681666666667,0.134098333333333,0.119031666666667,0.101558333333333,0.0891116666666667,0.0772983333333333,0.05904,0.05229,0.0348366666666667,0.03652,0.0271333333333333,0.02747,0.016605,0.0159666666666667,0.0167466666666667,0.0144816666666667,0.011645,0.0130283333333333,0.00663166666666667,0.00871666666666667,0.00387333333333333,0.00496333333333333,0.00508,0.00622166666666667,0.002495,0.0018,0.00135833333333333,0.00204,0.00212,0.00137666666666667,0.001655,0.00123166666666667,0.000918333333333333,0.00084,0.000398333333333333,0.000658333333333333,0.000955,0.00130666666666667,0.000433333333333333,0.0000633333333333333,0.0000683333333333333,0.0000733333333333333,0.0000783333333333333,0.0000833333333333333,0.000025,0,1,0,0,0,0,0,0,1,1,1,1,1,1,1,1,1,1,1,1,1,1,1,1,1,1,1,1,1,1,1,1,1,1,1,1,1,1,1,1,1,1,1,1,1,1,1,1,1,1,1,1,1,1,1,1,1,1,1,1,1,1,1,1,1,1,1,1,1,1,1,1,1,1,1,1,1,1,1,1,0
2026-07-13 23:00:00,193.3395767,0,0,0,0,0,0,0.116261666666667,6.71872833333333,30.6712533333333,40.7256766666667,29.42406,22.1796133333333,18.8184566666667,17.45261,12.3104783333333,4.17005833333333,1.912495,1.12002666666667,0.657995,0.570183333333333,0.573858333333333,0.610063333333333,0.583765,0.445356666666667,0.356405,0.314251666666667,0.30958,0.320845,0.274581666666667,0.291546666666667,0.237036666666667,0.238015,0.207535,0.185131666666667,0.16337,0.155076666666667,0.13554,0.09943,0.0848533333333333,0.061085,0.04565,0.0453983333333333,0.0439,0.0289183333333333,0.0252783333333333,0.02608,0.0198666666666667,0.01361,0.0141666666666667,0.00782,0.007985,0.00462666666666667,0.00592666666666667,0.00494,0.00455333333333333,0.004275,0.00427333333333333,0.00111666666666667,0.00138166666666667,0.00160833333333333,0.00213333333333333,0.00129333333333333,0.000831666666666667,0.000808333333333333,0.002075,0.001485,0.00153666666666667,0,0,0.000415,0.000986666666666667,0.000361666666666667,0.000316666666666667,0.000341666666666667,0.000366666666666667,0.000391666666666667,0.000416666666666667,0.000125,0,1,0,0,0,0,0,0,1,1,1,1,1,1,1,1,1,1,1,1,1,1,1,1,1,1,1,1,1,1,1,1,1,1,1,1,1,1,1,1,1,1,1,1,1,1,1,1,1,1,1,1,1,1,1,1,1,1,1,1,1,1,1,1,1,1,1,1,1,1,1,1,1,1,1,1,1,1,1,1,0
2026-07-14,165.9803606,0,0,0,0,0,0,0.0959766666666667,5.59829333333333,26.5814966666667,35.7415616666667,25.9083683333333,19.4916033333333,16.4399666666667,14.9736583333333,9.123375,2.96666166666667,1.23088166666667,0.73279,0.484301666666667,0.426966666666667,0.45463,0.505406666666667,0.515005,0.443995,0.40962,0.317883333333333,0.308118333333333,0.31667,0.272841666666667,0.321411666666667,0.283118333333333,0.285103333333333,0.24217,0.205043333333333,0.192045,0.156986666666667,0.133733333333333,0.11241,0.0861383333333333,0.0726283333333333,0.05515,0.0520016666666667,0.0400216666666667,0.03065,0.0243383333333333,0.0219066666666667,0.023905,0.0150783333333333,0.0134266666666667,0.00726,0.00687666666666667,0.00544666666666667,0.00381833333333333,0.00376,0.003125,0.00282166666666667,0.00369833333333333,0.00223,0.00231666666666667,0.001535,0,0.000425,0,0.000423333333333333,0,0.00112666666666667,0.000846666666666667,0.000131666666666667,0,0,0,0.0000216666666666667,0.0000633333333333333,0.0000683333333333333,0.0000733333333333333,0.0000783333333333333,0.0000833333333333333,0.000025,0,1,0,0,0,0,0,0,1,1,1,1,1,1,1,1,1,1,1,1,1,1,1,1,1,1,1,1,1,1,1,1,1,1,1,1,1,1,1,1,1,1,1,1,1,1,1,1,1,1,1,1,1,1,1,1,1,1,1,1,1,1,1,1,1,1,1,1,1,1,1,1,1,1,1,1,1,1,1,1,0
2026-07-14 01:00:00,160.075703916667,0,0,0,0,0,0,0.076395,5.16113166666667,24.2014916666667,33.121255,24.706525,18.8246616666667,16.15153,14.284535,10.5908166666667,3.95637666666667,1.27250333333333,0.764975,0.522971666666667,0.46761,0.466325,0.508051666666667,0.55273,0.485541666666667,0.428651666666667,0.372603333333333,0.35571,0.352845,0.324461666666667,0.348621666666667,0.310593333333333,0.278188333333333,0.274625,0.24109,0.223093333333333,0.184985,0.167833333333333,0.126036666666667,0.117505,0.0718883333333333,0.05977,0.0597633333333333,0.0427983333333333,0.03137,0.025865,0.0205533333333333,0.0202466666666667,0.0143716666666667,0.0117133333333333,0.010175,0.00751166666666667,0.00503666666666667,0.00669666666666667,0.00553833333333333,0.007365,0.00343333333333333,0.00418666666666667,0.000801666666666667,0.0028,0.00110666666666667,0.00147,0.00108833333333333,0.00085,0,0.000423333333333333,0.000843333333333333,0.00112833333333333,0.000968333333333333,0,0,0,0.0000216666666666667,0.0000633333333333333,0.0000683333333333333,0.0000733333333333333,0.0000783333333333333,0.0000833333333333333,0.000025,0,1,0,0,0,0,0,0,1,1,1,1,1,1,1,1,1,1,1,1,1,1,1,1,1,1,1,1,1,1,1,1,1,1,1,1,1,1,1,1,1,1,1,1,1,1,1,1,1,1,1,1,1,1,1,1,1,1,1,1,1,1,1,1,1,1,1,1,1,1,1,1,1,1,1,1,1,1,1,1,0
2026-07-14 02:00:00,193.04399765,0,0,0,0,0,0,0.0794233333333333,5.407245,27.1216916666667,39.836285,30.2634633333333,22.5873316666667,19.146935,17.3267133333333,15.1789366666667,6.080725,1.54520666666667,0.845958333333333,0.576533333333333,0.464473333333333,0.49555,0.550578333333333,0.610681666666667,0.503206666666667,0.433266666666667,0.38302,0.347063333333333,0.368478333333333,0.321613333333333,0.34478,0.316695,0.283498333333333,0.277333333333333,0.253686666666667,0.21658,0.193196666666667,0.17338,0.123915,0.0985066666666667,0.08132,0.0526466666666667,0.046015,0.0330516666666667,0.0371883333333333,0.0257683333333333,0.0260866666666667,0.0217583333333333,0.0154766666666667,0.0134766666666667,0.0144133333333333,0.00804833333333333,0.00674666666666667,0.00494833333333333,0.00449,0.00309166666666667,0.00233833333333333,0.001635,0.00086,0.000856666666666667,0,0.00128,0.000323333333333333,0.000101666666666667,0.000385,0.000883333333333333,0.000283333333333333,0.000138333333333333,0,0.000416666666666667,0,0,0.0000216666666666667,0.0000633333333333333,0.0000683333333333333,0.0000733333333333333,0.0000783333333333333,0.0000833333333333333,0.000025,0,1,0,0,0,0,0,0,1,1,1,1,1,1,1,1,1,1,1,1,1,1,1,1,1,1,1,1,1,1,1,1,1,1,1,1,1,1,1,1,1,1,1,1,1,1,1,1,1,1,1,1,1,1,1,1,1,1,1,1,1,1,1,1,1,1,1,1,1,1,1,1,1,1,1,1,1,1,1,1,0
2026-07-14 03:00:00,191.578333516667,0,0,0,0,0,0,0.085985,5.24250333333333,26.8493016666667,39.5816216666667,30.3101333333333,22.6445533333333,19.2588533333333,16.8325466666667,15.5403116666667,6.189285,1.43040166666667,0.74951,0.497491666666667,0.440423333333333,0.445286666666667,0.471315,0.517038333333333,0.43458,0.37306,0.358075,0.314183333333333,0.336595,0.313481666666667,0.308856666666667,0.262778333333333,0.267163333333333,0.236608333333333,0.214381666666667,0.171946666666667,0.160738333333333,0.14192,0.114456666666667,0.0853383333333333,0.0680966666666667,0.0469683333333333,0.0403716666666667,0.03379,0.0295966666666667,0.0250166666666667,0.0244466666666667,0.019875,0.0117383333333333,0.0114766666666667,0.006815,0.006645,0.00414666666666667,0.005005,0.003545,0.002985,0.00281666666666667,0.002465,0.00260666666666667,0.00134,0.000426666666666667,0.000426666666666667,0.000323333333333333,0.000101666666666667,0,0.000421666666666667,0.000843333333333333,0.00084,0,0.000416666666666667,0.000415,0,0.0000216666666666667,0.0000633333333333333,0.0000683333333333333,0.0000733333333333333,0.0000783333333333333,0.0000833333333333333,0.000025,0,1,0,0,0,0,0,0,1,1,1,1,1,1,1,1,1,1,1,1,1,1,1,1,1,1,1,1,1,1,1,1,1,1,1,1,1,1,1,1,1,1,1,1,1,1,1,1,1,1,1,1,1,1,1,1,1,1,1,1,1,1,1,1,1,1,1,1,1,1,1,1,1,1,1,1,1,1,1,1,0
2026-07-14 04:00:00,192.61441705,0,0,0,0,0,0,0.0750166666666667,4.82223833333333,25.2139666666667,39.4948866666667,31.3295016666667,24.01051,20.06272,17.3325033333333,15.35279,6.29099666666667,1.47139333333333,0.773826666666667,0.487535,0.441611666666667,0.414745,0.459966666666667,0.474483333333333,0.403771666666667,0.344393333333333,0.304606666666667,0.286403333333333,0.294998333333333,0.268733333333333,0.287526666666667,0.240765,0.248296666666667,0.209981666666667,0.192606666666667,0.165153333333333,0.153086666666667,0.116086666666667,0.0996816666666667,0.077615,0.0633383333333333,0.05266,0.0458283333333333,0.0326466666666667,0.022285,0.02114,0.0162583333333333,0.0128083333333333,0.0117016666666667,0.00881333333333333,0.010445,0.00677166666666667,0.00581,0.00538166666666667,0.00405833333333333,0.00519666666666667,0.00193,0.00140666666666667,0.00149166666666667,0.00108666666666667,0.000678333333333333,0.000853333333333333,0.000323333333333333,0.000526666666666667,0.000846666666666667,0,0.000421666666666667,0,0,0,0.000173333333333333,0.00024,0.0000433333333333333,0.000126666666666667,0.000136666666666667,0.000146666666666667,0.000156666666666667,0.000166666666666667,0.00005,0,1,0,0,0,0,0,0,1,1,1,1,1,1,1,1,1,1,1,1,1,1,1,1,1,1,1,1,1,1,1,1,1,1,1,1,1,1,1,1,1,1,1,1,1,1,1,1,1,1,1,1,1,1,1,1,1,1,1,1,1,1,1,1,1,1,1,1,1,1,1,1,1,1,1,1,1,1,1,1,0
2026-07-14 05:00:00,185.366424866667,0,0,0,0,0,0,0.0579083333333333,4.090145,22.232465,35.3646583333333,30.4187983333333,24.5653283333333,21.3817316666667,18.5655533333333,15.4226333333333,6.16293,1.51825166666667,0.799966666666667,0.496286666666667,0.407193333333333,0.41415,0.460795,0.452483333333333,0.413321666666667,0.353208333333333,0.306241666666667,0.283628333333333,0.294166666666667,0.2658,0.257298333333333,0.238648333333333,0.22967,0.208985,0.191115,0.155356666666667,0.139161666666667,0.120238333333333,0.0952466666666667,0.081535,0.063145,0.05239,0.0381866666666667,0.0337366666666667,0.02779,0.0301683333333333,0.0195,0.0157566666666667,0.0109633333333333,0.0117733333333333,0.005275,0.00879,0.00465,0.00415333333333333,0.00262333333333333,0.00104,0.00174833333333333,0.00186333333333333,0.00186166666666667,0.00157,0.00068,0.000426666666666667,0,0,0.00123166666666667,0.00046,0,0.00042,0,0,0,0,0.000476666666666667,0.00019,0.000205,0.00022,0.000235,0.00025,0.000075,0,1,0,0,0,0,0,0,1,1,1,1,1,1,1,1,1,1,1,1,1,1,1,1,1,1,1,1,1,1,1,1,1,1,1,1,1,1,1,1,1,1,1,1,1,1,1,1,1,1,1,1,1,1,1,1,1,1,1,1,1,1,1,1,1,1,1,1,1,1,1,1,1,1,1,1,1,1,1,1,0
2026-07-14 06:00:00,190.95236565,0,0,0,0,0,0,0.04991,3.727425,19.9612083333333,33.09282,30.1119633333333,26.2814766666667,24.4001883333333,22.2377683333333,16.0490666666667,5.58015666666667,1.56736833333333,0.835866666666667,0.543395,0.471761666666667,0.43397,0.469268333333333,0.46055,0.386991666666667,0.325568333333333,0.288943333333333,0.287766666666667,0.263423333333333,0.237218333333333,0.235463333333333,0.218081666666667,0.218041666666667,0.184155,0.163028333333333,0.14023,0.133465,0.117445,0.090335,0.0703166666666667,0.05337,0.05395,0.0397566666666667,0.0353616666666667,0.0258583333333333,0.0337116666666667,0.0236633333333333,0.014945,0.01417,0.0105433333333333,0.0100116666666667,0.00640333333333333,0.00963833333333333,0.00617166666666667,0.004815,0.00580333333333333,0.00147333333333333,0.00126166666666667,0.001605,0.000966666666666667,0.002135,0.000853333333333333,0.000425,0.000811666666666667,0.000423333333333333,0.000461666666666667,0.000283333333333333,0.000558333333333333,0.000398333333333333,0.000241666666666667,0.000608333333333333,0,0.000498333333333333,0.000253333333333333,0.000273333333333333,0.000293333333333333,0.000313333333333333,0.000333333333333333,0.0001,0,1,0,0,0,0,0,0,1,1,1,1,1,1,1,1,1,1,1,1,1,1,1,1,1,1,1,1,1,1,1,1,1,1,1,1,1,1,1,1,1,1,1,1,1,1,1,1,1,1,1,1,1,1,1,1,1,1,1,1,1,1,1,1,1,1,1,1,1,1,1,1,1,1,1,1,1,1,1,1,0
2026-07-14 07:00:00,203.854044283333,0,0,0,0,0,0,0.0473883333333333,3.41492166666667,18.70944,32.2210483333333,30.7251916666667,28.7457366666667,29.1160216666667,30.297735,16.9963566666667,4.38352,1.70320833333333,0.909011666666667,0.562723333333333,0.469761666666667,0.448966666666667,0.48197,0.455481666666667,0.373651666666667,0.307843333333333,0.270576666666667,0.25413,0.256271666666667,0.231816666666667,0.24266,0.225685,0.207173333333333,0.181181666666667,0.165461666666667,0.137318333333333,0.131996666666667,0.118855,0.0955116666666667,0.07177,0.05252,0.0490983333333333,0.0368516666666667,0.0426033333333333,0.0242133333333333,0.0252966666666667,0.0256633333333333,0.017625,0.01714,0.0109716666666667,0.0151266666666667,0.00730666666666667,0.00253,0.00634666666666667,0.004955,0.002025,0.00320166666666667,0.00304166666666667,0.00106166666666667,0.00176833333333333,0.000853333333333333,0.00128,0.00159833333333333,0.000526666666666667,0.000385,0.000461666666666667,0.00141,0.000276666666666667,0.000398333333333333,0.000851666666666667,0,0.000826666666666667,0.000975,0.000443333333333333,0.000476666666666667,0.000511666666666667,0.000548333333333333,0.000585,0.000173333333333333,0,1,0,0,0,0,0,0,1,1,1,1,1,1,1,1,1,1,1,1,1,1,1,1,1,1,1,1,1,1,1,1,1,1,1,1,1,1,1,1,1,1,1,1,1,1,1,1,1,1,1,1,1,1,1,1,1,1,1,1,1,1,1,1,1,1,1,1,1,1,1,1,1,1,1,1,1,1,1,1,0
2026-07-14 08:00:00,202.1580895,0,0,0,0,0,0,0.043535,3.07980833333333,16.465005,28.881485,28.9269433333333,28.1648933333333,29.8384716666667,34.421955,18.9645233333333,4.88695833333333,1.91095833333333,0.933725,0.590428333333333,0.45152,0.457071666666667,0.482921666666667,0.45286,0.34255,0.288286666666667,0.238706666666667,0.247218333333333,0.242485,0.206791666666667,0.23852,0.179775,0.191653333333333,0.180076666666667,0.165928333333333,0.135393333333333,0.123963333333333,0.121073333333333,0.0994266666666667,0.0749616666666667,0.0601883333333333,0.056485,0.04234,0.034305,0.02203,0.0271383333333333,0.018885,0.01611,0.0169966666666667,0.0110233333333333,0.00917166666666667,0.01026,0.00797333333333333,0.00593833333333333,0.00794833333333333,0.00763166666666667,0.00243166666666667,0.005105,0.00280666666666667,0.00381,0.00271666666666667,0.00251333333333333,0.00249666666666667,0.00211166666666667,0.00177,0.002075,0.000918333333333333,0.00225666666666667,0.000263333333333333,0.00105666666666667,0.000781666666666667,0.00106666666666667,0.000563333333333333,0.000443333333333333,0.000478333333333333,0.000513333333333333,0.000548333333333333,0.000583333333333333,0.000175,0,1,0,0,0,0,0,0,1,1,1,1,1,1,1,1,1,1,1,1,1,1,1,1,1,1,1,1,1,1,1,1,1,1,1,1,1,1,1,1,1,1,1,1,1,1,1,1,1,1,1,1,1,1,1,1,1,1,1,1,1,1,1,1,1,1,1,1,1,1,1,1,1,1,1,1,1,1,1,1,0
2026-07-14 09:00:00,212.973000833333,0,0,0,0,0,0,0.0503516666666667,2.93442666666667,16.2410433333333,28.8914466666667,28.9749,29.1344133333333,31.92085,39.5421766666667,19.8375383333333,5.38948833333333,2.16090333333333,1.02526333333333,0.628943333333333,0.495236666666667,0.500475,0.516401666666667,0.450261666666667,0.329315,0.279138333333333,0.224426666666667,0.222996666666667,0.221803333333333,0.189781666666667,0.248271666666667,0.18014,0.206603333333333,0.161693333333333,0.156158333333333,0.158908333333333,0.141943333333333,0.113923333333333,0.09669,0.0845583333333333,0.0671516666666667,0.0548083333333333,0.0408366666666667,0.0329783333333333,0.030865,0.0249283333333333,0.0278266666666667,0.0226283333333333,0.0227416666666667,0.0144133333333333,0.0145466666666667,0.0123183333333333,0.00583333333333333,0.00951166666666667,0.00754666666666667,0.00774666666666667,0.001765,0.00453,0.00383833333333333,0.004745,0.00520666666666667,0.00611666666666667,0.00220666666666667,0.00225166666666667,0.00423333333333333,0.00134333333333333,0.00127166666666667,0.00267166666666667,0.000681666666666667,0.00208333333333333,0.000173333333333333,0.00148,0.000585,0.000506666666666667,0.000543333333333333,0.000583333333333333,0.000626666666666667,0.00067,0.000196666666666667,0,1,0,0,0,0,0,0,1,1,1,1,1,1,1,1,1,1,1,1,1,1,1,1,1,1,1,1,1,1,1,1,1,1,1,1,1,1,1,1,1,1,1,1,1,1,1,1,1,1,1,1,1,1,1,1,1,1,1,1,1,1,1,1,1,1,1,1,1,1,1,1,1,1,1,1,1,1,1,1,0
2026-07-14 10:00:00,238.2626661,0,0,0,0,0,0,0.060765,4.082865,21.4116533333333,34.6727983333333,31.48651,29.9850416666667,32.39142,39.5116283333333,24.668675,7.10347833333333,3.142255,1.52169666666667,0.912866666666667,0.750406666666667,0.673908333333333,0.715463333333333,0.60653,0.373643333333333,0.270481666666667,0.214211666666667,0.21021,0.22238,0.18949,0.229331666666667,0.166626666666667,0.186181666666667,0.146018333333333,0.135746666666667,0.134906666666667,0.120775,0.114841666666667,0.114815,0.0914983333333333,0.0649916666666667,0.0674416666666667,0.0604916666666667,0.04936,0.0475483333333333,0.0361833333333333,0.0322916666666667,0.0306916666666667,0.0311283333333333,0.025805,0.02117,0.0285016666666667,0.0222116666666667,0.0163383333333333,0.015495,0.0190983333333333,0.0108683333333333,0.00957166666666667,0.00687666666666667,0.00653333333333333,0.00775166666666667,0.008485,0.00442,0.006025,0.005195,0.00461,0.003675,0.00436333333333333,0.003775,0.00198166666666667,0.001785,0.00204,0.0025,0.00101333333333333,0.00108833333333333,0.00116833333333333,0.00125333333333333,0.00133833333333333,0.000395,0,1,0,0,0,0,0,0,1,1,1,1,1,1,1,1,1,1,1,1,1,1,1,1,1,1,1,1,1,1,1,1,1,1,1,1,1,1,1,1,1,1,1,1,1,1,1,1,1,1,1,1,1,1,1,1,1,1,1,1,1,1,1,1,1,1,1,1,1,1,1,1,1,1,1,1,1,1,1,1,0
2026-07-14 11:00:00,261.986669433333,0,0,0,0,0,0,0.069945,4.80833666666667,24.7963616666667,38.7069066666667,34.2386733333333,32.0824166666667,34.7241883333333,43.00579,28.3681333333333,8.44879333333333,3.70313,1.72454833333333,0.991345,0.807581666666667,0.705278333333333,0.733705,0.605925,0.404505,0.286846666666667,0.21853,0.207091666666667,0.20996,0.180268333333333,0.223148333333333,0.14037,0.187321666666667,0.142435,0.130906666666667,0.138571666666667,0.110075,0.0973683333333333,0.08541,0.0752833333333333,0.0528383333333333,0.04565,0.04077,0.0358866666666667,0.02978,0.0304433333333333,0.03079,0.0231116666666667,0.023805,0.0182666666666667,0.018265,0.0101,0.0121233333333333,0.0108083333333333,0.0115083333333333,0.01155,0.00830666666666667,0.00599333333333333,0.00501833333333333,0.004085,0.004855,0.00531,0.002805,0.00241666666666667,0.00176833333333333,0.00346166666666667,0.002635,0.00349833333333333,0.00306166666666667,0.00208333333333333,0.00100333333333333,0.0004,0.00086,0.00057,0.000613333333333333,0.000658333333333333,0.000705,0.000751666666666667,0.000223333333333333,0,1,0,0,0,0,0,0,1,1,1,1,1,1,1,1,1,1,1,1,1,1,1,1,1,1,1,1,1,1,1,1,1,1,1,1,1,1,1,1,1,1,1,1,1,1,1,1,1,1,1,1,1,1,1,1,1,1,1,1,1,1,1,1,1,1,1,1,1,1,1,1,1,1,1,1,1,1,1,1,0
2026-07-14 12:00:00,266.767481216667,0,0,0,0,0,0,0.0782133333333333,5.08602666666667,26.5089066666667,41.8653866666667,36.3227283333333,32.7565966666667,34.2584483333333,40.882215,28.4278033333333,8.67787,3.367765,1.55820166666667,0.883076666666667,0.66332,0.594465,0.625078333333333,0.528216666666667,0.35015,0.269751666666667,0.232553333333333,0.2294,0.229653333333333,0.191196666666667,0.228175,0.171886666666667,0.18273,0.16918,0.159873333333333,0.145076666666667,0.131286666666667,0.119245,0.09794,0.0852583333333333,0.0663766666666667,0.06072,0.056805,0.0561783333333333,0.0371633333333333,0.0430516666666667,0.033295,0.0241166666666667,0.0312366666666667,0.0258166666666667,0.0249683333333333,0.018145,0.0180433333333333,0.0190966666666667,0.01354,0.00856,0.0124816666666667,0.01004,0.00974333333333333,0.0131716666666667,0.00963666666666667,0.00910166666666667,0.00348166666666667,0.00801,0.00511833333333333,0.00338333333333333,0.00500666666666667,0.000696666666666667,0.00201166666666667,0.00113,0.0022,0.00286666666666667,0.00215333333333333,0.00120333333333333,0.00129166666666667,0.00138666666666667,0.00148833333333333,0.00159,0.000468333333333333,0,1,0,0,0,0,0,0,1,1,1,1,1,1,1,1,1,1,1,1,1,1,1,1,1,1,1,1,1,1,1,1,1,1,1,1,1,1,1,1,1,1,1,1,1,1,1,1,1,1,1,1,1,1,1,1,1,1,1,1,1,1,1,1,1,1,1,1,1,1,1,1,1,1,1,1,1,1,1,1,0
2026-07-14 13:00:00,271.737289883333,0,0,0,0,0,0,0.091645,5.61632333333333,29.519715,46.25115,39.186555,33.794145,34.0131616666667,36.58479,26.6494216666667,8.43028,3.14296166666667,1.51981666666667,0.837021666666667,0.648118333333333,0.552058333333333,0.576001666666667,0.537076666666667,0.389456666666667,0.27914,0.219578333333333,0.232871666666667,0.226726666666667,0.203491666666667,0.21209,0.185486666666667,0.18755,0.160625,0.157241666666667,0.144503333333333,0.114981666666667,0.109246666666667,0.093465,0.085245,0.0702633333333333,0.047735,0.044865,0.037885,0.0359366666666667,0.0288033333333333,0.03228,0.03347,0.0269983333333333,0.0160966666666667,0.0149216666666667,0.0168183333333333,0.01301,0.011455,0.01438,0.013495,0.008825,0.00662,0.00982166666666667,0.00382166666666667,0.00453,0.002465,0.00286833333333333,0.00518833333333333,0.00381,0.00388666666666667,0.00130166666666667,0.00338,0.00328333333333333,0.000483333333333333,0.00329166666666667,0.0014,0.00101166666666667,0.00101333333333333,0.00109166666666667,0.00117166666666667,0.00125333333333333,0.001335,0.000398333333333333,0,1,0,0,0,0,0,0,1,1,1,1,1,1,1,1,1,1,1,1,1,1,1,1,1,1,1,1,1,1,1,1,1,1,1,1,1,1,1,1,1,1,1,1,1,1,1,1,1,1,1,1,1,1,1,1,1,1,1,1,1,1,1,1,1,1,1,1,1,1,1,1,1,1,1,1,1,1,1,1,0
2026-07-14 14:00:00,249.046725966667,0,0,0,0,0,0,0.0886816666666667,5.628425,29.5183633333333,45.1670366666667,37.2622283333333,31.05575,29.4165533333333,29.9724566666667,23.6110583333333,7.68678333333333,2.87867333333333,1.40257833333333,0.807753333333333,0.616995,0.545955,0.554376666666667,0.516158333333333,0.329518333333333,0.277961666666667,0.22365,0.211821666666667,0.225983333333333,0.177245,0.211973333333333,0.148675,0.16848,0.150605,0.127728333333333,0.129128333333333,0.11562,0.0996533333333333,0.0810933333333333,0.06812,0.0604,0.0471916666666667,0.0376716666666667,0.0419166666666667,0.03215,0.0313616666666667,0.02123,0.02183,0.0172166666666667,0.020175,0.0139083333333333,0.0149433333333333,0.00793166666666667,0.0133283333333333,0.00632,0.0107133333333333,0.00869833333333333,0.00625166666666667,0.006035,0.00614833333333333,0.00503166666666667,0.00298666666666667,0.00319666666666667,0.00225166666666667,0.00423333333333333,0.003805,0.00232833333333333,0.00363666666666667,0.00203333333333333,0.000918333333333333,0.00163166666666667,0.00181333333333333,0.00252833333333333,0.000633333333333333,0.000681666666666667,0.000731666666666667,0.000783333333333333,0.000835,0.000248333333333333,0,1,0,0,0,0,0,0,1,1,1,1,1,1,1,1,1,1,1,1,1,1,1,1,1,1,1,1,1,1,1,1,1,1,1,1,1,1,1,1,1,1,1,1,1,1,1,1,1,1,1,1,1,1,1,1,1,1,1,1,1,1,1,1,1,1,1,1,1,1,1,1,1,1,1,1,1,1,1,1,0
2026-07-14 15:00:00,245.363219915254,0,0,0,0,0,0,0.100164406779661,6.12713559322034,30.6691915254237,45.0348559322034,35.8626440677966,29.6684372881356,27.6664745762712,28.0616203389831,23.4317593220339,7.72292881355932,2.76997118644068,1.35821694915254,0.740191525423729,0.595016949152542,0.539179661016949,0.531022033898305,0.49631186440678,0.339986440677966,0.257393220338983,0.216347457627119,0.211393220338983,0.214930508474576,0.190035593220339,0.196469491525424,0.154767796610169,0.184947457627119,0.148149152542373,0.135033898305085,0.122462711864407,0.121662711864407,0.104489830508475,0.0878169491525424,0.0650796610169491,0.0564322033898305,0.0461050847457627,0.0383881355932203,0.041028813559322,0.0252593220338983,0.0233016949152542,0.0204593220338983,0.0248559322033898,0.0193,0.0145237288135593,0.0121983050847458,0.0123830508474576,0.0120271186440678,0.00857118644067797,0.00992372881355932,0.00864915254237288,0.0107983050847458,0.00419830508474576,0.00684406779661017,0.00580677966101695,0.00399322033898305,0.0060271186440678,0.00243728813559322,0.00228983050847458,0.00344406779661017,0.00257966101694915,0.00236779661016949,0.00028135593220339,0.000830508474576271,0.000896610169491525,0.0014135593220339,0.000244067796610169,0.0015864406779661,0.000966101694915254,0.00103728813559322,0.0011135593220339,0.00119491525423729,0.00127627118644068,0.000376271186440678,0,1,0,0,0,0,0,0,1,1,1,1,1,1,1,1,1,1,1,1,1,1,1,1,1,1,1,1,1,1,1,1,1,1,1,1,1,1,1,1,1,1,1,1,1,1,1,1,1,1,1,1,1,1,1,1,1,1,1,1,1,1,1,1,1,1,1,1,1,1,1,1,1,1,1,1,1,1,1,1,0
2026-07-14 16:00:00,258.13239165,0,0,0,0,0,0,0.12197,6.83579666666667,33.0473016666667,46.8727616666667,37.5491766666667,30.72255,29.0568383333333,29.7419,24.52665,7.86916666666667,2.78516,1.31949333333333,0.751058333333333,0.568121666666667,0.522108333333333,0.544688333333333,0.517801666666667,0.354058333333333,0.28472,0.223146666666667,0.237603333333333,0.23076,0.193358333333333,0.219925,0.167381666666667,0.176,0.142055,0.137508333333333,0.118998333333333,0.13729,0.110013333333333,0.0966483333333333,0.0795333333333333,0.0640583333333333,0.0536083333333333,0.04037,0.0349966666666667,0.0363833333333333,0.026515,0.0209383333333333,0.0194333333333333,0.0167216666666667,0.0174716666666667,0.01745,0.0160583333333333,0.0105033333333333,0.0111016666666667,0.00854833333333333,0.00936333333333333,0.008295,0.00473,0.003725,0.00478666666666667,0.00553,0.00440833333333333,0.00390833333333333,0.004415,0.00250166666666667,0.00441833333333333,0.00142666666666667,0.001975,0.002295,0.00361166666666667,0.000781666666666667,0.00138666666666667,0.00122166666666667,0.000886666666666667,0.000953333333333333,0.00102333333333333,0.00109666666666667,0.00117,0.000346666666666667,0,1,0,0,0,0,0,0,1,1,1,1,1,1,1,1,1,1,1,1,1,1,1,1,1,1,1,1,1,1,1,1,1,1,1,1,1,1,1,1,1,1,1,1,1,1,1,1,1,1,1,1,1,1,1,1,1,1,1,1,1,1,1,1,1,1,1,1,1,1,1,1,1,1,1,1,1,1,1,1,0
2026-07-14 17:00:00,254.804511966667,0,0,0,0,0,0,0.114375,6.69672666666667,32.4456633333333,46.0792616666667,36.7976,30.229075,28.7153216666667,29.6955016666667,24.7499033333333,8.17848666666667,3.104925,1.53368,0.821073333333333,0.615711666666667,0.552718333333333,0.574885,0.520233333333333,0.373641666666667,0.276716666666667,0.207228333333333,0.211115,0.221938333333333,0.173003333333333,0.208555,0.158573333333333,0.189068333333333,0.145153333333333,0.142108333333333,0.132376666666667,0.119843333333333,0.0911283333333333,0.0885683333333333,0.070045,0.0525716666666667,0.0409283333333333,0.0381633333333333,0.0330066666666667,0.029095,0.0209083333333333,0.02102,0.0222683333333333,0.0182866666666667,0.0139316666666667,0.01078,0.00967166666666667,0.0116666666666667,0.00929,0.00983833333333333,0.00740333333333333,0.00730333333333333,0.00458666666666667,0.00673166666666667,0.00649,0.00357166666666667,0.00275,0.00430333333333333,0.00223333333333333,0.00288666666666667,0.001345,0.002045,0.00255166666666667,0.000526666666666667,0.000416666666666667,0.00100333333333333,0.00122666666666667,0.000925,0.00076,0.000818333333333333,0.000878333333333333,0.00094,0.00100166666666667,0.000298333333333333,0,1,0,0,0,0,0,0,1,1,1,1,1,1,1,1,1,1,1,1,1,1,1,1,1,1,1,1,1,1,1,1,1,1,1,1,1,1,1,1,1,1,1,1,1,1,1,1,1,1,1,1,1,1,1,1,1,1,1,1,1,1,1,1,1,1,1,1,1,1,1,1,1,1,1,1,1,1,1,1,0
2026-07-14 18:00:00,267.673653933333,0,0,0,0,0,0,0.120963333333333,6.82256333333333,32.0671666666667,46.3818933333333,37.5090333333333,31.3850266666667,30.4501116666667,32.71757,27.1185416666667,8.91823166666667,3.74973333333333,1.82602666666667,1.05983166666667,0.814128333333333,0.709953333333333,0.735616666666667,0.584415,0.397463333333333,0.284611666666667,0.213998333333333,0.218748333333333,0.219076666666667,0.171768333333333,0.216006666666667,0.159281666666667,0.17458,0.13607,0.139185,0.136031666666667,0.11267,0.094845,0.088565,0.0696916666666667,0.0596383333333333,0.0359183333333333,0.0372216666666667,0.03074,0.0285766666666667,0.02099,0.0272983333333333,0.0196533333333333,0.014985,0.021105,0.014215,0.01222,0.0125083333333333,0.00907,0.00967833333333333,0.00819833333333333,0.00525166666666667,0.00378333333333333,0.00581666666666667,0.005085,0.00545666666666667,0.00312833333333333,0.00485833333333333,0.00246,0.00230666666666667,0.000845,0.00154833333333333,0.000846666666666667,0.001765,0.0000366666666666667,0.00100333333333333,0.00272,0.000563333333333333,0.000443333333333333,0.000478333333333333,0.000513333333333333,0.000548333333333333,0.000583333333333333,0.000175,0,1,0,0,0,0,0,0,1,1,1,1,1,1,1,1,1,1,1,1,1,1,1,1,1,1,1,1,1,1,1,1,1,1,1,1,1,1,1,1,1,1,1,1,1,1,1,1,1,1,1,1,1,1,1,1,1,1,1,1,1,1,1,1,1,1,1,1,1,1,1,1,1,1,1,1,1,1,1,1,0
2026-07-14 19:00:00,406.28743335,0,0,0,0,0,0,0.149188333333333,9.00933166666667,46.7151683333333,70.7485466666667,57.3621616666667,47.3503583333333,44.1653283333333,44.71691,39.450015,18.0305716666667,8.09448833333333,3.94929,2.257495,1.59090333333333,1.33980333333333,1.28174833333333,1.092945,0.708165,0.487721666666667,0.338443333333333,0.317491666666667,0.302276666666667,0.255926666666667,0.262916666666667,0.18488,0.2283,0.161956666666667,0.16931,0.16268,0.132251666666667,0.114126666666667,0.0934383333333333,0.0783933333333333,0.0646083333333333,0.0506683333333333,0.0332166666666667,0.03684,0.03334,0.026255,0.0179816666666667,0.0194433333333333,0.016105,0.0147783333333333,0.013925,0.00861166666666667,0.00920666666666667,0.0130116666666667,0.00454166666666667,0.00728166666666667,0.00558666666666667,0.0041,0.00619,0.005315,0.00357333333333333,0.00379166666666667,0.00494666666666667,0.00225166666666667,0.0005,0.00315333333333333,0.003605,0.001255,0.00163333333333333,0.001705,0.00166,0,0.000671666666666667,0.00076,0.000818333333333333,0.000878333333333333,0.00094,0.00100166666666667,0.000298333333333333,0,1,0,0,0,0,0,0,1,1,1,1,1,1,1,1,1,1,1,1,1,1,1,1,1,1,1,1,1,1,1,1,1,1,1,1,1,1,1,1,1,1,1,1,1,1,1,1,1,1,1,1,1,1,1,1,1,1,1,1,1,1,1,1,1,1,1,1,1,1,1,1,1,1,1,1,1,1,1,1,0
2026-07-14 20:00:00,418.800873316667,0,0,0,0,0,0,0.127693333333333,8.87307833333333,45.9306733333333,71.5995033333333,60.3756016666667,49.5410666666667,46.2974816666667,46.5966133333333,43.8817816666667,20.791675,9.13305833333333,4.60883166666667,2.54845333333333,1.81383833333333,1.53316,1.43086833333333,1.29377666666667,0.843225,0.570121666666667,0.399435,0.365073333333333,0.316925,0.281581666666667,0.282153333333333,0.23255,0.229785,0.184961666666667,0.175328333333333,0.161503333333333,0.136866666666667,0.111751666666667,0.103463333333333,0.07027,0.0585333333333333,0.050425,0.0364833333333333,0.0276816666666667,0.0261066666666667,0.0262566666666667,0.0181966666666667,0.0162433333333333,0.01386,0.015715,0.01374,0.00959666666666667,0.00961333333333333,0.00590333333333333,0.00767833333333333,0.006375,0.004145,0.00481833333333333,0.00467166666666667,0.00510666666666667,0.00666333333333333,0.00213333333333333,0.00362166666666667,0.00310166666666667,0.00415666666666667,0.000576666666666667,0.000843333333333333,0.00238833333333333,0.000968333333333333,0.00064,0.000781666666666667,0.000653333333333333,0.0000866666666666667,0.000253333333333333,0.000273333333333333,0.000293333333333333,0.000313333333333333,0.000333333333333333,0.0001,0,1,0,0,0,0,0,0,1,1,1,1,1,1,1,1,1,1,1,1,1,1,1,1,1,1,1,1,1,1,1,1,1,1,1,1,1,1,1,1,1,1,1,1,1,1,1,1,1,1,1,1,1,1,1,1,1,1,1,1,1,1,1,1,1,1,1,1,1,1,1,1,1,1,1,1,1,1,1,1,0
2026-07-14 21:00:00,348.58334655,0,0,0,0,0,0,0.0918683333333333,6.36407666666667,33.7043666666667,54.08433,46.3382166666667,39.54426,38.6431533333333,40.7139366666667,42.0256283333333,19.5790966666667,7.79061,4.20088,2.33324833333333,1.67303666666667,1.44004833333333,1.36622,1.25120166666667,0.814806666666667,0.555745,0.410805,0.327883333333333,0.32062,0.292486666666667,0.29099,0.247311666666667,0.250135,0.221121666666667,0.195676666666667,0.176188333333333,0.152611666666667,0.12815,0.0907316666666667,0.0707566666666667,0.0668783333333333,0.0449383333333333,0.03721,0.0295733333333333,0.02767,0.022835,0.0211683333333333,0.0240766666666667,0.0172366666666667,0.0170183333333333,0.01593,0.00879166666666667,0.00881666666666667,0.00939,0.006135,0.00530166666666667,0.00314666666666667,0.00283833333333333,0.00340833333333333,0.00182333333333333,0.00299166666666667,0.00270333333333333,0.00348166666666667,0.00345,0.00142333333333333,0.00161666666666667,0.00219,0.000835,0.001235,0.000435,0.000173333333333333,0.0004,0.00034,0.000253333333333333,0.000273333333333333,0.000293333333333333,0.000313333333333333,0.000333333333333333,0.0001,0,1,0,0,0,0,0,0,1,1,1,1,1,1,1,1,1,1,1,1,1,1,1,1,1,1,1,1,1,1,1,1,1,1,1,1,1,1,1,1,1,1,1,1,1,1,1,1,1,1,1,1,1,1,1,1,1,1,1,1,1,1,1,1,1,1,1,1,1,1,1,1,1,1,1,1,1,1,1,1,0
2026-07-14 22:00:00,316.039646916667,0,0,0,0,0,0,0.096525,6.06113166666667,29.980825,45.7982533333333,39.579615,34.8382383333333,35.32268,37.751665,41.3983166666667,20.54176,8.07682666666667,4.43624333333333,2.45301166666667,1.77214666666667,1.49519,1.40089,1.33793333333333,0.828556666666667,0.582338333333333,0.382898333333333,0.327455,0.294691666666667,0.265228333333333,0.257811666666667,0.233833333333333,0.240733333333333,0.204883333333333,0.171483333333333,0.157251666666667,0.1419,0.122008333333333,0.090075,0.0634316666666667,0.0615283333333333,0.045435,0.03432,0.028885,0.0217233333333333,0.0195516666666667,0.02448,0.0143733333333333,0.0125,0.014465,0.00794,0.007965,0.00667666666666667,0.00537833333333333,0.00490333333333333,0.003935,0.00502166666666667,0.002495,0.00326333333333333,0.00102166666666667,0.000428333333333333,0.00123333333333333,0.001545,0.001015,0.00130833333333333,0.000346666666666667,0.000496666666666667,0.00042,0,0,0,0,0,0,0,0,0,0,0,0,1,0,0,0,0,0,0,1,1,1,1,1,1,1,1,1,1,1,1,1,1,1,1,1,1,1,1,1,1,1,1,1,1,1,1,1,1,1,1,1,1,1,1,1,1,1,1,1,1,1,1,1,1,1,1,1,1,1,1,1,1,1,1,1,1,1,1,1,1,1,1,1,1,1,1,1,1,1,1,0
2026-07-14 23:00:00,255.80691245,0,0,0,0,0,0,0.062505,3.94739166666667,19.706195,31.4364466666667,28.3000183333333,26.3797166666667,28.8887116666667,32.9615416666667,38.9715066666667,19.3605833333333,7.991895,4.44916666666667,2.45425,1.86415166666667,1.54145,1.44893166666667,1.36904333333333,0.85852,0.520553333333333,0.350761666666667,0.301518333333333,0.283853333333333,0.275815,0.253721666666667,0.230471666666667,0.212801666666667,0.207263333333333,0.194646666666667,0.151026666666667,0.143475,0.127975,0.0926866666666667,0.080265,0.054345,0.0446816666666667,0.027415,0.025605,0.0237683333333333,0.013365,0.0139733333333333,0.0115516666666667,0.0143116666666667,0.01003,0.00559166666666667,0.006115,0.00788333333333333,0.00427,0.002535,0.00312666666666667,0.00494333333333333,0.001405,0.00326166666666667,0.00146,0.00196,0.000806666666666667,0.00229333333333333,0.00281666666666667,0.00123166666666667,0.000921666666666667,0.00112666666666667,0.00139833333333333,0.000418333333333333,0.000223333333333333,0.000193333333333333,0.000413333333333333,0.000823333333333333,0,0,0,0,0,0,0,1,0,0,0,0,0,0,1,1,1,1,1,1,1,1,1,1,1,1,1,1,1,1,1,1,1,1,1,1,1,1,1,1,1,1,1,1,1,1,1,1,1,1,1,1,1,1,1,1,1,1,1,1,1,1,1,1,1,1,1,1,1,1,1,1,1,1,1,1,1,1,1,1,1,1,1,1,1,1,0
2026-07-15,235.1004774,0,0,0,0,0,0,0.054625,3.67502,18.5951616666667,29.190765,26.2511816666667,23.7446233333333,25.9285266666667,29.67968,36.1725283333333,17.8342816666667,7.46573333333333,4.13279833333333,2.33125,1.73433666666667,1.47726833333333,1.38640666666667,1.26759166666667,0.794708333333333,0.483375,0.323348333333333,0.28246,0.269731666666667,0.243821666666667,0.237133333333333,0.204816666666667,0.201473333333333,0.168701666666667,0.155243333333333,0.14732,0.115128333333333,0.09965,0.08141,0.0554833333333333,0.0378683333333333,0.0367983333333333,0.0243433333333333,0.02433,0.016,0.0140566666666667,0.014145,0.00881166666666667,0.00721,0.00669333333333333,0.00519166666666667,0.00714,0.00371333333333333,0.00522833333333333,0.00196333333333333,0.00193833333333333,0.00271666666666667,0.00223666666666667,0.00192,0.00134,0.000853333333333333,0.00213333333333333,0.00192166666666667,0.00059,0.000461666666666667,0.000846666666666667,0.000566666666666667,0.000696666666666667,0.000418333333333333,0,0.00083,0,0.0000433333333333333,0.000126666666666667,0.000136666666666667,0.000146666666666667,0.000156666666666667,0.000166666666666667,0.00005,0,1,0,0,0,0,0,0,1,1,1,1,1,1,1,1,1,1,1,1,1,1,1,1,1,1,1,1,1,1,1,1,1,1,1,1,1,1,1,1,1,1,1,1,1,1,1,1,1,1,1,1,1,1,1,1,1,1,1,1,1,1,1,1,1,1,1,1,1,1,1,1,1,1,1,1,1,1,1,1,0
2026-07-15 01:00:00,240.88573555,0,0,0,0,0,0,0.0620533333333333,3.59464833333333,18.1191116666667,28.8365,26.21672,24.373785,26.3898833333333,30.3028183333333,37.4189883333333,20.0045366666667,8.17003,4.54118,2.568095,1.836475,1.62809666666667,1.486615,1.377645,0.840201666666667,0.562161666666667,0.356108333333333,0.300881666666667,0.281211666666667,0.247195,0.241355,0.218928333333333,0.195246666666667,0.17971,0.148643333333333,0.13894,0.119405,0.108285,0.07732,0.0640833333333333,0.04145,0.039615,0.0306933333333333,0.022265,0.0146633333333333,0.020815,0.0147666666666667,0.0114116666666667,0.0108366666666667,0.0105483333333333,0.00512,0.00555333333333333,0.00417,0.00417833333333333,0.00331,0.00121666666666667,0.00172,0.00103166666666667,0.00154333333333333,0.00146,0.00196,0.00104333333333333,0.000985,0.000951666666666667,0,0,0.000283333333333333,0.000426666666666667,0.000131666666666667,0,0.000415,0.00016,0.000318333333333333,0.00019,0.000205,0.00022,0.000235,0.00025,0.000075,0,1,0,0,0,0,0,0,1,1,1,1,1,1,1,1,1,1,1,1,1,1,1,1,1,1,1,1,1,1,1,1,1,1,1,1,1,1,1,1,1,1,1,1,1,1,1,1,1,1,1,1,1,1,1,1,1,1,1,1,1,1,1,1,1,1,1,1,1,1,1,1,1,1,1,1,1,1,1,1,0
2026-07-15 02:00:00,255.670748633333,0,0,0,0,0,0,0.0461816666666667,3.35624166666667,17.4217416666667,28.4668133333333,26.70058,25.2280666666667,28.25816,33.20954,40.7945183333333,22.78891,9.262145,5.25341166666667,3.04651666666667,2.178405,1.92138166666667,1.73151666666667,1.629995,0.977276666666667,0.572378333333333,0.383075,0.313501666666667,0.291065,0.276708333333333,0.254515,0.242773333333333,0.192103333333333,0.209915,0.18495,0.15938,0.157278333333333,0.129583333333333,0.0944083333333333,0.0736283333333333,0.051875,0.04279,0.0337033333333333,0.0275033333333333,0.0178083333333333,0.014665,0.0147516666666667,0.015055,0.00864333333333333,0.009495,0.00773166666666667,0.00427333333333333,0.00289333333333333,0.003895,0.00299166666666667,0.00251833333333333,0.003655,0.00166333333333333,0,0.000603333333333333,0.00068,0.00189666666666667,0.000236666666666667,0,0.000846666666666667,0,0.000283333333333333,0.000138333333333333,0,0.000416666666666667,0,0,0,0,0,0,0,0,0,0,1,0,0,0,0,0,0,1,1,1,1,1,1,1,1,1,1,1,1,1,1,1,1,1,1,1,1,1,1,1,1,1,1,1,1,1,1,1,1,1,1,1,1,1,1,1,1,1,1,1,1,1,1,1,1,1,1,1,1,1,1,1,1,1,1,1,1,1,1,1,1,1,1,1,1,1,1,1,1,0
2026-07-15 03:00:00,259.441310366667,0,0,0,0,0,0,0.050005,3.30922,17.184825,28.282745,27.2436283333333,26.01887,29.081965,33.62076,40.77975,23.0968816666667,9.486285,5.44442666666667,3.02980166666667,2.20287666666667,1.883215,1.75748,1.58228833333333,1.00049666666667,0.599456666666667,0.393445,0.325806666666667,0.281068333333333,0.259226666666667,0.229985,0.258463333333333,0.21145,0.18717,0.167995,0.154613333333333,0.141633333333333,0.10621,0.0942583333333333,0.0617366666666667,0.0524083333333333,0.0424716666666667,0.0304716666666667,0.0260383333333333,0.01824,0.0151716666666667,0.0128533333333333,0.00918166666666667,0.00652666666666667,0.00909166666666667,0.00674333333333333,0.003925,0.00371333333333333,0.00172666666666667,0.00334666666666667,0.00141666666666667,0.000481666666666667,0.00215,0.00128833333333333,0,0.000855,0.000426666666666667,0.000425,0,0.000808333333333333,0.0000383333333333333,0.000843333333333333,0,0.001255,0,0,0.00016,0.000253333333333333,0,0,0,0,0,0,0,1,0,0,0,0,0,0,1,1,1,1,1,1,1,1,1,1,1,1,1,1,1,1,1,1,1,1,1,1,1,1,1,1,1,1,1,1,1,1,1,1,1,1,1,1,1,1,1,1,1,1,1,1,1,1,1,1,1,1,1,1,1,1,1,1,1,1,1,1,1,1,1,1,1,1,1,1,1,1,0
2026-07-15 04:00:00,277.302757316667,0,0,0,0,0,0,0.0494116666666667,3.35538166666667,17.7423333333333,29.4691433333333,28.8241683333333,27.9924133333333,31.198305,36.03795,44.302165,25.40748,10.2580933333333,5.92101833333333,3.34888,2.43352,2.05957166666667,1.87118666666667,1.72832,1.016135,0.624123333333333,0.382653333333333,0.321765,0.304488333333333,0.268296666666667,0.257923333333333,0.241153333333333,0.2171,0.199296666666667,0.163641666666667,0.145633333333333,0.133693333333333,0.108915,0.0832633333333333,0.064775,0.0486483333333333,0.0396316666666667,0.0276266666666667,0.0259083333333333,0.019485,0.0205766666666667,0.0183833333333333,0.0115516666666667,0.008175,0.0110283333333333,0.00633666666666667,0.00305833333333333,0.006285,0.00340833333333333,0.00100333333333333,0.003725,0.001905,0.00143333333333333,0.00106,0.00108666666666667,0.00153333333333333,0.00170666666666667,0,0,0.000385,0.000806666666666667,0.000075,0,0,0,0,0.000413333333333333,0.000411666666666667,0,0,0,0,0,0,0,1,0,0,0,0,0,0,1,1,1,1,1,1,1,1,1,1,1,1,1,1,1,1,1,1,1,1,1,1,1,1,1,1,1,1,1,1,1,1,1,1,1,1,1,1,1,1,1,1,1,1,1,1,1,1,1,1,1,1,1,1,1,1,1,1,1,1,1,1,1,1,1,1,1,1,1,1,1,1,0
2026-07-15 05:00:00,281.449295322034,0,0,0,0,0,0,0.0553016949152542,3.56740169491525,18.2238559322034,30.495693220339,29.2816694915254,28.1531322033898,31.6024474576271,36.184313559322,45.1041271186441,25.2834271186441,10.4562084745763,5.95483728813559,3.34557627118644,2.42730677966102,2.00331186440678,1.8770406779661,1.73014745762712,0.997245762711864,0.574477966101695,0.372652542372881,0.289942372881356,0.278518644067797,0.230277966101695,0.228091525423729,0.208677966101695,0.182896610169492,0.163015254237288,0.156091525423729,0.132164406779661,0.106564406779661,0.0978847457627119,0.0823169491525424,0.0592474576271186,0.033728813559322,0.0349406779661017,0.025728813559322,0.0259728813559322,0.0184525423728814,0.0204847457627119,0.0110101694915254,0.00786440677966102,0.00901186440677966,0.00613728813559322,0.00734067796610169,0.00260508474576271,0.00470338983050847,0.00378474576271186,0.00530169491525424,0.00232033898305085,0.00186101694915254,0.00370169491525424,0.00236101694915254,0.000613559322033898,0.000689830508474576,0.00120677966101695,0.0018271186440678,0.000825423728813559,0.000469491525423729,0.00078135593220339,0.000076271186440678,0,0,0,0,0,0,0,0,0,0,0,0,0,1,0,0,0,0,0,0,1,1,1,1,1,1,1,1,1,1,1,1,1,1,1,1,1,1,1,1,1,1,1,1,1,1,1,1,1,1,1,1,1,1,1,1,1,1,1,1,1,1,1,1,1,1,1,1,1,1,1,1,1,1,1,1,1,1,1,1,1,1,1,1,1,1,1,1,1,1,1,1,0
2026-07-15 06:00:00,355.94348545,0,0,0,0,0,0,0.056255,3.24361,17.1413283333333,29.4998333333333,29.3028766666667,30.5676283333333,36.9887183333333,46.2533,63.4760683333333,42.4499233333333,18.3458283333333,10.763615,6.11472,4.511885,3.90825666666667,3.553175,3.28485833333333,1.84076333333333,0.953086666666667,0.54357,0.38099,0.341445,0.293611666666667,0.272628333333333,0.245466666666667,0.224791666666667,0.188725,0.172548333333333,0.14735,0.151453333333333,0.108493333333333,0.081185,0.0722183333333333,0.060945,0.04444,0.0336566666666667,0.0376383333333333,0.027695,0.0275666666666667,0.0171616666666667,0.0150416666666667,0.00851666666666667,0.00916333333333333,0.00749166666666667,0.00681666666666667,0.00913833333333333,0.00388166666666667,0.00469333333333333,0.00280166666666667,0.000968333333333333,0.00346833333333333,0.00163166666666667,0.00146,0.000251666666666667,0.00104333333333333,0.00258333333333333,0.00059,0.000885,0.000421666666666667,0.000421666666666667,0.00042,0.000398333333333333,0.000435,0.000415,0,0.0000216666666666667,0.0000633333333333333,0.0000683333333333333,0.0000733333333333333,0.0000783333333333333,0.0000833333333333333,0.000025,0,1,0,0,0,0,0,0,1,1,1,1,1,1,1,1,1,1,1,1,1,1,1,1,1,1,1,1,1,1,1,1,1,1,1,1,1,1,1,1,1,1,1,1,1,1,1,1,1,1,1,1,1,1,1,1,1,1,1,1,1,1,1,1,1,1,1,1,1,1,1,1,1,1,1,1,1,1,1,1,0
2026-07-15 07:00:00,388.362334683333,0,0,0,0,0,0,0.0539783333333333,3.28724333333333,17.640765,29.75051,29.3365066666667,30.5879433333333,37.621985,48.7024766666667,69.5411816666667,52.390505,22.71296,13.2740566666667,7.36326666666667,5.46825833333333,4.69267333333333,4.34604833333333,4.05117333333333,2.13022333333333,1.02284833333333,0.562808333333333,0.41098,0.350735,0.284116666666667,0.247863333333333,0.244131666666667,0.217136666666667,0.199696666666667,0.168526666666667,0.142606666666667,0.139455,0.112303333333333,0.089755,0.0729583333333333,0.0514083333333333,0.0423766666666667,0.0395116666666667,0.036215,0.0314333333333333,0.0270083333333333,0.0221883333333333,0.018405,0.0171866666666667,0.0159683333333333,0.0167033333333333,0.0127766666666667,0.011345,0.011075,0.00775666666666667,0.0104383333333333,0.00588,0.00702166666666667,0.00802333333333333,0.003485,0.00459833333333333,0.00526333333333333,0.00230833333333333,0.00222666666666667,0.00127,0.002805,0.00212,0.00139833333333333,0.00205166666666667,0.00087,0.00141833333333333,0.000813333333333333,0.000708333333333333,0.000126666666666667,0.000136666666666667,0.000146666666666667,0.000156666666666667,0.000166666666666667,0.00005,0,1,0,0,0,0,0,0,1,1,1,1,1,1,1,1,1,1,1,1,1,1,1,1,1,1,1,1,1,1,1,1,1,1,1,1,1,1,1,1,1,1,1,1,1,1,1,1,1,1,1,1,1,1,1,1,1,1,1,1,1,1,1,1,1,1,1,1,1,1,1,1,1,1,1,1,1,1,1,1,0
2026-07-15 08:00:00,359.958035283333,0,0,0,0,0,0,0.0667083333333333,3.81122166666667,19.5169533333333,31.7532866666667,30.295395,30.4932566666667,36.7859966666667,46.78248,63.0212833333333,40.26484,18.54609,10.7307566666667,6.36316666666667,4.69026166666667,4.101755,3.76968666666667,3.33431333333333,1.693715,0.876801666666667,0.464111666666667,0.342166666666667,0.291626666666667,0.24163,0.211873333333333,0.212765,0.177413333333333,0.170866666666667,0.156603333333333,0.130795,0.128566666666667,0.105796666666667,0.08056,0.06978,0.0662983333333333,0.0604183333333333,0.05144,0.0437766666666667,0.03467,0.0323016666666667,0.02585,0.0218216666666667,0.022235,0.022355,0.01708,0.015915,0.0126033333333333,0.0148933333333333,0.0123083333333333,0.0123316666666667,0.00952333333333333,0.01138,0.0112866666666667,0.004765,0.00332,0.00734833333333333,0.00438166666666667,0.002715,0.00619833333333333,0.00495833333333333,0.00213166666666667,0.00153666666666667,0.00163333333333333,0.00192666666666667,0.001785,0.00254666666666667,0.001885,0.000696666666666667,0.000748333333333333,0.000803333333333333,0.000861666666666667,0.00092,0.000271666666666667,0,1,0,0,0,0,0,0,1,1,1,1,1,1,1,1,1,1,1,1,1,1,1,1,1,1,1,1,1,1,1,1,1,1,1,1,1,1,1,1,1,1,1,1,1,1,1,1,1,1,1,1,1,1,1,1,1,1,1,1,1,1,1,1,1,1,1,1,1,1,1,1,1,1,1,1,1,1,1,1,0
2026-07-15 09:00:00,379.6205027,0,0,0,0,0,0,0.0705466666666667,4.13525,21.0370383333333,33.8451833333333,32.114055,32.7926866666667,40.97844,53.9720316666667,66.1815066666667,34.67287,19.1834666666667,10.8436716666667,6.63509333333333,5.10129666666667,4.40214833333333,4.15150833333333,3.445105,1.63508666666667,0.865418333333333,0.46868,0.353555,0.327775,0.261153333333333,0.26583,0.225351666666667,0.217135,0.184578333333333,0.16263,0.148788333333333,0.152471666666667,0.117096666666667,0.106236666666667,0.081225,0.0650416666666667,0.0575983333333333,0.0492466666666667,0.048665,0.0366,0.02995,0.0250083333333333,0.02683,0.0260016666666667,0.01745,0.02233,0.015085,0.0121683333333333,0.0113316666666667,0.0123716666666667,0.0121966666666667,0.00894166666666667,0.00659666666666667,0.004155,0.00442666666666667,0.00477666666666667,0.00531,0.00717666666666667,0.00600666666666667,0.00388666666666667,0.004645,0.00211833333333333,0.000846666666666667,0.00260166666666667,0.00253666666666667,0.00100333333333333,0.00122666666666667,0.000795,0.00038,0.00041,0.00044,0.00047,0.0005,0.00015,0,1,0,0,0,0,0,0,1,1,1,1,1,1,1,1,1,1,1,1,1,1,1,1,1,1,1,1,1,1,1,1,1,1,1,1,1,1,1,1,1,1,1,1,1,1,1,1,1,1,1,1,1,1,1,1,1,1,1,1,1,1,1,1,1,1,1,1,1,1,1,1,1,1,1,1,1,1,1,1,0
2026-07-15 10:00:00,402.084581433333,0,0,0,0,0,0,0.0696033333333333,4.539755,23.3200866666667,37.46604,35.2724683333333,36.2450216666667,45.4970116666667,61.974685,65.631055,30.9593866666667,19.5860683333333,11.0889483333333,6.989275,5.563415,4.71734166666667,4.476035,3.601555,1.63018333333333,0.862983333333333,0.456445,0.34713,0.324131666666667,0.2373,0.225511666666667,0.183901666666667,0.1769,0.148648333333333,0.158935,0.132363333333333,0.126,0.113921666666667,0.087395,0.0665866666666667,0.0573633333333333,0.0453316666666667,0.0418733333333333,0.0370816666666667,0.02829,0.0288116666666667,0.0270883333333333,0.0218983333333333,0.02136,0.016145,0.0129783333333333,0.0118683333333333,0.00920166666666667,0.00953333333333333,0.00866333333333333,0.00916333333333333,0.005775,0.00582,0.00561833333333333,0.00562333333333333,0.00417333333333333,0.00317666666666667,0.000883333333333333,0.00437666666666667,0.00204,0.00296333333333333,0.00254833333333333,0.00365,0.00108,0.001075,0.00102333333333333,0.00114666666666667,0.000658333333333333,0.000443333333333333,0.000478333333333333,0.000513333333333333,0.000548333333333333,0.000583333333333333,0.000175,0,1,0,0,0,0,0,0,1,1,1,1,1,1,1,1,1,1,1,1,1,1,1,1,1,1,1,1,1,1,1,1,1,1,1,1,1,1,1,1,1,1,1,1,1,1,1,1,1,1,1,1,1,1,1,1,1,1,1,1,1,1,1,1,1,1,1,1,1,1,1,1,1,1,1,1,1,1,1,1,0
2026-07-15 11:00:00,378.698275766667,0,0,0,0,0,0,0.0753866666666667,4.41470833333333,23.5749516666667,38.91821,35.7052816666667,35.7645383333333,42.92837,57.5240566666667,56.1962,27.0979566666667,16.9483116666667,9.72430166666667,6.22708333333333,5.08338833333333,4.41112666666667,4.29501,3.29085166666667,1.54932333333333,0.822168333333333,0.469461666666667,0.332616666666667,0.280135,0.209275,0.222185,0.166085,0.167253333333333,0.145848333333333,0.134348333333333,0.117173333333333,0.118685,0.101558333333333,0.087335,0.0694216666666667,0.0641766666666667,0.0436783333333333,0.0351783333333333,0.0377916666666667,0.028445,0.0296033333333333,0.026635,0.02263,0.0196233333333333,0.0172,0.0172066666666667,0.012675,0.0159483333333333,0.0106283333333333,0.00885833333333333,0.00679833333333333,0.00830333333333333,0.00556333333333333,0.00481166666666667,0.00522833333333333,0.00477833333333333,0.00379333333333333,0.00538833333333333,0.00231,0.000808333333333333,0.00123,0.00190666666666667,0.00211166666666667,0.00108,0.00126833333333333,0.000588333333333333,0.00106666666666667,0.000585,0.000506666666666667,0.000546666666666667,0.000586666666666667,0.000626666666666667,0.000666666666666667,0.0002,0,1,0,0,0,0,0,0,1,1,1,1,1,1,1,1,1,1,1,1,1,1,1,1,1,1,1,1,1,1,1,1,1,1,1,1,1,1,1,1,1,1,1,1,1,1,1,1,1,1,1,1,1,1,1,1,1,1,1,1,1,1,1,1,1,1,1,1,1,1,1,1,1,1,1,1,1,1,1,1,0
2026-07-15 12:00:00,366.373286433333,0,0,0,0,0,0,0.0560733333333333,3.887845,20.62644,33.93995,31.774895,32.5469133333333,40.46433,56.1284916666667,56.477925,28.18768,18.01623,10.4872966666667,6.98598833333333,5.62255666666667,5.08326833333333,5.16383666666667,3.870175,1.90796666666667,1.01562166666667,0.56376,0.419386666666667,0.38684,0.274428333333333,0.276086666666667,0.20209,0.210625,0.176676666666667,0.155246666666667,0.155023333333333,0.131375,0.121948333333333,0.105995,0.0841166666666667,0.0679216666666667,0.0496933333333333,0.0440516666666667,0.041695,0.03256,0.0357366666666667,0.0294633333333333,0.0237,0.02053,0.016475,0.0202883333333333,0.0175,0.01342,0.013815,0.0116383333333333,0.00653166666666667,0.00602666666666667,0.00923333333333333,0.00888333333333333,0.005185,0.003495,0.00478833333333333,0.00674833333333333,0.00406,0.00384833333333333,0.00457666666666667,0.00369666666666667,0.000696666666666667,0.00412333333333333,0.001305,0.00141833333333333,0.000653333333333333,0.000303333333333333,0.000886666666666667,0.000955,0.001025,0.00109666666666667,0.00116833333333333,0.000348333333333333,0,1,0,0,0,0,0,0,1,1,1,1,1,1,1,1,1,1,1,1,1,1,1,1,1,1,1,1,1,1,1,1,1,1,1,1,1,1,1,1,1,1,1,1,1,1,1,1,1,1,1,1,1,1,1,1,1,1,1,1,1,1,1,1,1,1,1,1,1,1,1,1,1,1,1,1,1,1,1,1,0
2026-07-15 13:00:00,338.784310933333,0,0,0,0,0,0,0.0492866666666667,3.58523833333333,19.1171616666667,32.5377133333333,31.295665,32.10111,38.5626266666667,51.64098,53.1735883333333,27.3641,15.7006383333333,8.90836833333333,5.626145,4.42784166666667,3.87689333333333,3.79318,2.96436,1.51402333333333,0.789488333333333,0.468378333333333,0.347373333333333,0.313621666666667,0.229443333333333,0.22154,0.173406666666667,0.15596,0.126731666666667,0.134366666666667,0.121541666666667,0.114368333333333,0.095975,0.0788,0.0657483333333333,0.0517,0.0360133333333333,0.0306333333333333,0.0313016666666667,0.02735,0.0286666666666667,0.0249716666666667,0.0234933333333333,0.01821,0.0210616666666667,0.017025,0.0195833333333333,0.008865,0.00891333333333333,0.00932333333333333,0.00756333333333333,0.00806166666666667,0.00814,0.00570166666666667,0.004425,0.003925,0.00502666666666667,0.00382,0.003,0.002155,0.00207166666666667,0.00246666666666667,0.000425,0.001805,0.00272333333333333,0.000955,0.00172,0.000693333333333333,0.000823333333333333,0.000886666666666667,0.000951666666666667,0.00101833333333333,0.001085,0.000323333333333333,0,1,0,0,0,0,0,0,1,1,1,1,1,1,1,1,1,1,1,1,1,1,1,1,1,1,1,1,1,1,1,1,1,1,1,1,1,1,1,1,1,1,1,1,1,1,1,1,1,1,1,1,1,1,1,1,1,1,1,1,1,1,1,1,1,1,1,1,1,1,1,1,1,1,1,1,1,1,1,1,0
2026-07-15 14:00:00,284.25772505,0,0,0,0,0,0,0.047705,2.645215,14.3951666666667,25.479975,25.3088983333333,26.1459666666667,31.8931566666667,41.2216916666667,48.7311383333333,28.8667283333333,13.3735966666667,7.28133666666667,4.180755,3.03052333333333,2.70435333333333,2.40205166666667,2.0382,1.10304666666667,0.597435,0.331461666666667,0.239808333333333,0.221815,0.181523333333333,0.175403333333333,0.143543333333333,0.13931,0.112491666666667,0.100238333333333,0.0965066666666667,0.09499,0.0788983333333333,0.062795,0.0537983333333333,0.0431666666666667,0.0400583333333333,0.0313233333333333,0.0270466666666667,0.0199183333333333,0.0185883333333333,0.0180783333333333,0.021195,0.01642,0.01883,0.0111966666666667,0.0135,0.01005,0.0102116666666667,0.0106183333333333,0.00654,0.00529166666666667,0.00590833333333333,0.00553666666666667,0.00468833333333333,0.00553166666666667,0.0046,0.00553833333333333,0.003755,0.00388666666666667,0.00134166666666667,0.00365666666666667,0.00139833333333333,0.000836666666666667,0.00189166666666667,0.00143833333333333,0.000826666666666667,0.00078,0.00107666666666667,0.00116166666666667,0.00124666666666667,0.00133166666666667,0.00141666666666667,0.000425,0,1,0,0,0,0,0,0,1,1,1,1,1,1,1,1,1,1,1,1,1,1,1,1,1,1,1,1,1,1,1,1,1,1,1,1,1,1,1,1,1,1,1,1,1,1,1,1,1,1,1,1,1,1,1,1,1,1,1,1,1,1,1,1,1,1,1,1,1,1,1,1,1,1,1,1,1,1,1,1,0
2026-07-15 15:00:00,237.514425166667,0,0,0,0,0,0,0.0294716666666667,2.04665166666667,11.5345533333333,20.9247833333333,21.8966783333333,22.700315,26.6590783333333,32.393165,39.525405,28.2938516666667,10.8389133333333,6.00479833333333,3.295205,2.30634166666667,1.92282833333333,1.68917166666667,1.54191,0.968923333333333,0.506636666666667,0.298716666666667,0.198756666666667,0.199736666666667,0.15834,0.160416666666667,0.116761666666667,0.124548333333333,0.0974866666666667,0.0850266666666667,0.0833333333333333,0.0758233333333333,0.0604033333333333,0.0588666666666667,0.0516333333333333,0.0366833333333333,0.03348,0.0263566666666667,0.0247616666666667,0.0189233333333333,0.0173383333333333,0.0231216666666667,0.0181366666666667,0.01643,0.0126933333333333,0.0138183333333333,0.0105466666666667,0.0105483333333333,0.00921666666666667,0.00619833333333333,0.00900833333333333,0.00529833333333333,0.00800333333333333,0.00435833333333333,0.0067,0.00512833333333333,0.00441,0.00635833333333333,0.00362833333333333,0.003425,0.002075,0.00120166666666667,0.000426666666666667,0.001785,0.00190833333333333,0.00161166666666667,0.00189333333333333,0.00114833333333333,0.00095,0.00102333333333333,0.00109833333333333,0.001175,0.00125166666666667,0.000373333333333333,0,1,0,0,0,0,0,0,1,1,1,1,1,1,1,1,1,1,1,1,1,1,1,1,1,1,1,1,1,1,1,1,1,1,1,1,1,1,1,1,1,1,1,1,1,1,1,1,1,1,1,1,1,1,1,1,1,1,1,1,1,1,1,1,1,1,1,1,1,1,1,1,1,1,1,1,1,1,1,1,0
2026-07-15 16:00:00,220.9633723,0,0,0,0,0,0,0.02668,1.90135166666667,11.03372,19.9929033333333,20.8653216666667,21.9518483333333,25.4454166666667,30.51041,36.9288433333333,25.6330516666667,9.56649833333333,5.24462166666667,2.839075,2.06033833333333,1.69666666666667,1.55508333333333,1.37109833333333,0.820948333333333,0.433553333333333,0.258233333333333,0.19503,0.167995,0.146401666666667,0.148913333333333,0.104175,0.104385,0.0998683333333333,0.0795283333333333,0.0844033333333333,0.0703616666666667,0.05861,0.0513566666666667,0.0469783333333333,0.028365,0.0291383333333333,0.0272966666666667,0.02286,0.0212566666666667,0.0193683333333333,0.0161366666666667,0.013645,0.0168116666666667,0.012075,0.00933833333333333,0.010505,0.00672333333333333,0.01189,0.0126883333333333,0.00959166666666667,0.00961833333333333,0.0074,0.00595666666666667,0.00649,0.00656,0.005925,0.00197,0.001865,0.00211666666666667,0.00199666666666667,0.00353,0.001255,0.000836666666666667,0.00105666666666667,0.00119666666666667,0.000813333333333333,0.0019,0.00120333333333333,0.001295,0.00139,0.00148833333333333,0.00158666666666667,0.000471666666666667,0,1,0,0,0,0,0,0,1,1,1,1,1,1,1,1,1,1,1,1,1,1,1,1,1,1,1,1,1,1,1,1,1,1,1,1,1,1,1,1,1,1,1,1,1,1,1,1,1,1,1,1,1,1,1,1,1,1,1,1,1,1,1,1,1,1,1,1,1,1,1,1,1,1,1,1,1,1,1,1,0
2026-07-15 17:00:00,221.571506766667,0,0,0,0,0,0,0.0349566666666667,2.01661,10.9786366666667,19.8079633333333,20.4190633333333,21.6595516666667,25.527575,30.9423583333333,37.2198733333333,26.2176783333333,9.7691,5.32170333333333,2.92559333333333,2.002125,1.71084,1.53122166666667,1.347405,0.84989,0.436083333333333,0.274908333333333,0.188198333333333,0.191935,0.150193333333333,0.136711666666667,0.123606666666667,0.104806666666667,0.0849083333333333,0.0847216666666667,0.0689583333333333,0.0748183333333333,0.063065,0.0552116666666667,0.0426433333333333,0.0350316666666667,0.027595,0.02727,0.01952,0.0231833333333333,0.0215366666666667,0.01469,0.0195183333333333,0.0157366666666667,0.0142583333333333,0.0181,0.00959666666666667,0.0100733333333333,0.009125,0.00607333333333333,0.00942666666666667,0.00757666666666667,0.00410166666666667,0.00693833333333333,0.00404333333333333,0.00452,0.00384,0.00234833333333333,0.002715,0.00207833333333333,0.00288166666666667,0.00212,0.00310333333333333,0.00200833333333333,0.00172166666666667,0.001835,0.00189333333333333,0.000866666666666667,0.00133,0.00143333333333333,0.00153833333333333,0.001645,0.00175166666666667,0.000523333333333333,0,1,0,0,0,0,0,0,1,1,1,1,1,1,1,1,1,1,1,1,1,1,1,1,1,1,1,1,1,1,1,1,1,1,1,1,1,1,1,1,1,1,1,1,1,1,1,1,1,1,1,1,1,1,1,1,1,1,1,1,1,1,1,1,1,1,1,1,1,1,1,1,1,1,1,1,1,1,1,1,0
2026-07-15 18:00:00,248.5808136,0,0,0,0,0,0,0.03464,2.23521666666667,12.2821,21.5007983333333,21.8471866666667,23.2284666666667,28.25933,34.91081,41.9522533333333,30.0253183333333,11.5376833333333,6.324195,3.44205,2.46563166666667,2.04317,1.79983333333333,1.61162666666667,0.981075,0.500315,0.304015,0.221105,0.197825,0.166251666666667,0.148086666666667,0.130198333333333,0.114853333333333,0.09663,0.0952883333333333,0.0817333333333333,0.0763783333333333,0.06821,0.0532533333333333,0.0484083333333333,0.0353616666666667,0.03428,0.0386283333333333,0.0290033333333333,0.0249266666666667,0.02089,0.0172916666666667,0.0158966666666667,0.0136816666666667,0.0132916666666667,0.0133066666666667,0.0104633333333333,0.00706333333333333,0.0111216666666667,0.00854833333333333,0.00769333333333333,0.00658,0.004675,0.00355333333333333,0.00538,0.00254,0.00379333333333333,0.00271833333333333,0.003165,0.001385,0.000423333333333333,0.00154666666666667,0.001555,0.00191666666666667,0.000851666666666667,0.00141833333333333,0.00205333333333333,0.00127166666666667,0.00057,0.000613333333333333,0.000658333333333333,0.000705,0.000751666666666667,0.000223333333333333,0,1,0,0,0,0,0,0,1,1,1,1,1,1,1,1,1,1,1,1,1,1,1,1,1,1,1,1,1,1,1,1,1,1,1,1,1,1,1,1,1,1,1,1,1,1,1,1,1,1,1,1,1,1,1,1,1,1,1,1,1,1,1,1,1,1,1,1,1,1,1,1,1,1,1,1,1,1,1,1,0
2026-07-15 19:00:00,256.032868666667,0,0,0,0,0,0,0.0374033333333333,2.51738166666667,13.5058383333333,22.743635,22.4582216666667,23.2789116666667,28.869295,36.3949333333333,42.430895,28.5405733333333,11.6167083333333,6.2548,3.49847666666667,2.54528833333333,2.10219833333333,1.917995,1.70935833333333,0.999433333333333,0.534655,0.318066666666667,0.223441666666667,0.212601666666667,0.178946666666667,0.153508333333333,0.128238333333333,0.132706666666667,0.11288,0.11569,0.081415,0.0876133333333333,0.0717433333333333,0.0610666666666667,0.0560383333333333,0.0442833333333333,0.0341533333333333,0.029455,0.0272966666666667,0.0196716666666667,0.02565,0.0148,0.0189416666666667,0.0139566666666667,0.0192516666666667,0.0136083333333333,0.00850833333333333,0.0119833333333333,0.007115,0.00678166666666667,0.00743833333333333,0.00540166666666667,0.00559,0.00441666666666667,0.00401666666666667,0.00433,0.00569,0.00455333333333333,0.00419333333333333,0.00334833333333333,0.00203666666666667,0.00198166666666667,0.000276666666666667,0.000418333333333333,0.00108666666666667,0.000753333333333333,0.00148,0.00158166666666667,0.00101333333333333,0.00108833333333333,0.00116833333333333,0.00125333333333333,0.00133833333333333,0.000395,0,1,0,0,0,0,0,0,1,1,1,1,1,1,1,1,1,1,1,1,1,1,1,1,1,1,1,1,1,1,1,1,1,1,1,1,1,1,1,1,1,1,1,1,1,1,1,1,1,1,1,1,1,1,1,1,1,1,1,1,1,1,1,1,1,1,1,1,1,1,1,1,1,1,1,1,1,1,1,1,0
2026-07-15 20:00:00,266.295882683333,0,0,0,0,0,0,0.0555016666666667,3.45652,17.80729,28.1802883333333,25.7508433333333,25.5627316666667,30.1624483333333,37.96592,41.01406,23.7875883333333,10.340735,5.792245,3.28087333333333,2.44541666666667,2.074735,1.87381,1.66520666666667,0.937355,0.515356666666667,0.314448333333333,0.245046666666667,0.214698333333333,0.166875,0.169073333333333,0.126921666666667,0.131028333333333,0.106193333333333,0.102483333333333,0.09864,0.0893116666666667,0.0868133333333333,0.0712983333333333,0.0555,0.0398333333333333,0.0389766666666667,0.03065,0.0321916666666667,0.023185,0.0217316666666667,0.016405,0.01838,0.0150716666666667,0.0171966666666667,0.0103266666666667,0.0130633333333333,0.00874833333333333,0.00943833333333333,0.00862666666666667,0.00729,0.00564166666666667,0.00645333333333333,0.00315166666666667,0.00723666666666667,0.004425,0.00147,0.00215833333333333,0.00178833333333333,0.00307833333333333,0.00369166666666667,0.0032,0.00153666666666667,0.00209166666666667,0.00230666666666667,0.00102333333333333,0.00124,0.00145166666666667,0.000633333333333333,0.000683333333333333,0.000733333333333333,0.000783333333333333,0.000833333333333333,0.00025,0,1,0,0,0,0,0,0,1,1,1,1,1,1,1,1,1,1,1,1,1,1,1,1,1,1,1,1,1,1,1,1,1,1,1,1,1,1,1,1,1,1,1,1,1,1,1,1,1,1,1,1,1,1,1,1,1,1,1,1,1,1,1,1,1,1,1,1,1,1,1,1,1,1,1,1,1,1,1,1,0
2026-07-15 21:00:00,275.967180933333,0,0,0,0,0,0,0.0559383333333333,3.305,16.8182283333333,27.06737,25.3748933333333,26.0336966666667,31.687775,39.9396216666667,44.2792666666667,25.0241816666667,11.3086533333333,6.21375333333333,3.56984,2.62551333333333,2.27219833333333,2.03119833333333,1.71657,1.04273,0.581895,0.33511,0.265758333333333,0.24326,0.19346,0.190985,0.1579,0.155788333333333,0.128103333333333,0.113598333333333,0.10003,0.0957166666666667,0.084835,0.0751616666666667,0.0691616666666667,0.0488516666666667,0.03753,0.0332483333333333,0.033485,0.0257383333333333,0.026585,0.0173483333333333,0.0177833333333333,0.0158916666666667,0.0139783333333333,0.0103566666666667,0.01168,0.006725,0.00842333333333333,0.00528333333333333,0.00617166666666667,0.00359166666666667,0.00444333333333333,0.00392666666666667,0.00637833333333333,0.00272166666666667,0.00417166666666667,0.00179666666666667,0.0017,0.000808333333333333,0.00123,0.000496666666666667,0.00280833333333333,0.00258166666666667,0.00089,0.00083,0.000413333333333333,0.000173333333333333,0.000506666666666667,0.000546666666666667,0.000586666666666667,0.000626666666666667,0.000666666666666667,0.0002,0,1,0,0,0,0,0,0,1,1,1,1,1,1,1,1,1,1,1,1,1,1,1,1,1,1,1,1,1,1,1,1,1,1,1,1,1,1,1,1,1,1,1,1,1,1,1,1,1,1,1,1,1,1,1,1,1,1,1,1,1,1,1,1,1,1,1,1,1,1,1,1,1,1,1,1,1,1,1,1,0
2026-07-15 22:00:00,274.41504845,0,0,0,0,0,0,0.0401833333333333,2.72452666666667,14.21467,24.0139766666667,24.059595,25.4336366666667,31.3419633333333,40.3956966666667,46.4048783333333,27.7926966666667,12.4664316666667,6.89623333333333,3.92683333333333,2.90633666666667,2.4494,2.19375,1.939645,1.14962333333333,0.650713333333333,0.417435,0.31772,0.264498333333333,0.214435,0.228493333333333,0.162193333333333,0.174526666666667,0.15541,0.125348333333333,0.110266666666667,0.11253,0.0894983333333333,0.084865,0.0688666666666667,0.0589683333333333,0.04325,0.0334033333333333,0.0346366666666667,0.0314916666666667,0.024395,0.0249366666666667,0.01986,0.0135516666666667,0.0174083333333333,0.0116616666666667,0.01189,0.0118033333333333,0.00774666666666667,0.00701833333333333,0.00673833333333333,0.00418666666666667,0.00304,0.00650666666666667,0.00568833333333333,0.00314666666666667,0.00170666666666667,0.001395,0.00281666666666667,0.001655,0.00196166666666667,0.00135166666666667,0.00142333333333333,0.000813333333333333,0.000833333333333333,0.00083,0.00016,0.000405,0.000443333333333333,0.000478333333333333,0.000513333333333333,0.000548333333333333,0.000583333333333333,0.000175,0,1,0,0,0,0,0,0,1,1,1,1,1,1,1,1,1,1,1,1,1,1,1,1,1,1,1,1,1,1,1,1,1,1,1,1,1,1,1,1,1,1,1,1,1,1,1,1,1,1,1,1,1,1,1,1,1,1,1,1,1,1,1,1,1,1,1,1,1,1,1,1,1,1,1,1,1,1,1,1,0
2026-07-15 23:00:00,267.997174016667,0,0,0,0,0,0,0.0333316666666667,2.09489333333333,11.62177,20.9350066666667,22.0956033333333,24.37943,30.6203016666667,39.5682316666667,47.643025,30.043665,12.9948633333333,7.25922833333333,4.08254833333333,2.95242166666667,2.52692833333333,2.27243333333333,1.96407166666667,1.16853666666667,0.674628333333333,0.397768333333333,0.312395,0.287958333333333,0.23247,0.255705,0.182831666666667,0.185431666666667,0.152361666666667,0.15171,0.128353333333333,0.129496666666667,0.100951666666667,0.0867116666666667,0.0632533333333333,0.0558683333333333,0.0490416666666667,0.0403233333333333,0.0444566666666667,0.0268666666666667,0.022855,0.0221533333333333,0.019345,0.02046,0.0126333333333333,0.016065,0.00733666666666667,0.01087,0.00715,0.00759,0.00743833333333333,0.00571833333333333,0.00346833333333333,0.00449666666666667,0.00357833333333333,0.00374666666666667,0.00251333333333333,0.00207166666666667,0.00261333333333333,0.00173333333333333,0.00265666666666667,0.000583333333333333,0.00139833333333333,0.000418333333333333,0.00208333333333333,0.000415,0.00016,0.00086,0.00057,0.000615,0.00066,0.000705,0.00075,0.000225,0,1,0,0,0,0,0,0,1,1,1,1,1,1,1,1,1,1,1,1,1,1,1,1,1,1,1,1,1,1,1,1,1,1,1,1,1,1,1,1,1,1,1,1,1,1,1,1,1,1,1,1,1,1,1,1,1,1,1,1,1,1,1,1,1,1,1,1,1,1,1,1,1,1,1,1,1,1,1,1,0
2026-07-16,259.5000786,0,0,0,0,0,0,0.02551,1.66708166666667,9.7323,18.56005,20.5344016666667,23.45128,29.9781183333333,38.9771716666667,47.535875,30.3913616666667,13.01009,7.278515,4.09383166666667,2.963255,2.51170666666667,2.29672,2.01291166666667,1.18451166666667,0.677438333333333,0.421268333333333,0.329158333333333,0.309665,0.25097,0.242853333333333,0.220048333333333,0.192748333333333,0.169336666666667,0.156608333333333,0.130085,0.134301666666667,0.114106666666667,0.0961366666666667,0.0805566666666667,0.06299,0.0445733333333333,0.0367766666666667,0.0343866666666667,0.02636,0.0303,0.0199916666666667,0.0241583333333333,0.01919,0.0157083333333333,0.00934333333333333,0.00861166666666667,0.009135,0.00905666666666667,0.00484833333333333,0.00673666666666667,0.00458833333333333,0.0047,0.00364166666666667,0.00288833333333333,0.002465,0.000426666666666667,0.00182,0.00189,0.002965,0.000115,0.00154833333333333,0.00210666666666667,0.000948333333333333,0.000241666666666667,0.00102333333333333,0,0.000433333333333333,0.0000633333333333333,0.0000683333333333333,0.0000733333333333333,0.0000783333333333333,0.0000833333333333333,0.000025,0,1,0,0,0,0,0,0,1,1,1,1,1,1,1,1,1,1,1,1,1,1,1,1,1,1,1,1,1,1,1,1,1,1,1,1,1,1,1,1,1,1,1,1,1,1,1,1,1,1,1,1,1,1,1,1,1,1,1,1,1,1,1,1,1,1,1,1,1,1,1,1,1,1,1,1,1,1,1,1,0
2026-07-16 01:00:00,254.302100416667,0,0,0,0,0,0,0.0213483333333333,1.48922833333333,8.9591,16.9288333333333,19.366805,22.2066716666667,29.18695,38.227235,47.8162916666667,30.15076,13.270975,7.32666333333333,4.26595,3.07419666666667,2.59505833333333,2.358155,2.11049666666667,1.171305,0.724516666666667,0.437798333333333,0.343436666666667,0.338458333333333,0.27674,0.250313333333333,0.2145,0.221405,0.172036666666667,0.153775,0.149685,0.123371666666667,0.114738333333333,0.0997183333333333,0.0700833333333333,0.05639,0.0509216666666667,0.0357816666666667,0.0302033333333333,0.02707,0.02267,0.0279483333333333,0.02284,0.01825,0.0147183333333333,0.0147383333333333,0.007225,0.00713333333333333,0.00595333333333333,0.00400666666666667,0.005485,0.00507833333333333,0.00286833333333333,0.00381166666666667,0.00204,0.004,0.00128,0,0.00208666666666667,0.00123166666666667,0.00126666666666667,0.00078,0.000558333333333333,0.000418333333333333,0.000833333333333333,0,0.00016,0.000275,0.0000633333333333333,0.0000683333333333333,0.0000733333333333333,0.0000783333333333333,0.0000833333333333333,0.000025,0,1,0,0,0,0,0,0,1,1,1,1,1,1,1,1,1,1,1,1,1,1,1,1,1,1,1,1,1,1,1,1,1,1,1,1,1,1,1,1,1,1,1,1,1,1,1,1,1,1,1,1,1,1,1,1,1,1,1,1,1,1,1,1,1,1,1,1,1,1,1,1,1,1,1,1,1,1,1,1,0
2026-07-16 02:00:00,269.624922666667,0,0,0,0,0,0,0.027045,1.95202833333333,10.5556,18.21372,18.8637633333333,21.5642516666667,29.1013316666667,39.3148583333333,52.8377216666667,31.5172316666667,14.499675,8.41969166666667,4.746375,3.55685666666667,3.00320833333333,2.67285,2.36425333333333,1.41075333333333,0.776538333333333,0.467406666666667,0.361025,0.333876666666667,0.278561666666667,0.26343,0.237066666666667,0.208468333333333,0.196445,0.167133333333333,0.149581666666667,0.135038333333333,0.11434,0.0824533333333333,0.0726966666666667,0.0640116666666667,0.0480733333333333,0.0395433333333333,0.0325883333333333,0.0290966666666667,0.0249183333333333,0.0210883333333333,0.0153983333333333,0.0113783333333333,0.0107266666666667,0.00906166666666667,0.00991,0.00710666666666667,0.00881333333333333,0.005265,0.00388333333333333,0.00375833333333333,0.00166333333333333,0.000428333333333333,0.001285,0,0.000853333333333333,0,0.000425,0.000423333333333333,0,0.000843333333333333,0.000708333333333333,0.000131666666666667,0.000416666666666667,0,0,0.0000216666666666667,0.0000633333333333333,0.0000683333333333333,0.0000733333333333333,0.0000783333333333333,0.0000833333333333333,0.000025,0,1,0,0,0,0,0,0,1,1,1,1,1,1,1,1,1,1,1,1,1,1,1,1,1,1,1,1,1,1,1,1,1,1,1,1,1,1,1,1,1,1,1,1,1,1,1,1,1,1,1,1,1,1,1,1,1,1,1,1,1,1,1,1,1,1,1,1,1,1,1,1,1,1,1,1,1,1,1,1,0
2026-07-16 03:00:00,294.656476866667,0,0,0,0,0,0,0.0497866666666667,2.97520666666667,15.5015133333333,24.8644633333333,23.1385883333333,23.1839016666667,29.7492366666667,39.6916566666667,56.3773166666667,31.3615816666667,15.0898166666667,8.66848833333333,5.04395833333333,3.77469,3.22019333333333,2.95317333333333,2.61732,1.51997333333333,0.78721,0.46199,0.362391666666667,0.317623333333333,0.283165,0.237211666666667,0.236753333333333,0.219388333333333,0.187361666666667,0.14488,0.134233333333333,0.13453,0.101268333333333,0.084,0.0599883333333333,0.04816,0.04259,0.0344416666666667,0.0403283333333333,0.0244283333333333,0.01897,0.0198116666666667,0.016405,0.01008,0.00896166666666667,0.00778833333333333,0.00813333333333333,0.00416833333333333,0.00336,0.00436833333333333,0.00219333333333333,0.00191333333333333,0.00347166666666667,0.00229333333333333,0.00157166666666667,0.00068,0.000426666666666667,0.00085,0.00201,0.000923333333333333,0.00123166666666667,0.000358333333333333,0.000558333333333333,0.000418333333333333,0,0,0.000413333333333333,0.0000866666666666667,0.000253333333333333,0.000273333333333333,0.000293333333333333,0.000313333333333333,0.000333333333333333,0.0001,0,1,0,0,0,0,0,0,1,1,1,1,1,1,1,1,1,1,1,1,1,1,1,1,1,1,1,1,1,1,1,1,1,1,1,1,1,1,1,1,1,1,1,1,1,1,1,1,1,1,1,1,1,1,1,1,1,1,1,1,1,1,1,1,1,1,1,1,1,1,1,1,1,1,1,1,1,1,1,1,0
2026-07-16 04:00:00,319.60234535,0,0,0,0,0,0,0.04825,3.53789333333333,18.4439466666667,29.6679366666667,27.618475,26.8875683333333,32.25718,41.6137933333333,59.3529333333333,30.9002033333333,15.3725333333333,8.91765166666667,5.29047333333333,4.04849,3.37948333333333,3.11997666666667,2.85173166666667,1.52247166666667,0.819691666666667,0.462035,0.366386666666667,0.314543333333333,0.268593333333333,0.257363333333333,0.229353333333333,0.199851666666667,0.187503333333333,0.172975,0.134971666666667,0.129795,0.11409,0.08415,0.0664,0.0511216666666667,0.0421566666666667,0.03801,0.03275,0.0192016666666667,0.02434,0.0169116666666667,0.016995,0.01298,0.00847666666666667,0.00953333333333333,0.007265,0.00248333333333333,0.00365166666666667,0.0039,0.00507,0.00127833333333333,0.001835,0.002835,0.000175,0.000678333333333333,0.00128,0.000748333333333333,0.000913333333333333,0.000461666666666667,0.00154,0.00015,0.00042,0.000418333333333333,0.000833333333333333,0,0,0.0000433333333333333,0.000126666666666667,0.000136666666666667,0.000146666666666667,0.000156666666666667,0.000166666666666667,0.00005,0,1,0,0,0,0,0,0,1,1,1,1,1,1,1,1,1,1,1,1,1,1,1,1,1,1,1,1,1,1,1,1,1,1,1,1,1,1,1,1,1,1,1,1,1,1,1,1,1,1,1,1,1,1,1,1,1,1,1,1,1,1,1,1,1,1,1,1,1,1,1,1,1,1,1,1,1,1,1,1,0
2026-07-16 05:00:00,318.626627066667,0,0,0,0,0,0,0.0632066666666667,3.66654166666667,19.6326366666667,32.0257866666667,29.4547233333333,28.1769883333333,33.337525,41.5376466666667,58.6045066666667,29.1270183333333,14.248065,8.11093333333333,4.77683,3.63979166666667,3.14533666666667,2.912325,2.64315333333333,1.442845,0.795023333333333,0.434905,0.323935,0.295823333333333,0.24019,0.229428333333333,0.228483333333333,0.172698333333333,0.173841666666667,0.145855,0.127168333333333,0.129358333333333,0.0986783333333333,0.0822633333333333,0.055985,0.046845,0.0366966666666667,0.03303,0.0279766666666667,0.0184233333333333,0.0197266666666667,0.0238683333333333,0.0135583333333333,0.0151183333333333,0.0114816666666667,0.00823666666666667,0.00989166666666667,0.007475,0.006265,0.00328333333333333,0.00451666666666667,0.00553,0.00329666666666667,0.00340833333333333,0.00149333333333333,0.00203833333333333,0.000853333333333333,0.000425,0.000811666666666667,0.00119333333333333,0.000115,0.000705,0.000558333333333333,0.000418333333333333,0,0,0,0.0000216666666666667,0.0000633333333333333,0.0000683333333333333,0.0000733333333333333,0.0000783333333333333,0.0000833333333333333,0.000025,0,1,0,0,0,0,0,0,1,1,1,1,1,1,1,1,1,1,1,1,1,1,1,1,1,1,1,1,1,1,1,1,1,1,1,1,1,1,1,1,1,1,1,1,1,1,1,1,1,1,1,1,1,1,1,1,1,1,1,1,1,1,1,1,1,1,1,1,1,1,1,1,1,1,1,1,1,1,1,1,0
2026-07-16 06:00:00,329.606634583333,0,0,0,0,0,0,0.0482016666666667,3.65729166666667,19.12713,31.2760733333333,29.202485,28.6547033333333,34.3001766666667,42.88338,59.093025,30.2849666666667,15.5551566666667,9.06112833333333,5.430675,4.2629,3.77598833333333,3.48856333333333,3.14963,1.69106666666667,0.920056666666667,0.489026666666667,0.342003333333333,0.3245,0.252055,0.251436666666667,0.223453333333333,0.189546666666667,0.168891666666667,0.153098333333333,0.129921666666667,0.105856666666667,0.0971683333333333,0.06998,0.06511,0.0513883333333333,0.037875,0.03934,0.0210066666666667,0.026475,0.018615,0.0154933333333333,0.0120683333333333,0.01272,0.00891666666666667,0.00743,0.00747,0.00458,0.00658166666666667,0.00387333333333333,0.00324,0.00493666666666667,0.00214833333333333,0.004665,0.00100833333333333,0.003745,0.00275,0.000661666666666667,0.00085,0,0.00126833333333333,0.000705,0.000138333333333333,0,0.000416666666666667,0,0.000413333333333333,0.000541666666666667,0.00038,0.00041,0.00044,0.00047,0.0005,0.00015,0,1,0,0,0,0,0,0,1,1,1,1,1,1,1,1,1,1,1,1,1,1,1,1,1,1,1,1,1,1,1,1,1,1,1,1,1,1,1,1,1,1,1,1,1,1,1,1,1,1,1,1,1,1,1,1,1,1,1,1,1,1,1,1,1,1,1,1,1,1,1,1,1,1,1,1,1,1,1,1,0
2026-07-16 07:00:00,360.708419333333,0,0,0,0,0,0,0.0558966666666667,3.63987666666667,18.36405,30.056295,29.17755,30.3205833333333,37.8685016666667,50.71962,62.6649616666667,30.5912983333333,19.157765,11.455115,7.54812833333333,6.20992166666667,5.559555,5.57210833333333,4.75021833333333,2.20005166666667,1.22873,0.59208,0.464656666666667,0.354348333333333,0.278763333333333,0.241718333333333,0.204315,0.201751666666667,0.172423333333333,0.151573333333333,0.129686666666667,0.122376666666667,0.08967,0.0856266666666667,0.0758516666666667,0.04489,0.0364633333333333,0.0389966666666667,0.0326383333333333,0.0238166666666667,0.01985,0.0210266666666667,0.01481,0.012305,0.0122466666666667,0.013205,0.010195,0.00628833333333333,0.00573833333333333,0.00766,0.00382166666666667,0.00284833333333333,0.00496,0.00576166666666667,0.00274666666666667,0.002715,0.00170666666666667,0.003095,0.00239166666666667,0.00123166666666667,0.00203666666666667,0.002265,0.000415,0.000418333333333333,0.000833333333333333,0.00083,0.00016,0.000361666666666667,0.000316666666666667,0.000341666666666667,0.000366666666666667,0.000391666666666667,0.000416666666666667,0.000125,0,1,0,0,0,0,0,0,1,1,1,1,1,1,1,1,1,1,1,1,1,1,1,1,1,1,1,1,1,1,1,1,1,1,1,1,1,1,1,1,1,1,1,1,1,1,1,1,1,1,1,1,1,1,1,1,1,1,1,1,1,1,1,1,1,1,1,1,1,1,1,1,1,1,1,1,1,1,1,1,0
2026-07-16 08:00:00,377.053254166667,0,0,0,0,0,0,0.05058,3.207275,17.573105,29.7071883333333,29.8262183333333,31.7156583333333,40.5855866666667,57.9926033333333,60.12954,29.6090066666667,20.4766966666667,12.46882,8.71216666666667,7.31638833333333,6.77485,6.96955166666667,5.49652,2.58607833333333,1.40438166666667,0.705706666666667,0.481526666666667,0.410773333333333,0.297181666666667,0.270308333333333,0.197323333333333,0.204685,0.1612,0.170876666666667,0.140803333333333,0.121176666666667,0.09601,0.0749766666666667,0.07431,0.05058,0.0471716666666667,0.0356883333333333,0.0282116666666667,0.0259766666666667,0.0241283333333333,0.02343,0.0226383333333333,0.0190066666666667,0.0153783333333333,0.01138,0.01076,0.00956833333333333,0.00912333333333333,0.01032,0.00673666666666667,0.00817166666666667,0.00447333333333333,0.00298166666666667,0.00388833333333333,0.00606,0.00483666666666667,0.005405,0.00249333333333333,0.00207833333333333,0.00196,0.00317666666666667,0.00154833333333333,0.00258166666666667,0.001335,0.00121666666666667,0.000573333333333333,0.000925,0.00076,0.00082,0.00088,0.00094,0.001,0.0003,0,1,0,0,0,0,0,0,1,1,1,1,1,1,1,1,1,1,1,1,1,1,1,1,1,1,1,1,1,1,1,1,1,1,1,1,1,1,1,1,1,1,1,1,1,1,1,1,1,1,1,1,1,1,1,1,1,1,1,1,1,1,1,1,1,1,1,1,1,1,1,1,1,1,1,1,1,1,1,1,0
2026-07-16 09:00:00,375.847046416667,0,0,0,0,0,0,0.0524483333333333,3.598855,19.0365716666667,31.23989,30.4056683333333,32.5421383333333,41.591795,60.7280983333333,55.10302,28.3520466666667,19.0544333333333,11.52441,8.23357333333333,7.19182333333333,6.653795,6.83265333333333,4.83388666666667,2.38450166666667,1.22679166666667,0.665923333333333,0.457705,0.37897,0.254355,0.248893333333333,0.194203333333333,0.19009,0.160071666666667,0.14081,0.138055,0.116438333333333,0.0998566666666667,0.0971566666666667,0.0728933333333333,0.0503983333333333,0.045865,0.0382283333333333,0.0289616666666667,0.03118,0.03023,0.0252683333333333,0.0243483333333333,0.0257016666666667,0.0199216666666667,0.0204683333333333,0.0147566666666667,0.0109133333333333,0.01347,0.0116766666666667,0.00932833333333333,0.00854333333333333,0.00771166666666667,0.00977166666666667,0.00646,0.006385,0.00464666666666667,0.00377166666666667,0.00385,0.00254,0.00245833333333333,0.00297,0.00378166666666667,0.001765,0.00131666666666667,0.00114833333333333,0.00048,0.00119166666666667,0.00107666666666667,0.00115666666666667,0.00124166666666667,0.00133166666666667,0.00142166666666667,0.00042,0,1,0,0,0,0,0,0,1,1,1,1,1,1,1,1,1,1,1,1,1,1,1,1,1,1,1,1,1,1,1,1,1,1,1,1,1,1,1,1,1,1,1,1,1,1,1,1,1,1,1,1,1,1,1,1,1,1,1,1,1,1,1,1,1,1,1,1,1,1,1,1,1,1,1,1,1,1,1,1,0
2026-07-16 10:00:00,350.941884916667,0,0,0,0,0,0,0.065555,4.11913333333333,21.0029466666667,33.56107,31.3715216666667,31.9509633333333,39.5701816666667,55.2044533333333,51.091065,26.733385,16.053005,9.50524333333333,6.363765,5.40178,4.88246833333333,5.04687666666667,3.557105,1.73357666666667,0.914153333333333,0.47782,0.350715,0.289546666666667,0.217755,0.20856,0.153651666666667,0.162995,0.1258,0.121898333333333,0.12051,0.089395,0.097285,0.082185,0.057755,0.046185,0.033495,0.033035,0.0336716666666667,0.0205166666666667,0.022265,0.0244733333333333,0.0192816666666667,0.016055,0.0187783333333333,0.0105883333333333,0.0142233333333333,0.0142833333333333,0.01321,0.01222,0.0113366666666667,0.00926166666666667,0.00756833333333333,0.00790833333333333,0.00566333333333333,0.00536,0.00336666666666667,0.00559333333333333,0.00589333333333333,0.00254,0.00291833333333333,0.002335,0.00195166666666667,0.00205166666666667,0.00276,0.00268333333333333,0.00181333333333333,0.00252833333333333,0.000633333333333333,0.000683333333333333,0.000733333333333333,0.000783333333333333,0.000833333333333333,0.00025,0,1,0,0,0,0,0,0,1,1,1,1,1,1,1,1,1,1,1,1,1,1,1,1,1,1,1,1,1,1,1,1,1,1,1,1,1,1,1,1,1,1,1,1,1,1,1,1,1,1,1,1,1,1,1,1,1,1,1,1,1,1,1,1,1,1,1,1,1,1,1,1,1,1,1,1,1,1,1,1,0
2026-07-16 11:00:00,288.15850095,0,0,0,0,0,0,0.0702716666666667,4.26997166666667,21.7897583333333,33.8499683333333,30.2776716666667,28.3573233333333,32.03582,40.0317316666667,43.2790566666667,22.1578166666667,10.4062,5.78516666666667,3.59774333333333,2.71095833333333,2.375245,2.29087166666667,1.77859333333333,0.979056666666667,0.515365,0.310583333333333,0.237716666666667,0.18909,0.16127,0.15959,0.136308333333333,0.12421,0.10909,0.0998783333333333,0.0877433333333333,0.0885733333333333,0.0746933333333333,0.0633716666666667,0.056505,0.033355,0.0302116666666667,0.0208366666666667,0.0242016666666667,0.0206333333333333,0.0182083333333333,0.0243566666666667,0.015735,0.01685,0.011835,0.012425,0.0134933333333333,0.010935,0.01212,0.007615,0.00899,0.00784166666666667,0.007025,0.00520833333333333,0.00774166666666667,0.00434666666666667,0.004455,0.002685,0.006245,0.00769833333333333,0.00575666666666667,0.00410333333333333,0.00481833333333333,0.00268666666666667,0.00212166666666667,0.001005,0.00164,0.000903333333333333,0.000696666666666667,0.00075,0.000805,0.000861666666666667,0.000918333333333333,0.000273333333333333,0,1,0,0,0,0,0,0,1,1,1,1,1,1,1,1,1,1,1,1,1,1,1,1,1,1,1,1,1,1,1,1,1,1,1,1,1,1,1,1,1,1,1,1,1,1,1,1,1,1,1,1,1,1,1,1,1,1,1,1,1,1,1,1,1,1,1,1,1,1,1,1,1,1,1,1,1,1,1,1,0
2026-07-16 12:00:00,261.569594866667,0,0,0,0,0,0,0.066225,4.00382833333333,20.6540683333333,32.3733533333333,28.24274,25.45333,28.4367766666667,33.8671966666667,40.2008683333333,22.005535,8.82886666666667,4.78417,2.70240833333333,1.93059333333333,1.64357833333333,1.51498833333333,1.26881833333333,0.745236666666667,0.411923333333333,0.241648333333333,0.186346666666667,0.163873333333333,0.136856666666667,0.133421666666667,0.0950483333333333,0.108743333333333,0.0817516666666667,0.0906666666666667,0.0737333333333333,0.0595883333333333,0.051055,0.0488266666666667,0.0409183333333333,0.03251,0.024965,0.024385,0.0220633333333333,0.016435,0.01769,0.012335,0.0146133333333333,0.014695,0.0119916666666667,0.010065,0.0123616666666667,0.00633666666666667,0.00836833333333333,0.007235,0.00632333333333333,0.00325333333333333,0.0043,0.00553166666666667,0.00570166666666667,0.00239,0.00170666666666667,0.00414833333333333,0.00385,0.00169333333333333,0.00442333333333333,0.00128833333333333,0.00224333333333333,0.00134666666666667,0.000676666666666667,0.000608333333333333,0.00016,0.00181333333333333,0.00095,0.00102333333333333,0.00109833333333333,0.001175,0.00125166666666667,0.000373333333333333,0,1,0,0,0,0,0,0,1,1,1,1,1,1,1,1,1,1,1,1,1,1,1,1,1,1,1,1,1,1,1,1,1,1,1,1,1,1,1,1,1,1,1,1,1,1,1,1,1,1,1,1,1,1,1,1,1,1,1,1,1,1,1,1,1,1,1,1,1,1,1,1,1,1,1,1,1,1,1,1,0
2026-07-16 13:00:00,264.135247,0,0,0,0,0,0,0.05604,3.90053833333333,20.801375,32.3796066666667,27.9288966666667,25.412615,28.222045,33.9294266666667,41.0083433333333,23.71553,9.18845333333333,5.02838,2.76807833333333,1.94071,1.64676166666667,1.47498666666667,1.38234,0.77479,0.402761666666667,0.239568333333333,0.180695,0.178373333333333,0.142613333333333,0.141925,0.113335,0.09621,0.0936416666666667,0.0901266666666667,0.0644833333333333,0.0614216666666667,0.060435,0.04742,0.035435,0.0284766666666667,0.0226616666666667,0.01878,0.016895,0.016055,0.0175566666666667,0.0150583333333333,0.0177166666666667,0.01229,0.011845,0.0117033333333333,0.008135,0.00754166666666667,0.00578833333333333,0.00620666666666667,0.00530833333333333,0.00452166666666667,0.00387166666666667,0.00513,0.00362333333333333,0.00392333333333333,0.00341333333333333,0.00149666666666667,0.00140166666666667,0.00254,0.002115,0.002895,0.00168166666666667,0.001785,0.000658333333333333,0.00143833333333333,0.000413333333333333,0.00192833333333333,0.000823333333333333,0.000886666666666667,0.000951666666666667,0.00101833333333333,0.001085,0.000323333333333333,0,1,0,0,0,0,0,0,1,1,1,1,1,1,1,1,1,1,1,1,1,1,1,1,1,1,1,1,1,1,1,1,1,1,1,1,1,1,1,1,1,1,1,1,1,1,1,1,1,1,1,1,1,1,1,1,1,1,1,1,1,1,1,1,1,1,1,1,1,1,1,1,1,1,1,1,1,1,1,1,0
2026-07-16 14:00:00,267.58872735,0,0,0,0,0,0,0.067715,3.949725,20.8187283333333,32.7951266666667,28.2440233333333,25.7745566666667,28.420325,34.3018633333333,41.7946483333333,24.5862966666667,9.39781,5.21280166666667,2.86286333333333,2.01778,1.70375666666667,1.51992,1.407525,0.800861666666667,0.418038333333333,0.24291,0.191711666666667,0.167741666666667,0.135545,0.132451666666667,0.107786666666667,0.0983316666666667,0.0747616666666667,0.0773333333333333,0.0675233333333333,0.06412,0.0528133333333333,0.048165,0.04626,0.0291566666666667,0.025425,0.0201216666666667,0.01734,0.0119816666666667,0.01553,0.0107816666666667,0.0128683333333333,0.0131133333333333,0.00825833333333333,0.0104366666666667,0.0109166666666667,0.00676666666666667,0.00636,0.007195,0.0103366666666667,0.00692833333333333,0.00478833333333333,0.00389833333333333,0.00374333333333333,0.00460166666666667,0.00317666666666667,0.00290666666666667,0.00393833333333333,0.00184666666666667,0.00334333333333333,0.00261166666666667,0.00238333333333333,0.00138666666666667,0.00147333333333333,0.00119666666666667,0.00122666666666667,0.00138,0.000886666666666667,0.000953333333333333,0.00102333333333333,0.00109666666666667,0.00117,0.000346666666666667,0,1,0,0,0,0,0,0,1,1,1,1,1,1,1,1,1,1,1,1,1,1,1,1,1,1,1,1,1,1,1,1,1,1,1,1,1,1,1,1,1,1,1,1,1,1,1,1,1,1,1,1,1,1,1,1,1,1,1,1,1,1,1,1,1,1,1,1,1,1,1,1,1,1,1,1,1,1,1,1,0
2026-07-16 15:00:00,257.320078516667,0,0,0,0,0,0,0.0573416666666667,3.63193,19.3696116666667,30.72232,26.9270883333333,24.7754733333333,27.0213116666667,31.8935316666667,39.3443616666667,26.5252716666667,9.616555,5.24995833333333,2.82636,1.88102333333333,1.629215,1.46469666666667,1.27674666666667,0.81115,0.41811,0.232391666666667,0.170853333333333,0.14946,0.123295,0.10791,0.0925216666666667,0.0853133333333333,0.070985,0.0742916666666667,0.0578383333333333,0.04879,0.041125,0.0388366666666667,0.03106,0.0282033333333333,0.020915,0.02075,0.0157116666666667,0.00965,0.0134966666666667,0.01552,0.0112066666666667,0.01127,0.01141,0.00988666666666667,0.00516333333333333,0.00703833333333333,0.00710666666666667,0.00508,0.00257166666666667,0.00363,0.0043,0.005275,0.00613833333333333,0.00435,0.00123333333333333,0.00334666666666667,0.00137666666666667,0.00211666666666667,0.000843333333333333,0.00239166666666667,0.00223833333333333,0.001235,0.000851666666666667,0.000415,0.000413333333333333,0.00184166666666667,0.00057,0.000615,0.00066,0.000705,0.00075,0.000225,0,1,0,0,0,0,0,0,1,1,1,1,1,1,1,1,1,1,1,1,1,1,1,1,1,1,1,1,1,1,1,1,1,1,1,1,1,1,1,1,1,1,1,1,1,1,1,1,1,1,1,1,1,1,1,1,1,1,1,1,1,1,1,1,1,1,1,1,1,1,1,1,1,1,1,1,1,1,1,1,0
2026-07-16 16:00:00,259.914501416667,0,0,0,0,0,0,0.0524183333333333,3.64183333333333,19.5701616666667,31.10081,27.29834,24.8001116666667,27.6875216666667,32.4712333333333,39.79498,27.142885,9.92632333333333,5.43594333333333,2.874225,2.014705,1.68416166666667,1.51803333333333,1.37148666666667,0.827065,0.453388333333333,0.246266666666667,0.176666666666667,0.162788333333333,0.126751666666667,0.107778333333333,0.096455,0.073845,0.07162,0.0569966666666667,0.0539316666666667,0.0452633333333333,0.0351333333333333,0.030935,0.0298016666666667,0.0246666666666667,0.0238466666666667,0.0161883333333333,0.0167766666666667,0.0137216666666667,0.00962,0.0131883333333333,0.0129966666666667,0.00893833333333333,0.0103383333333333,0.00961666666666667,0.007725,0.00834166666666667,0.00525166666666667,0.00791,0.00904833333333333,0.00600833333333333,0.00260833333333333,0.003295,0.00348333333333333,0.00128,0.00128,0.00277166666666667,0.00140166666666667,0.00219333333333333,0.00119166666666667,0.000358333333333333,0.000138333333333333,0.000418333333333333,0.000833333333333333,0.00117666666666667,0.00121333333333333,0.000831666666666667,0.00095,0.00102333333333333,0.00109833333333333,0.001175,0.00125166666666667,0.000373333333333333,0,1,0,0,0,0,0,0,1,1,1,1,1,1,1,1,1,1,1,1,1,1,1,1,1,1,1,1,1,1,1,1,1,1,1,1,1,1,1,1,1,1,1,1,1,1,1,1,1,1,1,1,1,1,1,1,1,1,1,1,1,1,1,1,1,1,1,1,1,1,1,1,1,1,1,1,1,1,1,1,0
2026-07-16 17:00:00,257.583059183333,0,0,0,0,0,0,0.0645366666666667,3.46456333333333,18.8105866666667,30.115815,26.449585,24.6772883333333,27.1343566666667,32.1811933333333,39.306895,27.4424633333333,9.874135,5.4846,2.89809333333333,1.99351333333333,1.69495,1.473365,1.31415,0.83557,0.399335,0.239018333333333,0.164038333333333,0.13885,0.110248333333333,0.117593333333333,0.0983133333333333,0.0802966666666667,0.0709333333333333,0.0607333333333333,0.048115,0.04875,0.0373,0.0369083333333333,0.0279633333333333,0.0190666666666667,0.0188183333333333,0.0160283333333333,0.0139,0.01391,0.0105433333333333,0.0108766666666667,0.0104783333333333,0.0142083333333333,0.00776333333333333,0.00662833333333333,0.008855,0.00669833333333333,0.00478333333333333,0.00531666666666667,0.00737,0.0055,0.002895,0.00329666666666667,0.00357,0.001785,0.00298666666666667,0.00244833333333333,0.00176333333333333,0.00254,0.00215166666666667,0.00168666666666667,0.000996666666666667,0.0011,0.000833333333333333,0.00083,0.000826666666666667,0.00128,0.000126666666666667,0.000136666666666667,0.000146666666666667,0.000156666666666667,0.000166666666666667,0.00005,0,1,0,0,0,0,0,0,1,1,1,1,1,1,1,1,1,1,1,1,1,1,1,1,1,1,1,1,1,1,1,1,1,1,1,1,1,1,1,1,1,1,1,1,1,1,1,1,1,1,1,1,1,1,1,1,1,1,1,1,1,1,1,1,1,1,1,1,1,1,1,1,1,1,1,1,1,1,1,1,0
2026-07-16 18:00:00,258.166485066667,0,0,0,0,0,0,0.0608216666666667,3.42969166666667,18.4802,29.713495,26.555065,24.44794,27.2860316666667,32.5613766666667,39.98692,27.2460666666667,9.9631,5.49573166666667,3.01566333333333,2.04353666666667,1.67686,1.55106166666667,1.36668833333333,0.827025,0.441936666666667,0.24313,0.178131666666667,0.144226666666667,0.117736666666667,0.129651666666667,0.0942833333333333,0.0920133333333333,0.0734933333333333,0.0677866666666667,0.0495683333333333,0.0473533333333333,0.0436083333333333,0.0345683333333333,0.0278716666666667,0.02386,0.019935,0.0164233333333333,0.0154233333333333,0.0143216666666667,0.0142516666666667,0.0112183333333333,0.00809666666666667,0.00877166666666667,0.0102933333333333,0.00776166666666667,0.00458,0.00428333333333333,0.00860166666666667,0.00290333333333333,0.00562833333333333,0.005,0.00332666666666667,0.00375,0.00406166666666667,0.00417,0.00464666666666667,0.00186833333333333,0.002005,0.002425,0.00130666666666667,0.00120166666666667,0.00139833333333333,0.000816666666666667,0.000658333333333333,0.00161166666666667,0.00106666666666667,0.000173333333333333,0.000506666666666667,0.000546666666666667,0.000586666666666667,0.000626666666666667,0.000666666666666667,0.0002,0,1,0,0,0,0,0,0,1,1,1,1,1,1,1,1,1,1,1,1,1,1,1,1,1,1,1,1,1,1,1,1,1,1,1,1,1,1,1,1,1,1,1,1,1,1,1,1,1,1,1,1,1,1,1,1,1,1,1,1,1,1,1,1,1,1,1,1,1,1,1,1,1,1,1,1,1,1,1,1,0
2026-07-16 19:00:00,259.595059466667,0,0,0,0,0,0,0.0530533333333333,3.60731,19.193675,30.1823166666667,26.6838633333333,24.56729,27.30745,32.388415,39.61451,27.86492,9.97043333333333,5.51263833333333,2.97702833333333,2.09486166666667,1.745455,1.55799166666667,1.38508666666667,0.842173333333333,0.445386666666667,0.245483333333333,0.185513333333333,0.150246666666667,0.124215,0.106346666666667,0.0817216666666667,0.08405,0.0634166666666667,0.0609283333333333,0.0593666666666667,0.0504316666666667,0.03953,0.0301733333333333,0.0296566666666667,0.0182333333333333,0.01806,0.0197,0.0195466666666667,0.01656,0.0120983333333333,0.013925,0.0112683333333333,0.0111316666666667,0.00938833333333333,0.008505,0.00477,0.00799833333333333,0.00698833333333333,0.00411,0.00431333333333333,0.00387166666666667,0.00344333333333333,0.00358,0.00149166666666667,0.00417166666666667,0.00147,0.00173333333333333,0.00144,0.00169333333333333,0.000731666666666667,0.001415,0.00042,0.001235,0.0000183333333333333,0.00166,0.000413333333333333,0.000541666666666667,0.00038,0.00041,0.00044,0.00047,0.0005,0.00015,0,1,0,0,0,0,0,0,1,1,1,1,1,1,1,1,1,1,1,1,1,1,1,1,1,1,1,1,1,1,1,1,1,1,1,1,1,1,1,1,1,1,1,1,1,1,1,1,1,1,1,1,1,1,1,1,1,1,1,1,1,1,1,1,1,1,1,1,1,1,1,1,1,1,1,1,1,1,1,1,0
2026-07-16 20:00:00,273.20432085,0,0,0,0,0,0,0.065575,4.174025,21.1298466666667,32.9608833333333,29.0160783333333,26.2318183333333,28.3378183333333,32.65667,39.81485,30.0335833333333,10.27409,5.60337166666667,3.02620666666667,2.12245833333333,1.77003666666667,1.607945,1.43174666666667,0.879311666666667,0.462776666666667,0.26477,0.194423333333333,0.16215,0.130363333333333,0.111843333333333,0.102426666666667,0.0821916666666667,0.0760833333333333,0.0681616666666667,0.056085,0.0462033333333333,0.0448433333333333,0.037125,0.0301533333333333,0.0241066666666667,0.0190483333333333,0.0181616666666667,0.020405,0.01836,0.0161516666666667,0.0119466666666667,0.012725,0.0112366666666667,0.0102633333333333,0.0120216666666667,0.0112666666666667,0.00669666666666667,0.00408333333333333,0.00793333333333333,0.00547666666666667,0.00426666666666667,0.00507333333333333,0.003325,0.0027,0.00339833333333333,0.00441,0.00380666666666667,0.00158,0.00377166666666667,0.00123,0.00162333333333333,0.000846666666666667,0.000968333333333333,0.00147333333333333,0.000781666666666667,0.000653333333333333,0.000151666666666667,0.000443333333333333,0.000478333333333333,0.000513333333333333,0.000548333333333333,0.000583333333333333,0.000175,0,1,0,0,0,0,0,0,1,1,1,1,1,1,1,1,1,1,1,1,1,1,1,1,1,1,1,1,1,1,1,1,1,1,1,1,1,1,1,1,1,1,1,1,1,1,1,1,1,1,1,1,1,1,1,1,1,1,1,1,1,1,1,1,1,1,1,1,1,1,1,1,1,1,1,1,1,1,1,1,0
2026-07-16 21:00:00,277.491092383333,0,0,0,0,0,0,0.0748033333333333,4.55144333333333,22.7145566666667,34.7730683333333,30.2597433333333,27.20877,28.9321666666667,33.063535,40.0486433333333,28.3219516666667,9.78313,5.39112833333333,2.89772833333333,2.03669833333333,1.76223333333333,1.630575,1.43829166666667,0.916148333333333,0.475135,0.281121666666667,0.206885,0.174846666666667,0.12709,0.135825,0.0924216666666667,0.0984016666666667,0.0785133333333333,0.0693816666666667,0.0709683333333333,0.0495333333333333,0.0469716666666667,0.0420116666666667,0.0314083333333333,0.0301,0.025075,0.0209766666666667,0.0161966666666667,0.015315,0.019585,0.0175833333333333,0.0108983333333333,0.0111633333333333,0.01248,0.00759,0.0123233333333333,0.00708666666666667,0.00846,0.00544833333333333,0.006745,0.00577333333333333,0.002465,0.00538833333333333,0.00345,0.004525,0.00360333333333333,0.00333166666666667,0.00440166666666667,0.00377166666666667,0.00265166666666667,0.00162333333333333,0.00181833333333333,0.00207166666666667,0.00210166666666667,0.00141833333333333,0.000653333333333333,0.000693333333333333,0.000823333333333333,0.000886666666666667,0.000951666666666667,0.00101833333333333,0.001085,0.000323333333333333,0,1,0,0,0,0,0,0,1,1,1,1,1,1,1,1,1,1,1,1,1,1,1,1,1,1,1,1,1,1,1,1,1,1,1,1,1,1,1,1,1,1,1,1,1,1,1,1,1,1,1,1,1,1,1,1,1,1,1,1,1,1,1,1,1,1,1,1,1,1,1,1,1,1,1,1,1,1,1,1,0
2026-07-16 22:00:00,296.269142666667,0,0,0,0,0,0,0.0825983333333333,5.14507333333333,25.4327733333333,38.5656116666667,33.1059566666667,29.2731416666667,30.4828183333333,34.3869266666667,40.9926883333333,29.212195,9.909105,5.360925,2.93520333333333,2.06373,1.816805,1.66901666666667,1.516265,0.931416666666667,0.507438333333333,0.296281666666667,0.236445,0.199921666666667,0.154856666666667,0.147136666666667,0.112755,0.128088333333333,0.0902466666666667,0.0844833333333333,0.0689566666666667,0.0721166666666667,0.05311,0.0403466666666667,0.038885,0.0307133333333333,0.0269416666666667,0.0211483333333333,0.0182783333333333,0.01967,0.0198183333333333,0.0123016666666667,0.0180966666666667,0.0115583333333333,0.01128,0.0101866666666667,0.00842,0.009755,0.00884333333333333,0.0137883333333333,0.00829333333333333,0.004355,0.00803,0.00318166666666667,0.00618166666666667,0.00296833333333333,0.00313,0.00348166666666667,0.00306333333333333,0.002195,0.00107833333333333,0.00233833333333333,0.00154333333333333,0.00218333333333333,0.00128666666666667,0,0.000826666666666667,0.000585,0.000506666666666667,0.000546666666666667,0.000586666666666667,0.000626666666666667,0.000666666666666667,0.0002,0,1,0,0,0,0,0,0,1,1,1,1,1,1,1,1,1,1,1,1,1,1,1,1,1,1,1,1,1,1,1,1,1,1,1,1,1,1,1,1,1,1,1,1,1,1,1,1,1,1,1,1,1,1,1,1,1,1,1,1,1,1,1,1,1,1,1,1,1,1,1,1,1,1,1,1,1,1,1,1,0
2026-07-16 23:00:00,302.336204583333,0,0,0,0,0,0,0.0794666666666667,5.37183833333333,26.9449683333333,40.9727983333333,34.5541933333333,30.15087,31.2613016666667,34.7284733333333,41.2941266666667,29.2179666666667,9.83603166666667,5.16843666666667,2.7961,1.992855,1.74967166666667,1.53714833333333,1.40675833333333,0.893203333333333,0.488533333333333,0.284288333333333,0.210225,0.18125,0.141821666666667,0.133225,0.1225,0.108911666666667,0.0913133333333333,0.0778133333333333,0.0737566666666667,0.0532533333333333,0.051195,0.0468083333333333,0.0380466666666667,0.0210816666666667,0.0188333333333333,0.01992,0.0156833333333333,0.0168016666666667,0.0201083333333333,0.0210583333333333,0.0109866666666667,0.006905,0.0103616666666667,0.0118,0.0115383333333333,0.00909,0.00722166666666667,0.00946666666666667,0.007465,0.00432333333333333,0.00639333333333333,0.00280833333333333,0.00424,0.00570666666666667,0.00422,0.00174833333333333,0.00289833333333333,0.002925,0.00157666666666667,0.00205666666666667,0.00111666666666667,0.000816666666666667,0.000435,0,0.000413333333333333,0.00182,0.000506666666666667,0.000546666666666667,0.000586666666666667,0.000626666666666667,0.000666666666666667,0.0002,0,1,0,0,0,0,0,0,1,1,1,1,1,1,1,1,1,1,1,1,1,1,1,1,1,1,1,1,1,1,1,1,1,1,1,1,1,1,1,1,1,1,1,1,1,1,1,1,1,1,1,1,1,1,1,1,1,1,1,1,1,1,1,1,1,1,1,1,1,1,1,1,1,1,1,1,1,1,1,1,0
2026-07-17,273.899067166667,0,0,0,0,0,0,0.0825516666666667,4.864175,24.6335933333333,37.5714083333333,31.9576733333333,27.92867,28.9917233333333,31.9054766666667,37.8154983333333,25.014115,8.25302333333333,4.38426666666667,2.33870666666667,1.67316833333333,1.44860833333333,1.35373,1.20663,0.732985,0.426335,0.237936666666667,0.174823333333333,0.162525,0.129975,0.120386666666667,0.0988583333333333,0.0857966666666667,0.0724666666666667,0.0652,0.0706116666666667,0.0522316666666667,0.0530016666666667,0.0347966666666667,0.0312366666666667,0.02422,0.0187216666666667,0.0160316666666667,0.0135883333333333,0.0158416666666667,0.0139916666666667,0.00813166666666667,0.0107816666666667,0.01104,0.01082,0.01111,0.00755666666666667,0.00829333333333333,0.00508666666666667,0.0039,0.00609333333333333,0.00548333333333333,0.00367,0.00292333333333333,0.00240333333333333,0.00374666666666667,0.00189666666666667,0.000985,0.00180166666666667,0.000846666666666667,0.001615,0.000358333333333333,0.000558333333333333,0.000816666666666667,0.000241666666666667,0.000781666666666667,0.00024,0.00013,0.00038,0.00041,0.00044,0.00047,0.0005,0.00015,0,1,0,0,0,0,0,0,1,1,1,1,1,1,1,1,1,1,1,1,1,1,1,1,1,1,1,1,1,1,1,1,1,1,1,1,1,1,1,1,1,1,1,1,1,1,1,1,1,1,1,1,1,1,1,1,1,1,1,1,1,1,1,1,1,1,1,1,1,1,1,1,1,1,1,1,1,1,1,1,0
2026-07-17 01:00:00,270.701375633333,0,0,0,0,0,0,0.0726783333333333,4.24215666666667,21.9159666666667,34.5819783333333,30.5996316666667,27.6126883333333,29.491055,33.3033,39.9384266666667,22.19485,8.617885,4.786795,2.68977666666667,2.00476666666667,1.71316333333333,1.589645,1.485605,0.890903333333333,0.487545,0.277025,0.205153333333333,0.16928,0.139578333333333,0.135495,0.11744,0.0981516666666667,0.0976283333333333,0.0790416666666667,0.0645533333333333,0.0674433333333333,0.0542083333333333,0.0425733333333333,0.03519,0.0297833333333333,0.0245066666666667,0.0224033333333333,0.0187033333333333,0.0161183333333333,0.0114866666666667,0.0197133333333333,0.0111183333333333,0.0102583333333333,0.00878333333333333,0.007355,0.00772166666666667,0.00754,0.00674333333333333,0.00562666666666667,0.00717666666666667,0.00531666666666667,0.00602166666666667,0.00389666666666667,0.00271166666666667,0.00264333333333333,0.00232333333333333,0.001835,0.00215,0.00173166666666667,0.00249833333333333,0.00246666666666667,0.000426666666666667,0.000131666666666667,0.00105666666666667,0.000781666666666667,0.00024,0.00052,0.000316666666666667,0.000341666666666667,0.000366666666666667,0.000391666666666667,0.000416666666666667,0.000125,0,1,0,0,0,0,0,0,1,1,1,1,1,1,1,1,1,1,1,1,1,1,1,1,1,1,1,1,1,1,1,1,1,1,1,1,1,1,1,1,1,1,1,1,1,1,1,1,1,1,1,1,1,1,1,1,1,1,1,1,1,1,1,1,1,1,1,1,1,1,1,1,1,1,1,1,1,1,1,1,0
2026-07-17 02:00:00,283.174764783333,0,0,0,0,0,0,0.0745533333333333,4.375915,21.71529,33.281665,29.754935,27.7595716666667,30.6551983333333,35.2865316666667,44.5370833333333,23.8536333333333,10.1213283333333,5.8135,3.41545833333333,2.62014166666667,2.30197666666667,2.15615166666667,2.02882166666667,1.15537,0.648846666666667,0.342951666666667,0.263481666666667,0.210528333333333,0.182171666666667,0.156503333333333,0.147741666666667,0.121793333333333,0.108155,0.0941033333333333,0.086655,0.0771033333333333,0.0634616666666667,0.0519183333333333,0.0409383333333333,0.0400216666666667,0.0295533333333333,0.0230933333333333,0.0208816666666667,0.0152833333333333,0.0225983333333333,0.0166983333333333,0.0131566666666667,0.00976833333333333,0.01149,0.01046,0.00891833333333333,0.00708666666666667,0.00717666666666667,0.00649166666666667,0.00679666666666667,0.00563833333333333,0.00573333333333333,0.00424333333333333,0.00236166666666667,0.00170666666666667,0.00294,0.00261666666666667,0.00203,0.00334833333333333,0.00138166666666667,0.000421666666666667,0.000865,0.00163,0.001075,0.000781666666666667,0.0004,0.00073,0.00019,0.000205,0.00022,0.000235,0.00025,0.000075,0,1,0,0,0,0,0,0,1,1,1,1,1,1,1,1,1,1,1,1,1,1,1,1,1,1,1,1,1,1,1,1,1,1,1,1,1,1,1,1,1,1,1,1,1,1,1,1,1,1,1,1,1,1,1,1,1,1,1,1,1,1,1,1,1,1,1,1,1,1,1,1,1,1,1,1,1,1,1,1,0
2026-07-17 03:00:00,302.20171505,0,0,0,0,0,0,0.0748966666666667,4.36451166666667,20.91525,31.4625683333333,28.5409683333333,27.5630816666667,31.5787633333333,37.1145566666667,49.133735,27.5949416666667,12.4618066666667,7.36164666666667,4.51315,3.50957,3.05319666666667,2.96896666666667,2.80385333333333,1.67,0.896255,0.450683333333333,0.326356666666667,0.281276666666667,0.229528333333333,0.191306666666667,0.158768333333333,0.146211666666667,0.12192,0.108908333333333,0.0959283333333333,0.0826966666666667,0.0726616666666667,0.0551166666666667,0.043785,0.02922,0.0313016666666667,0.0233066666666667,0.0221883333333333,0.01799,0.015485,0.0161133333333333,0.0152366666666667,0.0155133333333333,0.00860333333333333,0.01068,0.00920833333333333,0.006655,0.00665,0.00466666666666667,0.006585,0.00128333333333333,0.00728166666666667,0.00361,0.00102166666666667,0.00298833333333333,0.00336666666666667,0.000898333333333333,0.00166166666666667,0.00173166666666667,0.00169,0,0.00042,0,0.00105666666666667,0.00102333333333333,0.000986666666666667,0.000275,0.0000633333333333333,0.0000683333333333333,0.0000733333333333333,0.0000783333333333333,0.0000833333333333333,0.000025,0,1,0,0,0,0,0,0,1,1,1,1,1,1,1,1,1,1,1,1,1,1,1,1,1,1,1,1,1,1,1,1,1,1,1,1,1,1,1,1,1,1,1,1,1,1,1,1,1,1,1,1,1,1,1,1,1,1,1,1,1,1,1,1,1,1,1,1,1,1,1,1,1,1,1,1,1,1,1,1,0
2026-07-17 04:00:00,310.85063785,0,0,0,0,0,0,0.0590716666666667,3.44102333333333,17.2854983333333,27.700855,26.1902,26.4622916666667,31.7740666666667,38.50019,53.4669466666667,33.0971383333333,15.47304,9.49692833333333,5.78913166666667,4.51790833333333,4.13642,3.91326333333333,3.83216166666667,2.24606333333333,1.227485,0.614098333333333,0.395158333333333,0.291406666666667,0.232358333333333,0.184886666666667,0.182511666666667,0.146891666666667,0.143068333333333,0.127735,0.09995,0.0787033333333333,0.0721333333333333,0.061875,0.0535683333333333,0.039475,0.0344616666666667,0.02134,0.0210983333333333,0.01341,0.0188883333333333,0.01309,0.00938833333333333,0.01301,0.00886666666666667,0.00601666666666667,0.00635833333333333,0.00672166666666667,0.00579,0.00543166666666667,0.00436,0.003175,0.00160666666666667,0.00129,0.000856666666666667,0.00256,0.00166,0.000473333333333333,0.00085,0.000846666666666667,0.00119166666666667,0.00120166666666667,0.000846666666666667,0.000968333333333333,0.00064,0.000781666666666667,0.0004,0.000751666666666667,0.000253333333333333,0.000273333333333333,0.000293333333333333,0.000313333333333333,0.000333333333333333,0.0001,0,1,0,0,0,0,0,0,1,1,1,1,1,1,1,1,1,1,1,1,1,1,1,1,1,1,1,1,1,1,1,1,1,1,1,1,1,1,1,1,1,1,1,1,1,1,1,1,1,1,1,1,1,1,1,1,1,1,1,1,1,1,1,1,1,1,1,1,1,1,1,1,1,1,1,1,1,1,1,1,0
2026-07-17 05:00:00,336.339021816667,0,0,0,0,0,0,0.0568383333333333,3.39294166666667,17.4768866666667,27.7174066666667,26.4722133333333,27.15492,33.0257716666667,41.1258983333333,58.16888,35.9171566666667,18.26953,11.2265616666667,7.01359833333333,5.60441,5.231645,4.93366166666667,4.86387333333333,2.84404833333333,1.50884166666667,0.783661666666667,0.484676666666667,0.367238333333333,0.268296666666667,0.21813,0.195851666666667,0.154261666666667,0.150193333333333,0.133275,0.116653333333333,0.0951983333333333,0.0813016666666667,0.0647483333333333,0.0449916666666667,0.03629,0.0302166666666667,0.02421,0.020145,0.0163416666666667,0.0175216666666667,0.0111316666666667,0.01445,0.011365,0.0107083333333333,0.00513833333333333,0.00718333333333333,0.00508333333333333,0.00857666666666667,0.00419,0.00272166666666667,0.00263166666666667,0.00258,0.001605,0.00114166666666667,0.00196166666666667,0.00313,0.003585,0.000101666666666667,0.000423333333333333,0.000421666666666667,0.00085,0.001255,0.000836666666666667,0.000223333333333333,0.000608333333333333,0,0.000845,0.0000633333333333333,0.0000683333333333333,0.0000733333333333333,0.0000783333333333333,0.0000833333333333333,0.000025,0,1,0,0,0,0,0,0,1,1,1,1,1,1,1,1,1,1,1,1,1,1,1,1,1,1,1,1,1,1,1,1,1,1,1,1,1,1,1,1,1,1,1,1,1,1,1,1,1,1,1,1,1,1,1,1,1,1,1,1,1,1,1,1,1,1,1,1,1,1,1,1,1,1,1,1,1,1,1,1,0
2026-07-17 06:00:00,402.784155283333,0,0,0,0,0,0,0.0567833333333333,3.59253666666667,19.23245,31.238375,29.8896383333333,30.5353116666667,37.944995,48.15448,70.60328,40.1018083333333,23.8539316666667,15.325195,9.890115,8.29385666666667,7.83262,7.741825,7.666745,4.26822833333333,2.41480333333333,1.17942,0.744256666666667,0.529741666666667,0.358741666666667,0.279681666666667,0.214671666666667,0.18983,0.146333333333333,0.130483333333333,0.106071666666667,0.102386666666667,0.0814566666666667,0.0666333333333333,0.0391783333333333,0.0447383333333333,0.027045,0.022345,0.0181016666666667,0.018575,0.019695,0.0118766666666667,0.014825,0.0119966666666667,0.0113833333333333,0.00739666666666667,0.00934833333333333,0.00460166666666667,0.00744666666666667,0.00731666666666667,0.0107483333333333,0.00491166666666667,0.00407166666666667,0.00346166666666667,0.00426,0.00136,0.00185,0.002955,0.00111666666666667,0.00161666666666667,0.000883333333333333,0.00162333333333333,0.000558333333333333,0.000398333333333333,0.000658333333333333,0.000193333333333333,0.000413333333333333,0.000065,0.00019,0.000205,0.00022,0.000235,0.00025,0.000075,0,1,0,0,0,0,0,0,1,1,1,1,1,1,1,1,1,1,1,1,1,1,1,1,1,1,1,1,1,1,1,1,1,1,1,1,1,1,1,1,1,1,1,1,1,1,1,1,1,1,1,1,1,1,1,1,1,1,1,1,1,1,1,1,1,1,1,1,1,1,1,1,1,1,1,1,1,1,1,1,0
2026-07-17 07:00:00,407.063028916667,0,0,0,0,0,0,0.0471883333333333,3.37226166666667,18.03069,30.0410816666667,29.137945,29.9197783333333,37.346465,47.912955,69.846295,40.2776866666667,24.7911533333333,15.969545,10.9556466666667,9.21111,8.83828333333333,8.74465833333333,8.85885666666667,4.98373166666667,2.834185,1.44381833333333,0.918001666666667,0.627086666666667,0.426965,0.312766666666667,0.25419,0.191295,0.168951666666667,0.143961666666667,0.116881666666667,0.0992483333333333,0.0792066666666667,0.06204,0.0473816666666667,0.038935,0.0286816666666667,0.0209616666666667,0.028165,0.0175833333333333,0.010925,0.0168816666666667,0.0161366666666667,0.0150133333333333,0.013495,0.00976833333333333,0.010135,0.006675,0.00626666666666667,0.00595333333333333,0.00421833333333333,0.00535,0.00412833333333333,0.00475,0.004085,0.00238666666666667,0.00208666666666667,0.00367166666666667,0.00225166666666667,0.00134666666666667,0.000421666666666667,0.00168666666666667,0.00084,0.00167333333333333,0.00189,0.000781666666666667,0.00024,0.000866666666666667,0.000126666666666667,0.000136666666666667,0.000146666666666667,0.000156666666666667,0.000166666666666667,0.00005,0,1,0,0,0,0,0,0,1,1,1,1,1,1,1,1,1,1,1,1,1,1,1,1,1,1,1,1,1,1,1,1,1,1,1,1,1,1,1,1,1,1,1,1,1,1,1,1,1,1,1,1,1,1,1,1,1,1,1,1,1,1,1,1,1,1,1,1,1,1,1,1,1,1,1,1,1,1,1,1,0
2026-07-17 08:00:00,462.8835785,0,0,0,0,0,0,0.06189,4.17808666666667,21.65736,35.6814166666667,34.4851566666667,35.243255,43.6050316666667,55.327965,77.86151,42.8513166666667,27.2706233333333,17.7320083333333,12.0113383333333,10.3384216666667,9.86136666666667,10.0035116666667,9.95290666666667,5.68198333333333,3.26252,1.67763,1.05596,0.732535,0.492123333333333,0.347381666666667,0.280576666666667,0.189516666666667,0.175171666666667,0.149258333333333,0.122623333333333,0.117715,0.0847483333333333,0.07296,0.0521566666666667,0.0530333333333333,0.0332766666666667,0.0306666666666667,0.02664,0.0196116666666667,0.0226,0.0214183333333333,0.02046,0.0186483333333333,0.018725,0.0149433333333333,0.0132966666666667,0.00834,0.009445,0.00693833333333333,0.0105116666666667,0.0065,0.00453166666666667,0.00672833333333333,0.00357,0.00221166666666667,0.00479,0.00373333333333333,0.003285,0.00307833333333333,0.00315166666666667,0.00177333333333333,0.00226333333333333,0.00121166666666667,0.000851666666666667,0.000173333333333333,0.0004,0.000556666666666667,0.000886666666666667,0.000953333333333333,0.00102333333333333,0.00109666666666667,0.00117,0.000346666666666667,0,1,0,0,0,0,0,0,1,1,1,1,1,1,1,1,1,1,1,1,1,1,1,1,1,1,1,1,1,1,1,1,1,1,1,1,1,1,1,1,1,1,1,1,1,1,1,1,1,1,1,1,1,1,1,1,1,1,1,1,1,1,1,1,1,1,1,1,1,1,1,1,1,1,1,1,1,1,1,1,0
2026-07-17 09:00:00,503.39200795,0,0,0,0,0,0,0.0860566666666667,5.40387666666667,26.7359383333333,42.3944233333333,39.22176,39.2568583333333,47.3861833333333,60.192825,77.38746,40.22678,26.9271383333333,17.6247166666667,12.668945,11.3897866666667,11.2217083333333,11.9800833333333,11.756125,6.64444,4.09044333333333,2.24659833333333,1.61249666666667,1.20327,0.790138333333333,0.546255,0.370355,0.262233333333333,0.210521666666667,0.165925,0.134478333333333,0.121058333333333,0.09864,0.0829116666666667,0.0619533333333333,0.0490333333333333,0.0456433333333333,0.039025,0.0402766666666667,0.0288166666666667,0.0313833333333333,0.0280216666666667,0.0242816666666667,0.0231566666666667,0.0195333333333333,0.0144283333333333,0.0160766666666667,0.00795166666666667,0.0102783333333333,0.007615,0.008935,0.00705833333333333,0.00828666666666667,0.00682,0.00503,0.00460333333333333,0.0046,0.00596333333333333,0.004295,0.002425,0.00308,0.00242833333333333,0.00238833333333333,0.00189666666666667,0.00276,0.00102333333333333,0.00016,0.00138,0.000886666666666667,0.000955,0.001025,0.00109666666666667,0.00116833333333333,0.000348333333333333,0,1,0,0,0,0,0,0,1,1,1,1,1,1,1,1,1,1,1,1,1,1,1,1,1,1,1,1,1,1,1,1,1,1,1,1,1,1,1,1,1,1,1,1,1,1,1,1,1,1,1,1,1,1,1,1,1,1,1,1,1,1,1,1,1,1,1,1,1,1,1,1,1,1,1,1,1,1,1,1,0
2026-07-17 10:00:00,454.928507,0,0,0,0,0,0,0.0647583333333333,4.32279,22.7477166666667,37.9590366666667,35.0895883333333,34.7430733333333,42.4079,56.3047383333333,70.5322016666667,37.222855,25.1792616666667,16.2341466666667,11.8116416666667,10.7238316666667,10.6475833333333,11.46836,10.991065,6.268545,3.92186833333333,2.174105,1.61732333333333,1.192315,0.772003333333333,0.554263333333333,0.348071666666667,0.264401666666667,0.203968333333333,0.169558333333333,0.135165,0.124381666666667,0.101083333333333,0.088215,0.0650466666666667,0.04752,0.039375,0.0291666666666667,0.0342516666666667,0.0304683333333333,0.0254583333333333,0.0258716666666667,0.023395,0.0164916666666667,0.0138266666666667,0.0145733333333333,0.0112833333333333,0.014585,0.0142716666666667,0.009065,0.0109266666666667,0.00843833333333333,0.010265,0.005075,0.00274333333333333,0.00271833333333333,0.00398,0.00390666666666667,0.00383666666666667,0.00346333333333333,0.00242166666666667,0.00220166666666667,0.00378166666666667,0.001765,0.00109333333333333,0.00213166666666667,0.00236,0.000491666666666667,0.000696666666666667,0.00075,0.000805,0.000861666666666667,0.000918333333333333,0.000273333333333333,0,1,0,0,0,0,0,0,1,1,1,1,1,1,1,1,1,1,1,1,1,1,1,1,1,1,1,1,1,1,1,1,1,1,1,1,1,1,1,1,1,1,1,1,1,1,1,1,1,1,1,1,1,1,1,1,1,1,1,1,1,1,1,1,1,1,1,1,1,1,1,1,1,1,1,1,1,1,1,1,0
2026-07-17 11:00:00,451.1671011,0,0,0,0,0,0,0.08256,5.04134833333333,26.78183,43.0489616666667,39.1369916666667,37.2277983333333,43.127695,54.2155366666667,69.053025,39.900215,23.5869033333333,14.5641433333333,9.85999,8.484375,8.19582333333333,8.59119833333333,8.078385,4.464485,2.66865,1.528735,1.038175,0.738281666666667,0.526771666666667,0.379248333333333,0.27206,0.216686666666667,0.162516666666667,0.132495,0.117055,0.112926666666667,0.0937066666666667,0.079555,0.060895,0.04495,0.0347083333333333,0.0293866666666667,0.030525,0.0276333333333333,0.0200733333333333,0.0161366666666667,0.02011,0.0166383333333333,0.0181683333333333,0.0165583333333333,0.0161,0.00916,0.00907666666666667,0.00729,0.00773166666666667,0.00605333333333333,0.006885,0.004295,0.00333833333333333,0.0041,0.002085,0.00453833333333333,0.00466833333333333,0.00227,0.00130666666666667,0.000705,0.000846666666666667,0.000948333333333333,0.00210166666666667,0,0.00016,0.000576666666666667,0.000948333333333333,0.00102,0.001095,0.001175,0.001255,0.00037,0,1,0,0,0,0,0,0,1,1,1,1,1,1,1,1,1,1,1,1,1,1,1,1,1,1,1,1,1,1,1,1,1,1,1,1,1,1,1,1,1,1,1,1,1,1,1,1,1,1,1,1,1,1,1,1,1,1,1,1,1,1,1,1,1,1,1,1,1,1,1,1,1,1,1,1,1,1,1,1,0
2026-07-17 12:00:00,411.63419495,0,0,0,0,0,0,0.078135,4.26432166666667,22.60443,36.8415616666667,33.4763283333333,32.46295,39.4005616666667,50.61629,67.4053683333333,40.457295,22.69718,13.7196133333333,9.09123833333333,7.62397333333333,7.18834333333333,7.15036,6.78535,3.808675,2.12793166666667,1.10153833333333,0.692801666666667,0.54569,0.375703333333333,0.278451666666667,0.205116666666667,0.165673333333333,0.147868333333333,0.13145,0.113686666666667,0.0962516666666667,0.0839183333333333,0.0703433333333333,0.05706,0.0390166666666667,0.0429083333333333,0.03302,0.0270383333333333,0.0201633333333333,0.0255833333333333,0.0159816666666667,0.0191583333333333,0.0145483333333333,0.0108216666666667,0.010615,0.0131066666666667,0.00747,0.0130616666666667,0.00438333333333333,0.00872333333333333,0.00686833333333333,0.00757,0.0037,0.00437166666666667,0.003495,0.004835,0.00326,0.00255,0.00288666666666667,0.00211333333333333,0.00289333333333333,0.00168,0.00302,0.00131666666666667,0.000801666666666667,0.00124,0.000671666666666667,0.00076,0.00082,0.00088,0.00094,0.001,0.0003,0,1,0,0,0,0,0,0,1,1,1,1,1,1,1,1,1,1,1,1,1,1,1,1,1,1,1,1,1,1,1,1,1,1,1,1,1,1,1,1,1,1,1,1,1,1,1,1,1,1,1,1,1,1,1,1,1,1,1,1,1,1,1,1,1,1,1,1,1,1,1,1,1,1,1,1,1,1,1,1,0
2026-07-17 13:00:00,387.4975164,0,0,0,0,0,0,0.055205,3.53523333333333,19.4966816666667,33.4259616666667,31.4306766666667,30.6858383333333,37.1515933333333,47.2939016666667,64.3678083333333,45.2010366666667,22.1281983333333,13.238765,8.14971833333333,6.53358833333333,5.86339333333333,5.72508166666667,5.42055,3.19562,1.69810833333333,0.872008333333333,0.576863333333333,0.414655,0.282546666666667,0.206298333333333,0.162806666666667,0.142776666666667,0.107798333333333,0.0970216666666667,0.085055,0.08392,0.070965,0.0503833333333333,0.0429183333333333,0.0337883333333333,0.03176,0.0267633333333333,0.0210166666666667,0.0242133333333333,0.0173583333333333,0.0169733333333333,0.0140816666666667,0.0175,0.00936,0.0108633333333333,0.00770333333333333,0.00998,0.007325,0.00734166666666667,0.0062,0.00405833333333333,0.00524666666666667,0.00303833333333333,0.00485333333333333,0.00349333333333333,0.00441,0.002835,0.00204833333333333,0.00304166666666667,0.00169166666666667,0.000421666666666667,0.00157333333333333,0.000526666666666667,0.00189,0.00119666666666667,0.0004,0.000881666666666667,0.000633333333333333,0.000683333333333333,0.000733333333333333,0.000783333333333333,0.000833333333333333,0.00025,0,1,0,0,0,0,0,0,1,1,1,1,1,1,1,1,1,1,1,1,1,1,1,1,1,1,1,1,1,1,1,1,1,1,1,1,1,1,1,1,1,1,1,1,1,1,1,1,1,1,1,1,1,1,1,1,1,1,1,1,1,1,1,1,1,1,1,1,1,1,1,1,1,1,1,1,1,1,1,1,0
2026-07-17 14:00:00,433.727265383333,0,0,0,0,0,0,0.0676816666666667,4.43203666666667,24.9588266666667,41.75702,38.2817766666667,35.8527816666667,40.8173066666667,50.3583366666667,66.34217,52.2612316666667,24.002505,13.7243316666667,8.20738666666667,6.44749166666667,5.778255,5.50801166666667,5.22272833333333,3.297875,1.786145,0.953385,0.613431666666667,0.435471666666667,0.323556666666667,0.241295,0.186075,0.156505,0.126836666666667,0.0982066666666667,0.0847883333333333,0.0736983333333333,0.0567133333333333,0.0515983333333333,0.0444933333333333,0.0337616666666667,0.0319483333333333,0.0209983333333333,0.0178866666666667,0.0164916666666667,0.017405,0.014555,0.0120466666666667,0.01437,0.00878166666666667,0.00959333333333333,0.0109983333333333,0.00419166666666667,0.00749166666666667,0.00715833333333333,0.00543833333333333,0.00516,0.00559166666666667,0.004325,0.00392,0.00442666666666667,0.00459833333333333,0.002545,0.003,0.002155,0.00123,0.00303333333333333,0.002095,0.00203166666666667,0.000888333333333333,0.00141833333333333,0.00122666666666667,0.00122833333333333,0.000443333333333333,0.000475,0.00051,0.000548333333333333,0.000586666666666667,0.000171666666666667,0,1,0,0,0,0,0,0,1,1,1,1,1,1,1,1,1,1,1,1,1,1,1,1,1,1,1,1,1,1,1,1,1,1,1,1,1,1,1,1,1,1,1,1,1,1,1,1,1,1,1,1,1,1,1,1,1,1,1,1,1,1,1,1,1,1,1,1,1,1,1,1,1,1,1,1,1,1,1,1,0
2026-07-17 15:00:00,433.166872666667,0,0,0,0,0,0,0.07698,4.70784833333333,26.183785,43.2695933333333,39.3168783333333,36.0815383333333,40.7961366666667,49.5495533333333,65.4466466666667,50.5397166666667,23.1391016666667,13.6446116666667,8.24189,6.38888166666667,5.78289833333333,5.62774666666667,5.491245,3.328865,1.834475,0.975121666666667,0.639995,0.484305,0.34373,0.253446666666667,0.181511666666667,0.152885,0.123785,0.105163333333333,0.0906333333333333,0.072535,0.06778,0.06118,0.0436966666666667,0.0323616666666667,0.0260866666666667,0.02896,0.019305,0.0170566666666667,0.0190383333333333,0.0146383333333333,0.01852,0.010725,0.00735333333333333,0.0112433333333333,0.00861166666666667,0.008725,0.011765,0.00755333333333333,0.00599666666666667,0.0051,0.003985,0.00684333333333333,0.00379833333333333,0.00374833333333333,0.00256,0.00439,0.00198666666666667,0.00238666666666667,0.00322833333333333,0.00142666666666667,0.00265833333333333,0.001235,0.000465,0.00204666666666667,0.000826666666666667,0.00138666666666667,0.000443333333333333,0.000478333333333333,0.000513333333333333,0.000548333333333333,0.000583333333333333,0.000175,0,1,0,0,0,0,0,0,1,1,1,1,1,1,1,1,1,1,1,1,1,1,1,1,1,1,1,1,1,1,1,1,1,1,1,1,1,1,1,1,1,1,1,1,1,1,1,1,1,1,1,1,1,1,1,1,1,1,1,1,1,1,1,1,1,1,1,1,1,1,1,1,1,1,1,1,1,1,1,1,0
2026-07-17 16:00:00,423.42036995,0,0,0,0,0,0,0.0817466666666667,4.633465,25.7272483333333,43.0435683333333,38.7192733333333,35.7285466666667,40.309605,49.2839783333333,65.0416933333333,47.9335066666667,22.018545,13.1445266666667,8.078585,6.31318166666667,5.66515833333333,5.37357833333333,5.23008666666667,3.162665,1.69617166666667,0.876506666666667,0.562311666666667,0.406996666666667,0.310156666666667,0.256991666666667,0.181061666666667,0.155658333333333,0.123613333333333,0.101618333333333,0.101443333333333,0.0801183333333333,0.0685733333333333,0.0578466666666667,0.03968,0.0384783333333333,0.037115,0.0313316666666667,0.0218733333333333,0.0213783333333333,0.0208166666666667,0.015205,0.01692,0.014945,0.00883333333333333,0.0109233333333333,0.00881333333333333,0.00752,0.00669833333333333,0.00569666666666667,0.00517833333333333,0.00421333333333333,0.00515833333333333,0.00452833333333333,0.00338,0.00271666666666667,0.00464666666666667,0.00282,0.00140166666666667,0.00411833333333333,0.00215166666666667,0.000571666666666667,0.00154833333333333,0.000968333333333333,0.000833333333333333,0.00141833333333333,0.00106666666666667,0.00106166666666667,0.000696666666666667,0.00075,0.000805,0.000861666666666667,0.000918333333333333,0.000273333333333333,0,1,0,0,0,0,0,0,1,1,1,1,1,1,1,1,1,1,1,1,1,1,1,1,1,1,1,1,1,1,1,1,1,1,1,1,1,1,1,1,1,1,1,1,1,1,1,1,1,1,1,1,1,1,1,1,1,1,1,1,1,1,1,1,1,1,1,1,1,1,1,1,1,1,1,1,1,1,1,1,0
2026-07-17 17:00:00,423.725507288889,0,0,0,0,0,0,0.0808044444444444,5.16701555555556,27.6531844444444,43.4603577777778,38.6430288888889,35.2404844444444,39.9505288888889,48.3837844444444,63.7141866666667,47.1594622222222,21.5919022222222,12.6896755555556,7.85014666666667,6.13154888888889,5.38321555555556,5.21018222222222,5.09347333333333,3.05435333333333,1.65751333333333,0.856524444444444,0.625942222222222,0.41972,0.31566,0.2442,0.183917777777778,0.156608888888889,0.139135555555556,0.10946,0.0947333333333333,0.0807244444444444,0.05806,0.0494111111111111,0.0501177777777778,0.0329866666666667,0.0296688888888889,0.0322977777777778,0.0291044444444444,0.0289577777777778,0.0246533333333333,0.0161755555555556,0.0168888888888889,0.0144977777777778,0.0150133333333333,0.00979111111111111,0.00960444444444444,0.00780444444444444,0.00882,0.00652222222222222,0.00582444444444444,0.00741777777777778,0.00879777777777778,0.00676,0.00502444444444444,0.00375777777777778,0.00505111111111111,0.00405777777777778,0.00559111111111111,0.00333555555555556,0.00168888888888889,0.00216444444444444,0.00298444444444444,0.00106222222222222,0.000644444444444444,0.000746666666666667,0.000746666666666667,0.000848888888888889,0.000506666666666667,0.000546666666666667,0.000586666666666667,0.000626666666666667,0.000666666666666667,0.0002,0,1,0,0,0,0,0,0,1,1,1,1,1,1,1,1,1,1,1,1,1,1,1,1,1,1,1,1,1,1,1,1,1,1,1,1,1,1,1,1,1,1,1,1,1,1,1,1,1,1,1,1,1,1,1,1,1,1,1,1,1,1,1,1,1,1,1,1,1,1,1,1,1,1,1,1,1,1,1,1,0
2026-07-17 18:00:00,427.6871552,0,0,0,0,0,0,0.0740866666666667,5.04576833333333,26.5886666666667,42.5148716666667,38.0821866666667,35.8440083333333,40.2232166666667,49.6094583333333,64.5302333333333,47.920745,21.8794416666667,13.3839166666667,8.205835,6.46205666666667,5.79989,5.65254333333333,5.35551,3.34477333333333,1.81437833333333,0.976046666666667,0.630121666666667,0.463506666666667,0.341218333333333,0.275415,0.211081666666667,0.174745,0.1335,0.100241666666667,0.0902416666666667,0.0742333333333333,0.0671466666666667,0.05589,0.0456233333333333,0.0360116666666667,0.03405,0.0265616666666667,0.0205233333333333,0.02231,0.0201933333333333,0.0160183333333333,0.021415,0.0154133333333333,0.01362,0.0129383333333333,0.0139066666666667,0.00884166666666667,0.012155,0.00787666666666667,0.00794,0.00645,0.004905,0.00501166666666667,0.00434666666666667,0.002715,0.00379333333333333,0.00174833333333333,0.00162333333333333,0.00219333333333333,0.00211166666666667,0.00225333333333333,0.001825,0.00222333333333333,0.00230666666666667,0.00119666666666667,0.00106666666666667,0.000736666666666667,0.00095,0.00102333333333333,0.00109833333333333,0.001175,0.00125166666666667,0.000373333333333333,0,1,0,0,0,0,0,0,1,1,1,1,1,1,1,1,1,1,1,1,1,1,1,1,1,1,1,1,1,1,1,1,1,1,1,1,1,1,1,1,1,1,1,1,1,1,1,1,1,1,1,1,1,1,1,1,1,1,1,1,1,1,1,1,1,1,1,1,1,1,1,1,1,1,1,1,1,1,1,1,0
2026-07-17 19:00:00,339.488383033333,0,0,0,0,0,0,0.0468266666666667,2.97572,16.647425,28.5551666666667,27.4838766666667,27.96934,33.2363233333333,42.902565,56.1206266666667,42.76797,18.977745,11.3089033333333,6.88185833333333,5.39376666666667,4.84585166666667,4.46313833333333,4.281315,2.61913666666667,1.38879166666667,0.688975,0.399808333333333,0.276373333333333,0.206643333333333,0.149656666666667,0.113155,0.104228333333333,0.0748516666666667,0.0662733333333333,0.061615,0.0549833333333333,0.0420816666666667,0.0433883333333333,0.02661,0.0301983333333333,0.023755,0.0242233333333333,0.0179683333333333,0.021755,0.01652,0.0166783333333333,0.0153816666666667,0.015075,0.0129666666666667,0.0108366666666667,0.0117316666666667,0.0128966666666667,0.0102433333333333,0.00647166666666667,0.010505,0.00641166666666667,0.00805666666666667,0.00682333333333333,0.00683,0.00724333333333333,0.00531,0.00493,0.00373,0.004195,0.00234833333333333,0.002415,0.00309166666666667,0.00151833333333333,0.00314,0.00244166666666667,0.00189333333333333,0.00129666666666667,0.00139,0.0015,0.00161,0.00172333333333333,0.00183666666666667,0.000546666666666667,0,1,0,0,0,0,0,0,1,1,1,1,1,1,1,1,1,1,1,1,1,1,1,1,1,1,1,1,1,1,1,1,1,1,1,1,1,1,1,1,1,1,1,1,1,1,1,1,1,1,1,1,1,1,1,1,1,1,1,1,1,1,1,1,1,1,1,1,1,1,1,1,1,1,1,1,1,1,1,1,0
2026-07-17 20:00:00,314.210674016667,0,0,0,0,0,0,0.03961,2.80839,14.8381166666667,24.8384766666667,24.2302983333333,25.4871666666667,31.96167,43.4897416666667,54.348405,34.6952016666667,17.2585533333333,10.2132783333333,6.31243666666667,4.981655,4.50675,4.30841333333333,3.79164666666667,2.086945,1.09165666666667,0.53187,0.364093333333333,0.288878333333333,0.177516666666667,0.158213333333333,0.101628333333333,0.100195,0.0759583333333333,0.0641166666666667,0.0660966666666667,0.0510916666666667,0.0481833333333333,0.0407816666666667,0.0313816666666667,0.031585,0.0272616666666667,0.0239983333333333,0.0225666666666667,0.017155,0.016575,0.01313,0.0146816666666667,0.012265,0.0116133333333333,0.0125766666666667,0.00996833333333333,0.0117816666666667,0.00818333333333333,0.004605,0.00941833333333333,0.00700666666666667,0.00536166666666667,0.002925,0.00394333333333333,0.004775,0.00213333333333333,0.00277166666666667,0.003025,0.003425,0.00445833333333333,0.00311833333333333,0.00126166666666667,0.00138666666666667,0.00272333333333333,0.000608333333333333,0.000828333333333333,0.000996666666666667,0.000506666666666667,0.000546666666666667,0.000586666666666667,0.000626666666666667,0.000666666666666667,0.0002,0,1,0,0,0,0,0,0,1,1,1,1,1,1,1,1,1,1,1,1,1,1,1,1,1,1,1,1,1,1,1,1,1,1,1,1,1,1,1,1,1,1,1,1,1,1,1,1,1,1,1,1,1,1,1,1,1,1,1,1,1,1,1,1,1,1,1,1,1,1,1,1,1,1,1,1,1,1,1,1,0
2026-07-17 21:00:00,311.161024033333,0,0,0,0,0,0,0.0470583333333333,2.98183833333333,15.1716683333333,24.9649716666667,24.0551766666667,25.30702,32.23217,44.36724,54.5156983333333,34.3904866666667,16.85738,9.87677,5.95110666666667,4.71590333333333,4.19155333333333,3.95822333333333,3.41831166666667,1.86883333333333,0.958906666666667,0.49785,0.343131666666667,0.256441666666667,0.19212,0.177878333333333,0.13356,0.120453333333333,0.0926733333333333,0.0862516666666667,0.0714916666666667,0.07307,0.0642883333333333,0.0532833333333333,0.0380066666666667,0.030325,0.0222366666666667,0.02746,0.0222266666666667,0.0193866666666667,0.018035,0.016645,0.01162,0.0119066666666667,0.01602,0.00968666666666667,0.0110616666666667,0.007565,0.00497,0.00767833333333333,0.00621666666666667,0.002495,0.00533166666666667,0.003495,0.00328333333333333,0.00452666666666667,0.00488333333333333,0.00376,0.00362833333333333,0.00173166666666667,0.00334333333333333,0.000641666666666667,0.001825,0.000968333333333333,0.00314,0.00244166666666667,0.00246833333333333,0.000491666666666667,0.000696666666666667,0.000748333333333333,0.000803333333333333,0.000861666666666667,0.00092,0.000271666666666667,0,1,0,0,0,0,0,0,1,1,1,1,1,1,1,1,1,1,1,1,1,1,1,1,1,1,1,1,1,1,1,1,1,1,1,1,1,1,1,1,1,1,1,1,1,1,1,1,1,1,1,1,1,1,1,1,1,1,1,1,1,1,1,1,1,1,1,1,1,1,1,1,1,1,1,1,1,1,1,1,0
2026-07-17 22:00:00,299.8237269,0,0,0,0,0,0,0.0415133333333333,2.67651333333333,13.8872716666667,22.9629033333333,22.4792283333333,24.1998133333333,31.3574316666667,43.1350116666667,54.0027,32.30609,16.1700283333333,9.379945,5.67434833333333,4.360475,3.90433,3.66305833333333,3.32443333333333,1.81433166666667,0.921861666666667,0.507393333333333,0.34311,0.272651666666667,0.195878333333333,0.185651666666667,0.147713333333333,0.131933333333333,0.123911666666667,0.110475,0.0881466666666667,0.08322,0.0742216666666667,0.05157,0.0451816666666667,0.0352983333333333,0.0274733333333333,0.0223733333333333,0.02078,0.022685,0.0151216666666667,0.0127533333333333,0.0174383333333333,0.0133233333333333,0.0106983333333333,0.01376,0.00605166666666667,0.0100933333333333,0.00460833333333333,0.00701,0.00643666666666667,0.00195666666666667,0.004185,0.00378333333333333,0.00248166666666667,0.00452333333333333,0.00251166666666667,0.00249666666666667,0.00133833333333333,0.00169333333333333,0.00165,0.00232833333333333,0.00114166666666667,0.000395,0.00125,0.001245,0.000733333333333333,0.00150333333333333,0.000506666666666667,0.000546666666666667,0.000586666666666667,0.000626666666666667,0.000666666666666667,0.0002,0,1,0,0,0,0,0,0,1,1,1,1,1,1,1,1,1,1,1,1,1,1,1,1,1,1,1,1,1,1,1,1,1,1,1,1,1,1,1,1,1,1,1,1,1,1,1,1,1,1,1,1,1,1,1,1,1,1,1,1,1,1,1,1,1,1,1,1,1,1,1,1,1,1,1,1,1,1,1,1,0
2026-07-17 23:00:00,336.456767733333,0,0,0,0,0,0,0.029855,2.30182,12.9916533333333,24.4646733333333,25.93094,28.6912583333333,36.3093516666667,48.2228866666667,60.5999166666667,39.7734783333333,18.3594733333333,10.5461833333333,6.19429833333333,4.72725333333333,4.11254166666667,3.86539333333333,3.47327166666667,2.01653666666667,1.05807,0.570485,0.412003333333333,0.348106666666667,0.239798333333333,0.237041666666667,0.180411666666667,0.20218,0.145233333333333,0.136046666666667,0.123395,0.1067,0.0920433333333333,0.0752366666666667,0.06816,0.043455,0.0275,0.0308433333333333,0.0266366666666667,0.0282566666666667,0.02003,0.0210666666666667,0.0195666666666667,0.0157266666666667,0.0133366666666667,0.00841166666666667,0.006815,0.008795,0.00819166666666667,0.00470166666666667,0.00309,0.00363,0.00223666666666667,0.00137833333333333,0.00187833333333333,0.00214,0.00313,0.00273333333333333,0.00176333333333333,0.000461666666666667,0.00169166666666667,0.000421666666666667,0.00112833333333333,0.00138666666666667,0.00064,0.000608333333333333,0,0.000433333333333333,0.0000633333333333333,0.0000683333333333333,0.0000733333333333333,0.0000783333333333333,0.0000833333333333333,0.000025,0,1,0,0,0,0,0,0,1,1,1,1,1,1,1,1,1,1,1,1,1,1,1,1,1,1,1,1,1,1,1,1,1,1,1,1,1,1,1,1,1,1,1,1,1,1,1,1,1,1,1,1,1,1,1,1,1,1,1,1,1,1,1,1,1,1,1,1,1,1,1,1,1,1,1,1,1,1,1,1,0
2026-07-18,358.23453625,0,0,0,0,0,0,0.0263366666666667,2.287395,13.5515,25.92943,28.2149133333333,30.64638,38.6266683333333,50.2443133333333,63.5113366666667,44.1760016666667,19.4642733333333,11.2135783333333,6.54124166666667,4.941295,4.41079166666667,3.94881,3.56613333333333,2.06603666666667,1.08918833333333,0.613026666666667,0.414585,0.372888333333333,0.292605,0.282125,0.212155,0.203568333333333,0.165208333333333,0.164913333333333,0.15018,0.116156666666667,0.0915133333333333,0.0830816666666667,0.07382,0.0495866666666667,0.034935,0.0354883333333333,0.03125,0.02415,0.0226983333333333,0.02083,0.0163933333333333,0.0180666666666667,0.0148116666666667,0.0106,0.01003,0.00752,0.00662666666666667,0.004385,0.00369666666666667,0.00317,0.003555,0.002235,0.00187833333333333,0.00299166666666667,0.00213333333333333,0.00192166666666667,0.00140166666666667,0.00130833333333333,0.00157833333333333,0.00127666666666667,0.000558333333333333,0.000836666666666667,0,0.00083,0.000413333333333333,0.0000866666666666667,0.000253333333333333,0.000273333333333333,0.000293333333333333,0.000313333333333333,0.000333333333333333,0.0001,0,1,0,0,0,0,0,0,1,1,1,1,1,1,1,1,1,1,1,1,1,1,1,1,1,1,1,1,1,1,1,1,1,1,1,1,1,1,1,1,1,1,1,1,1,1,1,1,1,1,1,1,1,1,1,1,1,1,1,1,1,1,1,1,1,1,1,1,1,1,1,1,1,1,1,1,1,1,1,1,0
2026-07-18 01:00:00,359.47714335,0,0,0,0,0,0,0.0301683333333333,2.287665,13.4612666666667,25.551995,27.8620716666667,30.756675,38.3145166666667,49.4189033333333,63.1607366666667,46.0170783333333,19.9857516666667,11.5708,6.63406166666667,4.99927,4.328735,3.96198333333333,3.56520166666667,2.1647,1.10229666666667,0.60249,0.423735,0.378,0.294945,0.290318333333333,0.200881666666667,0.207296666666667,0.175091666666667,0.155783333333333,0.141246666666667,0.119935,0.09055,0.07656,0.0624316666666667,0.0444666666666667,0.03742,0.0300466666666667,0.0255033333333333,0.0227216666666667,0.0220816666666667,0.0204633333333333,0.011335,0.0157966666666667,0.01222,0.00948166666666667,0.00639833333333333,0.00758833333333333,0.00713166666666667,0.00388166666666667,0.00278333333333333,0.00236333333333333,0.00458666666666667,0.00132,0.00134,0.00128,0.00189666666666667,0.00141,0.001725,0.00173166666666667,0.001575,0.001415,0.000708333333333333,0.00055,0,0.00083,0.000413333333333333,0,0,0,0,0,0,0,0,1,0,0,0,0,0,0,1,1,1,1,1,1,1,1,1,1,1,1,1,1,1,1,1,1,1,1,1,1,1,1,1,1,1,1,1,1,1,1,1,1,1,1,1,1,1,1,1,1,1,1,1,1,1,1,1,1,1,1,1,1,1,1,1,1,1,1,1,1,1,1,1,1,1,1,1,1,1,1,0
2026-07-18 02:00:00,330.059434433333,0,0,0,0,0,0,0.0217666666666667,2.12996333333333,12.8386966666667,24.331405,26.1146083333333,28.302425,34.7966766666667,44.758425,57.3650783333333,42.9362383333333,18.3480183333333,10.588925,6.10414666666667,4.51271,3.96013333333333,3.72627666666667,3.41679666666667,1.93772166666667,1.03188333333333,0.558741666666667,0.39923,0.347005,0.261598333333333,0.235923333333333,0.183275,0.178691666666667,0.155055,0.139586666666667,0.121356666666667,0.101283333333333,0.084365,0.0670016666666667,0.053995,0.0432066666666667,0.0333966666666667,0.036295,0.023275,0.01955,0.0166933333333333,0.0118533333333333,0.0108316666666667,0.00920666666666667,0.0105683333333333,0.00678833333333333,0.00920166666666667,0.003325,0.00563666666666667,0.00317,0.00197333333333333,0.00104833333333333,0.00240833333333333,0.00217833333333333,0.000833333333333333,0.00093,0.00208666666666667,0.00132333333333333,0.00162333333333333,0.0005,0.000423333333333333,0,0,0.000418333333333333,0.000223333333333333,0.000193333333333333,0,0.0000433333333333333,0.000126666666666667,0.000136666666666667,0.000146666666666667,0.000156666666666667,0.000166666666666667,0.00005,0,1,0,0,0,0,0,0,1,1,1,1,1,1,1,1,1,1,1,1,1,1,1,1,1,1,1,1,1,1,1,1,1,1,1,1,1,1,1,1,1,1,1,1,1,1,1,1,1,1,1,1,1,1,1,1,1,1,1,1,1,1,1,1,1,1,1,1,1,1,1,1,1,1,1,1,1,1,1,1,0
2026-07-18 03:00:00,341.121402966667,0,0,0,0,0,0,0.02873,2.33516333333333,13.9510966666667,25.87605,27.1926466666667,28.7894716666667,35.325465,44.8664333333333,58.6689466666667,43.314625,19.2327716666667,11.099,6.54966833333333,4.93991833333333,4.40572166666667,4.06769833333333,3.7779,2.22058166666667,1.17460333333333,0.633325,0.442595,0.384126666666667,0.284795,0.24512,0.19104,0.197201666666667,0.15887,0.137638333333333,0.120571666666667,0.124116666666667,0.09249,0.0686466666666667,0.0574883333333333,0.040775,0.0331716666666667,0.024605,0.0279916666666667,0.0179366666666667,0.022715,0.0129416666666667,0.0125166666666667,0.010435,0.01411,0.00839666666666667,0.00635833333333333,0.00669833333333333,0.00422166666666667,0.00417333333333333,0.002405,0.00231,0.003125,0.00197666666666667,0.00146,0.00367,0.000853333333333333,0,0.00123666666666667,0.00123166666666667,0.0000766666666666667,0,0.00042,0.000398333333333333,0.0000183333333333333,0,0,0.0000216666666666667,0.0000633333333333333,0.0000683333333333333,0.0000733333333333333,0.0000783333333333333,0.0000833333333333333,0.000025,0,1,0,0,0,0,0,0,1,1,1,1,1,1,1,1,1,1,1,1,1,1,1,1,1,1,1,1,1,1,1,1,1,1,1,1,1,1,1,1,1,1,1,1,1,1,1,1,1,1,1,1,1,1,1,1,1,1,1,1,1,1,1,1,1,1,1,1,1,1,1,1,1,1,1,1,1,1,1,1,0
2026-07-18 04:00:00,271.742611183333,0,0,0,0,0,0,0.02702,2.03202666666667,12.1097116666667,22.791805,24.1313166666667,25.00867,29.12448,36.0398283333333,45.07258,30.7555933333333,13.978815,8.20084833333333,4.887115,3.70889833333333,3.334125,3.19324666666667,3.03782833333333,1.71911,0.952088333333333,0.548288333333333,0.394361666666667,0.31045,0.23238,0.206968333333333,0.173326666666667,0.173386666666667,0.132791666666667,0.123395,0.114643333333333,0.097035,0.08007,0.0628933333333333,0.0424233333333333,0.03563,0.034145,0.0261233333333333,0.019565,0.0185466666666667,0.016755,0.0186666666666667,0.0116266666666667,0.00777333333333333,0.00835333333333333,0.007655,0.004625,0.00462833333333333,0.001295,0.00222833333333333,0.00167333333333333,0.000996666666666667,0.00309666666666667,0.00149,0.00134,0.00170666666666667,0.00104333333333333,0.00193666666666667,0,0,0.00104,0.000225,0,0.000398333333333333,0.000435,0.000173333333333333,0.00024,0,0,0,0,0,0,0,0,1,0,0,0,0,0,0,1,1,1,1,1,1,1,1,1,1,1,1,1,1,1,1,1,1,1,1,1,1,1,1,1,1,1,1,1,1,1,1,1,1,1,1,1,1,1,1,1,1,1,1,1,1,1,1,1,1,1,1,1,1,1,1,1,1,1,1,1,1,1,1,1,1,1,1,1,1,1,1,0
2026-07-18 05:00:00,207.8199969,0,0,0,0,0,0,0.02279,1.70529166666667,10.1628766666667,20.14349,21.4575266666667,21.9427816666667,23.9943283333333,28.2913216666667,31.9429766666667,20.3984583333333,9.18366333333333,5.17173,3.07647,2.35419166666667,2.13559666666667,2.01011333333333,1.87075333333333,1.11316,0.667433333333333,0.385365,0.289165,0.254001666666667,0.181313333333333,0.166931666666667,0.143276666666667,0.151623333333333,0.105333333333333,0.106893333333333,0.0985183333333333,0.0721966666666667,0.0757383333333333,0.057485,0.0435266666666667,0.0399616666666667,0.031765,0.028935,0.0208916666666667,0.0147183333333333,0.01492,0.0132116666666667,0.0135133333333333,0.0112383333333333,0.0127333333333333,0.00618833333333333,0.00468833333333333,0.00496666666666667,0.00787666666666667,0.00611,0.00192,0.00104333333333333,0.00100333333333333,0.00277666666666667,0.00219666666666667,0.000853333333333333,0.000853333333333333,0.000646666666666667,0.000628333333333333,0.000808333333333333,0.0000383333333333333,0,0,0.000816666666666667,0.0000183333333333333,0,0.000413333333333333,0.0000216666666666667,0.0000633333333333333,0.0000683333333333333,0.0000733333333333333,0.0000783333333333333,0.0000833333333333333,0.000025,0,1,0,0,0,0,0,0,1,1,1,1,1,1,1,1,1,1,1,1,1,1,1,1,1,1,1,1,1,1,1,1,1,1,1,1,1,1,1,1,1,1,1,1,1,1,1,1,1,1,1,1,1,1,1,1,1,1,1,1,1,1,1,1,1,1,1,1,1,1,1,1,1,1,1,1,1,1,1,1,0
2026-07-18 06:00:00,154.38961825,0,0,0,0,0,0,0.021125,1.758865,10.03742,17.1539183333333,16.9008416666667,16.739215,18.5610233333333,21.76194,21.5499016666667,12.4373783333333,5.466405,3.11569166666667,1.83383333333333,1.43347666666667,1.27479333333333,1.21581333333333,1.109955,0.65458,0.390571666666667,0.239361666666667,0.192845,0.163523333333333,0.141093333333333,0.122785,0.102815,0.102323333333333,0.0856966666666667,0.0753716666666667,0.0780283333333333,0.0645216666666667,0.0577233333333333,0.046985,0.0349933333333333,0.0353966666666667,0.026165,0.01685,0.017485,0.0134466666666667,0.01699,0.009545,0.00976833333333333,0.00864333333333333,0.00873833333333333,0.00744166666666667,0.007035,0.00465,0.00554166666666667,0.00496666666666667,0.00326833333333333,0.00451666666666667,0.00246833333333333,0.000428333333333333,0.000175,0.00153333333333333,0.00128,0.000425,0.000425,0,0.000421666666666667,0.000843333333333333,0,0,0,0,0,0.0000216666666666667,0.0000633333333333333,0.0000683333333333333,0.0000733333333333333,0.0000783333333333333,0.0000833333333333333,0.000025,0,1,0,0,0,0,0,0,1,1,1,1,1,1,1,1,1,1,1,1,1,1,1,1,1,1,1,1,1,1,1,1,1,1,1,1,1,1,1,1,1,1,1,1,1,1,1,1,1,1,1,1,1,1,1,1,1,1,1,1,1,1,1,1,1,1,1,1,1,1,1,1,1,1,1,1,1,1,1,1,0
2026-07-18 07:00:00,155.302818033333,0,0,0,0,0,0,0.027125,2.02088,11.3485966666667,19.876665,18.7030966666667,18.2707433333333,19.9711916666667,23.97479,18.5421966666667,8.8228,4.18681333333333,2.307305,1.36439833333333,1.05797666666667,0.972716666666667,0.93242,0.809323333333333,0.464476666666667,0.287385,0.18057,0.144321666666667,0.129925,0.107636666666667,0.127955,0.0754883333333333,0.103276666666667,0.0745633333333333,0.07412,0.0714083333333333,0.0572966666666667,0.0588783333333333,0.05028,0.04191,0.0290133333333333,0.0226433333333333,0.01489,0.0188433333333333,0.0163116666666667,0.016275,0.01217,0.009025,0.007195,0.00751833333333333,0.00451166666666667,0.00511833333333333,0.00419333333333333,0.00463166666666667,0.00391833333333333,0.003575,0.0014,0.001405,0.00143333333333333,0.00182333333333333,0.000428333333333333,0.00360333333333333,0.000985,0.000101666666666667,0.00123166666666667,0.00046,0.000705,0.000558333333333333,0.000836666666666667,0.000833333333333333,0.000173333333333333,0.00024,0.000065,0.00019,0.000205,0.00022,0.000235,0.00025,0.000075,0,1,0,0,0,0,0,0,1,1,1,1,1,1,1,1,1,1,1,1,1,1,1,1,1,1,1,1,1,1,1,1,1,1,1,1,1,1,1,1,1,1,1,1,1,1,1,1,1,1,1,1,1,1,1,1,1,1,1,1,1,1,1,1,1,1,1,1,1,1,1,1,1,1,1,1,1,1,1,1,0
2026-07-18 08:00:00,178.206313066667,0,0,0,0,0,0,0.0296233333333333,1.966005,11.2391033333333,20.1067283333333,20.236265,20.550525,23.2716283333333,29.166295,22.0319316666667,10.8094483333333,5.58134333333333,2.9706,1.87040833333333,1.50271333333333,1.37527833333333,1.339935,1.07643833333333,0.59784,0.385758333333333,0.217991666666667,0.186878333333333,0.165363333333333,0.130193333333333,0.13629,0.100003333333333,0.109288333333333,0.08008,0.0789516666666667,0.080795,0.0726683333333333,0.0671333333333333,0.0667733333333333,0.041515,0.0273883333333333,0.0274883333333333,0.0237616666666667,0.0235166666666667,0.0156283333333333,0.00852,0.0170666666666667,0.01134,0.00823,0.010005,0.00861,0.006135,0.00788166666666667,0.00379166666666667,0.00251666666666667,0.00326833333333333,0.00317,0.002695,0.001435,0.00371166666666667,0.001105,0.00104333333333333,0.00056,0.000101666666666667,0.00204,0.000498333333333333,0.000421666666666667,0.00084,0,0.000223333333333333,0.000193333333333333,0,0.0000433333333333333,0.000126666666666667,0.000136666666666667,0.000146666666666667,0.000156666666666667,0.000166666666666667,0.00005,0,1,0,0,0,0,0,0,1,1,1,1,1,1,1,1,1,1,1,1,1,1,1,1,1,1,1,1,1,1,1,1,1,1,1,1,1,1,1,1,1,1,1,1,1,1,1,1,1,1,1,1,1,1,1,1,1,1,1,1,1,1,1,1,1,1,1,1,1,1,1,1,1,1,1,1,1,1,1,1,0
2026-07-18 09:00:00,204.345039933333,0,0,0,0,0,0,0.0313083333333333,2.15936333333333,11.952885,21.0551016666667,21.2196266666667,21.8581333333333,25.1838183333333,31.61454,28.152845,14.9708583333333,7.682695,4.38146833333333,2.77231333333333,2.24693166666667,2.04303833333333,2.01046833333333,1.71172833333333,1.02899666666667,0.550293333333333,0.311731666666667,0.26143,0.205908333333333,0.172093333333333,0.17042,0.118626666666667,0.13954,0.0982683333333333,0.08335,0.0885866666666667,0.08153,0.06797,0.0661466666666667,0.0481416666666667,0.0381833333333333,0.02846,0.02831,0.0178966666666667,0.0155933333333333,0.0164366666666667,0.0186066666666667,0.0135883333333333,0.011435,0.00728166666666667,0.008115,0.00722333333333333,0.00587833333333333,0.00725666666666667,0.00563333333333333,0.00222833333333333,0.00446,0.002265,0.00192166666666667,0.000833333333333333,0.003065,0.00251166666666667,0.00186833333333333,0.00189,0.000923333333333333,0.001305,0.000283333333333333,0.00142166666666667,0.000813333333333333,0.000416666666666667,0.000415,0.000413333333333333,0.0000433333333333333,0.000126666666666667,0.000136666666666667,0.000146666666666667,0.000156666666666667,0.000166666666666667,0.00005,0,1,0,0,0,0,0,0,1,1,1,1,1,1,1,1,1,1,1,1,1,1,1,1,1,1,1,1,1,1,1,1,1,1,1,1,1,1,1,1,1,1,1,1,1,1,1,1,1,1,1,1,1,1,1,1,1,1,1,1,1,1,1,1,1,1,1,1,1,1,1,1,1,1,1,1,1,1,1,1,0
2026-07-18 10:00:00,230.883715283333,0,0,0,0,0,0,0.0304866666666667,2.24805166666667,12.3125666666667,21.5171966666667,22.0588433333333,23.4361683333333,28.2517516666667,35.5437983333333,34.125585,17.982075,9.36005833333333,5.43844333333333,3.48209166666667,2.79752666666667,2.56499,2.535095,2.21920333333333,1.25890666666667,0.705776666666667,0.393126666666667,0.317975,0.253841666666667,0.204805,0.190546666666667,0.13453,0.129696666666667,0.103816666666667,0.103026666666667,0.0988116666666667,0.082995,0.0719933333333333,0.0561433333333333,0.0522533333333333,0.0377283333333333,0.0255416666666667,0.0246083333333333,0.0279733333333333,0.0179566666666667,0.0149033333333333,0.0134,0.0146766666666667,0.012755,0.010365,0.00850333333333333,0.00537666666666667,0.0116666666666667,0.00602,0.00719666666666667,0.00612833333333333,0.00332833333333333,0.00372666666666667,0.00297833333333333,0.00234833333333333,0.00118166666666667,0.00208666666666667,0.00292166666666667,0.000526666666666667,0.00207833333333333,0.0000383333333333333,0.00140833333333333,0.000983333333333333,0.00136666666666667,0.000658333333333333,0.00102333333333333,0.000826666666666667,0.000541666666666667,0.00038,0.000408333333333333,0.000438333333333333,0.00047,0.000501666666666667,0.000148333333333333,0,1,0,0,0,0,0,0,1,1,1,1,1,1,1,1,1,1,1,1,1,1,1,1,1,1,1,1,1,1,1,1,1,1,1,1,1,1,1,1,1,1,1,1,1,1,1,1,1,1,1,1,1,1,1,1,1,1,1,1,1,1,1,1,1,1,1,1,1,1,1,1,1,1,1,1,1,1,1,1,0
2026-07-18 11:00:00,245.700701116667,0,0,0,0,0,0,0.0273083333333333,2.45107833333333,13.650865,23.7865883333333,24.0304483333333,25.2399516666667,29.5227816666667,36.8184983333333,36.9887316666667,19.7695116666667,9.931595,5.70187333333333,3.46518166666667,2.779425,2.48727333333333,2.48031666666667,2.122645,1.16941166666667,0.668908333333333,0.355396666666667,0.273058333333333,0.231366666666667,0.172178333333333,0.171741666666667,0.108386666666667,0.120298333333333,0.1048,0.101576666666667,0.0920933333333333,0.066825,0.06679,0.0605066666666667,0.0389816666666667,0.03121,0.0330466666666667,0.0258616666666667,0.0253666666666667,0.018745,0.0166416666666667,0.0163983333333333,0.015895,0.0121266666666667,0.010715,0.00837,0.01067,0.00720166666666667,0.00554166666666667,0.003495,0.00306666666666667,0.00185666666666667,0.00326833333333333,0.00261,0.00194333333333333,0.00110666666666667,0.00256,0.00267,0.001155,0.00127,0,0.000703333333333333,0.000978333333333333,0.000418333333333333,0.000833333333333333,0.000415,0.000413333333333333,0.000433333333333333,0.0000633333333333333,0.0000683333333333333,0.0000733333333333333,0.0000783333333333333,0.0000833333333333333,0.000025,0,1,0,0,0,0,0,0,1,1,1,1,1,1,1,1,1,1,1,1,1,1,1,1,1,1,1,1,1,1,1,1,1,1,1,1,1,1,1,1,1,1,1,1,1,1,1,1,1,1,1,1,1,1,1,1,1,1,1,1,1,1,1,1,1,1,1,1,1,1,1,1,1,1,1,1,1,1,1,1,0
2026-07-18 12:00:00,257.198329183333,0,0,0,0,0,0,0.0316083333333333,2.59611833333333,14.2496033333333,24.6626483333333,25.2382916666667,26.1727033333333,30.9638466666667,38.6836666666667,39.3164066666667,21.1528283333333,10.6198666666667,6.03133,3.67119166666667,2.94788666666667,2.60351833333333,2.57657833333333,2.27837666666667,1.26924333333333,0.712866666666667,0.364313333333333,0.279161666666667,0.22727,0.18394,0.164585,0.113591666666667,0.133515,0.0881,0.09337,0.0903266666666667,0.0764533333333333,0.073795,0.0582783333333333,0.0398783333333333,0.03254,0.02277,0.0170283333333333,0.0201883333333333,0.019295,0.0168233333333333,0.01603,0.01403,0.014585,0.01164,0.0108333333333333,0.00555333333333333,0.00877166666666667,0.00535666666666667,0.00367833333333333,0.004905,0.00317166666666667,0.003555,0.00481333333333333,0.00291,0.00110666666666667,0.003365,0.00174833333333333,0.00085,0.00204,0.00126833333333333,0.00078,0.00126666666666667,0.001785,0.000435,0.00117666666666667,0.00105333333333333,0.00047,0.000633333333333333,0.000683333333333333,0.000733333333333333,0.000783333333333333,0.000833333333333333,0.00025,0,1,0,0,0,0,0,0,1,1,1,1,1,1,1,1,1,1,1,1,1,1,1,1,1,1,1,1,1,1,1,1,1,1,1,1,1,1,1,1,1,1,1,1,1,1,1,1,1,1,1,1,1,1,1,1,1,1,1,1,1,1,1,1,1,1,1,1,1,1,1,1,1,1,1,1,1,1,1,1,0
2026-07-18 13:00:00,275.6301666,0,0,0,0,0,0,0.03412,2.80864166666667,15.226025,26.108865,26.146745,26.8489433333333,31.7823966666667,39.7591916666667,43.1644266666667,24.9505916666667,12.24858,7.00456166666667,4.22067,3.30840166666667,3.03287,2.942435,2.54456166666667,1.44785666666667,0.79017,0.423753333333333,0.30211,0.231345,0.16902,0.154283333333333,0.108998333333333,0.114578333333333,0.0903233333333333,0.079325,0.07015,0.0577466666666667,0.0443466666666667,0.0420533333333333,0.0427533333333333,0.0237866666666667,0.0187066666666667,0.0175366666666667,0.0174866666666667,0.01531,0.0105,0.00480833333333333,0.00708833333333333,0.0142116666666667,0.0108516666666667,0.00506666666666667,0.00731,0.00629,0.00506333333333333,0.00399833333333333,0.00473666666666667,0.00231,0.00493,0.00301166666666667,0.00145,0.00341666666666667,0.00227666666666667,0.001135,0.000811666666666667,0.00127,0.000385,0.000496666666666667,0.000996666666666667,0.000661666666666667,0.00126833333333333,0,0.00016,0.000708333333333333,0.000126666666666667,0.000136666666666667,0.000146666666666667,0.000156666666666667,0.000166666666666667,0.00005,0,1,0,0,0,0,0,0,1,1,1,1,1,1,1,1,1,1,1,1,1,1,1,1,1,1,1,1,1,1,1,1,1,1,1,1,1,1,1,1,1,1,1,1,1,1,1,1,1,1,1,1,1,1,1,1,1,1,1,1,1,1,1,1,1,1,1,1,1,1,1,1,1,1,1,1,1,1,1,1,0
2026-07-18 14:00:00,275.1692762,0,0,0,0,0,0,0.0378166666666667,2.79166666666667,15.2914533333333,26.20292,26.2318083333333,27.3154483333333,32.4139483333333,40.592625,42.6197116666667,23.018675,11.754085,6.73517833333333,4.18817833333333,3.37391333333333,3.04761,2.94169666666667,2.63099,1.43937333333333,0.772106666666667,0.440756666666667,0.3101,0.242376666666667,0.18044,0.15589,0.117266666666667,0.123998333333333,0.0903783333333333,0.081325,0.0614266666666667,0.06595,0.0476933333333333,0.0391966666666667,0.0341583333333333,0.0239233333333333,0.0267016666666667,0.020955,0.0187483333333333,0.01055,0.0149683333333333,0.0133983333333333,0.01381,0.0144916666666667,0.00938833333333333,0.00691833333333333,0.00730666666666667,0.00376,0.00526333333333333,0.00231333333333333,0.00318,0.00279833333333333,0.00556166666666667,0.00323666666666667,0.00199833333333333,0.001105,0.00213333333333333,0.000748333333333333,0.00176333333333333,0.00169333333333333,0.00172666666666667,0.000988333333333333,0.000276666666666667,0,0.00064,0.000608333333333333,0,0.00052,0.000316666666666667,0.000341666666666667,0.000366666666666667,0.000391666666666667,0.000416666666666667,0.000125,0,1,0,0,0,0,0,0,1,1,1,1,1,1,1,1,1,1,1,1,1,1,1,1,1,1,1,1,1,1,1,1,1,1,1,1,1,1,1,1,1,1,1,1,1,1,1,1,1,1,1,1,1,1,1,1,1,1,1,1,1,1,1,1,1,1,1,1,1,1,1,1,1,1,1,1,1,1,1,1,0
2026-07-18 15:00:00,276.578926566667,0,0,0,0,0,0,0.0419166666666667,2.91451833333333,15.4607633333333,26.1894083333333,26.4401133333333,27.5852233333333,33.0537633333333,41.76432,41.81993,22.3563783333333,11.5413366666667,6.60113666666667,4.13020666666667,3.30905666666667,3.084505,3.04973,2.64611833333333,1.479015,0.836321666666667,0.447116666666667,0.312146666666667,0.2897,0.194826666666667,0.160921666666667,0.128208333333333,0.135641666666667,0.0935633333333333,0.08513,0.0728416666666667,0.0613683333333333,0.0593716666666667,0.052335,0.0420266666666667,0.0291966666666667,0.0246333333333333,0.0179516666666667,0.0195566666666667,0.0168683333333333,0.0142583333333333,0.0160716666666667,0.0134383333333333,0.007755,0.00988333333333333,0.00825166666666667,0.006815,0.00619666666666667,0.00948666666666667,0.00581833333333333,0.00418333333333333,0.00354833333333333,0.001835,0.00326833333333333,0.00146,0.00238833333333333,0.00351,0.00363166666666667,0.00215,0.00134666666666667,0,0.000566666666666667,0.000853333333333333,0.000681666666666667,0.000833333333333333,0.000588333333333333,0.000653333333333333,0.000996666666666667,0.000506666666666667,0.000543333333333333,0.000583333333333333,0.000626666666666667,0.00067,0.000196666666666667,0,1,0,0,0,0,0,0,1,1,1,1,1,1,1,1,1,1,1,1,1,1,1,1,1,1,1,1,1,1,1,1,1,1,1,1,1,1,1,1,1,1,1,1,1,1,1,1,1,1,1,1,1,1,1,1,1,1,1,1,1,1,1,1,1,1,1,1,1,1,1,1,1,1,1,1,1,1,1,1,0
2026-07-18 16:00:00,286.00671695,0,0,0,0,0,0,0.047165,3.11829833333333,16.9964366666667,28.4946066666667,27.8715716666667,28.1329416666667,33.0107233333333,41.4445933333333,42.9031133333333,23.1627216666667,11.8868866666667,6.91394666666667,4.34470333333333,3.42413,3.25507666666667,3.161975,2.81444166666667,1.60197166666667,0.908148333333333,0.494283333333333,0.376431666666667,0.292613333333333,0.223411666666667,0.191205,0.131083333333333,0.124901666666667,0.103296666666667,0.0831633333333333,0.0840916666666667,0.0782166666666667,0.0679933333333333,0.0517316666666667,0.03939,0.0351566666666667,0.0271333333333333,0.0154816666666667,0.0182966666666667,0.0188566666666667,0.0130633333333333,0.0105716666666667,0.0108566666666667,0.00964166666666667,0.00942666666666667,0.00767833333333333,0.005985,0.00376,0.00621833333333333,0.00431333333333333,0.004455,0.00381666666666667,0.00516166666666667,0.00384166666666667,0.002085,0.002895,0.00213333333333333,0.00085,0.000811666666666667,0.000461666666666667,0.00126666666666667,0.000705,0.000846666666666667,0.000131666666666667,0.000223333333333333,0.000193333333333333,0.000986666666666667,0.000318333333333333,0.00019,0.000205,0.00022,0.000235,0.00025,0.000075,0,1,0,0,0,0,0,0,1,1,1,1,1,1,1,1,1,1,1,1,1,1,1,1,1,1,1,1,1,1,1,1,1,1,1,1,1,1,1,1,1,1,1,1,1,1,1,1,1,1,1,1,1,1,1,1,1,1,1,1,1,1,1,1,1,1,1,1,1,1,1,1,1,1,1,1,1,1,1,1,0
2026-07-18 17:00:00,299.407723466667,0,0,0,0,0,0,0.051035,3.796225,20.6166783333333,33.7366066666667,31.96565,31.67234,35.3969966666667,43.327975,41.4848016666667,21.2748483333333,10.4879933333333,6.03630666666667,3.80722333333333,3.00698166666667,2.78838166666667,2.74859,2.45411833333333,1.46928,0.878403333333333,0.507773333333333,0.382176666666667,0.33305,0.243035,0.214526666666667,0.154276666666667,0.164536666666667,0.138211666666667,0.112188333333333,0.104973333333333,0.090315,0.070275,0.0681766666666667,0.04838,0.0406366666666667,0.0333783333333333,0.0229316666666667,0.0251833333333333,0.0219983333333333,0.01551,0.0125816666666667,0.0154033333333333,0.0151316666666667,0.0119933333333333,0.012665,0.00978333333333333,0.00587666666666667,0.00972166666666667,0.00562666666666667,0.00561,0.00292333333333333,0.00395666666666667,0.004865,0.00328333333333333,0.00196,0.00251333333333333,0.003245,0.00221333333333333,0.000538333333333333,0.00119166666666667,0.000918333333333333,0.00141666666666667,0.00149833333333333,0.000465,0.000386666666666667,0.000413333333333333,0.000563333333333333,0.000443333333333333,0.000476666666666667,0.000511666666666667,0.000548333333333333,0.000585,0.000173333333333333,0,1,0,0,0,0,0,0,1,1,1,1,1,1,1,1,1,1,1,1,1,1,1,1,1,1,1,1,1,1,1,1,1,1,1,1,1,1,1,1,1,1,1,1,1,1,1,1,1,1,1,1,1,1,1,1,1,1,1,1,1,1,1,1,1,1,1,1,1,1,1,1,1,1,1,1,1,1,1,1,0
2026-07-18 18:00:00,311.602476016667,0,0,0,0,0,0,0.0574066666666667,4.54351166666667,23.6771216666667,38.0623116666667,35.261015,33.5265316666667,36.4208883333333,43.36105,40.8374483333333,20.5231133333333,9.96788333333333,5.58553333333333,3.54094,2.84732,2.58052833333333,2.56563166666667,2.22533666666667,1.36428,0.826646666666667,0.495036666666667,0.376145,0.337673333333333,0.253551666666667,0.229325,0.166521666666667,0.188373333333333,0.130818333333333,0.122186666666667,0.114898333333333,0.090215,0.0804316666666667,0.0707733333333333,0.05846,0.0362816666666667,0.0378783333333333,0.028895,0.02909,0.0217533333333333,0.01974,0.0167116666666667,0.0109,0.0112183333333333,0.014055,0.0101716666666667,0.00673,0.00802166666666667,0.00732833333333333,0.00677,0.00361,0.00397333333333333,0.00361166666666667,0.00180833333333333,0.00421333333333333,0.00364666666666667,0.00275,0.00151166666666667,0.00119833333333333,0.0000766666666666667,0.00146166666666667,0.00135166666666667,0.000138333333333333,0.00123666666666667,0.00149166666666667,0.000608333333333333,0,0.0000866666666666667,0.000253333333333333,0.000273333333333333,0.000293333333333333,0.000313333333333333,0.000333333333333333,0.0001,0,1,0,0,0,0,0,0,1,1,1,1,1,1,1,1,1,1,1,1,1,1,1,1,1,1,1,1,1,1,1,1,1,1,1,1,1,1,1,1,1,1,1,1,1,1,1,1,1,1,1,1,1,1,1,1,1,1,1,1,1,1,1,1,1,1,1,1,1,1,1,1,1,1,1,1,1,1,1,1,0
2026-07-18 19:00:00,236.4489855,0,0,0,0,0,0,0.0527339285714286,3.96130892857143,20.7121357142857,32.7883535714286,28.9248928571429,26.5988321428571,27.4989678571429,30.9294214285714,29.1522535714286,14.524675,6.35243571428571,3.48410535714286,2.15891607142857,1.68033571428571,1.50090714285714,1.51850714285714,1.30645178571429,0.839378571428571,0.491741071428571,0.314167857142857,0.254933928571429,0.244005357142857,0.1792375,0.167548214285714,0.129616071428571,0.138110714285714,0.115778571428571,0.0978071428571429,0.0928642857142857,0.0751267857142857,0.0665875,0.0501035714285714,0.0392125,0.0369732142857143,0.0356482142857143,0.0223767857142857,0.0259642857142857,0.0201035714285714,0.0158642857142857,0.0163107142857143,0.0161017857142857,0.0118035714285714,0.0123589285714286,0.00748571428571429,0.00827142857142857,0.00266071428571429,0.00550178571428571,0.00358571428571429,0.00649107142857143,0.00203928571428571,0.00245714285714286,0.00417321428571429,0.00346964285714286,0.0036375,0.00111785714285714,0.00287678571428571,0.00222142857142857,0.00148392857142857,0.000944642857142857,0.00151071428571429,0.00105357142857143,0.0010375,0.000892857142857143,0,0,0.000580357142857143,0.000407142857142857,0.000439285714285714,0.000471428571428571,0.000503571428571429,0.000535714285714286,0.000160714285714286,0,1,0,0,0,0,0,0,1,1,1,1,1,1,1,1,1,1,1,1,1,1,1,1,1,1,1,1,1,1,1,1,1,1,1,1,1,1,1,1,1,1,1,1,1,1,1,1,1,1,1,1,1,1,1,1,1,1,1,1,1,1,1,1,1,1,1,1,1,1,1,1,1,1,1,1,1,1,1,1,0
2026-07-18 20:00:00,135.405720389831,0,0,0,0,0,0,0.0404830508474576,3.06959491525424,15.4828966101695,22.5122118644068,18.5867322033898,15.7541898305085,15.432006779661,16.4726423728814,13.5715898305085,6.12523050847458,2.6269406779661,1.34187966101695,0.807876271186441,0.594442372881356,0.559037288135593,0.539061016949153,0.472725423728814,0.313089830508475,0.227162711864407,0.147793220338983,0.132505084745763,0.1241,0.0850135593220339,0.100715254237288,0.0742745762711864,0.0830423728813559,0.0659491525423729,0.0535847457627119,0.0601525423728814,0.0405,0.041271186440678,0.041664406779661,0.0322220338983051,0.0206474576271186,0.0186864406779661,0.0135966101694915,0.0185101694915254,0.015064406779661,0.0145813559322034,0.014164406779661,0.0151389830508475,0.0102474576271186,0.00776610169491525,0.00526101694915254,0.00518474576271186,0.00549152542372881,0.00874237288135593,0.00503050847457627,0.00679830508474576,0.00604237288135593,0.00606440677966102,0.00204237288135593,0.00389661016949153,0.00355593220338983,0.00366440677966102,0.00133050847457627,0.00362542372881356,0.00168305084745763,0.000861016949152542,0.000076271186440678,0.00157457627118644,0.00138983050847458,0.000442372881355932,0.000176271186440678,0.00124745762711864,0.00116101694915254,0.000193220338983051,0.000208474576271186,0.000223728813559322,0.000238983050847458,0.000254237288135593,0.000076271186440678,0,1,0,0,0,0,0,0,1,1,1,1,1,1,1,1,1,1,1,1,1,1,1,1,1,1,1,1,1,1,1,1,1,1,1,1,1,1,1,1,1,1,1,1,1,1,1,1,1,1,1,1,1,1,1,1,1,1,1,1,1,1,1,1,1,1,1,1,1,1,1,1,1,1,1,1,1,1,1,1,0
2026-07-18 21:00:00,104.335409316667,0,0,0,0,0,0,0.035915,2.45636,12.1563383333333,18.1619316666667,15.160585,12.2481683333333,11.435705,11.5939416666667,10.1369483333333,4.48481166666667,1.89913166666667,0.95423,0.585525,0.437126666666667,0.39936,0.380875,0.31257,0.22127,0.171553333333333,0.118096666666667,0.100811666666667,0.0823083333333333,0.0652133333333333,0.0654433333333333,0.0570866666666667,0.05865,0.0503633333333333,0.0450533333333333,0.0414016666666667,0.034565,0.0356666666666667,0.0228633333333333,0.0185816666666667,0.0185466666666667,0.0165266666666667,0.0119066666666667,0.01155,0.0112033333333333,0.00747666666666667,0.00649333333333333,0.00694833333333333,0.00716,0.005775,0.00387333333333333,0.00808833333333333,0.004215,0.00413,0.00269333333333333,0.00222666666666667,0.00228166666666667,0.001175,0.003465,0.00246833333333333,0.00271666666666667,0.00256,0.00277166666666667,0.001015,0.00130833333333333,0.00169,0.00154833333333333,0.000558333333333333,0.000398333333333333,0.00066,0.00143833333333333,0.00016,0.00034,0.000253333333333333,0.000273333333333333,0.000293333333333333,0.000313333333333333,0.000333333333333333,0.0001,0,1,0,0,0,0,0,0,1,1,1,1,1,1,1,1,1,1,1,1,1,1,1,1,1,1,1,1,1,1,1,1,1,1,1,1,1,1,1,1,1,1,1,1,1,1,1,1,1,1,1,1,1,1,1,1,1,1,1,1,1,1,1,1,1,1,1,1,1,1,1,1,1,1,1,1,1,1,1,1,0
2026-07-18 22:00:00,79.00656985,0,0,0,0,0,0,0.0254666666666667,1.83951166666667,9.56391666666667,14.1374633333333,11.75283,9.51276,8.65895833333333,8.87591666666667,7.13510333333333,3.00256666666667,1.26525333333333,0.670085,0.374681666666667,0.295281666666667,0.25018,0.260713333333333,0.217778333333333,0.149743333333333,0.1173,0.0819433333333333,0.0799,0.071285,0.0636916666666667,0.0552916666666667,0.0409833333333333,0.043045,0.0411733333333333,0.031725,0.0314066666666667,0.0292433333333333,0.0248983333333333,0.0203016666666667,0.013635,0.01157,0.0128316666666667,0.01383,0.00749666666666667,0.006225,0.0129833333333333,0.00713666666666667,0.007655,0.00642,0.00572833333333333,0.007135,0.00219,0.00416833333333333,0.00427166666666667,0.00462333333333333,0.00399,0.00241833333333333,0.00358333333333333,0.00306666666666667,0.00242666666666667,0.00196166666666667,0.00213166666666667,0.00244833333333333,0.000913333333333333,0.002425,0.000575,0.000421666666666667,0.00084,0,0.00064,0.000608333333333333,0.00016,0.000361666666666667,0.000316666666666667,0.000341666666666667,0.000366666666666667,0.000391666666666667,0.000416666666666667,0.000125,0,1,0,0,0,0,0,0,1,1,1,1,1,1,1,1,1,1,1,1,1,1,1,1,1,1,1,1,1,1,1,1,1,1,1,1,1,1,1,1,1,1,1,1,1,1,1,1,1,1,1,1,1,1,1,1,1,1,1,1,1,1,1,1,1,1,1,1,1,1,1,1,1,1,1,1,1,1,1,1,0
2026-07-18 23:00:00,67.3804273859649,0,0,0,0,0,0,0.0186350877192982,1.57845263157895,7.66448947368421,11.7111824561404,9.91308771929824,8.45177192982456,7.90988245614035,8.08413333333333,5.96587192982456,2.32892456140351,0.978480701754386,0.486921052631579,0.293589473684211,0.209456140350877,0.20000701754386,0.207121052631579,0.184571929824561,0.131785964912281,0.0848,0.0613298245614035,0.0597105263157895,0.0665859649122807,0.0537754385964912,0.0576210526315789,0.0482140350877193,0.0399526315789474,0.0341122807017544,0.0298280701754386,0.0253456140350877,0.030959649122807,0.0199491228070175,0.0222561403508772,0.0132157894736842,0.0141333333333333,0.0124315789473684,0.00819122807017544,0.00819298245614035,0.00799298245614035,0.00863508771929825,0.00733508771929825,0.0107421052631579,0.00561052631578947,0.00835614035087719,0.00484561403508772,0.00586491228070175,0.00263859649122807,0.00523157894736842,0.00492105263157895,0.00253157894736842,0.00294385964912281,0.00386491228070175,0.0026859649122807,0.00210350877192982,0.0025140350877193,0.00244561403508772,0.00203859649122807,0,0.000891228070175439,0.00117368421052632,0.00134385964912281,0.00102982456140351,0.000440350877192982,0.00043859649122807,0,0.000435087719298246,0.0000912280701754386,0.000266666666666667,0.000285964912280702,0.000307017543859649,0.000329824561403509,0.000352631578947368,0.000103508771929825,0,1,0,0,0,0,0,0,1,1,1,1,1,1,1,1,1,1,1,1,1,1,1,1,1,1,1,1,1,1,1,1,1,1,1,1,1,1,1,1,1,1,1,1,1,1,1,1,1,1,1,1,1,1,1,1,1,1,1,1,1,1,1,1,1,1,1,1,1,1,1,1,1,1,1,1,1,1,1,1,0
2026-07-19,72.02174045,0,0,0,0,0,0,0.023645,1.52745833333333,7.76013833333333,12.2392183333333,10.932205,9.43341666666667,8.91476,9.08937333333333,6.27723833333333,2.35527833333333,1.022655,0.526763333333333,0.310745,0.232251666666667,0.221535,0.228955,0.199386666666667,0.145431666666667,0.111671666666667,0.07628,0.0774933333333333,0.07597,0.0571283333333333,0.0598933333333333,0.043265,0.052115,0.0419016666666667,0.0441116666666667,0.0310566666666667,0.0352283333333333,0.0281433333333333,0.0242683333333333,0.02058,0.0152766666666667,0.0152183333333333,0.00900166666666667,0.00854166666666667,0.00862666666666667,0.00709833333333333,0.00812333333333333,0.00831166666666667,0.00634,0.00748333333333333,0.00601333333333333,0.005055,0.005035,0.00511166666666667,0.00607666666666667,0.00428,0.00327333333333333,0.00716666666666667,0.00180333333333333,0.00342666666666667,0.00214,0.00166,0.002295,0.00111666666666667,0.00127,0.000883333333333333,0.00225333333333333,0.000565,0.00055,0.00105666666666667,0.00119833333333333,0.000653333333333333,0.00013,0.00038,0.00041,0.00044,0.00047,0.0005,0.00015,0,1,0,0,0,0,0,0,1,1,1,1,1,1,1,1,1,1,1,1,1,1,1,1,1,1,1,1,1,1,1,1,1,1,1,1,1,1,1,1,1,1,1,1,1,1,1,1,1,1,1,1,1,1,1,1,1,1,1,1,1,1,1,1,1,1,1,1,1,1,1,1,1,1,1,1,1,1,1,1,0
2026-07-19 01:00:00,78.0909095666667,0,0,0,0,0,0,0.0214366666666667,1.59566666666667,8.36654833333333,13.26936,11.7091016666667,10.2612333333333,9.738725,9.965255,7.12288833333333,2.43430833333333,1.05077833333333,0.541295,0.340106666666667,0.257068333333333,0.237598333333333,0.231011666666667,0.21702,0.151703333333333,0.11403,0.0861633333333333,0.0812383333333333,0.080025,0.0649466666666667,0.0665383333333333,0.0622466666666667,0.058495,0.0505066666666667,0.0428783333333333,0.0489266666666667,0.0381216666666667,0.029185,0.0270533333333333,0.0227516666666667,0.0175766666666667,0.0180733333333333,0.0138033333333333,0.0138516666666667,0.010545,0.00708833333333333,0.0135866666666667,0.009895,0.0085,0.00610833333333333,0.00872666666666667,0.00753166666666667,0.0054,0.005135,0.00478166666666667,0.00357666666666667,0.0057,0.00355333333333333,0.00438666666666667,0.003435,0.00357,0.00275,0.00163166666666667,0.004015,0.00254,0.00123,0.00212,0.000138333333333333,0.001215,0.0000366666666666667,0.000415,0.000573333333333333,0.00161833333333333,0.00038,0.00041,0.00044,0.00047,0.0005,0.00015,0,1,0,0,0,0,0,0,1,1,1,1,1,1,1,1,1,1,1,1,1,1,1,1,1,1,1,1,1,1,1,1,1,1,1,1,1,1,1,1,1,1,1,1,1,1,1,1,1,1,1,1,1,1,1,1,1,1,1,1,1,1,1,1,1,1,1,1,1,1,1,1,1,1,1,1,1,1,1,1,0
2026-07-19 02:00:00,85.0012498666667,0,0,0,0,0,0,0.0214566666666667,1.73406666666667,8.88946666666667,14.5734966666667,12.5923533333333,10.7662483333333,10.4123833333333,10.74217,7.887595,2.492635,1.14185166666667,0.559783333333333,0.318556666666667,0.270756666666667,0.242406666666667,0.260525,0.225016666666667,0.132743333333333,0.118495,0.0945366666666667,0.081215,0.08789,0.0710666666666667,0.07687,0.06672,0.0624483333333333,0.0601783333333333,0.0472583333333333,0.038315,0.0400466666666667,0.039395,0.0288,0.0223633333333333,0.0216933333333333,0.015865,0.0140166666666667,0.01554,0.00868666666666667,0.00948,0.00776833333333333,0.00650833333333333,0.006925,0.00498833333333333,0.008465,0.00732833333333333,0.00414666666666667,0.00326666666666667,0.00449833333333333,0.00376833333333333,0.001955,0.00169166666666667,0.00252,0.00100833333333333,0.00203666666666667,0.00213333333333333,0.00107166666666667,0.001865,0.00250166666666667,0.000423333333333333,0.000918333333333333,0.000996666666666667,0.000661666666666667,0.000658333333333333,0.00119666666666667,0.0004,0.000296666666666667,0.000126666666666667,0.000136666666666667,0.000146666666666667,0.000156666666666667,0.000166666666666667,0.00005,0,1,0,0,0,0,0,0,1,1,1,1,1,1,1,1,1,1,1,1,1,1,1,1,1,1,1,1,1,1,1,1,1,1,1,1,1,1,1,1,1,1,1,1,1,1,1,1,1,1,1,1,1,1,1,1,1,1,1,1,1,1,1,1,1,1,1,1,1,1,1,1,1,1,1,1,1,1,1,1,0
2026-07-19 03:00:00,86.2578670666667,0,0,0,0,0,0,0.0247033333333333,1.73133166666667,9.18140666666667,15.0546633333333,12.93074,10.9015916666667,10.455265,10.6072366666667,8.43317166666667,2.876775,1.16761333333333,0.56856,0.348803333333333,0.263811666666667,0.234606666666667,0.258471666666667,0.223628333333333,0.16263,0.13049,0.101568333333333,0.0938766666666667,0.0797466666666667,0.0749783333333333,0.0755433333333333,0.07356,0.0664483333333333,0.0565266666666667,0.04775,0.0498216666666667,0.045235,0.033275,0.0322866666666667,0.02358,0.0172633333333333,0.0215433333333333,0.0140466666666667,0.011755,0.017455,0.00820166666666667,0.004015,0.008105,0.00763,0.00532166666666667,0.00908,0.00723,0.00831666666666667,0.00713,0.00285166666666667,0.00473,0.00317166666666667,0.00303833333333333,0.003665,0.00398333333333333,0.00339333333333333,0.00213333333333333,0.00085,0.001275,0.00207833333333333,0.00046,0,0.00084,0.000418333333333333,0.000416666666666667,0.000415,0.00016,0.000275,0.0000633333333333333,0.0000683333333333333,0.0000733333333333333,0.0000783333333333333,0.0000833333333333333,0.000025,0,1,0,0,0,0,0,0,1,1,1,1,1,1,1,1,1,1,1,1,1,1,1,1,1,1,1,1,1,1,1,1,1,1,1,1,1,1,1,1,1,1,1,1,1,1,1,1,1,1,1,1,1,1,1,1,1,1,1,1,1,1,1,1,1,1,1,1,1,1,1,1,1,1,1,1,1,1,1,1,0
2026-07-19 04:00:00,89.1370992166667,0,0,0,0,0,0,0.0213,1.79639333333333,9.444415,15.45131,12.9850433333333,10.91818,10.250805,10.2480583333333,9.402965,3.55008,1.267695,0.643358333333333,0.351308333333333,0.270168333333333,0.268831666666667,0.261458333333333,0.237728333333333,0.166115,0.127326666666667,0.105366666666667,0.0989133333333333,0.089895,0.076855,0.0824933333333333,0.0687833333333333,0.06995,0.05242,0.0504333333333333,0.0394333333333333,0.04408,0.0356216666666667,0.0248316666666667,0.0281983333333333,0.0193333333333333,0.0154516666666667,0.012765,0.00890833333333333,0.0124133333333333,0.00711333333333333,0.00815166666666667,0.0101316666666667,0.00634333333333333,0.00588333333333333,0.00778,0.008485,0.007565,0.005695,0.00308833333333333,0.004455,0.00287166666666667,0.00284,0.00421,0.00205333333333333,0.00068,0.00104333333333333,0.00173333333333333,0.000628333333333333,0.00123166666666667,0.000883333333333333,0.000421666666666667,0.00126,0,0.000416666666666667,0,0.000413333333333333,0.000888333333333333,0.00019,0.000205,0.00022,0.000235,0.00025,0.000075,0,1,0,0,0,0,0,0,1,1,1,1,1,1,1,1,1,1,1,1,1,1,1,1,1,1,1,1,1,1,1,1,1,1,1,1,1,1,1,1,1,1,1,1,1,1,1,1,1,1,1,1,1,1,1,1,1,1,1,1,1,1,1,1,1,1,1,1,1,1,1,1,1,1,1,1,1,1,1,1,0
2026-07-19 05:00:00,98.34166695,0,0,0,0,0,0,0.029095,2.20410666666667,11.1360283333333,17.338915,13.9455216666667,11.61341,11.185115,12.0992166666667,9.44760166666667,3.31815,1.45159166666667,0.714565,0.429125,0.333876666666667,0.31131,0.316465,0.288076666666667,0.208045,0.155796666666667,0.118308333333333,0.108183333333333,0.121393333333333,0.102598333333333,0.117483333333333,0.0914366666666667,0.0933566666666667,0.07828,0.06988,0.0619,0.0619833333333333,0.0573633333333333,0.0485533333333333,0.035465,0.0284283333333333,0.0269316666666667,0.0205466666666667,0.020835,0.01674,0.0160233333333333,0.0140533333333333,0.0135166666666667,0.00957,0.00860333333333333,0.0120816666666667,0.008175,0.00498833333333333,0.00729333333333333,0.00384833333333333,0.00266,0.00314166666666667,0.000831666666666667,0.00209166666666667,0.00176833333333333,0.00128166666666667,0.000616666666666667,0.00056,0.00180166666666667,0.000808333333333333,0.000806666666666667,0.00078,0.000558333333333333,0,0.000833333333333333,0.000173333333333333,0.000718333333333333,0.000803333333333333,0.000126666666666667,0.000136666666666667,0.000146666666666667,0.000156666666666667,0.000166666666666667,0.00005,0,1,0,0,0,0,0,0,1,1,1,1,1,1,1,1,1,1,1,1,1,1,1,1,1,1,1,1,1,1,1,1,1,1,1,1,1,1,1,1,1,1,1,1,1,1,1,1,1,1,1,1,1,1,1,1,1,1,1,1,1,1,1,1,1,1,1,1,1,1,1,1,1,1,1,1,1,1,1,1,0
2026-07-19 06:00:00,107.8109883,0,0,0,0,0,0,0.0316716666666667,2.48743,12.3153683333333,19.1295766666667,15.40799,13.0850083333333,12.7620633333333,14.15444,9.01515833333333,3.12381,1.46809666666667,0.762251666666667,0.452191666666667,0.355661666666667,0.321908333333333,0.35883,0.293755,0.210858333333333,0.158235,0.129911666666667,0.134148333333333,0.143688333333333,0.102741666666667,0.126706666666667,0.101186666666667,0.114535,0.103975,0.0852216666666667,0.0718833333333333,0.0744466666666667,0.06906,0.0589433333333333,0.04885,0.03012,0.0280316666666667,0.029485,0.0305533333333333,0.0202066666666667,0.02031,0.018,0.00923333333333333,0.0128866666666667,0.0125533333333333,0.0100116666666667,0.00971833333333333,0.00588,0.00497,0.005265,0.00533833333333333,0.00408666666666667,0.00392833333333333,0.00229333333333333,0.00338,0.001435,0.00232333333333333,0.00385833333333333,0.00144,0.001655,0.000923333333333333,0.00112666666666667,0.00139833333333333,0.000418333333333333,0.00125,0.000415,0.000413333333333333,0.0000433333333333333,0.000126666666666667,0.000136666666666667,0.000146666666666667,0.000156666666666667,0.000166666666666667,0.00005,0,1,0,0,0,0,0,0,1,1,1,1,1,1,1,1,1,1,1,1,1,1,1,1,1,1,1,1,1,1,1,1,1,1,1,1,1,1,1,1,1,1,1,1,1,1,1,1,1,1,1,1,1,1,1,1,1,1,1,1,1,1,1,1,1,1,1,1,1,1,1,1,1,1,1,1,1,1,1,1,0
2026-07-19 07:00:00,105.206343769231,0,0,0,0,0,0,0.0292403846153846,2.25006538461538,11.6959596153846,18.161325,15.6472288461538,13.4391846153846,13.3520865384615,14.2750538461538,8.07469230769231,2.72212692307692,1.34540192307692,0.672632692307692,0.442501923076923,0.351092307692308,0.316376923076923,0.367723076923077,0.295534615384615,0.230853846153846,0.154436538461538,0.157934615384615,0.146494230769231,0.161596153846154,0.129742307692308,0.139492307692308,0.0974653846153846,0.124534615384615,0.0944038461538462,0.0825769230769231,0.0808884615384615,0.0746461538461538,0.0723980769230769,0.0571653846153846,0.0334846153846154,0.0283153846153846,0.0320673076923077,0.0212173076923077,0.0192153846153846,0.0212884615384615,0.0162653846153846,0.01655,0.0146807692307692,0.0091,0.0112288461538462,0.0110519230769231,0.00871346153846154,0.00586346153846154,0.0049,0.00622884615384615,0.00377115384615385,0.00375576923076923,0.00330961538461538,0.00185192307692308,0.00131730769230769,0.00176923076923077,0.000219230769230769,0.00188461538461538,0.00128846153846154,0.000488461538461538,0.0000442307692307692,0,0.000332692307692308,0.000634615384615385,0,0,0,0.000025,0.0000730769230769231,0.0000788461538461539,0.0000846153846153846,0.0000903846153846154,0.0000961538461538462,0.0000288461538461538,0,1,0,0,0,0,0,0,1,1,1,1,1,1,1,1,1,1,1,1,1,1,1,1,1,1,1,1,1,1,1,1,1,1,1,1,1,1,1,1,1,1,1,1,1,1,1,1,1,1,1,1,1,1,1,1,1,1,1,1,1,1,1,1,1,1,1,1,1,1,1,1,1,1,1,1,1,1,1,1,0
2026-07-19 08:00:00,111.310660933333,0,0,0,0,0,0,0.0290233333333333,2.29433166666667,11.930625,18.991365,16.5496166666667,14.3798866666667,14.1554616666667,15.5660566666667,8.46003,2.80388166666667,1.43083166666667,0.725013333333333,0.483031666666667,0.398438333333333,0.361775,0.400711666666667,0.320598333333333,0.267276666666667,0.214288333333333,0.174121666666667,0.166188333333333,0.17747,0.150066666666667,0.165663333333333,0.129515,0.149828333333333,0.118501666666667,0.099185,0.101485,0.0920216666666667,0.0825033333333333,0.0692816666666667,0.0573316666666667,0.0388833333333333,0.0337333333333333,0.0332766666666667,0.0218333333333333,0.018735,0.02233,0.0217066666666667,0.0207466666666667,0.0180366666666667,0.00964833333333333,0.00642333333333333,0.00807,0.00758833333333333,0.00783166666666667,0.00454166666666667,0.00522833333333333,0.00453666666666667,0.00229333333333333,0.00426666666666667,0.00191,0.00221333333333333,0,0,0.00116,0.00134666666666667,0.001305,0.000843333333333333,0.000288333333333333,0.00055,0.000416666666666667,0,0,0.000065,0.00019,0.000205,0.00022,0.000235,0.00025,0.000075,0,1,0,0,0,0,0,0,1,1,1,1,1,1,1,1,1,1,1,1,1,1,1,1,1,1,1,1,1,1,1,1,1,1,1,1,1,1,1,1,1,1,1,1,1,1,1,1,1,1,1,1,1,1,1,1,1,1,1,1,1,1,1,1,1,1,1,1,1,1,1,1,1,1,1,1,1,1,1,1,0
2026-07-19 09:00:00,122.818356844828,0,0,0,0,0,0,0.0253379310344828,2.31601551724138,12.6923603448276,20.5338827586207,18.0011896551724,15.5512517241379,15.6174275862069,17.3670275862069,9.61223793103448,3.31700689655172,1.66040172413793,0.872618965517241,0.557515517241379,0.43655,0.4253,0.481608620689655,0.335575862068966,0.265681034482759,0.206025862068966,0.175175862068966,0.172293103448276,0.169553448275862,0.164318965517241,0.165675862068966,0.131955172413793,0.140513793103448,0.119325862068966,0.114124137931034,0.103806896551724,0.0996051724137931,0.0816051724137931,0.068401724137931,0.0520362068965517,0.0377775862068966,0.0277465517241379,0.0289810344827586,0.0257310344827586,0.0255310344827586,0.0180948275862069,0.0126655172413793,0.0146586206896552,0.0147,0.0120931034482759,0.0071051724137931,0.00713620689655172,0.0086,0.00375172413793103,0.00704137931034483,0.00427931034482759,0.0021051724137931,0.0038551724137931,0.00136551724137931,0.00396379310344828,0.000962068965517241,0.00240344827586207,0.00124827586206897,0.000755172413793103,0,0.00115344827586207,0.000448275862068966,0.000739655172413793,0.000705172413793104,0,0,0.000427586206896552,0,0,0,0,0,0,0,0,1,0,0,0,0,0,0,1,1,1,1,1,1,1,1,1,1,1,1,1,1,1,1,1,1,1,1,1,1,1,1,1,1,1,1,1,1,1,1,1,1,1,1,1,1,1,1,1,1,1,1,1,1,1,1,1,1,1,1,1,1,1,1,1,1,1,1,1,1,1,1,1,1,1,1,1,1,1,1,0
2026-07-19 10:00:00,145.408169566667,0,0,0,0,0,0,0.0412033333333333,2.66961833333333,14.3455183333333,23.5468783333333,20.9340883333333,18.3678366666667,18.0682283333333,20.2922466666667,13.619905,4.58493,2.23036333333333,1.13543166666667,0.686588333333333,0.554886666666667,0.483906666666667,0.528488333333333,0.411043333333333,0.296573333333333,0.204105,0.168065,0.166356666666667,0.162206666666667,0.132266666666667,0.15527,0.0991416666666667,0.128366666666667,0.109423333333333,0.101191666666667,0.0918916666666667,0.09393,0.071055,0.0661166666666667,0.049675,0.040755,0.0342633333333333,0.0265483333333333,0.0221766666666667,0.01936,0.0184466666666667,0.014845,0.01642,0.0159116666666667,0.010975,0.00728666666666667,0.00735166666666667,0.00872666666666667,0.00590333333333333,0.002675,0.00361166666666667,0.001965,0.00347,0.00111666666666667,0.00284166666666667,0.00186166666666667,0.00147,0.00141,0.000526666666666667,0.000846666666666667,0.001115,0.002265,0.000835,0.000398333333333333,0.000435,0.00083,0,0.0000433333333333333,0.000126666666666667,0.000136666666666667,0.000146666666666667,0.000156666666666667,0.000166666666666667,0.00005,0,1,0,0,0,0,0,0,1,1,1,1,1,1,1,1,1,1,1,1,1,1,1,1,1,1,1,1,1,1,1,1,1,1,1,1,1,1,1,1,1,1,1,1,1,1,1,1,1,1,1,1,1,1,1,1,1,1,1,1,1,1,1,1,1,1,1,1,1,1,1,1,1,1,1,1,1,1,1,1,0
2026-07-19 11:00:00,147.877928983333,0,0,0,0,0,0,0.03964,2.76263833333333,15.033055,24.62415,21.8550483333333,18.8761816666667,18.412325,20.3039133333333,13.90181,4.52916833333333,2.07264166666667,1.05799166666667,0.614216666666667,0.506255,0.479875,0.488173333333333,0.370721666666667,0.269925,0.198971666666667,0.158908333333333,0.175778333333333,0.166568333333333,0.152791666666667,0.139775,0.110358333333333,0.135506666666667,0.101216666666667,0.09258,0.0852483333333333,0.07161,0.0607566666666667,0.0575166666666667,0.0465966666666667,0.0323883333333333,0.03589,0.0202583333333333,0.0151733333333333,0.0165883333333333,0.0155583333333333,0.0125233333333333,0.0111383333333333,0.01131,0.00995666666666667,0.0116766666666667,0.00978166666666667,0.006335,0.00463166666666667,0.00400666666666667,0.00505333333333333,0.00284333333333333,0.00174833333333333,0.00292333333333333,0.00334833333333333,0.00135666666666667,0.00170666666666667,0,0.00085,0.00204,0.000498333333333333,0.000421666666666667,0.00042,0.00165333333333333,0.000435,0.000346666666666667,0.000893333333333333,0.000065,0.00019,0.000205,0.00022,0.000235,0.00025,0.000075,0,1,0,0,0,0,0,0,1,1,1,1,1,1,1,1,1,1,1,1,1,1,1,1,1,1,1,1,1,1,1,1,1,1,1,1,1,1,1,1,1,1,1,1,1,1,1,1,1,1,1,1,1,1,1,1,1,1,1,1,1,1,1,1,1,1,1,1,1,1,1,1,1,1,1,1,1,1,1,1,0
2026-07-19 12:00:00,161.709760016667,0,0,0,0,0,0,0.0510216666666667,3.579615,18.0713666666667,27.94506,23.8919466666667,20.0325083333333,18.9613366666667,20.1521533333333,15.2350483333333,4.99332,2.33667166666667,1.08253833333333,0.688488333333333,0.512576666666667,0.469455,0.475085,0.403788333333333,0.26695,0.186223333333333,0.14185,0.139578333333333,0.13616,0.11194,0.117706666666667,0.101538333333333,0.0948066666666667,0.0856133333333333,0.07311,0.0732883333333333,0.06341,0.0564816666666667,0.048765,0.03473,0.0353183333333333,0.026475,0.0155383333333333,0.017,0.0215383333333333,0.0157166666666667,0.0177683333333333,0.0104666666666667,0.00908,0.00781833333333333,0.00555333333333333,0.008565,0.004145,0.00343,0.00419166666666667,0.00766,0.004665,0.00197666666666667,0.00344166666666667,0.002735,0.00128,0.00270333333333333,0.001985,0.00123666666666667,0.001655,0.000845,0.000496666666666667,0.000288333333333333,0.000131666666666667,0.000223333333333333,0.000781666666666667,0.000653333333333333,0.000065,0.00019,0.000205,0.00022,0.000235,0.00025,0.000075,0,1,0,0,0,0,0,0,1,1,1,1,1,1,1,1,1,1,1,1,1,1,1,1,1,1,1,1,1,1,1,1,1,1,1,1,1,1,1,1,1,1,1,1,1,1,1,1,1,1,1,1,1,1,1,1,1,1,1,1,1,1,1,1,1,1,1,1,1,1,1,1,1,1,1,1,1,1,1,1,0
2026-07-19 13:00:00,162.861545533333,0,0,0,0,0,0,0.0486366666666667,3.52036166666667,18.140275,28.4431966666667,24.33901,20.2768533333333,18.965135,20.00325,16.7524383333333,5.964755,2.469745,1.2136,0.724135,0.537608333333333,0.500496666666667,0.458588333333333,0.398111666666667,0.257148333333333,0.193478333333333,0.131263333333333,0.137456666666667,0.119025,0.0998783333333333,0.109261666666667,0.0840333333333333,0.094155,0.0663083333333333,0.0747966666666667,0.0628916666666667,0.0592116666666667,0.05435,0.0430483333333333,0.031465,0.0215566666666667,0.0216633333333333,0.02272,0.0142466666666667,0.0122633333333333,0.015285,0.00967833333333333,0.0113483333333333,0.014385,0.0106966666666667,0.00559833333333333,0.00800666666666667,0.00462666666666667,0.008005,0.00440833333333333,0.00529833333333333,0.00268833333333333,0.00286666666666667,0.00292666666666667,0.00162666666666667,0.00196,0.000853333333333333,0.000748333333333333,0.000526666666666667,0.000385,0.000881666666666667,0.00112666666666667,0.000426666666666667,0.00055,0.00105666666666667,0.000608333333333333,0.000413333333333333,0.000541666666666667,0.00038,0.00041,0.00044,0.00047,0.0005,0.00015,0,1,0,0,0,0,0,0,1,1,1,1,1,1,1,1,1,1,1,1,1,1,1,1,1,1,1,1,1,1,1,1,1,1,1,1,1,1,1,1,1,1,1,1,1,1,1,1,1,1,1,1,1,1,1,1,1,1,1,1,1,1,1,1,1,1,1,1,1,1,1,1,1,1,1,1,1,1,1,1,0
2026-07-19 14:00:00,166.363675716667,0,0,0,0,0,0,0.053555,3.54058333333333,18.3029583333333,28.3783316666667,24.1655433333333,20.1973833333333,18.58411,18.4615983333333,17.53367,8.01715333333333,2.71620166666667,1.36929833333333,0.828348333333333,0.628996666666667,0.558966666666667,0.477065,0.460705,0.341983333333333,0.263646666666667,0.19049,0.178121666666667,0.165911666666667,0.14899,0.132251666666667,0.111753333333333,0.110486666666667,0.09446,0.08545,0.06744,0.0563466666666667,0.0429066666666667,0.0322033333333333,0.0298683333333333,0.03985,0.0244133333333333,0.0202666666666667,0.0231666666666667,0.0206966666666667,0.019,0.0179216666666667,0.0102516666666667,0.0129216666666667,0.0143166666666667,0.00631666666666667,0.0100716666666667,0.00417166666666667,0.00576333333333333,0.00405833333333333,0.003145,0.0018,0.00358166666666667,0.00486833333333333,0.00268,0.000853333333333333,0.00213333333333333,0.000646666666666667,0.001865,0.000461666666666667,0.00203833333333333,0.00134,0.000996666666666667,0.000263333333333333,0.000833333333333333,0.000761666666666667,0.00105333333333333,0.00073,0.00019,0.000203333333333333,0.000218333333333333,0.000235,0.000251666666666667,0.0000733333333333333,0,1,0,0,0,0,0,0,1,1,1,1,1,1,1,1,1,1,1,1,1,1,1,1,1,1,1,1,1,1,1,1,1,1,1,1,1,1,1,1,1,1,1,1,1,1,1,1,1,1,1,1,1,1,1,1,1,1,1,1,1,1,1,1,1,1,1,1,1,1,1,1,1,1,1,1,1,1,1,1,0
2026-07-19 15:00:00,144.458267766667,0,0,0,0,0,0,0.0432683333333333,3.08264,16.1707816666667,25.03825,21.3342716666667,17.569245,15.7599616666667,15.1012983333333,14.96579,7.27729,2.414915,1.15076833333333,0.667946666666667,0.496013333333333,0.42494,0.388585,0.35638,0.242326666666667,0.218595,0.165015,0.15104,0.153808333333333,0.106221666666667,0.127856666666667,0.0971966666666667,0.108366666666667,0.0791,0.0739916666666667,0.06799,0.0563833333333333,0.0495033333333333,0.03894,0.0319583333333333,0.0345216666666667,0.0259533333333333,0.0189516666666667,0.015725,0.0202566666666667,0.011365,0.0126766666666667,0.0103966666666667,0.0106566666666667,0.00777,0.00599,0.005925,0.008795,0.004865,0.00274,0.003645,0.003165,0.00043,0.00492166666666667,0.00253833333333333,0.00196,0.00341333333333333,0.00234666666666667,0.00229,0.00130833333333333,0.000346666666666667,0.00078,0.000558333333333333,0.001235,0.000658333333333333,0.00143833333333333,0,0.000151666666666667,0.000443333333333333,0.000475,0.00051,0.000548333333333333,0.000586666666666667,0.000171666666666667,0,1,0,0,0,0,0,0,1,1,1,1,1,1,1,1,1,1,1,1,1,1,1,1,1,1,1,1,1,1,1,1,1,1,1,1,1,1,1,1,1,1,1,1,1,1,1,1,1,1,1,1,1,1,1,1,1,1,1,1,1,1,1,1,1,1,1,1,1,1,1,1,1,1,1,1,1,1,1,1,0
2026-07-19 16:00:00,135.509263066667,0,0,0,0,0,0,0.0437533333333333,2.86399166666667,14.739415,23.2446883333333,19.685675,16.198905,14.9152166666667,14.4404833333333,14.18676,6.58355666666667,2.20271666666667,1.05422833333333,0.688241666666667,0.495395,0.421091666666667,0.419823333333333,0.37568,0.285273333333333,0.231313333333333,0.199295,0.171621666666667,0.159695,0.144663333333333,0.139606666666667,0.11623,0.0971933333333333,0.0794,0.0788566666666667,0.0654133333333333,0.05595,0.047985,0.04573,0.03652,0.0349283333333333,0.029025,0.0244,0.020375,0.0187333333333333,0.0175283333333333,0.0115566666666667,0.0148383333333333,0.00592666666666667,0.00845,0.00699,0.00685666666666667,0.00667666666666667,0.00511,0.00574166666666667,0.00449,0.00464333333333333,0.00240833333333333,0.00352333333333333,0.00231666666666667,0.00110666666666667,0.00232333333333333,0.00375666666666667,0.00196666666666667,0.00123166666666667,0.0005,0.000421666666666667,0.00112833333333333,0.00136666666666667,0.00126833333333333,0.000415,0.000413333333333333,0.000541666666666667,0.00038,0.00041,0.00044,0.00047,0.0005,0.00015,0,1,0,0,0,0,0,0,1,1,1,1,1,1,1,1,1,1,1,1,1,1,1,1,1,1,1,1,1,1,1,1,1,1,1,1,1,1,1,1,1,1,1,1,1,1,1,1,1,1,1,1,1,1,1,1,1,1,1,1,1,1,1,1,1,1,1,1,1,1,1,1,1,1,1,1,1,1,1,1,0
2026-07-19 17:00:00,128.04651795,0,0,0,0,0,0,0.0453583333333333,2.7702,13.7581166666667,21.8378016666667,18.3445116666667,15.5399016666667,14.7664916666667,14.85032,12.753735,5.131705,2.08156333333333,1.05261,0.69165,0.564986666666667,0.450418333333333,0.427181666666667,0.39565,0.310766666666667,0.255535,0.2145,0.181625,0.1815,0.163746666666667,0.1391,0.113086666666667,0.136336666666667,0.110441666666667,0.0940233333333333,0.0720983333333333,0.0777233333333333,0.0628416666666667,0.0508,0.048525,0.042635,0.025865,0.0244066666666667,0.0254483333333333,0.0226283333333333,0.015485,0.0114016666666667,0.0105416666666667,0.013395,0.011885,0.00653833333333333,0.00646166666666667,0.00542166666666667,0.00776333333333333,0.00477833333333333,0.00387666666666667,0.00322833333333333,0.00418666666666667,0.00258,0.00299833333333333,0.00213666666666667,0.00298666666666667,0.00117333333333333,0.000951666666666667,0.000808333333333333,0.002,0.001415,0.000708333333333333,0.00055,0.000416666666666667,0.00083,0.000413333333333333,0.0000216666666666667,0.0000633333333333333,0.0000683333333333333,0.0000733333333333333,0.0000783333333333333,0.0000833333333333333,0.000025,0,1,0,0,0,0,0,0,1,1,1,1,1,1,1,1,1,1,1,1,1,1,1,1,1,1,1,1,1,1,1,1,1,1,1,1,1,1,1,1,1,1,1,1,1,1,1,1,1,1,1,1,1,1,1,1,1,1,1,1,1,1,1,1,1,1,1,1,1,1,1,1,1,1,1,1,1,1,1,1,0
2026-07-19 18:00:00,98.6383647,0,0,0,0,0,0,0.0282933333333333,2.0664,10.31295,15.903275,13.5875083333333,12.2596666666667,11.8935383333333,12.5261366666667,9.29271333333333,3.71235833333333,1.49988166666667,0.795455,0.502618333333333,0.41618,0.37634,0.359108333333333,0.31887,0.270533333333333,0.218565,0.185373333333333,0.16969,0.171881666666667,0.143936666666667,0.156296666666667,0.118426666666667,0.1244,0.114066666666667,0.0955,0.0899233333333333,0.0761883333333333,0.051755,0.0575633333333333,0.0414633333333333,0.0396166666666667,0.0308783333333333,0.02874,0.02724,0.0197333333333333,0.0185866666666667,0.016405,0.0154816666666667,0.009475,0.0105983333333333,0.00532833333333333,0.00712333333333333,0.00544833333333333,0.008765,0.00560833333333333,0.003645,0.003595,0.00412666666666667,0.00295666666666667,0.003665,0.001685,0.00227666666666667,0.00263166666666667,0.00267666666666667,0.00211666666666667,0.00127,0.00134,0.00084,0.001235,0.000435,0.001245,0.000826666666666667,0.00013,0.00038,0.000408333333333333,0.000438333333333333,0.00047,0.000501666666666667,0.000148333333333333,0,1,0,0,0,0,0,0,1,1,1,1,1,1,1,1,1,1,1,1,1,1,1,1,1,1,1,1,1,1,1,1,1,1,1,1,1,1,1,1,1,1,1,1,1,1,1,1,1,1,1,1,1,1,1,1,1,1,1,1,1,1,1,1,1,1,1,1,1,1,1,1,1,1,1,1,1,1,1,1,0
2026-07-19 19:00:00,84.7379776724138,0,0,0,0,0,0,0.020451724137931,1.83604310344828,8.95023275862069,13.5655344827586,11.6338017241379,10.5821844827586,10.5588206896552,11.1302431034483,8.24669827586207,3.26693620689655,1.21005172413793,0.642193103448276,0.409356896551724,0.33188275862069,0.296170689655172,0.304351724137931,0.30686724137931,0.259548275862069,0.189453448275862,0.167939655172414,0.151260344827586,0.157762068965517,0.146520689655172,0.149513793103448,0.134936206896552,0.109501724137931,0.104151724137931,0.0882448275862069,0.0850051724137931,0.0794206896551724,0.0605844827586207,0.0556879310344828,0.038801724137931,0.0332465517241379,0.0310172413793103,0.0333844827586207,0.01615,0.0166465517241379,0.0125568965517241,0.0127379310344828,0.0136810344827586,0.0114965517241379,0.0093448275862069,0.00922413793103448,0.00999310344827586,0.00902931034482759,0.00570689655172414,0.00561896551724138,0.00266896551724138,0.00422758620689655,0.00246206896551724,0.00136379310344828,0.000237931034482759,0.00335689655172414,0.00171724137931034,0.00281206896551724,0.0015551724137931,0.00135344827586207,0.00170862068965517,0.00124310344827586,0.000577586206896552,0.00086551724137931,0.000862068965517241,0.000608620689655172,0.00153103448275862,0.00103103448275862,0.000524137931034483,0.000563793103448276,0.000605172413793103,0.000648275862068965,0.000691379310344828,0.000205172413793103,0,1,0,0,0,0,0,0,1,1,1,1,1,1,1,1,1,1,1,1,1,1,1,1,1,1,1,1,1,1,1,1,1,1,1,1,1,1,1,1,1,1,1,1,1,1,1,1,1,1,1,1,1,1,1,1,1,1,1,1,1,1,1,1,1,1,1,1,1,1,1,1,1,1,1,1,1,1,1,1,0
2026-07-19 20:00:00,98.661146,0,0,0,0,0,0,0.0312803571428571,2.17473928571429,10.4688821428571,15.1728625,12.7581303571429,11.2441321428571,11.7893857142857,12.9481392857143,10.5900910714286,4.85374285714286,1.65462678571429,0.849751785714286,0.500778571428571,0.4092,0.3435375,0.345232142857143,0.344596428571429,0.284791071428571,0.232369642857143,0.190001785714286,0.185048214285714,0.1756625,0.147153571428571,0.146142857142857,0.135346428571429,0.131669642857143,0.109330357142857,0.1124,0.0989910714285714,0.0928232142857143,0.08095,0.0678321428571429,0.0477910714285714,0.0384732142857143,0.0358857142857143,0.0259107142857143,0.0212714285714286,0.0181375,0.0170232142857143,0.0164285714285714,0.0109767857142857,0.0147357142857143,0.00949107142857143,0.0113232142857143,0.0094625,0.00813035714285714,0.00493571428571429,0.00741785714285714,0.00381071428571429,0.00394107142857143,0.00792678571428571,0.00377321428571429,0.000635714285714286,0.00137321428571429,0.000914285714285714,0.00251607142857143,0.00158392857142857,0.000453571428571429,0.00173214285714286,0.000532142857142857,0.00045,0.002625,0.000505357142857143,0.00133392857142857,0,0.0001625,0.000475,0.000510714285714286,0.000548214285714286,0.0005875,0.000626785714285714,0.000185714285714286,0,1,0,0,0,0,0,0,1,1,1,1,1,1,1,1,1,1,1,1,1,1,1,1,1,1,1,1,1,1,1,1,1,1,1,1,1,1,1,1,1,1,1,1,1,1,1,1,1,1,1,1,1,1,1,1,1,1,1,1,1,1,1,1,1,1,1,1,1,1,1,1,1,1,1,1,1,1,1,1,0
2026-07-19 21:00:00,159.061845706897,0,0,0,0,0,0,0.0519362068965517,3.65237413793103,17.4687172413793,25.4255482758621,20.7855689655172,17.626324137931,17.0989517241379,18.5983620689655,16.569325862069,9.11670517241379,3.7802,1.84470172413793,1.08028620689655,0.762087931034483,0.680565517241379,0.654044827586207,0.601253448275862,0.508806896551724,0.407936206896552,0.326524137931034,0.274155172413793,0.244862068965517,0.20485,0.222625862068966,0.159001724137931,0.170513793103448,0.135593103448276,0.120624137931034,0.117631034482759,0.100262068965517,0.0895724137931034,0.0748086206896552,0.0603810344827586,0.0479258620689655,0.0316103448275862,0.0347758620689655,0.0312586206896552,0.020448275862069,0.0237293103448276,0.0136137931034483,0.0150448275862069,0.0103655172413793,0.0108293103448276,0.0126689655172414,0.00967586206896552,0.00698103448275862,0.00889655172413793,0.00951896551724138,0.00634137931034483,0.0070551724137931,0.00468793103448276,0.00352758620689655,0.00659827586206897,0.00280862068965517,0.00171724137931034,0.00136896551724138,0.00303793103448276,0.00127413793103448,0.00182758620689655,0.00116551724137931,0.00247586206896552,0.0023948275862069,0.0009,0.0020051724137931,0.000993103448275862,0.000201724137931034,0.000589655172413793,0.00063448275862069,0.000681034482758621,0.000729310344827586,0.000777586206896552,0.000231034482758621,0,1,0,0,0,0,0,0,1,1,1,1,1,1,1,1,1,1,1,1,1,1,1,1,1,1,1,1,1,1,1,1,1,1,1,1,1,1,1,1,1,1,1,1,1,1,1,1,1,1,1,1,1,1,1,1,1,1,1,1,1,1,1,1,1,1,1,1,1,1,1,1,1,1,1,1,1,1,1,1,0
2026-07-19 22:00:00,132.551706155172,0,0,0,0,0,0,0.0394775862068966,2.78651551724138,13.6215793103448,19.9943689655172,16.9034034482759,14.4651913793103,14.5384586206897,16.5168948275862,15.5863724137931,7.85710344827586,2.96063620689655,1.49503448275862,0.866368965517241,0.657565517241379,0.592915517241379,0.644396551724138,0.56558275862069,0.495320689655172,0.393296551724138,0.30748275862069,0.276391379310345,0.249243103448276,0.206370689655172,0.197410344827586,0.182684482758621,0.171301724137931,0.162679310344828,0.130484482758621,0.104487931034483,0.0990344827586207,0.0777655172413793,0.0677310344827586,0.0672620689655172,0.0477551724137931,0.0374655172413793,0.0286068965517241,0.0268103448275862,0.0256948275862069,0.0314620689655172,0.0195034482758621,0.0146551724137931,0.0164741379310345,0.0133344827586207,0.0103448275862069,0.011848275862069,0.00652931034482759,0.011201724137931,0.0084448275862069,0.00478965517241379,0.00481379310344828,0.00350172413793103,0.00495344827586207,0.00294310344827586,0.00265,0.00412068965517241,0.00217758620689655,0.00207413793103448,0.00159310344827586,0.00131379310344828,0.00219310344827586,0.000577586206896552,0.000432758620689655,0.0019551724137931,0.00105862068965517,0.00161379310344828,0.00117413793103448,0.000655172413793103,0.000705172413793104,0.000756896551724138,0.000810344827586207,0.000863793103448276,0.000256896551724138,0,1,0,0,0,0,0,0,1,1,1,1,1,1,1,1,1,1,1,1,1,1,1,1,1,1,1,1,1,1,1,1,1,1,1,1,1,1,1,1,1,1,1,1,1,1,1,1,1,1,1,1,1,1,1,1,1,1,1,1,1,1,1,1,1,1,1,1,1,1,1,1,1,1,1,1,1,1,1,1,0
2026-07-19 23:00:00,110.96654559322,0,0,0,0,0,0,0.0263203389830508,2.18082711864407,10.7428983050847,16.1196711864407,14.0371491525424,12.5643949152542,13.0087491525424,14.9718677966102,13.2484627118644,5.86927288135593,1.81137288135593,0.921986440677966,0.582872881355932,0.468269491525424,0.441628813559322,0.45033220338983,0.380305084745763,0.344883050847458,0.283937288135593,0.235791525423729,0.249103389830508,0.231638983050847,0.200364406779661,0.212694915254237,0.153867796610169,0.171701694915254,0.157664406779661,0.137820338983051,0.125833898305085,0.11688813559322,0.090935593220339,0.0687949152542373,0.0742525423728814,0.0468576271186441,0.0388576271186441,0.038228813559322,0.0298457627118644,0.0257338983050847,0.0191796610169492,0.0225457627118644,0.0166779661016949,0.0194762711864407,0.0153830508474576,0.0108847457627119,0.0112101694915254,0.00941016949152542,0.00808305084745763,0.00526440677966102,0.00864406779661017,0.00805762711864407,0.00353050847457627,0.00445593220338983,0.00375084745762712,0.0029406779661017,0.00106101694915254,0.00176271186440678,0.00103220338983051,0.00133050847457627,0.00277796610169492,0.00166271186440678,0.00142881355932203,0.00181525423728814,0.00109322033898305,0.00146271186440678,0.00142372881355932,0.00120508474576271,0.000322033898305085,0.000347457627118644,0.000372881355932203,0.000398305084745763,0.000423728813559322,0.000127118644067797,0,1,0,0,0,0,0,0,1,1,1,1,1,1,1,1,1,1,1,1,1,1,1,1,1,1,1,1,1,1,1,1,1,1,1,1,1,1,1,1,1,1,1,1,1,1,1,1,1,1,1,1,1,1,1,1,1,1,1,1,1,1,1,1,1,1,1,1,1,1,1,1,1,1,1,1,1,1,1,1,0
2026-07-20,107.092914883333,0,0,0,0,0,0,0.02687,1.81406333333333,9.28852666666667,14.5534033333333,13.1013,12.3430816666667,13.4171133333333,16.504,12.4067033333333,5.121,1.84054833333333,0.928616666666667,0.578021666666667,0.454461666666667,0.434666666666667,0.456725,0.392588333333333,0.356681666666667,0.271068333333333,0.233773333333333,0.225545,0.231158333333333,0.20118,0.213845,0.158973333333333,0.190803333333333,0.151731666666667,0.135875,0.11588,0.102696666666667,0.0712383333333333,0.0771733333333333,0.0640033333333333,0.0514583333333333,0.0498033333333333,0.0376033333333333,0.028395,0.0239066666666667,0.0247516666666667,0.0214716666666667,0.0133666666666667,0.0171783333333333,0.0171083333333333,0.0121783333333333,0.01044,0.0113683333333333,0.00875,0.00444666666666667,0.00697333333333333,0.00604,0.00309666666666667,0.00223833333333333,0.00411833333333333,0.00246666666666667,0.00251333333333333,0.00164666666666667,0.0013,0.00173166666666667,0.00157666666666667,0.000571666666666667,0.000576666666666667,0.000661666666666667,0.001685,0.00117666666666667,0.000893333333333333,0.000151666666666667,0.000443333333333333,0.000478333333333333,0.000513333333333333,0.000548333333333333,0.000583333333333333,0.000175,0,1,0,0,0,0,0,0,1,1,1,1,1,1,1,1,1,1,1,1,1,1,1,1,1,1,1,1,1,1,1,1,1,1,1,1,1,1,1,1,1,1,1,1,1,1,1,1,1,1,1,1,1,1,1,1,1,1,1,1,1,1,1,1,1,1,1,1,1,1,1,1,1,1,1,1,1,1,1,1,0
2026-07-20 01:00:00,88.6073344833333,0,0,0,0,0,0,0.013675,1.085735,5.82656333333333,9.75020833333333,9.8745,10.7643116666667,12.9727133333333,17.4449733333333,10.870705,3.23859333333333,1.445725,0.743291666666667,0.448506666666667,0.397923333333333,0.356973333333333,0.390326666666667,0.372195,0.31908,0.260408333333333,0.236735,0.229868333333333,0.218261666666667,0.18268,0.191591666666667,0.164426666666667,0.156206666666667,0.128776666666667,0.126765,0.110778333333333,0.09503,0.0793266666666667,0.0705116666666667,0.05823,0.037545,0.0337433333333333,0.0384516666666667,0.0231733333333333,0.022375,0.01875,0.0139533333333333,0.0125583333333333,0.0153883333333333,0.0151816666666667,0.013375,0.0125233333333333,0.00417,0.00679166666666667,0.00296666666666667,0.00280166666666667,0.00529833333333333,0.00344,0.00447,0.00378666666666667,0.00322,0.00336666666666667,0.00314333333333333,0.00158,0.000385,0.00207666666666667,0.000358333333333333,0.001975,0.000661666666666667,0.000241666666666667,0.000193333333333333,0,0.0000216666666666667,0.0000633333333333333,0.0000683333333333333,0.0000733333333333333,0.0000783333333333333,0.0000833333333333333,0.000025,0,1,0,0,0,0,0,0,1,1,1,1,1,1,1,1,1,1,1,1,1,1,1,1,1,1,1,1,1,1,1,1,1,1,1,1,1,1,1,1,1,1,1,1,1,1,1,1,1,1,1,1,1,1,1,1,1,1,1,1,1,1,1,1,1,1,1,1,1,1,1,1,1,1,1,1,1,1,1,1,0
2026-07-20 02:00:00,78.9366001666667,0,0,0,0,0,0,0.00729166666666667,0.621575,3.77861833333333,7.51663833333333,8.63802166666667,10.0136833333333,12.31369,16.5581983333333,10.5041016666667,2.39120833333333,1.08917,0.51432,0.368586666666667,0.337053333333333,0.331763333333333,0.343631666666667,0.362743333333333,0.293845,0.251033333333333,0.213861666666667,0.199076666666667,0.197163333333333,0.18089,0.183946666666667,0.160136666666667,0.141955,0.133411666666667,0.115863333333333,0.108425,0.094345,0.083025,0.06853,0.057795,0.0459383333333333,0.0398566666666667,0.0312633333333333,0.0246083333333333,0.0236233333333333,0.0220566666666667,0.01173,0.012725,0.01091,0.0106166666666667,0.00827833333333333,0.007985,0.005105,0.00624333333333333,0.00648166666666667,0.00367,0.00309,0.00315333333333333,0.00283333333333333,0.00146,0.00153166666666667,0.00123333333333333,0.00144333333333333,0.00192833333333333,0.00211666666666667,0.00169,0.001485,0.000276666666666667,0.000836666666666667,0,0.000415,0.000573333333333333,0.000686666666666667,0.0000633333333333333,0.0000683333333333333,0.0000733333333333333,0.0000783333333333333,0.0000833333333333333,0.000025,0,1,0,0,0,0,0,0,1,1,1,1,1,1,1,1,1,1,1,1,1,1,1,1,1,1,1,1,1,1,1,1,1,1,1,1,1,1,1,1,1,1,1,1,1,1,1,1,1,1,1,1,1,1,1,1,1,1,1,1,1,1,1,1,1,1,1,1,1,1,1,1,1,1,1,1,1,1,1,1,0
2026-07-20 03:00:00,79.2673328833333,0,0,0,0,0,0,0.00737166666666667,0.6168,3.82303833333333,7.54922166666667,8.35702166666667,9.16802833333333,11.0820516666667,13.54903,14.3399166666667,4.600265,1.18565333333333,0.579305,0.36426,0.313848333333333,0.33741,0.384826666666667,0.376981666666667,0.317235,0.25536,0.21007,0.219315,0.195241666666667,0.20588,0.175678333333333,0.156373333333333,0.153591666666667,0.11811,0.12564,0.103205,0.0947683333333333,0.0776033333333333,0.0627733333333333,0.0484816666666667,0.04315,0.0331733333333333,0.02695,0.0228183333333333,0.0183333333333333,0.017905,0.0171466666666667,0.0165466666666667,0.0168133333333333,0.01587,0.00965333333333333,0.0102316666666667,0.00590333333333333,0.00658,0.00317666666666667,0.00485166666666667,0.003595,0.00404166666666667,0.00186166666666667,0.00260166666666667,0.001785,0.00208666666666667,0.00197,0.00059,0.002425,0.000153333333333333,0,0.00084,0,0.000223333333333333,0.000193333333333333,0,0.000065,0.00019,0.000205,0.00022,0.000235,0.00025,0.000075,0,1,0,0,0,0,0,0,1,1,1,1,1,1,1,1,1,1,1,1,1,1,1,1,1,1,1,1,1,1,1,1,1,1,1,1,1,1,1,1,1,1,1,1,1,1,1,1,1,1,1,1,1,1,1,1,1,1,1,1,1,1,1,1,1,1,1,1,1,1,1,1,1,1,1,1,1,1,1,1,0
2026-07-20 04:00:00,79.1991184166667,0,0,0,0,0,0,0.00485333333333333,0.587276666666667,3.56678166666667,7.31073833333333,8.273065,8.80383166666667,10.63673,12.50697,15.4202483333333,5.53169333333333,1.26418833333333,0.611148333333333,0.371556666666667,0.349293333333333,0.351153333333333,0.383201666666667,0.386925,0.33442,0.268031666666667,0.233008333333333,0.22438,0.19052,0.17733,0.16256,0.172063333333333,0.139106666666667,0.127481666666667,0.11713,0.0937983333333333,0.07771,0.070275,0.0534466666666667,0.0431516666666667,0.031155,0.0314116666666667,0.02666,0.0207983333333333,0.0224083333333333,0.0182583333333333,0.01371,0.00953166666666667,0.00909833333333333,0.0100316666666667,0.00718333333333333,0.008315,0.00330333333333333,0.00578833333333333,0.002675,0.00566166666666667,0.00252666666666667,0.00481833333333333,0.00226333333333333,0.001515,0.00196,0.00189666666666667,0.000985,0.000526666666666667,0,0.00119166666666667,0.00162333333333333,0.000978333333333333,0.001235,0.0000183333333333333,0.000588333333333333,0.00024,0.0000433333333333333,0.000126666666666667,0.000136666666666667,0.000146666666666667,0.000156666666666667,0.000166666666666667,0.00005,0,1,0,0,0,0,0,0,1,1,1,1,1,1,1,1,1,1,1,1,1,1,1,1,1,1,1,1,1,1,1,1,1,1,1,1,1,1,1,1,1,1,1,1,1,1,1,1,1,1,1,1,1,1,1,1,1,1,1,1,1,1,1,1,1,1,1,1,1,1,1,1,1,1,1,1,1,1,1,1,0
2026-07-20 05:00:00,79.3759366833333,0,0,0,0,0,0,0.004905,0.590928333333333,3.624055,7.42198333333333,8.20289666666667,8.92448333333333,10.8007566666667,13.2726233333333,15.309845,5.10456833333333,1.265895,0.601671666666667,0.385103333333333,0.33984,0.33694,0.384965,0.391475,0.317791666666667,0.271111666666667,0.216158333333333,0.203596666666667,0.20167,0.177516666666667,0.175193333333333,0.157645,0.138715,0.12901,0.114523333333333,0.085445,0.0876216666666667,0.062545,0.051975,0.0426633333333333,0.0347066666666667,0.0287933333333333,0.01677,0.0210416666666667,0.0177666666666667,0.01321,0.0170783333333333,0.013145,0.00931666666666667,0.00626833333333333,0.006495,0.011,0.00626666666666667,0.00638333333333333,0.00607666666666667,0.00379333333333333,0.00329833333333333,0.000831666666666667,0.00198,0.00248333333333333,0.00195833333333333,0.00313,0.001985,0.00201,0.00173166666666667,0.00203666666666667,0.00015,0.00042,0,0.000446666666666667,0.000801666666666667,0,0.000498333333333333,0.000253333333333333,0.000273333333333333,0.000293333333333333,0.000313333333333333,0.000333333333333333,0.0001,0,1,0,0,0,0,0,0,1,1,1,1,1,1,1,1,1,1,1,1,1,1,1,1,1,1,1,1,1,1,1,1,1,1,1,1,1,1,1,1,1,1,1,1,1,1,1,1,1,1,1,1,1,1,1,1,1,1,1,1,1,1,1,1,1,1,1,1,1,1,1,1,1,1,1,1,1,1,1,1,0
2026-07-20 06:00:00,88.12306395,0,0,0,0,0,0,0.0102233333333333,0.791743333333333,4.62840166666667,8.563635,8.93785166666667,10.081825,12.6845983333333,17.2933816666667,14.2526266666667,3.79857833333333,1.63966166666667,0.813078333333333,0.545195,0.436796666666667,0.434753333333333,0.464641666666667,0.47015,0.363528333333333,0.315178333333333,0.270341666666667,0.24858,0.239173333333333,0.218843333333333,0.221153333333333,0.180655,0.158915,0.129695,0.126176666666667,0.111508333333333,0.097495,0.0823016666666667,0.0594916666666667,0.05555,0.0409416666666667,0.0371216666666667,0.0297083333333333,0.0299933333333333,0.02636,0.0193616666666667,0.0134516666666667,0.0161283333333333,0.0118683333333333,0.0139533333333333,0.00954,0.0131516666666667,0.0104083333333333,0.00826333333333333,0.0100466666666667,0.00200833333333333,0.00236166666666667,0.00200666666666667,0.002235,0.003445,0.00724166666666667,0.00298666666666667,0.00159833333333333,0.00176333333333333,0.002155,0.00126833333333333,0.00253,0.00126,0.000796666666666667,0.000453333333333333,0.00100333333333333,0.00024,0.000498333333333333,0.000253333333333333,0.000273333333333333,0.000293333333333333,0.000313333333333333,0.000333333333333333,0.0001,0,1,0,0,0,0,0,0,1,1,1,1,1,1,1,1,1,1,1,1,1,1,1,1,1,1,1,1,1,1,1,1,1,1,1,1,1,1,1,1,1,1,1,1,1,1,1,1,1,1,1,1,1,1,1,1,1,1,1,1,1,1,1,1,1,1,1,1,1,1,1,1,1,1,1,1,1,1,1,1,0
2026-07-20 07:00:00,97.04431225,0,0,0,0,0,0,0.0225633333333333,1.20672166666667,6.38801166666667,10.7286683333333,10.540385,11.178685,13.419005,18.6025166666667,12.2400716666667,3.821185,1.79646333333333,0.921816666666667,0.55224,0.474518333333333,0.446603333333333,0.515546666666667,0.440446666666667,0.357898333333333,0.292215,0.251363333333333,0.25438,0.240408333333333,0.22365,0.23855,0.181455,0.193136666666667,0.180618333333333,0.146258333333333,0.143581666666667,0.118871666666667,0.114216666666667,0.0925016666666667,0.0778216666666667,0.0600366666666667,0.0483716666666667,0.0431783333333333,0.03985,0.0332366666666667,0.027285,0.0246516666666667,0.0225433333333333,0.0178133333333333,0.0155616666666667,0.0155716666666667,0.0143266666666667,0.00918333333333333,0.00898666666666667,0.00891,0.00650666666666667,0.00641666666666667,0.00636333333333333,0.00504,0.0056,0.00306666666666667,0.00379333333333333,0.00419833333333333,0.001725,0.00169333333333333,0.00126833333333333,0.00190666666666667,0.001405,0.000968333333333333,0,0.00159166666666667,0.000893333333333333,0.000498333333333333,0.000253333333333333,0.000273333333333333,0.000293333333333333,0.000313333333333333,0.000333333333333333,0.0001,0,1,0,0,0,0,0,0,1,1,1,1,1,1,1,1,1,1,1,1,1,1,1,1,1,1,1,1,1,1,1,1,1,1,1,1,1,1,1,1,1,1,1,1,1,1,1,1,1,1,1,1,1,1,1,1,1,1,1,1,1,1,1,1,1,1,1,1,1,1,1,1,1,1,1,1,1,1,1,1,0
2026-07-20 08:00:00,94.2318918833333,0,0,0,0,0,0,0.0215633333333333,1.51477166666667,7.74541333333333,12.12141,11.167105,10.757445,12.0058433333333,14.8824783333333,11.3341066666667,4.70057,1.68219666666667,0.855081666666667,0.515676666666667,0.405475,0.39569,0.394455,0.360013333333333,0.29632,0.237295,0.197396666666667,0.21105,0.201786666666667,0.193413333333333,0.199856666666667,0.154871666666667,0.170205,0.127016666666667,0.134793333333333,0.132366666666667,0.107485,0.0935533333333333,0.0842516666666667,0.0704733333333333,0.0626966666666667,0.0507,0.03938,0.036095,0.033205,0.02763,0.017325,0.0227566666666667,0.0192133333333333,0.0150766666666667,0.018015,0.0180816666666667,0.01385,0.011715,0.01246,0.00742,0.00754,0.00458833333333333,0.00739166666666667,0.006425,0.00203666666666667,0.00587833333333333,0.00468833333333333,0.00425666666666667,0.004195,0.00130666666666667,0.002895,0.00197,0.002335,0.000435,0.000761666666666667,0.000893333333333333,0.00104,0.000633333333333333,0.000681666666666667,0.000731666666666667,0.000783333333333333,0.000835,0.000248333333333333,0,1,0,0,0,0,0,0,1,1,1,1,1,1,1,1,1,1,1,1,1,1,1,1,1,1,1,1,1,1,1,1,1,1,1,1,1,1,1,1,1,1,1,1,1,1,1,1,1,1,1,1,1,1,1,1,1,1,1,1,1,1,1,1,1,1,1,1,1,1,1,1,1,1,1,1,1,1,1,1,0
2026-07-20 09:00:00,124.218589516667,0,0,0,0,0,0,0.03715,2.32381,12.03006,18.229995,15.8168333333333,14.2903583333333,14.7742116666667,17.6544983333333,14.8685516666667,5.623505,1.88826166666667,0.937901666666667,0.539841666666667,0.426836666666667,0.40366,0.400538333333333,0.378603333333333,0.296896666666667,0.2492,0.214808333333333,0.20327,0.207635,0.174151666666667,0.211213333333333,0.174955,0.188886666666667,0.137126666666667,0.155813333333333,0.137828333333333,0.12757,0.103743333333333,0.08122,0.068555,0.05712,0.0463,0.03687,0.03874,0.0281366666666667,0.0293933333333333,0.0284616666666667,0.02825,0.0212166666666667,0.0207333333333333,0.015245,0.0129383333333333,0.00799833333333333,0.0135016666666667,0.0108416666666667,0.00727,0.00571666666666667,0.00605,0.004645,0.00720333333333333,0.005105,0.004455,0.003775,0.004345,0.003425,0.00218833333333333,0.00162333333333333,0.00252666666666667,0.000968333333333333,0.00208333333333333,0.00159333333333333,0.00105333333333333,0.000838333333333333,0.000506666666666667,0.000546666666666667,0.000586666666666667,0.000626666666666667,0.000666666666666667,0.0002,0,1,0,0,0,0,0,0,1,1,1,1,1,1,1,1,1,1,1,1,1,1,1,1,1,1,1,1,1,1,1,1,1,1,1,1,1,1,1,1,1,1,1,1,1,1,1,1,1,1,1,1,1,1,1,1,1,1,1,1,1,1,1,1,1,1,1,1,1,1,1,1,1,1,1,1,1,1,1,1,0
2026-07-20 10:00:00,138.81392045,0,0,0,0,0,0,0.03718,2.60623833333333,13.1326383333333,20.4790433333333,18.1422116666667,16.26362,16.63208,19.4229683333333,16.6455,5.55234666666667,2.28568666666667,1.07766333333333,0.663971666666667,0.500243333333333,0.429411666666667,0.45588,0.412648333333333,0.311373333333333,0.255373333333333,0.200526666666667,0.191043333333333,0.20334,0.159733333333333,0.176753333333333,0.141018333333333,0.15782,0.146595,0.119288333333333,0.122068333333333,0.124898333333333,0.102108333333333,0.0824116666666667,0.064645,0.05328,0.0396433333333333,0.0333183333333333,0.031855,0.0257683333333333,0.0251983333333333,0.0223433333333333,0.0277616666666667,0.018065,0.0171733333333333,0.014515,0.0142666666666667,0.0121433333333333,0.01055,0.01015,0.00763,0.00598833333333333,0.00472833333333333,0.00527166666666667,0.004425,0.00392166666666667,0.00545333333333333,0.00564,0.00284166666666667,0.00134666666666667,0.0025,0.00232833333333333,0.00198166666666667,0.00163166666666667,0.000881666666666667,0.00139,0.00106666666666667,0.00197166666666667,0.00095,0.00102333333333333,0.00109833333333333,0.001175,0.00125166666666667,0.000373333333333333,0,1,0,0,0,0,0,0,1,1,1,1,1,1,1,1,1,1,1,1,1,1,1,1,1,1,1,1,1,1,1,1,1,1,1,1,1,1,1,1,1,1,1,1,1,1,1,1,1,1,1,1,1,1,1,1,1,1,1,1,1,1,1,1,1,1,1,1,1,1,1,1,1,1,1,1,1,1,1,1,0
2026-07-20 11:00:00,124.296403766667,0,0,0,0,0,0,0.03494,2.31800166666667,11.9359116666667,18.7039883333333,16.8508583333333,15.0155816666667,15.0758066666667,16.5937933333333,15.6239333333333,5.35947166666667,2.11098,1.00392666666667,0.618618333333333,0.454933333333333,0.384141666666667,0.404793333333333,0.37256,0.266,0.209318333333333,0.159983333333333,0.149725,0.175515,0.121996666666667,0.141828333333333,0.099335,0.127828333333333,0.100526666666667,0.101445,0.0941916666666667,0.0907483333333333,0.0748166666666667,0.0566866666666667,0.0506583333333333,0.03094,0.0270733333333333,0.029325,0.0257983333333333,0.018485,0.0147666666666667,0.0188366666666667,0.01869,0.0215066666666667,0.01503,0.0162166666666667,0.0114333333333333,0.00667666666666667,0.0098,0.00889166666666667,0.00540666666666667,0.00685833333333333,0.00504666666666667,0.00655833333333333,0.00467833333333333,0.001535,0.00483666666666667,0.00263333333333333,0.00182666666666667,0.00250166666666667,0.00249833333333333,0.000571666666666667,0.00042,0.001255,0.00105666666666667,0.000193333333333333,0.00032,0.00146,0.00038,0.000408333333333333,0.000438333333333333,0.00047,0.000501666666666667,0.000148333333333333,0,1,0,0,0,0,0,0,1,1,1,1,1,1,1,1,1,1,1,1,1,1,1,1,1,1,1,1,1,1,1,1,1,1,1,1,1,1,1,1,1,1,1,1,1,1,1,1,1,1,1,1,1,1,1,1,1,1,1,1,1,1,1,1,1,1,1,1,1,1,1,1,1,1,1,1,1,1,1,1,0
2026-07-20 12:00:00,111.936613716667,0,0,0,0,0,0,0.0301816666666667,2.023355,10.6805116666667,17.19883,15.4140333333333,13.58119,13.2184716666667,13.6612383333333,14.194055,6.07756,1.85677833333333,0.923596666666667,0.469526666666667,0.374388333333333,0.31924,0.318023333333333,0.314238333333333,0.220343333333333,0.18006,0.128896666666667,0.123501666666667,0.135715,0.10741,0.111231666666667,0.0902416666666667,0.090925,0.0749366666666667,0.0792216666666667,0.0695683333333333,0.0602333333333333,0.0553233333333333,0.0504933333333333,0.0384333333333333,0.0314683333333333,0.02551,0.0187716666666667,0.019525,0.01979,0.019105,0.0128183333333333,0.0148966666666667,0.0135783333333333,0.0122933333333333,0.00702,0.0115416666666667,0.00913833333333333,0.00849666666666667,0.00647166666666667,0.00656,0.00544833333333333,0.00384,0.00664666666666667,0.00469833333333333,0.00620833333333333,0.00213333333333333,0.00277166666666667,0.00391333333333333,0.00381,0.00242333333333333,0.00177333333333333,0.00126666666666667,0.000968333333333333,0.000416666666666667,0,0.00124,0.000151666666666667,0.000443333333333333,0.000475,0.00051,0.000548333333333333,0.000586666666666667,0.000171666666666667,0,1,0,0,0,0,0,0,1,1,1,1,1,1,1,1,1,1,1,1,1,1,1,1,1,1,1,1,1,1,1,1,1,1,1,1,1,1,1,1,1,1,1,1,1,1,1,1,1,1,1,1,1,1,1,1,1,1,1,1,1,1,1,1,1,1,1,1,1,1,1,1,1,1,1,1,1,1,1,1,0
2026-07-20 13:00:00,107.634982566667,0,0,0,0,0,0,0.0301233333333333,1.94005333333333,10.1425083333333,16.6992583333333,14.8152016666667,12.9748033333333,12.4304983333333,12.537115,13.8616133333333,6.57771666666667,1.81736166666667,0.885403333333333,0.47348,0.351178333333333,0.314276666666667,0.297976666666667,0.281088333333333,0.190021666666667,0.146585,0.112641666666667,0.090195,0.10713,0.102191666666667,0.0954833333333333,0.0801883333333333,0.0785933333333333,0.0626583333333333,0.0597916666666667,0.0532666666666667,0.0553483333333333,0.0505666666666667,0.03741,0.0342183333333333,0.0286666666666667,0.023515,0.0126833333333333,0.0157366666666667,0.0155,0.0118983333333333,0.0123566666666667,0.0115666666666667,0.0102583333333333,0.011925,0.0110483333333333,0.0134783333333333,0.00959333333333333,0.00778166666666667,0.00891,0.00326666666666667,0.00623666666666667,0.00556333333333333,0.00409166666666667,0.00517166666666667,0.004775,0.00313,0.00253,0.002855,0.00284833333333333,0.00130833333333333,0.00232833333333333,0.000276666666666667,0.00247,0.000453333333333333,0.00083,0.000826666666666667,0.000715,0.000886666666666667,0.000956666666666667,0.00102666666666667,0.00109666666666667,0.00116666666666667,0.00035,0,1,0,0,0,0,0,0,1,1,1,1,1,1,1,1,1,1,1,1,1,1,1,1,1,1,1,1,1,1,1,1,1,1,1,1,1,1,1,1,1,1,1,1,1,1,1,1,1,1,1,1,1,1,1,1,1,1,1,1,1,1,1,1,1,1,1,1,1,1,1,1,1,1,1,1,1,1,1,1,0
2026-07-20 14:00:00,103.5998912,0,0,0,0,0,0,0.0326466666666667,1.97658833333333,10.2472633333333,16.4616316666667,14.3325833333333,12.3811716666667,11.7769416666667,11.5392783333333,12.4222883333333,6.38227833333333,1.770925,0.840931666666667,0.4589,0.315293333333333,0.290773333333333,0.293583333333333,0.289276666666667,0.208416666666667,0.156565,0.100601666666667,0.105708333333333,0.0919966666666667,0.0940066666666667,0.0927616666666667,0.0644083333333333,0.0736233333333333,0.06333,0.0557283333333333,0.0521083333333333,0.0536166666666667,0.0410583333333333,0.0428983333333333,0.029465,0.020585,0.0221316666666667,0.0185716666666667,0.01398,0.0147216666666667,0.0149816666666667,0.0135166666666667,0.00894166666666667,0.00969833333333333,0.00761,0.00913,0.00909166666666667,0.00795666666666667,0.00312666666666667,0.00715833333333333,0.00473666666666667,0.00580666666666667,0.00332666666666667,0.00172,0.00249166666666667,0.00136,0.001895,0.00120666666666667,0.00196666666666667,0.00207833333333333,0.00161333333333333,0.00113833333333333,0.00153666666666667,0.001215,0.00151,0.001785,0.00130666666666667,0.00013,0.00038,0.00041,0.00044,0.00047,0.0005,0.00015,0,1,0,0,0,0,0,0,1,1,1,1,1,1,1,1,1,1,1,1,1,1,1,1,1,1,1,1,1,1,1,1,1,1,1,1,1,1,1,1,1,1,1,1,1,1,1,1,1,1,1,1,1,1,1,1,1,1,1,1,1,1,1,1,1,1,1,1,1,1,1,1,1,1,1,1,1,1,1,1,0
2026-07-20 15:00:00,162.564820216667,0,0,0,0,0,0,0.0673833333333333,4.72727333333333,23.391985,33.5114716666667,25.0118983333333,18.4736016666667,15.45486,14.0555016666667,14.1720866666667,7.18957833333333,1.79541666666667,0.862928333333333,0.46891,0.323491666666667,0.308848333333333,0.287308333333333,0.284745,0.225656666666667,0.164328333333333,0.12743,0.111596666666667,0.122328333333333,0.09961,0.101553333333333,0.0889183333333333,0.0873833333333333,0.08017,0.0749133333333333,0.0748116666666667,0.05486,0.06059,0.04817,0.0336566666666667,0.0255516666666667,0.0243916666666667,0.01598,0.0166633333333333,0.0161183333333333,0.0156966666666667,0.0181533333333333,0.0125016666666667,0.00942333333333333,0.00641,0.01054,0.00891833333333333,0.00793,0.00511,0.00210333333333333,0.00366333333333333,0.00498,0.00418666666666667,0.00533166666666667,0.0018,0.00264,0.00213333333333333,0.00097,0.00239166666666667,0.00254,0.000806666666666667,0.002045,0.00126666666666667,0.000948333333333333,0.000851666666666667,0.001245,0.000413333333333333,0.000195,0.00057,0.000613333333333333,0.000658333333333333,0.000705,0.000751666666666667,0.000223333333333333,0,1,0,0,0,0,0,0,1,1,1,1,1,1,1,1,1,1,1,1,1,1,1,1,1,1,1,1,1,1,1,1,1,1,1,1,1,1,1,1,1,1,1,1,1,1,1,1,1,1,1,1,1,1,1,1,1,1,1,1,1,1,1,1,1,1,1,1,1,1,1,1,1,1,1,1,1,1,1,1,0
2026-07-20 16:00:00,234.754880633333,0,0,0,0,0,0,0.14989,9.39379166666667,41.5264016666667,52.454255,35.73321,25.05763,20.3520116666667,18.3347833333333,17.9148083333333,8.55062166666667,2.27745833333333,1.05792333333333,0.589011666666667,0.395983333333333,0.351011666666667,0.363925,0.32917,0.226733333333333,0.167801666666667,0.120321666666667,0.130348333333333,0.126683333333333,0.123838333333333,0.117578333333333,0.0905283333333333,0.0906633333333333,0.0941066666666667,0.0793383333333333,0.0752766666666667,0.0688416666666667,0.0611383333333333,0.0509683333333333,0.0389633333333333,0.0312016666666667,0.0256083333333333,0.0236333333333333,0.02024,0.0165566666666667,0.0158966666666667,0.01674,0.0146783333333333,0.0119083333333333,0.0117633333333333,0.01138,0.00887666666666667,0.00624166666666667,0.0121033333333333,0.00884,0.00542333333333333,0.00451666666666667,0.00384166666666667,0.00415,0.00546833333333333,0.00399833333333333,0.00275,0.000236666666666667,0.00293666666666667,0.000846666666666667,0.00199666666666667,0.000855,0.000558333333333333,0.001235,0.000658333333333333,0.000781666666666667,0.00024,0.00052,0.000316666666666667,0.000341666666666667,0.000366666666666667,0.000391666666666667,0.000416666666666667,0.000125,0,1,0,0,0,0,0,0,1,1,1,1,1,1,1,1,1,1,1,1,1,1,1,1,1,1,1,1,1,1,1,1,1,1,1,1,1,1,1,1,1,1,1,1,1,1,1,1,1,1,1,1,1,1,1,1,1,1,1,1,1,1,1,1,1,1,1,1,1,1,1,1,1,1,1,1,1,1,1,1,0
2026-07-20 17:00:00,118.337864466667,0,0,0,0,0,0,0.0550433333333333,3.25518166666667,14.730025,19.7844083333333,15.424165,13.02924,12.7605283333333,13.7480333333333,13.2535,5.848315,2.02539666666667,1.014535,0.53303,0.383728333333333,0.353546666666667,0.33699,0.331706666666667,0.221563333333333,0.186598333333333,0.130601666666667,0.0938183333333333,0.116016666666667,0.09545,0.0872333333333333,0.0887333333333333,0.087355,0.0706233333333333,0.072155,0.066595,0.0579416666666667,0.0511033333333333,0.0434433333333333,0.0422483333333333,0.0341583333333333,0.0303266666666667,0.0226083333333333,0.0192783333333333,0.0207583333333333,0.0161683333333333,0.013725,0.009315,0.0139516666666667,0.01189,0.0122883333333333,0.0122783333333333,0.00713166666666667,0.0054,0.00456833333333333,0.0042,0.00510833333333333,0.00696666666666667,0.004465,0.00266666666666667,0.002035,0.00336666666666667,0.00207166666666667,0.000913333333333333,0.00254,0.00184833333333333,0.000723333333333333,0.00141666666666667,0.000263333333333333,0.00169666666666667,0.000801666666666667,0.000573333333333333,0.000383333333333333,0.00038,0.000408333333333333,0.000438333333333333,0.00047,0.000501666666666667,0.000148333333333333,0,1,0,0,0,0,0,0,1,1,1,1,1,1,1,1,1,1,1,1,1,1,1,1,1,1,1,1,1,1,1,1,1,1,1,1,1,1,1,1,1,1,1,1,1,1,1,1,1,1,1,1,1,1,1,1,1,1,1,1,1,1,1,1,1,1,1,1,1,1,1,1,1,1,1,1,1,1,1,1,0
2026-07-20 18:00:00,93.68271065,0,0,0,0,0,0,0.0216566666666667,1.64063666666667,8.59638333333333,13.6246616666667,12.2391816666667,10.9943216666667,11.3309966666667,12.77378,11.6816966666667,4.85772,1.89903166666667,0.91455,0.526908333333333,0.401775,0.33241,0.335725,0.308865,0.22277,0.1513,0.126916666666667,0.118178333333333,0.127021666666667,0.092175,0.108188333333333,0.0848866666666667,0.0875466666666667,0.07094,0.0609266666666667,0.066045,0.0671833333333333,0.052075,0.0517283333333333,0.0397733333333333,0.029145,0.0195916666666667,0.0180833333333333,0.0210416666666667,0.020635,0.0128333333333333,0.00894666666666667,0.0122316666666667,0.00990666666666667,0.00886666666666667,0.00805333333333333,0.0143633333333333,0.00752,0.00648666666666667,0.00461166666666667,0.00652666666666667,0.00416166666666667,0.00739833333333333,0.00685,0.000703333333333333,0.00513,0.00445666666666667,0.00108666666666667,0.00119833333333333,0.00250166666666667,0.000883333333333333,0.00190666666666667,0.000985,0.00222333333333333,0.000833333333333333,0.00266333333333333,0.00148,0.000476666666666667,0.00019,0.000203333333333333,0.000218333333333333,0.000235,0.000251666666666667,0.0000733333333333333,0,1,0,0,0,0,0,0,1,1,1,1,1,1,1,1,1,1,1,1,1,1,1,1,1,1,1,1,1,1,1,1,1,1,1,1,1,1,1,1,1,1,1,1,1,1,1,1,1,1,1,1,1,1,1,1,1,1,1,1,1,1,1,1,1,1,1,1,1,1,1,1,1,1,1,1,1,1,1,1,0
2026-07-20 19:00:00,95.68133965,0,0,0,0,0,0,0.0267966666666667,1.70337166666667,8.78166333333333,13.87557,12.2242333333333,10.9003966666667,11.1892783333333,12.4318916666667,11.6907,5.60205666666667,2.02708666666667,1.064445,0.595088333333333,0.420016666666667,0.362356666666667,0.371475,0.32743,0.237158333333333,0.165236666666667,0.117053333333333,0.120613333333333,0.11441,0.0931866666666667,0.104513333333333,0.0741633333333333,0.100568333333333,0.076175,0.0774116666666667,0.0736333333333333,0.060715,0.0505983333333333,0.0483116666666667,0.0409133333333333,0.0287383333333333,0.0263966666666667,0.0200783333333333,0.019095,0.0142583333333333,0.0156783333333333,0.0131216666666667,0.0149616666666667,0.00866166666666667,0.00973333333333333,0.011425,0.0100716666666667,0.00629,0.00547333333333333,0.00642,0.00809333333333333,0.00429166666666667,0.00596166666666667,0.00492666666666667,0.00331666666666667,0.00246333333333333,0.00360333333333333,0.00301,0.00144,0.002155,0.00126666666666667,0.00183166666666667,0.001405,0.00136666666666667,0.001075,0.000193333333333333,0.000733333333333333,0.000766666666666667,0.00076,0.000818333333333333,0.000878333333333333,0.00094,0.00100166666666667,0.000298333333333333,0,1,0,0,0,0,0,0,1,1,1,1,1,1,1,1,1,1,1,1,1,1,1,1,1,1,1,1,1,1,1,1,1,1,1,1,1,1,1,1,1,1,1,1,1,1,1,1,1,1,1,1,1,1,1,1,1,1,1,1,1,1,1,1,1,1,1,1,1,1,1,1,1,1,1,1,1,1,1,1,0
2026-07-20 20:00:00,133.166099566667,0,0,0,0,0,0,0.0380666666666667,2.571825,13.08805,20.10943,17.2490766666667,14.9458183333333,14.5188566666667,15.180535,14.8956583333333,8.89657666666667,3.39421333333333,1.69728833333333,0.962341666666667,0.655545,0.560086666666667,0.56166,0.516335,0.334141666666667,0.241436666666667,0.163985,0.151261666666667,0.132466666666667,0.0946433333333333,0.104493333333333,0.0904633333333333,0.0896516666666667,0.0738933333333333,0.077285,0.0667166666666667,0.05627,0.0543583333333333,0.042815,0.0317266666666667,0.0317083333333333,0.0238566666666667,0.01751,0.0156583333333333,0.0150683333333333,0.0190566666666667,0.0118483333333333,0.00917333333333333,0.00858833333333333,0.00847,0.00885166666666667,0.008685,0.00590166666666667,0.00602166666666667,0.00626166666666667,0.00451,0.00287666666666667,0.00605,0.00272,0.003205,0.004175,0.00403,0.00408,0.00438833333333333,0.001885,0.00127,0.00232833333333333,0.000985,0.001765,0.00087,0.00166,0.00016,0.000448333333333333,0.00057,0.000613333333333333,0.000658333333333333,0.000705,0.000751666666666667,0.000223333333333333,0,1,0,0,0,0,0,0,1,1,1,1,1,1,1,1,1,1,1,1,1,1,1,1,1,1,1,1,1,1,1,1,1,1,1,1,1,1,1,1,1,1,1,1,1,1,1,1,1,1,1,1,1,1,1,1,1,1,1,1,1,1,1,1,1,1,1,1,1,1,1,1,1,1,1,1,1,1,1,1,0
2026-07-20 21:00:00,86.9043594545455,0,0,0,0,0,0,0.0217472727272727,1.56783818181818,8.21292545454545,13.7094309090909,12.0851254545455,10.3113654545455,9.76314545454546,10.0225436363636,9.75180909090909,5.81532727272727,1.95054727272727,0.980690909090909,0.580269090909091,0.411436363636364,0.370836363636364,0.370861818181818,0.333767272727273,0.2314,0.177016363636364,0.138578181818182,0.129074545454545,0.115227272727273,0.103827272727273,0.114496363636364,0.0877272727272727,0.0869872727272727,0.0829236363636364,0.06838,0.0729618181818182,0.0578036363636364,0.0484563636363636,0.0487090909090909,0.0377272727272727,0.0323509090909091,0.0269818181818182,0.0271781818181818,0.0205763636363636,0.0230836363636364,0.0216890909090909,0.0206454545454545,0.0203472727272727,0.0152381818181818,0.0149745454545455,0.0136618181818182,0.0169709090909091,0.0123290909090909,0.0121854545454545,0.0112745454545455,0.00758,0.0113181818181818,0.0102290909090909,0.00684909090909091,0.00823272727272727,0.00770727272727273,0.00579272727272727,0.00281818181818182,0.00384727272727273,0.00495454545454545,0.00289090909090909,0.00146909090909091,0.00245636363636364,0.00165636363636364,0.000909090909090909,0.000452727272727273,0.00170181818181818,0.00178181818181818,0.000967272727272727,0.00104,0.00111636363636364,0.00119636363636364,0.00127636363636364,0.000378181818181818,0,1,0,0,0,0,0,0,1,1,1,1,1,1,1,1,1,1,1,1,1,1,1,1,1,1,1,1,1,1,1,1,1,1,1,1,1,1,1,1,1,1,1,1,1,1,1,1,1,1,1,1,1,1,1,1,1,1,1,1,1,1,1,1,1,1,1,1,1,1,1,1,1,1,1,1,1,1,1,1,0
2026-07-20 22:00:00,76.0695953559322,0,0,0,0,0,0,0.0160627118644068,1.19397966101695,6.60616440677966,11.4537949152542,10.4685796610169,9.40178305084746,9.44724406779661,10.4501169491525,7.71482203389831,3.63175423728814,1.46781694915254,0.754418644067797,0.455047457627119,0.355162711864407,0.323113559322034,0.315452542372881,0.265057627118644,0.193927118644068,0.141291525423729,0.112396610169492,0.121571186440678,0.109977966101695,0.101652542372881,0.118315254237288,0.0740169491525424,0.0852135593220339,0.0699813559322034,0.0725067796610169,0.0600983050847458,0.0471728813559322,0.0518847457627119,0.0527152542372881,0.0382440677966102,0.0366898305084746,0.0223830508474576,0.0206847457627119,0.0222864406779661,0.017693220338983,0.0157491525423729,0.0152915254237288,0.0118949152542373,0.0145762711864407,0.0125915254237288,0.0100220338983051,0.0115677966101695,0.0119101694915254,0.0100135593220339,0.00676779661016949,0.00612203389830508,0.00896610169491525,0.00416949152542373,0.00803898305084746,0.00279322033898305,0.00493389830508475,0.00424237288135593,0.00713898305084746,0.00239322033898305,0.00254406779661017,0.0040271186440678,0.000810169491525424,0.000427118644067797,0.00166101694915254,0.00153559322033898,0.00188474576271186,0.000840677966101695,0.00116779661016949,0.000966101694915254,0.0010406779661017,0.00111694915254237,0.00119491525423729,0.0012728813559322,0.000379661016949153,0,1,0,0,0,0,0,0,1,1,1,1,1,1,1,1,1,1,1,1,1,1,1,1,1,1,1,1,1,1,1,1,1,1,1,1,1,1,1,1,1,1,1,1,1,1,1,1,1,1,1,1,1,1,1,1,1,1,1,1,1,1,1,1,1,1,1,1,1,1,1,1,1,1,1,1,1,1,1,1,0
2026-07-20 23:00:00,66.44154165,0,0,0,0,0,0,0.0101983333333333,1.014275,5.54964,9.83523666666667,9.07066333333333,8.38572,8.35637,9.27992,6.91029166666667,2.83874166666667,1.339005,0.677278333333333,0.406595,0.317298333333333,0.289378333333333,0.29648,0.249621666666667,0.179438333333333,0.130865,0.101843333333333,0.11187,0.0960216666666667,0.0829966666666667,0.0986516666666667,0.0613783333333333,0.07853,0.0598183333333333,0.05134,0.0565233333333333,0.0587583333333333,0.0400266666666667,0.03812,0.029705,0.0248883333333333,0.02015,0.0190216666666667,0.0166666666666667,0.0139116666666667,0.0171983333333333,0.0129816666666667,0.006635,0.01118,0.012845,0.01441,0.00934833333333333,0.00505666666666667,0.00453833333333333,0.00640166666666667,0.00531833333333333,0.00376,0.003325,0.00504,0.00217333333333333,0.00264166666666667,0.004455,0.00258333333333333,0.00229,0.00331,0.000538333333333333,0.00112666666666667,0.00168666666666667,0.00216333333333333,0.000695,0.00102333333333333,0.000413333333333333,0.000216666666666667,0.000633333333333333,0.000681666666666667,0.000731666666666667,0.000783333333333333,0.000835,0.000248333333333333,0,1,0,0,0,0,0,0,1,1,1,1,1,1,1,1,1,1,1,1,1,1,1,1,1,1,1,1,1,1,1,1,1,1,1,1,1,1,1,1,1,1,1,1,1,1,1,1,1,1,1,1,1,1,1,1,1,1,1,1,1,1,1,1,1,1,1,1,1,1,1,1,1,1,1,1,1,1,1,1,0
2026-07-21,59.4048373666667,0,0,0,0,0,0,0.0121033333333333,0.930321666666667,5.01628333333333,8.94467333333333,8.12487833333333,7.38450333333333,7.31313666666667,8.04640333333333,6.46480833333333,2.543875,1.20471666666667,0.619606666666667,0.368043333333333,0.278155,0.252061666666667,0.272038333333333,0.236271666666667,0.168903333333333,0.126845,0.0960916666666667,0.108045,0.0979883333333333,0.08376,0.089675,0.0694883333333333,0.0728866666666667,0.0691916666666667,0.0549516666666667,0.045425,0.0475633333333333,0.039985,0.0266233333333333,0.0270233333333333,0.023345,0.0160966666666667,0.014915,0.0130883333333333,0.01236,0.012015,0.00998166666666667,0.007735,0.00781333333333333,0.0106716666666667,0.00572,0.00844166666666667,0.00414666666666667,0.00720166666666667,0.00469333333333333,0.00490333333333333,0.00500333333333333,0.00378666666666667,0.00361,0.00351333333333333,0.00392333333333333,0.00294,0.00197,0.00229,0.00127,0.00130666666666667,0.00309666666666667,0.00153666666666667,0.000418333333333333,0.00105666666666667,0.000781666666666667,0.00024,0.000585,0.000506666666666667,0.000545,0.000585,0.000626666666666667,0.000668333333333333,0.000198333333333333,0,1,0,0,0,0,0,0,1,1,1,1,1,1,1,1,1,1,1,1,1,1,1,1,1,1,1,1,1,1,1,1,1,1,1,1,1,1,1,1,1,1,1,1,1,1,1,1,1,1,1,1,1,1,1,1,1,1,1,1,1,1,1,1,1,1,1,1,1,1,1,1,1,1,1,1,1,1,1,1,0
2026-07-21 01:00:00,57.24648425,0,0,0,0,0,0,0.014395,0.963811666666667,5.10876166666667,8.67907833333333,7.93642333333333,7.07391666666667,7.05830666666667,7.47997666666667,6.27003833333333,2.48991666666667,1.12707,0.594598333333333,0.358956666666667,0.289151666666667,0.258625,0.269775,0.248516666666667,0.174048333333333,0.154461666666667,0.102928333333333,0.0896633333333333,0.095745,0.0791266666666667,0.0703833333333333,0.0661733333333333,0.063815,0.0454633333333333,0.0437233333333333,0.047965,0.0430333333333333,0.0335533333333333,0.028275,0.0229316666666667,0.018355,0.0152233333333333,0.0114,0.011715,0.010125,0.0108666666666667,0.011145,0.0057,0.00645333333333333,0.00519166666666667,0.00557166666666667,0.00373833333333333,0.00460333333333333,0.00478333333333333,0.001195,0.000845,0.00268333333333333,0.00232166666666667,0.00261,0.00125166666666667,0.00238666666666667,0.00123333333333333,0.003245,0.001015,0.0000383333333333333,0,0.000283333333333333,0.00139666666666667,0,0.000833333333333333,0,0.000826666666666667,0.00052,0.000316666666666667,0.000341666666666667,0.000366666666666667,0.000391666666666667,0.000416666666666667,0.000125,0,1,0,0,0,0,0,0,1,1,1,1,1,1,1,1,1,1,1,1,1,1,1,1,1,1,1,1,1,1,1,1,1,1,1,1,1,1,1,1,1,1,1,1,1,1,1,1,1,1,1,1,1,1,1,1,1,1,1,1,1,1,1,1,1,1,1,1,1,1,1,1,1,1,1,1,1,1,1,1,0
2026-07-21 02:00:00,55.2209377833333,0,0,0,0,0,0,0.0112116666666667,0.90344,4.83447,8.16423166666667,7.52116166666667,6.72023333333333,6.61614333333333,7.109085,6.24399,2.59306166666667,1.05774166666667,0.54959,0.325091666666667,0.267285,0.234455,0.235703333333333,0.222175,0.155031666666667,0.113588333333333,0.09349,0.0822383333333333,0.071955,0.0667466666666667,0.07288,0.0583966666666667,0.0569183333333333,0.0500366666666667,0.0334016666666667,0.0421483333333333,0.040615,0.02754,0.0271583333333333,0.0179866666666667,0.0119,0.0109533333333333,0.00757666666666667,0.00832166666666667,0.00747166666666667,0.00907666666666667,0.00602666666666667,0.00781166666666667,0.00705,0.00526666666666667,0.00325,0.00345,0.00506166666666667,0.00309166666666667,0.00241333333333333,0.001365,0.00268333333333333,0.00215,0.00123166666666667,0.00108666666666667,0.000678333333333333,0.00128,0.00202333333333333,0.00133833333333333,0.0000383333333333333,0.000421666666666667,0,0.00042,0.000398333333333333,0.0000183333333333333,0,0,0.000433333333333333,0.0000633333333333333,0.0000683333333333333,0.0000733333333333333,0.0000783333333333333,0.0000833333333333333,0.000025,0,1,0,0,0,0,0,0,1,1,1,1,1,1,1,1,1,1,1,1,1,1,1,1,1,1,1,1,1,1,1,1,1,1,1,1,1,1,1,1,1,1,1,1,1,1,1,1,1,1,1,1,1,1,1,1,1,1,1,1,1,1,1,1,1,1,1,1,1,1,1,1,1,1,1,1,1,1,1,1,0
2026-07-21 03:00:00,61.474212,0,0,0,0,0,0,0.011945,0.951168333333333,5.168675,8.934385,8.20119166666667,7.36848333333333,7.45578666666667,7.95366666666667,7.540865,3.10861166666667,1.33054333333333,0.666781666666667,0.406195,0.313593333333333,0.28564,0.291151666666667,0.264163333333333,0.186003333333333,0.135155,0.106135,0.105511666666667,0.0952666666666667,0.0740666666666667,0.0697916666666667,0.066705,0.06592,0.056495,0.0539666666666667,0.0488416666666667,0.0393783333333333,0.0366666666666667,0.033825,0.021035,0.0222533333333333,0.0145733333333333,0.01426,0.01364,0.0112033333333333,0.00738333333333333,0.00824833333333333,0.00998166666666667,0.00541666666666667,0.00710166666666667,0.00483833333333333,0.005775,0.0013,0.00338333333333333,0.00309166666666667,0.00405,0.00413,0.00189166666666667,0.001865,0.00225166666666667,0.002135,0.000616666666666667,0.00193666666666667,0,0.000846666666666667,0,0,0.000708333333333333,0.000131666666666667,0.000416666666666667,0.000415,0.000826666666666667,0.000065,0.00019,0.000205,0.00022,0.000235,0.00025,0.000075,0,1,0,0,0,0,0,0,1,1,1,1,1,1,1,1,1,1,1,1,1,1,1,1,1,1,1,1,1,1,1,1,1,1,1,1,1,1,1,1,1,1,1,1,1,1,1,1,1,1,1,1,1,1,1,1,1,1,1,1,1,1,1,1,1,1,1,1,1,1,1,1,1,1,1,1,1,1,1,1,0
2026-07-21 04:00:00,68.8616406833333,0,0,0,0,0,0,0.0121833333333333,1.03844833333333,5.71297333333333,9.504835,8.86474166666667,8.023345,8.09405666666667,8.73669833333333,8.63804,3.68088333333333,1.55658166666667,0.752963333333333,0.46327,0.338811666666667,0.304565,0.292708333333333,0.290615,0.187478333333333,0.152146666666667,0.114143333333333,0.10198,0.103085,0.0910033333333333,0.081545,0.0715133333333333,0.0756066666666667,0.0651866666666667,0.05971,0.051125,0.0414566666666667,0.0403616666666667,0.031475,0.02698,0.0160966666666667,0.014885,0.0109866666666667,0.0141933333333333,0.0150366666666667,0.0101016666666667,0.00958333333333333,0.00810166666666667,0.00918833333333333,0.00908666666666667,0.00733166666666667,0.00551666666666667,0.00588166666666667,0.00331333333333333,0.00539833333333333,0.005045,0.00323166666666667,0.00327,0.000803333333333333,0.00169,0.00136,0.00294,0.00249666666666667,0.00215,0.00173166666666667,0.002075,0.00106333333333333,0.000696666666666667,0.000418333333333333,0.00064,0.00102333333333333,0,0.0000216666666666667,0.0000633333333333333,0.0000683333333333333,0.0000733333333333333,0.0000783333333333333,0.0000833333333333333,0.000025,0,1,0,0,0,0,0,0,1,1,1,1,1,1,1,1,1,1,1,1,1,1,1,1,1,1,1,1,1,1,1,1,1,1,1,1,1,1,1,1,1,1,1,1,1,1,1,1,1,1,1,1,1,1,1,1,1,1,1,1,1,1,1,1,1,1,1,1,1,1,1,1,1,1,1,1,1,1,1,1,0
2026-07-21 05:00:00,71.24879,0,0,0,0,0,0,0.0204983333333333,1.16147333333333,6.26513166666667,10.50645,9.41025333333333,8.40371666666667,8.61695833333333,9.17821833333333,8.937515,3.49414,1.63535,0.851178333333333,0.503401666666667,0.370985,0.335443333333333,0.323086666666667,0.292451666666667,0.196525,0.17203,0.11996,0.100031666666667,0.11105,0.089615,0.0997066666666667,0.0827983333333333,0.0766883333333333,0.0748233333333333,0.06114,0.04786,0.0525983333333333,0.0456833333333333,0.03824,0.0327333333333333,0.0183616666666667,0.0138883333333333,0.0161916666666667,0.0159416666666667,0.0145933333333333,0.01405,0.00973333333333333,0.00903333333333333,0.0115583333333333,0.0126083333333333,0.00514333333333333,0.00351333333333333,0.00628833333333333,0.00699,0.00499333333333333,0.006815,0.00298,0.00347,0.00223833333333333,0.00205333333333333,0.00153166666666667,0.00208666666666667,0.00186833333333333,0.00235333333333333,0.0000766666666666667,0.000846666666666667,0.000843333333333333,0.00084,0.000816666666666667,0.001075,0.00119666666666667,0.00148,0.000065,0.00019,0.000205,0.00022,0.000235,0.00025,0.000075,0,1,0,0,0,0,0,0,1,1,1,1,1,1,1,1,1,1,1,1,1,1,1,1,1,1,1,1,1,1,1,1,1,1,1,1,1,1,1,1,1,1,1,1,1,1,1,1,1,1,1,1,1,1,1,1,1,1,1,1,1,1,1,1,1,1,1,1,1,1,1,1,1,1,1,1,1,1,1,1,0
2026-07-21 06:00:00,85.5313269166667,0,0,0,0,0,0,0.0204766666666667,1.46097333333333,7.60551666666667,12.6403766666667,11.092565,10.04247,10.0963583333333,11.2301966666667,10.13133,3.85841,1.945965,0.959946666666667,0.607228333333333,0.48376,0.406515,0.411195,0.350048333333333,0.249408333333333,0.18745,0.134525,0.122021666666667,0.12666,0.106818333333333,0.110275,0.0944333333333333,0.0972783333333333,0.0691183333333333,0.06885,0.073145,0.073405,0.0446916666666667,0.04218,0.0469216666666667,0.0303116666666667,0.0252883333333333,0.02265,0.0184466666666667,0.0187033333333333,0.0167366666666667,0.0165333333333333,0.0138616666666667,0.0175033333333333,0.00859833333333333,0.0104483333333333,0.00935333333333333,0.00925333333333333,0.00728166666666667,0.0100466666666667,0.00616333333333333,0.00564166666666667,0.00576333333333333,0.00458666666666667,0.001855,0.00434833333333333,0.00398333333333333,0.006375,0.00399666666666667,0.002155,0.00296166666666667,0.00233333333333333,0.00339,0.001475,0.00213166666666667,0.000801666666666667,0.00016,0.000383333333333333,0.00038,0.00041,0.00044,0.00047,0.0005,0.00015,0,1,0,0,0,0,0,0,1,1,1,1,1,1,1,1,1,1,1,1,1,1,1,1,1,1,1,1,1,1,1,1,1,1,1,1,1,1,1,1,1,1,1,1,1,1,1,1,1,1,1,1,1,1,1,1,1,1,1,1,1,1,1,1,1,1,1,1,1,1,1,1,1,1,1,1,1,1,1,1,0
2026-07-21 07:00:00,83.1161510666667,0,0,0,0,0,0,0.026185,1.591545,7.845925,12.62802,11.1288483333333,9.82117166666667,9.83315333333333,11.1505883333333,9.025635,3.26918333333333,1.730505,0.876476666666667,0.539273333333333,0.429006666666667,0.376993333333333,0.398676666666667,0.312643333333333,0.238043333333333,0.156798333333333,0.131006666666667,0.118345,0.113821666666667,0.0942633333333333,0.0970616666666667,0.0806966666666667,0.077415,0.070405,0.068465,0.0605266666666667,0.064555,0.0501316666666667,0.041495,0.0352433333333333,0.0260333333333333,0.0240783333333333,0.016755,0.020425,0.0182383333333333,0.0122583333333333,0.0130583333333333,0.0102583333333333,0.0116683333333333,0.00980166666666667,0.0131816666666667,0.009745,0.00925,0.00660333333333333,0.003785,0.00543333333333333,0.00894666666666667,0.00369833333333333,0.00287,0.004505,0.000426666666666667,0.000853333333333333,0.0017,0.00239666666666667,0.000961666666666667,0.00291666666666667,0.001485,0.00195666666666667,0.001235,0.00152166666666667,0.00058,0.000826666666666667,0.000195,0.00057,0.000613333333333333,0.000658333333333333,0.000705,0.000751666666666667,0.000223333333333333,0,1,0,0,0,0,0,0,1,1,1,1,1,1,1,1,1,1,1,1,1,1,1,1,1,1,1,1,1,1,1,1,1,1,1,1,1,1,1,1,1,1,1,1,1,1,1,1,1,1,1,1,1,1,1,1,1,1,1,1,1,1,1,1,1,1,1,1,1,1,1,1,1,1,1,1,1,1,1,1,0
2026-07-21 08:00:00,103.470189866667,0,0,0,0,0,0,0.0188066666666667,1.813585,9.62391833333333,15.610855,13.7061966666667,12.3624616666667,12.6850666666667,14.36752,10.99777,4.08319666666667,2.25821,1.17292,0.754283333333333,0.574546666666667,0.510323333333333,0.498738333333333,0.40691,0.270116666666667,0.196145,0.145026666666667,0.146396666666667,0.136436666666667,0.116781666666667,0.120238333333333,0.08487,0.093545,0.091365,0.0698266666666667,0.0706066666666667,0.0722983333333333,0.0603516666666667,0.0601683333333333,0.0397316666666667,0.0411283333333333,0.0307583333333333,0.0319783333333333,0.0215533333333333,0.014605,0.0235883333333333,0.0189833333333333,0.0158166666666667,0.0163266666666667,0.013085,0.0107766666666667,0.0135216666666667,0.01171,0.00964833333333333,0.010575,0.00562,0.00639333333333333,0.00496,0.00513,0.007935,0.00329833333333333,0.00697,0.00487666666666667,0.00383166666666667,0.00481166666666667,0.001885,0.00324666666666667,0.00127166666666667,0.000661666666666667,0.001075,0.001785,0.00270833333333333,0.000838333333333333,0.000506666666666667,0.000546666666666667,0.000586666666666667,0.000626666666666667,0.000666666666666667,0.0002,0,1,0,0,0,0,0,0,1,1,1,1,1,1,1,1,1,1,1,1,1,1,1,1,1,1,1,1,1,1,1,1,1,1,1,1,1,1,1,1,1,1,1,1,1,1,1,1,1,1,1,1,1,1,1,1,1,1,1,1,1,1,1,1,1,1,1,1,1,1,1,1,1,1,1,1,1,1,1,1,0
2026-07-21 09:00:00,102.045031783333,0,0,0,0,0,0,0.0217383333333333,1.72843166666667,9.08894333333333,15.4197066666667,13.3588683333333,12.1735833333333,12.4255316666667,14.4723966666667,10.8946166666667,4.02164666666667,2.216595,1.13997833333333,0.710888333333333,0.562938333333333,0.478408333333333,0.500748333333333,0.38307,0.251131666666667,0.193458333333333,0.133065,0.123161666666667,0.127498333333333,0.0943783333333333,0.110398333333333,0.0771483333333333,0.0801916666666667,0.0847533333333333,0.0667083333333333,0.064465,0.0622316666666667,0.0555216666666667,0.046635,0.0416,0.037035,0.0330566666666667,0.03064,0.0210933333333333,0.0136333333333333,0.02156,0.0146016666666667,0.0107733333333333,0.0117233333333333,0.0132466666666667,0.006655,0.00803166666666667,0.00959333333333333,0.00948333333333333,0.00563333333333333,0.00627833333333333,0.00518,0.00499,0.00415333333333333,0.00530333333333333,0.00262,0.00464666666666667,0.00304166666666667,0.00322833333333333,0.003425,0.00138166666666667,0.000421666666666667,0.00141666666666667,0.00149833333333333,0.000435,0.00249166666666667,0,0.000606666666666667,0.00057,0.000613333333333333,0.000658333333333333,0.000705,0.000751666666666667,0.000223333333333333,0,1,0,0,0,0,0,0,1,1,1,1,1,1,1,1,1,1,1,1,1,1,1,1,1,1,1,1,1,1,1,1,1,1,1,1,1,1,1,1,1,1,1,1,1,1,1,1,1,1,1,1,1,1,1,1,1,1,1,1,1,1,1,1,1,1,1,1,1,1,1,1,1,1,1,1,1,1,1,1,0
2026-07-21 10:00:00,106.984756966667,0,0,0,0,0,0,0.0237233333333333,1.82843833333333,9.797805,16.231085,14.3052333333333,12.7940233333333,12.8399283333333,14.63409,11.785465,4.39746,2.24185833333333,1.10746666666667,0.702348333333333,0.558823333333333,0.48759,0.474751666666667,0.389261666666667,0.237523333333333,0.179005,0.128785,0.118678333333333,0.111311666666667,0.0995083333333333,0.10936,0.0822633333333333,0.0872766666666667,0.0855583333333333,0.079215,0.0750833333333333,0.0681116666666667,0.0576216666666667,0.05461,0.0444766666666667,0.0408916666666667,0.0302333333333333,0.0253466666666667,0.018685,0.022465,0.019655,0.015965,0.0157516666666667,0.019205,0.0163516666666667,0.01459,0.0109566666666667,0.00891166666666667,0.0149616666666667,0.01165,0.0116566666666667,0.00757,0.003525,0.00292166666666667,0.00317333333333333,0.00153333333333333,0.00128,0.00512,0.006705,0.00211666666666667,0.00330833333333333,0.00212,0.00210666666666667,0.00262166666666667,0.00257833333333333,0.00160333333333333,0.0014,0.000426666666666667,0.000506666666666667,0.000546666666666667,0.000586666666666667,0.000626666666666667,0.000666666666666667,0.0002,0,1,0,0,0,0,0,0,1,1,1,1,1,1,1,1,1,1,1,1,1,1,1,1,1,1,1,1,1,1,1,1,1,1,1,1,1,1,1,1,1,1,1,1,1,1,1,1,1,1,1,1,1,1,1,1,1,1,1,1,1,1,1,1,1,1,1,1,1,1,1,1,1,1,1,1,1,1,1,1,0
2026-07-21 11:00:00,136.358743316667,0,0,0,0,0,0,0.03825,2.264695,12.5372216666667,20.7772766666667,17.9428916666667,15.95989,15.80843,17.7527316666667,16.0444083333333,6.289365,3.20412666666667,1.67344833333333,1.03731166666667,0.793478333333333,0.678905,0.676121666666667,0.52401,0.319481666666667,0.23007,0.18612,0.153473333333333,0.145555,0.122705,0.125073333333333,0.101801666666667,0.108565,0.0874783333333333,0.081045,0.07892,0.072555,0.0575933333333333,0.05652,0.05295,0.0347633333333333,0.0373416666666667,0.0328183333333333,0.02904,0.020415,0.0207033333333333,0.0210466666666667,0.01352,0.0150766666666667,0.01411,0.01298,0.0126333333333333,0.0130116666666667,0.010015,0.010195,0.00808166666666667,0.00545166666666667,0.009375,0.00406333333333333,0.00402666666666667,0.00629,0.00483666666666667,0.004555,0.00284166666666667,0.00377166666666667,0.00372833333333333,0.00135166666666667,0.001135,0.002295,0.001305,0.00141833333333333,0.00024,0.00119166666666667,0.00107666666666667,0.00115833333333333,0.00124333333333333,0.00133166666666667,0.00142,0.000421666666666667,0,1,0,0,0,0,0,0,1,1,1,1,1,1,1,1,1,1,1,1,1,1,1,1,1,1,1,1,1,1,1,1,1,1,1,1,1,1,1,1,1,1,1,1,1,1,1,1,1,1,1,1,1,1,1,1,1,1,1,1,1,1,1,1,1,1,1,1,1,1,1,1,1,1,1,1,1,1,1,1,0
2026-07-21 12:00:00,141.090011433333,0,0,0,0,0,0,0.0409483333333333,2.44824333333333,12.9481833333333,21.0868666666667,17.99025,15.8481683333333,15.7960566666667,17.6979733333333,18.1646383333333,7.32514166666667,3.57279333333333,1.8115,1.07511333333333,0.813336666666667,0.751473333333333,0.742608333333333,0.585295,0.372148333333333,0.240823333333333,0.181786666666667,0.17349,0.156856666666667,0.122048333333333,0.122063333333333,0.092455,0.106421666666667,0.0871583333333333,0.0748333333333333,0.080905,0.0804716666666667,0.06333,0.0600233333333333,0.047485,0.0383216666666667,0.0286883333333333,0.0282433333333333,0.023455,0.0183933333333333,0.0195083333333333,0.0161583333333333,0.01113,0.0132066666666667,0.0161533333333333,0.014135,0.010875,0.0131,0.00967666666666667,0.006365,0.00835666666666667,0.00813666666666667,0.00435666666666667,0.00366666666666667,0.00690666666666667,0.005185,0.00507166666666667,0.003895,0.004155,0.002155,0.00207166666666667,0.00289333333333333,0.00168,0.00300166666666667,0.001975,0.00199833333333333,0.000653333333333333,0.000715,0.000886666666666667,0.000953333333333333,0.00102333333333333,0.00109666666666667,0.00117,0.000346666666666667,0,1,0,0,0,0,0,0,1,1,1,1,1,1,1,1,1,1,1,1,1,1,1,1,1,1,1,1,1,1,1,1,1,1,1,1,1,1,1,1,1,1,1,1,1,1,1,1,1,1,1,1,1,1,1,1,1,1,1,1,1,1,1,1,1,1,1,1,1,1,1,1,1,1,1,1,1,1,1,1,0
2026-07-21 13:00:00,135.809148033333,0,0,0,0,0,0,0.0390816666666667,2.46587166666667,13.0046316666667,20.55731,17.161155,15.0026133333333,15.10552,16.802545,17.7051366666667,7.18056333333333,3.290145,1.64783333333333,0.9563,0.762501666666667,0.658871666666667,0.638898333333333,0.551123333333333,0.331201666666667,0.215158333333333,0.172401666666667,0.143493333333333,0.142796666666667,0.116485,0.10855,0.10379,0.092715,0.07693,0.0778983333333333,0.070975,0.069995,0.0573883333333333,0.0424216666666667,0.0415083333333333,0.035475,0.0350133333333333,0.0198533333333333,0.0210466666666667,0.0172983333333333,0.0194666666666667,0.0186533333333333,0.0179283333333333,0.0159966666666667,0.0174683333333333,0.0103916666666667,0.0118066666666667,0.00455666666666667,0.00793333333333333,0.00663666666666667,0.006545,0.006235,0.00436,0.00401,0.007235,0.00484833333333333,0.00531,0.00290666666666667,0.00235333333333333,0.00373333333333333,0.00303166666666667,0.00317166666666667,0.00169166666666667,0.0011,0.003585,0.000995,0.00032,0.00107,0.000443333333333333,0.000478333333333333,0.000513333333333333,0.000548333333333333,0.000583333333333333,0.000175,0,1,0,0,0,0,0,0,1,1,1,1,1,1,1,1,1,1,1,1,1,1,1,1,1,1,1,1,1,1,1,1,1,1,1,1,1,1,1,1,1,1,1,1,1,1,1,1,1,1,1,1,1,1,1,1,1,1,1,1,1,1,1,1,1,1,1,1,1,1,1,1,1,1,1,1,1,1,1,1,0
2026-07-21 14:00:00,150.75621245,0,0,0,0,0,0,0.0433483333333333,2.851585,14.6307183333333,23.1294966666667,18.9740833333333,16.3761816666667,16.4819266666667,18.7331916666667,18.72613,8.58990666666667,3.59353666666667,1.729915,1.05184833333333,0.761925,0.685146666666667,0.674066666666667,0.595978333333333,0.367956666666667,0.25273,0.169745,0.139931666666667,0.137646666666667,0.103505,0.12437,0.0846733333333333,0.0926916666666667,0.0700816666666667,0.0746583333333333,0.0788183333333333,0.066635,0.0656666666666667,0.0514766666666667,0.0490483333333333,0.0343166666666667,0.0290983333333333,0.024185,0.022935,0.0168666666666667,0.0173633333333333,0.018035,0.0144483333333333,0.0142066666666667,0.0103916666666667,0.0102766666666667,0.0130233333333333,0.00925166666666667,0.00794666666666667,0.00810166666666667,0.00622333333333333,0.005965,0.003755,0.007445,0.00448166666666667,0.00477333333333333,0.00355666666666667,0.00263166666666667,0.00395166666666667,0.00331,0.000923333333333333,0.00106333333333333,0.001825,0.003,0.00194666666666667,0.00161333333333333,0.000653333333333333,0.00155833333333333,0.000948333333333333,0.00102333333333333,0.00109833333333333,0.001175,0.00125166666666667,0.000373333333333333,0,1,0,0,0,0,0,0,1,1,1,1,1,1,1,1,1,1,1,1,1,1,1,1,1,1,1,1,1,1,1,1,1,1,1,1,1,1,1,1,1,1,1,1,1,1,1,1,1,1,1,1,1,1,1,1,1,1,1,1,1,1,1,1,1,1,1,1,1,1,1,1,1,1,1,1,1,1,1,1,0
2026-07-21 15:00:00,195.36575285,0,0,0,0,0,0,0.0655883333333333,4.29752833333333,21.4667366666667,32.765125,26.0193816666667,21.28782,20.53607,22.1507883333333,21.8852116666667,11.5586783333333,4.24872,2.115855,1.1279,0.788401666666667,0.727338333333333,0.675726666666667,0.589703333333333,0.368105,0.236273333333333,0.16102,0.134655,0.125723333333333,0.105156666666667,0.121381666666667,0.0904766666666667,0.0846816666666667,0.0884266666666667,0.0794016666666667,0.0819383333333333,0.0663133333333333,0.05859,0.0448183333333333,0.0414933333333333,0.035675,0.0268233333333333,0.02401,0.0241116666666667,0.01662,0.0163683333333333,0.0149133333333333,0.0169266666666667,0.0132116666666667,0.013935,0.014105,0.0119366666666667,0.0107733333333333,0.008275,0.00626166666666667,0.00721,0.002815,0.00461666666666667,0.00393,0.00259166666666667,0.000681666666666667,0.003555,0.004555,0.00365333333333333,0.003425,0.002845,0.00234,0.000835,0.00205166666666667,0.00151,0.00185333333333333,0.000573333333333333,0.00140166666666667,0.00095,0.00102,0.001095,0.001175,0.001255,0.00037,0,1,0,0,0,0,0,0,1,1,1,1,1,1,1,1,1,1,1,1,1,1,1,1,1,1,1,1,1,1,1,1,1,1,1,1,1,1,1,1,1,1,1,1,1,1,1,1,1,1,1,1,1,1,1,1,1,1,1,1,1,1,1,1,1,1,1,1,1,1,1,1,1,1,1,1,1,1,1,1,0
2026-07-21 16:00:00,223.82170255,0,0,0,0,0,0,0.0927883333333333,6.35821833333333,29.9496833333333,41.16176,30.866025,23.9456833333333,22.2525666666667,23.52705,22.3028483333333,11.62591,4.09983333333333,2.0661,1.10169666666667,0.808353333333333,0.687335,0.672958333333333,0.559731666666667,0.339041666666667,0.216781666666667,0.161655,0.149243333333333,0.133995,0.119216666666667,0.114358333333333,0.0868916666666667,0.08807,0.0705333333333333,0.0630583333333333,0.0622366666666667,0.05788,0.0542283333333333,0.049565,0.0339483333333333,0.0332266666666667,0.0302016666666667,0.0248833333333333,0.0162133333333333,0.021595,0.0186883333333333,0.0153216666666667,0.0120483333333333,0.0139316666666667,0.01174,0.011615,0.0125666666666667,0.00799666666666667,0.00660333333333333,0.00524666666666667,0.00494,0.00672166666666667,0.00367,0.00458333333333333,0.00649,0.00271666666666667,0.00379333333333333,0.003365,0.00170666666666667,0.00130833333333333,0.00165333333333333,0.000918333333333333,0.00112833333333333,0.00136666666666667,0.000851666666666667,0.00183333333333333,0.0004,0.00086,0.00057,0.000615,0.00066,0.000705,0.00075,0.000225,0,1,0,0,0,0,0,0,1,1,1,1,1,1,1,1,1,1,1,1,1,1,1,1,1,1,1,1,1,1,1,1,1,1,1,1,1,1,1,1,1,1,1,1,1,1,1,1,1,1,1,1,1,1,1,1,1,1,1,1,1,1,1,1,1,1,1,1,1,1,1,1,1,1,1,1,1,1,1,1,0
2026-07-21 17:00:00,181.439986633333,0,0,0,0,0,0,0.0882166666666667,5.24342833333333,24.1648516666667,32.29065,24.3805383333333,19.6670216666667,18.75323,20.2498833333333,17.7510716666667,7.83181166666667,3.00892666666667,1.42392666666667,0.806851666666667,0.586001666666667,0.531015,0.502296666666667,0.419446666666667,0.281846666666667,0.198863333333333,0.135283333333333,0.1181,0.120978333333333,0.102505,0.108406666666667,0.086055,0.095755,0.0817866666666667,0.06917,0.0716416666666667,0.06854,0.0571833333333333,0.043855,0.0370766666666667,0.0315916666666667,0.025295,0.02309,0.025055,0.024,0.016095,0.017745,0.0135083333333333,0.00998666666666667,0.0119733333333333,0.009745,0.010485,0.00790666666666667,0.00726833333333333,0.008295,0.00472,0.00413666666666667,0.004415,0.00283333333333333,0.00430166666666667,0.003825,0.00569,0.00360166666666667,0.002595,0.001655,0.000845,0.00106333333333333,0.000853333333333333,0.0011,0.00272333333333333,0.000781666666666667,0.00148,0.000996666666666667,0.000506666666666667,0.000545,0.000585,0.000626666666666667,0.000668333333333333,0.000198333333333333,0,1,0,0,0,0,0,0,1,1,1,1,1,1,1,1,1,1,1,1,1,1,1,1,1,1,1,1,1,1,1,1,1,1,1,1,1,1,1,1,1,1,1,1,1,1,1,1,1,1,1,1,1,1,1,1,1,1,1,1,1,1,1,1,1,1,1,1,1,1,1,1,1,1,1,1,1,1,1,1,0
2026-07-21 18:00:00,278.356736216667,0,0,0,0,0,0,0.129071666666667,8.522355,42.1056866666667,60.666405,45.0344216666667,33.721715,28.6865566666667,27.54557,17.2208933333333,6.80594666666667,2.67676666666667,1.2964,0.702453333333333,0.555348333333333,0.47162,0.460193333333333,0.371031666666667,0.24506,0.178176666666667,0.135253333333333,0.136268333333333,0.118768333333333,0.10737,0.120251666666667,0.0822616666666667,0.103506666666667,0.08697,0.074115,0.0796016666666667,0.0733483333333333,0.065535,0.0518216666666667,0.0403233333333333,0.0456683333333333,0.0308033333333333,0.0292866666666667,0.03144,0.0211,0.0176033333333333,0.0193733333333333,0.0142316666666667,0.0155266666666667,0.0143416666666667,0.0125233333333333,0.01259,0.0105266666666667,0.0126633333333333,0.00661833333333333,0.005715,0.00540333333333333,0.00292333333333333,0.002955,0.00383333333333333,0.00434833333333333,0.00355666666666667,0.00285333333333333,0.00237833333333333,0.00223166666666667,0.00249666666666667,0.000925,0.00254,0.00123166666666667,0.000863333333333333,0.000801666666666667,0.000413333333333333,0.001495,0.00076,0.000816666666666667,0.000876666666666667,0.00094,0.00100333333333333,0.000296666666666667,0,1,0,0,0,0,0,0,1,1,1,1,1,1,1,1,1,1,1,1,1,1,1,1,1,1,1,1,1,1,1,1,1,1,1,1,1,1,1,1,1,1,1,1,1,1,1,1,1,1,1,1,1,1,1,1,1,1,1,1,1,1,1,1,1,1,1,1,1,1,1,1,1,1,1,1,1,1,1,1,0
2026-07-21 19:00:00,154.729482766667,0,0,0,0,0,0,0.042735,3.17781666666667,16.0552833333333,24.4647283333333,21.4653783333333,19.2707716666667,19.8107233333333,21.7512183333333,14.805885,6.53954,2.549365,1.168195,0.721108333333333,0.511065,0.461288333333333,0.4672,0.36713,0.278556666666667,0.210243333333333,0.15625,0.16244,0.152906666666667,0.125138333333333,0.131628333333333,0.111408333333333,0.129493333333333,0.09616,0.100215,0.0968383333333333,0.08355,0.0873516666666667,0.0679116666666667,0.0577083333333333,0.0435666666666667,0.045535,0.0344016666666667,0.0311716666666667,0.0199583333333333,0.0247266666666667,0.019005,0.016765,0.018425,0.0215883333333333,0.0154233333333333,0.0160216666666667,0.0129183333333333,0.011715,0.00781,0.00500166666666667,0.00650666666666667,0.00631333333333333,0.00484166666666667,0.00596333333333333,0.00367,0.00403,0.00343333333333333,0.00229,0.00173166666666667,0.00211166666666667,0.00112666666666667,0.00139833333333333,0.001235,0.00129833333333333,0.000975,0.00106666666666667,0.000563333333333333,0.000443333333333333,0.000476666666666667,0.000511666666666667,0.000548333333333333,0.000585,0.000173333333333333,0,1,0,0,0,0,0,0,1,1,1,1,1,1,1,1,1,1,1,1,1,1,1,1,1,1,1,1,1,1,1,1,1,1,1,1,1,1,1,1,1,1,1,1,1,1,1,1,1,1,1,1,1,1,1,1,1,1,1,1,1,1,1,1,1,1,1,1,1,1,1,1,1,1,1,1,1,1,1,1,0
2026-07-21 20:00:00,128.445548916667,0,0,0,0,0,0,0.028185,2.24866666666667,11.6749216666667,19.1699016666667,17.6233016666667,16.22154,16.5745016666667,17.9498883333333,12.9921916666667,5.82588333333333,2.22247166666667,1.062425,0.606048333333333,0.501136666666667,0.447516666666667,0.45428,0.352818333333333,0.274976666666667,0.202915,0.158781666666667,0.15509,0.173911666666667,0.122471666666667,0.147845,0.110493333333333,0.128625,0.105486666666667,0.100263333333333,0.103035,0.0807116666666667,0.0745666666666667,0.0665766666666667,0.0571316666666667,0.04198,0.0373116666666667,0.0303983333333333,0.030755,0.0229333333333333,0.0213016666666667,0.0167133333333333,0.0164033333333333,0.01591,0.0109766666666667,0.011995,0.0156466666666667,0.005355,0.00948666666666667,0.00598666666666667,0.00461166666666667,0.00635833333333333,0.00341166666666667,0.00369166666666667,0.0018,0.00648333333333333,0.00275,0.00216,0.00144,0.00211666666666667,0.00115333333333333,0.000855,0.000846666666666667,0.00136666666666667,0.000435,0.000415,0,0.000065,0.00019,0.000205,0.00022,0.000235,0.00025,0.000075,0,1,0,0,0,0,0,0,1,1,1,1,1,1,1,1,1,1,1,1,1,1,1,1,1,1,1,1,1,1,1,1,1,1,1,1,1,1,1,1,1,1,1,1,1,1,1,1,1,1,1,1,1,1,1,1,1,1,1,1,1,1,1,1,1,1,1,1,1,1,1,1,1,1,1,1,1,1,1,1,0
2026-07-21 21:00:00,155.369240333333,0,0,0,0,0,0,0.03553,2.96182166666667,15.4568316666667,25.2251816666667,22.2477816666667,19.7260483333333,19.6099883333333,21.0904666666667,14.54861,4.60330666666667,2.24226833333333,1.10143666666667,0.669488333333333,0.518363333333333,0.478016666666667,0.493448333333333,0.412368333333333,0.298105,0.237863333333333,0.193665,0.21578,0.206836666666667,0.181625,0.203631666666667,0.164818333333333,0.167855,0.143805,0.151391666666667,0.132806666666667,0.126775,0.116031666666667,0.0844916666666667,0.0746583333333333,0.0494316666666667,0.0445166666666667,0.0364933333333333,0.0337633333333333,0.0289683333333333,0.0244666666666667,0.0232633333333333,0.0293416666666667,0.0222,0.0140516666666667,0.0137416666666667,0.0126283333333333,0.011325,0.0108383333333333,0.00682833333333333,0.00787166666666667,0.006635,0.002465,0.00255166666666667,0.002095,0.00357333333333333,0.00189666666666667,0.00258333333333333,0.000628333333333333,0.00207833333333333,0.000731666666666667,0.000571666666666667,0.000288333333333333,0.000948333333333333,0.001685,0.000415,0.00016,0.00125,0.000506666666666667,0.000546666666666667,0.000586666666666667,0.000626666666666667,0.000666666666666667,0.0002,0,1,0,0,0,0,0,0,1,1,1,1,1,1,1,1,1,1,1,1,1,1,1,1,1,1,1,1,1,1,1,1,1,1,1,1,1,1,1,1,1,1,1,1,1,1,1,1,1,1,1,1,1,1,1,1,1,1,1,1,1,1,1,1,1,1,1,1,1,1,1,1,1,1,1,1,1,1,1,1,0
2026-07-21 22:00:00,222.012821933333,0,0,0,0,0,0,0.055085,4.06108666666667,21.74086,36.0465033333333,31.7990583333333,27.4996616666667,27.56247,29.7725433333333,25.2477066666667,7.67873166666667,3.33506,1.54103166666667,0.912808333333333,0.700043333333333,0.592091666666667,0.57796,0.488451666666667,0.302993333333333,0.23628,0.182823333333333,0.182893333333333,0.21445,0.165801666666667,0.183748333333333,0.15531,0.175776666666667,0.150456666666667,0.146521666666667,0.13758,0.11617,0.09786,0.08529,0.0601683333333333,0.0457433333333333,0.043805,0.0360616666666667,0.0342333333333333,0.0287916666666667,0.0193933333333333,0.0205916666666667,0.02189,0.0125816666666667,0.0148,0.00935,0.00842333333333333,0.0104533333333333,0.007395,0.0047,0.00633166666666667,0.0055,0.00384166666666667,0.002035,0.00310833333333333,0.00171,0.00379333333333333,0.00271833333333333,0.00277833333333333,0.0005,0.00126666666666667,0.00112666666666667,0.000558333333333333,0.000796666666666667,0.0000366666666666667,0,0,0.0000216666666666667,0.0000633333333333333,0.0000683333333333333,0.0000733333333333333,0.0000783333333333333,0.0000833333333333333,0.000025,0,1,0,0,0,0,0,0,1,1,1,1,1,1,1,1,1,1,1,1,1,1,1,1,1,1,1,1,1,1,1,1,1,1,1,1,1,1,1,1,1,1,1,1,1,1,1,1,1,1,1,1,1,1,1,1,1,1,1,1,1,1,1,1,1,1,1,1,1,1,1,1,1,1,1,1,1,1,1,1,0
2026-07-21 23:00:00,241.69661305,0,0,0,0,0,0,0.047785,3.53037666666667,20.270415,35.8435183333333,33.0289433333333,29.3802916666667,29.8726933333333,31.5210366666667,31.6524366666667,12.31602,4.15957,2.00177,1.08656166666667,0.801191666666667,0.668358333333333,0.618836666666667,0.540965,0.343605,0.280233333333333,0.200618333333333,0.190316666666667,0.209596666666667,0.176618333333333,0.196208333333333,0.174843333333333,0.174653333333333,0.156613333333333,0.127305,0.125381666666667,0.108278333333333,0.0989216666666667,0.0833216666666667,0.0717366666666667,0.0466566666666667,0.0369133333333333,0.03686,0.0344266666666667,0.0314316666666667,0.0295483333333333,0.02415,0.0223283333333333,0.020255,0.011005,0.0101933333333333,0.0100516666666667,0.00799833333333333,0.00878833333333333,0.00595166666666667,0.00573166666666667,0.00380833333333333,0.003125,0.00111666666666667,0.00231666666666667,0.00110666666666667,0.00170666666666667,0.00159833333333333,0.0013,0.000461666666666667,0.00046,0.000421666666666667,0.000288333333333333,0.000131666666666667,0.00064,0.000193333333333333,0.000413333333333333,0.0000866666666666667,0.000253333333333333,0.000273333333333333,0.000293333333333333,0.000313333333333333,0.000333333333333333,0.0001,0,1,0,0,0,0,0,0,1,1,1,1,1,1,1,1,1,1,1,1,1,1,1,1,1,1,1,1,1,1,1,1,1,1,1,1,1,1,1,1,1,1,1,1,1,1,1,1,1,1,1,1,1,1,1,1,1,1,1,1,1,1,1,1,1,1,1,1,1,1,1,1,1,1,1,1,1,1,1,1,0
2026-07-22,242.811690033333,0,0,0,0,0,0,0.04859,3.59193833333333,20.1966316666667,35.47232,32.555855,29.07514,29.2392766666667,31.1059383333333,32.629135,14.0222883333333,5.03614,2.52089833333333,1.37587333333333,0.925773333333333,0.807206666666667,0.743993333333333,0.64453,0.356061666666667,0.274795,0.198521666666667,0.194526666666667,0.199536666666667,0.183843333333333,0.171196666666667,0.165853333333333,0.154328333333333,0.135713333333333,0.143376666666667,0.119773333333333,0.110353333333333,0.0995383333333333,0.0751666666666667,0.0689283333333333,0.045155,0.041175,0.0350866666666667,0.0228683333333333,0.0255566666666667,0.0290366666666667,0.0179283333333333,0.015045,0.0180816666666667,0.0154316666666667,0.00838833333333333,0.00803166666666667,0.00913666666666667,0.00994,0.005545,0.00398833333333333,0.00322333333333333,0.00252333333333333,0.00380833333333333,0.00219666666666667,0.002135,0.000426666666666667,0.00149666666666667,0.00147833333333333,0.000808333333333333,0.0000383333333333333,0,0,0,0,0,0,0.0000866666666666667,0.000253333333333333,0.000273333333333333,0.000293333333333333,0.000313333333333333,0.000333333333333333,0.0001,0,1,0,0,0,0,0,0,1,1,1,1,1,1,1,1,1,1,1,1,1,1,1,1,1,1,1,1,1,1,1,1,1,1,1,1,1,1,1,1,1,1,1,1,1,1,1,1,1,1,1,1,1,1,1,1,1,1,1,1,1,1,1,1,1,1,1,1,1,1,1,1,1,1,1,1,1,1,1,1,0
2026-07-22 01:00:00,232.07992075,0,0,0,0,0,0,0.0419833333333333,3.49847666666667,19.40975,33.611165,30.654705,27.264995,27.5508883333333,29.157535,31.024315,14.9281816666667,4.90159666666667,2.42206,1.32323833333333,0.901068333333333,0.771241666666667,0.661628333333333,0.58527,0.348591666666667,0.27353,0.204388333333333,0.19596,0.198453333333333,0.168441666666667,0.168408333333333,0.146278333333333,0.153128333333333,0.134073333333333,0.130776666666667,0.120066666666667,0.0918766666666667,0.076915,0.0760433333333333,0.0637983333333333,0.0469116666666667,0.0338133333333333,0.0300316666666667,0.02803,0.0216,0.0191583333333333,0.0214183333333333,0.0155966666666667,0.0144566666666667,0.01174,0.01016,0.0101533333333333,0.00715666666666667,0.00724666666666667,0.00487,0.00267833333333333,0.001805,0.00266666666666667,0.00186333333333333,0.00242833333333333,0.00196166666666667,0.000426666666666667,0.000323333333333333,0.0013,0.0005,0.000421666666666667,0.000843333333333333,0.000288333333333333,0.00053,0.000241666666666667,0.000608333333333333,0.000413333333333333,0.0000216666666666667,0.0000633333333333333,0.0000683333333333333,0.0000733333333333333,0.0000783333333333333,0.0000833333333333333,0.000025,0,1,0,0,0,0,0,0,1,1,1,1,1,1,1,1,1,1,1,1,1,1,1,1,1,1,1,1,1,1,1,1,1,1,1,1,1,1,1,1,1,1,1,1,1,1,1,1,1,1,1,1,1,1,1,1,1,1,1,1,1,1,1,1,1,1,1,1,1,1,1,1,1,1,1,1,1,1,1,1,0
2026-07-22 02:00:00,211.848615016667,0,0,0,0,0,0,0.044815,3.475335,18.5628733333333,30.911815,28.3119966666667,25.5110616666667,25.4432366666667,26.19328,28.0440683333333,13.76405,4.19203333333333,2.04756666666667,1.073215,0.77763,0.653438333333333,0.61863,0.554521666666667,0.346295,0.253243333333333,0.190978333333333,0.180671666666667,0.174461666666667,0.150285,0.174678333333333,0.153073333333333,0.14567,0.125838333333333,0.118705,0.108078333333333,0.101743333333333,0.0843366666666667,0.0700183333333333,0.0571366666666667,0.0372866666666667,0.0408316666666667,0.0308566666666667,0.0253633333333333,0.0237133333333333,0.0243416666666667,0.0149583333333333,0.0172116666666667,0.0167,0.00965666666666667,0.01035,0.00677,0.00802,0.00660333333333333,0.00731666666666667,0.00163,0.00190833333333333,0.00344166666666667,0.00157666666666667,0.00134,0.002135,0.00104333333333333,0.000985,0.000875,0.00127,0.0005,0.000421666666666667,0,0.000418333333333333,0.000416666666666667,0,0.00016,0.000296666666666667,0.000126666666666667,0.000136666666666667,0.000146666666666667,0.000156666666666667,0.000166666666666667,0.00005,0,1,0,0,0,0,0,0,1,1,1,1,1,1,1,1,1,1,1,1,1,1,1,1,1,1,1,1,1,1,1,1,1,1,1,1,1,1,1,1,1,1,1,1,1,1,1,1,1,1,1,1,1,1,1,1,1,1,1,1,1,1,1,1,1,1,1,1,1,1,1,1,1,1,1,1,1,1,1,1,0
2026-07-22 03:00:00,169.821540566667,0,0,0,0,0,0,0.0419516666666667,3.27162666666667,16.4548416666667,26.2437966666667,23.4111866666667,20.346755,19.8339266666667,20.0488216666667,20.1961883333333,9.09176333333333,3.22065666666667,1.65049833333333,0.939378333333333,0.670255,0.618141666666667,0.591423333333333,0.541878333333333,0.35245,0.27534,0.195991666666667,0.183565,0.196163333333333,0.185005,0.187211666666667,0.153225,0.14619,0.132651666666667,0.137496666666667,0.119436666666667,0.0949966666666667,0.093435,0.081405,0.0558966666666667,0.04613,0.0348233333333333,0.0243933333333333,0.027545,0.02079,0.01828,0.018665,0.0130783333333333,0.0141966666666667,0.010825,0.0112433333333333,0.009045,0.008385,0.00820333333333333,0.003435,0.00348833333333333,0.00225833333333333,0.00286666666666667,0.00266333333333333,0.00146,0.00196,0.00123333333333333,0.00174833333333333,0.00085,0.00123166666666667,0.000808333333333333,0.000075,0.000288333333333333,0.00055,0,0,0,0.000411666666666667,0,0,0,0,0,0,0,1,0,0,0,0,0,0,1,1,1,1,1,1,1,1,1,1,1,1,1,1,1,1,1,1,1,1,1,1,1,1,1,1,1,1,1,1,1,1,1,1,1,1,1,1,1,1,1,1,1,1,1,1,1,1,1,1,1,1,1,1,1,1,1,1,1,1,1,1,1,1,1,1,1,1,1,1,1,1,0
2026-07-22 04:00:00,181.00989205,0,0,0,0,0,0,0.045525,3.261535,16.529885,26.7096566666667,23.9509683333333,21.168915,20.9581416666667,21.4517583333333,22.2892416666667,10.2311133333333,3.80297,1.95908666666667,1.146725,0.861258333333333,0.815711666666667,0.777745,0.725785,0.486626666666667,0.350041666666667,0.253166666666667,0.259271666666667,0.264631666666667,0.238276666666667,0.23778,0.215033333333333,0.184035,0.176305,0.163433333333333,0.15625,0.132446666666667,0.113848333333333,0.0949433333333333,0.059465,0.0618783333333333,0.0464116666666667,0.0359416666666667,0.0387583333333333,0.0256416666666667,0.0231016666666667,0.020265,0.0217583333333333,0.0160916666666667,0.0162816666666667,0.008355,0.00891333333333333,0.00465,0.00708333333333333,0.00733666666666667,0.00326666666666667,0.00188,0.001835,0.00529666666666667,0.002175,0.001785,0.00170666666666667,0.00159833333333333,0.00176333333333333,0.00130833333333333,0.000843333333333333,0.000843333333333333,0.000708333333333333,0.000131666666666667,0.00125,0.000415,0,0.0000433333333333333,0.000126666666666667,0.000136666666666667,0.000146666666666667,0.000156666666666667,0.000166666666666667,0.00005,0,1,0,0,0,0,0,0,1,1,1,1,1,1,1,1,1,1,1,1,1,1,1,1,1,1,1,1,1,1,1,1,1,1,1,1,1,1,1,1,1,1,1,1,1,1,1,1,1,1,1,1,1,1,1,1,1,1,1,1,1,1,1,1,1,1,1,1,1,1,1,1,1,1,1,1,1,1,1,1,0
2026-07-22 05:00:00,172.272944383333,0,0,0,0,0,0,0.0418766666666667,3.116695,15.87868,25.4909833333333,22.63902,19.7743766666667,19.458875,20.2292933333333,20.752755,8.88648166666667,3.71331833333333,1.94022166666667,1.17999666666667,0.924586666666667,0.848361666666667,0.876573333333333,0.810186666666667,0.54969,0.378783333333333,0.306396666666667,0.303313333333333,0.304265,0.285191666666667,0.286578333333333,0.244313333333333,0.235006666666667,0.21523,0.19994,0.166136666666667,0.153321666666667,0.132988333333333,0.0988866666666667,0.086605,0.0644433333333333,0.0546466666666667,0.04469,0.0407533333333333,0.0301266666666667,0.027345,0.01812,0.0174116666666667,0.0162,0.0161583333333333,0.0155716666666667,0.015195,0.01085,0.00817833333333333,0.00806,0.006075,0.00552833333333333,0.00329666666666667,0.00255,0.002175,0.003065,0.00104333333333333,0.00193666666666667,0.000386666666666667,0.00254,0.000731666666666667,0.000855,0.000846666666666667,0.000968333333333333,0,0,0,0.0000216666666666667,0.0000633333333333333,0.0000683333333333333,0.0000733333333333333,0.0000783333333333333,0.0000833333333333333,0.000025,0,1,0,0,0,0,0,0,1,1,1,1,1,1,1,1,1,1,1,1,1,1,1,1,1,1,1,1,1,1,1,1,1,1,1,1,1,1,1,1,1,1,1,1,1,1,1,1,1,1,1,1,1,1,1,1,1,1,1,1,1,1,1,1,1,1,1,1,1,1,1,1,1,1,1,1,1,1,1,1,0
2026-07-22 06:00:00,196.109594433333,0,0,0,0,0,0,0.034475,2.98749,15.9937383333333,27.5875316666667,26.1150733333333,23.8392166666667,23.978025,25.1685433333333,24.4410033333333,10.140105,4.21202666666667,2.25664,1.35103,1.08040333333333,0.984653333333333,0.99417,0.921858333333333,0.585815,0.424273333333333,0.347985,0.324651666666667,0.308365,0.276675,0.285761666666667,0.255155,0.236628333333333,0.19152,0.198721666666667,0.162825,0.157215,0.137266666666667,0.105591666666667,0.08316,0.0590216666666667,0.053105,0.05014,0.041035,0.03075,0.0303033333333333,0.0239,0.0211166666666667,0.01776,0.01847,0.014025,0.0161016666666667,0.0116666666666667,0.00746666666666667,0.00946666666666667,0.00489333333333333,0.00816166666666667,0.00493,0.007935,0.00424166666666667,0.00513166666666667,0.00251333333333333,0.00249666666666667,0.00303833333333333,0.001655,0.00161666666666667,0.00183666666666667,0.000708333333333333,0.001765,0.000676666666666667,0.000193333333333333,0.000413333333333333,0.000065,0.00019,0.000205,0.00022,0.000235,0.00025,0.000075,0,1,0,0,0,0,0,0,1,1,1,1,1,1,1,1,1,1,1,1,1,1,1,1,1,1,1,1,1,1,1,1,1,1,1,1,1,1,1,1,1,1,1,1,1,1,1,1,1,1,1,1,1,1,1,1,1,1,1,1,1,1,1,1,1,1,1,1,1,1,1,1,1,1,1,1,1,1,1,1,0
2026-07-22 07:00:00,210.553279066667,0,0,0,0,0,0,0.0372066666666667,2.91344333333333,16.0310433333333,28.4973033333333,28.331985,26.68401,27.29308,29.0361366666667,25.2148233333333,9.11642333333333,4.49664333333333,2.4688,1.51947333333333,1.20039,1.10223166666667,1.11167833333333,0.974008333333333,0.65049,0.486688333333333,0.361673333333333,0.33393,0.36178,0.309401666666667,0.28648,0.266408333333333,0.262448333333333,0.244518333333333,0.227705,0.186308333333333,0.165426666666667,0.148376666666667,0.122098333333333,0.0809016666666667,0.07314,0.06807,0.05507,0.0455233333333333,0.0396466666666667,0.0398483333333333,0.0367766666666667,0.026875,0.0236766666666667,0.02434,0.0173133333333333,0.0208066666666667,0.019295,0.0140633333333333,0.00892833333333333,0.00722833333333333,0.005205,0.00642166666666667,0.00575333333333333,0.00549833333333333,0.005785,0.00317666666666667,0.001835,0.00168666666666667,0.00381,0.001925,0.00339666666666667,0.001825,0.00138666666666667,0.000416666666666667,0.001245,0.00165333333333333,0.00138666666666667,0.000443333333333333,0.000478333333333333,0.000513333333333333,0.000548333333333333,0.000583333333333333,0.000175,0,1,0,0,0,0,0,0,1,1,1,1,1,1,1,1,1,1,1,1,1,1,1,1,1,1,1,1,1,1,1,1,1,1,1,1,1,1,1,1,1,1,1,1,1,1,1,1,1,1,1,1,1,1,1,1,1,1,1,1,1,1,1,1,1,1,1,1,1,1,1,1,1,1,1,1,1,1,1,1,0
2026-07-22 08:00:00,190.382781716667,0,0,0,0,0,0,0.0283483333333333,2.597395,14.2450466666667,25.66262,25.4138633333333,24.0785,24.576705,26.9794283333333,22.636075,7.85127833333333,4.29548,2.32509833333333,1.49038333333333,1.152315,1.08931666666667,1.11802333333333,0.899056666666667,0.586076666666667,0.440643333333333,0.337348333333333,0.353896666666667,0.31972,0.257063333333333,0.309673333333333,0.242096666666667,0.264406666666667,0.22473,0.188783333333333,0.1978,0.174181666666667,0.150665,0.117123333333333,0.102396666666667,0.0762866666666667,0.0607666666666667,0.0543966666666667,0.04572,0.038465,0.03594,0.0355866666666667,0.0324383333333333,0.0304333333333333,0.022875,0.015675,0.0170116666666667,0.0124866666666667,0.0110883333333333,0.0141266666666667,0.0116983333333333,0.00658833333333333,0.00361333333333333,0.006815,0.00580833333333333,0.00681833333333333,0.000853333333333333,0.00352,0.00277833333333333,0.002925,0.00165166666666667,0.00268,0.00168,0.000418333333333333,0.00166666666666667,0.000588333333333333,0.00024,0.000541666666666667,0.00038,0.00041,0.00044,0.00047,0.0005,0.00015,0,1,0,0,0,0,0,0,1,1,1,1,1,1,1,1,1,1,1,1,1,1,1,1,1,1,1,1,1,1,1,1,1,1,1,1,1,1,1,1,1,1,1,1,1,1,1,1,1,1,1,1,1,1,1,1,1,1,1,1,1,1,1,1,1,1,1,1,1,1,1,1,1,1,1,1,1,1,1,1,0
2026-07-22 09:00:00,195.137199133333,0,0,0,0,0,0,0.0324966666666667,2.72870666666667,14.57375,25.760865,24.9668133333333,24.0315716666667,25.7914633333333,29.3428066666667,22.8769316666667,8.072755,4.414915,2.40577,1.49538666666667,1.24001166666667,1.09657,1.16438166666667,0.863806666666667,0.540901666666667,0.368035,0.272273333333333,0.256036666666667,0.26667,0.233505,0.252435,0.202388333333333,0.224426666666667,0.183866666666667,0.158503333333333,0.165901666666667,0.139686666666667,0.124443333333333,0.1029,0.0763733333333333,0.0625683333333333,0.0592966666666667,0.0364816666666667,0.0338016666666667,0.0317383333333333,0.0240866666666667,0.0253733333333333,0.0203016666666667,0.017635,0.018185,0.0104066666666667,0.0157516666666667,0.0112766666666667,0.0114366666666667,0.00816833333333333,0.007405,0.00747333333333333,0.00570833333333333,0.00426666666666667,0.00199833333333333,0.00538166666666667,0.00223,0.00320666666666667,0.002575,0.003425,0.000808333333333333,0.000641666666666667,0.000696666666666667,0.000816666666666667,0.001685,0.00100333333333333,0.00024,0.000065,0.00019,0.000205,0.00022,0.000235,0.00025,0.000075,0,1,0,0,0,0,0,0,1,1,1,1,1,1,1,1,1,1,1,1,1,1,1,1,1,1,1,1,1,1,1,1,1,1,1,1,1,1,1,1,1,1,1,1,1,1,1,1,1,1,1,1,1,1,1,1,1,1,1,1,1,1,1,1,1,1,1,1,1,1,1,1,1,1,1,1,1,1,1,1,0
2026-07-22 10:00:00,191.198665383333,0,0,0,0,0,0,0.0386416666666667,3.150315,16.40982,27.0535,24.9231883333333,23.4948533333333,25.3231566666667,28.2416233333333,20.66013,7.07629333333333,3.89019333333333,2.10887166666667,1.34515166666667,1.04015166666667,0.950405,0.992365,0.757283333333333,0.460793333333333,0.320958333333333,0.24733,0.25521,0.24495,0.210733333333333,0.242241666666667,0.164518333333333,0.199868333333333,0.168983333333333,0.147236666666667,0.152051666666667,0.123085,0.109726666666667,0.0852916666666667,0.06322,0.058505,0.046975,0.0349383333333333,0.0382333333333333,0.02997,0.0278066666666667,0.0258216666666667,0.0238466666666667,0.0193716666666667,0.0202366666666667,0.01849,0.0132983333333333,0.0121733333333333,0.00849666666666667,0.01088,0.00807333333333333,0.00607,0.00464666666666667,0.00404333333333333,0.00308666666666667,0.00307166666666667,0.00251333333333333,0.00249666666666667,0.001725,0.002155,0.00192166666666667,0.00205666666666667,0.00253333333333333,0.00147833333333333,0.00087,0.001245,0.000413333333333333,0.000541666666666667,0.00038,0.00041,0.00044,0.00047,0.0005,0.00015,0,1,0,0,0,0,0,0,1,1,1,1,1,1,1,1,1,1,1,1,1,1,1,1,1,1,1,1,1,1,1,1,1,1,1,1,1,1,1,1,1,1,1,1,1,1,1,1,1,1,1,1,1,1,1,1,1,1,1,1,1,1,1,1,1,1,1,1,1,1,1,1,1,1,1,1,1,1,1,1,0
2026-07-22 11:00:00,187.454282133333,0,0,0,0,0,0,0.0522433333333333,3.53166666666667,17.0097316666667,26.3990183333333,23.4315083333333,22.1660333333333,23.9082683333333,27.9496483333333,21.0004016666667,7.479815,4.22537,2.22618333333333,1.45587833333333,1.20225,1.12668333333333,1.149465,0.832796666666667,0.494515,0.33018,0.220783333333333,0.221701666666667,0.211408333333333,0.171213333333333,0.18279,0.142965,0.156796666666667,0.125891666666667,0.114048333333333,0.102641666666667,0.109031666666667,0.090955,0.0758483333333333,0.0581416666666667,0.0490566666666667,0.0400533333333333,0.034455,0.0332233333333333,0.026425,0.0261433333333333,0.02326,0.0194383333333333,0.0184683333333333,0.01571,0.0147933333333333,0.0126983333333333,0.00959333333333333,0.0124166666666667,0.00880333333333333,0.003495,0.00314666666666667,0.00490166666666667,0.00707833333333333,0.00511833333333333,0.00382166666666667,0.00351,0.00278166666666667,0.00211166666666667,0.002155,0.00246166666666667,0.00212,0.000558333333333333,0.000838333333333333,0.000833333333333333,0.00200666666666667,0.00064,0.000838333333333333,0.000506666666666667,0.000545,0.000585,0.000626666666666667,0.000668333333333333,0.000198333333333333,0,1,0,0,0,0,0,0,1,1,1,1,1,1,1,1,1,1,1,1,1,1,1,1,1,1,1,1,1,1,1,1,1,1,1,1,1,1,1,1,1,1,1,1,1,1,1,1,1,1,1,1,1,1,1,1,1,1,1,1,1,1,1,1,1,1,1,1,1,1,1,1,1,1,1,1,1,1,1,1,0
2026-07-22 12:00:00,200.299154666667,0,0,0,0,0,0,0.0615066666666667,3.65853,17.5491283333333,26.83874,23.8255766666667,22.4738166666667,25.1418833333333,30.4399116666667,23.9907133333333,8.45034333333333,4.92694166666667,2.67918,1.77557166666667,1.46212666666667,1.33221166666667,1.38562833333333,0.965288333333333,0.585155,0.379946666666667,0.255205,0.236288333333333,0.22991,0.177081666666667,0.197498333333333,0.132545,0.168453333333333,0.122883333333333,0.114966666666667,0.116336666666667,0.0931783333333333,0.0807216666666667,0.0746333333333333,0.0568683333333333,0.0450783333333333,0.03973,0.0338866666666667,0.0271416666666667,0.0214383333333333,0.0251933333333333,0.020005,0.0187183333333333,0.02102,0.014355,0.0144666666666667,0.0161616666666667,0.014715,0.00981833333333333,0.00595166666666667,0.00621666666666667,0.00647833333333333,0.00702666666666667,0.00561666666666667,0.00461166666666667,0.003995,0.00464666666666667,0.00334666666666667,0.003425,0.00250166666666667,0.000461666666666667,0.000641666666666667,0.00282,0.00123166666666667,0.00147333333333333,0.00102333333333333,0.00181333333333333,0.000383333333333333,0.00038,0.00041,0.00044,0.00047,0.0005,0.00015,0,1,0,0,0,0,0,0,1,1,1,1,1,1,1,1,1,1,1,1,1,1,1,1,1,1,1,1,1,1,1,1,1,1,1,1,1,1,1,1,1,1,1,1,1,1,1,1,1,1,1,1,1,1,1,1,1,1,1,1,1,1,1,1,1,1,1,1,1,1,1,1,1,1,1,1,1,1,1,1,0
2026-07-22 13:00:00,215.234086883333,0,0,0,0,0,0,0.070655,4.22695333333333,20.2284366666667,30.0954633333333,25.8702733333333,23.7949366666667,26.2411016666667,32.0721433333333,24.449745,8.68036166666667,5.18124833333333,2.816165,1.88351833333333,1.539325,1.458375,1.50704833333333,1.07219,0.609793333333333,0.422583333333333,0.284776666666667,0.252306666666667,0.24506,0.19835,0.201606666666667,0.14,0.16387,0.143711666666667,0.13115,0.114345,0.11535,0.08536,0.067925,0.0537766666666667,0.0495366666666667,0.039945,0.0352366666666667,0.0297716666666667,0.0307766666666667,0.0249983333333333,0.0216366666666667,0.0268966666666667,0.0156433333333333,0.011405,0.0153733333333333,0.01767,0.0113266666666667,0.01376,0.00838333333333333,0.00465833333333333,0.00408833333333333,0.005905,0.00530166666666667,0.003975,0.00314166666666667,0.00298666666666667,0.00214333333333333,0.00461833333333333,0.00296333333333333,0.000806666666666667,0.00120166666666667,0.000425,0.00216333333333333,0.00338833333333333,0.00100333333333333,0.000653333333333333,0.000476666666666667,0.00019,0.000205,0.00022,0.000235,0.00025,0.000075,0,1,0,0,0,0,0,0,1,1,1,1,1,1,1,1,1,1,1,1,1,1,1,1,1,1,1,1,1,1,1,1,1,1,1,1,1,1,1,1,1,1,1,1,1,1,1,1,1,1,1,1,1,1,1,1,1,1,1,1,1,1,1,1,1,1,1,1,1,1,1,1,1,1,1,1,1,1,1,1,0
2026-07-22 14:00:00,232.167954233333,0,0,0,0,0,0,0.177095,7.58693666666667,23.5188116666667,31.93078,27.27299,25.6053833333333,27.34907,34.0537533333333,24.6918016666667,8.99505333333333,5.28972166666667,2.97477166666667,1.99716166666667,1.6883,1.56700333333333,1.70047833333333,1.159515,0.752791666666667,0.480215,0.33314,0.287388333333333,0.258336666666667,0.209471666666667,0.204726666666667,0.130836666666667,0.152291666666667,0.138878333333333,0.12005,0.125095,0.103038333333333,0.0944333333333333,0.0770266666666667,0.065845,0.05227,0.0432416666666667,0.031755,0.0271383333333333,0.0312733333333333,0.026795,0.0194666666666667,0.0168533333333333,0.0233316666666667,0.0185916666666667,0.0164066666666667,0.016725,0.0121233333333333,0.00828666666666667,0.00841833333333333,0.00820333333333333,0.00728166666666667,0.00579333333333333,0.00378166666666667,0.00462666666666667,0.00195833333333333,0.00360333333333333,0.00343333333333333,0.00515,0.00180666666666667,0.00226833333333333,0.00156666666666667,0.00042,0.00209166666666667,0.000445,0.00114833333333333,0.000893333333333333,0.000996666666666667,0.000506666666666667,0.000545,0.000585,0.000626666666666667,0.000668333333333333,0.000198333333333333,0,1,0,0,0,0,0,0,1,1,1,1,1,1,1,1,1,1,1,1,1,1,1,1,1,1,1,1,1,1,1,1,1,1,1,1,1,1,1,1,1,1,1,1,1,1,1,1,1,1,1,1,1,1,1,1,1,1,1,1,1,1,1,1,1,1,1,1,1,1,1,1,1,1,1,1,1,1,1,1,0
2026-07-22 15:00:00,230.162471233333,0,0,0,0,0,0,0.152451666666667,6.99660166666667,22.65553,31.9362733333333,27.7005083333333,26.2450266666667,28.6579066666667,34.7514433333333,23.4827133333333,8.41795,4.897485,2.65108333333333,1.73045833333333,1.44515666666667,1.34014666666667,1.45759166666667,0.996148333333333,0.588311666666667,0.387505,0.267925,0.254146666666667,0.228953333333333,0.181043333333333,0.200258333333333,0.132833333333333,0.178278333333333,0.149786666666667,0.124833333333333,0.125043333333333,0.104453333333333,0.0923033333333333,0.0909316666666667,0.0705566666666667,0.0509316666666667,0.0519166666666667,0.042735,0.0335066666666667,0.03096,0.0264766666666667,0.0234266666666667,0.0228166666666667,0.0227733333333333,0.019415,0.0153833333333333,0.0159966666666667,0.013375,0.0127666666666667,0.00878,0.0124116666666667,0.00517833333333333,0.00464333333333333,0.00676,0.003635,0.00545833333333333,0.00123333333333333,0.00324666666666667,0.00229,0.00246333333333333,0.002575,0.00162333333333333,0.001555,0.000263333333333333,0.000416666666666667,0.000588333333333333,0.00106666666666667,0.000563333333333333,0.000443333333333333,0.000476666666666667,0.000511666666666667,0.000548333333333333,0.000585,0.000173333333333333,0,1,0,0,0,0,0,0,1,1,1,1,1,1,1,1,1,1,1,1,1,1,1,1,1,1,1,1,1,1,1,1,1,1,1,1,1,1,1,1,1,1,1,1,1,1,1,1,1,1,1,1,1,1,1,1,1,1,1,1,1,1,1,1,1,1,1,1,1,1,1,1,1,1,1,1,1,1,1,1,0
2026-07-22 16:00:00,195.734991766667,0,0,0,0,0,0,0.144958333333333,6.0586,19.8461883333333,28.2044866666667,24.3591616666667,22.7132733333333,24.04105,28.2008783333333,21.3577633333333,7.71002833333333,3.85510166666667,1.980015,1.31032166666667,1.02879833333333,0.95683,0.976075,0.728375,0.450401666666667,0.287115,0.216435,0.214838333333333,0.175391666666667,0.13084,0.143753333333333,0.125671666666667,0.13317,0.11768,0.102813333333333,0.106083333333333,0.086905,0.0773016666666667,0.0592683333333333,0.0554316666666667,0.04366,0.030315,0.0282716666666667,0.027475,0.0272983333333333,0.021645,0.01923,0.0179266666666667,0.017725,0.0172133333333333,0.0135183333333333,0.01397,0.00503666666666667,0.00901,0.00978333333333333,0.0108033333333333,0.0042,0.006105,0.00326833333333333,0.00412666666666667,0.00272,0.00440833333333333,0.005505,0.00239166666666667,0.00130833333333333,0.00196166666666667,0.00225833333333333,0.000708333333333333,0.00055,0,0.000761666666666667,0.00146666666666667,0.000425,0.000506666666666667,0.000543333333333333,0.000583333333333333,0.000626666666666667,0.00067,0.000196666666666667,0,1,0,0,0,0,0,0,1,1,1,1,1,1,1,1,1,1,1,1,1,1,1,1,1,1,1,1,1,1,1,1,1,1,1,1,1,1,1,1,1,1,1,1,1,1,1,1,1,1,1,1,1,1,1,1,1,1,1,1,1,1,1,1,1,1,1,1,1,1,1,1,1,1,1,1,1,1,1,1,0
2026-07-22 17:00:00,184.43383235,0,0,0,0,0,0,0.134205,5.81782333333333,19.05192,27.289995,23.524055,21.37078,22.112265,25.4444083333333,20.5771283333333,7.07915666666667,3.36574333333333,1.70665666666667,1.01295,0.827,0.72844,0.731811666666667,0.54962,0.328321666666667,0.233993333333333,0.167011666666667,0.158001666666667,0.132956666666667,0.106833333333333,0.115865,0.0957916666666667,0.0868183333333333,0.0815266666666667,0.0711033333333333,0.0753283333333333,0.07165,0.0529133333333333,0.0512433333333333,0.0406566666666667,0.033705,0.0327466666666667,0.0265816666666667,0.0221533333333333,0.022025,0.01665,0.0163116666666667,0.016905,0.015785,0.0122183333333333,0.00642333333333333,0.011825,0.00713166666666667,0.00725666666666667,0.00735,0.00849666666666667,0.00421,0.00280833333333333,0.00140666666666667,0.002975,0.00349333333333333,0.00213333333333333,0.0017,0.00162333333333333,0.00300166666666667,0.00165166666666667,0.00106333333333333,0.00127333333333333,0.000681666666666667,0.00166666666666667,0.00083,0,0.00013,0.00038,0.00041,0.00044,0.00047,0.0005,0.00015,0,1,0,0,0,0,0,0,1,1,1,1,1,1,1,1,1,1,1,1,1,1,1,1,1,1,1,1,1,1,1,1,1,1,1,1,1,1,1,1,1,1,1,1,1,1,1,1,1,1,1,1,1,1,1,1,1,1,1,1,1,1,1,1,1,1,1,1,1,1,1,1,1,1,1,1,1,1,1,1,0
2026-07-22 18:00:00,193.230051866667,0,0,0,0,0,0,0.13614,6.164485,20.4215433333333,28.7359066666667,24.588785,22.505455,23.3641366666667,26.9541916666667,20.417085,7.940225,3.56638166666667,1.76403,1.10362666666667,0.811828333333333,0.742855,0.682473333333333,0.523081666666667,0.3195,0.215696666666667,0.15866,0.152605,0.119693333333333,0.09361,0.10826,0.0950116666666667,0.0860516666666667,0.0783233333333333,0.0728383333333333,0.0685466666666667,0.0705683333333333,0.0643216666666667,0.0439583333333333,0.041795,0.02837,0.0341233333333333,0.0179116666666667,0.0218116666666667,0.0117033333333333,0.018465,0.0138083333333333,0.0169083333333333,0.0169033333333333,0.0145983333333333,0.0119883333333333,0.0097,0.00826833333333333,0.0101516666666667,0.00522833333333333,0.00589,0.00543,0.00504666666666667,0.00252,0.00496,0.002365,0.00294,0.00389166666666667,0.00288,0.00127,0.00169166666666667,0.002045,0.00223833333333333,0.001235,0.000241666666666667,0.000366666666666667,0.0004,0.000361666666666667,0.000316666666666667,0.00034,0.000365,0.000391666666666667,0.000418333333333333,0.000123333333333333,0,1,0,0,0,0,0,0,1,1,1,1,1,1,1,1,1,1,1,1,1,1,1,1,1,1,1,1,1,1,1,1,1,1,1,1,1,1,1,1,1,1,1,1,1,1,1,1,1,1,1,1,1,1,1,1,1,1,1,1,1,1,1,1,1,1,1,1,1,1,1,1,1,1,1,1,1,1,1,1,0
2026-07-22 19:00:00,214.5035935,0,0,0,0,0,0,0.169018333333333,7.101455,23.365415,32.2320833333333,27.791915,25.0091316666667,25.4291716666667,28.3019566666667,22.12173,10.1105933333333,4.341655,2.21244666666667,1.296435,0.940346666666667,0.802658333333333,0.791883333333333,0.630531666666667,0.396148333333333,0.251335,0.174938333333333,0.171368333333333,0.148431666666667,0.112243333333333,0.131193333333333,0.0868483333333333,0.0860683333333333,0.0803766666666667,0.0708783333333333,0.0766416666666667,0.0597266666666667,0.059465,0.0563816666666667,0.0475883333333333,0.0372733333333333,0.0308833333333333,0.0231883333333333,0.02321,0.0180516666666667,0.01703,0.0211516666666667,0.01604,0.0130516666666667,0.01172,0.00956833333333333,0.008875,0.00590333333333333,0.00617333333333333,0.00724666666666667,0.0102133333333333,0.005445,0.004675,0.00404166666666667,0.00429166666666667,0.003145,0.00232333333333333,0.00141,0.00218833333333333,0.00246333333333333,0.000461666666666667,0.000075,0.000576666666666667,0.000661666666666667,0.000435,0.00083,0.000826666666666667,0.000498333333333333,0.000253333333333333,0.000273333333333333,0.000293333333333333,0.000313333333333333,0.000333333333333333,0.0001,0,1,0,0,0,0,0,0,1,1,1,1,1,1,1,1,1,1,1,1,1,1,1,1,1,1,1,1,1,1,1,1,1,1,1,1,1,1,1,1,1,1,1,1,1,1,1,1,1,1,1,1,1,1,1,1,1,1,1,1,1,1,1,1,1,1,1,1,1,1,1,1,1,1,1,1,1,1,1,1,0
2026-07-22 20:00:00,223.532104533333,0,0,0,0,0,0,0.151193333333333,7.3812,24.4013783333333,33.68933,28.583455,25.1996316666667,24.9296083333333,27.07578,24.270085,12.2610583333333,4.92816833333333,2.47244666666667,1.39374833333333,1.01965333333333,0.96085,0.89182,0.753591666666667,0.49831,0.320636666666667,0.231048333333333,0.189896666666667,0.174406666666667,0.142615,0.124895,0.114121666666667,0.102821666666667,0.0895633333333333,0.07117,0.078525,0.0659733333333333,0.0553,0.0497183333333333,0.0356433333333333,0.0288166666666667,0.0267066666666667,0.0180833333333333,0.02253,0.0217883333333333,0.0223466666666667,0.01774,0.0195833333333333,0.012725,0.0118183333333333,0.0131983333333333,0.0144466666666667,0.00747333333333333,0.010785,0.00536833333333333,0.00853333333333333,0.00403,0.003985,0.001435,0.001745,0.00392333333333333,0.00336666666666667,0.00197,0.00267666666666667,0.00284833333333333,0.00138166666666667,0.00190666666666667,0.001405,0.000968333333333333,0.000223333333333333,0.000781666666666667,0.000653333333333333,0.00026,0.00076,0.000815,0.000875,0.00094,0.001005,0.000295,0,1,0,0,0,0,0,0,1,1,1,1,1,1,1,1,1,1,1,1,1,1,1,1,1,1,1,1,1,1,1,1,1,1,1,1,1,1,1,1,1,1,1,1,1,1,1,1,1,1,1,1,1,1,1,1,1,1,1,1,1,1,1,1,1,1,1,1,1,1,1,1,1,1,1,1,1,1,1,1,0
2026-07-22 21:00:00,252.393600633333,0,0,0,0,0,0,0.185356666666667,8.19321833333333,27.7843883333333,38.309565,32.3922716666667,28.3707933333333,27.5859083333333,29.799785,27.750125,14.0958466666667,5.54504333333333,2.77739833333333,1.62315833333333,1.17186833333333,1.06088833333333,0.999931666666667,0.831471666666667,0.520363333333333,0.360841666666667,0.232775,0.215073333333333,0.180731666666667,0.160048333333333,0.159598333333333,0.11526,0.123986666666667,0.0921866666666667,0.0923433333333333,0.0822816666666667,0.0824766666666667,0.06097,0.0530433333333333,0.0411866666666667,0.031395,0.0337183333333333,0.0328416666666667,0.026045,0.023995,0.0171216666666667,0.0283466666666667,0.01646,0.01323,0.0161216666666667,0.009095,0.0130883333333333,0.0117333333333333,0.00826166666666667,0.00979166666666667,0.00420833333333333,0.005235,0.00467333333333333,0.004095,0.00484,0.00339333333333333,0.00422,0.00292166666666667,0.00261333333333333,0.000885,0.00119166666666667,0.00162333333333333,0.000846666666666667,0.00055,0.00105666666666667,0.00226833333333333,0.000413333333333333,0.000195,0.00057,0.000611666666666667,0.000656666666666667,0.000705,0.000753333333333333,0.000221666666666667,0,1,0,0,0,0,0,0,1,1,1,1,1,1,1,1,1,1,1,1,1,1,1,1,1,1,1,1,1,1,1,1,1,1,1,1,1,1,1,1,1,1,1,1,1,1,1,1,1,1,1,1,1,1,1,1,1,1,1,1,1,1,1,1,1,1,1,1,1,1,1,1,1,1,1,1,1,1,1,1,0
2026-07-22 22:00:00,210.84604715,0,0,0,0,0,0,0.114575,5.21817166666667,18.1575766666667,27.4562383333333,25.4796466666667,24.4305833333333,25.69129,29.380235,27.5281366666667,10.4773683333333,5.18507666666667,2.65258166666667,1.64989833333333,1.27426833333333,1.11572833333333,1.06986166666667,0.914418333333333,0.539328333333333,0.357276666666667,0.255278333333333,0.224845,0.206741666666667,0.174866666666667,0.174615,0.138185,0.143703333333333,0.122026666666667,0.113006666666667,0.115821666666667,0.0989683333333333,0.0799383333333333,0.07624,0.05274,0.0458266666666667,0.038895,0.03372,0.0295216666666667,0.0255183333333333,0.0294916666666667,0.0231833333333333,0.0184333333333333,0.0174683333333333,0.0108433333333333,0.0107633333333333,0.0143,0.009225,0.010085,0.009475,0.00848666666666667,0.00579166666666667,0.00458666666666667,0.00452833333333333,0.0045,0.00346833333333333,0.00270166666666667,0.00316,0.000526666666666667,0.000385,0.00130666666666667,0.00154833333333333,0.000978333333333333,0.00247,0.00234333333333333,0.00161166666666667,0.00122666666666667,0.000795,0.00038,0.00041,0.00044,0.00047,0.0005,0.00015,0,1,0,0,0,0,0,0,1,1,1,1,1,1,1,1,1,1,1,1,1,1,1,1,1,1,1,1,1,1,1,1,1,1,1,1,1,1,1,1,1,1,1,1,1,1,1,1,1,1,1,1,1,1,1,1,1,1,1,1,1,1,1,1,1,1,1,1,1,1,1,1,1,1,1,1,1,1,1,1,0
2026-07-22 23:00:00,205.770726016667,0,0,0,0,0,0,0.105,5.05754833333333,17.5667366666667,26.4984216666667,25.1755916666667,23.7272116666667,24.885235,27.4170783333333,28.1821183333333,10.83009,4.999115,2.54613166666667,1.57143333333333,1.16265333333333,1.00710333333333,0.983531666666667,0.868513333333333,0.493838333333333,0.328315,0.223571666666667,0.201513333333333,0.191288333333333,0.158041666666667,0.16167,0.135488333333333,0.121698333333333,0.11649,0.111626666666667,0.0998466666666667,0.080195,0.069015,0.0638283333333333,0.0562466666666667,0.03011,0.0318383333333333,0.025315,0.02281,0.02091,0.021275,0.0166,0.0178033333333333,0.012975,0.0171533333333333,0.00926666666666667,0.00894166666666667,0.009525,0.00810833333333333,0.00414666666666667,0.00667333333333333,0.00690333333333333,0.00458833333333333,0.00455333333333333,0.00291166666666667,0.00196,0.00459833333333333,0.00297,0.00168666666666667,0.00219333333333333,0.00157833333333333,0.000571666666666667,0.00042,0.001215,0.000453333333333333,0.000173333333333333,0.00148,0.0000433333333333333,0.000126666666666667,0.000136666666666667,0.000146666666666667,0.000156666666666667,0.000166666666666667,0.00005,0,1,0,0,0,0,0,0,1,1,1,1,1,1,1,1,1,1,1,1,1,1,1,1,1,1,1,1,1,1,1,1,1,1,1,1,1,1,1,1,1,1,1,1,1,1,1,1,1,1,1,1,1,1,1,1,1,1,1,1,1,1,1,1,1,1,1,1,1,1,1,1,1,1,1,1,1,1,1,1,0
2026-07-23,197.48952785,0,0,0,0,0,0,0.105966666666667,5.013385,17.0752966666667,24.7598033333333,23.6440716666667,22.3345633333333,23.9030716666667,26.246225,27.1388966666667,10.482305,4.70468166666667,2.459165,1.45713666666667,1.09266333333333,0.959383333333333,0.880255,0.80349,0.478995,0.315071666666667,0.19362,0.178796666666667,0.170848333333333,0.138126666666667,0.137175,0.120778333333333,0.123726666666667,0.103255,0.09694,0.086435,0.0767366666666667,0.0689866666666667,0.0543066666666667,0.0533166666666667,0.0334433333333333,0.028575,0.019345,0.0192533333333333,0.019665,0.0203283333333333,0.0122666666666667,0.0123716666666667,0.0111266666666667,0.0139666666666667,0.00517333333333333,0.00379833333333333,0.00720166666666667,0.00471333333333333,0.005995,0.003145,0.005325,0.00324,0.00260666666666667,0.001865,0.002465,0.00317666666666667,0.000985,0.00133833333333333,0.000808333333333333,0.000846666666666667,0.000075,0,0.001235,0.000851666666666667,0.000173333333333333,0.00024,0.000065,0.00019,0.000205,0.00022,0.000235,0.00025,0.000075,0,1,0,0,0,0,0,0,1,1,1,1,1,1,1,1,1,1,1,1,1,1,1,1,1,1,1,1,1,1,1,1,1,1,1,1,1,1,1,1,1,1,1,1,1,1,1,1,1,1,1,1,1,1,1,1,1,1,1,1,1,1,1,1,1,1,1,1,1,1,1,1,1,1,1,1,1,1,1,1,0
2026-07-23 01:00:00,199.33238475,0,0,0,0,0,0,0.111378333333333,5.121795,17.3174166666667,25.02139,23.32958,22.252395,23.917195,26.852085,28.730205,11.091365,5.08706166666667,2.66433833333333,1.59951833333333,1.23318666666667,1.047715,1.02091833333333,0.9023,0.497563333333333,0.349253333333333,0.230436666666667,0.188048333333333,0.163361666666667,0.141743333333333,0.142886666666667,0.124381666666667,0.118205,0.104166666666667,0.0952433333333333,0.0820066666666667,0.0689416666666667,0.0638466666666667,0.0495466666666667,0.04227,0.0280633333333333,0.0271416666666667,0.0217333333333333,0.014965,0.0227166666666667,0.0152666666666667,0.00958666666666667,0.0130283333333333,0.00688666666666667,0.00519333333333333,0.00604666666666667,0.00885333333333333,0.00840833333333333,0.00449,0.00473666666666667,0.00377833333333333,0.00325666666666667,0.00579166666666667,0.00452833333333333,0.00276666666666667,0.003495,0.00213333333333333,0.00159833333333333,0.000526666666666667,0.000846666666666667,0.000346666666666667,0.00134,0.00084,0,0.00064,0.000608333333333333,0.000413333333333333,0.000065,0.00019,0.000205,0.00022,0.000235,0.00025,0.000075,0,1,0,0,0,0,0,0,1,1,1,1,1,1,1,1,1,1,1,1,1,1,1,1,1,1,1,1,1,1,1,1,1,1,1,1,1,1,1,1,1,1,1,1,1,1,1,1,1,1,1,1,1,1,1,1,1,1,1,1,1,1,1,1,1,1,1,1,1,1,1,1,1,1,1,1,1,1,1,1,0
2026-07-23 02:00:00,196.00451435,0,0,0,0,0,0,0.125955,4.79374,16.3180766666667,23.5499533333333,22.1690916666667,21.0949866666667,22.907335,26.622145,29.8559483333333,11.28354,5.44785,2.92393833333333,1.777385,1.373105,1.19988833333333,1.18055833333333,1.06056833333333,0.56299,0.350826666666667,0.218141666666667,0.189613333333333,0.183511666666667,0.15391,0.124425,0.120525,0.116988333333333,0.0989716666666667,0.0945583333333333,0.0917016666666667,0.070415,0.06402,0.04313,0.0438983333333333,0.0268733333333333,0.02671,0.01984,0.0155616666666667,0.0154383333333333,0.0149766666666667,0.00903666666666667,0.0112783333333333,0.00773666666666667,0.00631666666666667,0.00735833333333333,0.008485,0.00840833333333333,0.00460666666666667,0.00665666666666667,0.00134,0.00223166666666667,0.002035,0.00346333333333333,0.00433833333333333,0.000426666666666667,0.00317666666666667,0.000661666666666667,0.000425,0.000385,0.000461666666666667,0.000421666666666667,0,0.000418333333333333,0,0.00083,0.000826666666666667,0.000455,0.000126666666666667,0.000136666666666667,0.000146666666666667,0.000156666666666667,0.000166666666666667,0.00005,0,1,0,0,0,0,0,0,1,1,1,1,1,1,1,1,1,1,1,1,1,1,1,1,1,1,1,1,1,1,1,1,1,1,1,1,1,1,1,1,1,1,1,1,1,1,1,1,1,1,1,1,1,1,1,1,1,1,1,1,1,1,1,1,1,1,1,1,1,1,1,1,1,1,1,1,1,1,1,1,0
2026-07-23 03:00:00,187.34496265,0,0,0,0,0,0,0.0995533333333333,4.43393666666667,15.1420333333333,22.2455133333333,20.852795,19.5406666666667,21.56701,24.8468483333333,29.0895,11.3231433333333,5.56707166666667,2.95621833333333,1.78253,1.384445,1.21149666666667,1.17485333333333,1.044445,0.610258333333333,0.342421666666667,0.223753333333333,0.17928,0.165746666666667,0.134605,0.129081666666667,0.12232,0.121151666666667,0.0990183333333333,0.095695,0.0919783333333333,0.0825416666666667,0.067185,0.0492816666666667,0.0452583333333333,0.02562,0.0213566666666667,0.0220633333333333,0.0136483333333333,0.013415,0.0108116666666667,0.01301,0.0101183333333333,0.0108416666666667,0.008405,0.00422666666666667,0.00687666666666667,0.00540166666666667,0.00645,0.00307333333333333,0.00138333333333333,0.00258,0.00103166666666667,0.00272166666666667,0.00157,0.000251666666666667,0,0.000425,0,0.000423333333333333,0,0,0.00042,0.000418333333333333,0,0,0,0.0000433333333333333,0.000126666666666667,0.000136666666666667,0.000146666666666667,0.000156666666666667,0.000166666666666667,0.00005,0,1,0,0,0,0,0,0,1,1,1,1,1,1,1,1,1,1,1,1,1,1,1,1,1,1,1,1,1,1,1,1,1,1,1,1,1,1,1,1,1,1,1,1,1,1,1,1,1,1,1,1,1,1,1,1,1,1,1,1,1,1,1,1,1,1,1,1,1,1,1,1,1,1,1,1,1,1,1,1,0
2026-07-23 04:00:00,193.558706633333,0,0,0,0,0,0,0.070765,3.83922333333333,13.0721816666667,19.5496633333333,18.6920966666667,18.2961366666667,21.36952,25.7494883333333,32.4874116666667,13.45143,7.68895666666667,4.33763833333333,2.80449666666667,2.31029666666667,2.09904666666667,2.151885,2.03121833333333,1.04991,0.652495,0.383468333333333,0.293293333333333,0.255688333333333,0.203303333333333,0.200413333333333,0.184958333333333,0.181481666666667,0.155066666666667,0.147865,0.1291,0.110955,0.0920933333333333,0.0785116666666667,0.0606916666666667,0.040605,0.03372,0.025065,0.0211783333333333,0.0192083333333333,0.0170116666666667,0.0163316666666667,0.01264,0.00837166666666667,0.00919,0.00729833333333333,0.005595,0.00373666666666667,0.00417666666666667,0.00141666666666667,0.00300333333333333,0.00276833333333333,0.00197833333333333,0.001375,0.00231666666666667,0.000678333333333333,0.00170666666666667,0.00277166666666667,0.00059,0.0000383333333333333,0.00119333333333333,0.000918333333333333,0,0,0.00064,0.000608333333333333,0,0.0000433333333333333,0.000126666666666667,0.000136666666666667,0.000146666666666667,0.000156666666666667,0.000166666666666667,0.00005,0,1,0,0,0,0,0,0,1,1,1,1,1,1,1,1,1,1,1,1,1,1,1,1,1,1,1,1,1,1,1,1,1,1,1,1,1,1,1,1,1,1,1,1,1,1,1,1,1,1,1,1,1,1,1,1,1,1,1,1,1,1,1,1,1,1,1,1,1,1,1,1,1,1,1,1,1,1,1,1,0
2026-07-23 05:00:00,168.472968,0,0,0,0,0,0,0.0651933333333333,2.95716333333333,10.606455,16.1598833333333,15.59045,15.4444733333333,17.6018983333333,21.4419166666667,26.339355,13.07485,7.076475,4.28109,2.82616333333333,2.30357833333333,2.17172833333333,2.25313833333333,2.16977666666667,1.28420666666667,0.825526666666667,0.548956666666667,0.405578333333333,0.380843333333333,0.313576666666667,0.313078333333333,0.274045,0.229193333333333,0.213803333333333,0.181905,0.16623,0.149348333333333,0.128321666666667,0.104951666666667,0.07043,0.048965,0.0364766666666667,0.03433,0.0332483333333333,0.01743,0.0165533333333333,0.0135533333333333,0.014745,0.0133166666666667,0.00969833333333333,0.00859333333333333,0.012955,0.00127666666666667,0.00281166666666667,0.00426166666666667,0.004905,0.002685,0.000601666666666667,0.001545,0.00120666666666667,0.00135833333333333,0.00128,0.00362166666666667,0.000628333333333333,0.000808333333333333,0.0000383333333333333,0.001265,0,0.000418333333333333,0.000833333333333333,0.000173333333333333,0.000653333333333333,0.0000216666666666667,0.0000633333333333333,0.0000683333333333333,0.0000733333333333333,0.0000783333333333333,0.0000833333333333333,0.000025,0,1,0,0,0,0,0,0,1,1,1,1,1,1,1,1,1,1,1,1,1,1,1,1,1,1,1,1,1,1,1,1,1,1,1,1,1,1,1,1,1,1,1,1,1,1,1,1,1,1,1,1,1,1,1,1,1,1,1,1,1,1,1,1,1,1,1,1,1,1,1,1,1,1,1,1,1,1,1,1,0
2026-07-23 06:00:00,164.1956871,0,0,0,0,0,0,0.0473433333333333,2.34681666666667,8.53826833333333,13.5639583333333,14.164945,14.581465,17.5685333333333,21.9877083333333,27.7302833333333,15.3738483333333,7.41106833333333,4.36543666666667,2.74278166666667,2.15566833333333,1.87543166666667,1.94528,1.94593,1.22099166666667,0.801858333333333,0.480678333333333,0.39771,0.368293333333333,0.318016666666667,0.273483333333333,0.237358333333333,0.198198333333333,0.177395,0.162605,0.122606666666667,0.119791666666667,0.0877833333333333,0.06721,0.0471333333333333,0.03454,0.0361066666666667,0.0202383333333333,0.0182183333333333,0.013975,0.0164033333333333,0.011775,0.010345,0.0112166666666667,0.011205,0.00769333333333333,0.00555333333333333,0.00499,0.00494666666666667,0.00449,0.00222833333333333,0.00357333333333333,0.00315333333333333,0.002235,0.001625,0.00110666666666667,0.00213333333333333,0.000323333333333333,0.000526666666666667,0.00123333333333333,0.0000383333333333333,0.000283333333333333,0.000558333333333333,0,0.00105666666666667,0.000608333333333333,0,0.0000866666666666667,0.000253333333333333,0.000273333333333333,0.000293333333333333,0.000313333333333333,0.000333333333333333,0.0001,0,1,0,0,0,0,0,0,1,1,1,1,1,1,1,1,1,1,1,1,1,1,1,1,1,1,1,1,1,1,1,1,1,1,1,1,1,1,1,1,1,1,1,1,1,1,1,1,1,1,1,1,1,1,1,1,1,1,1,1,1,1,1,1,1,1,1,1,1,1,1,1,1,1,1,1,1,1,1,1,0
2026-07-23 07:00:00,159.622660566667,0,0,0,0,0,0,0.067085,3.01740666666667,10.5205733333333,16.6277133333333,17.211955,17.807935,20.3105783333333,24.5024683333333,23.6382416666667,9.53854,4.713185,2.49130333333333,1.50195666666667,1.15621166666667,1.07920833333333,1.06322666666667,0.940801666666667,0.561511666666667,0.39023,0.282641666666667,0.245981666666667,0.226706666666667,0.19555,0.194171666666667,0.164448333333333,0.173003333333333,0.14245,0.120166666666667,0.104856666666667,0.101976666666667,0.0749866666666667,0.0519733333333333,0.051555,0.0375066666666667,0.0287933333333333,0.0230366666666667,0.0223783333333333,0.0192066666666667,0.0168766666666667,0.0140983333333333,0.00722333333333333,0.0123016666666667,0.00603333333333333,0.00866333333333333,0.00835666666666667,0.00802333333333333,0.00641666666666667,0.00701666666666667,0.00376,0.006315,0.00326833333333333,0.00341166666666667,0.00157,0.00153333333333333,0.00147,0.000985,0.00222666666666667,0.00284833333333333,0.000538333333333333,0.00154833333333333,0.000978333333333333,0.001235,0.000435,0.000588333333333333,0.00106666666666667,0.000193333333333333,0.000568333333333333,0.000613333333333333,0.000658333333333333,0.000705,0.000751666666666667,0.000223333333333333,0,1,0,0,0,0,0,0,1,1,1,1,1,1,1,1,1,1,1,1,1,1,1,1,1,1,1,1,1,1,1,1,1,1,1,1,1,1,1,1,1,1,1,1,1,1,1,1,1,1,1,1,1,1,1,1,1,1,1,1,1,1,1,1,1,1,1,1,1,1,1,1,1,1,1,1,1,1,1,1,0
2026-07-23 08:00:00,178.017159466667,0,0,0,0,0,0,0.0865533333333333,3.778085,13.01838,19.4963916666667,19.6427916666667,19.750775,22.5500433333333,28.5489,22.3542783333333,9.02865,5.39535833333333,2.98870166666667,2.01302333333333,1.70584833333333,1.56631833333333,1.62650666666667,1.14951333333333,0.668118333333333,0.434965,0.302596666666667,0.258095,0.261475,0.19214,0.20007,0.155726666666667,0.187878333333333,0.135701666666667,0.126706666666667,0.109428333333333,0.0921966666666667,0.0849516666666667,0.0652666666666667,0.0504383333333333,0.0429933333333333,0.030755,0.02526,0.0234266666666667,0.0201116666666667,0.015755,0.01461,0.0105466666666667,0.0128466666666667,0.0120733333333333,0.01005,0.00718333333333333,0.00419333333333333,0.008285,0.00412833333333333,0.00557333333333333,0.00344166666666667,0.00699833333333333,0.00298333333333333,0.00114166666666667,0.00196166666666667,0.00298666666666667,0.00245,0.00137666666666667,0.00123166666666667,0.00115333333333333,0.002685,0.00112333333333333,0.000948333333333333,0.000435,0.001245,0.000826666666666667,0.0000433333333333333,0.000126666666666667,0.000136666666666667,0.000146666666666667,0.000156666666666667,0.000166666666666667,0.00005,0,1,0,0,0,0,0,0,1,1,1,1,1,1,1,1,1,1,1,1,1,1,1,1,1,1,1,1,1,1,1,1,1,1,1,1,1,1,1,1,1,1,1,1,1,1,1,1,1,1,1,1,1,1,1,1,1,1,1,1,1,1,1,1,1,1,1,1,1,1,1,1,1,1,1,1,1,1,1,1,0
2026-07-23 09:00:00,174.816375283333,0,0,0,0,0,0,0.0987766666666667,4.30170333333333,14.5584366666667,21.4582766666667,20.8954133333333,20.440955,22.26855,26.895955,19.0552183333333,7.55177833333333,4.4205,2.41257166666667,1.62171333333333,1.31620333333333,1.24885,1.36817166666667,0.951858333333333,0.60088,0.383836666666667,0.269553333333333,0.250503333333333,0.239008333333333,0.161406666666667,0.19159,0.147963333333333,0.155673333333333,0.12552,0.119118333333333,0.0991216666666667,0.0842783333333333,0.0753366666666667,0.0708866666666667,0.04086,0.03973,0.0297833333333333,0.0276933333333333,0.020535,0.0125733333333333,0.0139466666666667,0.0174566666666667,0.0119866666666667,0.01511,0.0111083333333333,0.0100416666666667,0.009655,0.00884166666666667,0.00551833333333333,0.00752,0.00463333333333333,0.00502333333333333,0.00318166666666667,0.00441166666666667,0.00219666666666667,0.00341833333333333,0.00123333333333333,0.00261833333333333,0.002455,0.00134666666666667,0.001885,0.000508333333333333,0.001555,0.000681666666666667,0.000833333333333333,0,0,0.000498333333333333,0.000253333333333333,0.000273333333333333,0.000293333333333333,0.000313333333333333,0.000333333333333333,0.0001,0,1,0,0,0,0,0,0,1,1,1,1,1,1,1,1,1,1,1,1,1,1,1,1,1,1,1,1,1,1,1,1,1,1,1,1,1,1,1,1,1,1,1,1,1,1,1,1,1,1,1,1,1,1,1,1,1,1,1,1,1,1,1,1,1,1,1,1,1,1,1,1,1,1,1,1,1,1,1,1,0
2026-07-23 10:00:00,170.918711866667,0,0,0,0,0,0,0.0692216666666667,3.58698833333333,12.313575,19.5895183333333,19.86581,20.5974883333333,23.07984,28.6996233333333,17.783045,7.78734833333333,4.6114,2.531245,1.80098333333333,1.51657,1.44435833333333,1.53288166666667,1.030925,0.667138333333333,0.42068,0.308603333333333,0.278445,0.250368333333333,0.208055,0.212488333333333,0.163761666666667,0.197303333333333,0.137908333333333,0.129208333333333,0.124553333333333,0.119351666666667,0.096355,0.08028,0.0607083333333333,0.048655,0.03808,0.02325,0.0247366666666667,0.0205666666666667,0.018965,0.017885,0.0177733333333333,0.0136433333333333,0.0146933333333333,0.0107866666666667,0.008795,0.009205,0.00791166666666667,0.00489333333333333,0.00636333333333333,0.00561166666666667,0.00241,0.00404333333333333,0.00446,0.00399833333333333,0.00317666666666667,0.00226,0.00133833333333333,0.002155,0.00126833333333333,0.00154833333333333,0.000426666666666667,0.00136666666666667,0.000435,0.000588333333333333,0.00024,0.000628333333333333,0.000633333333333333,0.000681666666666667,0.000731666666666667,0.000783333333333333,0.000835,0.000248333333333333,0,1,0,0,0,0,0,0,1,1,1,1,1,1,1,1,1,1,1,1,1,1,1,1,1,1,1,1,1,1,1,1,1,1,1,1,1,1,1,1,1,1,1,1,1,1,1,1,1,1,1,1,1,1,1,1,1,1,1,1,1,1,1,1,1,1,1,1,1,1,1,1,1,1,1,1,1,1,1,1,0
2026-07-23 11:00:00,151.458587183333,0,0,0,0,0,0,0.072145,2.93673333333333,10.15468,17.4158383333333,19.08112,20.1880316666667,21.8354866666667,25.659305,15.0746766666667,5.82262666666667,3.212825,1.71314166666667,1.112645,0.915223333333333,0.843821666666667,0.86364,0.652455,0.45072,0.308798333333333,0.2506,0.26061,0.239685,0.19764,0.217868333333333,0.153141666666667,0.198016666666667,0.167428333333333,0.139453333333333,0.132745,0.109256666666667,0.103616666666667,0.0807,0.0677616666666667,0.0499166666666667,0.0415966666666667,0.0346266666666667,0.0240583333333333,0.0170216666666667,0.0228533333333333,0.01785,0.0132233333333333,0.0103316666666667,0.0138733333333333,0.010575,0.00988833333333333,0.00665333333333333,0.00554166666666667,0.00642,0.00512333333333333,0.00647333333333333,0.00630666666666667,0.0045,0.00331666666666667,0.00374666666666667,0.00204,0.00456833333333333,0.00345,0.002655,0.000385,0.000918333333333333,0.001705,0.00121166666666667,0.001075,0.000608333333333333,0.000413333333333333,0.00182,0.000506666666666667,0.000545,0.000585,0.000626666666666667,0.000668333333333333,0.000198333333333333,0,1,0,0,0,0,0,0,1,1,1,1,1,1,1,1,1,1,1,1,1,1,1,1,1,1,1,1,1,1,1,1,1,1,1,1,1,1,1,1,1,1,1,1,1,1,1,1,1,1,1,1,1,1,1,1,1,1,1,1,1,1,1,1,1,1,1,1,1,1,1,1,1,1,1,1,1,1,1,1,0
2026-07-23 12:00:00,116.8507589,0,0,0,0,0,0,0.0480166666666667,2.28189166666667,8.08413333333333,13.8949533333333,14.666975,14.723725,15.5519233333333,17.99297,12.38793,5.73638333333333,2.96489,1.674725,1.068855,0.804353333333333,0.789528333333333,0.835585,0.700556666666667,0.489058333333333,0.35214,0.272986666666667,0.251733333333333,0.222715,0.180966666666667,0.203,0.145176666666667,0.164673333333333,0.12602,0.106885,0.0925383333333333,0.08371,0.0701683333333333,0.0609783333333333,0.0460383333333333,0.0371866666666667,0.0341633333333333,0.0244016666666667,0.0188,0.0169333333333333,0.0164233333333333,0.013345,0.0133733333333333,0.0108366666666667,0.01079,0.0106316666666667,0.00811666666666667,0.00884333333333333,0.00526166666666667,0.00524666666666667,0.00693833333333333,0.00771,0.00412833333333333,0.006355,0.002735,0.003415,0.00208666666666667,0.00442,0.00328,0.00127,0.00119333333333333,0.00134666666666667,0.001255,0.00247,0.00170333333333333,0.00083,0,0.000585,0.000506666666666667,0.000546666666666667,0.000586666666666667,0.000626666666666667,0.000666666666666667,0.0002,0,1,0,0,0,0,0,0,1,1,1,1,1,1,1,1,1,1,1,1,1,1,1,1,1,1,1,1,1,1,1,1,1,1,1,1,1,1,1,1,1,1,1,1,1,1,1,1,1,1,1,1,1,1,1,1,1,1,1,1,1,1,1,1,1,1,1,1,1,1,1,1,1,1,1,1,1,1,1,1,0
2026-07-23 13:00:00,89.91805025,0,0,0,0,0,0,0.05191,1.95679333333333,7.300545,12.11761,11.9288133333333,11.1970233333333,10.9765983333333,12.28463,9.40386166666667,4.50590166666667,2.04082666666667,1.158315,0.665618333333333,0.541521666666667,0.468426666666667,0.522276666666667,0.439218333333333,0.320228333333333,0.204381666666667,0.148106666666667,0.147216666666667,0.12945,0.111466666666667,0.117846666666667,0.101448333333333,0.111951666666667,0.0796266666666667,0.0771916666666667,0.06872,0.061015,0.0387816666666667,0.0407316666666667,0.0381466666666667,0.0225433333333333,0.0188333333333333,0.01511,0.0115516666666667,0.0135366666666667,0.0101616666666667,0.00691166666666667,0.00527666666666667,0.008335,0.00639166666666667,0.00677,0.00214833333333333,0.00250666666666667,0.003045,0.004395,0.00450833333333333,0.00322166666666667,0.003985,0.00438333333333333,0.001625,0.00367166666666667,0.00104166666666667,0.00130833333333333,0.00059,0.000461666666666667,0.00126666666666667,0.000421666666666667,0.00168,0.000398333333333333,0.000658333333333333,0.00143833333333333,0.000413333333333333,0.000975,0.000443333333333333,0.000476666666666667,0.000511666666666667,0.000548333333333333,0.000585,0.000173333333333333,0,1,0,0,0,0,0,0,1,1,1,1,1,1,1,1,1,1,1,1,1,1,1,1,1,1,1,1,1,1,1,1,1,1,1,1,1,1,1,1,1,1,1,1,1,1,1,1,1,1,1,1,1,1,1,1,1,1,1,1,1,1,1,1,1,1,1,1,1,1,1,1,1,1,1,1,1,1,1,1,0
2026-07-23 14:00:00,97.65695225,0,0,0,0,0,0,0.0466333333333333,2.09519,7.78408833333333,12.88709,12.3286866666667,11.1544416666667,11.0635783333333,12.22551,10.8230366666667,6.162555,2.72506333333333,1.58687,0.92267,0.726941666666667,0.65653,0.669295,0.609083333333333,0.419068333333333,0.23322,0.163213333333333,0.147898333333333,0.137206666666667,0.105498333333333,0.116365,0.0759633333333333,0.100385,0.0759066666666667,0.0709016666666667,0.06975,0.0646433333333333,0.0492983333333333,0.029965,0.0288533333333333,0.02875,0.024755,0.0212383333333333,0.0129066666666667,0.014345,0.0167666666666667,0.008925,0.00881166666666667,0.00690666666666667,0.00909,0.00743833333333333,0.00891666666666667,0.00629,0.00651166666666667,0.00376666666666667,0.005195,0.00586,0.00289666666666667,0.00203333333333333,0.00277666666666667,0.00289166666666667,0.00478833333333333,0.002255,0.001015,0.001655,0.00295666666666667,0.00218333333333333,0.00183666666666667,0.00149833333333333,0.00149166666666667,0.00102333333333333,0.000826666666666667,0.000411666666666667,0.00120333333333333,0.001295,0.00139,0.00148833333333333,0.00158666666666667,0.000471666666666667,0,1,0,0,0,0,0,0,1,1,1,1,1,1,1,1,1,1,1,1,1,1,1,1,1,1,1,1,1,1,1,1,1,1,1,1,1,1,1,1,1,1,1,1,1,1,1,1,1,1,1,1,1,1,1,1,1,1,1,1,1,1,1,1,1,1,1,1,1,1,1,1,1,1,1,1,1,1,1,1,0
2026-07-23 15:00:00,126.1751385,0,0,0,0,0,0,0.0625983333333333,2.748655,10.0031033333333,15.89007,14.8520266666667,13.3725583333333,13.807225,15.5837066666667,15.3713616666667,10.0633766666667,4.23489333333333,2.44768166666667,1.41331166666667,1.07988666666667,1.03202166666667,0.98217,0.899756666666667,0.644638333333333,0.336313333333333,0.22086,0.177673333333333,0.150751666666667,0.117953333333333,0.132416666666667,0.11884,0.101101666666667,0.0932316666666667,0.07434,0.073985,0.0566083333333333,0.0498683333333333,0.0414983333333333,0.0339983333333333,0.0244483333333333,0.023215,0.0191666666666667,0.01426,0.0148833333333333,0.0130866666666667,0.0106033333333333,0.00859833333333333,0.0100066666666667,0.00656666666666667,0.006955,0.00933166666666667,0.00581,0.00475166666666667,0.00826333333333333,0.00729833333333333,0.00404833333333333,0.00372833333333333,0.00160333333333333,0.000888333333333333,0.00221333333333333,0.00147,0.001835,0.00381166666666667,0.001385,0.000423333333333333,0.002115,0.00183166666666667,0.00191666666666667,0.000851666666666667,0,0.00130666666666667,0.00136666666666667,0.00057,0.000611666666666667,0.000656666666666667,0.000705,0.000753333333333333,0.000221666666666667,0,1,0,0,0,0,0,0,1,1,1,1,1,1,1,1,1,1,1,1,1,1,1,1,1,1,1,1,1,1,1,1,1,1,1,1,1,1,1,1,1,1,1,1,1,1,1,1,1,1,1,1,1,1,1,1,1,1,1,1,1,1,1,1,1,1,1,1,1,1,1,1,1,1,1,1,1,1,1,1,0
2026-07-23 16:00:00,140.133639716667,0,0,0,0,0,0,0.0982233333333333,3.83578666666667,12.8722966666667,18.956025,16.712345,14.93671,14.8291266666667,16.43472,16.213125,10.23857,4.41455333333333,2.532955,1.47901166666667,1.17542833333333,1.03472,0.993905,0.962275,0.638686666666667,0.365375,0.21691,0.174288333333333,0.153826666666667,0.131446666666667,0.13672,0.0878033333333333,0.104786666666667,0.0743133333333333,0.06598,0.0647183333333333,0.0545383333333333,0.0492166666666667,0.036215,0.0254233333333333,0.0213433333333333,0.0185416666666667,0.01745,0.01316,0.0116066666666667,0.00827,0.00987333333333333,0.0110716666666667,0.00770333333333333,0.007535,0.00803166666666667,0.00427333333333333,0.00628666666666667,0.00417666666666667,0.00441,0.00644166666666667,0.00499666666666667,0.004415,0.00229333333333333,0.00209833333333333,0.00271666666666667,0.00185,0.00145833333333333,0.00265166666666667,0.000808333333333333,0.00046,0.001265,0.00042,0.000816666666666667,0.00126833333333333,0.00100333333333333,0.000653333333333333,0.000151666666666667,0.000443333333333333,0.000478333333333333,0.000513333333333333,0.000548333333333333,0.000583333333333333,0.000175,0,1,0,0,0,0,0,0,1,1,1,1,1,1,1,1,1,1,1,1,1,1,1,1,1,1,1,1,1,1,1,1,1,1,1,1,1,1,1,1,1,1,1,1,1,1,1,1,1,1,1,1,1,1,1,1,1,1,1,1,1,1,1,1,1,1,1,1,1,1,1,1,1,1,1,1,1,1,1,1,0
2026-07-23 17:00:00,116.943907883333,0,0,0,0,0,0,0.0633133333333333,2.68932833333333,9.262395,13.9808916666667,12.8379566666667,11.867975,12.36682,14.54995,14.1649266666667,9.380825,4.31963,2.59935333333333,1.508745,1.15954,1.05704333333333,1.02285166666667,0.942588333333333,0.636878333333333,0.367985,0.219173333333333,0.170081666666667,0.13631,0.10831,0.124776666666667,0.0799016666666667,0.0962416666666667,0.0815,0.0706833333333333,0.0630333333333333,0.05102,0.0492366666666667,0.032815,0.0350416666666667,0.0223333333333333,0.0210166666666667,0.0193866666666667,0.017015,0.0114233333333333,0.01489,0.0127783333333333,0.0128,0.009225,0.010445,0.00734333333333333,0.00629333333333333,0.00635833333333333,0.00406166666666667,0.005785,0.00347,0.00583333333333333,0.00283833333333333,0.00266166666666667,0.004205,0.00221,0.00336666666666667,0.00122166666666667,0.002575,0.00173,0.00122833333333333,0.00134,0,0.000816666666666667,0.000851666666666667,0.001245,0.000573333333333333,0.001185,0.000316666666666667,0.00034,0.000365,0.000391666666666667,0.000418333333333333,0.000123333333333333,0,1,0,0,0,0,0,0,1,1,1,1,1,1,1,1,1,1,1,1,1,1,1,1,1,1,1,1,1,1,1,1,1,1,1,1,1,1,1,1,1,1,1,1,1,1,1,1,1,1,1,1,1,1,1,1,1,1,1,1,1,1,1,1,1,1,1,1,1,1,1,1,1,1,1,1,1,1,1,1,0
2026-07-23 18:00:00,110.963476183333,0,0,0,0,0,0,0.0480083333333333,2.10503166666667,7.93437833333333,12.0142883333333,11.4271833333333,10.9521433333333,12.3780083333333,15.230755,14.16952,8.72930166666667,4.22903666666667,2.51078333333333,1.57474166666667,1.23649833333333,1.15156833333333,1.11324333333333,1.00082666666667,0.623913333333333,0.383518333333333,0.224236666666667,0.199036666666667,0.177058333333333,0.135773333333333,0.160585,0.105423333333333,0.114108333333333,0.108515,0.0918716666666667,0.0883966666666667,0.0782633333333333,0.0677116666666667,0.0568933333333333,0.045045,0.0352633333333333,0.02781,0.0255633333333333,0.019225,0.0164933333333333,0.0182983333333333,0.01398,0.0132983333333333,0.012775,0.00959666666666667,0.00948,0.00648666666666667,0.00795333333333333,0.00876833333333333,0.00542333333333333,0.003955,0.006265,0.00476166666666667,0.00513166666666667,0.00268833333333333,0.00442666666666667,0.00275,0.00205666666666667,0.00274,0.00261666666666667,0.00234666666666667,0.00191833333333333,0.001675,0.00205166666666667,0.00151,0.00054,0.00213333333333333,0.0000866666666666667,0.000253333333333333,0.000273333333333333,0.000293333333333333,0.000313333333333333,0.000333333333333333,0.0001,0,1,0,0,0,0,0,0,1,1,1,1,1,1,1,1,1,1,1,1,1,1,1,1,1,1,1,1,1,1,1,1,1,1,1,1,1,1,1,1,1,1,1,1,1,1,1,1,1,1,1,1,1,1,1,1,1,1,1,1,1,1,1,1,1,1,1,1,1,1,1,1,1,1,1,1,1,1,1,1,0
2026-07-23 19:00:00,109.50791615,0,0,0,0,0,0,0.0422033333333333,2.073215,7.218935,11.0548133333333,10.4769083333333,10.2564166666667,11.525665,14.3407766666667,14.8561083333333,10.0397133333333,4.70901666666667,2.75934166666667,1.64512666666667,1.302765,1.1766,1.18702,1.10093333333333,0.690413333333333,0.392258333333333,0.245341666666667,0.208888333333333,0.178235,0.148763333333333,0.14783,0.113875,0.12988,0.100956666666667,0.10559,0.0947383333333333,0.0818633333333333,0.070725,0.0694316666666667,0.054355,0.033525,0.0336283333333333,0.02783,0.0236633333333333,0.0187633333333333,0.0179616666666667,0.0155683333333333,0.0149583333333333,0.0140666666666667,0.01671,0.0109966666666667,0.00679166666666667,0.00877333333333333,0.00518,0.00426166666666667,0.004095,0.00113833333333333,0.00587833333333333,0.00367,0.00277666666666667,0.002465,0.00440833333333333,0.00348166666666667,0.000203333333333333,0.001655,0.00046,0.000988333333333333,0.001405,0.001785,0.000435,0.000173333333333333,0.00024,0.000606666666666667,0.00057,0.000615,0.00066,0.000705,0.00075,0.000225,0,1,0,0,0,0,0,0,1,1,1,1,1,1,1,1,1,1,1,1,1,1,1,1,1,1,1,1,1,1,1,1,1,1,1,1,1,1,1,1,1,1,1,1,1,1,1,1,1,1,1,1,1,1,1,1,1,1,1,1,1,1,1,1,1,1,1,1,1,1,1,1,1,1,1,1,1,1,1,1,0
2026-07-23 20:00:00,147.622875483333,0,0,0,0,0,0,0.0764483333333333,3.23218666666667,11.2105033333333,16.4301166666667,15.1118466666667,14.1138916666667,15.103635,18.1594716666667,18.8266466666667,13.6079666666667,6.03263333333333,3.50221,2.03043833333333,1.54751333333333,1.391415,1.32875666666667,1.24444666666667,0.860876666666667,0.502458333333333,0.290618333333333,0.236431666666667,0.21057,0.158813333333333,0.174985,0.12696,0.135726666666667,0.109906666666667,0.104213333333333,0.101291666666667,0.0911166666666667,0.079335,0.06032,0.0555433333333333,0.04397,0.0274966666666667,0.0289883333333333,0.0176666666666667,0.0200016666666667,0.0173183333333333,0.0194483333333333,0.0175566666666667,0.0125383333333333,0.0152066666666667,0.00826333333333333,0.009725,0.00790833333333333,0.00417666666666667,0.00760833333333333,0.0067,0.002815,0.00263666666666667,0.00409666666666667,0.00388666666666667,0.002645,0.00128,0.000748333333333333,0.00133833333333333,0.000885,0.00077,0.000918333333333333,0.00112833333333333,0.00134666666666667,0.000453333333333333,0.000415,0.000826666666666667,0.000563333333333333,0.000443333333333333,0.000478333333333333,0.000513333333333333,0.000548333333333333,0.000583333333333333,0.000175,0,1,0,0,0,0,0,0,1,1,1,1,1,1,1,1,1,1,1,1,1,1,1,1,1,1,1,1,1,1,1,1,1,1,1,1,1,1,1,1,1,1,1,1,1,1,1,1,1,1,1,1,1,1,1,1,1,1,1,1,1,1,1,1,1,1,1,1,1,1,1,1,1,1,1,1,1,1,1,1,0
2026-07-23 21:00:00,122.41694025,0,0,0,0,0,0,0.05032,2.42579666666667,8.61005166666667,12.9254783333333,12.2633616666667,11.8676583333333,13.0744966666667,16.0650816666667,16.40825,11.2540983333333,5.11414833333333,2.971905,1.774295,1.359035,1.20338333333333,1.17761833333333,1.01511833333333,0.710003333333333,0.39957,0.257473333333333,0.214445,0.18865,0.148581666666667,0.155953333333333,0.110605,0.123288333333333,0.0971566666666667,0.0894716666666667,0.084765,0.0612933333333333,0.0714116666666667,0.0568466666666667,0.0406066666666667,0.0392616666666667,0.0268216666666667,0.0201916666666667,0.0205883333333333,0.0164916666666667,0.0178433333333333,0.0103083333333333,0.00888833333333333,0.012305,0.0111083333333333,0.00815333333333333,0.005575,0.00417,0.00256666666666667,0.00257166666666667,0.002625,0.00223,0.00143333333333333,0.00223666666666667,0.00333833333333333,0.00196166666666667,0.00104333333333333,0.00141,0.000951666666666667,0.00123166666666667,0.00123,0.000075,0.00042,0,0.00064,0.00102333333333333,0,0.000476666666666667,0.00019,0.000205,0.00022,0.000235,0.00025,0.000075,0,1,0,0,0,0,0,0,1,1,1,1,1,1,1,1,1,1,1,1,1,1,1,1,1,1,1,1,1,1,1,1,1,1,1,1,1,1,1,1,1,1,1,1,1,1,1,1,1,1,1,1,1,1,1,1,1,1,1,1,1,1,1,1,1,1,1,1,1,1,1,1,1,1,1,1,1,1,1,1,0
2026-07-23 22:00:00,97.1228223,0,0,0,0,0,0,0.0389566666666667,2.00296666666667,7.2324,10.7947416666667,10.0352516666667,9.68907666666667,10.588595,12.82509,12.8507,8.18920833333333,3.74490166666667,2.14458333333333,1.2491,0.985478333333333,0.842188333333333,0.821153333333333,0.73176,0.49841,0.289,0.19662,0.155765,0.150048333333333,0.119305,0.123693333333333,0.0933283333333333,0.101548333333333,0.0903366666666667,0.0797,0.07958,0.070615,0.0648166666666667,0.048145,0.04088,0.034825,0.0295416666666667,0.0185783333333333,0.0174733333333333,0.01233,0.0115566666666667,0.00975666666666667,0.0174333333333333,0.0108733333333333,0.00616,0.00736166666666667,0.00623333333333333,0.00633666666666667,0.004515,0.00251666666666667,0.00278333333333333,0.00411166666666667,0.00412833333333333,0.00287,0.00203,0.00160833333333333,0.000853333333333333,0.001275,0.000811666666666667,0.00161666666666667,0.000461666666666667,0.000075,0.00126,0.001235,0.001075,0.00143833333333333,0.000413333333333333,0.000065,0.00019,0.000205,0.00022,0.000235,0.00025,0.000075,0,1,0,0,0,0,0,0,1,1,1,1,1,1,1,1,1,1,1,1,1,1,1,1,1,1,1,1,1,1,1,1,1,1,1,1,1,1,1,1,1,1,1,1,1,1,1,1,1,1,1,1,1,1,1,1,1,1,1,1,1,1,1,1,1,1,1,1,1,1,1,1,1,1,1,1,1,1,1,1,0
2026-07-23 23:00:00,89.7991256666667,0,0,0,0,0,0,0.03862,1.94039,7.09957,10.5925616666667,9.76211666666667,9.28057333333333,9.89011666666667,11.9721,11.76319,7.03756,3.12879333333333,1.77403166666667,1.06875166666667,0.836521666666667,0.715643333333333,0.698735,0.610711666666667,0.425313333333333,0.27178,0.181913333333333,0.158878333333333,0.139911666666667,0.11852,0.126595,0.0934383333333333,0.0991633333333333,0.081965,0.0824983333333333,0.06699,0.0627,0.04979,0.0425266666666667,0.0374966666666667,0.0259566666666667,0.0279233333333333,0.0187266666666667,0.0186133333333333,0.0142583333333333,0.0145816666666667,0.0111133333333333,0.00932333333333333,0.00844,0.00662666666666667,0.00810166666666667,0.00681,0.00332666666666667,0.00377,0.00176,0.00314333333333333,0.00280166666666667,0.00275333333333333,0.00298,0.00199833333333333,0.00153166666666667,0.00166,0.00122166666666667,0.001725,0.000923333333333333,0.000843333333333333,0,0.00042,0,0.000833333333333333,0.00083,0.000573333333333333,0.000275,0.0000633333333333333,0.0000683333333333333,0.0000733333333333333,0.0000783333333333333,0.0000833333333333333,0.000025,0,1,0,0,0,0,0,0,1,1,1,1,1,1,1,1,1,1,1,1,1,1,1,1,1,1,1,1,1,1,1,1,1,1,1,1,1,1,1,1,1,1,1,1,1,1,1,1,1,1,1,1,1,1,1,1,1,1,1,1,1,1,1,1,1,1,1,1,1,1,1,1,1,1,1,1,1,1,1,1,0
2026-07-24,82.1976585166667,0,0,0,0,0,0,0.03826,1.78945,6.40428333333333,9.70605833333333,8.83780833333333,8.41736166666667,9.01624333333333,11.1930833333333,10.9895433333333,6.21004166666667,2.82532166666667,1.53895166666667,0.946586666666667,0.738938333333333,0.635798333333333,0.64187,0.610481666666667,0.384596666666667,0.248785,0.15211,0.128413333333333,0.129701666666667,0.104953333333333,0.114196666666667,0.0790666666666667,0.0982716666666667,0.0789166666666667,0.0716616666666667,0.0681483333333333,0.0673016666666667,0.0494983333333333,0.0386566666666667,0.0309183333333333,0.02469,0.01883,0.0168033333333333,0.019015,0.0130116666666667,0.011285,0.00828666666666667,0.00947333333333333,0.00816833333333333,0.00458,0.00845,0.00650333333333333,0.00508333333333333,0.00376833333333333,0.00273,0.00124166666666667,0.00051,0.00126166666666667,0.000858333333333333,0.00171333333333333,0,0.00128,0,0.00116,0.000923333333333333,0.000385,0.000918333333333333,0.00042,0,0.000416666666666667,0.000415,0.000413333333333333,0.0000433333333333333,0.000126666666666667,0.000136666666666667,0.000146666666666667,0.000156666666666667,0.000166666666666667,0.00005,0,1,0,0,0,0,0,0,1,1,1,1,1,1,1,1,1,1,1,1,1,1,1,1,1,1,1,1,1,1,1,1,1,1,1,1,1,1,1,1,1,1,1,1,1,1,1,1,1,1,1,1,1,1,1,1,1,1,1,1,1,1,1,1,1,1,1,1,1,1,1,1,1,1,1,1,1,1,1,1,0
2026-07-24 01:00:00,76.5303127166667,0,0,0,0,0,0,0.0394183333333333,1.87752333333333,6.30288166666667,8.96849333333333,8.22106666666667,7.60738833333333,8.38146166666667,10.0495016666667,10.1262283333333,5.52148,2.56165833333333,1.444545,0.841133333333333,0.685968333333333,0.57049,0.591533333333333,0.53242,0.341871666666667,0.220395,0.13167,0.137243333333333,0.125058333333333,0.10255,0.109256666666667,0.096815,0.095445,0.0891966666666667,0.0792766666666667,0.0657883333333333,0.0636066666666667,0.058855,0.04734,0.0302116666666667,0.02147,0.0202783333333333,0.01613,0.01692,0.0151883333333333,0.0122316666666667,0.00869166666666667,0.00998166666666667,0.009475,0.00729,0.00586833333333333,0.00718,0.00250666666666667,0.00381333333333333,0.00289666666666667,0.00199166666666667,0.003095,0.00223666666666667,0.00154666666666667,0.00299833333333333,0.000426666666666667,0.00232333333333333,0.00193833333333333,0.001585,0.00138666666666667,0.00104,0.000646666666666667,0.000708333333333333,0.00055,0,0,0,0.0000866666666666667,0.000253333333333333,0.000273333333333333,0.000293333333333333,0.000313333333333333,0.000333333333333333,0.0001,0,1,0,0,0,0,0,0,1,1,1,1,1,1,1,1,1,1,1,1,1,1,1,1,1,1,1,1,1,1,1,1,1,1,1,1,1,1,1,1,1,1,1,1,1,1,1,1,1,1,1,1,1,1,1,1,1,1,1,1,1,1,1,1,1,1,1,1,1,1,1,1,1,1,1,1,1,1,1,1,0
2026-07-24 02:00:00,73.9196300333333,0,0,0,0,0,0,0.03476,1.77535833333333,6.18935166666667,8.743105,7.92454,7.429225,7.88869666666667,9.34610333333333,10.044555,5.62572,2.50218166666667,1.41473166666667,0.827046666666667,0.663945,0.587971666666667,0.59381,0.537568333333333,0.34362,0.218696666666667,0.138185,0.132538333333333,0.139398333333333,0.097115,0.113696666666667,0.0824383333333333,0.0787483333333333,0.0807383333333333,0.07061,0.0666883333333333,0.0596733333333333,0.0510216666666667,0.0414216666666667,0.027845,0.0300666666666667,0.01952,0.0172766666666667,0.022365,0.014535,0.011075,0.00855833333333333,0.00815333333333333,0.0103483333333333,0.00802166666666667,0.0102933333333333,0.00551,0.00250666666666667,0.00278833333333333,0.00269333333333333,0.003955,0.00443333333333333,0.001175,0.00212,0.001745,0.001785,0.000853333333333333,0.000748333333333333,0.000101666666666667,0.000846666666666667,0.000346666666666667,0.000496666666666667,0.00112833333333333,0.000131666666666667,0.000833333333333333,0.000415,0,0.000433333333333333,0.0000633333333333333,0.0000683333333333333,0.0000733333333333333,0.0000783333333333333,0.0000833333333333333,0.000025,0,1,0,0,0,0,0,0,1,1,1,1,1,1,1,1,1,1,1,1,1,1,1,1,1,1,1,1,1,1,1,1,1,1,1,1,1,1,1,1,1,1,1,1,1,1,1,1,1,1,1,1,1,1,1,1,1,1,1,1,1,1,1,1,1,1,1,1,1,1,1,1,1,1,1,1,1,1,1,1,0
2026-07-24 03:00:00,74.4780873333333,0,0,0,0,0,0,0.0375516666666667,1.79010333333333,6.034545,8.59988166666667,7.95278333333333,7.231305,8.00547333333333,9.4921,10.46786,5.722835,2.65537666666667,1.49639833333333,0.883045,0.702616666666667,0.615765,0.62204,0.587465,0.353918333333333,0.2512,0.157381666666667,0.1293,0.116905,0.113801666666667,0.0987183333333333,0.094005,0.092365,0.06958,0.080135,0.087345,0.0661316666666667,0.0523016666666667,0.05158,0.0406833333333333,0.0223666666666667,0.0258216666666667,0.0187066666666667,0.0136716666666667,0.01456,0.00999166666666667,0.00715333333333333,0.0100566666666667,0.010585,0.00695,0.00585,0.005225,0.00289333333333333,0.00651166666666667,0.004305,0.00405,0.0033,0.00194833333333333,0.00183666666666667,0.00176833333333333,0.00128166666666667,0.00128,0.001275,0,0.00127,0.000421666666666667,0.00112666666666667,0.000426666666666667,0.000131666666666667,0,0,0,0.0000216666666666667,0.0000633333333333333,0.0000683333333333333,0.0000733333333333333,0.0000783333333333333,0.0000833333333333333,0.000025,0,1,0,0,0,0,0,0,1,1,1,1,1,1,1,1,1,1,1,1,1,1,1,1,1,1,1,1,1,1,1,1,1,1,1,1,1,1,1,1,1,1,1,1,1,1,1,1,1,1,1,1,1,1,1,1,1,1,1,1,1,1,1,1,1,1,1,1,1,1,1,1,1,1,1,1,1,1,1,1,0
2026-07-24 04:00:00,79.1904820666667,0,0,0,0,0,0,0.0422666666666667,1.88454833333333,6.32085666666667,9.09736166666667,8.33852333333333,7.80754,8.36573166666667,9.82890666666667,11.2506183333333,6.19194333333333,2.8015,1.60868666666667,0.953358333333333,0.777175,0.708403333333333,0.667795,0.612768333333333,0.40068,0.255371666666667,0.168398333333333,0.146396666666667,0.122686666666667,0.114836666666667,0.115225,0.102598333333333,0.0985016666666667,0.0776916666666667,0.0800933333333333,0.0721666666666667,0.065895,0.0550383333333333,0.0522283333333333,0.0358533333333333,0.02897,0.0238466666666667,0.0176733333333333,0.0210733333333333,0.01481,0.01526,0.00951,0.00795333333333333,0.00951333333333333,0.00616333333333333,0.00594833333333333,0.00460166666666667,0.00335,0.00497166666666667,0.00407666666666667,0.00176166666666667,0.00311833333333333,0.00252333333333333,0.00235166666666667,0.00057,0.00135833333333333,0.000616666666666667,0.00215833333333333,0.00182666666666667,0.0000766666666666667,0,0.000421666666666667,0,0,0,0.000415,0.000413333333333333,0.000411666666666667,0,0,0,0,0,0,0,1,0,0,0,0,0,0,1,1,1,1,1,1,1,1,1,1,1,1,1,1,1,1,1,1,1,1,1,1,1,1,1,1,1,1,1,1,1,1,1,1,1,1,1,1,1,1,1,1,1,1,1,1,1,1,1,1,1,1,1,1,1,1,1,1,1,1,1,1,1,1,1,1,1,1,1,1,1,1,0
2026-07-24 05:00:00,95.3161286,0,0,0,0,0,0,0.0471916666666667,1.97483,6.91407833333333,9.94298666666667,9.42510333333333,9.0718,10.207445,12.3707516666667,14.5533283333333,8.28468666666667,3.554865,1.92435833333333,1.15919166666667,0.88749,0.773908333333333,0.752205,0.681201666666667,0.434865,0.275025,0.182995,0.14841,0.124766666666667,0.119416666666667,0.12222,0.110491666666667,0.092615,0.082875,0.0852216666666667,0.077685,0.054915,0.0508766666666667,0.0460066666666667,0.03457,0.0287066666666667,0.0204866666666667,0.020235,0.0169633333333333,0.0131,0.0154466666666667,0.0122633333333333,0.00758666666666667,0.00728333333333333,0.01118,0.00571333333333333,0.00681,0.00335,0.00497,0.00303666666666667,0.00528166666666667,0.00276333333333333,0.00358333333333333,0.001975,0.00181,0.00161166666666667,0.00213333333333333,0.000748333333333333,0.000913333333333333,0.00211666666666667,0.000883333333333333,0.000283333333333333,0.000978333333333333,0.000398333333333333,0.0000183333333333333,0,0.00016,0.000275,0.0000633333333333333,0.0000683333333333333,0.0000733333333333333,0.0000783333333333333,0.0000833333333333333,0.000025,0,1,0,0,0,0,0,0,1,1,1,1,1,1,1,1,1,1,1,1,1,1,1,1,1,1,1,1,1,1,1,1,1,1,1,1,1,1,1,1,1,1,1,1,1,1,1,1,1,1,1,1,1,1,1,1,1,1,1,1,1,1,1,1,1,1,1,1,1,1,1,1,1,1,1,1,1,1,1,1,0
2026-07-24 06:00:00,105.14233875,0,0,0,0,0,0,0.0525016666666667,2.67501,9.136885,12.89117,11.7090133333333,10.7120566666667,11.383715,13.18156,14.1599633333333,7.51994,3.32442,1.92227333333333,1.180205,0.884773333333333,0.773271666666667,0.768195,0.679523333333333,0.429783333333333,0.265333333333333,0.18438,0.131093333333333,0.134053333333333,0.10918,0.0989716666666667,0.0941016666666667,0.0848866666666667,0.0751016666666667,0.0779666666666667,0.0758116666666667,0.05167,0.0524166666666667,0.0478333333333333,0.0274266666666667,0.02397,0.0257233333333333,0.0179283333333333,0.0189483333333333,0.0163366666666667,0.014435,0.0138566666666667,0.011925,0.006525,0.00868166666666667,0.00554166666666667,0.00330166666666667,0.005445,0.003745,0.003645,0.001655,0.00273666666666667,0.00120333333333333,0.00303666666666667,0.00134,0,0.00166,0.000898333333333333,0.000811666666666667,0.00288666666666667,0.001305,0.00120166666666667,0.000558333333333333,0.000418333333333333,0.00169666666666667,0.000801666666666667,0.00124,0.000065,0.00019,0.000205,0.00022,0.000235,0.00025,0.000075,0,1,0,0,0,0,0,0,1,1,1,1,1,1,1,1,1,1,1,1,1,1,1,1,1,1,1,1,1,1,1,1,1,1,1,1,1,1,1,1,1,1,1,1,1,1,1,1,1,1,1,1,1,1,1,1,1,1,1,1,1,1,1,1,1,1,1,1,1,1,1,1,1,1,1,1,1,1,1,1,0
2026-07-24 07:00:00,100.155498,0,0,0,0,0,0,0.0527116666666667,2.85776333333333,9.52684833333333,13.20007,11.616435,10.3851383333333,10.9566033333333,12.5179683333333,11.7266866666667,6.06328166666667,3.02243333333333,1.72375,1.034505,0.844533333333333,0.75001,0.730135,0.655835,0.416428333333333,0.255976666666667,0.17022,0.1226,0.121208333333333,0.0858733333333333,0.101956666666667,0.082335,0.102801666666667,0.0745216666666667,0.07449,0.0606633333333333,0.0628083333333333,0.0517916666666667,0.0417033333333333,0.031465,0.0270516666666667,0.02768,0.0226483333333333,0.0190733333333333,0.0132866666666667,0.0143516666666667,0.0102766666666667,0.0133766666666667,0.0111266666666667,0.00968,0.0115783333333333,0.00733,0.00542333333333333,0.00480833333333333,0.00515,0.001655,0.00368166666666667,0.00180666666666667,0.00427,0.00302,0.000678333333333333,0.00336666666666667,0.00164666666666667,0.001725,0.00211666666666667,0.001345,0.00112666666666667,0.001265,0.00134666666666667,0.00128666666666667,0.000415,0.000413333333333333,0.000108333333333333,0.000316666666666667,0.000341666666666667,0.000366666666666667,0.000391666666666667,0.000416666666666667,0.000125,0,1,0,0,0,0,0,0,1,1,1,1,1,1,1,1,1,1,1,1,1,1,1,1,1,1,1,1,1,1,1,1,1,1,1,1,1,1,1,1,1,1,1,1,1,1,1,1,1,1,1,1,1,1,1,1,1,1,1,1,1,1,1,1,1,1,1,1,1,1,1,1,1,1,1,1,1,1,1,1,0
2026-07-24 08:00:00,114.077379,0,0,0,0,0,0,0.0540416666666667,3.00724,10.515645,14.919185,13.5909483333333,12.1712583333333,12.9176616666667,15.0833766666667,13.1808433333333,6.66359333333333,3.40182666666667,1.94369333333333,1.270085,0.992361666666667,0.883328333333333,0.884993333333333,0.804616666666667,0.469351666666667,0.274396666666667,0.173053333333333,0.133776666666667,0.125275,0.0953066666666667,0.106568333333333,0.076875,0.0879583333333333,0.066235,0.0750533333333333,0.0687066666666667,0.0608816666666667,0.0534816666666667,0.0500733333333333,0.0382916666666667,0.029175,0.0258316666666667,0.0185966666666667,0.0101333333333333,0.01388,0.0118666666666667,0.010115,0.0109133333333333,0.009425,0.005295,0.00723833333333333,0.0106483333333333,0.00546833333333333,0.00362833333333333,0.00379333333333333,0.00341,0.00357833333333333,0.00266666666666667,0.00315166666666667,0.002855,0.000251666666666667,0.00275,0.00236166666666667,0.000811666666666667,0.00130833333333333,0.00153666666666667,0.002265,0.000833333333333333,0,0,0.000415,0.00032,0.001005,0.000253333333333333,0.000273333333333333,0.000293333333333333,0.000313333333333333,0.000333333333333333,0.0001,0,1,0,0,0,0,0,0,1,1,1,1,1,1,1,1,1,1,1,1,1,1,1,1,1,1,1,1,1,1,1,1,1,1,1,1,1,1,1,1,1,1,1,1,1,1,1,1,1,1,1,1,1,1,1,1,1,1,1,1,1,1,1,1,1,1,1,1,1,1,1,1,1,1,1,1,1,1,1,1,0
2026-07-24 09:00:00,111.688860416667,0,0,0,0,0,0,0.04943,2.66351333333333,9.420355,14.0893083333333,12.95626,12.1077116666667,12.9248566666667,15.5561133333333,13.3143133333333,6.70740833333333,3.51464166666667,2.02347333333333,1.30807666666667,1.07494666666667,0.925455,0.92698,0.792216666666667,0.490131666666667,0.268808333333333,0.167013333333333,0.154575,0.121806666666667,0.105063333333333,0.09594,0.072675,0.07168,0.0710483333333333,0.0544683333333333,0.0623283333333333,0.04822,0.0389016666666667,0.0397183333333333,0.024735,0.02297,0.018065,0.0208183333333333,0.012665,0.0138233333333333,0.0132983333333333,0.0116416666666667,0.01069,0.0112866666666667,0.0127333333333333,0.00652666666666667,0.00520833333333333,0.00708666666666667,0.00585666666666667,0.00528333333333333,0.00611,0.00231,0.003125,0.00347,0.00296666666666667,0.00153166666666667,0.00189666666666667,0.002685,0.000951666666666667,0.00161666666666667,0.00230833333333333,0.00325666666666667,0.001255,0,0.00125,0,0.00114666666666667,0.000593333333333333,0.000253333333333333,0.000273333333333333,0.000293333333333333,0.000313333333333333,0.000333333333333333,0.0001,0,1,0,0,0,0,0,0,1,1,1,1,1,1,1,1,1,1,1,1,1,1,1,1,1,1,1,1,1,1,1,1,1,1,1,1,1,1,1,1,1,1,1,1,1,1,1,1,1,1,1,1,1,1,1,1,1,1,1,1,1,1,1,1,1,1,1,1,1,1,1,1,1,1,1,1,1,1,1,1,0
2026-07-24 10:00:00,112.206652466667,0,0,0,0,0,0,0.0643816666666667,2.88727166666667,9.92674833333333,14.3539733333333,12.5733466666667,11.6394866666667,12.3666866666667,14.76513,13.6460283333333,7.225405,3.68632333333333,2.08556,1.35272666666667,1.06616,0.982528333333333,0.963588333333333,0.830903333333333,0.517701666666667,0.320338333333333,0.189028333333333,0.153526666666667,0.111001666666667,0.101556666666667,0.0933283333333333,0.074305,0.079615,0.0546766666666667,0.0476666666666667,0.04255,0.0477183333333333,0.036305,0.0327216666666667,0.0343866666666667,0.0217666666666667,0.0194983333333333,0.0151633333333333,0.0123833333333333,0.011025,0.01096,0.0101433333333333,0.00938166666666667,0.0105633333333333,0.00682333333333333,0.00878333333333333,0.00927,0.007545,0.00745666666666667,0.006275,0.00341666666666667,0.00591166666666667,0.00539,0.00298,0.00260166666666667,0.00435166666666667,0.00294,0.0043,0.00247333333333333,0.00338666666666667,0.00126666666666667,0.00162333333333333,0.000978333333333333,0.00165333333333333,0.00210166666666667,0.000415,0.00032,0.00083,0.00095,0.00102333333333333,0.00109833333333333,0.001175,0.00125166666666667,0.000373333333333333,0,1,0,0,0,0,0,0,1,1,1,1,1,1,1,1,1,1,1,1,1,1,1,1,1,1,1,1,1,1,1,1,1,1,1,1,1,1,1,1,1,1,1,1,1,1,1,1,1,1,1,1,1,1,1,1,1,1,1,1,1,1,1,1,1,1,1,1,1,1,1,1,1,1,1,1,1,1,1,1,0
2026-07-24 11:00:00,113.075266433333,0,0,0,0,0,0,0.072595,3.11610333333333,10.5739566666667,15.0910316666667,13.0452766666667,11.7655683333333,12.0731883333333,14.0063833333333,13.2623983333333,7.77966,3.65430666666667,2.06785166666667,1.24895,0.994085,0.89787,0.893871666666667,0.778811666666667,0.494588333333333,0.25764,0.168633333333333,0.12608,0.108395,0.0809816666666667,0.0799133333333333,0.0599633333333333,0.0623416666666667,0.055365,0.0486316666666667,0.0514316666666667,0.041805,0.03013,0.0257483333333333,0.0228383333333333,0.0202166666666667,0.0188383333333333,0.01732,0.01139,0.00837666666666667,0.01294,0.00949166666666667,0.0122283333333333,0.0108366666666667,0.01041,0.00876166666666667,0.00549,0.00624333333333333,0.00523666666666667,0.00461166666666667,0.00479833333333333,0.00419166666666667,0.00564833333333333,0.000688333333333333,0.001285,0.00170833333333333,0.00166,0.00292166666666667,0.0013,0.00173166666666667,0.00249666666666667,0.00246666666666667,0.000846666666666667,0.00302,0.000453333333333333,0.000588333333333333,0.00106666666666667,0.000866666666666667,0.000126666666666667,0.000136666666666667,0.000146666666666667,0.000156666666666667,0.000166666666666667,0.00005,0,1,0,0,0,0,0,0,1,1,1,1,1,1,1,1,1,1,1,1,1,1,1,1,1,1,1,1,1,1,1,1,1,1,1,1,1,1,1,1,1,1,1,1,1,1,1,1,1,1,1,1,1,1,1,1,1,1,1,1,1,1,1,1,1,1,1,1,1,1,1,1,1,1,1,1,1,1,1,1,0
2026-07-24 12:00:00,104.930924166667,0,0,0,0,0,0,0.0537333333333333,2.75129333333333,9.34422666666667,13.714065,11.9267383333333,10.65443,10.9164033333333,12.6839633333333,12.5239283333333,7.98475666666667,3.53267166666667,2.00119,1.22385333333333,0.898836666666667,0.792515,0.785411666666667,0.715746666666667,0.451161666666667,0.261096666666667,0.151501666666667,0.114395,0.100256666666667,0.0743833333333333,0.072685,0.057845,0.06524,0.0473283333333333,0.0417016666666667,0.0350016666666667,0.0334766666666667,0.0324366666666667,0.0278633333333333,0.0273666666666667,0.0242933333333333,0.01685,0.0147233333333333,0.013535,0.014445,0.00875666666666667,0.0119966666666667,0.00903833333333333,0.00942333333333333,0.01389,0.0087,0.00800833333333333,0.00715666666666667,0.00686166666666667,0.00694833333333333,0.00387666666666667,0.00274166666666667,0.00458666666666667,0.002665,0.00266666666666667,0.00203833333333333,0.00402666666666667,0.00173333333333333,0.001865,0.002965,0.00226833333333333,0.00269833333333333,0.00239,0.00191666666666667,0.00126833333333333,0.00083,0.00124,0.00065,0.000696666666666667,0.000748333333333333,0.000803333333333333,0.000861666666666667,0.00092,0.000271666666666667,0,1,0,0,0,0,0,0,1,1,1,1,1,1,1,1,1,1,1,1,1,1,1,1,1,1,1,1,1,1,1,1,1,1,1,1,1,1,1,1,1,1,1,1,1,1,1,1,1,1,1,1,1,1,1,1,1,1,1,1,1,1,1,1,1,1,1,1,1,1,1,1,1,1,1,1,1,1,1,1,0
2026-07-24 13:00:00,106.395283383333,0,0,0,0,0,0,0.060885,2.67311333333333,9.189315,13.2802833333333,11.8064766666667,10.6275766666667,11.17016,13.0406783333333,13.3884466666667,8.67738166666667,3.79601166666667,2.142675,1.29393,0.959186666666667,0.874493333333333,0.848413333333333,0.751705,0.508476666666667,0.294065,0.150505,0.118053333333333,0.0963466666666667,0.078405,0.0807233333333333,0.05962,0.0504866666666667,0.050865,0.0413233333333333,0.0396716666666667,0.0335066666666667,0.0323733333333333,0.03414,0.0258616666666667,0.0197083333333333,0.0148933333333333,0.0153183333333333,0.0116633333333333,0.01217,0.012905,0.011325,0.012875,0.00654333333333333,0.00733666666666667,0.00812666666666667,0.00767666666666667,0.00421666666666667,0.00685,0.00573166666666667,0.00486666666666667,0.00297666666666667,0.00344166666666667,0.00366666666666667,0.00192,0.00332166666666667,0.00251333333333333,0.00239666666666667,0.00140166666666667,0.00123166666666667,0.00130666666666667,0.00232833333333333,0.000696666666666667,0.001255,0,0.000588333333333333,0.000813333333333333,0.000448333333333333,0.00057,0.000615,0.00066,0.000705,0.00075,0.000225,0,1,0,0,0,0,0,0,1,1,1,1,1,1,1,1,1,1,1,1,1,1,1,1,1,1,1,1,1,1,1,1,1,1,1,1,1,1,1,1,1,1,1,1,1,1,1,1,1,1,1,1,1,1,1,1,1,1,1,1,1,1,1,1,1,1,1,1,1,1,1,1,1,1,1,1,1,1,1,1,0
2026-07-24 14:00:00,120.16207215,0,0,0,0,0,0,0.0704916666666667,2.95750333333333,10.346595,15.252695,13.5011033333333,12.1620483333333,12.5988583333333,14.463695,15.5399216666667,9.67533166666667,4.18650833333333,2.322915,1.37972166666667,1.05664666666667,0.921658333333333,0.92626,0.829306666666667,0.544658333333333,0.282533333333333,0.16834,0.107063333333333,0.0960433333333333,0.0915033333333333,0.0744033333333333,0.0579,0.05861,0.0530133333333333,0.0459333333333333,0.0423266666666667,0.0407283333333333,0.0332433333333333,0.024095,0.02411,0.014445,0.0175,0.0151133333333333,0.0155916666666667,0.0113933333333333,0.0101433333333333,0.010145,0.010635,0.01013,0.0101566666666667,0.00835833333333333,0.00896166666666667,0.00535333333333333,0.00588,0.00605833333333333,0.00436666666666667,0.00336,0.00304,0.00352333333333333,0.00205333333333333,0.00409666666666667,0.00554666666666667,0.00202333333333333,0.00265166666666667,0.000808333333333333,0.000806666666666667,0.00274833333333333,0.00281833333333333,0.00165,0.00166666666666667,0.000415,0.00248,0.00117,0.00101333333333333,0.00109,0.00117,0.00125333333333333,0.00133666666666667,0.000396666666666667,0,1,0,0,0,0,0,0,1,1,1,1,1,1,1,1,1,1,1,1,1,1,1,1,1,1,1,1,1,1,1,1,1,1,1,1,1,1,1,1,1,1,1,1,1,1,1,1,1,1,1,1,1,1,1,1,1,1,1,1,1,1,1,1,1,1,1,1,1,1,1,1,1,1,1,1,1,1,1,1,0
2026-07-24 15:00:00,132.0831893,0,0,0,0,0,0,0.07757,3.32296833333333,11.736995,17.2717633333333,15.1185416666667,13.5588166666667,13.6927766666667,15.401325,16.824835,10.9635533333333,4.46733666666667,2.42517,1.37354166666667,1.05483833333333,0.906158333333333,0.862876666666667,0.802763333333333,0.523591666666667,0.285778333333333,0.169615,0.121385,0.101625,0.0843966666666667,0.069335,0.0510883333333333,0.0588916666666667,0.0434,0.0412566666666667,0.0383933333333333,0.0366166666666667,0.0268233333333333,0.0225216666666667,0.01584,0.01579,0.01664,0.0131316666666667,0.0128533333333333,0.015805,0.00764666666666667,0.0114833333333333,0.00707666666666667,0.00634333333333333,0.00880833333333333,0.00732833333333333,0.00861166666666667,0.00631333333333333,0.00571666666666667,0.00922833333333333,0.00563333333333333,0.004225,0.00564833333333333,0.00707333333333333,0.00270166666666667,0.00238666666666667,0.00360333333333333,0.0041,0.00286166666666667,0.00130833333333333,0.00234666666666667,0.00205666666666667,0.000985,0.00134666666666667,0.00087,0.001245,0,0.000303333333333333,0.000886666666666667,0.000955,0.001025,0.00109666666666667,0.00116833333333333,0.000348333333333333,0,1,0,0,0,0,0,0,1,1,1,1,1,1,1,1,1,1,1,1,1,1,1,1,1,1,1,1,1,1,1,1,1,1,1,1,1,1,1,1,1,1,1,1,1,1,1,1,1,1,1,1,1,1,1,1,1,1,1,1,1,1,1,1,1,1,1,1,1,1,1,1,1,1,1,1,1,1,1,1,0
2026-07-24 16:00:00,136.898225133333,0,0,0,0,0,0,0.0908266666666667,3.85248166666667,12.5118333333333,17.82398,15.4723383333333,13.8985533333333,14.025835,15.88563,17.2098566666667,11.885835,4.74451833333333,2.70042166666667,1.56830833333333,1.12717,0.935535,0.888855,0.833343333333333,0.548093333333333,0.33672,0.17692,0.139131666666667,0.118108333333333,0.0951183333333333,0.0762666666666667,0.0693533333333333,0.05449,0.0491566666666667,0.0433766666666667,0.0399483333333333,0.03314,0.0275766666666667,0.0191333333333333,0.0222016666666667,0.0142033333333333,0.018155,0.0124766666666667,0.018345,0.0114533333333333,0.0116966666666667,0.011455,0.01186,0.00763,0.0108,0.0103733333333333,0.00694,0.00790666666666667,0.00655666666666667,0.00678833333333333,0.00498333333333333,0.006955,0.00519333333333333,0.00389833333333333,0.00356833333333333,0.00221333333333333,0.00227666666666667,0.00498,0.00210666666666667,0.00204,0.00176666666666667,0.00225333333333333,0.00127333333333333,0.000681666666666667,0.00147333333333333,0.000781666666666667,0.00221333333333333,0.00096,0.00132833333333333,0.00143,0.001535,0.001645,0.001755,0.00052,0,1,0,0,0,0,0,0,1,1,1,1,1,1,1,1,1,1,1,1,1,1,1,1,1,1,1,1,1,1,1,1,1,1,1,1,1,1,1,1,1,1,1,1,1,1,1,1,1,1,1,1,1,1,1,1,1,1,1,1,1,1,1,1,1,1,1,1,1,1,1,1,1,1,1,1,1,1,1,1,0
2026-07-24 17:00:00,128.8710046,0,0,0,0,0,0,0.0949733333333333,3.95999333333333,12.3514183333333,16.77855,14.6980583333333,12.8420883333333,13.3939416666667,15.26073,15.3041733333333,10.1072133333333,4.34384166666667,2.50908833333333,1.46643666666667,1.08226,0.953833333333333,0.872701666666667,0.812238333333333,0.529131666666667,0.303326666666667,0.172703333333333,0.146336666666667,0.11351,0.0872916666666667,0.0783333333333333,0.0686283333333333,0.0640383333333333,0.05747,0.0491983333333333,0.0469766666666667,0.035435,0.0439033333333333,0.0397983333333333,0.0230716666666667,0.029075,0.0213383333333333,0.0144766666666667,0.0163316666666667,0.015125,0.0130333333333333,0.0171283333333333,0.0158966666666667,0.0110216666666667,0.00830333333333333,0.00643833333333333,0.010605,0.00546833333333333,0.007735,0.00573,0.008265,0.00649833333333333,0.00349833333333333,0.00383833333333333,0.00654833333333333,0.00528166666666667,0.00317666666666667,0.00183666666666667,0.00338666666666667,0.002155,0.00280666666666667,0.00247833333333333,0.001405,0.00220333333333333,0.002995,0.00177666666666667,0.00106666666666667,0.000736666666666667,0.00095,0.00102,0.001095,0.001175,0.001255,0.00037,0,1,0,0,0,0,0,0,1,1,1,1,1,1,1,1,1,1,1,1,1,1,1,1,1,1,1,1,1,1,1,1,1,1,1,1,1,1,1,1,1,1,1,1,1,1,1,1,1,1,1,1,1,1,1,1,1,1,1,1,1,1,1,1,1,1,1,1,1,1,1,1,1,1,1,1,1,1,1,1,0
2026-07-24 18:00:00,138.849125916667,0,0,0,0,0,0,0.115048333333333,4.39732333333333,13.68528,18.5456816666667,16.3080566666667,14.5824216666667,15.2190066666667,17.57426,15.34012,8.42957166666667,4.155885,2.38732333333333,1.45764166666667,1.13724666666667,1.030165,0.996733333333333,0.83852,0.518108333333333,0.327476666666667,0.192808333333333,0.15177,0.133643333333333,0.0903983333333333,0.115695,0.080465,0.088485,0.07191,0.0682983333333333,0.0558316666666667,0.0578,0.048085,0.0448033333333333,0.047415,0.0300583333333333,0.02793,0.027325,0.01956,0.016435,0.0121066666666667,0.0160883333333333,0.0167066666666667,0.0134816666666667,0.01283,0.0104533333333333,0.00993,0.00758833333333333,0.0107366666666667,0.00581833333333333,0.009365,0.00528333333333333,0.005675,0.00272666666666667,0.00398333333333333,0.004245,0.00379333333333333,0.00197,0.00607666666666667,0.00257833333333333,0.002495,0.00387666666666667,0.00183166666666667,0.00149833333333333,0.00149166666666667,0.00202666666666667,0.0018,0.00122166666666667,0.000886666666666667,0.000955,0.001025,0.00109666666666667,0.00116833333333333,0.000348333333333333,0,1,0,0,0,0,0,0,1,1,1,1,1,1,1,1,1,1,1,1,1,1,1,1,1,1,1,1,1,1,1,1,1,1,1,1,1,1,1,1,1,1,1,1,1,1,1,1,1,1,1,1,1,1,1,1,1,1,1,1,1,1,1,1,1,1,1,1,1,1,1,1,1,1,1,1,1,1,1,1,0
2026-07-24 19:00:00,129.036551166667,0,0,0,0,0,0,0.089085,3.88964333333333,12.3260883333333,17.1675783333333,15.3232666666667,14.3061233333333,15.1900416666667,17.2199416666667,13.6338933333333,7.180845,3.69259333333333,2.05355666666667,1.27322333333333,1.03494,0.923715,0.862741666666667,0.754481666666667,0.479606666666667,0.280148333333333,0.174483333333333,0.124573333333333,0.111196666666667,0.109506666666667,0.103468333333333,0.0711616666666667,0.0804733333333333,0.0668116666666667,0.0590366666666667,0.046905,0.0449283333333333,0.046585,0.03694,0.0426166666666667,0.0358166666666667,0.0251683333333333,0.0203383333333333,0.02124,0.0155016666666667,0.0123466666666667,0.01044,0.00844833333333333,0.012395,0.009095,0.00968,0.0146666666666667,0.006335,0.00794833333333333,0.00878833333333333,0.00571333333333333,0.006205,0.002895,0.00490166666666667,0.00549,0.00382666666666667,0.00403,0.00236166666666667,0.00336166666666667,0.00127,0.00157666666666667,0.00338333333333333,0.000558333333333333,0.000418333333333333,0.00128,0.001805,0.000813333333333333,0.000426666666666667,0.000506666666666667,0.000545,0.000585,0.000626666666666667,0.000668333333333333,0.000198333333333333,0,1,0,0,0,0,0,0,1,1,1,1,1,1,1,1,1,1,1,1,1,1,1,1,1,1,1,1,1,1,1,1,1,1,1,1,1,1,1,1,1,1,1,1,1,1,1,1,1,1,1,1,1,1,1,1,1,1,1,1,1,1,1,1,1,1,1,1,1,1,1,1,1,1,1,1,1,1,1,1,0
2026-07-24 20:00:00,126.644929366667,0,0,0,0,0,0,0.0754183333333333,3.712685,12.5168016666667,17.7391266666667,16.1360116666667,14.6553466666667,14.8415016666667,15.8778766666667,13.42184,6.53792333333333,3.36911,1.84207333333333,1.1255,0.861856666666667,0.753526666666667,0.723776666666667,0.616693333333333,0.426173333333333,0.23884,0.158866666666667,0.12509,0.108698333333333,0.0861583333333333,0.0840416666666667,0.0632733333333333,0.06964,0.059245,0.04228,0.0405833333333333,0.042545,0.027175,0.0250116666666667,0.0225333333333333,0.01456,0.0149983333333333,0.0138233333333333,0.015085,0.0115466666666667,0.01067,0.00986333333333333,0.00815166666666667,0.0117066666666667,0.007025,0.00620666666666667,0.00935166666666667,0.00831666666666667,0.00624166666666667,0.00663,0.00571333333333333,0.00333666666666667,0.005505,0.00275333333333333,0.00119666666666667,0.00196,0.00123333333333333,0.001545,0.00275333333333333,0.00207833333333333,0.00207333333333333,0.00148333333333333,0.00266333333333333,0.00136666666666667,0.000435,0.000415,0.000413333333333333,0.00052,0.000316666666666667,0.000341666666666667,0.000366666666666667,0.000391666666666667,0.000416666666666667,0.000125,0,1,0,0,0,0,0,0,1,1,1,1,1,1,1,1,1,1,1,1,1,1,1,1,1,1,1,1,1,1,1,1,1,1,1,1,1,1,1,1,1,1,1,1,1,1,1,1,1,1,1,1,1,1,1,1,1,1,1,1,1,1,1,1,1,1,1,1,1,1,1,1,1,1,1,1,1,1,1,1,0
2026-07-24 21:00:00,146.75812515,0,0,0,0,0,0,0.10192,5.62903,19.7360583333333,25.9712533333333,20.5245366666667,16.1941766666667,14.69103,14.9318433333333,13.0111266666667,6.42615166666667,3.01741666666667,1.61361833333333,0.944545,0.73146,0.576511666666667,0.556363333333333,0.458753333333333,0.31616,0.211738333333333,0.137855,0.128665,0.111518333333333,0.0808683333333333,0.0792983333333333,0.0663483333333333,0.0621033333333333,0.0579266666666667,0.0466683333333333,0.0475766666666667,0.0325533333333333,0.0307483333333333,0.0272466666666667,0.0213283333333333,0.01405,0.0129183333333333,0.01274,0.0118816666666667,0.0101133333333333,0.008555,0.0110233333333333,0.00722333333333333,0.00631166666666667,0.00476166666666667,0.00272166666666667,0.00693666666666667,0.004195,0.00614833333333333,0.00463833333333333,0.00366333333333333,0.00122833333333333,0.003555,0.00309666666666667,0.00265833333333333,0.00307,0.00289333333333333,0.00309,0.00168166666666667,0.00123166666666667,0.00157666666666667,0.000433333333333333,0.000138333333333333,0.000816666666666667,0.000435,0.00159166666666667,0.00178666666666667,0.00216833333333333,0.000506666666666667,0.000545,0.000585,0.000626666666666667,0.000668333333333333,0.000198333333333333,0,1,0,0,0,0,0,0,1,1,1,1,1,1,1,1,1,1,1,1,1,1,1,1,1,1,1,1,1,1,1,1,1,1,1,1,1,1,1,1,1,1,1,1,1,1,1,1,1,1,1,1,1,1,1,1,1,1,1,1,1,1,1,1,1,1,1,1,1,1,1,1,1,1,1,1,1,1,1,1,0
2026-07-24 22:00:00,122.7677469,0,0,0,0,0,0,0.0984,5.60060166666667,19.0408983333333,24.2101116666667,18.11375,13.275625,11.73706,11.7639516666667,9.225125,3.64644,1.79186833333333,0.917326666666667,0.57908,0.44429,0.375511666666667,0.351565,0.32068,0.211915,0.147568333333333,0.0978083333333333,0.091925,0.0937833333333333,0.07436,0.0766916666666667,0.0596766666666667,0.0659716666666667,0.0575333333333333,0.0468066666666667,0.0400266666666667,0.0352266666666667,0.03076,0.0302916666666667,0.020085,0.01872,0.01335,0.0144883333333333,0.0133133333333333,0.0130066666666667,0.00641333333333333,0.00448166666666667,0.00680333333333333,0.00264666666666667,0.00751666666666667,0.00239833333333333,0.00433833333333333,0.00328,0.00408333333333333,0.00278166666666667,0.00354166666666667,0.000515,0.00283833333333333,0.00217333333333333,0.00211833333333333,0.001785,0.00128,0.00234666666666667,0.00345,0.00346333333333333,0.0005,0.001265,0.00112833333333333,0.00055,0.000223333333333333,0.00119833333333333,0.000653333333333333,0.00013,0.00038,0.000408333333333333,0.000438333333333333,0.00047,0.000501666666666667,0.000148333333333333,0,1,0,0,0,0,0,0,1,1,1,1,1,1,1,1,1,1,1,1,1,1,1,1,1,1,1,1,1,1,1,1,1,1,1,1,1,1,1,1,1,1,1,1,1,1,1,1,1,1,1,1,1,1,1,1,1,1,1,1,1,1,1,1,1,1,1,1,1,1,1,1,1,1,1,1,1,1,1,1,0
2026-07-24 23:00:00,124.3463052,0,0,0,0,0,0,0.10901,5.58457833333333,19.17058,24.4494333333333,18.5301816666667,13.6676483333333,11.8961316666667,11.679055,9.464105,3.57583166666667,1.70298666666667,0.920321666666667,0.573036666666667,0.427905,0.348291666666667,0.31163,0.287416666666667,0.208638333333333,0.147341666666667,0.097815,0.08784,0.096975,0.0769266666666667,0.080805,0.067495,0.06812,0.0530183333333333,0.0507316666666667,0.0452383333333333,0.0450133333333333,0.0337083333333333,0.030385,0.0217016666666667,0.0161333333333333,0.0203533333333333,0.0110433333333333,0.01042,0.00784333333333333,0.009015,0.00668666666666667,0.00671833333333333,0.00612666666666667,0.00580666666666667,0.00414666666666667,0.00382,0.00373666666666667,0.00504,0.00219166666666667,0.00179666666666667,0.00185166666666667,0.00143333333333333,0.00106166666666667,0.000911666666666667,0.000855,0.00232333333333333,0.000661666666666667,0,0.00119333333333333,0.001345,0.000283333333333333,0.00168666666666667,0.00055,0,0.000588333333333333,0.0004,0.000296666666666667,0.000126666666666667,0.000136666666666667,0.000146666666666667,0.000156666666666667,0.000166666666666667,0.00005,0,1,0,0,0,0,0,0,1,1,1,1,1,1,1,1,1,1,1,1,1,1,1,1,1,1,1,1,1,1,1,1,1,1,1,1,1,1,1,1,1,1,1,1,1,1,1,1,1,1,1,1,1,1,1,1,1,1,1,1,1,1,1,1,1,1,1,1,1,1,1,1,1,1,1,1,1,1,1,1,0
2026-07-25,146.325689033333,0,0,0,0,0,0,0.12567,6.31758,21.1376633333333,27.90869,21.8496533333333,16.55234,14.7153733333333,13.766315,12.26933,4.88232666666667,2.02550333333333,1.050095,0.636936666666667,0.46271,0.390588333333333,0.357911666666667,0.31825,0.200845,0.146833333333333,0.100943333333333,0.0942666666666667,0.087745,0.068945,0.0667433333333333,0.0549383333333333,0.054925,0.045045,0.048985,0.0439683333333333,0.040915,0.036625,0.027165,0.0166666666666667,0.0168966666666667,0.0115016666666667,0.00931333333333333,0.0109066666666667,0.0122616666666667,0.00530166666666667,0.00671833333333333,0.00657833333333333,0.00500333333333333,0.00649666666666667,0.00414666666666667,0.00243333333333333,0.00298666666666667,0.004585,0.00219166666666667,0.00465833333333333,0.00160666666666667,0.00166333333333333,0.000801666666666667,0.00229333333333333,0.00246333333333333,0.000853333333333333,0.000323333333333333,0.000526666666666667,0.000423333333333333,0,0,0.00084,0,0,0.000173333333333333,0.00024,0.0000433333333333333,0.000126666666666667,0.000136666666666667,0.000146666666666667,0.000156666666666667,0.000166666666666667,0.00005,0,1,0,0,0,0,0,0,1,1,1,1,1,1,1,1,1,1,1,1,1,1,1,1,1,1,1,1,1,1,1,1,1,1,1,1,1,1,1,1,1,1,1,1,1,1,1,1,1,1,1,1,1,1,1,1,1,1,1,1,1,1,1,1,1,1,1,1,1,1,1,1,1,1,1,1,1,1,1,1,0
2026-07-25 01:00:00,131.821984283333,0,0,0,0,0,0,0.121743333333333,5.48672666666667,18.795065,24.97926,19.7594633333333,14.7350116666667,13.0130483333333,12.3751166666667,11.212685,4.77672,2.04274833333333,1.03224,0.597836666666667,0.45779,0.38163,0.37534,0.337118333333333,0.220735,0.151121666666667,0.105023333333333,0.0931216666666667,0.0814683333333333,0.0729216666666667,0.064505,0.0514583333333333,0.0482466666666667,0.0477433333333333,0.043585,0.0517216666666667,0.03896,0.0257716666666667,0.0212983333333333,0.0156233333333333,0.01531,0.00952833333333333,0.00840333333333333,0.0119816666666667,0.00610666666666667,0.00847,0.00998,0.00817,0.00533,0.00537,0.00379333333333333,0.00462166666666667,0.00250666666666667,0.00410666666666667,0.00381166666666667,0.00364666666666667,0.00362333333333333,0.00229333333333333,0.00106,0.00176833333333333,0.00171,0.00019,0.000236666666666667,0.00085,0.00119333333333333,0.0000766666666666667,0.000421666666666667,0.000708333333333333,0.000131666666666667,0,0.000588333333333333,0.00024,0.000433333333333333,0.0000633333333333333,0.0000683333333333333,0.0000733333333333333,0.0000783333333333333,0.0000833333333333333,0.000025,0,1,0,0,0,0,0,0,1,1,1,1,1,1,1,1,1,1,1,1,1,1,1,1,1,1,1,1,1,1,1,1,1,1,1,1,1,1,1,1,1,1,1,1,1,1,1,1,1,1,1,1,1,1,1,1,1,1,1,1,1,1,1,1,1,1,1,1,1,1,1,1,1,1,1,1,1,1,1,1,0
2026-07-25 02:00:00,135.431982533333,0,0,0,0,0,0,0.116333333333333,5.57469833333333,19.182475,25.688735,20.527425,15.5481866666667,13.40708,12.7550616666667,11.66933,4.81156833333333,2.08739333333333,1.04300833333333,0.621355,0.437235,0.384908333333333,0.37537,0.335211666666667,0.212826666666667,0.150403333333333,0.101026666666667,0.09298,0.0748783333333333,0.06497,0.0726316666666667,0.0538316666666667,0.04537,0.041765,0.0425,0.0399266666666667,0.0312883333333333,0.0285133333333333,0.01694,0.0165333333333333,0.0165533333333333,0.0132466666666667,0.01147,0.0124966666666667,0.00799666666666667,0.00958,0.00622833333333333,0.00527333333333333,0.00618,0.00738333333333333,0.00633666666666667,0.00251666666666667,0.00166333333333333,0.001365,0.002845,0.00179666666666667,0.00271166666666667,0.002895,0.002605,0.00161166666666667,0.00186,0.000853333333333333,0.000748333333333333,0.0013,0.0005,0.000423333333333333,0,0,0,0.000416666666666667,0.000173333333333333,0.00024,0,0,0,0,0,0,0,0,1,0,0,0,0,0,0,1,1,1,1,1,1,1,1,1,1,1,1,1,1,1,1,1,1,1,1,1,1,1,1,1,1,1,1,1,1,1,1,1,1,1,1,1,1,1,1,1,1,1,1,1,1,1,1,1,1,1,1,1,1,1,1,1,1,1,1,1,1,1,1,1,1,1,1,1,1,1,1,0
2026-07-25 03:00:00,209.49312245,0,0,0,0,0,0,0.193901666666667,8.61797833333333,27.0890616666667,35.17927,28.81277,23.2487633333333,21.1818466666667,20.6567666666667,19.9124066666667,10.3687816666667,4.49248666666667,2.24119166666667,1.33192666666667,0.951843333333333,0.765053333333333,0.695558333333333,0.589896666666667,0.402408333333333,0.253946666666667,0.196613333333333,0.143653333333333,0.11713,0.106176666666667,0.0856366666666667,0.068765,0.0640133333333333,0.05168,0.0495166666666667,0.044695,0.0402333333333333,0.024365,0.0258316666666667,0.0162083333333333,0.0126266666666667,0.0130216666666667,0.0121533333333333,0.00883166666666667,0.00902166666666667,0.00843666666666667,0.00700833333333333,0.00635833333333333,0.0062,0.00539166666666667,0.00411666666666667,0.00381666666666667,0.00212,0.00415333333333333,0.00176,0.0039,0.00365333333333333,0.001835,0.00229333333333333,0.00157,0.001535,0.00147,0.00141,0.000951666666666667,0.000423333333333333,0.00077,0.000496666666666667,0.000708333333333333,0.00055,0,0.000588333333333333,0.00024,0.000455,0.000126666666666667,0.000136666666666667,0.000146666666666667,0.000156666666666667,0.000166666666666667,0.00005,0,1,0,0,0,0,0,0,1,1,1,1,1,1,1,1,1,1,1,1,1,1,1,1,1,1,1,1,1,1,1,1,1,1,1,1,1,1,1,1,1,1,1,1,1,1,1,1,1,1,1,1,1,1,1,1,1,1,1,1,1,1,1,1,1,1,1,1,1,1,1,1,1,1,1,1,1,1,1,1,0
2026-07-25 04:00:00,293.070325233333,0,0,0,0,0,0,0.262785,11.291135,35.3846516666667,45.8324816666667,38.541665,31.9853116666667,30.2672366666667,30.3060233333333,29.4959,17.61238,7.85739,3.93542833333333,2.28477166666667,1.59811666666667,1.26211833333333,1.12879166666667,0.948975,0.662845,0.437835,0.336143333333333,0.264488333333333,0.217466666666667,0.16674,0.144956666666667,0.113466666666667,0.104896666666667,0.08424,0.0634916666666667,0.0732133333333333,0.0417966666666667,0.0390983333333333,0.0309016666666667,0.0227316666666667,0.0244483333333333,0.0136033333333333,0.01425,0.0140266666666667,0.00968333333333333,0.00777,0.00959333333333333,0.00917666666666667,0.00772,0.00919833333333333,0.00682666666666667,0.00425333333333333,0.00501333333333333,0.00406,0.003715,0.00251833333333333,0.001905,0.00169166666666667,0.00166166666666667,0.00169,0.00178666666666667,0.00227666666666667,0.001985,0.00123666666666667,0.000846666666666667,0.000461666666666667,0.000705,0.000558333333333333,0.000796666666666667,0.000453333333333333,0.000415,0,0.000866666666666667,0.000126666666666667,0.000136666666666667,0.000146666666666667,0.000156666666666667,0.000166666666666667,0.00005,0,1,0,0,0,0,0,0,1,1,1,1,1,1,1,1,1,1,1,1,1,1,1,1,1,1,1,1,1,1,1,1,1,1,1,1,1,1,1,1,1,1,1,1,1,1,1,1,1,1,1,1,1,1,1,1,1,1,1,1,1,1,1,1,1,1,1,1,1,1,1,1,1,1,1,1,1,1,1,1,0
2026-07-25 05:00:00,280.9554639,0,0,0,0,0,0,0.242496666666667,11.0656633333333,33.7608333333333,42.8579533333333,35.6824066666667,30.5075066666667,29.38654,29.7122616666667,29.5016666666667,17.1207183333333,7.35056333333333,3.66735166666667,2.05921333333333,1.54684166666667,1.22000333333333,1.07888,0.925291666666667,0.641243333333333,0.421956666666667,0.31568,0.232291666666667,0.18755,0.143416666666667,0.125886666666667,0.122386666666667,0.0943066666666667,0.082385,0.0783783333333333,0.048425,0.0548566666666667,0.0497816666666667,0.03412,0.030325,0.0274083333333333,0.0168683333333333,0.0198733333333333,0.0118583333333333,0.012325,0.0154933333333333,0.0118066666666667,0.008085,0.00806333333333333,0.00830333333333333,0.00545833333333333,0.005595,0.00453333333333333,0.00266,0.004465,0.00612666666666667,0.00283833333333333,0.00103166666666667,0.00363666666666667,0.001515,0.00068,0.00170666666666667,0.00085,0,0,0.000693333333333333,0.00015,0,0,0.000863333333333333,0.00163166666666667,0,0.000065,0.00019,0.000205,0.00022,0.000235,0.00025,0.000075,0,1,0,0,0,0,0,0,1,1,1,1,1,1,1,1,1,1,1,1,1,1,1,1,1,1,1,1,1,1,1,1,1,1,1,1,1,1,1,1,1,1,1,1,1,1,1,1,1,1,1,1,1,1,1,1,1,1,1,1,1,1,1,1,1,1,1,1,1,1,1,1,1,1,1,1,1,1,1,1,0
2026-07-25 06:00:00,212.580525733333,0,0,0,0,0,0,0.195343333333333,8.34096666666667,25.341015,32.2085666666667,26.8096366666667,23.0940983333333,22.5882883333333,23.1762516666667,23.3665233333333,12.176085,5.47618333333333,2.70552833333333,1.57667333333333,1.21341333333333,1.03865333333333,0.915376666666667,0.809661666666667,0.511435,0.33509,0.233086666666667,0.192446666666667,0.158533333333333,0.123276666666667,0.118676666666667,0.0922533333333333,0.0922383333333333,0.0739866666666667,0.062775,0.0516033333333333,0.0520083333333333,0.0418483333333333,0.0305083333333333,0.023,0.0199233333333333,0.0166416666666667,0.01707,0.0127133333333333,0.010465,0.0140983333333333,0.00918833333333333,0.009185,0.00440333333333333,0.00507,0.00592166666666667,0.00414666666666667,0.00373666666666667,0.00252,0.00296666666666667,0.00156,0.002665,0.00266666666666667,0.00197333333333333,0.001985,0.00100666666666667,0.00170666666666667,0,0.00204833333333333,0.0005,0,0.000843333333333333,0.000288333333333333,0.001765,0.0000366666666666667,0,0,0.000433333333333333,0.0000633333333333333,0.0000683333333333333,0.0000733333333333333,0.0000783333333333333,0.0000833333333333333,0.000025,0,1,0,0,0,0,0,0,1,1,1,1,1,1,1,1,1,1,1,1,1,1,1,1,1,1,1,1,1,1,1,1,1,1,1,1,1,1,1,1,1,1,1,1,1,1,1,1,1,1,1,1,1,1,1,1,1,1,1,1,1,1,1,1,1,1,1,1,1,1,1,1,1,1,1,1,1,1,1,1,0
2026-07-25 07:00:00,189.33648685,0,0,0,0,0,0,0.15017,6.79811333333333,21.9694066666667,28.4562583333333,23.6419083333333,19.96261,19.8044083333333,21.0816616666667,20.8060116666667,10.8368716666667,4.80203333333333,2.524105,1.53082666666667,1.16424,0.996916666666667,0.890735,0.796905,0.529265,0.34192,0.208798333333333,0.160413333333333,0.14903,0.117983333333333,0.105881666666667,0.0710866666666667,0.0724166666666667,0.05925,0.0548283333333333,0.0517333333333333,0.0492183333333333,0.0464316666666667,0.0298533333333333,0.0219033333333333,0.0308383333333333,0.0144716666666667,0.0173166666666667,0.008945,0.00958333333333333,0.00765666666666667,0.0108733333333333,0.01222,0.00788166666666667,0.0029,0.00627166666666667,0.00680833333333333,0.00294,0.00254333333333333,0.00410333333333333,0.00369833333333333,0.00228166666666667,0.00229333333333333,0.00154833333333333,0.00206333333333333,0.00093,0.00384,0.000425,0.00162333333333333,0.00177,0,0.000988333333333333,0.00111666666666667,0.000418333333333333,0,0.000415,0.00016,0.000296666666666667,0.000126666666666667,0.000136666666666667,0.000146666666666667,0.000156666666666667,0.000166666666666667,0.00005,0,1,0,0,0,0,0,0,1,1,1,1,1,1,1,1,1,1,1,1,1,1,1,1,1,1,1,1,1,1,1,1,1,1,1,1,1,1,1,1,1,1,1,1,1,1,1,1,1,1,1,1,1,1,1,1,1,1,1,1,1,1,1,1,1,1,1,1,1,1,1,1,1,1,1,1,1,1,1,1,0
2026-07-25 08:00:00,202.429965466667,0,0,0,0,0,0,0.156853333333333,7.299735,23.4767416666667,30.5855416666667,25.3944766666667,22.0066983333333,21.9173266666667,23.485605,22.2049183333333,10.8490533333333,4.86295833333333,2.60824833333333,1.56985333333333,1.22861333333333,1.06686833333333,0.963493333333333,0.83772,0.544753333333333,0.332743333333333,0.2279,0.182178333333333,0.149871666666667,0.113571666666667,0.100046666666667,0.090095,0.092055,0.0722133333333333,0.0501666666666667,0.0570466666666667,0.0409066666666667,0.0407216666666667,0.0359966666666667,0.021225,0.0214266666666667,0.01992,0.0118383333333333,0.0129516666666667,0.00887166666666667,0.0104266666666667,0.0102833333333333,0.00852,0.00893333333333333,0.00615833333333333,0.00487333333333333,0.00225333333333333,0.00503666666666667,0.00324333333333333,0.00381166666666667,0.00678,0.00499166666666667,0.004245,0.00357833333333333,0.00199833333333333,0.00281333333333333,0.00104333333333333,0.00108666666666667,0.00208666666666667,0.000846666666666667,0.00122833333333333,0.000918333333333333,0,0.000418333333333333,0.00169666666666667,0.000801666666666667,0,0.0000433333333333333,0.000126666666666667,0.000136666666666667,0.000146666666666667,0.000156666666666667,0.000166666666666667,0.00005,0,1,0,0,0,0,0,0,1,1,1,1,1,1,1,1,1,1,1,1,1,1,1,1,1,1,1,1,1,1,1,1,1,1,1,1,1,1,1,1,1,1,1,1,1,1,1,1,1,1,1,1,1,1,1,1,1,1,1,1,1,1,1,1,1,1,1,1,1,1,1,1,1,1,1,1,1,1,1,1,0
2026-07-25 09:00:00,189.595448283333,0,0,0,0,0,0,0.154353333333333,7.77125666666667,23.8742916666667,29.9593166666667,24.1236983333333,20.5980883333333,20.5911716666667,22.0627516666667,19.3486166666667,8.40315833333333,3.689275,1.95543,1.25672666666667,0.946061666666667,0.818825,0.777828333333333,0.69618,0.441028333333333,0.271601666666667,0.190566666666667,0.170205,0.127891666666667,0.09952,0.107928333333333,0.073325,0.08386,0.067945,0.05887,0.0534,0.0424916666666667,0.04225,0.0408833333333333,0.029385,0.02507,0.0197166666666667,0.014455,0.019055,0.0105233333333333,0.0129716666666667,0.00797666666666667,0.00721833333333333,0.008915,0.006955,0.008145,0.00807166666666667,0.00665166666666667,0.005765,0.00663,0.00469333333333333,0.00251833333333333,0.001835,0.003955,0.00112,0.00203833333333333,0.002465,0.00201833333333333,0.00182666666666667,0.0000766666666666667,0.000768333333333333,0.00162333333333333,0.00210666666666667,0.000131666666666667,0.00147333333333333,0.00161166666666667,0.000653333333333333,0.000151666666666667,0.000443333333333333,0.000476666666666667,0.000511666666666667,0.000548333333333333,0.000585,0.000173333333333333,0,1,0,0,0,0,0,0,1,1,1,1,1,1,1,1,1,1,1,1,1,1,1,1,1,1,1,1,1,1,1,1,1,1,1,1,1,1,1,1,1,1,1,1,1,1,1,1,1,1,1,1,1,1,1,1,1,1,1,1,1,1,1,1,1,1,1,1,1,1,1,1,1,1,1,1,1,1,1,1,0
2026-07-25 10:00:00,180.991769133333,0,0,0,0,0,0,0.184716666666667,7.43606166666667,23.1213733333333,29.0000333333333,23.6005316666667,20.1479866666667,20.0750166666667,21.036865,18.665975,7.41187,3.10648833333333,1.67944,1.02832166666667,0.787235,0.704458333333333,0.645973333333333,0.550331666666667,0.340778333333333,0.235293333333333,0.151955,0.127055,0.10595,0.085025,0.0913366666666667,0.0648283333333333,0.068145,0.062675,0.04364,0.04588,0.0405566666666667,0.0388716666666667,0.0303416666666667,0.0307366666666667,0.02084,0.0144583333333333,0.00925666666666667,0.0130783333333333,0.01422,0.00911833333333333,0.0118916666666667,0.0106983333333333,0.00909666666666667,0.00707333333333333,0.00957833333333333,0.00581833333333333,0.00674333333333333,0.00439833333333333,0.003855,0.00500166666666667,0.00545,0.002465,0.00453,0.00216333333333333,0.00196166666666667,0.00161333333333333,0.00286833333333333,0.00360333333333333,0.000846666666666667,0.00126833333333333,0.001265,0.00154833333333333,0.00180666666666667,0.00169666666666667,0.00056,0.000653333333333333,0.000151666666666667,0.000443333333333333,0.000476666666666667,0.000511666666666667,0.000548333333333333,0.000585,0.000173333333333333,0,1,0,0,0,0,0,0,1,1,1,1,1,1,1,1,1,1,1,1,1,1,1,1,1,1,1,1,1,1,1,1,1,1,1,1,1,1,1,1,1,1,1,1,1,1,1,1,1,1,1,1,1,1,1,1,1,1,1,1,1,1,1,1,1,1,1,1,1,1,1,1,1,1,1,1,1,1,1,1,0
2026-07-25 11:00:00,133.10090495,0,0,0,0,0,0,0.12468,5.64130833333333,17.0128033333333,21.57813,17.5884866666667,14.9553583333333,14.638565,14.9745766666667,14.2400766666667,5.94147833333333,2.26904333333333,1.15912,0.703006666666667,0.503353333333333,0.442433333333333,0.425745,0.374386666666667,0.246636666666667,0.143088333333333,0.100395,0.075955,0.073565,0.0547816666666667,0.061905,0.04163,0.0462966666666667,0.041545,0.0341633333333333,0.0331516666666667,0.0298316666666667,0.031155,0.0178516666666667,0.0164066666666667,0.01096,0.0137883333333333,0.0160116666666667,0.01792,0.0117933333333333,0.0125433333333333,0.010345,0.01041,0.00837166666666667,0.00756166666666667,0.00645,0.00763666666666667,0.00588,0.00464333333333333,0.00322,0.00458833333333333,0.00545833333333333,0.003985,0.003065,0.00534666666666667,0.00374166666666667,0.00123166666666667,0.00379,0.00298166666666667,0.002925,0.00165166666666667,0.000993333333333333,0.000708333333333333,0.00262166666666667,0.00274333333333333,0.00161333333333333,0.00122666666666667,0.00107666666666667,0.00120333333333333,0.00129833333333333,0.00139333333333333,0.00148833333333333,0.00158333333333333,0.000475,0,1,0,0,0,0,0,0,1,1,1,1,1,1,1,1,1,1,1,1,1,1,1,1,1,1,1,1,1,1,1,1,1,1,1,1,1,1,1,1,1,1,1,1,1,1,1,1,1,1,1,1,1,1,1,1,1,1,1,1,1,1,1,1,1,1,1,1,1,1,1,1,1,1,1,1,1,1,1,1,0
2026-07-25 12:00:00,73.2703775166667,0,0,0,0,0,0,0.065845,3.09774,9.43211333333333,12.2551883333333,9.935095,8.20386,7.60989833333333,7.32004666666667,7.45713666666667,3.58031,1.14396666666667,0.600541666666667,0.335641666666667,0.249323333333333,0.205135,0.206818333333333,0.184366666666667,0.12701,0.080345,0.0489683333333333,0.0508833333333333,0.0452033333333333,0.0435966666666667,0.03665,0.0273866666666667,0.03119,0.0270116666666667,0.018615,0.01867,0.01316,0.0183683333333333,0.0155383333333333,0.0119433333333333,0.0120216666666667,0.0122733333333333,0.01036,0.0125583333333333,0.0112716666666667,0.009465,0.00904333333333333,0.00534333333333333,0.008915,0.006035,0.00594833333333333,0.00631333333333333,0.00506,0.00372166666666667,0.00605833333333333,0.00523,0.00459333333333333,0.00455833333333333,0.006135,0.00459166666666667,0.00221333333333333,0.00298666666666667,0.00244833333333333,0.00296166666666667,0.004695,0.00323166666666667,0.00374333333333333,0.001405,0.00218333333333333,0.00109333333333333,0.000366666666666667,0.00164,0.00151,0.00126666666666667,0.00135666666666667,0.00145666666666667,0.00156666666666667,0.00167666666666667,0.00049,0,1,0,0,0,0,0,0,1,1,1,1,1,1,1,1,1,1,1,1,1,1,1,1,1,1,1,1,1,1,1,1,1,1,1,1,1,1,1,1,1,1,1,1,1,1,1,1,1,1,1,1,1,1,1,1,1,1,1,1,1,1,1,1,1,1,1,1,1,1,1,1,1,1,1,1,1,1,1,1,0
2026-07-25 13:00:00,75.6919537666667,0,0,0,0,0,0,0.08252,3.16964666666667,9.93641833333333,12.9047033333333,10.5252,8.53274833333333,7.99735666666667,7.68752333333333,7.92663166666667,3.31876333333333,1.13270166666667,0.60287,0.314425,0.245201666666667,0.217673333333333,0.1994,0.193271666666667,0.111548333333333,0.071905,0.0550283333333333,0.04599,0.041665,0.03916,0.0342133333333333,0.032065,0.0300533333333333,0.02802,0.025145,0.0234216666666667,0.0235416666666667,0.0174533333333333,0.0210266666666667,0.0137266666666667,0.0111066666666667,0.0128116666666667,0.0128,0.009005,0.00890666666666667,0.00816166666666667,0.00629166666666667,0.00925,0.00639833333333333,0.00741833333333333,0.00666333333333333,0.004965,0.00824666666666667,0.00581,0.00708,0.003955,0.00319833333333333,0.003525,0.00309833333333333,0.00333833333333333,0.00367166666666667,0.00275,0.00226,0.0047,0.002925,0.00180666666666667,0.00183166666666667,0.00127333333333333,0.00106,0.00317666666666667,0.000955,0.00105333333333333,0.000901666666666667,0.000696666666666667,0.000748333333333333,0.000803333333333333,0.000861666666666667,0.00092,0.000271666666666667,0,1,0,0,0,0,0,0,1,1,1,1,1,1,1,1,1,1,1,1,1,1,1,1,1,1,1,1,1,1,1,1,1,1,1,1,1,1,1,1,1,1,1,1,1,1,1,1,1,1,1,1,1,1,1,1,1,1,1,1,1,1,1,1,1,1,1,1,1,1,1,1,1,1,1,1,1,1,1,1,0
2026-07-25 14:00:00,76.0045565166667,0,0,0,0,0,0,0.0875316666666667,3.221545,9.86160333333333,13.075245,10.7735783333333,8.516765,7.81554833333333,7.45735666666667,7.68289833333333,3.253185,1.142205,0.59915,0.308288333333333,0.24234,0.233395,0.20955,0.186243333333333,0.135268333333333,0.08788,0.0623766666666667,0.060475,0.0463883333333333,0.0389316666666667,0.0482633333333333,0.0351033333333333,0.04103,0.0304333333333333,0.0278983333333333,0.0321633333333333,0.0258316666666667,0.0184016666666667,0.0153416666666667,0.0123733333333333,0.01796,0.017855,0.0122916666666667,0.0139866666666667,0.0149966666666667,0.007385,0.00846666666666667,0.011425,0.010295,0.00990166666666667,0.00908833333333333,0.00902166666666667,0.00886,0.009115,0.00591333333333333,0.00589666666666667,0.00521333333333333,0.006365,0.00318333333333333,0.00522666666666667,0.003065,0.00469333333333333,0.00234666666666667,0.00480166666666667,0.00361833333333333,0.00315,0.003455,0.003355,0.00205166666666667,0.00192666666666667,0.00303,0.00130666666666667,0.00127833333333333,0.00133,0.00143166666666667,0.00153666666666667,0.001645,0.00175333333333333,0.000521666666666667,0,1,0,0,0,0,0,0,1,1,1,1,1,1,1,1,1,1,1,1,1,1,1,1,1,1,1,1,1,1,1,1,1,1,1,1,1,1,1,1,1,1,1,1,1,1,1,1,1,1,1,1,1,1,1,1,1,1,1,1,1,1,1,1,1,1,1,1,1,1,1,1,1,1,1,1,1,1,1,1,0
2026-07-25 15:00:00,265.57122,0,0,0,0,0,0,0.246841666666667,10.5169716666667,33.10613,44.2273733333333,36.835665,30.042335,27.59168,26.5136433333333,25.1915533333333,14.7519633333333,5.91145833333333,2.67360666666667,1.48273333333333,1.015595,0.805983333333333,0.714393333333333,0.617951666666667,0.44205,0.311808333333333,0.221286666666667,0.181153333333333,0.171593333333333,0.143566666666667,0.14028,0.122533333333333,0.100538333333333,0.0818966666666667,0.0793666666666667,0.0726933333333333,0.0612133333333333,0.0509966666666667,0.0445816666666667,0.0411733333333333,0.026575,0.02592,0.0172383333333333,0.018115,0.019885,0.0143483333333333,0.0150616666666667,0.0141033333333333,0.0100933333333333,0.00898166666666667,0.0100616666666667,0.00765666666666667,0.00672166666666667,0.00893833333333333,0.00647833333333333,0.00825166666666667,0.006745,0.0043,0.00602,0.00556666666666667,0.00331833333333333,0.00412333333333333,0.00334166666666667,0.00317833333333333,0.00411833333333333,0.00123166666666667,0.00169833333333333,0.003235,0.00273333333333333,0.00170333333333333,0.00117666666666667,0.00188,0.00293833333333333,0.001835,0.001975,0.00212,0.00227166666666667,0.00242333333333333,0.000718333333333333,0,1,0,0,0,0,0,0,1,1,1,1,1,1,1,1,1,1,1,1,1,1,1,1,1,1,1,1,1,1,1,1,1,1,1,1,1,1,1,1,1,1,1,1,1,1,1,1,1,1,1,1,1,1,1,1,1,1,1,1,1,1,1,1,1,1,1,1,1,1,1,1,1,1,1,1,1,1,1,1,0
2026-07-25 16:00:00,301.3105934,0,0,0,0,0,0,0.322858333333333,12.807675,39.4682116666667,51.18794,41.6828716666667,34.1632916666667,31.2754983333333,30.15983,26.86508,14.2312066666667,5.85736666666667,2.78682,1.672635,1.22713,0.934328333333333,0.829406666666667,0.684566666666667,0.524961666666667,0.370305,0.284743333333333,0.242991666666667,0.215476666666667,0.18302,0.192186666666667,0.131325,0.139521666666667,0.1162,0.102628333333333,0.09475,0.0807283333333333,0.0706333333333333,0.0574383333333333,0.043105,0.03107,0.0299033333333333,0.02067,0.017615,0.0152783333333333,0.0137316666666667,0.0106266666666667,0.0112083333333333,0.00556166666666667,0.00637,0.00738833333333333,0.00671333333333333,0.00749833333333333,0.00648,0.0048,0.00516,0.00225333333333333,0.00318166666666667,0.003955,0.00333833333333333,0.00367166666666667,0.00104333333333333,0.002685,0.00218833333333333,0.00119333333333333,0.000115,0.000843333333333333,0.00168,0.000418333333333333,0.00064,0.00143833333333333,0.000573333333333333,0.000773333333333333,0.000316666666666667,0.000341666666666667,0.000366666666666667,0.000391666666666667,0.000416666666666667,0.000125,0,1,0,0,0,0,0,0,1,1,1,1,1,1,1,1,1,1,1,1,1,1,1,1,1,1,1,1,1,1,1,1,1,1,1,1,1,1,1,1,1,1,1,1,1,1,1,1,1,1,1,1,1,1,1,1,1,1,1,1,1,1,1,1,1,1,1,1,1,1,1,1,1,1,1,1,1,1,1,1,0
2026-07-25 17:00:00,279.627624216667,0,0,0,0,0,0,0.317096666666667,12.32051,35.7436383333333,44.9174933333333,36.6844416666667,30.7067433333333,28.6421466666667,27.819,26.7132516666667,15.3192683333333,6.41216666666667,3.32454166666667,2.09103333333333,1.452445,1.16080166666667,1.03023166666667,0.851431666666667,0.627771666666667,0.460208333333333,0.359823333333333,0.287461666666667,0.27217,0.215206666666667,0.211045,0.154013333333333,0.156565,0.133805,0.118951666666667,0.0923966666666667,0.08403,0.0737883333333333,0.0447166666666667,0.044655,0.0340316666666667,0.02608,0.0190266666666667,0.0138,0.0117016666666667,0.00781833333333333,0.00911166666666667,0.00687,0.00583333333333333,0.00366833333333333,0.00455333333333333,0.00468666666666667,0.00417,0.00395666666666667,0.00120666666666667,0.00257166666666667,0.00145,0.001835,0.00272166666666667,0.00046,0.00135833333333333,0.000853333333333333,0.000323333333333333,0.0013,0.000923333333333333,0.000423333333333333,0.000843333333333333,0,0.000418333333333333,0,0,0.000413333333333333,0.0000216666666666667,0.0000633333333333333,0.0000683333333333333,0.0000733333333333333,0.0000783333333333333,0.0000833333333333333,0.000025,0,1,0,0,0,0,0,0,1,1,1,1,1,1,1,1,1,1,1,1,1,1,1,1,1,1,1,1,1,1,1,1,1,1,1,1,1,1,1,1,1,1,1,1,1,1,1,1,1,1,1,1,1,1,1,1,1,1,1,1,1,1,1,1,1,1,1,1,1,1,1,1,1,1,1,1,1,1,1,1,0
2026-07-25 18:00:00,151.68617915,0,0,0,0,0,0,0.19729,7.47505166666667,20.991105,25.292745,20.4921466666667,16.5729833333333,15.2405366666667,14.619025,13.830655,7.68229166666667,3.25676666666667,1.794885,1.12062,0.864523333333333,0.687021666666667,0.621301666666667,0.52767,0.378651666666667,0.27649,0.237618333333333,0.211785,0.184511666666667,0.152825,0.138181666666667,0.119545,0.106543333333333,0.0925066666666667,0.085685,0.070565,0.057705,0.0488433333333333,0.03668,0.0310033333333333,0.0236266666666667,0.0169833333333333,0.0146333333333333,0.0141333333333333,0.0122383333333333,0.0109816666666667,0.006665,0.009045,0.00453166666666667,0.00626666666666667,0.00428666666666667,0.00534333333333333,0.00342,0.00396666666666667,0.00276333333333333,0.00179666666666667,0.00400166666666667,0.001605,0.00281166666666667,0.00113333333333333,0.000426666666666667,0.00185,0.00145833333333333,0.000101666666666667,0.000808333333333333,0.0000383333333333333,0.000705,0.000558333333333333,0.000816666666666667,0.000658333333333333,0.00102333333333333,0,0.000108333333333333,0.000316666666666667,0.000341666666666667,0.000366666666666667,0.000391666666666667,0.000416666666666667,0.000125,0,1,0,0,0,0,0,0,1,1,1,1,1,1,1,1,1,1,1,1,1,1,1,1,1,1,1,1,1,1,1,1,1,1,1,1,1,1,1,1,1,1,1,1,1,1,1,1,1,1,1,1,1,1,1,1,1,1,1,1,1,1,1,1,1,1,1,1,1,1,1,1,1,1,1,1,1,1,1,1,0
2026-07-25 19:00:00,52.12259675,0,0,0,0,0,0,0.09965,3.79162333333333,9.38186,9.92109333333333,7.09191333333333,5.236155,4.43221833333333,4.00695166666667,3.33112,1.82754333333333,0.878368333333333,0.46228,0.313495,0.225798333333333,0.180851666666667,0.172041666666667,0.158043333333333,0.110808333333333,0.079815,0.0621033333333333,0.0634183333333333,0.0481766666666667,0.0456983333333333,0.0344016666666667,0.029555,0.0258283333333333,0.0256816666666667,0.0181833333333333,0.018395,0.016805,0.011335,0.00989833333333333,0.00774333333333333,0.00717666666666667,0.00601166666666667,0.002145,0.00592666666666667,0.003795,0.00464,0.00114166666666667,0.00246166666666667,0.00349833333333333,0.00272666666666667,0.003325,0.00451833333333333,0.00335,0.00418,0.002535,0.00156,0.00129,0.000601666666666667,0.00229166666666667,0.00157,0.000251666666666667,0.00123166666666667,0.00122166666666667,0.000526666666666667,0.000846666666666667,0.000346666666666667,0.000075,0,0,0,0.00083,0,0.000455,0.000126666666666667,0.000136666666666667,0.000146666666666667,0.000156666666666667,0.000166666666666667,0.00005,0,1,0,0,0,0,0,0,1,1,1,1,1,1,1,1,1,1,1,1,1,1,1,1,1,1,1,1,1,1,1,1,1,1,1,1,1,1,1,1,1,1,1,1,1,1,1,1,1,1,1,1,1,1,1,1,1,1,1,1,1,1,1,1,1,1,1,1,1,1,1,1,1,1,1,1,1,1,1,1,0
2026-07-25 20:00:00,75.5489777666667,0,0,0,0,0,0,0.10814,4.59710333333333,12.5076666666667,14.222325,10.7895833333333,8.15728833333333,6.997235,6.16647833333333,5.28848,2.50873666666667,1.12590166666667,0.616803333333333,0.349386666666667,0.25151,0.213401666666667,0.195313333333333,0.169083333333333,0.143183333333333,0.106796666666667,0.0807766666666667,0.0738133333333333,0.06171,0.0542733333333333,0.0494366666666667,0.0436633333333333,0.03517,0.0314883333333333,0.0237583333333333,0.026065,0.01755,0.0163883333333333,0.0143816666666667,0.0114416666666667,0.0075,0.00897166666666667,0.00644166666666667,0.00756333333333333,0.00467166666666667,0.00474,0.00257833333333333,0.004915,0.00409666666666667,0.00234,0.00233,0.00256,0.00123,0.00333666666666667,0.00221,0.000951666666666667,0.0000566666666666667,0.00166333333333333,0.001605,0.00011,0.000426666666666667,0.00128,0.000646666666666667,0.002715,0.0000383333333333333,0,0,0,0,0,0.000415,0,0.000433333333333333,0.0000633333333333333,0.0000683333333333333,0.0000733333333333333,0.0000783333333333333,0.0000833333333333333,0.000025,0,1,0,0,0,0,0,0,1,1,1,1,1,1,1,1,1,1,1,1,1,1,1,1,1,1,1,1,1,1,1,1,1,1,1,1,1,1,1,1,1,1,1,1,1,1,1,1,1,1,1,1,1,1,1,1,1,1,1,1,1,1,1,1,1,1,1,1,1,1,1,1,1,1,1,1,1,1,1,1,0
2026-07-25 21:00:00,98.0200061833333,0,0,0,0,0,0,0.124096666666667,5.42394333333333,15.3211066666667,18.3420966666667,14.0895816666667,10.7842583333333,9.429075,8.45404666666667,7.22488,3.08024666666667,1.31378,0.714945,0.39437,0.31272,0.260648333333333,0.260145,0.214928333333333,0.153451666666667,0.117973333333333,0.102675,0.0949966666666667,0.0742433333333333,0.0611016666666667,0.0752733333333333,0.0530433333333333,0.06008,0.05387,0.0397716666666667,0.0377933333333333,0.0341983333333333,0.0282633333333333,0.0170966666666667,0.0172416666666667,0.0142966666666667,0.00789166666666667,0.00800833333333333,0.00569,0.00640833333333333,0.00369,0.00445166666666667,0.00781333333333333,0.00308,0.00320833333333333,0.005405,0.00256166666666667,0.00332666666666667,0.00256666666666667,0.00257166666666667,0.00295,0.00319333333333333,0.00100333333333333,0.00106,0.00186666666666667,0.00118333333333333,0.000616666666666667,0.00056,0.000913333333333333,0.000808333333333333,0.000845,0.000075,0,0,0,0,0,0.0000216666666666667,0.0000633333333333333,0.0000683333333333333,0.0000733333333333333,0.0000783333333333333,0.0000833333333333333,0.000025,0,1,0,0,0,0,0,0,1,1,1,1,1,1,1,1,1,1,1,1,1,1,1,1,1,1,1,1,1,1,1,1,1,1,1,1,1,1,1,1,1,1,1,1,1,1,1,1,1,1,1,1,1,1,1,1,1,1,1,1,1,1,1,1,1,1,1,1,1,1,1,1,1,1,1,1,1,1,1,1,0
2026-07-25 22:00:00,123.927217233333,0,0,0,0,0,0,0.160468333333333,6.723925,19.3920416666667,23.4256166666667,18.0785783333333,14.0447283333333,12.130715,10.7963466666667,9.19335666666667,4.24875833333333,1.88873833333333,0.979888333333333,0.596048333333333,0.424261666666667,0.36341,0.321135,0.278488333333333,0.213458333333333,0.159475,0.121155,0.11934,0.110011666666667,0.09198,0.0931916666666667,0.0923116666666667,0.076035,0.0665866666666667,0.0504166666666667,0.0452716666666667,0.043205,0.0304616666666667,0.02738,0.0170933333333333,0.01959,0.01293,0.00818666666666667,0.01203,0.00750333333333333,0.00635833333333333,0.006345,0.00673333333333333,0.00451333333333333,0.00267333333333333,0.005295,0.00346833333333333,0.00166333333333333,0.002905,0.00100333333333333,0.00081,0.0018,0.00246666666666667,0.00174833333333333,0.00322833333333333,0.00068,0.00147,0.000985,0.000488333333333333,0.001655,0.000845,0.000496666666666667,0,0.000418333333333333,0,0.000173333333333333,0.00024,0.000823333333333333,0,0,0,0,0,0,0,1,0,0,0,0,0,0,1,1,1,1,1,1,1,1,1,1,1,1,1,1,1,1,1,1,1,1,1,1,1,1,1,1,1,1,1,1,1,1,1,1,1,1,1,1,1,1,1,1,1,1,1,1,1,1,1,1,1,1,1,1,1,1,1,1,1,1,1,1,1,1,1,1,1,1,1,1,1,1,0
2026-07-25 23:00:00,141.318356216667,0,0,0,0,0,0,0.192383333333333,7.56589666666667,21.8185316666667,26.2142266666667,20.6693666666667,16.2223,13.8351,12.179775,10.54134,5.13504333333333,2.275705,1.218835,0.734981666666667,0.551635,0.449668333333333,0.399193333333333,0.335668333333333,0.255021666666667,0.202655,0.1501,0.150245,0.132128333333333,0.103548333333333,0.113721666666667,0.0930683333333333,0.0925916666666667,0.06617,0.07399,0.054255,0.0588166666666667,0.0508683333333333,0.0370533333333333,0.0297383333333333,0.0192066666666667,0.0204716666666667,0.0197066666666667,0.0110216666666667,0.009845,0.00734,0.00943666666666667,0.00919333333333333,0.00556166666666667,0.00596,0.005545,0.00926333333333333,0.00212,0.00542666666666667,0.003055,0.00222833333333333,0.00225333333333333,0.00111666666666667,0.00183666666666667,0.00219666666666667,0.002135,0.00147,0.00215833333333333,0.000976666666666667,0.0005,0.000693333333333333,0.00127666666666667,0.000426666666666667,0.000131666666666667,0.000416666666666667,0.000415,0,0,0,0,0,0,0,0,0,1,0,0,0,0,0,0,1,1,1,1,1,1,1,1,1,1,1,1,1,1,1,1,1,1,1,1,1,1,1,1,1,1,1,1,1,1,1,1,1,1,1,1,1,1,1,1,1,1,1,1,1,1,1,1,1,1,1,1,1,1,1,1,1,1,1,1,1,1,1,1,1,1,1,1,1,1,1,1,0
2026-07-26,134.031751883333,0,0,0,0,0,0,0.174973333333333,7.20928,20.382765,24.4397933333333,19.309015,15.2575133333333,13.27244,11.9119816666667,10.18805,4.85714166666667,2.06477666666667,1.132825,0.699105,0.499193333333333,0.43561,0.411228333333333,0.347228333333333,0.259551666666667,0.212023333333333,0.146541666666667,0.142663333333333,0.13625,0.116653333333333,0.125246666666667,0.0922633333333333,0.092765,0.0874066666666667,0.0736366666666667,0.0696216666666667,0.06286,0.0493416666666667,0.04026,0.02922,0.0223566666666667,0.017975,0.0144333333333333,0.012255,0.0131533333333333,0.0108816666666667,0.00646166666666667,0.00679666666666667,0.00484166666666667,0.00338666666666667,0.00440166666666667,0.00572166666666667,0.00371333333333333,0.00329,0.00469333333333333,0.00399,0.001475,0.00100333333333333,0.00106,0.00108666666666667,0.00281333333333333,0.00189666666666667,0.00130833333333333,0.00059,0.000808333333333333,0.0005,0,0.00042,0.000418333333333333,0,0.00083,0,0.000476666666666667,0.00019,0.000205,0.00022,0.000235,0.00025,0.000075,0,1,0,0,0,0,0,0,1,1,1,1,1,1,1,1,1,1,1,1,1,1,1,1,1,1,1,1,1,1,1,1,1,1,1,1,1,1,1,1,1,1,1,1,1,1,1,1,1,1,1,1,1,1,1,1,1,1,1,1,1,1,1,1,1,1,1,1,1,1,1,1,1,1,1,1,1,1,1,1,0
2026-07-26 01:00:00,134.758560916667,0,0,0,0,0,0,0.148305,6.451445,19.062425,24.34549,19.6208766666667,15.587935,13.6662283333333,12.3942166666667,10.923655,4.867145,2.11538,1.14615333333333,0.711815,0.506666666666667,0.43917,0.381183333333333,0.356111666666667,0.26242,0.18941,0.150446666666667,0.136653333333333,0.124673333333333,0.108406666666667,0.10114,0.08806,0.076635,0.07828,0.0604983333333333,0.0505933333333333,0.049985,0.0429033333333333,0.0323066666666667,0.020065,0.0168966666666667,0.0143433333333333,0.01408,0.0107533333333333,0.00833833333333333,0.00804333333333333,0.00598333333333333,0.00715333333333333,0.00426,0.00336166666666667,0.003645,0.00511833333333333,0.00457833333333333,0.001435,0.000863333333333333,0.00172666666666667,0.00220666666666667,0.00209333333333333,0.00086,0.000175,0.00153333333333333,0.000616666666666667,0.00108666666666667,0.00085,0.00157833333333333,0.000885,0.000496666666666667,0,0,0.000416666666666667,0,0.000413333333333333,0.000065,0.00019,0.000203333333333333,0.000218333333333333,0.000235,0.000251666666666667,0.0000733333333333333,0,1,0,0,0,0,0,0,1,1,1,1,1,1,1,1,1,1,1,1,1,1,1,1,1,1,1,1,1,1,1,1,1,1,1,1,1,1,1,1,1,1,1,1,1,1,1,1,1,1,1,1,1,1,1,1,1,1,1,1,1,1,1,1,1,1,1,1,1,1,1,1,1,1,1,1,1,1,1,1,0
2026-07-26 02:00:00,140.2123239,0,0,0,0,0,0,0.116786666666667,5.946855,19.026365,25.9329266666667,21.5873666666667,17.161595,14.74123,13.0128316666667,11.1336516666667,4.70428,1.78418166666667,0.968191666666667,0.587193333333333,0.458251666666667,0.362033333333333,0.371278333333333,0.331163333333333,0.234386666666667,0.19556,0.16201,0.144788333333333,0.131403333333333,0.100095,0.121605,0.083,0.0837083333333333,0.07449,0.0693716666666667,0.0595533333333333,0.053425,0.0445333333333333,0.0286016666666667,0.0274733333333333,0.01808,0.0173883333333333,0.0118883333333333,0.0143566666666667,0.008225,0.00677,0.00902666666666667,0.00643166666666667,0.00398666666666667,0.00728166666666667,0.00496833333333333,0.00305666666666667,0.00294,0.002835,0.00323166666666667,0.000431666666666667,0.000888333333333333,0.00100333333333333,0.00143333333333333,0.000966666666666667,0.000426666666666667,0.000853333333333333,0.001395,0.00073,0.000846666666666667,0.000423333333333333,0.000421666666666667,0,0.000398333333333333,0.000241666666666667,0.000608333333333333,0,0,0,0,0,0,0,0,0,1,0,0,0,0,0,0,1,1,1,1,1,1,1,1,1,1,1,1,1,1,1,1,1,1,1,1,1,1,1,1,1,1,1,1,1,1,1,1,1,1,1,1,1,1,1,1,1,1,1,1,1,1,1,1,1,1,1,1,1,1,1,1,1,1,1,1,1,1,1,1,1,1,1,1,1,1,1,1,0
2026-07-26 03:00:00,149.655241566667,0,0,0,0,0,0,0.116968333333333,5.18901833333333,17.7177516666667,25.802695,22.6468033333333,19.0753866666667,16.8088166666667,15.1923133333333,13.3959416666667,5.57673,1.988445,1.12452666666667,0.687946666666667,0.539618333333333,0.466885,0.428388333333333,0.402963333333333,0.2936,0.252858333333333,0.176131666666667,0.151038333333333,0.14925,0.123865,0.134373333333333,0.103768333333333,0.0982283333333333,0.085215,0.0785166666666667,0.06759,0.0557366666666667,0.0459166666666667,0.0359766666666667,0.025645,0.0207266666666667,0.01851,0.00905333333333333,0.00993166666666667,0.00554333333333333,0.00838833333333333,0.007495,0.00708333333333333,0.00486,0.00351333333333333,0.00405166666666667,0.003775,0.00291666666666667,0.00299666666666667,0.001435,0.00248333333333333,0.00059,0.00166333333333333,0.000858333333333333,0.000428333333333333,0.000426666666666667,0,0.000425,0.000425,0.000423333333333333,0.000421666666666667,0.000421666666666667,0,0,0,0,0,0,0,0,0,0,0,0,0,1,0,0,0,0,0,0,1,1,1,1,1,1,1,1,1,1,1,1,1,1,1,1,1,1,1,1,1,1,1,1,1,1,1,1,1,1,1,1,1,1,1,1,1,1,1,1,1,1,1,1,1,1,1,1,1,1,1,1,1,1,1,1,1,1,1,1,1,1,1,1,1,1,1,1,1,1,1,1,0
2026-07-26 04:00:00,147.019206116667,0,0,0,0,0,0,0.0868,4.14525,14.4929383333333,22.569475,21.0644566666667,18.8154633333333,17.74523,16.9795466666667,16.1555583333333,6.986915,2.24490333333333,1.19362166666667,0.76731,0.594068333333333,0.51263,0.473185,0.441495,0.347605,0.264701666666667,0.206465,0.1749,0.163436666666667,0.14079,0.143516666666667,0.121135,0.123153333333333,0.102815,0.0894083333333333,0.0711383333333333,0.0629283333333333,0.04388,0.0312133333333333,0.032765,0.0192783333333333,0.018805,0.0106,0.008175,0.00700166666666667,0.00994833333333333,0.00755666666666667,0.00845833333333333,0.004945,0.00562833333333333,0.00411666666666667,0.00219166666666667,0.00496666666666667,0.00372166666666667,0.00278166666666667,0.00332833333333333,0.00106666666666667,0.00146166666666667,0.00106166666666667,0.00134,0.00128,0.000426666666666667,0.000748333333333333,0.000913333333333333,0.000885,0.000843333333333333,0.000421666666666667,0.00042,0,0,0,0.000413333333333333,0.000065,0.00019,0.000205,0.00022,0.000235,0.00025,0.000075,0,1,0,0,0,0,0,0,1,1,1,1,1,1,1,1,1,1,1,1,1,1,1,1,1,1,1,1,1,1,1,1,1,1,1,1,1,1,1,1,1,1,1,1,1,1,1,1,1,1,1,1,1,1,1,1,1,1,1,1,1,1,1,1,1,1,1,1,1,1,1,1,1,1,1,1,1,1,1,1,0
2026-07-26 05:00:00,52.3664392166667,0,0,0,0,0,0,0.0315666666666667,1.55267,5.43943333333333,7.92674166666667,7.21501333333333,6.233785,5.81464333333333,5.84277,6.39597333333333,2.92627666666667,0.955561666666667,0.48325,0.292575,0.216533333333333,0.213408333333333,0.191993333333333,0.212991666666667,0.147048333333333,0.128806666666667,0.08696,0.0815766666666667,0.0739866666666667,0.06263,0.0625116666666667,0.0539083333333333,0.0447766666666667,0.0484933333333333,0.03114,0.030735,0.0236516666666667,0.0156083333333333,0.015125,0.0140333333333333,0.0103866666666667,0.0108333333333333,0.007745,0.00866166666666667,0.00529,0.00363,0.004295,0.005645,0.00366166666666667,0.00190666666666667,0.00453833333333333,0.00290833333333333,0.00082,0.00242666666666667,0.003055,0.00147166666666667,0.00043,0.00146166666666667,0.00186333333333333,0.00174666666666667,0.00135666666666667,0.00185,0.00145833333333333,0.000913333333333333,0.000461666666666667,0.000845,0.000421666666666667,0.00042,0,0,0,0,0.0000216666666666667,0.0000633333333333333,0.0000683333333333333,0.0000733333333333333,0.0000783333333333333,0.0000833333333333333,0.000025,0,1,0,0,0,0,0,0,1,1,1,1,1,1,1,1,1,1,1,1,1,1,1,1,1,1,1,1,1,1,1,1,1,1,1,1,1,1,1,1,1,1,1,1,1,1,1,1,1,1,1,1,1,1,1,1,1,1,1,1,1,1,1,1,1,1,1,1,1,1,1,1,1,1,1,1,1,1,1,1,0
2026-07-26 06:00:00,31.8370646333333,0,0,0,0,0,0,0.0298583333333333,1.08954333333333,3.321685,4.44362666666667,3.66572,3.28244,3.28390166666667,3.54046666666667,4.15034333333333,2.33181,0.786558333333333,0.413913333333333,0.22909,0.169401666666667,0.16111,0.148078333333333,0.142516666666667,0.120163333333333,0.07071,0.0497066666666667,0.0496183333333333,0.04119,0.039995,0.0323516666666667,0.029065,0.0257383333333333,0.0257483333333333,0.023445,0.017175,0.0158683333333333,0.013665,0.0125616666666667,0.00568666666666667,0.00796,0.00405,0.003655,0.00537666666666667,0.00373833333333333,0.003955,0.00462833333333333,0.00353166666666667,0.00393333333333333,0.000966666666666667,0.00227666666666667,0.000805,0.00168666666666667,0.002835,0.000641666666666667,0.00259,0.00131833333333333,0.000573333333333333,0.000631666666666667,0.000055,0.000853333333333333,0.000853333333333333,0,0,0,0.000346666666666667,0.000075,0.00042,0,0.000416666666666667,0,0.00016,0.000253333333333333,0,0,0,0,0,0,0,1,0,0,0,0,0,0,1,1,1,1,1,1,1,1,1,1,1,1,1,1,1,1,1,1,1,1,1,1,1,1,1,1,1,1,1,1,1,1,1,1,1,1,1,1,1,1,1,1,1,1,1,1,1,1,1,1,1,1,1,1,1,1,1,1,1,1,1,1,1,1,1,1,1,1,1,1,1,1,0
2026-07-26 07:00:00,26.7717228333333,0,0,0,0,0,0,0.0275233333333333,1.052475,3.04131166666667,3.76113333333333,3.05997333333333,2.64955166666667,2.725375,2.907925,3.33004333333333,1.931985,0.692051666666667,0.382731666666667,0.20603,0.154013333333333,0.115525,0.121036666666667,0.116478333333333,0.077835,0.0669666666666667,0.0382566666666667,0.0398766666666667,0.0302483333333333,0.0278,0.0367016666666667,0.021465,0.0199,0.01685,0.018505,0.0139883333333333,0.0106966666666667,0.00764166666666667,0.00646166666666667,0.00555166666666667,0.00889333333333333,0.00668166666666667,0.00760166666666667,0.00606666666666667,0.00476333333333333,0.00373833333333333,0.00390666666666667,0.00389833333333333,0.002465,0.00330833333333333,0.00154333333333333,0.002105,0.00041,0.000863333333333333,0.00163833333333333,0.00127666666666667,0.000563333333333333,0.000831666666666667,0.000428333333333333,0.00103166666666667,0.000678333333333333,0.00019,0.000661666666666667,0,0.00077,0.0000766666666666667,0,0,0,0,0,0.000573333333333333,0.000275,0.0000633333333333333,0.0000683333333333333,0.0000733333333333333,0.0000783333333333333,0.0000833333333333333,0.000025,0,1,0,0,0,0,0,0,1,1,1,1,1,1,1,1,1,1,1,1,1,1,1,1,1,1,1,1,1,1,1,1,1,1,1,1,1,1,1,1,1,1,1,1,1,1,1,1,1,1,1,1,1,1,1,1,1,1,1,1,1,1,1,1,1,1,1,1,1,1,1,1,1,1,1,1,1,1,1,1,0
2026-07-26 08:00:00,28.4190020666667,0,0,0,0,0,0,0.0389283333333333,1.29574833333333,3.65152,4.37642166666667,3.48474166666667,2.92068,2.79787166666667,2.98532,3.23461333333333,1.67155166666667,0.651236666666667,0.344495,0.211501666666667,0.148591666666667,0.131116666666667,0.108603333333333,0.0977333333333333,0.0713783333333333,0.0484816666666667,0.0244933333333333,0.023395,0.027655,0.0226583333333333,0.0252166666666667,0.0172033333333333,0.0192166666666667,0.0142933333333333,0.0128633333333333,0.0128466666666667,0.014895,0.0131783333333333,0.0105833333333333,0.00753666666666667,0.00543,0.00603,0.00515833333333333,0.00433,0.00329833333333333,0.00196666666666667,0.00354166666666667,0.00165833333333333,0.00264666666666667,0.00285333333333333,0.00264166666666667,0.00177833333333333,0.00328,0.000886666666666667,0.000845,0.00176166666666667,0.000481666666666667,0.000773333333333333,0.000945,0,0,0.000853333333333333,0.000323333333333333,0.000488333333333333,0.0000383333333333333,0,0.000421666666666667,0,0,0.00064,0.000608333333333333,0,0.000541666666666667,0.00038,0.00041,0.00044,0.00047,0.0005,0.00015,0,1,0,0,0,0,0,0,1,1,1,1,1,1,1,1,1,1,1,1,1,1,1,1,1,1,1,1,1,1,1,1,1,1,1,1,1,1,1,1,1,1,1,1,1,1,1,1,1,1,1,1,1,1,1,1,1,1,1,1,1,1,1,1,1,1,1,1,1,1,1,1,1,1,1,1,1,1,1,1,0
2026-07-26 09:00:00,31.6807417,0,0,0,0,0,0,0.0386633333333333,1.545,4.58647166666667,5.45246166666667,4.254095,3.29183166666667,2.98633833333333,3.00436666666667,3.058835,1.41830333333333,0.595705,0.31578,0.193505,0.14768,0.118173333333333,0.123043333333333,0.10249,0.08019,0.043155,0.0284783333333333,0.0306033333333333,0.0258483333333333,0.0264,0.023515,0.0211066666666667,0.0216916666666667,0.0179383333333333,0.0134266666666667,0.0144466666666667,0.011545,0.00940333333333333,0.0105666666666667,0.00904666666666667,0.00652666666666667,0.00711166666666667,0.00563,0.00470666666666667,0.00423333333333333,0.005035,0.00399166666666667,0.00520666666666667,0.00442333333333333,0.00432666666666667,0.00268,0.000931666666666667,0.00376,0.00252,0.00221,0.00127666666666667,0.001855,0.003755,0.000945,0.00146,0.00068,0.000853333333333333,0.00159833333333333,0.00133833333333333,0.000461666666666667,0.000423333333333333,0.000283333333333333,0.000846666666666667,0.00055,0.000223333333333333,0.000193333333333333,0.000893333333333333,0.00119333333333333,0.0000633333333333333,0.0000683333333333333,0.0000733333333333333,0.0000783333333333333,0.0000833333333333333,0.000025,0,1,0,0,0,0,0,0,1,1,1,1,1,1,1,1,1,1,1,1,1,1,1,1,1,1,1,1,1,1,1,1,1,1,1,1,1,1,1,1,1,1,1,1,1,1,1,1,1,1,1,1,1,1,1,1,1,1,1,1,1,1,1,1,1,1,1,1,1,1,1,1,1,1,1,1,1,1,1,1,0
2026-07-26 10:00:00,28.92319945,0,0,0,0,0,0,0.0420766666666667,1.61826166666667,4.696035,5.70247333333333,4.29781,3.05483166666667,2.55021166666667,2.35395666666667,2.07142333333333,0.90642,0.410446666666667,0.221796666666667,0.12945,0.106365,0.0877083333333333,0.0936233333333333,0.0838533333333333,0.0692933333333333,0.03754,0.0329583333333333,0.0335466666666667,0.0299516666666667,0.0280616666666667,0.029455,0.0234483333333333,0.0257533333333333,0.0178483333333333,0.0179866666666667,0.0128716666666667,0.0131533333333333,0.0111033333333333,0.00735333333333333,0.004695,0.00406333333333333,0.006475,0.00715,0.00479333333333333,0.00606666666666667,0.005175,0.00447333333333333,0.00230166666666667,0.00202833333333333,0.00298166666666667,0.00230333333333333,0.00295,0.00127666666666667,0.00117833333333333,0.00100333333333333,0.002105,0.000911666666666667,0.00043,0.00043,0.000428333333333333,0.00128166666666667,0,0,0.000811666666666667,0.000461666666666667,0.000421666666666667,0.000421666666666667,0.00042,0,0.000416666666666667,0,0.000826666666666667,0.000476666666666667,0.00019,0.000205,0.00022,0.000235,0.00025,0.000075,0,1,0,0,0,0,0,0,1,1,1,1,1,1,1,1,1,1,1,1,1,1,1,1,1,1,1,1,1,1,1,1,1,1,1,1,1,1,1,1,1,1,1,1,1,1,1,1,1,1,1,1,1,1,1,1,1,1,1,1,1,1,1,1,1,1,1,1,1,1,1,1,1,1,1,1,1,1,1,1,0
2026-07-26 11:00:00,32.73254805,0,0,0,0,0,0,0.0379833333333333,1.67952833333333,5.00748333333333,6.24995833333333,5.002655,3.88780166666667,3.28967666666667,2.98021666666667,2.19813833333333,0.911005,0.417256666666667,0.233455,0.140843333333333,0.10537,0.0897983333333333,0.10426,0.0886383333333333,0.065805,0.0431233333333333,0.030165,0.0297233333333333,0.0270183333333333,0.0194616666666667,0.0268083333333333,0.016415,0.0190933333333333,0.01612,0.0178633333333333,0.00874,0.01125,0.0103483333333333,0.00617333333333333,0.00807333333333333,0.00439333333333333,0.00241666666666667,0.00541,0.00315166666666667,0.00354666666666667,0.00363,0.00205,0.002675,0.002665,0.00547333333333333,0.00200666666666667,0.00553166666666667,0.00164,0.00131833333333333,0.00207,0.00219333333333333,0.00094,0.000831666666666667,0.00209,0.000483333333333333,0.00128166666666667,0.000426666666666667,0,0.00123666666666667,0.000885,0,0.000705,0.000138333333333333,0,0,0,0.00165333333333333,0.000108333333333333,0.000316666666666667,0.000341666666666667,0.000366666666666667,0.000391666666666667,0.000416666666666667,0.000125,0,1,0,0,0,0,0,0,1,1,1,1,1,1,1,1,1,1,1,1,1,1,1,1,1,1,1,1,1,1,1,1,1,1,1,1,1,1,1,1,1,1,1,1,1,1,1,1,1,1,1,1,1,1,1,1,1,1,1,1,1,1,1,1,1,1,1,1,1,1,1,1,1,1,1,1,1,1,1,1,0
2026-07-26 12:00:00,41.1147766833333,0,0,0,0,0,0,0.0430766666666667,1.78236333333333,5.62150333333333,7.38405666666667,6.04713666666667,4.92220333333333,4.43729666666667,4.200535,2.93128166666667,1.21750666666667,0.57036,0.31534,0.169476666666667,0.138471666666667,0.117016666666667,0.124573333333333,0.104578333333333,0.066975,0.0431066666666667,0.0329,0.03552,0.0284416666666667,0.0235233333333333,0.02138,0.0222783333333333,0.0187116666666667,0.0120783333333333,0.0138733333333333,0.010085,0.008695,0.01143,0.00768333333333333,0.00597666666666667,0.00564,0.00349833333333333,0.00278833333333333,0.003225,0.00457166666666667,0.004065,0.001685,0.00159166666666667,0.00219166666666667,0.00308,0.00103,0.00121666666666667,0.00127666666666667,0.00211333333333333,0.00248333333333333,0.00185,0.00137,0.000831666666666667,0.000801666666666667,0.000405,0.000503333333333333,0.00166,0.00132333333333333,0.00123666666666667,0.001655,0.001765,0.000421666666666667,0.00112833333333333,0.000131666666666667,0.00064,0.000366666666666667,0.00024,0.000108333333333333,0.000316666666666667,0.000341666666666667,0.000366666666666667,0.000391666666666667,0.000416666666666667,0.000125,0,1,0,0,0,0,0,0,1,1,1,1,1,1,1,1,1,1,1,1,1,1,1,1,1,1,1,1,1,1,1,1,1,1,1,1,1,1,1,1,1,1,1,1,1,1,1,1,1,1,1,1,1,1,1,1,1,1,1,1,1,1,1,1,1,1,1,1,1,1,1,1,1,1,1,1,1,1,1,1,0
2026-07-26 13:00:00,40.8962415833333,0,0,0,0,0,0,0.0436166666666667,1.675,5.53153,7.34896,6.12143666666667,5.08842833333333,4.80457166666667,4.64724,2.58046833333333,1.099355,0.454921666666667,0.246418333333333,0.142488333333333,0.11249,0.111313333333333,0.121693333333333,0.11616,0.0774183333333333,0.0527933333333333,0.0401616666666667,0.0394166666666667,0.0304166666666667,0.026405,0.02479,0.0197883333333333,0.0193783333333333,0.0154433333333333,0.0140866666666667,0.0177066666666667,0.012225,0.0107,0.00860333333333333,0.005615,0.00559,0.00602166666666667,0.00430666666666667,0.00450166666666667,0.00376833333333333,0.00289166666666667,0.00362666666666667,0.004415,0.00422333333333333,0.00142666666666667,0.00220833333333333,0.00128,0.00342,0.00377,0.00264166666666667,0.00133,0.00266166666666667,0.00100333333333333,0.000688333333333333,0.000603333333333333,0.000251666666666667,0.00232333333333333,0.000661666666666667,0.00123666666666667,0.0000383333333333333,0.00154,0.00127666666666667,0.000846666666666667,0.00136666666666667,0.000435,0.000415,0.00016,0.000426666666666667,0.000506666666666667,0.000545,0.000585,0.000626666666666667,0.000668333333333333,0.000198333333333333,0,1,0,0,0,0,0,0,1,1,1,1,1,1,1,1,1,1,1,1,1,1,1,1,1,1,1,1,1,1,1,1,1,1,1,1,1,1,1,1,1,1,1,1,1,1,1,1,1,1,1,1,1,1,1,1,1,1,1,1,1,1,1,1,1,1,1,1,1,1,1,1,1,1,1,1,1,1,1,1,0
2026-07-26 14:00:00,61.126821,0,0,0,0,0,0,0.0699016666666667,2.938555,8.77761,10.946815,8.85729333333333,7.20689333333333,6.60920166666667,6.63200833333333,4.27429,1.86150833333333,0.748736666666667,0.40236,0.263881666666667,0.201896666666667,0.177506666666667,0.188091666666667,0.161738333333333,0.119293333333333,0.07828,0.0502016666666667,0.0450366666666667,0.046225,0.0368983333333333,0.0354083333333333,0.0259383333333333,0.025155,0.0202083333333333,0.019375,0.0172483333333333,0.0161866666666667,0.00945833333333333,0.0114866666666667,0.00973666666666667,0.00736666666666667,0.00863666666666667,0.003885,0.00386833333333333,0.005475,0.00490333333333333,0.004815,0.00585166666666667,0.00306333333333333,0.00142666666666667,0.00150833333333333,0.00501333333333333,0.00123,0.000911666666666667,0.00370833333333333,0.00271333333333333,0.0018,0.00169166666666667,0.00128666666666667,0.000428333333333333,0,0.000853333333333333,0.00107166666666667,0.00105333333333333,0.00123166666666667,0.0000383333333333333,0.000843333333333333,0.00042,0,0,0,0.00016,0.000361666666666667,0.000316666666666667,0.000341666666666667,0.000366666666666667,0.000391666666666667,0.000416666666666667,0.000125,0,1,0,0,0,0,0,0,1,1,1,1,1,1,1,1,1,1,1,1,1,1,1,1,1,1,1,1,1,1,1,1,1,1,1,1,1,1,1,1,1,1,1,1,1,1,1,1,1,1,1,1,1,1,1,1,1,1,1,1,1,1,1,1,1,1,1,1,1,1,1,1,1,1,1,1,1,1,1,1,0
2026-07-26 15:00:00,81.1087595666667,0,0,0,0,0,0,0.087315,3.80611833333333,11.848685,15.1235316666667,12.1913783333333,9.48249333333333,8.25122333333333,7.54156833333333,5.89598166666667,2.49340166666667,1.05039333333333,0.591476666666667,0.389661666666667,0.306568333333333,0.268878333333333,0.276538333333333,0.25091,0.16879,0.110385,0.07985,0.0843116666666667,0.0697716666666667,0.0550283333333333,0.0650833333333333,0.035125,0.0491,0.032015,0.0425483333333333,0.0269883333333333,0.0235383333333333,0.0264616666666667,0.0165666666666667,0.01821,0.01168,0.0116083333333333,0.01122,0.00922666666666667,0.006035,0.00547833333333333,0.00361166666666667,0.00492,0.006145,0.00547333333333333,0.00192333333333333,0.00429333333333333,0.00378166666666667,0.00172666666666667,0.00455333333333333,0.00231666666666667,0.000991666666666667,0.00186333333333333,0.00111666666666667,0.000856666666666667,0.00213833333333333,0.000853333333333333,0.000425,0.00085,0.000423333333333333,0.000421666666666667,0.000421666666666667,0.00112833333333333,0.00055,0.000416666666666667,0,0.000413333333333333,0.000151666666666667,0.000443333333333333,0.000476666666666667,0.000511666666666667,0.000548333333333333,0.000585,0.000173333333333333,0,1,0,0,0,0,0,0,1,1,1,1,1,1,1,1,1,1,1,1,1,1,1,1,1,1,1,1,1,1,1,1,1,1,1,1,1,1,1,1,1,1,1,1,1,1,1,1,1,1,1,1,1,1,1,1,1,1,1,1,1,1,1,1,1,1,1,1,1,1,1,1,1,1,1,1,1,1,1,1,0
2026-07-26 16:00:00,94.4152532909091,0,0,0,0,0,0,0.119856363636364,5.14069090909091,15.5586618181818,18.9576890909091,13.8078781818182,9.98103272727273,8.28413818181818,7.58500545454545,6.69922,2.98486,1.19423636363636,0.678994545454545,0.426269090909091,0.306101818181818,0.310934545454545,0.331661818181818,0.28982,0.200036363636364,0.137109090909091,0.0875890909090909,0.0790909090909091,0.0713818181818182,0.0748490909090909,0.0543418181818182,0.05032,0.0492690909090909,0.0439490909090909,0.0366509090909091,0.0366690909090909,0.0355781818181818,0.0334672727272727,0.0212145454545455,0.0170527272727273,0.0150836363636364,0.0126690909090909,0.0127272727272727,0.00994727272727273,0.00882727272727273,0.00556181818181818,0.00744727272727273,0.00243636363636364,0.00464545454545455,0.00458363636363636,0.00357818181818182,0.00650727272727273,0.00276,0.00173090909090909,0.00250727272727273,0.00388909090909091,0.00221454545454545,0.000656363636363636,0.00209636363636364,0.00146181818181818,0.00139636363636364,0.000672727272727273,0.000258181818181818,0.000927272727272727,0.000923636363636364,0.00129818181818182,0.000390909090909091,0.000465454545454545,0.000143636363636364,0,0.000189090909090909,0.000712727272727273,0.000543636363636364,0.000276363636363636,0.000294545454545455,0.000316363636363636,0.000341818181818182,0.000367272727272727,0.000105454545454545,0,1,0,0,0,0,0,0,1,1,1,1,1,1,1,1,1,1,1,1,1,1,1,1,1,1,1,1,1,1,1,1,1,1,1,1,1,1,1,1,1,1,1,1,1,1,1,1,1,1,1,1,1,1,1,1,1,1,1,1,1,1,1,1,1,1,1,1,1,1,1,1,1,1,1,1,1,1,1,1,0
2026-07-26 17:00:00,89.907905862069,0,0,0,0,0,0,0.0971568965517241,4.41186896551724,13.7623344827586,17.376375862069,13.8709844827586,10.863975862069,9.46725689655172,8.44000172413793,5.77484310344828,2.39840344827586,1.01732068965517,0.571572413793103,0.348806896551724,0.273155172413793,0.242591379310345,0.256746551724138,0.23853275862069,0.159491379310345,0.107651724137931,0.0824775862068965,0.0649224137931034,0.0614068965517241,0.0514051724137931,0.0593362068965517,0.0483137931034483,0.0403896551724138,0.0373431034482759,0.0338534482758621,0.030451724137931,0.0326189655172414,0.0265672413793103,0.0214344827586207,0.0201310344827586,0.0131896551724138,0.00918275862068966,0.00423620689655172,0.0086948275862069,0.00344827586206897,0.00889655172413793,0.0104620689655172,0.0065,0.00376724137931034,0.00408275862068965,0.00768620689655172,0.00544137931034483,0.00306551724137931,0.00338103448275862,0.00172931034482759,0.00189310344827586,0.00063448275862069,0.00148275862068966,0.000710344827586207,0.00106724137931034,0.00202758620689655,0.000441379310344828,0.000879310344827586,0.000439655172413793,0.000836206896551724,0.0000396551724137931,0.000436206896551724,0.000298275862068966,0.000548275862068966,0.00045,0.000429310344827586,0,0.0000448275862068966,0.000131034482758621,0.000141379310344828,0.000151724137931034,0.000162068965517241,0.000172413793103448,0.0000517241379310345,0,1,0,0,0,0,0,0,1,1,1,1,1,1,1,1,1,1,1,1,1,1,1,1,1,1,1,1,1,1,1,1,1,1,1,1,1,1,1,1,1,1,1,1,1,1,1,1,1,1,1,1,1,1,1,1,1,1,1,1,1,1,1,1,1,1,1,1,1,1,1,1,1,1,1,1,1,1,1,1,0
2026-07-26 18:00:00,66.5466269333333,0,0,0,0,0,0,0.0722433333333333,3.301595,10.4119566666667,13.4699566666667,10.9517633333333,8.48156833333333,6.84141,5.60493666666667,3.67337333333333,1.43761833333333,0.646708333333333,0.377816666666667,0.218765,0.168503333333333,0.163111666666667,0.192153333333333,0.16295,0.133366666666667,0.087605,0.06125,0.0665366666666667,0.0573583333333333,0.0370466666666667,0.0554983333333333,0.0292666666666667,0.047095,0.0332033333333333,0.0244583333333333,0.0344566666666667,0.0217933333333333,0.022735,0.0185383333333333,0.0154283333333333,0.0129566666666667,0.006585,0.00692833333333333,0.00837166666666667,0.00470333333333333,0.003565,0.00633,0.00462833333333333,0.00475,0.00246833333333333,0.00522666666666667,0.00177666666666667,0.00168666666666667,0.001225,0.000933333333333333,0.00242833333333333,0.00190333333333333,0.000831666666666667,0.00123166666666667,0.00118333333333333,0.00100666666666667,0.000616666666666667,0.000236666666666667,0.00119833333333333,0.0000766666666666667,0,0.000705,0.000426666666666667,0.00055,0,0.000415,0,0,0,0,0,0,0,0,0,1,0,0,0,0,0,0,1,1,1,1,1,1,1,1,1,1,1,1,1,1,1,1,1,1,1,1,1,1,1,1,1,1,1,1,1,1,1,1,1,1,1,1,1,1,1,1,1,1,1,1,1,1,1,1,1,1,1,1,1,1,1,1,1,1,1,1,1,1,1,1,1,1,1,1,1,1,1,1,0
2026-07-26 19:00:00,62.0450026833333,0,0,0,0,0,0,0.0853316666666667,3.6622,10.92593,13.0508966666667,9.94787,6.99849,5.599765,4.53682333333333,2.95534666666667,1.23013666666667,0.576846666666667,0.329151666666667,0.209616666666667,0.162673333333333,0.16429,0.188871666666667,0.156633333333333,0.116736666666667,0.0756516666666667,0.0602983333333333,0.0659283333333333,0.0573633333333333,0.0463016666666667,0.0538133333333333,0.0307983333333333,0.0377916666666667,0.0298566666666667,0.0316233333333333,0.0279066666666667,0.0257116666666667,0.0169933333333333,0.0181083333333333,0.0101583333333333,0.00902833333333333,0.00700333333333333,0.00474333333333333,0.00696333333333333,0.00604,0.00436833333333333,0.00461333333333333,0.003755,0.00545333333333333,0.00274666666666667,0.00277833333333333,0.00466333333333333,0.00250666666666667,0.00403666666666667,0.00337166666666667,0.00118833333333333,0.000103333333333333,0.000601666666666667,0.00149166666666667,0.00134,0.000853333333333333,0.000853333333333333,0.00192166666666667,0.000628333333333333,0.000808333333333333,0.000808333333333333,0.00078,0.000138333333333333,0,0,0.000173333333333333,0.00024,0.000065,0.00019,0.000205,0.00022,0.000235,0.00025,0.000075,0,1,0,0,0,0,0,0,1,1,1,1,1,1,1,1,1,1,1,1,1,1,1,1,1,1,1,1,1,1,1,1,1,1,1,1,1,1,1,1,1,1,1,1,1,1,1,1,1,1,1,1,1,1,1,1,1,1,1,1,1,1,1,1,1,1,1,1,1,1,1,1,1,1,1,1,1,1,1,1,0
2026-07-26 20:00:00,58.1736271,0,0,0,0,0,0,0.0615933333333333,2.80863666666667,9.19758,12.008125,9.52541833333333,7.06281666666667,5.52528166666667,4.52393333333333,3.08638833333333,1.54716666666667,0.744915,0.43785,0.272873333333333,0.235673333333333,0.196876666666667,0.236085,0.207771666666667,0.15794,0.101878333333333,0.0912916666666667,0.0782183333333333,0.0760333333333333,0.0658066666666667,0.062755,0.05227,0.0517316666666667,0.0491166666666667,0.0399233333333333,0.031845,0.0256016666666667,0.0168866666666667,0.0167666666666667,0.0141283333333333,0.00812666666666667,0.0116033333333333,0.00845166666666667,0.00661,0.00445333333333333,0.00428166666666667,0.00844333333333333,0.00360166666666667,0.003825,0.00336166666666667,0.002695,0.00171333333333333,0.00123,0.00292833333333333,0.00332833333333333,0.00442166666666667,0.00104333333333333,0.00100333333333333,0.000258333333333333,0.000428333333333333,0.000426666666666667,0.000853333333333333,0,0,0.00077,0.0000766666666666667,0.000843333333333333,0,0.000418333333333333,0.000416666666666667,0.000415,0.000573333333333333,0.000253333333333333,0,0,0,0,0,0,0,1,0,0,0,0,0,0,1,1,1,1,1,1,1,1,1,1,1,1,1,1,1,1,1,1,1,1,1,1,1,1,1,1,1,1,1,1,1,1,1,1,1,1,1,1,1,1,1,1,1,1,1,1,1,1,1,1,1,1,1,1,1,1,1,1,1,1,1,1,1,1,1,1,1,1,1,1,1,1,0
2026-07-26 21:00:00,56.9466628166667,0,0,0,0,0,0,0.0594316666666667,2.876855,8.66284833333333,11.0292783333333,8.74060166666667,6.50488833333333,5.0089,4.22319833333333,3.39581,1.83857333333333,0.871991666666667,0.512825,0.32254,0.272675,0.281093333333333,0.268515,0.25417,0.19488,0.14381,0.10813,0.0981066666666667,0.10094,0.086255,0.08794,0.0648133333333333,0.06997,0.0540733333333333,0.04663,0.0391383333333333,0.0329266666666667,0.0317483333333333,0.0182183333333333,0.0116466666666667,0.012785,0.0138983333333333,0.00993,0.009915,0.00763333333333333,0.00557333333333333,0.00361333333333333,0.00318,0.00625333333333333,0.0045,0.00378166666666667,0.00325833333333333,0.002505,0.00261333333333333,0.00325833333333333,0.00183,0.00107166666666667,0.00123333333333333,0.00166166666666667,0.00126166666666667,0.00135833333333333,0,0.000323333333333333,0.000526666666666667,0,0.00153666666666667,0.000571666666666667,0,0,0,0.000415,0.00016,0.000318333333333333,0.00019,0.000205,0.00022,0.000235,0.00025,0.000075,0,1,0,0,0,0,0,0,1,1,1,1,1,1,1,1,1,1,1,1,1,1,1,1,1,1,1,1,1,1,1,1,1,1,1,1,1,1,1,1,1,1,1,1,1,1,1,1,1,1,1,1,1,1,1,1,1,1,1,1,1,1,1,1,1,1,1,1,1,1,1,1,1,1,1,1,1,1,1,1,0
2026-07-26 22:00:00,56.3308043166667,0,0,0,0,0,0,0.0668833333333333,3.02653166666667,9.237,11.1680133333333,8.75985166666667,6.26365166666667,4.94096333333333,4.17420833333333,3.48490166666667,1.79465333333333,0.778306666666667,0.42836,0.301226666666667,0.231758333333333,0.204871666666667,0.238466666666667,0.226483333333333,0.194976666666667,0.117238333333333,0.09792,0.0865683333333333,0.094595,0.067045,0.0721583333333333,0.06097,0.06606,0.0444766666666667,0.04974,0.0398,0.0264716666666667,0.023035,0.0223483333333333,0.018705,0.0124266666666667,0.0122633333333333,0.007305,0.00784333333333333,0.006195,0.00620166666666667,0.00461333333333333,0.00317166666666667,0.00349666666666667,0.00435333333333333,0.00270666666666667,0.00140833333333333,0.00462666666666667,0.00406,0.00278166666666667,0.000898333333333333,0.00185833333333333,0.00137666666666667,0.000688333333333333,0.000856666666666667,0.000428333333333333,0.000426666666666667,0.000748333333333333,0.000951666666666667,0,0,0.000283333333333333,0.000138333333333333,0,0,0,0,0,0,0,0,0,0,0,0,1,0,0,0,0,0,0,1,1,1,1,1,1,1,1,1,1,1,1,1,1,1,1,1,1,1,1,1,1,1,1,1,1,1,1,1,1,1,1,1,1,1,1,1,1,1,1,1,1,1,1,1,1,1,1,1,1,1,1,1,1,1,1,1,1,1,1,1,1,1,1,1,1,1,1,1,1,1,1,0
2026-07-26 23:00:00,56.8390648666667,0,0,0,0,0,0,0.0751216666666667,3.165405,9.26021666666667,11.0857116666667,8.350565,6.006195,4.79980333333333,4.0924,3.64068,1.89613833333333,0.792536666666667,0.433971666666667,0.283611666666667,0.220766666666667,0.228873333333333,0.237831666666667,0.237555,0.17947,0.15908,0.109903333333333,0.109361666666667,0.10625,0.09574,0.0837233333333333,0.0694916666666667,0.0700183333333333,0.056805,0.0652666666666667,0.0436516666666667,0.0406716666666667,0.0320166666666667,0.0228283333333333,0.0175333333333333,0.0152616666666667,0.0137816666666667,0.00929333333333333,0.005955,0.00831166666666667,0.00552,0.00453666666666667,0.00433666666666667,0.006415,0.002395,0.00275166666666667,0.00388333333333333,0.00371333333333333,0.00245,0.00210333333333333,0.001505,0.00008,0.001605,0.000516666666666667,0.00146,0.000678333333333333,0.00232333333333333,0.000883333333333333,0.00059,0.000461666666666667,0,0,0,0.000418333333333333,0,0.000173333333333333,0.00024,0.0000216666666666667,0.0000633333333333333,0.0000683333333333333,0.0000733333333333333,0.0000783333333333333,0.0000833333333333333,0.000025,0,1,0,0,0,0,0,0,1,1,1,1,1,1,1,1,1,1,1,1,1,1,1,1,1,1,1,1,1,1,1,1,1,1,1,1,1,1,1,1,1,1,1,1,1,1,1,1,1,1,1,1,1,1,1,1,1,1,1,1,1,1,1,1,1,1,1,1,1,1,1,1,1,1,1,1,1,1,1,1,0
2026-07-27,43.3999916,0,0,0,0,0,0,0.0651166666666667,2.50195333333333,7.17143333333333,8.19327666666667,6.07154166666667,4.43665166666667,3.72104,3.38687666666667,2.977925,1.527775,0.673751666666667,0.38175,0.236241666666667,0.184268333333333,0.19275,0.223893333333333,0.237011666666667,0.172866666666667,0.139791666666667,0.116381666666667,0.09818,0.087475,0.0903666666666667,0.085665,0.0670666666666667,0.06991,0.061445,0.0474333333333333,0.0502383333333333,0.0341683333333333,0.025875,0.0236516666666667,0.0188733333333333,0.0136866666666667,0.00995166666666667,0.00997666666666667,0.005095,0.004455,0.00694666666666667,0.00591833333333333,0.00390333333333333,0.00320833333333333,0.00519333333333333,0.00415833333333333,0.00340833333333333,0.001665,0.00122666666666667,0.000501666666666667,0.000863333333333333,0.00129,0.00206333333333333,0.00126333333333333,0.000966666666666667,0,0.000426666666666667,0.000425,0.000811666666666667,0.000423333333333333,0.000881666666666667,0,0.00042,0,0,0,0,0,0,0,0,0,0,0,0,1,0,0,0,0,0,0,1,1,1,1,1,1,1,1,1,1,1,1,1,1,1,1,1,1,1,1,1,1,1,1,1,1,1,1,1,1,1,1,1,1,1,1,1,1,1,1,1,1,1,1,1,1,1,1,1,1,1,1,1,1,1,1,1,1,1,1,1,1,1,1,1,1,1,1,1,1,1,1,0
2026-07-27 01:00:00,29.9176039666667,0,0,0,0,0,0,0.0506783333333333,1.91969833333333,5.09169833333333,5.54562,4.04560166666667,2.97696333333333,2.49195666666667,2.40315333333333,1.95981166666667,0.969868333333333,0.41164,0.233998333333333,0.166888333333333,0.14274,0.137353333333333,0.176635,0.175853333333333,0.135813333333333,0.099145,0.0774766666666667,0.0722333333333333,0.0725366666666667,0.06245,0.0619516666666667,0.0497433333333333,0.056315,0.0415566666666667,0.0334533333333333,0.039,0.023055,0.026735,0.01243,0.014245,0.0103733333333333,0.013365,0.00995166666666667,0.006245,0.00541666666666667,0.00423666666666667,0.00535166666666667,0.00592833333333333,0.007305,0.00458166666666667,0.000258333333333333,0.00381833333333333,0.00209666666666667,0.00247333333333333,0.00100333333333333,0.00167333333333333,0.0014,0.000803333333333333,0.000373333333333333,0.000911666666666667,0.000428333333333333,0,0,0,0.000808333333333333,0.0000383333333333333,0,0.00042,0,0.000416666666666667,0,0.000413333333333333,0,0,0,0,0,0,0,0,1,0,0,0,0,0,0,1,1,1,1,1,1,1,1,1,1,1,1,1,1,1,1,1,1,1,1,1,1,1,1,1,1,1,1,1,1,1,1,1,1,1,1,1,1,1,1,1,1,1,1,1,1,1,1,1,1,1,1,1,1,1,1,1,1,1,1,1,1,1,1,1,1,1,1,1,1,1,1,0
2026-07-27 02:00:00,32.2592644166667,0,0,0,0,0,0,0.05594,2.02217,5.50707333333333,5.941415,4.48456,3.19762833333333,2.67724166666667,2.57795666666667,2.04714,0.941223333333333,0.423703333333333,0.224251666666667,0.168203333333333,0.146045,0.14534,0.192601666666667,0.185791666666667,0.133008333333333,0.10566,0.0888966666666667,0.0823633333333333,0.086185,0.0726833333333333,0.0787216666666667,0.0629866666666667,0.0597583333333333,0.0472283333333333,0.045925,0.037785,0.0329816666666667,0.0241216666666667,0.0241,0.0137116666666667,0.0138133333333333,0.0128183333333333,0.00996833333333333,0.00888333333333333,0.005235,0.00857833333333333,0.00472166666666667,0.00230333333333333,0.00585666666666667,0.00295666666666667,0.00409333333333333,0.00247666666666667,0.00207333333333333,0.00292833333333333,0.00177833333333333,0.00208666666666667,0.00158666666666667,0.00286833333333333,0.000373333333333333,0.001515,0.000678333333333333,0.00128,0,0.000386666666666667,0.0000383333333333333,0.000421666666666667,0.000421666666666667,0,0,0.000416666666666667,0,0,0.0000216666666666667,0.0000633333333333333,0.0000683333333333333,0.0000733333333333333,0.0000783333333333333,0.0000833333333333333,0.000025,0,1,0,0,0,0,0,0,1,1,1,1,1,1,1,1,1,1,1,1,1,1,1,1,1,1,1,1,1,1,1,1,1,1,1,1,1,1,1,1,1,1,1,1,1,1,1,1,1,1,1,1,1,1,1,1,1,1,1,1,1,1,1,1,1,1,1,1,1,1,1,1,1,1,1,1,1,1,1,1,0
2026-07-27 03:00:00,31.41562185,0,0,0,0,0,0,0.0456233333333333,2.04005166666667,5.53195833333333,6.03884333333333,4.34496166666667,3.19646,2.63667166666667,2.50079833333333,1.7862,0.798798333333333,0.383323333333333,0.218396666666667,0.15227,0.13383,0.140208333333333,0.17054,0.170523333333333,0.13708,0.108195,0.0893266666666667,0.0815083333333333,0.07475,0.07503,0.08504,0.0722916666666667,0.0647366666666667,0.04684,0.0495583333333333,0.0392716666666667,0.0338983333333333,0.02813,0.0227966666666667,0.0171966666666667,0.0161366666666667,0.014005,0.0093,0.008815,0.00703333333333333,0.00746666666666667,0.005725,0.00403833333333333,0.00464,0.00173333333333333,0.004975,0.00416833333333333,0.003325,0.00254333333333333,0.00255333333333333,0.00309,0.00059,0.00295333333333333,0.000428333333333333,0.00103166666666667,0.000678333333333333,0.000853333333333333,0.000748333333333333,0.000101666666666667,0.000808333333333333,0.0000383333333333333,0.000421666666666667,0.00084,0.000418333333333333,0,0,0,0.000433333333333333,0.0000633333333333333,0.0000683333333333333,0.0000733333333333333,0.0000783333333333333,0.0000833333333333333,0.000025,0,1,0,0,0,0,0,0,1,1,1,1,1,1,1,1,1,1,1,1,1,1,1,1,1,1,1,1,1,1,1,1,1,1,1,1,1,1,1,1,1,1,1,1,1,1,1,1,1,1,1,1,1,1,1,1,1,1,1,1,1,1,1,1,1,1,1,1,1,1,1,1,1,1,1,1,1,1,1,1,0
2026-07-27 04:00:00,31.4317837666667,0,0,0,0,0,0,0.0444733333333333,1.95996,5.35916666666667,6.007025,4.37166666666667,3.23558166666667,2.654065,2.51574,1.82988833333333,0.802943333333333,0.375246666666667,0.23124,0.16033,0.132508333333333,0.143095,0.181955,0.165851666666667,0.135135,0.103878333333333,0.0821483333333333,0.0801683333333333,0.0797933333333333,0.066535,0.0728933333333333,0.058975,0.0610333333333333,0.0478416666666667,0.04151,0.037655,0.0407966666666667,0.026425,0.02042,0.0205266666666667,0.0128166666666667,0.00757166666666667,0.00799333333333333,0.00958,0.0102416666666667,0.00659333333333333,0.00362666666666667,0.001805,0.004405,0.00419833333333333,0.00371333333333333,0.003365,0.00378333333333333,0.00156333333333333,0.001505,0.00280833333333333,0.001095,0.00255166666666667,0.00209,0.00023,0.000251666666666667,0.000426666666666667,0.00117333333333333,0.000101666666666667,0,0.000423333333333333,0,0,0,0,0,0,0.000411666666666667,0,0,0,0,0,0,0,1,0,0,0,0,0,0,1,1,1,1,1,1,1,1,1,1,1,1,1,1,1,1,1,1,1,1,1,1,1,1,1,1,1,1,1,1,1,1,1,1,1,1,1,1,1,1,1,1,1,1,1,1,1,1,1,1,1,1,1,1,1,1,1,1,1,1,1,1,1,1,1,1,1,1,1,1,1,1,0
2026-07-27 05:00:00,31.5584997166667,0,0,0,0,0,0,0.05603,1.90807666666667,5.42507833333333,6.20052833333333,4.55579,3.24206333333333,2.692465,2.45168333333333,1.85220666666667,0.876431666666667,0.404136666666667,0.220188333333333,0.158076666666667,0.143798333333333,0.149581666666667,0.171923333333333,0.17719,0.133375,0.101538333333333,0.0929733333333333,0.0889833333333333,0.0916816666666667,0.0745433333333333,0.07246,0.063485,0.0650633333333333,0.056425,0.0464183333333333,0.0407233333333333,0.0364583333333333,0.0343916666666667,0.02374,0.0140816666666667,0.015915,0.01118,0.009495,0.00888666666666667,0.00634666666666667,0.005805,0.00852166666666667,0.00548333333333333,0.004695,0.00206,0.00360333333333333,0.00297166666666667,0.00460333333333333,0.00179666666666667,0.00214,0.000951666666666667,0.00172,0.00129,0.00128666666666667,0.00155666666666667,0.00186166666666667,0.00189666666666667,0.00141,0.000913333333333333,0.00127,0.000461666666666667,0,0,0,0.000833333333333333,0,0.000413333333333333,0.000455,0.000126666666666667,0.000136666666666667,0.000146666666666667,0.000156666666666667,0.000166666666666667,0.00005,0,1,0,0,0,0,0,0,1,1,1,1,1,1,1,1,1,1,1,1,1,1,1,1,1,1,1,1,1,1,1,1,1,1,1,1,1,1,1,1,1,1,1,1,1,1,1,1,1,1,1,1,1,1,1,1,1,1,1,1,1,1,1,1,1,1,1,1,1,1,1,1,1,1,1,1,1,1,1,1,0
2026-07-27 06:00:00,30.1912714333333,0,0,0,0,0,0,0.034375,1.87361833333333,5.160735,5.83597166666667,4.154925,3.01257333333333,2.53153833333333,2.386805,1.53613,0.777526666666667,0.373416666666667,0.217768333333333,0.144445,0.13147,0.13124,0.15699,0.152723333333333,0.13618,0.103525,0.0884216666666667,0.0816716666666667,0.08812,0.07342,0.0716083333333333,0.0591033333333333,0.055275,0.053735,0.050205,0.0415133333333333,0.02892,0.0278366666666667,0.0240833333333333,0.01802,0.0148533333333333,0.00680833333333333,0.016915,0.00817333333333333,0.008715,0.00753166666666667,0.00717,0.00389833333333333,0.00482166666666667,0.00502166666666667,0.00220833333333333,0.00258,0.00298666666666667,0.00197166666666667,0.00176,0.001365,0.000991666666666667,0.00255166666666667,0,0.00214166666666667,0.000426666666666667,0.00104333333333333,0.000661666666666667,0.000811666666666667,0.000846666666666667,0.0000383333333333333,0,0.000288333333333333,0.000131666666666667,0,0,0,0.0000216666666666667,0.0000633333333333333,0.0000683333333333333,0.0000733333333333333,0.0000783333333333333,0.0000833333333333333,0.000025,0,1,0,0,0,0,0,0,1,1,1,1,1,1,1,1,1,1,1,1,1,1,1,1,1,1,1,1,1,1,1,1,1,1,1,1,1,1,1,1,1,1,1,1,1,1,1,1,1,1,1,1,1,1,1,1,1,1,1,1,1,1,1,1,1,1,1,1,1,1,1,1,1,1,1,1,1,1,1,1,0
2026-07-27 07:00:00,25.7782171166667,0,0,0,0,0,0,0.0395683333333333,1.665985,4.54894,5.04658166666667,3.69026,2.637145,2.22151833333333,2.15217166666667,1.34092666666667,0.642331666666667,0.308041666666667,0.166995,0.129793333333333,0.12182,0.124371666666667,0.143583333333333,0.12328,0.102771666666667,0.0717533333333333,0.0717133333333333,0.065515,0.0628066666666667,0.06066,0.0689933333333333,0.05413,0.0510433333333333,0.04464,0.0333983333333333,0.0300466666666667,0.0289416666666667,0.0185166666666667,0.02015,0.013525,0.0134166666666667,0.0104966666666667,0.0110283333333333,0.00875333333333333,0.00728166666666667,0.004215,0.006275,0.00680833333333333,0.00426,0.00244,0.00452333333333333,0.003015,0.00378333333333333,0.003,0.00300333333333333,0.00219333333333333,0.000996666666666667,0.00197833333333333,0.00298333333333333,0.00199833333333333,0.000251666666666667,0.000426666666666667,0.001275,0.000425,0.000385,0.0000383333333333333,0.000421666666666667,0.000288333333333333,0.000131666666666667,0,0,0.00032,0.00094,0.0000633333333333333,0.0000683333333333333,0.0000733333333333333,0.0000783333333333333,0.0000833333333333333,0.000025,0,1,0,0,0,0,0,0,1,1,1,1,1,1,1,1,1,1,1,1,1,1,1,1,1,1,1,1,1,1,1,1,1,1,1,1,1,1,1,1,1,1,1,1,1,1,1,1,1,1,1,1,1,1,1,1,1,1,1,1,1,1,1,1,1,1,1,1,1,1,1,1,1,1,1,1,1,1,1,1,0
2026-07-27 08:00:00,18.22934055,0,0,0,0,0,0,0.0267983333333333,1.20292333333333,3.32013166666667,3.59536833333333,2.57222666666667,1.841155,1.63792833333333,1.58732166666667,0.905633333333333,0.51919,0.243075,0.156216666666667,0.0890983333333333,0.0886733333333333,0.0700516666666667,0.099875,0.08639,0.07365,0.0520166666666667,0.0405616666666667,0.04516,0.0561866666666667,0.0374883333333333,0.0385916666666667,0.0262866666666667,0.0243266666666667,0.0210966666666667,0.023505,0.0236166666666667,0.0213733333333333,0.0182516666666667,0.0104016666666667,0.00845,0.0119133333333333,0.00864833333333333,0.00714,0.00640166666666667,0.00358166666666667,0.00368166666666667,0.00453666666666667,0.00173166666666667,0.00299166666666667,0.00486,0.00149,0.00256,0.00294,0.00322,0.00501833333333333,0.00168333333333333,0.000481666666666667,0.00086,0,0.00146,0.000678333333333333,0.000853333333333333,0.00085,0.000425,0,0.000421666666666667,0.000843333333333333,0,0.000418333333333333,0,0,0.000413333333333333,0.000433333333333333,0.0000633333333333333,0.0000683333333333333,0.0000733333333333333,0.0000783333333333333,0.0000833333333333333,0.000025,0,1,0,0,0,0,0,0,1,1,1,1,1,1,1,1,1,1,1,1,1,1,1,1,1,1,1,1,1,1,1,1,1,1,1,1,1,1,1,1,1,1,1,1,1,1,1,1,1,1,1,1,1,1,1,1,1,1,1,1,1,1,1,1,1,1,1,1,1,1,1,1,1,1,1,1,1,1,1,1,0
2026-07-27 09:00:00,19.9232594166667,0,0,0,0,0,0,0.0364066666666667,1.33328,3.57209833333333,3.79759333333333,2.60287,1.89767666666667,1.67677833333333,1.65636666666667,1.07195,0.604125,0.291665,0.168333333333333,0.135975,0.104165,0.0999383333333333,0.114086666666667,0.09241,0.0711316666666667,0.064075,0.0494383333333333,0.0479833333333333,0.0368383333333333,0.029865,0.0386816666666667,0.0270916666666667,0.0308066666666667,0.0235833333333333,0.0206966666666667,0.0139,0.017695,0.0140183333333333,0.0146666666666667,0.0119333333333333,0.00658666666666667,0.00624833333333333,0.00453666666666667,0.00423333333333333,0.00267666666666667,0.00433666666666667,0.00351833333333333,0.003545,0.00204833333333333,0.00186,0.00134166666666667,0.000825,0.00209666666666667,0.001155,0.00236833333333333,0.00081,0.00134166666666667,0.00043,0.00043,0.00181,0.000755,0.000426666666666667,0.000425,0,0.000846666666666667,0.000768333333333333,0.000358333333333333,0.000845,0.00055,0,0.000588333333333333,0.000653333333333333,0.0000433333333333333,0.000126666666666667,0.000136666666666667,0.000146666666666667,0.000156666666666667,0.000166666666666667,0.00005,0,1,0,0,0,0,0,0,1,1,1,1,1,1,1,1,1,1,1,1,1,1,1,1,1,1,1,1,1,1,1,1,1,1,1,1,1,1,1,1,1,1,1,1,1,1,1,1,1,1,1,1,1,1,1,1,1,1,1,1,1,1,1,1,1,1,1,1,1,1,1,1,1,1,1,1,1,1,1,1,0
2026-07-27 10:00:00,31.5784659666667,0,0,0,0,0,0,0.0525183333333333,2.08565333333333,6.031325,6.62267833333333,4.536635,3.15537,2.700445,2.58112666666667,1.25938166666667,0.681011666666667,0.343928333333333,0.186343333333333,0.126433333333333,0.0991516666666667,0.0990866666666667,0.105818333333333,0.095505,0.0723716666666667,0.055575,0.0442533333333333,0.0543383333333333,0.038555,0.029435,0.0297766666666667,0.0293933333333333,0.03158,0.0242266666666667,0.0189566666666667,0.02424,0.0136883333333333,0.0148083333333333,0.00920666666666667,0.0102866666666667,0.00929666666666667,0.00603166666666667,0.00931666666666667,0.00796,0.00420666666666667,0.00477166666666667,0.00381333333333333,0.00325,0.00601833333333333,0.00386666666666667,0.00114,0.00418833333333333,0.00212,0.00197166666666667,0.00107333333333333,0.00205166666666667,0.00185166666666667,0.00126166666666667,0.000428333333333333,0.000428333333333333,0,0.00213333333333333,0.00192166666666667,0.00105333333333333,0.00123166666666667,0.00122833333333333,0.000075,0,0.001215,0.000453333333333333,0,0,0.0000433333333333333,0.000126666666666667,0.000136666666666667,0.000146666666666667,0.000156666666666667,0.000166666666666667,0.00005,0,1,0,0,0,0,0,0,1,1,1,1,1,1,1,1,1,1,1,1,1,1,1,1,1,1,1,1,1,1,1,1,1,1,1,1,1,1,1,1,1,1,1,1,1,1,1,1,1,1,1,1,1,1,1,1,1,1,1,1,1,1,1,1,1,1,1,1,1,1,1,1,1,1,1,1,1,1,1,1,0
2026-07-27 11:00:00,39.48518335,0,0,0,0,0,0,0.0526233333333333,2.17537833333333,6.78637666666667,8.40385,6.45820666666667,4.678525,3.92741666666667,3.69785,1.63757333333333,0.680601666666667,0.32515,0.171126666666667,0.127101666666667,0.096525,0.0888866666666667,0.100913333333333,0.074455,0.0684233333333333,0.0530566666666667,0.0386716666666667,0.0374933333333333,0.0361416666666667,0.0325766666666667,0.0350283333333333,0.0289883333333333,0.0380716666666667,0.0284016666666667,0.0229233333333333,0.01799,0.022255,0.0185266666666667,0.0119316666666667,0.01062,0.0156,0.00942333333333333,0.00602333333333333,0.00487,0.00255,0.00376166666666667,0.00341666666666667,0.00303333333333333,0.00288166666666667,0.004655,0.00459166666666667,0.00425166666666667,0.00296333333333333,0.00117833333333333,0.00307333333333333,0.00133,0.00134166666666667,0.00086,0.00165833333333333,0.000405,0.000503333333333333,0.000853333333333333,0,0.000425,0,0,0.000283333333333333,0.000558333333333333,0.000816666666666667,0.001075,0.000193333333333333,0.000413333333333333,0.000065,0.00019,0.000205,0.00022,0.000235,0.00025,0.000075,0,1,0,0,0,0,0,0,1,1,1,1,1,1,1,1,1,1,1,1,1,1,1,1,1,1,1,1,1,1,1,1,1,1,1,1,1,1,1,1,1,1,1,1,1,1,1,1,1,1,1,1,1,1,1,1,1,1,1,1,1,1,1,1,1,1,1,1,1,1,1,1,1,1,1,1,1,1,1,1,0
2026-07-27 12:00:00,49.82036655,0,0,0,0,0,0,0.0503616666666667,2.51565333333333,8.12776,10.7354033333333,8.17361666666667,5.83495666666667,4.66019833333333,4.393555,2.41678,0.952525,0.41407,0.226523333333333,0.155263333333333,0.112851666666667,0.117285,0.13386,0.107215,0.0902283333333333,0.05891,0.0508083333333333,0.0465733333333333,0.0403316666666667,0.039385,0.0422733333333333,0.0339683333333333,0.0320966666666667,0.0309233333333333,0.02816,0.0183933333333333,0.0236733333333333,0.018965,0.0146783333333333,0.0133683333333333,0.00929666666666667,0.00713166666666667,0.00777833333333333,0.00708333333333333,0.00942833333333333,0.00466333333333333,0.00515666666666667,0.00448166666666667,0.00603333333333333,0.004455,0.00111333333333333,0.00332166666666667,0.00250666666666667,0.00245,0.00228,0.00170833333333333,0.000561666666666667,0.002465,0.00309166666666667,0.000856666666666667,0,0.00146833333333333,0.000661666666666667,0.000425,0.000846666666666667,0.00126833333333333,0.00154666666666667,0.000978333333333333,0,0.000416666666666667,0,0.000413333333333333,0.00052,0.000316666666666667,0.000341666666666667,0.000366666666666667,0.000391666666666667,0.000416666666666667,0.000125,0,1,0,0,0,0,0,0,1,1,1,1,1,1,1,1,1,1,1,1,1,1,1,1,1,1,1,1,1,1,1,1,1,1,1,1,1,1,1,1,1,1,1,1,1,1,1,1,1,1,1,1,1,1,1,1,1,1,1,1,1,1,1,1,1,1,1,1,1,1,1,1,1,1,1,1,1,1,1,1,0
2026-07-27 13:00:00,63.8362054,0,0,0,0,0,0,0.0844316666666667,3.77229166666667,11.668135,14.2518766666667,10.08969,6.65885333333333,5.49044333333333,5.27553,2.81031333333333,1.08092166666667,0.4606,0.271448333333333,0.166993333333333,0.148286666666667,0.146038333333333,0.157103333333333,0.126955,0.117305,0.0713766666666667,0.0603433333333333,0.068485,0.0625133333333333,0.0575716666666667,0.0688916666666667,0.058975,0.0469883333333333,0.0375683333333333,0.034565,0.03571,0.0320566666666667,0.0227433333333333,0.0211,0.02371,0.0111666666666667,0.0101983333333333,0.011885,0.0100216666666667,0.003765,0.00693833333333333,0.00682,0.00599333333333333,0.00418666666666667,0.00381333333333333,0.00452333333333333,0.00306,0.005835,0.00170333333333333,0.000915,0.00435166666666667,0.00139833333333333,0.00243666666666667,0.00137333333333333,0.00171333333333333,0.000853333333333333,0.000616666666666667,0.000985,0.000951666666666667,0,0.00077,0.000075,0.00084,0.001195,0.000471666666666667,0.00083,0,0.000151666666666667,0.000443333333333333,0.000478333333333333,0.000513333333333333,0.000548333333333333,0.000583333333333333,0.000175,0,1,0,0,0,0,0,0,1,1,1,1,1,1,1,1,1,1,1,1,1,1,1,1,1,1,1,1,1,1,1,1,1,1,1,1,1,1,1,1,1,1,1,1,1,1,1,1,1,1,1,1,1,1,1,1,1,1,1,1,1,1,1,1,1,1,1,1,1,1,1,1,1,1,1,1,1,1,1,1,0
2026-07-27 14:00:00,45.4520434561404,0,0,0,0,0,0,0.105926315789474,3.56277543859649,9.72601754385965,10.5438333333333,6.6925350877193,4.20311228070175,3.40918771929825,3.17561929824561,1.84903333333333,0.692578947368421,0.322526315789474,0.177201754385965,0.121536842105263,0.0865052631578947,0.0951894736842105,0.099580701754386,0.0953,0.063878947368421,0.0544017543859649,0.0391754385964912,0.0438210526315789,0.0424017543859649,0.0324122807017544,0.0385894736842105,0.0302368421052632,0.0345877192982456,0.0233508771929825,0.021840350877193,0.0214666666666667,0.0114701754385965,0.0140684210526316,0.0126421052631579,0.0134,0.0112771929824561,0.00669649122807018,0.00956315789473684,0.0091140350877193,0.00481929824561403,0.00780526315789474,0.00630350877192982,0.00296315789473684,0.00248070175438596,0.00340526315789474,0.00105614035087719,0.00319649122807018,0.00215789473684211,0.00162105263157895,0.00249298245614035,0.00392105263157895,0.00248771929824561,0.00175087719298246,0.00382982456140351,0.000231578947368421,0,0.000898245614035088,0.000894736842105263,0.000447368421052632,0.00218771929824561,0.00129473684210526,0.00052280701754386,0.000745614035087719,0.00013859649122807,0.00043859649122807,0,0.000168421052631579,0.000403508771929825,0.0004,0.000431578947368421,0.000463157894736842,0.000494736842105263,0.000526315789473684,0.000157894736842105,0,1,0,0,0,0,0,0,1,1,1,1,1,1,1,1,1,1,1,1,1,1,1,1,1,1,1,1,1,1,1,1,1,1,1,1,1,1,1,1,1,1,1,1,1,1,1,1,1,1,1,1,1,1,1,1,1,1,1,1,1,1,1,1,1,1,1,1,1,1,1,1,1,1,1,1,1,1,1,1,0
2026-07-27 15:00:00,70.23333865,0,0,0,0,0,0,0.151498333333333,5.24494333333333,13.85066,15.03443,9.65619166666667,6.63501166666667,5.604975,5.19818,4.11523833333333,2.7663,1.18972333333333,0.50767,0.30381,0.203373333333333,0.17926,0.169025,0.15491,0.113345,0.0825333333333333,0.0637033333333333,0.047695,0.0420383333333333,0.03763,0.0386966666666667,0.0253266666666667,0.0289116666666667,0.03098,0.0228483333333333,0.01686,0.0187683333333333,0.0140366666666667,0.010095,0.00891333333333333,0.00848666666666667,0.00625333333333333,0.00797,0.00578333333333333,0.00622166666666667,0.00446833333333333,0.003425,0.00405333333333333,0.00482166666666667,0.00616166666666667,0.00340166666666667,0.00371333333333333,0.00127666666666667,0.00238,0.000985,0.00176166666666667,0.00223,0.000573333333333333,0.00154666666666667,0.000856666666666667,0.00128333333333333,0.000616666666666667,0.001835,0.000488333333333333,0.000885,0.00246,0.000075,0.000996666666666667,0.00106,0.0000366666666666667,0,0.000826666666666667,0.0000216666666666667,0.0000633333333333333,0.0000683333333333333,0.0000733333333333333,0.0000783333333333333,0.0000833333333333333,0.000025,0,1,0,0,0,0,0,0,1,1,1,1,1,1,1,1,1,1,1,1,1,1,1,1,1,1,1,1,1,1,1,1,1,1,1,1,1,1,1,1,1,1,1,1,1,1,1,1,1,1,1,1,1,1,1,1,1,1,1,1,1,1,1,1,1,1,1,1,1,1,1,1,1,1,1,1,1,1,1,1,0
2026-07-27 16:00:00,41.8779889333333,0,0,0,0,0,0,0.10601,3.25217333333333,8.50323666666667,9.40361166666667,6.17267333333333,4.19687166666667,3.41727833333333,3.02330833333333,1.87848,0.762045,0.32871,0.200008333333333,0.131301666666667,0.111075,0.0866983333333333,0.0867016666666667,0.080975,0.0710483333333333,0.0523,0.0341133333333333,0.0341333333333333,0.03831,0.0262966666666667,0.0284616666666667,0.0227433333333333,0.02326,0.0200416666666667,0.0199033333333333,0.0148,0.0130383333333333,0.00788,0.0087,0.007105,0.00891333333333333,0.00612333333333333,0.00495666666666667,0.007505,0.00702833333333333,0.00306166666666667,0.00264833333333333,0.00456333333333333,0.00282833333333333,0.00432666666666667,0.00237166666666667,0.002475,0.00127666666666667,0.0037,0.00176,0.00346833333333333,0.00233333333333333,0.00134666666666667,0.00157666666666667,0.00254666666666667,0.00221166666666667,0.000426666666666667,0.000748333333333333,0.000913333333333333,0.001655,0.00134333333333333,0.000421666666666667,0.001705,0.000395,0.000416666666666667,0.000415,0.000826666666666667,0.00013,0.00038,0.00041,0.00044,0.00047,0.0005,0.00015,0,1,0,0,0,0,0,0,1,1,1,1,1,1,1,1,1,1,1,1,1,1,1,1,1,1,1,1,1,1,1,1,1,1,1,1,1,1,1,1,1,1,1,1,1,1,1,1,1,1,1,1,1,1,1,1,1,1,1,1,1,1,1,1,1,1,1,1,1,1,1,1,1,1,1,1,1,1,1,1,0
2026-07-27 17:00:00,44.2718753,0,0,0,0,0,0,0.109145,3.200785,8.11544166666667,9.351815,6.45290166666667,4.66942666666667,3.82555,3.29769333333333,2.12031,0.95782,0.509943333333333,0.2804,0.185515,0.153416666666667,0.127671666666667,0.120748333333333,0.12287,0.0889883333333333,0.0650866666666667,0.04459,0.0457233333333333,0.0352666666666667,0.0330666666666667,0.0374816666666667,0.02916,0.0310633333333333,0.0240416666666667,0.02438,0.0138316666666667,0.017975,0.0112016666666667,0.0118916666666667,0.00889,0.00736666666666667,0.00603166666666667,0.003665,0.00610166666666667,0.00472833333333333,0.00678333333333333,0.00201166666666667,0.00448833333333333,0.00277333333333333,0.00267333333333333,0.00238666666666667,0.002455,0.00127666666666667,0.00288333333333333,0.00212166666666667,0.00141833333333333,0.00397833333333333,0.00355666666666667,0.00283166666666667,0.00103166666666667,0.00238833333333333,0.00256,0.0017,0.00119833333333333,0.000461666666666667,0.000881666666666667,0.00154833333333333,0.000426666666666667,0.000131666666666667,0.000416666666666667,0.000173333333333333,0.00024,0.000541666666666667,0.00038,0.00041,0.00044,0.00047,0.0005,0.00015,0,1,0,0,0,0,0,0,1,1,1,1,1,1,1,1,1,1,1,1,1,1,1,1,1,1,1,1,1,1,1,1,1,1,1,1,1,1,1,1,1,1,1,1,1,1,1,1,1,1,1,1,1,1,1,1,1,1,1,1,1,1,1,1,1,1,1,1,1,1,1,1,1,1,1,1,1,1,1,1,0
2026-07-27 18:00:00,32.7979362833333,0,0,0,0,0,0,0.06339,1.77011166666667,4.96645833333333,6.28737666666667,4.90926833333333,3.83231666666667,3.340655,2.989115,1.78684833333333,0.773545,0.399301666666667,0.219371666666667,0.161325,0.133911666666667,0.103331666666667,0.13992,0.120075,0.09198,0.0620233333333333,0.0530166666666667,0.0476416666666667,0.0433666666666667,0.03914,0.0461983333333333,0.0292066666666667,0.034995,0.0293116666666667,0.0214466666666667,0.0185366666666667,0.0156683333333333,0.0136116666666667,0.0169566666666667,0.01164,0.00697666666666667,0.0100633333333333,0.00560833333333333,0.00624666666666667,0.004265,0.00320833333333333,0.00310666666666667,0.005425,0.00174,0.00124666666666667,0.00273666666666667,0.00297166666666667,0.00214166666666667,0.00172666666666667,0.00250166666666667,0.00170833333333333,0.000535,0.00129,0.002035,0.000966666666666667,0.000853333333333333,0.000426666666666667,0.000425,0.000811666666666667,0.000461666666666667,0.00077,0.000918333333333333,0.00042,0.000418333333333333,0,0.000588333333333333,0.000653333333333333,0,0,0,0,0,0,0,0,1,0,0,0,0,0,0,1,1,1,1,1,1,1,1,1,1,1,1,1,1,1,1,1,1,1,1,1,1,1,1,1,1,1,1,1,1,1,1,1,1,1,1,1,1,1,1,1,1,1,1,1,1,1,1,1,1,1,1,1,1,1,1,1,1,1,1,1,1,1,1,1,1,1,1,1,1,1,1,0
2026-07-27 19:00:00,32.6972135833333,0,0,0,0,0,0,0.0457633333333333,1.67571833333333,4.77187166666667,6.12975,4.92833333333333,3.95422166666667,3.445585,2.99359166666667,2.03564666666667,0.800388333333333,0.37294,0.224101666666667,0.143838333333333,0.125203333333333,0.119871666666667,0.141271666666667,0.122305,0.0873583333333333,0.0655283333333333,0.050865,0.060205,0.05577,0.0445483333333333,0.0496783333333333,0.037175,0.0393616666666667,0.0317733333333333,0.0323083333333333,0.0301933333333333,0.0232083333333333,0.0166083333333333,0.014455,0.0110616666666667,0.00778333333333333,0.00657333333333333,0.00581666666666667,0.00791,0.00454666666666667,0.00383833333333333,0.00548333333333333,0.00259333333333333,0.00233666666666667,0.00478833333333333,0.00322333333333333,0.00167166666666667,0.00209666666666667,0.00299833333333333,0.000501666666666667,0.00118833333333333,0.000991666666666667,0.00212166666666667,0.00251833333333333,0.00126166666666667,0.00178666666666667,0.00019,0.00151166666666667,0.000425,0.00161666666666667,0.0000766666666666667,0.000843333333333333,0,0.000418333333333333,0.000223333333333333,0.000193333333333333,0,0.0000433333333333333,0.000126666666666667,0.000136666666666667,0.000146666666666667,0.000156666666666667,0.000166666666666667,0.00005,0,1,0,0,0,0,0,0,1,1,1,1,1,1,1,1,1,1,1,1,1,1,1,1,1,1,1,1,1,1,1,1,1,1,1,1,1,1,1,1,1,1,1,1,1,1,1,1,1,1,1,1,1,1,1,1,1,1,1,1,1,1,1,1,1,1,1,1,1,1,1,1,1,1,1,1,1,1,1,1,0
2026-07-27 20:00:00,46.9488024,0,0,0,0,0,0,0.05901,2.183725,6.578055,8.653075,7.052845,5.80978166666667,4.87860833333333,4.42427666666667,3.16528166666667,1.292985,0.634391666666667,0.337675,0.213355,0.196296666666667,0.184771666666667,0.207533333333333,0.195978333333333,0.133776666666667,0.0992316666666667,0.0756416666666667,0.0833616666666667,0.0791433333333333,0.0697716666666667,0.0728383333333333,0.04799,0.046295,0.0304433333333333,0.03942,0.0309216666666667,0.0219916666666667,0.0243133333333333,0.0215383333333333,0.0151383333333333,0.00951333333333333,0.00689,0.00991833333333333,0.010085,0.00607166666666667,0.00433666666666667,0.00251,0.00484666666666667,0.00442333333333333,0.00392,0.00403833333333333,0.003405,0.00250666666666667,0.00215833333333333,0.00300333333333333,0.00219166666666667,0.00182833333333333,0.003125,0.00240333333333333,0.002745,0.001105,0.00227666666666667,0.00156,0.000425,0,0.00119333333333333,0.000075,0.00042,0.000398333333333333,0.000435,0.000415,0.00016,0.000275,0.0000633333333333333,0.0000683333333333333,0.0000733333333333333,0.0000783333333333333,0.0000833333333333333,0.000025,0,1,0,0,0,0,0,0,1,1,1,1,1,1,1,1,1,1,1,1,1,1,1,1,1,1,1,1,1,1,1,1,1,1,1,1,1,1,1,1,1,1,1,1,1,1,1,1,1,1,1,1,1,1,1,1,1,1,1,1,1,1,1,1,1,1,1,1,1,1,1,1,1,1,1,1,1,1,1,1,0
2026-07-27 21:00:00,49.5063779333333,0,0,0,0,0,0,0.0507383333333333,2.01139333333333,6.14694,8.48775333333333,7.282355,5.97354,5.18283333333333,4.8428,3.92779,1.708185,0.848781666666667,0.482976666666667,0.306005,0.260686666666667,0.229991666666667,0.245713333333333,0.230035,0.182621666666667,0.129335,0.0967283333333333,0.09346,0.0856683333333333,0.0618016666666667,0.0662116666666667,0.0677283333333333,0.05815,0.046255,0.03774,0.0414733333333333,0.02496,0.021555,0.016725,0.013305,0.0105566666666667,0.008345,0.00798666666666667,0.00581333333333333,0.00504166666666667,0.005695,0.004055,0.00426,0.002665,0.00374,0.00274833333333333,0.00125833333333333,0.0013,0.00461,0.001435,0.00167333333333333,0.00134166666666667,0.00086,0.00209,0.000658333333333333,0.00153166666666667,0.000616666666666667,0.000661666666666667,0.000386666666666667,0.0000383333333333333,0,0.000421666666666667,0.00042,0,0,0,0.000826666666666667,0.000065,0.00019,0.000205,0.00022,0.000235,0.00025,0.000075,0,1,0,0,0,0,0,0,1,1,1,1,1,1,1,1,1,1,1,1,1,1,1,1,1,1,1,1,1,1,1,1,1,1,1,1,1,1,1,1,1,1,1,1,1,1,1,1,1,1,1,1,1,1,1,1,1,1,1,1,1,1,1,1,1,1,1,1,1,1,1,1,1,1,1,1,1,1,1,1,0
2026-07-27 22:00:00,67.6864879333333,0,0,0,0,0,0,0.0591783333333333,2.19413666666667,7.45332833333333,11.0029083333333,9.21498,7.60524,6.92483833333333,6.88165833333333,6.53580833333333,3.33944833333333,1.420505,0.802446666666667,0.494085,0.434171666666667,0.398668333333333,0.405948333333333,0.397305,0.299618333333333,0.21626,0.157803333333333,0.13882,0.128353333333333,0.110776666666667,0.132763333333333,0.11002,0.0966383333333333,0.0785916666666667,0.0640983333333333,0.057485,0.043095,0.04129,0.02872,0.0207233333333333,0.0123966666666667,0.01225,0.00816,0.0116733333333333,0.0075,0.00627166666666667,0.004955,0.00426833333333333,0.002955,0.00379333333333333,0.003645,0.00293,0.003395,0.001995,0.00219166666666667,0.000555,0.00134166666666667,0.00043,0.00123166666666667,0.00100833333333333,0.00118333333333333,0.000853333333333333,0.00107166666666667,0.000628333333333333,0,0.000423333333333333,0.001265,0,0,0,0.000415,0,0.000065,0.00019,0.000205,0.00022,0.000235,0.00025,0.000075,0,1,0,0,0,0,0,0,1,1,1,1,1,1,1,1,1,1,1,1,1,1,1,1,1,1,1,1,1,1,1,1,1,1,1,1,1,1,1,1,1,1,1,1,1,1,1,1,1,1,1,1,1,1,1,1,1,1,1,1,1,1,1,1,1,1,1,1,1,1,1,1,1,1,1,1,1,1,1,1,0
2026-07-27 23:00:00,96.0568885833333,0,0,0,0,0,0,0.0696616666666667,2.66873666666667,9.586875,14.881465,12.4651066666667,10.291525,9.57575666666667,9.908155,10.1626533333333,5.52869666666667,2.15061166666667,1.23753,0.77358,0.605791666666667,0.573341666666667,0.617983333333333,0.617588333333333,0.463596666666667,0.354538333333333,0.252303333333333,0.258766666666667,0.232745,0.209656666666667,0.214301666666667,0.192078333333333,0.170925,0.145298333333333,0.137985,0.121116666666667,0.100795,0.06872,0.0564783333333333,0.0380666666666667,0.0326666666666667,0.0230966666666667,0.023375,0.0151666666666667,0.0172416666666667,0.013515,0.007575,0.0121483333333333,0.00800833333333333,0.00827833333333333,0.00333,0.00126,0.00373666666666667,0.00177333333333333,0.00179666666666667,0.002105,0.00266,0.00108833333333333,0.00103333333333333,0.00103166666666667,0.00196,0.000616666666666667,0.00130833333333333,0.000203333333333333,0,0.000423333333333333,0,0,0,0,0,0,0.0000216666666666667,0.0000633333333333333,0.0000683333333333333,0.0000733333333333333,0.0000783333333333333,0.0000833333333333333,0.000025,0,1,0,0,0,0,0,0,1,1,1,1,1,1,1,1,1,1,1,1,1,1,1,1,1,1,1,1,1,1,1,1,1,1,1,1,1,1,1,1,1,1,1,1,1,1,1,1,1,1,1,1,1,1,1,1,1,1,1,1,1,1,1,1,1,1,1,1,1,1,1,1,1,1,1,1,1,1,1,1,0
2026-07-28,101.649524254237,0,0,0,0,0,0,0.0610254237288136,2.69206101694915,9.7546,15.0906016949153,13.0624372881356,10.9739830508475,10.3549949152542,10.5658644067797,11.4233101694915,6.60310847457627,2.39494406779661,1.41018474576271,0.839308474576271,0.7277,0.648337288135593,0.654979661016949,0.641767796610169,0.509318644067797,0.3848,0.282742372881356,0.237586440677966,0.223598305084746,0.235989830508475,0.21125593220339,0.173649152542373,0.185620338983051,0.157205084745763,0.131138983050847,0.104794915254237,0.0949254237288136,0.0733881355932203,0.0561915254237288,0.0371169491525424,0.0338118644067797,0.0192813559322034,0.0197796610169492,0.0147338983050847,0.0145559322033898,0.0118271186440678,0.00863220338983051,0.00625084745762712,0.00822033898305085,0.00813389830508475,0.00502542372881356,0.00266779661016949,0.00340677966101695,0.00503050847457627,0.0010728813559322,0.00310847457627119,0.00139322033898305,0.00136949152542373,0.00334745762711864,0.00179830508474576,0.00173559322033898,0.00106101694915254,0.00100169491525424,0.000535593220338983,0.000822033898305085,0.0000389830508474576,0.000428813559322034,0,0,0,0.000422033898305085,0,0.0000440677966101695,0.000128813559322034,0.000138983050847458,0.000149152542372881,0.000159322033898305,0.000169491525423729,0.0000508474576271186,0,1,0,0,0,0,0,0,1,1,1,1,1,1,1,1,1,1,1,1,1,1,1,1,1,1,1,1,1,1,1,1,1,1,1,1,1,1,1,1,1,1,1,1,1,1,1,1,1,1,1,1,1,1,1,1,1,1,1,1,1,1,1,1,1,1,1,1,1,1,1,1,1,1,1,1,1,1,1,1,0
2026-07-28 01:00:00,93.4679621833333,0,0,0,0,0,0,0.059105,2.36983,8.508465,13.2613433333333,11.6890533333333,9.88247166666667,9.69647166666667,10.0292016666667,10.669755,6.343645,2.542795,1.44854,0.932483333333333,0.733461666666667,0.661938333333333,0.659405,0.62571,0.469025,0.321068333333333,0.233386666666667,0.195175,0.204155,0.172065,0.160055,0.139203333333333,0.133921666666667,0.109435,0.088745,0.086855,0.0706366666666667,0.0486683333333333,0.0398566666666667,0.032095,0.0172533333333333,0.01795,0.01165,0.0100666666666667,0.00563333333333333,0.0113516666666667,0.00687333333333333,0.00651166666666667,0.00355333333333333,0.00565333333333333,0.00525333333333333,0.00132166666666667,0.00125333333333333,0.00161,0.00186666666666667,0.00205166666666667,0.000991666666666667,0.000745,0.000516666666666667,0.00214166666666667,0,0.00232333333333333,0.000236666666666667,0,0.000423333333333333,0,0,0,0.000418333333333333,0,0,0,0.0000216666666666667,0.0000633333333333333,0.0000683333333333333,0.0000733333333333333,0.0000783333333333333,0.0000833333333333333,0.000025,0,1,0,0,0,0,0,0,1,1,1,1,1,1,1,1,1,1,1,1,1,1,1,1,1,1,1,1,1,1,1,1,1,1,1,1,1,1,1,1,1,1,1,1,1,1,1,1,1,1,1,1,1,1,1,1,1,1,1,1,1,1,1,1,1,1,1,1,1,1,1,1,1,1,1,1,1,1,1,1,0
2026-07-28 02:00:00,85.4102975166667,0,0,0,0,0,0,0.0571216666666667,2.17193833333333,7.38365166666667,11.5027316666667,10.174015,8.90072666666667,8.736295,9.19342833333333,10.5419233333333,6.67866666666667,2.59750833333333,1.54607666666667,0.886056666666667,0.71404,0.626518333333333,0.621548333333333,0.590443333333333,0.434086666666667,0.297243333333333,0.206166666666667,0.16244,0.14418,0.139566666666667,0.127353333333333,0.106598333333333,0.108596666666667,0.0860516666666667,0.0783066666666667,0.062555,0.056565,0.0432933333333333,0.0346316666666667,0.0301533333333333,0.0192666666666667,0.0156483333333333,0.00948333333333333,0.0132916666666667,0.00653833333333333,0.00721833333333333,0.00448166666666667,0.00318,0.0031,0.00374166666666667,0.00330666666666667,0.0033,0.00125333333333333,0.00084,0.00127666666666667,0.00133,0.000481666666666667,0.00086,0.00043,0.00171333333333333,0.000428333333333333,0.000853333333333333,0.00202333333333333,0.000101666666666667,0,0.00127,0.000283333333333333,0.000138333333333333,0,0,0.00083,0,0.0000433333333333333,0.000126666666666667,0.000136666666666667,0.000146666666666667,0.000156666666666667,0.000166666666666667,0.00005,0,1,0,0,0,0,0,0,1,1,1,1,1,1,1,1,1,1,1,1,1,1,1,1,1,1,1,1,1,1,1,1,1,1,1,1,1,1,1,1,1,1,1,1,1,1,1,1,1,1,1,1,1,1,1,1,1,1,1,1,1,1,1,1,1,1,1,1,1,1,1,1,1,1,1,1,1,1,1,1,0
2026-07-28 03:00:00,67.8612123333333,0,0,0,0,0,0,0.0536266666666667,1.84537666666667,6.23170666666667,9.73981333333333,8.41980333333333,6.999995,6.72849333333333,7.02606,7.87565,5.051735,1.948645,1.15678333333333,0.707405,0.560183333333333,0.514323333333333,0.482956666666667,0.47576,0.337016666666667,0.2378,0.158776666666667,0.134431666666667,0.123415,0.111646666666667,0.105328333333333,0.0963366666666667,0.103546666666667,0.0809883333333333,0.064365,0.0586866666666667,0.050935,0.0352366666666667,0.0263333333333333,0.0215566666666667,0.01948,0.0123733333333333,0.00882666666666667,0.00616833333333333,0.006035,0.004445,0.00546,0.00686333333333333,0.00425666666666667,0.00466,0.00377,0.005405,0.00209666666666667,0.00091,0.000863333333333333,0.00124166666666667,0.000911666666666667,0.00146166666666667,0.000258333333333333,0.000175,0.00068,0.00019,0.000661666666666667,0.00085,0,0.00077,0.000075,0.000576666666666667,0.000263333333333333,0,0,0,0,0,0,0,0,0,0,0,1,0,0,0,0,0,0,1,1,1,1,1,1,1,1,1,1,1,1,1,1,1,1,1,1,1,1,1,1,1,1,1,1,1,1,1,1,1,1,1,1,1,1,1,1,1,1,1,1,1,1,1,1,1,1,1,1,1,1,1,1,1,1,1,1,1,1,1,1,1,1,1,1,1,1,1,1,1,1,0
2026-07-28 04:00:00,64.8558734666667,0,0,0,0,0,0,0.0510966666666667,1.95788333333333,6.39852833333333,9.46552333333333,7.98012833333333,6.619715,6.25358833333333,6.36110333333333,7.18128833333333,4.60506333333333,1.79704333333333,1.04614666666667,0.634058333333333,0.519491666666667,0.462765,0.449455,0.42718,0.311946666666667,0.20171,0.154671666666667,0.134901666666667,0.12939,0.117901666666667,0.106725,0.0839983333333333,0.0870666666666667,0.0646016666666667,0.0682933333333333,0.0609133333333333,0.0494616666666667,0.0375883333333333,0.027755,0.0233516666666667,0.0193633333333333,0.010835,0.00825,0.00507166666666667,0.00656666666666667,0.00369333333333333,0.005965,0.00398,0.002175,0.00428,0.00265333333333333,0.00177666666666667,0.00166333333333333,0.000385,0.000933333333333333,0.001295,0.000458333333333333,0.00126166666666667,0.000856666666666667,0,0,0,0,0.000811666666666667,0.0000383333333333333,0.000421666666666667,0.000421666666666667,0,0,0,0,0,0.0000216666666666667,0.0000633333333333333,0.0000683333333333333,0.0000733333333333333,0.0000783333333333333,0.0000833333333333333,0.000025,0,1,0,0,0,0,0,0,1,1,1,1,1,1,1,1,1,1,1,1,1,1,1,1,1,1,1,1,1,1,1,1,1,1,1,1,1,1,1,1,1,1,1,1,1,1,1,1,1,1,1,1,1,1,1,1,1,1,1,1,1,1,1,1,1,1,1,1,1,1,1,1,1,1,1,1,1,1,1,1,0
2026-07-28 05:00:00,62.39632805,0,0,0,0,0,0,0.0612316666666667,2.13560833333333,6.58568833333333,9.32438666666667,7.84970833333333,6.45872833333333,5.931955,6.07938833333333,6.63485166666667,4.322055,1.70604,1.06612166666667,0.631326666666667,0.484715,0.457556666666667,0.437666666666667,0.400158333333333,0.272955,0.20225,0.154366666666667,0.115508333333333,0.116088333333333,0.108916666666667,0.0934683333333333,0.0788433333333333,0.0943766666666667,0.0626116666666667,0.061415,0.04482,0.037455,0.0320466666666667,0.0219916666666667,0.0176233333333333,0.0179166666666667,0.0112833333333333,0.009485,0.008635,0.00538166666666667,0.006665,0.00352666666666667,0.00361166666666667,0.00411333333333333,0.00330833333333333,0.00192333333333333,0.00087,0.00246,0.00358166666666667,0.00198833333333333,0.000898333333333333,0.000911666666666667,0.00043,0.000373333333333333,0.000055,0.000426666666666667,0,0.000425,0,0,0,0,0,0.000418333333333333,0.000416666666666667,0.000415,0,0,0,0,0,0,0,0,0,1,0,0,0,0,0,0,1,1,1,1,1,1,1,1,1,1,1,1,1,1,1,1,1,1,1,1,1,1,1,1,1,1,1,1,1,1,1,1,1,1,1,1,1,1,1,1,1,1,1,1,1,1,1,1,1,1,1,1,1,1,1,1,1,1,1,1,1,1,1,1,1,1,1,1,1,1,1,1,0
2026-07-28 06:00:00,55.67853135,0,0,0,0,0,0,0.0607666666666667,2.09929,5.96794833333333,8.223315,7.07351833333333,5.86599,5.50349166666667,5.49346666666667,5.81611,3.85588,1.65495833333333,0.979998333333333,0.636491666666667,0.498606666666667,0.418471666666667,0.377758333333333,0.355538333333333,0.267956666666667,0.171941666666667,0.138261666666667,0.102415,0.08802,0.0843883333333333,0.08167,0.0693016666666667,0.0659083333333333,0.049535,0.0528016666666667,0.0350766666666667,0.0418116666666667,0.0242433333333333,0.0208266666666667,0.0159333333333333,0.0180033333333333,0.01531,0.008465,0.009475,0.00458166666666667,0.00826166666666667,0.00887833333333333,0.00505,0.00406,0.004715,0.00447,0.00388166666666667,0.00417,0.00168,0.002465,0.001885,0.000991666666666667,0.001175,0.00249666666666667,0.000593333333333333,0.00128,0.00166,0.000898333333333333,0.000811666666666667,0.000423333333333333,0.00130666666666667,0.00141,0.00111666666666667,0.00165333333333333,0.000241666666666667,0.000193333333333333,0,0.000108333333333333,0.000316666666666667,0.00034,0.000365,0.000391666666666667,0.000418333333333333,0.000123333333333333,0,1,0,0,0,0,0,0,1,1,1,1,1,1,1,1,1,1,1,1,1,1,1,1,1,1,1,1,1,1,1,1,1,1,1,1,1,1,1,1,1,1,1,1,1,1,1,1,1,1,1,1,1,1,1,1,1,1,1,1,1,1,1,1,1,1,1,1,1,1,1,1,1,1,1,1,1,1,1,1,0
2026-07-28 07:00:00,53.3701257,0,0,0,0,0,0,0.0519516666666667,1.64378166666667,5.18701666666667,7.21284666666667,6.23204,5.39993333333333,5.20619166666667,5.46005833333333,6.06697,4.64240666666667,1.94748666666667,1.18583666666667,0.71793,0.530335,0.464851666666667,0.402136666666667,0.405328333333333,0.276355,0.163211666666667,0.103891666666667,0.089445,0.0892666666666667,0.0535766666666667,0.0648416666666667,0.05413,0.0464283333333333,0.0484383333333333,0.0458716666666667,0.0319516666666667,0.0311583333333333,0.0267716666666667,0.016785,0.020575,0.01117,0.01214,0.009015,0.00985,0.00651,0.00763166666666667,0.00316166666666667,0.007165,0.00527333333333333,0.00425333333333333,0.00227666666666667,0.00256,0.00250666666666667,0.004015,0.0019,0.001365,0.000533333333333333,0.000945,0.00114833333333333,0.00254666666666667,0.001785,0.000853333333333333,0,0.000425,0.00127,0.000846666666666667,0.000421666666666667,0.000576666666666667,0.0011,0,0,0.000986666666666667,0.000253333333333333,0,0,0,0,0,0,0,1,0,0,0,0,0,0,1,1,1,1,1,1,1,1,1,1,1,1,1,1,1,1,1,1,1,1,1,1,1,1,1,1,1,1,1,1,1,1,1,1,1,1,1,1,1,1,1,1,1,1,1,1,1,1,1,1,1,1,1,1,1,1,1,1,1,1,1,1,1,1,1,1,1,1,1,1,1,1,0
2026-07-28 08:00:00,51.3671182,0,0,0,0,0,0,0.0411016666666667,1.41028833333333,4.24014,6.17501166666667,5.44092666666667,4.94924166666667,5.07088,5.55174833333333,6.23690833333333,5.10645666666667,2.14283833333333,1.23515833333333,0.723416666666667,0.52589,0.489161666666667,0.433226666666667,0.395415,0.272328333333333,0.166623333333333,0.103523333333333,0.0769533333333333,0.0713233333333333,0.0560966666666667,0.052955,0.0341533333333333,0.0479683333333333,0.0366466666666667,0.0377866666666667,0.0323366666666667,0.0300216666666667,0.0252733333333333,0.0180016666666667,0.0167916666666667,0.01912,0.01336,0.01108,0.0111116666666667,0.011855,0.00978333333333333,0.00612,0.00629,0.00567333333333333,0.00316166666666667,0.00324166666666667,0.00378,0.00332833333333333,0.002135,0.00214,0.00170833333333333,0.00142166666666667,0.00220666666666667,0.00163333333333333,0.000856666666666667,0.00171,0.00104333333333333,0.00130833333333333,0.00147833333333333,0.001655,0.000881666666666667,0.000421666666666667,0,0.000836666666666667,0.000223333333333333,0.000193333333333333,0,0.0013,0.00019,0.000205,0.00022,0.000235,0.00025,0.000075,0,1,0,0,0,0,0,0,1,1,1,1,1,1,1,1,1,1,1,1,1,1,1,1,1,1,1,1,1,1,1,1,1,1,1,1,1,1,1,1,1,1,1,1,1,1,1,1,1,1,1,1,1,1,1,1,1,1,1,1,1,1,1,1,1,1,1,1,1,1,1,1,1,1,1,1,1,1,1,1,0
2026-07-28 09:00:00,52.0962937666667,0,0,0,0,0,0,0.0503933333333333,1.422985,4.26891,6.154,5.44473,5.06146333333333,5.24847833333333,6.07114333333333,6.29836666666667,4.90546666666667,2.14106666666667,1.21576666666667,0.722831666666667,0.540696666666667,0.479661666666667,0.481943333333333,0.421958333333333,0.271645,0.161143333333333,0.0927866666666667,0.076715,0.0559783333333333,0.04717,0.0478566666666667,0.0426233333333333,0.048035,0.02872,0.0251983333333333,0.02856,0.0237,0.01691,0.0198216666666667,0.0172983333333333,0.0121766666666667,0.01491,0.009905,0.00634333333333333,0.00945833333333333,0.0100866666666667,0.0102816666666667,0.00881166666666667,0.00877166666666667,0.00603333333333333,0.00495666666666667,0.003405,0.00171,0.00446833333333333,0.00442,0.00471,0.00158166666666667,0.00283833333333333,0.00304,0.00108666666666667,0.00196166666666667,0.00019,0.00130833333333333,0.001865,0.000461666666666667,0.000423333333333333,0.001265,0.000288333333333333,0.00053,0.000435,0.00166,0,0.000173333333333333,0.000506666666666667,0.000546666666666667,0.000586666666666667,0.000626666666666667,0.000666666666666667,0.0002,0,1,0,0,0,0,0,0,1,1,1,1,1,1,1,1,1,1,1,1,1,1,1,1,1,1,1,1,1,1,1,1,1,1,1,1,1,1,1,1,1,1,1,1,1,1,1,1,1,1,1,1,1,1,1,1,1,1,1,1,1,1,1,1,1,1,1,1,1,1,1,1,1,1,1,1,1,1,1,1,0
2026-07-28 10:00:00,58.7087037333333,0,0,0,0,0,0,0.0570516666666667,1.770685,5.12243166666667,7.01742666666667,6.13743833333333,5.69477166666667,5.978365,6.86685333333333,7.06718666666667,5.48124,2.37674833333333,1.406345,0.846813333333333,0.656015,0.529301666666667,0.511465,0.448088333333333,0.317606666666667,0.171575,0.108826666666667,0.063415,0.0564,0.0492683333333333,0.0475466666666667,0.0330716666666667,0.03768,0.0353383333333333,0.0250966666666667,0.0212333333333333,0.0251766666666667,0.0156083333333333,0.0111016666666667,0.0128783333333333,0.0130166666666667,0.01269,0.009055,0.00732,0.00911666666666667,0.0068,0.00859,0.00701,0.00502166666666667,0.00483666666666667,0.00593333333333333,0.00637666666666667,0.00464833333333333,0.00288166666666667,0.00176166666666667,0.003415,0.000665,0.00169166666666667,0.00155,0.00230666666666667,0.00128166666666667,0.000426666666666667,0.00107166666666667,0.00059,0.00254,0.001305,0.000705,0.000558333333333333,0.000418333333333333,0.00064,0.000193333333333333,0,0.000541666666666667,0.00038,0.00041,0.00044,0.00047,0.0005,0.00015,0,1,0,0,0,0,0,0,1,1,1,1,1,1,1,1,1,1,1,1,1,1,1,1,1,1,1,1,1,1,1,1,1,1,1,1,1,1,1,1,1,1,1,1,1,1,1,1,1,1,1,1,1,1,1,1,1,1,1,1,1,1,1,1,1,1,1,1,1,1,1,1,1,1,1,1,1,1,1,1,0
2026-07-28 11:00:00,80.4355131833333,0,0,0,0,0,0,0.0923883333333333,2.65525333333333,7.39972333333333,9.76261333333333,8.14101666666667,7.487635,7.78995333333333,9.10497666666667,9.07300666666667,7.21102666666667,3.24920833333333,1.94775,1.16916,0.863476666666667,0.741608333333333,0.711115,0.633556666666667,0.44448,0.244988333333333,0.145346666666667,0.0997916666666667,0.0751766666666667,0.0585333333333333,0.0712883333333333,0.0433283333333333,0.0450416666666667,0.0348516666666667,0.0303833333333333,0.0273483333333333,0.02686,0.0276083333333333,0.0271433333333333,0.018475,0.01706,0.0161933333333333,0.0123166666666667,0.0103583333333333,0.00933666666666667,0.0103366666666667,0.00796166666666667,0.00874166666666667,0.00858833333333333,0.00489,0.00471666666666667,0.005015,0.00337333333333333,0.006945,0.00317666666666667,0.00323333333333333,0.00266,0.00220666666666667,0.00157833333333333,0.00169,0.00135833333333333,0.000426666666666667,0.00287333333333333,0.00180166666666667,0.000423333333333333,0.00077,0.000641666666666667,0.00169333333333333,0.0011,0.000833333333333333,0.000588333333333333,0.000653333333333333,0.000151666666666667,0.000443333333333333,0.000478333333333333,0.000513333333333333,0.000548333333333333,0.000583333333333333,0.000175,0,1,0,0,0,0,0,0,1,1,1,1,1,1,1,1,1,1,1,1,1,1,1,1,1,1,1,1,1,1,1,1,1,1,1,1,1,1,1,1,1,1,1,1,1,1,1,1,1,1,1,1,1,1,1,1,1,1,1,1,1,1,1,1,1,1,1,1,1,1,1,1,1,1,1,1,1,1,1,1,0
2026-07-28 12:00:00,76.1058751666667,0,0,0,0,0,0,0.0638733333333333,1.96549333333333,5.67419833333333,7.824085,7.27629,6.99190666666667,7.69108666666667,9.21308333333333,9.48666,7.966895,3.51796833333333,2.12247,1.272595,0.90679,0.829941666666667,0.780533333333333,0.668891666666667,0.47348,0.258931666666667,0.153393333333333,0.0991516666666667,0.0808616666666667,0.0646383333333333,0.0642483333333333,0.0421116666666667,0.037575,0.0308633333333333,0.0343,0.02668,0.0232316666666667,0.0183116666666667,0.019595,0.0150466666666667,0.00984333333333333,0.011835,0.00864,0.0116616666666667,0.0109883333333333,0.00632,0.00484666666666667,0.00701666666666667,0.00685166666666667,0.00537333333333333,0.00367166666666667,0.004685,0.00294,0.00386166666666667,0.001365,0.003725,0.00104333333333333,0.002725,0.00277833333333333,0.00143666666666667,0.002465,0.000996666666666667,0.00305666666666667,0.000628333333333333,0.000385,0.00046,0.000705,0.001975,0.000661666666666667,0.000435,0,0.000986666666666667,0.000513333333333333,0.00076,0.000818333333333333,0.000878333333333333,0.00094,0.00100166666666667,0.000298333333333333,0,1,0,0,0,0,0,0,1,1,1,1,1,1,1,1,1,1,1,1,1,1,1,1,1,1,1,1,1,1,1,1,1,1,1,1,1,1,1,1,1,1,1,1,1,1,1,1,1,1,1,1,1,1,1,1,1,1,1,1,1,1,1,1,1,1,1,1,1,1,1,1,1,1,1,1,1,1,1,1,0
2026-07-28 13:00:00,81.31395,0,0,0,0,0,0,0.063455,1.88849,5.93362833333333,8.71563333333333,8.25536166666667,8.13081,9.27890166666667,10.7530783333333,9.806525,7.29568833333333,3.33443166666667,2.00146833333333,1.175715,0.90559,0.780155,0.729185,0.672155,0.503238333333333,0.245671666666667,0.137186666666667,0.123066666666667,0.09724,0.0624266666666667,0.0667716666666667,0.0593566666666667,0.05271,0.04867,0.03075,0.0283783333333333,0.034975,0.028105,0.0232333333333333,0.0189733333333333,0.0133433333333333,0.0132466666666667,0.00879,0.0106266666666667,0.00961166666666667,0.011305,0.00908833333333333,0.005565,0.00630833333333333,0.00598333333333333,0.00682666666666667,0.00509833333333333,0.00455666666666667,0.00497166666666667,0.00638333333333333,0.00411166666666667,0.002385,0.000831666666666667,0.002145,0.000856666666666667,0.00170833333333333,0.00147,0.000985,0.00137666666666667,0.000385,0.000461666666666667,0.00141,0.00169333333333333,0.0011,0.000833333333333333,0.000761666666666667,0.00048,0.000151666666666667,0.000443333333333333,0.000476666666666667,0.000511666666666667,0.000548333333333333,0.000585,0.000173333333333333,0,1,0,0,0,0,0,0,1,1,1,1,1,1,1,1,1,1,1,1,1,1,1,1,1,1,1,1,1,1,1,1,1,1,1,1,1,1,1,1,1,1,1,1,1,1,1,1,1,1,1,1,1,1,1,1,1,1,1,1,1,1,1,1,1,1,1,1,1,1,1,1,1,1,1,1,1,1,1,1,0
2026-07-28 14:00:00,131.495218883333,0,0,0,0,0,0,0.09813,3.28201166666667,10.6379,15.583505,14.7892933333333,14.5732216666667,16.232985,19.1785516666667,14.169895,8.23553833333333,4.03019833333333,2.45708166666667,1.49062,1.128865,1.00558833333333,0.970196666666667,0.8475,0.553123333333333,0.349193333333333,0.216461666666667,0.167513333333333,0.157728333333333,0.116118333333333,0.120148333333333,0.093085,0.100846666666667,0.0815966666666667,0.065755,0.0721766666666667,0.06181,0.0556416666666667,0.0448933333333333,0.03177,0.0231966666666667,0.01819,0.02027,0.01417,0.0150583333333333,0.00896666666666667,0.010345,0.00997166666666667,0.00975,0.00359,0.005025,0.007285,0.00460333333333333,0.00313833333333333,0.00509166666666667,0.00295,0.00242,0.00263833333333333,0.00315333333333333,0.00242666666666667,0.00281666666666667,0.00341333333333333,0.000323333333333333,0.0013,0.000846666666666667,0.000498333333333333,0.000421666666666667,0.00042,0.00163333333333333,0.000676666666666667,0.000608333333333333,0.0014,0.000816666666666667,0.000443333333333333,0.000478333333333333,0.000513333333333333,0.000548333333333333,0.000583333333333333,0.000175,0,1,0,0,0,0,0,0,1,1,1,1,1,1,1,1,1,1,1,1,1,1,1,1,1,1,1,1,1,1,1,1,1,1,1,1,1,1,1,1,1,1,1,1,1,1,1,1,1,1,1,1,1,1,1,1,1,1,1,1,1,1,1,1,1,1,1,1,1,1,1,1,1,1,1,1,1,1,1,1,0
2026-07-28 15:00:00,121.3892943,0,0,0,0,0,0,0.080935,3.127085,9.58897833333333,13.7845,12.9825383333333,13.2585183333333,15.2295116666667,18.3992716666667,13.3657016666667,7.85416666666667,3.837005,2.23674333333333,1.37271666666667,1.082495,0.997231666666667,0.904111666666667,0.78741,0.54438,0.32741,0.19406,0.174198333333333,0.151325,0.116703333333333,0.128763333333333,0.0874016666666667,0.096165,0.0794033333333333,0.0659183333333333,0.0654566666666667,0.0591766666666667,0.04855,0.04264,0.0338833333333333,0.02742,0.02396,0.0183666666666667,0.017335,0.0108916666666667,0.0134133333333333,0.013825,0.00926333333333333,0.008535,0.00628333333333333,0.00443166666666667,0.005385,0.00373666666666667,0.00422666666666667,0.00581166666666667,0.00173666666666667,0.00559166666666667,0.00361166666666667,0.00106166666666667,0.00237166666666667,0.00238666666666667,0.00166,0.00292166666666667,0.00133833333333333,0.00211666666666667,0.001725,0.00239166666666667,0.000558333333333333,0,0.000446666666666667,0.00121666666666667,0.000826666666666667,0.0000866666666666667,0.000253333333333333,0.000273333333333333,0.000293333333333333,0.000313333333333333,0.000333333333333333,0.0001,0,1,0,0,0,0,0,0,1,1,1,1,1,1,1,1,1,1,1,1,1,1,1,1,1,1,1,1,1,1,1,1,1,1,1,1,1,1,1,1,1,1,1,1,1,1,1,1,1,1,1,1,1,1,1,1,1,1,1,1,1,1,1,1,1,1,1,1,1,1,1,1,1,1,1,1,1,1,1,1,0
2026-07-28 16:00:00,126.83118595,0,0,0,0,0,0,0.0991566666666667,3.46569666666667,10.7763133333333,14.7012816666667,13.0726666666667,12.8157266666667,14.7497866666667,17.8589883333333,14.26577,8.84332,4.22968,2.52363333333333,1.561925,1.2095,1.07712333333333,1.02944166666667,0.89279,0.61681,0.351138333333333,0.225501666666667,0.177666666666667,0.165125,0.133698333333333,0.12925,0.0995983333333333,0.0934783333333333,0.081235,0.0704416666666667,0.0603033333333333,0.0580166666666667,0.0505,0.04585,0.0333583333333333,0.03038,0.0231166666666667,0.0162016666666667,0.0147766666666667,0.01055,0.009965,0.0107116666666667,0.01049,0.00905666666666667,0.00644,0.005375,0.00353333333333333,0.00501333333333333,0.00324333333333333,0.00226166666666667,0.00395333333333333,0.00271166666666667,0.00186333333333333,0.00148833333333333,0.00289666666666667,0.001435,0.00227666666666667,0.00178333333333333,0.001865,0.00254,0.00122833333333333,0.000358333333333333,0.00139666666666667,0.000816666666666667,0.000435,0.00083,0.00032,0.00107,0.000443333333333333,0.000476666666666667,0.000511666666666667,0.000548333333333333,0.000585,0.000173333333333333,0,1,0,0,0,0,0,0,1,1,1,1,1,1,1,1,1,1,1,1,1,1,1,1,1,1,1,1,1,1,1,1,1,1,1,1,1,1,1,1,1,1,1,1,1,1,1,1,1,1,1,1,1,1,1,1,1,1,1,1,1,1,1,1,1,1,1,1,1,1,1,1,1,1,1,1,1,1,1,1,0
2026-07-28 17:00:00,138.9852151,0,0,0,0,0,0,0.12225,4.20024,12.5911583333333,17.2155866666667,14.9139083333333,13.9062533333333,15.5778266666667,18.87913,15.6934683333333,9.84965,4.806365,2.80861666666667,1.75617666666667,1.38122166666667,1.20185,1.134745,1.02081166666667,0.655413333333333,0.411366666666667,0.285226666666667,0.190861666666667,0.174718333333333,0.137908333333333,0.139816666666667,0.103301666666667,0.108481666666667,0.08706,0.0773216666666667,0.068925,0.0661933333333333,0.061995,0.0475333333333333,0.03147,0.025925,0.0233283333333333,0.0212,0.019335,0.00989666666666667,0.00857833333333333,0.0106716666666667,0.00823,0.007755,0.00600666666666667,0.00424166666666667,0.00377833333333333,0.00421666666666667,0.00204166666666667,0.00496666666666667,0.00483333333333333,0.004615,0.00338166666666667,0.00381166666666667,0.00211833333333333,0.00178333333333333,0.00128,0.002995,0.00203,0.00130833333333333,0.002,0.00169833333333333,0.001135,0.000681666666666667,0.00192,0.00058,0,0.00091,0.000253333333333333,0.000273333333333333,0.000293333333333333,0.000313333333333333,0.000333333333333333,0.0001,0,1,0,0,0,0,0,0,1,1,1,1,1,1,1,1,1,1,1,1,1,1,1,1,1,1,1,1,1,1,1,1,1,1,1,1,1,1,1,1,1,1,1,1,1,1,1,1,1,1,1,1,1,1,1,1,1,1,1,1,1,1,1,1,1,1,1,1,1,1,1,1,1,1,1,1,1,1,1,1,0
2026-07-28 18:00:00,113.16693385,0,0,0,0,0,0,0.088195,3.17600166666667,9.79043,13.23352,11.504095,10.78047,12.1146566666667,14.7027066666667,13.2998,9.22061,4.28575333333333,2.56297333333333,1.58815,1.234985,1.07787,1.03206333333333,0.938216666666667,0.642841666666667,0.373415,0.198368333333333,0.144948333333333,0.133643333333333,0.109911666666667,0.105523333333333,0.072455,0.0773616666666667,0.054015,0.0566733333333333,0.0546833333333333,0.0471183333333333,0.0396133333333333,0.0304966666666667,0.0295933333333333,0.0184533333333333,0.0139033333333333,0.0135983333333333,0.01457,0.0117933333333333,0.010355,0.00835,0.00715666666666667,0.00697666666666667,0.006525,0.00642333333333333,0.00629333333333333,0.00337333333333333,0.00256666666666667,0.00524,0.00373333333333333,0.00362333333333333,0.002035,0.00260666666666667,0.00169,0.00136,0.00147,0.002685,0.000913333333333333,0.00123166666666667,0.000498333333333333,0.000705,0.00168666666666667,0.000131666666666667,0.00192,0.00058,0.000413333333333333,0.000541666666666667,0.00038,0.00041,0.00044,0.00047,0.0005,0.00015,0,1,0,0,0,0,0,0,1,1,1,1,1,1,1,1,1,1,1,1,1,1,1,1,1,1,1,1,1,1,1,1,1,1,1,1,1,1,1,1,1,1,1,1,1,1,1,1,1,1,1,1,1,1,1,1,1,1,1,1,1,1,1,1,1,1,1,1,1,1,1,1,1,1,1,1,1,1,1,1,0
2026-07-28 19:00:00,113.340295516667,0,0,0,0,0,0,0.0801116666666667,3.18080166666667,9.82838,13.3577516666667,11.3593083333333,10.4424233333333,11.3648833333333,13.7116466666667,13.50811,10.1645433333333,4.55653666666667,2.77122166666667,1.69980666666667,1.27953333333333,1.19258833333333,1.10848,0.999511666666667,0.663628333333333,0.394573333333333,0.239235,0.155926666666667,0.143043333333333,0.11093,0.10596,0.0813883333333333,0.07771,0.061275,0.0489316666666667,0.0507383333333333,0.0348883333333333,0.0336683333333333,0.0256266666666667,0.0268916666666667,0.0218033333333333,0.01423,0.0121033333333333,0.0106766666666667,0.0112616666666667,0.0103266666666667,0.00813166666666667,0.00576333333333333,0.00252,0.00468666666666667,0.00586833333333333,0.005035,0.002915,0.00295166666666667,0.00324,0.001595,0.00182833333333333,0.00226666666666667,0.003355,0.00136333333333333,0.00068,0.00251333333333333,0.00249666666666667,0.000488333333333333,0.00127,0.00242166666666667,0.00240166666666667,0.001535,0.001255,0.00064,0.00161166666666667,0.0004,0.000773333333333333,0.000316666666666667,0.000341666666666667,0.000366666666666667,0.000391666666666667,0.000416666666666667,0.000125,0,1,0,0,0,0,0,0,1,1,1,1,1,1,1,1,1,1,1,1,1,1,1,1,1,1,1,1,1,1,1,1,1,1,1,1,1,1,1,1,1,1,1,1,1,1,1,1,1,1,1,1,1,1,1,1,1,1,1,1,1,1,1,1,1,1,1,1,1,1,1,1,1,1,1,1,1,1,1,1,0
2026-07-28 20:00:00,128.37186155,0,0,0,0,0,0,0.110451666666667,3.85663833333333,11.9527666666667,15.920465,13.4757366666667,11.8825566666667,12.3614483333333,14.039325,14.862345,11.920395,5.43629,3.12047,1.89728666666667,1.45775166666667,1.255745,1.21594666666667,1.07465,0.795885,0.45129,0.270543333333333,0.223261666666667,0.161908333333333,0.123905,0.110615,0.0776866666666667,0.079045,0.0649733333333333,0.0559183333333333,0.0455783333333333,0.0392266666666667,0.0286466666666667,0.0259433333333333,0.0214516666666667,0.0188866666666667,0.0165516666666667,0.0155966666666667,0.0123966666666667,0.011235,0.00970666666666667,0.00666333333333333,0.00426,0.007015,0.00759,0.00600166666666667,0.00592333333333333,0.00166333333333333,0.00238,0.002535,0.00398833333333333,0.004055,0.00143333333333333,0.004005,0.003285,0.00324166666666667,0.00189666666666667,0.001835,0.000526666666666667,0.00211666666666667,0.00119166666666667,0.000918333333333333,0,0.000816666666666667,0.000435,0.000173333333333333,0.00024,0.0000866666666666667,0.000253333333333333,0.000271666666666667,0.000291666666666667,0.000313333333333333,0.000335,0.0000983333333333333,0,1,0,0,0,0,0,0,1,1,1,1,1,1,1,1,1,1,1,1,1,1,1,1,1,1,1,1,1,1,1,1,1,1,1,1,1,1,1,1,1,1,1,1,1,1,1,1,1,1,1,1,1,1,1,1,1,1,1,1,1,1,1,1,1,1,1,1,1,1,1,1,1,1,1,1,1,1,1,1,0
2026-07-28 21:00:00,154.567835783333,0,0,0,0,0,0,0.14529,5.01914833333333,15.1196933333333,20.4838483333333,17.0308066666667,14.7311133333333,14.7779866666667,15.911955,16.643555,13.7842616666667,6.470825,3.64327833333333,2.13281333333333,1.55596,1.40792666666667,1.28708166666667,1.17398,0.856653333333333,0.524988333333333,0.304731666666667,0.207055,0.178538333333333,0.14196,0.116115,0.089985,0.081865,0.0705933333333333,0.0536833333333333,0.0487733333333333,0.0409716666666667,0.0323616666666667,0.0294983333333333,0.0231733333333333,0.0155533333333333,0.0169766666666667,0.0132,0.0126716666666667,0.0108966666666667,0.00737833333333333,0.00992833333333333,0.0073,0.00570666666666667,0.00840333333333333,0.00219666666666667,0.00679166666666667,0.00460166666666667,0.00372166666666667,0.00271166666666667,0.00538,0.00424,0.00372666666666667,0.00174833333333333,0.00134,0.000426666666666667,0.00256,0,0.00085,0.001655,0.00115333333333333,0.000433333333333333,0.000846666666666667,0.000131666666666667,0.000863333333333333,0.000801666666666667,0.000573333333333333,0.000296666666666667,0.000126666666666667,0.000136666666666667,0.000146666666666667,0.000156666666666667,0.000166666666666667,0.00005,0,1,0,0,0,0,0,0,1,1,1,1,1,1,1,1,1,1,1,1,1,1,1,1,1,1,1,1,1,1,1,1,1,1,1,1,1,1,1,1,1,1,1,1,1,1,1,1,1,1,1,1,1,1,1,1,1,1,1,1,1,1,1,1,1,1,1,1,1,1,1,1,1,1,1,1,1,1,1,1,0
2026-07-28 22:00:00,149.729350816667,0,0,0,0,0,0,0.137728333333333,4.56109333333333,13.9575966666667,18.77832,15.990105,13.92899,14.010295,15.4747766666667,16.889515,14.4366066666667,6.78564166666667,3.717215,2.23037,1.618565,1.47114,1.41486666666667,1.31278,0.935991666666667,0.576005,0.34083,0.250261666666667,0.190003333333333,0.147506666666667,0.128498333333333,0.104903333333333,0.0930683333333333,0.0662466666666667,0.0635333333333333,0.048385,0.0489533333333333,0.040495,0.034725,0.0237866666666667,0.0152,0.0185866666666667,0.01443,0.015205,0.0135366666666667,0.00764,0.006485,0.00751333333333333,0.00743,0.00572833333333333,0.00682666666666667,0.00772166666666667,0.00335166666666667,0.00585833333333333,0.00426166666666667,0.00398833333333333,0.001875,0.00146166666666667,0.00234833333333333,0.00194333333333333,0.000678333333333333,0.00170666666666667,0.001275,0,0.000385,0.00165166666666667,0.00190666666666667,0.000853333333333333,0.00108,0.00126833333333333,0.000415,0,0.000173333333333333,0.000506666666666667,0.000543333333333333,0.000583333333333333,0.000626666666666667,0.00067,0.000196666666666667,0,1,0,0,0,0,0,0,1,1,1,1,1,1,1,1,1,1,1,1,1,1,1,1,1,1,1,1,1,1,1,1,1,1,1,1,1,1,1,1,1,1,1,1,1,1,1,1,1,1,1,1,1,1,1,1,1,1,1,1,1,1,1,1,1,1,1,1,1,1,1,1,1,1,1,1,1,1,1,1,0
2026-07-28 23:00:00,129.336487283333,0,0,0,0,0,0,0.101475,3.49809333333333,10.7500566666667,15.4349566666667,13.408635,12.22321,12.7274716666667,14.4817316666667,15.6375566666667,12.77742,5.75307833333333,3.24966666666667,1.94142333333333,1.42951,1.27967833333333,1.23132333333333,1.135765,0.787303333333333,0.49217,0.279206666666667,0.193693333333333,0.161616666666667,0.135636666666667,0.110498333333333,0.0840933333333333,0.0859766666666667,0.0766633333333333,0.0498016666666667,0.0481283333333333,0.0428933333333333,0.0293616666666667,0.0342983333333333,0.02244,0.0192166666666667,0.0147,0.0146816666666667,0.0148266666666667,0.01158,0.009095,0.00744,0.00809833333333333,0.00570666666666667,0.00713,0.00642,0.00418833333333333,0.00375833333333333,0.00753666666666667,0.00492166666666667,0.00465833333333333,0.00504833333333333,0.00209166666666667,0.003325,0.000966666666666667,0.000856666666666667,0.001895,0.00141,0.000526666666666667,0.00123166666666667,0.001155,0.001,0.000835,0.000418333333333333,0,0.001245,0,0.000888333333333333,0.00019,0.000205,0.00022,0.000235,0.00025,0.000075,0,1,0,0,0,0,0,0,1,1,1,1,1,1,1,1,1,1,1,1,1,1,1,1,1,1,1,1,1,1,1,1,1,1,1,1,1,1,1,1,1,1,1,1,1,1,1,1,1,1,1,1,1,1,1,1,1,1,1,1,1,1,1,1,1,1,1,1,1,1,1,1,1,1,1,1,1,1,1,1,0
2026-07-29,116.974284483333,0,0,0,0,0,0,0.0691433333333333,2.603825,8.58189166666667,12.8030733333333,11.59157,11.018005,11.83306,13.522985,15.718385,12.4313633333333,5.22728,2.99519666666667,1.756505,1.34992,1.15663,1.07066166666667,0.985755,0.71001,0.38161,0.234828333333333,0.186661666666667,0.130108333333333,0.110741666666667,0.0966683333333333,0.08678,0.08135,0.0696,0.0576616666666667,0.0535033333333333,0.0496283333333333,0.03658,0.02878,0.0230266666666667,0.0202366666666667,0.0172783333333333,0.0145083333333333,0.0112133333333333,0.0124766666666667,0.00766666666666667,0.00817833333333333,0.00742833333333333,0.00728666666666667,0.005785,0.00768166666666667,0.00423333333333333,0.00585666666666667,0.00427,0.00539833333333333,0.00288833333333333,0.00097,0.003555,0.001435,0.001745,0.00349333333333333,0.00166,0.00174833333333333,0.00085,0.000846666666666667,0.000768333333333333,0.00078,0.000138333333333333,0,0,0,0.000413333333333333,0.0000866666666666667,0.000253333333333333,0.000273333333333333,0.000293333333333333,0.000313333333333333,0.000333333333333333,0.0001,0,1,0,0,0,0,0,0,1,1,1,1,1,1,1,1,1,1,1,1,1,1,1,1,1,1,1,1,1,1,1,1,1,1,1,1,1,1,1,1,1,1,1,1,1,1,1,1,1,1,1,1,1,1,1,1,1,1,1,1,1,1,1,1,1,1,1,1,1,1,1,1,1,1,1,1,1,1,1,1,0
2026-07-29 01:00:00,115.6439522,0,0,0,0,0,0,0.07743,2.43120833333333,8.095585,12.403495,11.3821183333333,11.0210816666667,12.0201166666667,13.686525,16.2042433333333,12.7575933333333,5.06022833333333,2.92939,1.665985,1.247535,1.10561666666667,1.00459333333333,0.955955,0.65804,0.380915,0.212661666666667,0.171466666666667,0.136858333333333,0.110931666666667,0.113163333333333,0.0752583333333333,0.0917633333333333,0.0681916666666667,0.0623966666666667,0.0493316666666667,0.0498933333333333,0.043675,0.037735,0.02489,0.0201066666666667,0.016535,0.0110033333333333,0.0157516666666667,0.0200983333333333,0.0119433333333333,0.0111866666666667,0.0108466666666667,0.00703333333333333,0.00595333333333333,0.00520333333333333,0.005515,0.00544833333333333,0.00299833333333333,0.00507333333333333,0.00233333333333333,0.002635,0.00226666666666667,0.00358,0.001745,0.00178666666666667,0.00275,0.00173333333333333,0.00144,0.000423333333333333,0.0000383333333333333,0.000566666666666667,0.00195666666666667,0.000418333333333333,0.000416666666666667,0,0.000826666666666667,0.000455,0.000126666666666667,0.000136666666666667,0.000146666666666667,0.000156666666666667,0.000166666666666667,0.00005,0,1,0,0,0,0,0,0,1,1,1,1,1,1,1,1,1,1,1,1,1,1,1,1,1,1,1,1,1,1,1,1,1,1,1,1,1,1,1,1,1,1,1,1,1,1,1,1,1,1,1,1,1,1,1,1,1,1,1,1,1,1,1,1,1,1,1,1,1,1,1,1,1,1,1,1,1,1,1,1,0
2026-07-29 02:00:00,123.0910969,0,0,0,0,0,0,0.0820066666666667,2.69092166666667,8.69710666666667,13.2467183333333,12.10291,11.5061666666667,12.40082,14.2155283333333,17.029185,13.5413933333333,5.25082666666667,3.06429833333333,1.72884833333333,1.26811166666667,1.18216,1.03697,1.01267333333333,0.658068333333333,0.384815,0.240178333333333,0.162983333333333,0.128526666666667,0.117968333333333,0.103628333333333,0.0819116666666667,0.075935,0.0615483333333333,0.051635,0.0551366666666667,0.050395,0.04058,0.0282816666666667,0.025985,0.01912,0.0164216666666667,0.0108433333333333,0.0173783333333333,0.0105583333333333,0.01001,0.00646166666666667,0.00839166666666667,0.00529333333333333,0.0043,0.00564,0.00932833333333333,0.00587833333333333,0.00278833333333333,0.00235,0.00435,0.001425,0.00284,0.00260666666666667,0.00254666666666667,0.000931666666666667,0.000853333333333333,0.000323333333333333,0.00253666666666667,0.000538333333333333,0,0.000421666666666667,0.00084,0,0,0,0,0,0,0,0,0,0,0,0,1,0,0,0,0,0,0,1,1,1,1,1,1,1,1,1,1,1,1,1,1,1,1,1,1,1,1,1,1,1,1,1,1,1,1,1,1,1,1,1,1,1,1,1,1,1,1,1,1,1,1,1,1,1,1,1,1,1,1,1,1,1,1,1,1,1,1,1,1,1,1,1,1,1,1,1,1,1,1,0
2026-07-29 03:00:00,124.3405116,0,0,0,0,0,0,0.08305,2.69795333333333,8.90685166666667,13.6011866666667,12.3404366666667,11.6588933333333,12.271505,14.3123666666667,17.3595316666667,13.8091433333333,5.32323166666667,3.14734,1.785585,1.343345,1.116365,1.10194833333333,0.96262,0.658771666666667,0.399665,0.225698333333333,0.17178,0.13011,0.11165,0.0974283333333333,0.0849133333333333,0.067775,0.0630083333333333,0.0536916666666667,0.0443433333333333,0.0382733333333333,0.0347666666666667,0.02408,0.02161,0.0186933333333333,0.018815,0.01428,0.0132066666666667,0.00595,0.00861,0.00943666666666667,0.00629,0.00665166666666667,0.00774,0.00371333333333333,0.003365,0.00335,0.004585,0.003575,0.003055,0.00220166666666667,0.00120333333333333,0.003955,0.000428333333333333,0.00128,0.000616666666666667,0.000985,0.000101666666666667,0.000385,0.000385,0.000075,0.00084,0,0,0.000415,0,0.000455,0.000126666666666667,0.000136666666666667,0.000146666666666667,0.000156666666666667,0.000166666666666667,0.00005,0,1,0,0,0,0,0,0,1,1,1,1,1,1,1,1,1,1,1,1,1,1,1,1,1,1,1,1,1,1,1,1,1,1,1,1,1,1,1,1,1,1,1,1,1,1,1,1,1,1,1,1,1,1,1,1,1,1,1,1,1,1,1,1,1,1,1,1,1,1,1,1,1,1,1,1,1,1,1,1,0
2026-07-29 04:00:00,126.544254816667,0,0,0,0,0,0,0.0799416666666667,2.75178666666667,9.05781833333333,13.9260183333333,12.59212,11.7757916666667,12.543275,14.563055,17.769895,13.865615,5.442175,3.125985,1.86157666666667,1.37313333333333,1.21387833333333,1.09093666666667,1.00832666666667,0.698935,0.380821666666667,0.241975,0.16881,0.144961666666667,0.113968333333333,0.107081666666667,0.0926566666666667,0.080165,0.0578266666666667,0.054835,0.0511883333333333,0.04237,0.03254,0.0324166666666667,0.02139,0.0206033333333333,0.0158883333333333,0.0144766666666667,0.0116133333333333,0.01183,0.00938,0.00786,0.01035,0.00484,0.00598666666666667,0.00409333333333333,0.00767666666666667,0.00419166666666667,0.00261333333333333,0.00214,0.002625,0.00182833333333333,0.001835,0.00143333333333333,0.00225166666666667,0.000426666666666667,0.00057,0.001135,0.00123666666666667,0.000885,0,0.001265,0,0,0.00147333333333333,0.000608333333333333,0,0.0000433333333333333,0.000126666666666667,0.000136666666666667,0.000146666666666667,0.000156666666666667,0.000166666666666667,0.00005,0,1,0,0,0,0,0,0,1,1,1,1,1,1,1,1,1,1,1,1,1,1,1,1,1,1,1,1,1,1,1,1,1,1,1,1,1,1,1,1,1,1,1,1,1,1,1,1,1,1,1,1,1,1,1,1,1,1,1,1,1,1,1,1,1,1,1,1,1,1,1,1,1,1,1,1,1,1,1,1,0
2026-07-29 05:00:00,121.4200987,0,0,0,0,0,0,0.0737183333333333,2.58627166666667,8.48106166666667,13.4278716666667,12.13656,11.46893,12.3808133333333,14.5862116666667,17.8633483333333,12.123705,5.005195,2.909605,1.760715,1.35316333333333,1.16307833333333,1.08715,1.037985,0.711091666666667,0.400458333333333,0.242028333333333,0.178013333333333,0.143365,0.124976666666667,0.117,0.0994733333333333,0.0836633333333333,0.089605,0.0690783333333333,0.06588,0.0590433333333333,0.0472766666666667,0.0349416666666667,0.0332933333333333,0.0193166666666667,0.0187416666666667,0.01616,0.0179166666666667,0.0116116666666667,0.0201583333333333,0.0100583333333333,0.00831,0.00868,0.00508666666666667,0.00475833333333333,0.00415,0.00416833333333333,0.00559,0.00179666666666667,0.00118833333333333,0.00236666666666667,0.00332666666666667,0.00123166666666667,0.00134,0.00213333333333333,0.000426666666666667,0.00085,0.000811666666666667,0.000461666666666667,0,0.00112666666666667,0.000846666666666667,0.000131666666666667,0.000833333333333333,0.000588333333333333,0.000653333333333333,0.0000866666666666667,0.000253333333333333,0.000273333333333333,0.000293333333333333,0.000313333333333333,0.000333333333333333,0.0001,0,1,0,0,0,0,0,0,1,1,1,1,1,1,1,1,1,1,1,1,1,1,1,1,1,1,1,1,1,1,1,1,1,1,1,1,1,1,1,1,1,1,1,1,1,1,1,1,1,1,1,1,1,1,1,1,1,1,1,1,1,1,1,1,1,1,1,1,1,1,1,1,1,1,1,1,1,1,1,1,0
2026-07-29 06:00:00,111.027065283333,0,0,0,0,0,0,0.06735,2.34737833333333,8.180025,12.6859016666667,11.5333066666667,11.005815,12.1316266666667,14.3583016666667,15.9466283333333,8.28873666666667,3.84964666666667,2.30908166666667,1.37932833333333,1.10103666666667,0.98325,0.937066666666667,0.89784,0.562073333333333,0.32592,0.218075,0.157715,0.151653333333333,0.124746666666667,0.128595,0.107205,0.0976016666666667,0.087025,0.0820133333333333,0.0739083333333333,0.065295,0.059255,0.038345,0.0321716666666667,0.031205,0.0251733333333333,0.0169733333333333,0.016245,0.0132283333333333,0.0116916666666667,0.009795,0.0117966666666667,0.009025,0.004075,0.00848,0.00600833333333333,0.00416833333333333,0.002135,0.00325833333333333,0.00242333333333333,0.00306666666666667,0.004415,0.00352333333333333,0.00187833333333333,0.00213833333333333,0.00104333333333333,0.00226,0.0013,0.00130833333333333,0.00165166666666667,0.000496666666666667,0.000576666666666667,0.0011,0,0,0.000826666666666667,0.0000433333333333333,0.000126666666666667,0.000136666666666667,0.000146666666666667,0.000156666666666667,0.000166666666666667,0.00005,0,1,0,0,0,0,0,0,1,1,1,1,1,1,1,1,1,1,1,1,1,1,1,1,1,1,1,1,1,1,1,1,1,1,1,1,1,1,1,1,1,1,1,1,1,1,1,1,1,1,1,1,1,1,1,1,1,1,1,1,1,1,1,1,1,1,1,1,1,1,1,1,1,1,1,1,1,1,1,1,0
2026-07-29 07:00:00,114.274047483333,0,0,0,0,0,0,0.0658933333333333,2.57041,9.135555,14.1855266666667,12.6704133333333,11.8258733333333,12.5891616666667,15.0256283333333,14.8212416666667,6.97151333333333,3.53448666666667,2.10716833333333,1.33917666666667,1.09027,0.977691666666667,0.950103333333333,0.869243333333333,0.556881666666667,0.349778333333333,0.220763333333333,0.177423333333333,0.155736666666667,0.135923333333333,0.131238333333333,0.104826666666667,0.111381666666667,0.0916166666666667,0.0967533333333333,0.0948183333333333,0.0763233333333333,0.0616283333333333,0.0482766666666667,0.04698,0.0318766666666667,0.0226616666666667,0.017265,0.0205683333333333,0.014135,0.0139683333333333,0.0118933333333333,0.0141766666666667,0.00878333333333333,0.00651333333333333,0.00602833333333333,0.005035,0.00291666666666667,0.00417833333333333,0.00426166666666667,0.0048,0.00419166666666667,0.00306833333333333,0.00229166666666667,0.000713333333333333,0.00196166666666667,0.00189666666666667,0.00238,0.00121833333333333,0.000846666666666667,0.00123,0.00134,0.00042,0.000816666666666667,0.000435,0,0.000413333333333333,0.0000866666666666667,0.000253333333333333,0.000273333333333333,0.000293333333333333,0.000313333333333333,0.000333333333333333,0.0001,0,1,0,0,0,0,0,0,1,1,1,1,1,1,1,1,1,1,1,1,1,1,1,1,1,1,1,1,1,1,1,1,1,1,1,1,1,1,1,1,1,1,1,1,1,1,1,1,1,1,1,1,1,1,1,1,1,1,1,1,1,1,1,1,1,1,1,1,1,1,1,1,1,1,1,1,1,1,1,1,0
2026-07-29 08:00:00,127.029952133333,0,0,0,0,0,0,0.0722333333333333,2.98337666666667,10.5805733333333,16.4570483333333,15.1420033333333,14.05897,14.5918316666667,16.68571,15.8942833333333,6.733285,3.74349666666667,2.17954666666667,1.38641666666667,1.13381333333333,1.01406833333333,0.977396666666667,0.895591666666667,0.57595,0.338896666666667,0.22079,0.178158333333333,0.164426666666667,0.131783333333333,0.143986666666667,0.109668333333333,0.117601666666667,0.0900566666666667,0.0842116666666667,0.0800633333333333,0.0675466666666667,0.06331,0.0563683333333333,0.0424266666666667,0.0325666666666667,0.025525,0.0200483333333333,0.017045,0.0155333333333333,0.01214,0.012085,0.00751333333333333,0.00612666666666667,0.00702833333333333,0.00466,0.00377666666666667,0.00467333333333333,0.00537833333333333,0.00528333333333333,0.00428,0.00115333333333333,0.00378333333333333,0.002465,0.004315,0.00178666666666667,0.00213333333333333,0.00085,0.00085,0,0.00146333333333333,0.001635,0.000695,0.000418333333333333,0.00105666666666667,0.000608333333333333,0,0.0000216666666666667,0.0000633333333333333,0.0000683333333333333,0.0000733333333333333,0.0000783333333333333,0.0000833333333333333,0.000025,0,1,0,0,0,0,0,0,1,1,1,1,1,1,1,1,1,1,1,1,1,1,1,1,1,1,1,1,1,1,1,1,1,1,1,1,1,1,1,1,1,1,1,1,1,1,1,1,1,1,1,1,1,1,1,1,1,1,1,1,1,1,1,1,1,1,1,1,1,1,1,1,1,1,1,1,1,1,1,1,0
2026-07-29 09:00:00,123.843884316667,0,0,0,0,0,0,0.084765,3.36417833333333,11.662125,18.3786666666667,16.572485,14.8201483333333,14.4594166666667,16.0304733333333,12.9115933333333,5.275465,2.60663833333333,1.48105833333333,0.933658333333333,0.78252,0.668541666666667,0.655126666666667,0.62728,0.405576666666667,0.2531,0.164831666666667,0.14283,0.137381666666667,0.126308333333333,0.117023333333333,0.0921216666666667,0.106266666666667,0.08401,0.090725,0.0908966666666667,0.0641483333333333,0.0539533333333333,0.05049,0.040575,0.0282583333333333,0.0248516666666667,0.0177216666666667,0.0124816666666667,0.0135066666666667,0.017365,0.009335,0.00794833333333333,0.00757,0.0112616666666667,0.00740833333333333,0.00590166666666667,0.00293833333333333,0.00567166666666667,0.00395166666666667,0.00488833333333333,0.00330333333333333,0.003785,0.00160666666666667,0.00414,0.00324166666666667,0.00213333333333333,0.00127666666666667,0.00085,0.000846666666666667,0.001115,0.00169833333333333,0.000558333333333333,0,0.000416666666666667,0.00083,0.000826666666666667,0.000585,0.000506666666666667,0.000545,0.000585,0.000626666666666667,0.000668333333333333,0.000198333333333333,0,1,0,0,0,0,0,0,1,1,1,1,1,1,1,1,1,1,1,1,1,1,1,1,1,1,1,1,1,1,1,1,1,1,1,1,1,1,1,1,1,1,1,1,1,1,1,1,1,1,1,1,1,1,1,1,1,1,1,1,1,1,1,1,1,1,1,1,1,1,1,1,1,1,1,1,1,1,1,1,0
2026-07-29 10:00:00,138.4587169,0,0,0,0,0,0,0.10073,4.24027333333333,14.810175,22.9839483333333,20.7219066666667,17.842495,16.2768966666667,16.4687583333333,11.4504533333333,4.56938833333333,2.09859166666667,1.17802833333333,0.771775,0.599505,0.564961666666667,0.56878,0.506743333333333,0.35318,0.236643333333333,0.173976666666667,0.16996,0.162461666666667,0.123346666666667,0.137038333333333,0.101205,0.12928,0.105611666666667,0.084795,0.0880783333333333,0.087735,0.065905,0.0655916666666667,0.0543366666666667,0.0384333333333333,0.02714,0.0238066666666667,0.01824,0.0196666666666667,0.02262,0.0128816666666667,0.0100383333333333,0.009095,0.011085,0.0102966666666667,0.010215,0.00925333333333333,0.00727,0.00631333333333333,0.00503,0.00588666666666667,0.00450166666666667,0.00410166666666667,0.00543333333333333,0.00297,0.00185,0.00273333333333333,0.00211166666666667,0.00257833333333333,0.00218833333333333,0.001265,0.00168,0.000816666666666667,0.000881666666666667,0.00204666666666667,0.000573333333333333,0.000535,0.000823333333333333,0.000886666666666667,0.000951666666666667,0.00101833333333333,0.001085,0.000323333333333333,0,1,0,0,0,0,0,0,1,1,1,1,1,1,1,1,1,1,1,1,1,1,1,1,1,1,1,1,1,1,1,1,1,1,1,1,1,1,1,1,1,1,1,1,1,1,1,1,1,1,1,1,1,1,1,1,1,1,1,1,1,1,1,1,1,1,1,1,1,1,1,1,1,1,1,1,1,1,1,1,0
2026-07-29 11:00:00,149.946748616667,0,0,0,0,0,0,0.12514,4.48248,15.5350083333333,23.925155,21.905405,19.109755,17.9450466666667,18.3203983333333,13.3745633333333,5.338665,2.411875,1.40038833333333,0.866391666666667,0.708121666666667,0.633316666666667,0.632981666666667,0.56444,0.415515,0.266831666666667,0.170876666666667,0.151356666666667,0.165746666666667,0.133431666666667,0.150145,0.102998333333333,0.116393333333333,0.101383333333333,0.092325,0.0888583333333333,0.0803283333333333,0.0672333333333333,0.0581633333333333,0.051575,0.0339383333333333,0.0337966666666667,0.0189833333333333,0.01955,0.0196716666666667,0.01751,0.0130583333333333,0.01083,0.01314,0.0146216666666667,0.00936166666666667,0.008055,0.00754333333333333,0.00603333333333333,0.00367833333333333,0.00647166666666667,0.00257833333333333,0.005935,0.00533,0.004545,0.00161166666666667,0.00398333333333333,0.00305666666666667,0.00433833333333333,0.00350166666666667,0.00153666666666667,0.00156,0.00237666666666667,0.00161333333333333,0.00111166666666667,0.00196,0.00196,0.000628333333333333,0.000633333333333333,0.000681666666666667,0.000731666666666667,0.000783333333333333,0.000835,0.000248333333333333,0,1,0,0,0,0,0,0,1,1,1,1,1,1,1,1,1,1,1,1,1,1,1,1,1,1,1,1,1,1,1,1,1,1,1,1,1,1,1,1,1,1,1,1,1,1,1,1,1,1,1,1,1,1,1,1,1,1,1,1,1,1,1,1,1,1,1,1,1,1,1,1,1,1,1,1,1,1,1,1,0
2026-07-29 12:00:00,155.4836789,0,0,0,0,0,0,0.134086666666667,4.67052333333333,15.3928566666667,23.7112966666667,21.6916566666667,19.1710216666667,18.580155,19.666345,15.4061333333333,6.25306833333333,2.94806333333333,1.67883,1.021355,0.843718333333333,0.747885,0.715546666666667,0.635633333333333,0.420985,0.297638333333333,0.185871666666667,0.176531666666667,0.160526666666667,0.140823333333333,0.144495,0.116973333333333,0.113465,0.10154,0.0937116666666667,0.074075,0.07097,0.0642916666666667,0.05769,0.0409566666666667,0.0326516666666667,0.0289883333333333,0.02,0.0238483333333333,0.0185533333333333,0.02031,0.0113083333333333,0.009605,0.0181016666666667,0.0155083333333333,0.0100933333333333,0.00894,0.00631333333333333,0.0103533333333333,0.00842666666666667,0.00976,0.00397333333333333,0.00573333333333333,0.00344,0.00265666666666667,0.00392,0.00289333333333333,0.001695,0.00435166666666667,0.00288666666666667,0.00238333333333333,0.00261666666666667,0.00394333333333333,0.00202833333333333,0.00128666666666667,0.00117666666666667,0.00146666666666667,0.00125,0.000506666666666667,0.000546666666666667,0.000586666666666667,0.000626666666666667,0.000666666666666667,0.0002,0,1,0,0,0,0,0,0,1,1,1,1,1,1,1,1,1,1,1,1,1,1,1,1,1,1,1,1,1,1,1,1,1,1,1,1,1,1,1,1,1,1,1,1,1,1,1,1,1,1,1,1,1,1,1,1,1,1,1,1,1,1,1,1,1,1,1,1,1,1,1,1,1,1,1,1,1,1,1,1,0
2026-07-29 13:00:00,161.513982366667,0,0,0,0,0,0,0.147858333333333,4.85926,16.1531583333333,25.205335,22.8908483333333,20.2238916666667,19.2600966666667,19.32495,15.6889383333333,6.32910666666667,2.80053333333333,1.58347166666667,1.002715,0.798583333333333,0.725636666666667,0.688291666666667,0.622808333333333,0.427495,0.286073333333333,0.22427,0.186196666666667,0.163051666666667,0.151261666666667,0.159915,0.108935,0.133425,0.100768333333333,0.105806666666667,0.0793616666666667,0.07433,0.0490966666666667,0.0556266666666667,0.044625,0.0349083333333333,0.029995,0.0235716666666667,0.0202133333333333,0.0160016666666667,0.0176683333333333,0.0136266666666667,0.01092,0.010095,0.00914333333333333,0.0122766666666667,0.0101133333333333,0.00629,0.00771333333333333,0.00935166666666667,0.00760666666666667,0.00704833333333333,0.006625,0.004325,0.00657666666666667,0.00374833333333333,0.00507333333333333,0.00271833333333333,0.00440166666666667,0.003425,0.00292166666666667,0.00296333333333333,0.000426666666666667,0.00138666666666667,0.000833333333333333,0.00083,0.000986666666666667,0.000881666666666667,0.000633333333333333,0.00068,0.00073,0.000783333333333333,0.000836666666666667,0.000246666666666667,0,1,0,0,0,0,0,0,1,1,1,1,1,1,1,1,1,1,1,1,1,1,1,1,1,1,1,1,1,1,1,1,1,1,1,1,1,1,1,1,1,1,1,1,1,1,1,1,1,1,1,1,1,1,1,1,1,1,1,1,1,1,1,1,1,1,1,1,1,1,1,1,1,1,1,1,1,1,1,1,0
2026-07-29 14:00:00,172.32224735,0,0,0,0,0,0,0.170801666666667,5.37759166666667,17.6621033333333,27.0141583333333,24.5410283333333,21.52574,20.2535083333333,20.1874433333333,17.045175,7.27563166666667,2.90193666666667,1.63145,1.01823833333333,0.806678333333333,0.70117,0.673626666666667,0.671976666666667,0.454171666666667,0.33057,0.24105,0.198011666666667,0.191125,0.155601666666667,0.152676666666667,0.120518333333333,0.122663333333333,0.10844,0.0944716666666667,0.0981883333333333,0.0734633333333333,0.0592666666666667,0.043795,0.0428,0.0326916666666667,0.0333816666666667,0.0264233333333333,0.02234,0.0190483333333333,0.0159033333333333,0.015525,0.01546,0.00998333333333333,0.0127583333333333,0.006625,0.00802833333333333,0.00588,0.00644,0.0103033333333333,0.00471666666666667,0.00579666666666667,0.003525,0.00286333333333333,0.00229333333333333,0.00332166666666667,0.00313,0.00360166666666667,0.003445,0.00254,0.00130333333333333,0.00169333333333333,0.00225166666666667,0.00149833333333333,0.001075,0.00143833333333333,0.00016,0.00166166666666667,0.000506666666666667,0.000546666666666667,0.000586666666666667,0.000626666666666667,0.000666666666666667,0.0002,0,1,0,0,0,0,0,0,1,1,1,1,1,1,1,1,1,1,1,1,1,1,1,1,1,1,1,1,1,1,1,1,1,1,1,1,1,1,1,1,1,1,1,1,1,1,1,1,1,1,1,1,1,1,1,1,1,1,1,1,1,1,1,1,1,1,1,1,1,1,1,1,1,1,1,1,1,1,1,1,0
2026-07-29 15:00:00,203.0682862,0,0,0,0,0,0,0.199131666666667,6.45305333333333,20.5323983333333,30.8536866666667,28.0590966666667,25.2485716666667,24.3109766666667,24.92113,20.9171616666667,8.79193666666667,3.32417166666667,1.80917333333333,1.06176833333333,0.852001666666667,0.783868333333333,0.74311,0.698791666666667,0.517781666666667,0.360981666666667,0.242903333333333,0.2297,0.213823333333333,0.165915,0.172131666666667,0.13663,0.155088333333333,0.119153333333333,0.108328333333333,0.0862083333333333,0.078245,0.064925,0.05707,0.0386183333333333,0.0392933333333333,0.0231116666666667,0.01768,0.0182066666666667,0.0154366666666667,0.0121383333333333,0.0143383333333333,0.0112716666666667,0.01292,0.01442,0.006785,0.009495,0.00799833333333333,0.008785,0.00490333333333333,0.005935,0.00561,0.00412833333333333,0.00292333333333333,0.004625,0.002385,0.00189666666666667,0.00311,0.000951666666666667,0.00373333333333333,0.000423333333333333,0.00190666666666667,0.001825,0.00216333333333333,0.00175166666666667,0.00156333333333333,0.00213333333333333,0.001105,0.000823333333333333,0.000886666666666667,0.000951666666666667,0.00101833333333333,0.001085,0.000323333333333333,0,1,0,0,0,0,0,0,1,1,1,1,1,1,1,1,1,1,1,1,1,1,1,1,1,1,1,1,1,1,1,1,1,1,1,1,1,1,1,1,1,1,1,1,1,1,1,1,1,1,1,1,1,1,1,1,1,1,1,1,1,1,1,1,1,1,1,1,1,1,1,1,1,1,1,1,1,1,1,1,0
2026-07-29 16:00:00,184.3898359,0,0,0,0,0,0,0.1558,5.4455,17.9740033333333,27.5861166666667,24.8881283333333,22.8345,22.4537716666667,24.417885,20.1486883333333,8.20903,2.95514833333333,1.55588333333333,0.908855,0.69448,0.61041,0.659513333333333,0.589668333333333,0.425738333333333,0.307378333333333,0.213233333333333,0.182373333333333,0.171496666666667,0.151288333333333,0.147055,0.133481666666667,0.12959,0.08857,0.0931383333333333,0.0834333333333333,0.0684316666666667,0.0564516666666667,0.0499233333333333,0.038805,0.0317216666666667,0.032065,0.0194,0.0183483333333333,0.0149466666666667,0.0164866666666667,0.01225,0.009835,0.00802833333333333,0.010955,0.00844166666666667,0.00757833333333333,0.00756333333333333,0.008145,0.00952833333333333,0.00506333333333333,0.00419,0.00341166666666667,0.003295,0.003325,0.00528166666666667,0.00312833333333333,0.00315833333333333,0.00423666666666667,0.00180833333333333,0.000768333333333333,0.000496666666666667,0.00168,0.00163333333333333,0.00109333333333333,0.000366666666666667,0.00106666666666667,0.001885,0.000696666666666667,0.000746666666666667,0.000801666666666667,0.000861666666666667,0.000921666666666667,0.00027,0,1,0,0,0,0,0,0,1,1,1,1,1,1,1,1,1,1,1,1,1,1,1,1,1,1,1,1,1,1,1,1,1,1,1,1,1,1,1,1,1,1,1,1,1,1,1,1,1,1,1,1,1,1,1,1,1,1,1,1,1,1,1,1,1,1,1,1,1,1,1,1,1,1,1,1,1,1,1,1,0
2026-07-29 17:00:00,127.507495916667,0,0,0,0,0,0,0.116813333333333,3.89869833333333,12.8719933333333,19.2892433333333,17.3688566666667,15.614515,15.6226366666667,17.1477916666667,13.250395,5.47817333333333,2.08656166666667,1.09714166666667,0.613671666666667,0.506745,0.455448333333333,0.44829,0.41754,0.280821666666667,0.206698333333333,0.140698333333333,0.12645,0.131268333333333,0.085675,0.113215,0.0752383333333333,0.0856633333333333,0.072265,0.0602066666666667,0.0574433333333333,0.0449066666666667,0.0380183333333333,0.0352083333333333,0.03132,0.0234033333333333,0.0230983333333333,0.0191633333333333,0.01916,0.0120483333333333,0.0120683333333333,0.0122566666666667,0.00873666666666667,0.00981833333333333,0.00672166666666667,0.010365,0.00497333333333333,0.00335,0.00581,0.005705,0.003965,0.00365833333333333,0.00392833333333333,0.00598333333333333,0.004305,0.00196166666666667,0.00294,0.00164666666666667,0.001725,0.00130833333333333,0.00123,0.001485,0.000276666666666667,0.001235,0.00210166666666667,0.001245,0.000733333333333333,0.00111333333333333,0.00057,0.000613333333333333,0.000658333333333333,0.000705,0.000751666666666667,0.000223333333333333,0,1,0,0,0,0,0,0,1,1,1,1,1,1,1,1,1,1,1,1,1,1,1,1,1,1,1,1,1,1,1,1,1,1,1,1,1,1,1,1,1,1,1,1,1,1,1,1,1,1,1,1,1,1,1,1,1,1,1,1,1,1,1,1,1,1,1,1,1,1,1,1,1,1,1,1,1,1,1,1,0
2026-07-29 18:00:00,98.50927945,0,0,0,0,0,0,0.0877366666666667,3.0897,10.07366,14.6767966666667,12.9333283333333,11.9492116666667,12.1084916666667,14.0003733333333,8.57864833333333,3.88827333333333,1.7668,0.955205,0.56561,0.460148333333333,0.386188333333333,0.382075,0.328445,0.219313333333333,0.160113333333333,0.107051666666667,0.0796283333333333,0.0801866666666667,0.0663816666666667,0.07105,0.048965,0.0528466666666667,0.0432533333333333,0.0523866666666667,0.0381783333333333,0.0363883333333333,0.0335133333333333,0.0254366666666667,0.0245133333333333,0.0161133333333333,0.013905,0.00798666666666667,0.0103733333333333,0.0102066666666667,0.00883666666666667,0.00993666666666667,0.00591833333333333,0.00723166666666667,0.00476,0.00700166666666667,0.00307833333333333,0.00373666666666667,0.00526333333333333,0.00343333333333333,0.002545,0.00486833333333333,0.00395666666666667,0.00518333333333333,0.00536,0.00128166666666667,0.00275,0.00120666666666667,0.00355166666666667,0.00184666666666667,0.000421666666666667,0.00154833333333333,0.000558333333333333,0.000836666666666667,0.00064,0.000713333333333333,0.00088,0.000773333333333333,0.000316666666666667,0.000341666666666667,0.000366666666666667,0.000391666666666667,0.000416666666666667,0.000125,0,1,0,0,0,0,0,0,1,1,1,1,1,1,1,1,1,1,1,1,1,1,1,1,1,1,1,1,1,1,1,1,1,1,1,1,1,1,1,1,1,1,1,1,1,1,1,1,1,1,1,1,1,1,1,1,1,1,1,1,1,1,1,1,1,1,1,1,1,1,1,1,1,1,1,1,1,1,1,1,0
2026-07-29 19:00:00,102.286618533333,0,0,0,0,0,0,0.07845,3.181445,10.2014266666667,15.0853016666667,13.1776683333333,11.9840383333333,12.4228466666667,14.704635,8.99733,4.61171666666667,2.22016,1.18780333333333,0.76774,0.571961666666667,0.505755,0.50457,0.396773333333333,0.265031666666667,0.160675,0.0989416666666667,0.0778766666666667,0.0750783333333333,0.061705,0.0702233333333333,0.0414266666666667,0.0551166666666667,0.0388616666666667,0.0497566666666667,0.03625,0.0305666666666667,0.025635,0.0237916666666667,0.0186766666666667,0.0182166666666667,0.0118216666666667,0.00906333333333333,0.0119783333333333,0.00918333333333333,0.00838333333333333,0.006485,0.00490833333333333,0.004385,0.00570166666666667,0.00642,0.00384166666666667,0.00665166666666667,0.00211166666666667,0.00228,0.00219333333333333,0.00395,0.00272333333333333,0.00266333333333333,0.00145,0.000853333333333333,0.00232333333333333,0.00193666666666667,0,0.00127,0.00119166666666667,0.00078,0.000138333333333333,0.000398333333333333,0.000241666666666667,0.00178666666666667,0.00188166666666667,0.000751666666666667,0.000253333333333333,0.000273333333333333,0.000293333333333333,0.000313333333333333,0.000333333333333333,0.0001,0,1,0,0,0,0,0,0,1,1,1,1,1,1,1,1,1,1,1,1,1,1,1,1,1,1,1,1,1,1,1,1,1,1,1,1,1,1,1,1,1,1,1,1,1,1,1,1,1,1,1,1,1,1,1,1,1,1,1,1,1,1,1,1,1,1,1,1,1,1,1,1,1,1,1,1,1,1,1,1,0
2026-07-29 20:00:00,76.4984687833333,0,0,0,0,0,0,0.0738133333333333,2.491745,8.05535,11.61452,9.91567666666667,8.81813333333333,8.35268666666667,9.11077666666667,6.93552166666667,4.39577,1.90643333333333,1.061715,0.671138333333333,0.506666666666667,0.435245,0.423548333333333,0.375143333333333,0.262376666666667,0.172523333333333,0.11481,0.0947266666666667,0.0824016666666667,0.0646333333333333,0.0724633333333333,0.0466233333333333,0.0555333333333333,0.0408333333333333,0.0404066666666667,0.0270533333333333,0.0279983333333333,0.027065,0.0210516666666667,0.0126916666666667,0.0128033333333333,0.0100733333333333,0.00862666666666667,0.00653,0.00454333333333333,0.006,0.00486166666666667,0.008395,0.0054,0.00404833333333333,0.00413166666666667,0.00381833333333333,0.00335,0.005905,0.003055,0.00179666666666667,0.00228166666666667,0.00220666666666667,0.001205,0.000856666666666667,0.00128333333333333,0.00213333333333333,0.000748333333333333,0.00133833333333333,0.00130833333333333,0.000421666666666667,0.000705,0.000558333333333333,0.000398333333333333,0.000435,0.000415,0,0.000108333333333333,0.000316666666666667,0.000341666666666667,0.000366666666666667,0.000391666666666667,0.000416666666666667,0.000125,0,1,0,0,0,0,0,0,1,1,1,1,1,1,1,1,1,1,1,1,1,1,1,1,1,1,1,1,1,1,1,1,1,1,1,1,1,1,1,1,1,1,1,1,1,1,1,1,1,1,1,1,1,1,1,1,1,1,1,1,1,1,1,1,1,1,1,1,1,1,1,1,1,1,1,1,1,1,1,1,0
2026-07-29 21:00:00,55.43623365,0,0,0,0,0,0,0.0477533333333333,1.69332,5.49161833333333,8.41931333333333,7.63785833333333,6.67887166666667,6.14525833333333,6.068155,4.78945333333333,3.18458333333333,1.376085,0.774415,0.468493333333333,0.376353333333333,0.336895,0.32089,0.29065,0.211056666666667,0.147923333333333,0.101585,0.0834516666666667,0.088185,0.0575,0.0655166666666667,0.0600633333333333,0.0584716666666667,0.0469483333333333,0.03376,0.03877,0.03223,0.0316916666666667,0.02479,0.0185766666666667,0.0175666666666667,0.01356,0.00881,0.0142116666666667,0.00822166666666667,0.00586833333333333,0.00793,0.00520333333333333,0.00494833333333333,0.004815,0.00453833333333333,0.00256166666666667,0.00378333333333333,0.00442333333333333,0.00440166666666667,0.00280166666666667,0.00309166666666667,0.00358333333333333,0.003095,0.00180166666666667,0.00178666666666667,0.000853333333333333,0.00107166666666667,0.00225166666666667,0.00211666666666667,0.00218833333333333,0.00112666666666667,0.000846666666666667,0.00055,0.000833333333333333,0,0,0.000173333333333333,0.000506666666666667,0.000543333333333333,0.000583333333333333,0.000626666666666667,0.00067,0.000196666666666667,0,1,0,0,0,0,0,0,1,1,1,1,1,1,1,1,1,1,1,1,1,1,1,1,1,1,1,1,1,1,1,1,1,1,1,1,1,1,1,1,1,1,1,1,1,1,1,1,1,1,1,1,1,1,1,1,1,1,1,1,1,1,1,1,1,1,1,1,1,1,1,1,1,1,1,1,1,1,1,1,0
2026-07-29 22:00:00,60.4391436,0,0,0,0,0,0,0.0515516666666667,1.70705666666667,5.719935,9.46720666666667,8.835625,7.650775,6.86672666666667,6.497235,4.90853666666667,3.14935333333333,1.40062666666667,0.78256,0.475825,0.362393333333333,0.348128333333333,0.344165,0.331035,0.242888333333333,0.174155,0.129075,0.129226666666667,0.108663333333333,0.0982733333333333,0.0997166666666667,0.073075,0.0758283333333333,0.065325,0.0543533333333333,0.0488116666666667,0.0493333333333333,0.0317933333333333,0.0340866666666667,0.0213366666666667,0.015245,0.01544,0.0166666666666667,0.0117766666666667,0.00825,0.00784833333333333,0.008025,0.00469,0.0062,0.00496,0.005975,0.00384666666666667,0.00588166666666667,0.00376833333333333,0.00376,0.00447333333333333,0.005695,0.00146166666666667,0.000258333333333333,0.00223833333333333,0.00246333333333333,0.00170666666666667,0.003095,0.00073,0.000385,0.00207333333333333,0.000496666666666667,0.00126,0.000418333333333333,0.000223333333333333,0.000193333333333333,0.00032,0.00185,0.000316666666666667,0.000341666666666667,0.000366666666666667,0.000391666666666667,0.000416666666666667,0.000125,0,1,0,0,0,0,0,0,1,1,1,1,1,1,1,1,1,1,1,1,1,1,1,1,1,1,1,1,1,1,1,1,1,1,1,1,1,1,1,1,1,1,1,1,1,1,1,1,1,1,1,1,1,1,1,1,1,1,1,1,1,1,1,1,1,1,1,1,1,1,1,1,1,1,1,1,1,1,1,1,0
2026-07-29 23:00:00,70.87616665,0,0,0,0,0,0,0.0429333333333333,1.90648166666667,6.90179833333333,11.4381033333333,10.854925,9.18718166666667,7.99932166666667,7.26239,5.732755,3.21538666666667,1.33418833333333,0.743863333333333,0.462023333333333,0.372936666666667,0.36596,0.358775,0.351433333333333,0.263975,0.186706666666667,0.141565,0.137186666666667,0.139038333333333,0.121521666666667,0.11983,0.107436666666667,0.08665,0.0867033333333333,0.079555,0.064585,0.0594466666666667,0.048285,0.0439366666666667,0.0307033333333333,0.02395,0.0190483333333333,0.0196983333333333,0.0143066666666667,0.008095,0.0104383333333333,0.0113466666666667,0.0107033333333333,0.01078,0.00672333333333333,0.00596,0.00338666666666667,0.00412333333333333,0.004725,0.00479166666666667,0.00301166666666667,0.004545,0.00355666666666667,0.00263666666666667,0.00217333333333333,0.00135833333333333,0.00464666666666667,0.000796666666666667,0.00176333333333333,0.00130833333333333,0.001265,0.001265,0.00112833333333333,0.001745,0.000055,0.000415,0.000573333333333333,0.000383333333333333,0.00038,0.000408333333333333,0.000438333333333333,0.00047,0.000501666666666667,0.000148333333333333,0,1,0,0,0,0,0,0,1,1,1,1,1,1,1,1,1,1,1,1,1,1,1,1,1,1,1,1,1,1,1,1,1,1,1,1,1,1,1,1,1,1,1,1,1,1,1,1,1,1,1,1,1,1,1,1,1,1,1,1,1,1,1,1,1,1,1,1,1,1,1,1,1,1,1,1,1,1,1,1,0
2026-07-30,75.2965427166667,0,0,0,0,0,0,0.0515233333333333,2.02742166666667,7.33934,12.3005716666667,11.317405,9.56348333333333,8.29976,7.47049,6.71211833333333,3.92359833333333,1.42137,0.826866666666667,0.507035,0.402505,0.35404,0.364995,0.359728333333333,0.278068333333333,0.222245,0.168635,0.151743333333333,0.139395,0.147431666666667,0.147478333333333,0.108473333333333,0.110846666666667,0.0904916666666667,0.0885216666666667,0.0765083333333333,0.059975,0.0501166666666667,0.0368916666666667,0.03226,0.0259683333333333,0.0260533333333333,0.0177216666666667,0.0176066666666667,0.0150633333333333,0.0107366666666667,0.00971,0.00527333333333333,0.00779333333333333,0.00544666666666667,0.00648,0.00584333333333333,0.005835,0.0035,0.00248333333333333,0.00390166666666667,0.00193166666666667,0.00252333333333333,0.00246166666666667,0.00114166666666667,0.00153333333333333,0.000426666666666667,0.000425,0.0017,0.001655,0.00122833333333333,0.00078,0.000138333333333333,0.000418333333333333,0.000863333333333333,0.00056,0.00024,0.000498333333333333,0.000253333333333333,0.000273333333333333,0.000293333333333333,0.000313333333333333,0.000333333333333333,0.0001,0,1,0,0,0,0,0,0,1,1,1,1,1,1,1,1,1,1,1,1,1,1,1,1,1,1,1,1,1,1,1,1,1,1,1,1,1,1,1,1,1,1,1,1,1,1,1,1,1,1,1,1,1,1,1,1,1,1,1,1,1,1,1,1,1,1,1,1,1,1,1,1,1,1,1,1,1,1,1,1,0
2026-07-30 01:00:00,70.9582253333333,0,0,0,0,0,0,0.0520233333333333,1.92716833333333,6.92382333333333,11.3881133333333,10.8807933333333,9.21022833333333,7.94945833333333,6.981355,6.50563333333333,3.80350666666667,1.27125333333333,0.69896,0.423396666666667,0.32958,0.296768333333333,0.32238,0.331201666666667,0.236656666666667,0.18387,0.137131666666667,0.13495,0.131748333333333,0.112545,0.114466666666667,0.101941666666667,0.0824033333333333,0.0787783333333333,0.0709316666666667,0.0681816666666667,0.0600816666666667,0.047475,0.045845,0.0335483333333333,0.02143,0.0179516666666667,0.0145016666666667,0.0119116666666667,0.00968333333333333,0.0115933333333333,0.00602666666666667,0.007515,0.00734166666666667,0.00700333333333333,0.00428333333333333,0.00640166666666667,0.005785,0.002065,0.00210333333333333,0.00280166666666667,0.00182833333333333,0.001835,0.00186333333333333,0.001825,0.000855,0.00208666666666667,0.000898333333333333,0.00166166666666667,0.000846666666666667,0.000883333333333333,0.000705,0.000138333333333333,0.000418333333333333,0.00125,0.000415,0.000413333333333333,0.000065,0.00019,0.000205,0.00022,0.000235,0.00025,0.000075,0,1,0,0,0,0,0,0,1,1,1,1,1,1,1,1,1,1,1,1,1,1,1,1,1,1,1,1,1,1,1,1,1,1,1,1,1,1,1,1,1,1,1,1,1,1,1,1,1,1,1,1,1,1,1,1,1,1,1,1,1,1,1,1,1,1,1,1,1,1,1,1,1,1,1,1,1,1,1,1,0
2026-07-30 02:00:00,66.27025375,0,0,0,0,0,0,0.067905,2.271675,7.26896833333333,10.7551716666667,10.0058983333333,8.29744333333333,7.232185,6.44901,6.14811,3.33937333333333,1.040025,0.546108333333333,0.34912,0.26288,0.242323333333333,0.232141666666667,0.282346666666667,0.182073333333333,0.131205,0.102343333333333,0.0922883333333333,0.096425,0.0879716666666667,0.0879,0.0722233333333333,0.0744966666666667,0.0594633333333333,0.051615,0.0556183333333333,0.04978,0.0302133333333333,0.03456,0.0277916666666667,0.0205633333333333,0.019375,0.01147,0.00940833333333333,0.00896,0.0074,0.00849833333333333,0.00607,0.00627,0.00448166666666667,0.00374,0.00503333333333333,0.000843333333333333,0.00131833333333333,0.00198166666666667,0.00104,0.00301166666666667,0.00043,0.00128666666666667,0.001635,0.003065,0.00232333333333333,0.000236666666666667,0.0017,0.00123166666666667,0.000806666666666667,0.00078,0.000138333333333333,0,0,0,0,0,0,0,0,0,0,0,0,1,0,0,0,0,0,0,1,1,1,1,1,1,1,1,1,1,1,1,1,1,1,1,1,1,1,1,1,1,1,1,1,1,1,1,1,1,1,1,1,1,1,1,1,1,1,1,1,1,1,1,1,1,1,1,1,1,1,1,1,1,1,1,1,1,1,1,1,1,1,1,1,1,1,1,1,1,1,1,0
2026-07-30 03:00:00,77.4882906,0,0,0,0,0,0,0.0662566666666667,2.656695,8.66711166666667,12.6844866666667,11.2592466666667,9.49239666666667,8.41552666666667,7.87180333333333,7.73226833333333,4.24557166666667,1.3012,0.689991666666667,0.371943333333333,0.28758,0.283536666666667,0.256005,0.25768,0.188171666666667,0.136671666666667,0.10492,0.09071,0.087485,0.0809533333333333,0.07895,0.0731633333333333,0.0587333333333333,0.053865,0.051335,0.0450633333333333,0.0478333333333333,0.0446333333333333,0.028955,0.0256766666666667,0.01729,0.0120483333333333,0.00968333333333333,0.00883,0.00579,0.00482666666666667,0.00513333333333333,0.00593333333333333,0.00426,0.00333333333333333,0.004105,0.00336333333333333,0.00296333333333333,0.002205,0.00120666666666667,0.00138333333333333,0.00131833333333333,0.00100333333333333,0.000258333333333333,0,0,0.000616666666666667,0.00141,0.000913333333333333,0.0000383333333333333,0.000846666666666667,0,0.00042,0.000418333333333333,0,0.000415,0,0,0,0,0,0,0,0,0,1,0,0,0,0,0,0,1,1,1,1,1,1,1,1,1,1,1,1,1,1,1,1,1,1,1,1,1,1,1,1,1,1,1,1,1,1,1,1,1,1,1,1,1,1,1,1,1,1,1,1,1,1,1,1,1,1,1,1,1,1,1,1,1,1,1,1,1,1,1,1,1,1,1,1,1,1,1,1,0
2026-07-30 04:00:00,76.0375842666667,0,0,0,0,0,0,0.0501283333333333,2.14871333333333,7.26830833333333,10.9929866666667,10.2154233333333,8.910995,8.325535,8.28984333333333,8.82521833333333,5.377355,1.638915,0.896788333333333,0.527218333333333,0.394858333333333,0.324961666666667,0.33204,0.32848,0.21672,0.164523333333333,0.109983333333333,0.101618333333333,0.101723333333333,0.0819983333333333,0.0927716666666667,0.0712433333333333,0.0613266666666667,0.05019,0.0460016666666667,0.0441283333333333,0.0409166666666667,0.033635,0.0322783333333333,0.02274,0.0188133333333333,0.015115,0.0151266666666667,0.00858166666666667,0.00974,0.00700333333333333,0.00832666666666667,0.00600166666666667,0.00351666666666667,0.00320833333333333,0.00406333333333333,0.00258166666666667,0.00207333333333333,0.00197166666666667,0.00107333333333333,0.00081,0.00094,0.00100333333333333,0.000631666666666667,0.000911666666666667,0.00128,0,0,0.000773333333333333,0.000846666666666667,0.0000766666666666667,0.000283333333333333,0.000138333333333333,0,0,0,0.000573333333333333,0.000253333333333333,0,0,0,0,0,0,0,1,0,0,0,0,0,0,1,1,1,1,1,1,1,1,1,1,1,1,1,1,1,1,1,1,1,1,1,1,1,1,1,1,1,1,1,1,1,1,1,1,1,1,1,1,1,1,1,1,1,1,1,1,1,1,1,1,1,1,1,1,1,1,1,1,1,1,1,1,1,1,1,1,1,1,1,1,1,1,0
2026-07-30 05:00:00,63.0398537333333,0,0,0,0,0,0,0.0510633333333333,1.70143833333333,5.75393,8.981485,8.36253,7.29231333333333,6.95931,6.85666333333333,7.40959666666667,4.63826166666667,1.46496833333333,0.807346666666667,0.433458333333333,0.316055,0.29433,0.317405,0.278473333333333,0.190103333333333,0.143156666666667,0.112708333333333,0.087325,0.0808716666666667,0.0694733333333333,0.0582666666666667,0.0626183333333333,0.06106,0.0493083333333333,0.042765,0.03969,0.0374416666666667,0.029725,0.0247216666666667,0.0173033333333333,0.0136733333333333,0.0111566666666667,0.008825,0.00957833333333333,0.00666,0.00897666666666667,0.003425,0.00507166666666667,0.002755,0.0029,0.000691666666666667,0.002085,0.00209666666666667,0.00247333333333333,0.00134666666666667,0.00257166666666667,0.000965,0,0.00214666666666667,0.001285,0.00128166666666667,0.000426666666666667,0.000323333333333333,0.000101666666666667,0.000423333333333333,0.000423333333333333,0.000988333333333333,0.000696666666666667,0,0.000223333333333333,0.000366666666666667,0.00024,0.0000216666666666667,0.0000633333333333333,0.0000683333333333333,0.0000733333333333333,0.0000783333333333333,0.0000833333333333333,0.000025,0,1,0,0,0,0,0,0,1,1,1,1,1,1,1,1,1,1,1,1,1,1,1,1,1,1,1,1,1,1,1,1,1,1,1,1,1,1,1,1,1,1,1,1,1,1,1,1,1,1,1,1,1,1,1,1,1,1,1,1,1,1,1,1,1,1,1,1,1,1,1,1,1,1,1,1,1,1,1,1,0
2026-07-30 06:00:00,61.8918348,0,0,0,0,0,0,0.04904,1.725255,5.73788166666667,8.72098166666667,8.14322166666667,7.18811833333333,6.91027,6.85108833333333,6.89589166666667,4.11055833333333,1.25042166666667,0.69773,0.404453333333333,0.29607,0.258618333333333,0.255081666666667,0.242161666666667,0.162326666666667,0.130356666666667,0.097565,0.0872766666666667,0.073715,0.0709833333333333,0.05786,0.0533516666666667,0.0517366666666667,0.047835,0.0362216666666667,0.038625,0.0331916666666667,0.0275216666666667,0.02288,0.01493,0.0151233333333333,0.01522,0.0114683333333333,0.00576333333333333,0.00445,0.00613166666666667,0.00513333333333333,0.00492,0.00466,0.00142666666666667,0.00394166666666667,0.00128,0.00123,0.002135,0.00214,0.00181333333333333,0.00134666666666667,0.000975,0.00149,0.000658333333333333,0.000678333333333333,0.000426666666666667,0.000646666666666667,0.00059,0.000846666666666667,0.00046,0.000843333333333333,0,0,0.00064,0.000366666666666667,0.00024,0.0000216666666666667,0.0000633333333333333,0.0000683333333333333,0.0000733333333333333,0.0000783333333333333,0.0000833333333333333,0.000025,0,1,0,0,0,0,0,0,1,1,1,1,1,1,1,1,1,1,1,1,1,1,1,1,1,1,1,1,1,1,1,1,1,1,1,1,1,1,1,1,1,1,1,1,1,1,1,1,1,1,1,1,1,1,1,1,1,1,1,1,1,1,1,1,1,1,1,1,1,1,1,1,1,1,1,1,1,1,1,1,0
2026-07-30 07:00:00,60.6970028666667,0,0,0,0,0,0,0.0509883333333333,1.87801333333333,6.174925,9.09681,8.38451333333333,7.579725,7.553495,7.77717666666667,5.722885,2.483315,0.939423333333333,0.468,0.30303,0.242988333333333,0.208148333333333,0.200916666666667,0.199355,0.138371666666667,0.0902666666666667,0.0773066666666667,0.07277,0.0758966666666667,0.0680333333333333,0.05983,0.058945,0.0468216666666667,0.0442466666666667,0.0503333333333333,0.0369016666666667,0.0297183333333333,0.0307983333333333,0.02414,0.0231416666666667,0.0146766666666667,0.0139,0.0115066666666667,0.00772833333333333,0.00856,0.00738166666666667,0.00454333333333333,0.00613833333333333,0.00451166666666667,0.00394666666666667,0.00532166666666667,0.00219,0.00376,0.000431666666666667,0.000501666666666667,0.00118833333333333,0.00236666666666667,0.00246666666666667,0.00112,0.000593333333333333,0.00128,0.00170666666666667,0.00085,0.000425,0,0.000846666666666667,0.000843333333333333,0,0,0.000833333333333333,0,0,0.000498333333333333,0.000253333333333333,0.000273333333333333,0.000293333333333333,0.000313333333333333,0.000333333333333333,0.0001,0,1,0,0,0,0,0,0,1,1,1,1,1,1,1,1,1,1,1,1,1,1,1,1,1,1,1,1,1,1,1,1,1,1,1,1,1,1,1,1,1,1,1,1,1,1,1,1,1,1,1,1,1,1,1,1,1,1,1,1,1,1,1,1,1,1,1,1,1,1,1,1,1,1,1,1,1,1,1,1,0
2026-07-30 08:00:00,58.1602699833333,0,0,0,0,0,0,0.039645,1.85917,6.23737166666667,9.150675,8.308895,7.57276333333333,7.477445,7.89472166666667,5.013915,1.63422666666667,0.739306666666667,0.392908333333333,0.244366666666667,0.192743333333333,0.170663333333333,0.16907,0.166606666666667,0.115175,0.0900833333333333,0.067505,0.071015,0.0780666666666667,0.054525,0.0522333333333333,0.050805,0.05408,0.0421216666666667,0.0362183333333333,0.0457116666666667,0.03743,0.0327383333333333,0.024455,0.018075,0.014755,0.0131433333333333,0.00819,0.00810333333333333,0.006725,0.00702333333333333,0.00784666666666667,0.00853166666666667,0.00436833333333333,0.003135,0.00357666666666667,0.00433666666666667,0.00496666666666667,0.00302166666666667,0.00341666666666667,0.00179666666666667,0.000991666666666667,0.001175,0.000946666666666667,0.00146,0.00153333333333333,0.000616666666666667,0.000236666666666667,0.00201,0.000115,0.000845,0.000283333333333333,0.00139833333333333,0.00205166666666667,0.00026,0.000193333333333333,0.000413333333333333,0.0000433333333333333,0.000126666666666667,0.000136666666666667,0.000146666666666667,0.000156666666666667,0.000166666666666667,0.00005,0,1,0,0,0,0,0,0,1,1,1,1,1,1,1,1,1,1,1,1,1,1,1,1,1,1,1,1,1,1,1,1,1,1,1,1,1,1,1,1,1,1,1,1,1,1,1,1,1,1,1,1,1,1,1,1,1,1,1,1,1,1,1,1,1,1,1,1,1,1,1,1,1,1,1,1,1,1,1,1,0
2026-07-30 09:00:00,66.3817386166667,0,0,0,0,0,0,0.05698,2.19333,7.19013166666667,10.7493666666667,9.544065,8.54566166666667,8.41124666666667,9.11648666666667,5.381315,1.826085,0.827465,0.427531666666667,0.277523333333333,0.205348333333333,0.198101666666667,0.202843333333333,0.162298333333333,0.12308,0.095145,0.0751683333333333,0.0715233333333333,0.067565,0.06041,0.065585,0.0510083333333333,0.052375,0.0512166666666667,0.04585,0.0461933333333333,0.0378133333333333,0.03168,0.0287916666666667,0.0258433333333333,0.0193266666666667,0.0141266666666667,0.0119116666666667,0.0118,0.00831666666666667,0.00810666666666667,0.00902666666666667,0.007445,0.00397,0.00501666666666667,0.00580833333333333,0.002645,0.00332666666666667,0.002065,0.00255333333333333,0.00260666666666667,0.00454166666666667,0.002925,0.00283666666666667,0.000515,0.001785,0.00146833333333333,0.00108666666666667,0,0.000385,0.003265,0.000855,0.00168666666666667,0.00095,0.000435,0.00083,0,0.00177666666666667,0.00038,0.00041,0.00044,0.00047,0.0005,0.00015,0,1,0,0,0,0,0,0,1,1,1,1,1,1,1,1,1,1,1,1,1,1,1,1,1,1,1,1,1,1,1,1,1,1,1,1,1,1,1,1,1,1,1,1,1,1,1,1,1,1,1,1,1,1,1,1,1,1,1,1,1,1,1,1,1,1,1,1,1,1,1,1,1,1,1,1,1,1,1,1,0
2026-07-30 10:00:00,69.08629735,0,0,0,0,0,0,0.07124,2.44680333333333,8.02280833333333,11.5625616666667,9.95015333333333,8.59738,8.371985,8.87982166666667,5.93791166666667,1.86284166666667,0.899278333333333,0.493091666666667,0.31974,0.25804,0.21744,0.219481666666667,0.198793333333333,0.1441,0.107363333333333,0.08435,0.0800983333333333,0.0707083333333333,0.06484,0.0691833333333333,0.053575,0.0651783333333333,0.046245,0.0495633333333333,0.04455,0.0401266666666667,0.0407016666666667,0.0316983333333333,0.0299183333333333,0.0225516666666667,0.0164283333333333,0.0177233333333333,0.0142966666666667,0.0141916666666667,0.0159633333333333,0.0114416666666667,0.00975166666666667,0.00862833333333333,0.00950333333333333,0.00495666666666667,0.00609166666666667,0.00742333333333333,0.012005,0.00439,0.004475,0.00535,0.00240833333333333,0.00292666666666667,0.001975,0.00460166666666667,0.00336666666666667,0.00346666666666667,0.001605,0.00327166666666667,0.00265,0.00219,0.00238333333333333,0.00260333333333333,0.00131666666666667,0.000801666666666667,0.000573333333333333,0.000838333333333333,0.000506666666666667,0.000543333333333333,0.000583333333333333,0.000626666666666667,0.00067,0.000196666666666667,0,1,0,0,0,0,0,0,1,1,1,1,1,1,1,1,1,1,1,1,1,1,1,1,1,1,1,1,1,1,1,1,1,1,1,1,1,1,1,1,1,1,1,1,1,1,1,1,1,1,1,1,1,1,1,1,1,1,1,1,1,1,1,1,1,1,1,1,1,1,1,1,1,1,1,1,1,1,1,1,0
2026-07-30 11:00:00,85.7533861833333,0,0,0,0,0,0,0.0751266666666667,2.97944833333333,9.763155,14.7852333333333,12.7498333333333,10.7433583333333,9.83671833333333,9.67927,7.76289166666667,2.18602,1.06747333333333,0.568226666666667,0.377418333333333,0.30701,0.26805,0.250431666666667,0.213606666666667,0.143185,0.126361666666667,0.0893716666666667,0.0811166666666667,0.0840583333333333,0.07269,0.0637233333333333,0.04925,0.0485216666666667,0.0422633333333333,0.0393966666666667,0.0228583333333333,0.0389066666666667,0.0311783333333333,0.0283883333333333,0.0168066666666667,0.0187,0.015015,0.01119,0.0125483333333333,0.00912,0.0114016666666667,0.009175,0.007505,0.00763,0.007465,0.00729,0.00503666666666667,0.00289333333333333,0.00386333333333333,0.00369,0.00231666666666667,0.00357333333333333,0.00143333333333333,0.00186166666666667,0.00242666666666667,0.001105,0.00147,0.000661666666666667,0,0.000808333333333333,0.00123166666666667,0.000075,0.00042,0.000418333333333333,0.00125,0,0.000413333333333333,0.00052,0.000316666666666667,0.000341666666666667,0.000366666666666667,0.000391666666666667,0.000416666666666667,0.000125,0,1,0,0,0,0,0,0,1,1,1,1,1,1,1,1,1,1,1,1,1,1,1,1,1,1,1,1,1,1,1,1,1,1,1,1,1,1,1,1,1,1,1,1,1,1,1,1,1,1,1,1,1,1,1,1,1,1,1,1,1,1,1,1,1,1,1,1,1,1,1,1,1,1,1,1,1,1,1,1,0
2026-07-30 12:00:00,89.2474753166667,0,0,0,0,0,0,0.0976033333333333,3.41322,10.8100316666667,15.7349016666667,13.7003833333333,11.6103,10.24834,9.92898166666667,8.18914666666667,2.06428,0.911763333333333,0.477903333333333,0.27401,0.208018333333333,0.188281666666667,0.175773333333333,0.16919,0.092535,0.0733566666666667,0.0544366666666667,0.0382933333333333,0.0443233333333333,0.039815,0.033305,0.0345816666666667,0.0291583333333333,0.02866,0.02522,0.0160566666666667,0.0188966666666667,0.0113366666666667,0.013025,0.007155,0.00894,0.00964833333333333,0.00863166666666667,0.00600833333333333,0.00554333333333333,0.00707833333333333,0.006625,0.005205,0.005185,0.00455333333333333,0.00499833333333333,0.002995,0.00417,0.001295,0.000933333333333333,0.00162,0.00142166666666667,0.000573333333333333,0.000686666666666667,0,0.000855,0.00128,0.000646666666666667,0.000628333333333333,0.000846666666666667,0.00153666666666667,0.001415,0,0.001635,0.000676666666666667,0.000193333333333333,0.000826666666666667,0,0,0,0,0,0,0,0,1,0,0,0,0,0,0,1,1,1,1,1,1,1,1,1,1,1,1,1,1,1,1,1,1,1,1,1,1,1,1,1,1,1,1,1,1,1,1,1,1,1,1,1,1,1,1,1,1,1,1,1,1,1,1,1,1,1,1,1,1,1,1,1,1,1,1,1,1,1,1,1,1,1,1,1,1,1,1,0
2026-07-30 13:00:00,88.4329454833333,0,0,0,0,0,0,0.103575,3.691085,11.4150216666667,16.012685,13.5571533333333,11.1910266666667,10.1094833333333,9.565165,7.745895,2.02014,0.927478333333333,0.458495,0.28585,0.21039,0.174155,0.168618333333333,0.148176666666667,0.111556666666667,0.0682416666666667,0.0526483333333333,0.0390733333333333,0.0412916666666667,0.0361866666666667,0.02625,0.026275,0.0268933333333333,0.0178216666666667,0.0263116666666667,0.019275,0.0167816666666667,0.0167483333333333,0.0121633333333333,0.0100916666666667,0.00964333333333333,0.00953166666666667,0.00713666666666667,0.004305,0.00329666666666667,0.00767666666666667,0.00529666666666667,0.00361166666666667,0.00589333333333333,0.00402166666666667,0.00358833333333333,0.00344666666666667,0.00341833333333333,0.002545,0.00170833333333333,0.00214,0.00110666666666667,0.00304,0.00149166666666667,0.00126166666666667,0.000931666666666667,0.00213333333333333,0,0.000425,0.000846666666666667,0.000423333333333333,0.000705,0.000846666666666667,0.00055,0.000416666666666667,0,0,0.000455,0.000126666666666667,0.000136666666666667,0.000146666666666667,0.000156666666666667,0.000166666666666667,0.00005,0,1,0,0,0,0,0,0,1,1,1,1,1,1,1,1,1,1,1,1,1,1,1,1,1,1,1,1,1,1,1,1,1,1,1,1,1,1,1,1,1,1,1,1,1,1,1,1,1,1,1,1,1,1,1,1,1,1,1,1,1,1,1,1,1,1,1,1,1,1,1,1,1,1,1,1,1,1,1,1,0
2026-07-30 14:00:00,56.6836639833333,0,0,0,0,0,0,0.0800966666666667,2.97680833333333,8.74887,11.7840016666667,8.93969833333333,6.85193666666667,5.698815,5.15615166666667,3.691425,0.952483333333333,0.447778333333333,0.236648333333333,0.135805,0.124818333333333,0.102685,0.101933333333333,0.0801933333333333,0.0585216666666667,0.0453633333333333,0.0313966666666667,0.0259033333333333,0.024935,0.0228316666666667,0.0183733333333333,0.0191416666666667,0.0182,0.012595,0.0196733333333333,0.01313,0.0111316666666667,0.0124266666666667,0.00581666666666667,0.00937833333333333,0.00855,0.00777666666666667,0.00888166666666667,0.009115,0.00613333333333333,0.004305,0.00381333333333333,0.00527666666666667,0.00467666666666667,0.00320666666666667,0.00241333333333333,0.00291,0.003395,0.000886666666666667,0.00344333333333333,0.00405833333333333,0.00249333333333333,0.00326833333333333,0.00169166666666667,0.002,0.000678333333333333,0.000996666666666667,0.001985,0.00123666666666667,0.00123166666666667,0.00119333333333333,0.00127666666666667,0.000846666666666667,0.000948333333333333,0.000851666666666667,0.000173333333333333,0.00024,0.000108333333333333,0.000316666666666667,0.000341666666666667,0.000366666666666667,0.000391666666666667,0.000416666666666667,0.000125,0,1,0,0,0,0,0,0,1,1,1,1,1,1,1,1,1,1,1,1,1,1,1,1,1,1,1,1,1,1,1,1,1,1,1,1,1,1,1,1,1,1,1,1,1,1,1,1,1,1,1,1,1,1,1,1,1,1,1,1,1,1,1,1,1,1,1,1,1,1,1,1,1,1,1,1,1,1,1,1,0
2026-07-30 15:00:00,45.5446574666667,0,0,0,0,0,0,0.066345,2.32711166666667,7.20997833333333,9.61896333333333,7.29715,5.34778666666667,4.434425,4.06735666666667,2.481795,0.767546666666667,0.321995,0.181775,0.10714,0.103211666666667,0.0901216666666667,0.0943083333333333,0.06986,0.0501383333333333,0.0388166666666667,0.0331266666666667,0.024075,0.029445,0.0186666666666667,0.0212966666666667,0.0192183333333333,0.019915,0.0156216666666667,0.0195766666666667,0.0163783333333333,0.01116,0.0117533333333333,0.009965,0.00790166666666667,0.00655666666666667,0.00930833333333333,0.00562666666666667,0.00447833333333333,0.00634666666666667,0.004935,0.004085,0.00411333333333333,0.00322666666666667,0.00320666666666667,0.00142166666666667,0.00128,0.00209666666666667,0.00322,0.001575,0.00205166666666667,0.00145,0.002695,0.001975,0.00214166666666667,0.000855,0.00189666666666667,0.00141,0.0013,0.0005,0.00077,0.000496666666666667,0,0.000418333333333333,0.000416666666666667,0,0,0.000108333333333333,0.000316666666666667,0.000341666666666667,0.000366666666666667,0.000391666666666667,0.000416666666666667,0.000125,0,1,0,0,0,0,0,0,1,1,1,1,1,1,1,1,1,1,1,1,1,1,1,1,1,1,1,1,1,1,1,1,1,1,1,1,1,1,1,1,1,1,1,1,1,1,1,1,1,1,1,1,1,1,1,1,1,1,1,1,1,1,1,1,1,1,1,1,1,1,1,1,1,1,1,1,1,1,1,1,0
2026-07-30 16:00:00,60.1344419833333,0,0,0,0,0,0,0.0936733333333333,3.16901166666667,9.72461166666667,12.780025,9.52865333333333,7.00062666666667,5.98115333333333,5.25916,3.28127833333333,1.17692166666667,0.453723333333333,0.24702,0.147803333333333,0.132356666666667,0.119223333333333,0.111805,0.105513333333333,0.0807916666666667,0.0565366666666667,0.0558533333333333,0.0430866666666667,0.04267,0.0365133333333333,0.0405216666666667,0.0252616666666667,0.0296733333333333,0.0317716666666667,0.0247266666666667,0.0243816666666667,0.0239883333333333,0.0213816666666667,0.01717,0.0141116666666667,0.0111033333333333,0.00996333333333333,0.00692333333333333,0.00891666666666667,0.00690833333333333,0.00931666666666667,0.010245,0.00318,0.00570833333333333,0.00506833333333333,0.00241333333333333,0.00509833333333333,0.00376,0.00345333333333333,0.00516166666666667,0.00305666666666667,0.00137,0.00186333333333333,0.00192166666666667,0.00194333333333333,0.00238666666666667,0.00251333333333333,0.00122166666666667,0.000488333333333333,0.001655,0.00126833333333333,0.000496666666666667,0.00042,0.000836666666666667,0.000223333333333333,0.00161333333333333,0.000653333333333333,0.000585,0.000506666666666667,0.000546666666666667,0.000586666666666667,0.000626666666666667,0.000666666666666667,0.0002,0,1,0,0,0,0,0,0,1,1,1,1,1,1,1,1,1,1,1,1,1,1,1,1,1,1,1,1,1,1,1,1,1,1,1,1,1,1,1,1,1,1,1,1,1,1,1,1,1,1,1,1,1,1,1,1,1,1,1,1,1,1,1,1,1,1,1,1,1,1,1,1,1,1,1,1,1,1,1,1,0
2026-07-30 17:00:00,80.5121285,0,0,0,0,0,0,0.141426666666667,4.60292333333333,13.0290116666667,16.9529466666667,12.7254016666667,9.588345,8.122765,7.22883833333333,4.25709833333333,1.487815,0.587005,0.307001666666667,0.200008333333333,0.164565,0.133843333333333,0.1585,0.129683333333333,0.1054,0.071965,0.0640716666666667,0.06783,0.0628416666666667,0.0556566666666667,0.0634533333333333,0.039385,0.0568683333333333,0.047275,0.0417066666666667,0.040305,0.0354116666666667,0.0329833333333333,0.0308533333333333,0.0208066666666667,0.0171333333333333,0.0148866666666667,0.0118433333333333,0.0127466666666667,0.00716,0.00958,0.00811,0.00658166666666667,0.00733833333333333,0.009445,0.00574333333333333,0.00635833333333333,0.00802333333333333,0.00204166666666667,0.004085,0.00314333333333333,0.00248833333333333,0.001605,0.00249333333333333,0.00119666666666667,0.00110666666666667,0.000853333333333333,0.000323333333333333,0.00180166666666667,0.00127,0.000346666666666667,0.000496666666666667,0.00042,0.000816666666666667,0.000435,0.00052,0.00154666666666667,0.000585,0.000506666666666667,0.000546666666666667,0.000586666666666667,0.000626666666666667,0.000666666666666667,0.0002,0,1,0,0,0,0,0,0,1,1,1,1,1,1,1,1,1,1,1,1,1,1,1,1,1,1,1,1,1,1,1,1,1,1,1,1,1,1,1,1,1,1,1,1,1,1,1,1,1,1,1,1,1,1,1,1,1,1,1,1,1,1,1,1,1,1,1,1,1,1,1,1,1,1,1,1,1,1,1,1,0
2026-07-30 18:00:00,72.4496075833333,0,0,0,0,0,0,0.134931666666667,4.153905,11.8754016666667,15.0182833333333,11.47714,8.556885,7.05954333333333,6.34968666666667,3.68735833333333,1.48933666666667,0.641586666666667,0.32605,0.23114,0.184316666666667,0.147941666666667,0.164165,0.147568333333333,0.106088333333333,0.08305,0.0685366666666667,0.0587666666666667,0.0641116666666667,0.0587583333333333,0.0691633333333333,0.0393083333333333,0.0568066666666667,0.0450083333333333,0.0373883333333333,0.0339866666666667,0.037115,0.0326216666666667,0.0302633333333333,0.0253716666666667,0.0194516666666667,0.01324,0.0127433333333333,0.0113183333333333,0.009335,0.0121733333333333,0.008235,0.00670833333333333,0.011975,0.00570166666666667,0.00463333333333333,0.005055,0.00212,0.00571666666666667,0.00664833333333333,0.00400833333333333,0.00309166666666667,0.001175,0.00223333333333333,0.00257,0.00171,0.00251333333333333,0.000898333333333333,0.000386666666666667,0.00127,0.00123,0.00162333333333333,0.00126666666666667,0.00053,0.00149166666666667,0.000955,0.000893333333333333,0.000563333333333333,0.000443333333333333,0.000475,0.00051,0.000548333333333333,0.000586666666666667,0.000171666666666667,0,1,0,0,0,0,0,0,1,1,1,1,1,1,1,1,1,1,1,1,1,1,1,1,1,1,1,1,1,1,1,1,1,1,1,1,1,1,1,1,1,1,1,1,1,1,1,1,1,1,1,1,1,1,1,1,1,1,1,1,1,1,1,1,1,1,1,1,1,1,1,1,1,1,1,1,1,1,1,1,0
2026-07-30 19:00:00,55.9202039666667,0,0,0,0,0,0,0.0824766666666667,2.94598,8.62128333333333,10.8342316666667,8.369485,6.46406833333333,5.52800333333333,4.95160166666667,3.24221833333333,1.59094,0.699,0.372685,0.233276666666667,0.200621666666667,0.188636666666667,0.170323333333333,0.171141666666667,0.123395,0.0911333333333333,0.0605133333333333,0.060475,0.061615,0.0494166666666667,0.04911,0.0444266666666667,0.0553083333333333,0.03773,0.0341716666666667,0.0340633333333333,0.0325316666666667,0.0261116666666667,0.0156716666666667,0.02014,0.01433,0.00876666666666667,0.0153583333333333,0.00886333333333333,0.00491666666666667,0.007135,0.009995,0.007725,0.007195,0.00662,0.00363,0.00474833333333333,0.00378333333333333,0.00242666666666667,0.00348666666666667,0.00260666666666667,0.00239,0.001635,0.000373333333333333,0.00108666666666667,0.00281333333333333,0.00232333333333333,0.00056,0.000913333333333333,0.00173166666666667,0,0.000843333333333333,0.00084,0.000816666666666667,0.00126833333333333,0.000346666666666667,0.00048,0.00052,0.000316666666666667,0.000341666666666667,0.000366666666666667,0.000391666666666667,0.000416666666666667,0.000125,0,1,0,0,0,0,0,0,1,1,1,1,1,1,1,1,1,1,1,1,1,1,1,1,1,1,1,1,1,1,1,1,1,1,1,1,1,1,1,1,1,1,1,1,1,1,1,1,1,1,1,1,1,1,1,1,1,1,1,1,1,1,1,1,1,1,1,1,1,1,1,1,1,1,1,1,1,1,1,1,0
2026-07-30 20:00:00,49.2105279482759,0,0,0,0,0,0,0.06335,2.25556206896552,6.69722413793103,8.6186275862069,6.82060172413793,5.45689137931034,4.71846551724138,4.4714724137931,3.74017068965517,2.31038103448276,0.966539655172414,0.530118965517241,0.347493103448276,0.278868965517241,0.251615517241379,0.244975862068966,0.219484482758621,0.173325862068966,0.114506896551724,0.0908844827586207,0.0764586206896552,0.0735086206896552,0.0517068965517241,0.046301724137931,0.0384241379310345,0.0349396551724138,0.0346224137931034,0.0307344827586207,0.0285448275862069,0.0237086206896552,0.019401724137931,0.0171189655172414,0.0208,0.0148827586206897,0.0111068965517241,0.00577931034482759,0.00792241379310345,0.00618103448275862,0.00978448275862069,0.00711896551724138,0.00470862068965517,0.00547068965517241,0.00492413793103448,0.00290172413793103,0.00303103448275862,0.00261724137931034,0.00220862068965517,0.00266034482758621,0.00132068965517241,0.00325,0.00263965517241379,0.00171724137931034,0.00174827586206897,0.00228965517241379,0.00152068965517241,0.00112413793103448,0.00127931034482759,0.000875862068965517,0.0000396551724137931,0.00102241379310345,0.00058448275862069,0.000568965517241379,0.000231034482758621,0.000379310344827586,0.000413793103448276,0.000844827586206897,0.000458620689655172,0.000493103448275862,0.000529310344827586,0.000567241379310345,0.000605172413793103,0.000179310344827586,0,1,0,0,0,0,0,0,1,1,1,1,1,1,1,1,1,1,1,1,1,1,1,1,1,1,1,1,1,1,1,1,1,1,1,1,1,1,1,1,1,1,1,1,1,1,1,1,1,1,1,1,1,1,1,1,1,1,1,1,1,1,1,1,1,1,1,1,1,1,1,1,1,1,1,1,1,1,1,1,0
2026-07-30 21:00:00,51.6885628644068,0,0,0,0,0,0,0.0569559322033898,2.03644237288136,6.02558813559322,7.90416271186441,6.56347457627119,5.3177406779661,4.9288406779661,4.89574237288136,4.93598474576271,3.88127627118644,1.36459322033898,0.762520338983051,0.436474576271186,0.320403389830508,0.286177966101695,0.282691525423729,0.276679661016949,0.209794915254237,0.135813559322034,0.094671186440678,0.0785271186440678,0.0751237288135593,0.0677101694915254,0.0580135593220339,0.0417728813559322,0.0474610169491525,0.0457593220338983,0.0357305084745763,0.0265338983050847,0.0236271186440678,0.0207542372881356,0.0212593220338983,0.0186457627118644,0.013671186440678,0.0132338983050847,0.00768983050847458,0.00836271186440678,0.0094,0.00694745762711864,0.00534067796610169,0.00595593220338983,0.00235932203389831,0.00212203389830508,0.00465762711864407,0.0025406779661017,0.00298983050847458,0.0023728813559322,0.00264915254237288,0.00333898305084746,0.000874576271186441,0.0014864406779661,0.00195254237288136,0.00128305084745763,0.000511864406779661,0.00255423728813559,0.00243559322033898,0.000206779661016949,0.00125254237288136,0.000820338983050847,0.00122203389830508,0.00115423728813559,0.000693220338983051,0.00149830508474576,0.00061864406779661,0,0.000154237288135593,0.000450847457627119,0.000484745762711864,0.000520338983050848,0.000557627118644068,0.000594915254237288,0.000176271186440678,0,1,0,0,0,0,0,0,1,1,1,1,1,1,1,1,1,1,1,1,1,1,1,1,1,1,1,1,1,1,1,1,1,1,1,1,1,1,1,1,1,1,1,1,1,1,1,1,1,1,1,1,1,1,1,1,1,1,1,1,1,1,1,1,1,1,1,1,1,1,1,1,1,1,1,1,1,1,1,1,0
2026-07-30 22:00:00,60.7010968421053,0,0,0,0,0,0,0.0749140350877193,2.43857192982456,7.07726666666667,9.32667368421053,7.70960701754386,6.34572280701754,5.84911578947368,5.83341403508772,5.77483684210526,4.60562631578947,1.56739473684211,0.8318,0.498357894736842,0.370082456140351,0.333328070175439,0.346870175438596,0.331201754385965,0.221675438596491,0.168950877192982,0.109070175438596,0.0856947368421053,0.0898894736842105,0.0564701754385965,0.0684701754385965,0.0563701754385965,0.0485035087719298,0.0455263157894737,0.0436859649122807,0.0427877192982456,0.0339245614035088,0.0301684210526316,0.0246877192982456,0.0194894736842105,0.0143070175438597,0.0116421052631579,0.00751754385964912,0.0101333333333333,0.00521228070175439,0.00705087719298246,0.00867543859649123,0.00829824561403509,0.00709824561403509,0.00541052631578947,0.00620175438596491,0.00221754385964912,0.00443859649122807,0.00179298245614035,0.0026140350877193,0.00376491228070175,0.000989473684210526,0.000784210526315789,0.00223333333333333,0.000568421052631579,0.0009,0.000898245614035088,0.000447368421052632,0.000447368421052632,0.00129649122807018,0.00174035087719298,0.000966666666666667,0.00118771929824561,0.00013859649122807,0.000673684210526316,0.00125964912280702,0.000252631578947368,0.0000228070175438596,0.0000666666666666667,0.0000719298245614035,0.0000771929824561404,0.0000824561403508772,0.000087719298245614,0.0000263157894736842,0,1,0,0,0,0,0,0,1,1,1,1,1,1,1,1,1,1,1,1,1,1,1,1,1,1,1,1,1,1,1,1,1,1,1,1,1,1,1,1,1,1,1,1,1,1,1,1,1,1,1,1,1,1,1,1,1,1,1,1,1,1,1,1,1,1,1,1,1,1,1,1,1,1,1,1,1,1,1,1,0
2026-07-30 23:00:00,67.83415385,0,0,0,0,0,0,0.08258,2.783335,8.09911,10.608845,8.600795,7.15781833333333,6.58132,6.367565,6.23805166666667,4.67461166666667,1.723925,0.917495,0.520201666666667,0.398258333333333,0.347363333333333,0.333856666666667,0.326588333333333,0.222978333333333,0.1523,0.116355,0.102818333333333,0.0949766666666667,0.0822583333333333,0.0805083333333333,0.04764,0.0671116666666667,0.0493766666666667,0.04144,0.041365,0.0368533333333333,0.032105,0.031525,0.0193466666666667,0.0179633333333333,0.01904,0.010345,0.0139233333333333,0.008255,0.00630333333333333,0.00431,0.0101233333333333,0.00755833333333333,0.00397333333333333,0.00412,0.004275,0.0067,0.00336166666666667,0.00132833333333333,0.000986666666666667,0.00094,0.000401666666666667,0.00043,0.000856666666666667,0.00170666666666667,0.000426666666666667,0.00117333333333333,0.00133833333333333,0.00204,0.000115,0,0,0,0.000833333333333333,0.001245,0.000413333333333333,0.000433333333333333,0.0000633333333333333,0.0000683333333333333,0.0000733333333333333,0.0000783333333333333,0.0000833333333333333,0.000025,0,1,0,0,0,0,0,0,1,1,1,1,1,1,1,1,1,1,1,1,1,1,1,1,1,1,1,1,1,1,1,1,1,1,1,1,1,1,1,1,1,1,1,1,1,1,1,1,1,1,1,1,1,1,1,1,1,1,1,1,1,1,1,1,1,1,1,1,1,1,1,1,1,1,1,1,1,1,1,1,0
2026-07-31,66.6255129666667,0,0,0,0,0,0,0.09252,2.95712333333333,8.34386,10.6653683333333,8.78011833333333,7.22427166666667,6.567775,6.448185,6.09325333333333,4.31980833333333,1.56904666666667,0.819411666666667,0.504046666666667,0.357853333333333,0.343975,0.324658333333333,0.300296666666667,0.235451666666667,0.168371666666667,0.110238333333333,0.100521666666667,0.090485,0.0840883333333333,0.0716133333333333,0.0548666666666667,0.0684233333333333,0.0485816666666667,0.0463066666666667,0.047075,0.0379516666666667,0.0337,0.0280866666666667,0.0261983333333333,0.01795,0.0158816666666667,0.0127333333333333,0.0110066666666667,0.00532666666666667,0.00877166666666667,0.00804,0.00491166666666667,0.00634333333333333,0.00667,0.00296833333333333,0.00245666666666667,0.00250666666666667,0.00420166666666667,0.00255333333333333,0.00104,0.00177666666666667,0.00157666666666667,0.00212166666666667,0.001395,0.000855,0.00147,0.00056,0.000101666666666667,0.001655,0.00192333333333333,0.00177333333333333,0.00126666666666667,0.000968333333333333,0.000416666666666667,0.000415,0.000413333333333333,0.000433333333333333,0.0000633333333333333,0.0000683333333333333,0.0000733333333333333,0.0000783333333333333,0.0000833333333333333,0.000025,0,1,0,0,0,0,0,0,1,1,1,1,1,1,1,1,1,1,1,1,1,1,1,1,1,1,1,1,1,1,1,1,1,1,1,1,1,1,1,1,1,1,1,1,1,1,1,1,1,1,1,1,1,1,1,1,1,1,1,1,1,1,1,1,1,1,1,1,1,1,1,1,1,1,1,1,1,1,1,1,0
2026-07-31 01:00:00,73.7044350666667,0,0,0,0,0,0,0.09815,3.27866,9.23936,11.7585416666667,9.64412666666667,7.95383666666667,7.284085,7.067655,6.399745,4.29034166666667,1.603515,0.845886666666667,0.482271666666667,0.381305,0.353243333333333,0.321778333333333,0.31361,0.237123333333333,0.166883333333333,0.121565,0.11289,0.10318,0.078175,0.09572,0.0655216666666667,0.0617733333333333,0.0563666666666667,0.0511583333333333,0.0565733333333333,0.046155,0.0380233333333333,0.0382483333333333,0.0291566666666667,0.0224833333333333,0.0229766666666667,0.0140966666666667,0.0125383333333333,0.009185,0.0105133333333333,0.009135,0.0057,0.00904666666666667,0.00437333333333333,0.00403666666666667,0.00474833333333333,0.00508333333333333,0.004585,0.00391833333333333,0.00179666666666667,0.00268333333333333,0.00172,0.00155,0.00222833333333333,0.00263833333333333,0.000426666666666667,0.000646666666666667,0.00140166666666667,0.0005,0,0.00168666666666667,0.00042,0,0.000833333333333333,0.000415,0,0.000476666666666667,0.00019,0.000205,0.00022,0.000235,0.00025,0.000075,0,1,0,0,0,0,0,0,1,1,1,1,1,1,1,1,1,1,1,1,1,1,1,1,1,1,1,1,1,1,1,1,1,1,1,1,1,1,1,1,1,1,1,1,1,1,1,1,1,1,1,1,1,1,1,1,1,1,1,1,1,1,1,1,1,1,1,1,1,1,1,1,1,1,1,1,1,1,1,1,0
2026-07-31 02:00:00,77.78336995,0,0,0,0,0,0,0.100341666666667,3.573135,10.0713383333333,12.7712083333333,10.4445516666667,8.534135,7.67093666666667,7.32956166666667,6.76314833333333,4.52836666666667,1.727815,0.912796666666667,0.51826,0.384633333333333,0.347265,0.355071666666667,0.337776666666667,0.2383,0.179545,0.12253,0.0983516666666667,0.095785,0.0762566666666667,0.08333,0.0591016666666667,0.0701316666666667,0.0617583333333333,0.0572433333333333,0.0533416666666667,0.0536016666666667,0.0411216666666667,0.0347716666666667,0.0261116666666667,0.0150533333333333,0.0167383333333333,0.00797833333333333,0.0100383333333333,0.00641333333333333,0.00682333333333333,0.008245,0.009335,0.00504,0.00669333333333333,0.00589166666666667,0.00522833333333333,0.00581166666666667,0.00383833333333333,0.00221,0.00133,0.00139833333333333,0.001835,0.00111666666666667,0,0.000426666666666667,0.00104333333333333,0.000985,0.000526666666666667,0,0.00077,0.000358333333333333,0.000978333333333333,0.000418333333333333,0.000416666666666667,0.000173333333333333,0.00106666666666667,0.000065,0.00019,0.000205,0.00022,0.000235,0.00025,0.000075,0,1,0,0,0,0,0,0,1,1,1,1,1,1,1,1,1,1,1,1,1,1,1,1,1,1,1,1,1,1,1,1,1,1,1,1,1,1,1,1,1,1,1,1,1,1,1,1,1,1,1,1,1,1,1,1,1,1,1,1,1,1,1,1,1,1,1,1,1,1,1,1,1,1,1,1,1,1,1,1,0
2026-07-31 03:00:00,105.139484133333,0,0,0,0,0,0,0.130001666666667,4.593275,13.250025,17.1918633333333,14.2011233333333,11.6462916666667,10.6886933333333,10.67824,9.74251666666667,4.98441166666667,2.05794166666667,1.06856333333333,0.622761666666667,0.47101,0.392313333333333,0.410883333333333,0.365066666666667,0.276573333333333,0.19427,0.142628333333333,0.119943333333333,0.112425,0.094355,0.0906783333333333,0.0739366666666667,0.077945,0.05907,0.0579966666666667,0.050525,0.046475,0.040355,0.03152,0.0292816666666667,0.0198083333333333,0.023425,0.014945,0.00827166666666667,0.0120116666666667,0.0122183333333333,0.00602666666666667,0.009545,0.00612833333333333,0.00789833333333333,0.00327666666666667,0.003015,0.00549333333333333,0.00295166666666667,0.00229833333333333,0.00324,0.00201166666666667,0.00266666666666667,0.000686666666666667,0.00146,0.00196166666666667,0.00128,0.000425,0.000811666666666667,0.0000383333333333333,0,0,0,0.000418333333333333,0,0.000415,0.000413333333333333,0,0,0,0,0,0,0,0,1,0,0,0,0,0,0,1,1,1,1,1,1,1,1,1,1,1,1,1,1,1,1,1,1,1,1,1,1,1,1,1,1,1,1,1,1,1,1,1,1,1,1,1,1,1,1,1,1,1,1,1,1,1,1,1,1,1,1,1,1,1,1,1,1,1,1,1,1,1,1,1,1,1,1,1,1,1,1,0
2026-07-31 04:00:00,125.827399466667,0,0,0,0,0,0,0.133716666666667,4.91520833333333,15.204805,20.7326066666667,17.09354,14.28526,13.5782483333333,13.7655366666667,12.949415,5.39311666666667,2.247555,1.120905,0.696135,0.515273333333333,0.448466666666667,0.442346666666667,0.434031666666667,0.262218333333333,0.20779,0.153271666666667,0.123888333333333,0.104403333333333,0.102963333333333,0.106058333333333,0.090045,0.0815316666666667,0.062905,0.0663533333333333,0.058725,0.0491016666666667,0.0436266666666667,0.036735,0.0292166666666667,0.0195866666666667,0.0170716666666667,0.00866666666666667,0.0110283333333333,0.0125766666666667,0.00840333333333333,0.0105083333333333,0.00766166666666667,0.006035,0.00779166666666667,0.00553833333333333,0.00511833333333333,0.00209666666666667,0.00326666666666667,0.00228,0.00127666666666667,0.00282666666666667,0.00286833333333333,0.00112,0.00119666666666667,0.00196,0,0,0.000425,0.00123166666666667,0.00199833333333333,0.000571666666666667,0.00126,0.000418333333333333,0,0,0,0.000411666666666667,0,0,0,0,0,0,0,1,0,0,0,0,0,0,1,1,1,1,1,1,1,1,1,1,1,1,1,1,1,1,1,1,1,1,1,1,1,1,1,1,1,1,1,1,1,1,1,1,1,1,1,1,1,1,1,1,1,1,1,1,1,1,1,1,1,1,1,1,1,1,1,1,1,1,1,1,1,1,1,1,1,1,1,1,1,1,0
2026-07-31 05:00:00,96.4304911666667,0,0,0,0,0,0,0.100856666666667,3.76296666666667,11.3275083333333,15.5827983333333,12.6809683333333,10.8894733333333,10.255065,10.5174,10.2249616666667,4.63670833333333,1.94584,1.03553833333333,0.626231666666667,0.463175,0.430993333333333,0.431253333333333,0.413873333333333,0.282068333333333,0.213513333333333,0.139971666666667,0.137678333333333,0.118268333333333,0.10183,0.105341666666667,0.0947533333333333,0.087115,0.07572,0.0605466666666667,0.0613716666666667,0.0516133333333333,0.0495833333333333,0.0467733333333333,0.0324033333333333,0.0187316666666667,0.0224383333333333,0.016175,0.014125,0.01145,0.0137733333333333,0.0126283333333333,0.00823833333333333,0.00471333333333333,0.00861333333333333,0.007275,0.00681333333333333,0.00376166666666667,0.004515,0.00191833333333333,0.002625,0.00177166666666667,0.00120333333333333,0.00223333333333333,0.00231666666666667,0.000678333333333333,0,0.001395,0.00073,0.000423333333333333,0.000421666666666667,0.000283333333333333,0.00139833333333333,0.000418333333333333,0,0,0,0.000065,0.00019,0.000205,0.00022,0.000235,0.00025,0.000075,0,1,0,0,0,0,0,0,1,1,1,1,1,1,1,1,1,1,1,1,1,1,1,1,1,1,1,1,1,1,1,1,1,1,1,1,1,1,1,1,1,1,1,1,1,1,1,1,1,1,1,1,1,1,1,1,1,1,1,1,1,1,1,1,1,1,1,1,1,1,1,1,1,1,1,1,1,1,1,1,0
2026-07-31 06:00:00,74.6642445166667,0,0,0,0,0,0,0.0829816666666667,3.011015,8.89781666666667,11.7710133333333,9.67083333333333,8.303305,7.86087,8.20157166666667,7.404735,3.61744833333333,1.52593833333333,0.815131666666667,0.48776,0.39805,0.369661666666667,0.36847,0.331971666666667,0.223286666666667,0.182488333333333,0.130133333333333,0.114328333333333,0.100488333333333,0.0886083333333333,0.0939566666666667,0.0746916666666667,0.097545,0.069585,0.0633416666666667,0.0713933333333333,0.0552616666666667,0.05038,0.0445166666666667,0.0366733333333333,0.0292566666666667,0.02767,0.0174633333333333,0.0129016666666667,0.005355,0.00974,0.011675,0.00808333333333333,0.010835,0.00851166666666667,0.007795,0.013145,0.00756333333333333,0.00288333333333333,0.00234333333333333,0.003115,0.000973333333333333,0.00238,0.002605,0.00246833333333333,0.00228833333333333,0.00104333333333333,0.001835,0.000526666666666667,0.000385,0.000385,0.000641666666666667,0.00195666666666667,0,0.000416666666666667,0.000415,0.00016,0.000708333333333333,0.000126666666666667,0.000136666666666667,0.000146666666666667,0.000156666666666667,0.000166666666666667,0.00005,0,1,0,0,0,0,0,0,1,1,1,1,1,1,1,1,1,1,1,1,1,1,1,1,1,1,1,1,1,1,1,1,1,1,1,1,1,1,1,1,1,1,1,1,1,1,1,1,1,1,1,1,1,1,1,1,1,1,1,1,1,1,1,1,1,1,1,1,1,1,1,1,1,1,1,1,1,1,1,1,0
2026-07-31 07:00:00,69.98018815,0,0,0,0,0,0,0.0837016666666667,2.96707166666667,8.458245,10.8442,8.918555,7.38172166666667,6.92542666666667,6.91492,6.86761833333333,4.50793,1.62047,0.91438,0.501288333333333,0.384256666666667,0.359423333333333,0.355431666666667,0.342026666666667,0.258436666666667,0.185593333333333,0.122171666666667,0.110138333333333,0.104701666666667,0.09357,0.0963283333333333,0.0791816666666667,0.0750066666666667,0.0633716666666667,0.0601766666666667,0.0583766666666667,0.0530166666666667,0.0534233333333333,0.0478416666666667,0.0318783333333333,0.029165,0.0180783333333333,0.018165,0.0153833333333333,0.0144766666666667,0.0140516666666667,0.0132983333333333,0.0088,0.00960666666666667,0.00616333333333333,0.00916,0.005365,0.00421666666666667,0.00249666666666667,0.002985,0.005465,0.00303166666666667,0.00458833333333333,0.00283833333333333,0.00102166666666667,0.00128166666666667,0.00232333333333333,0.000985,0.00133833333333333,0.00127,0.00123,0.000918333333333333,0.00084,0.000418333333333333,0.00125,0,0.000826666666666667,0.0000866666666666667,0.000253333333333333,0.000273333333333333,0.000293333333333333,0.000313333333333333,0.000333333333333333,0.0001,0,1,0,0,0,0,0,0,1,1,1,1,1,1,1,1,1,1,1,1,1,1,1,1,1,1,1,1,1,1,1,1,1,1,1,1,1,1,1,1,1,1,1,1,1,1,1,1,1,1,1,1,1,1,1,1,1,1,1,1,1,1,1,1,1,1,1,1,1,1,1,1,1,1,1,1,1,1,1,1,0
2026-07-31 08:00:00,61.9676566166667,0,0,0,0,0,0,0.0882816666666667,2.805715,8.00955,10.087645,8.144665,6.296975,5.77099166666667,5.59642333333333,5.55873,4.24890333333333,1.41921166666667,0.764841666666667,0.431841666666667,0.319215,0.295795,0.29112,0.269508333333333,0.20302,0.137688333333333,0.107585,0.096235,0.09538,0.0705933333333333,0.071935,0.0599333333333333,0.0671283333333333,0.0453466666666667,0.04249,0.0419533333333333,0.041195,0.0343333333333333,0.0297133333333333,0.0275266666666667,0.02178,0.0182766666666667,0.0124883333333333,0.0143116666666667,0.014,0.00897,0.00751,0.0112233333333333,0.00395,0.00740833333333333,0.00558,0.00603,0.00330333333333333,0.00470333333333333,0.004465,0.004455,0.002385,0.002465,0.001805,0.00214166666666667,0.00128166666666667,0.00275,0.00193666666666667,0,0.000808333333333333,0.0000383333333333333,0,0.00042,0.000836666666666667,0.000223333333333333,0.000608333333333333,0.000413333333333333,0.00013,0.00038,0.000408333333333333,0.000438333333333333,0.00047,0.000501666666666667,0.000148333333333333,0,1,0,0,0,0,0,0,1,1,1,1,1,1,1,1,1,1,1,1,1,1,1,1,1,1,1,1,1,1,1,1,1,1,1,1,1,1,1,1,1,1,1,1,1,1,1,1,1,1,1,1,1,1,1,1,1,1,1,1,1,1,1,1,1,1,1,1,1,1,1,1,1,1,1,1,1,1,1,1,0
2026-07-31 09:00:00,62.7171018166667,0,0,0,0,0,0,0.089885,2.98432333333333,8.442825,10.6770883333333,8.58480666666667,6.742675,5.943775,5.742205,5.24084,3.43723666666667,1.19690166666667,0.656196666666667,0.360218333333333,0.295321666666667,0.255828333333333,0.26018,0.251676666666667,0.180448333333333,0.128946666666667,0.0860116666666667,0.0808983333333333,0.0760716666666667,0.064345,0.0559383333333333,0.0443683333333333,0.0565666666666667,0.0431183333333333,0.0467966666666667,0.0533716666666667,0.0408366666666667,0.033105,0.0276233333333333,0.0260483333333333,0.02146,0.0153166666666667,0.0125066666666667,0.0166316666666667,0.00800666666666667,0.00969833333333333,0.00494,0.00868333333333333,0.00500166666666667,0.00514166666666667,0.006925,0.006295,0.00414666666666667,0.00449333333333333,0.00517666666666667,0.00283666666666667,0.00182333333333333,0.00043,0.00257666666666667,0.000856666666666667,0.00170833333333333,0.00128,0.000323333333333333,0.001725,0.000846666666666667,0.000845,0.00162333333333333,0.000426666666666667,0.000948333333333333,0.0000183333333333333,0,0.000573333333333333,0.000773333333333333,0.000316666666666667,0.000341666666666667,0.000366666666666667,0.000391666666666667,0.000416666666666667,0.000125,0,1,0,0,0,0,0,0,1,1,1,1,1,1,1,1,1,1,1,1,1,1,1,1,1,1,1,1,1,1,1,1,1,1,1,1,1,1,1,1,1,1,1,1,1,1,1,1,1,1,1,1,1,1,1,1,1,1,1,1,1,1,1,1,1,1,1,1,1,1,1,1,1,1,1,1,1,1,1,1,0
2026-07-31 10:00:00,68.8284590666667,0,0,0,0,0,0,0.0841183333333333,3.13518166666667,9.05675333333333,11.6056116666667,9.173375,7.28320166666667,6.485675,6.267705,5.63504833333333,3.976465,1.43088333333333,0.761115,0.484065,0.352828333333333,0.314893333333333,0.323515,0.280368333333333,0.210031666666667,0.15908,0.133493333333333,0.10843,0.103078333333333,0.0717866666666667,0.10353,0.066675,0.065975,0.06015,0.0566616666666667,0.0433566666666667,0.0454983333333333,0.0430283333333333,0.03717,0.027695,0.0206916666666667,0.016095,0.0175383333333333,0.0116166666666667,0.00875166666666667,0.00789166666666667,0.010045,0.00678333333333333,0.00884666666666667,0.00824666666666667,0.00684166666666667,0.00674666666666667,0.00667166666666667,0.003115,0.00324,0.00283666666666667,0.00494833333333333,0.00349833333333333,0.00186333333333333,0.00192,0.00160833333333333,0.00104333333333333,0.00108666666666667,0,0.00123166666666667,0.000461666666666667,0.000705,0.00210666666666667,0.000131666666666667,0.000833333333333333,0.000415,0,0.000476666666666667,0.00019,0.000205,0.00022,0.000235,0.00025,0.000075,0,1,0,0,0,0,0,0,1,1,1,1,1,1,1,1,1,1,1,1,1,1,1,1,1,1,1,1,1,1,1,1,1,1,1,1,1,1,1,1,1,1,1,1,1,1,1,1,1,1,1,1,1,1,1,1,1,1,1,1,1,1,1,1,1,1,1,1,1,1,1,1,1,1,1,1,1,1,1,1,0
2026-07-31 11:00:00,70.9514279666667,0,0,0,0,0,0,0.07497,2.73388166666667,8.23998833333333,10.7157583333333,8.78419166666667,6.99901166666667,6.56550333333333,6.65764166666667,6.97007833333333,5.54709166666667,1.96241,1.024885,0.621863333333333,0.477073333333333,0.408468333333333,0.41319,0.380213333333333,0.310471666666667,0.20902,0.163846666666667,0.156698333333333,0.136473333333333,0.09982,0.106225,0.0789833333333333,0.0821133333333333,0.067235,0.0604133333333333,0.0553083333333333,0.0442716666666667,0.0487533333333333,0.0374266666666667,0.029,0.0234216666666667,0.0267266666666667,0.021595,0.0213716666666667,0.014695,0.010205,0.007325,0.0078,0.00859,0.0079,0.00466,0.00507666666666667,0.00378333333333333,0.00172666666666667,0.00214,0.00391833333333333,0.00271666666666667,0.00197833333333333,0.00175,0.00134,0.000426666666666667,0.00213333333333333,0.000646666666666667,0.001865,0.000846666666666667,0.000883333333333333,0.000843333333333333,0.00084,0.000398333333333333,0.000435,0.000415,0,0.000476666666666667,0.00019,0.000205,0.00022,0.000235,0.00025,0.000075,0,1,0,0,0,0,0,0,1,1,1,1,1,1,1,1,1,1,1,1,1,1,1,1,1,1,1,1,1,1,1,1,1,1,1,1,1,1,1,1,1,1,1,1,1,1,1,1,1,1,1,1,1,1,1,1,1,1,1,1,1,1,1,1,1,1,1,1,1,1,1,1,1,1,1,1,1,1,1,1,0
2026-07-31 12:00:00,63.5930336,0,0,0,0,0,0,0.0825416666666667,2.77572166666667,8.62594833333333,11.1314433333333,8.697485,6.54636166666667,5.64422333333333,5.251185,5.39711833333333,3.95748666666667,1.38695833333333,0.767696666666667,0.446175,0.351991666666667,0.337165,0.3121,0.29463,0.227966666666667,0.17157,0.134263333333333,0.105485,0.116511666666667,0.0976466666666667,0.0859916666666667,0.0701483333333333,0.0671316666666667,0.0588716666666667,0.0604566666666667,0.0505716666666667,0.0467933333333333,0.0393233333333333,0.0340666666666667,0.02785,0.02834,0.02082,0.0165933333333333,0.0145266666666667,0.014165,0.0112083333333333,0.00869,0.00888166666666667,0.00703333333333333,0.009295,0.00616166666666667,0.00338833333333333,0.00492,0.00295166666666667,0.00348666666666667,0.00433166666666667,0.001875,0.00129,0.00197833333333333,0.00248333333333333,0.00196,0.00189666666666667,0.00151166666666667,0.00162333333333333,0.00134666666666667,0.000768333333333333,0.00120166666666667,0.000558333333333333,0.00165333333333333,0.001075,0.00102333333333333,0.000826666666666667,0.000173333333333333,0.000506666666666667,0.000546666666666667,0.000586666666666667,0.000626666666666667,0.000666666666666667,0.0002,0,1,0,0,0,0,0,0,1,1,1,1,1,1,1,1,1,1,1,1,1,1,1,1,1,1,1,1,1,1,1,1,1,1,1,1,1,1,1,1,1,1,1,1,1,1,1,1,1,1,1,1,1,1,1,1,1,1,1,1,1,1,1,1,1,1,1,1,1,1,1,1,1,1,1,1,1,1,1,1,0
2026-07-31 13:00:00,67.2715759833333,0,0,0,0,0,0,0.0889466666666667,3.17907666666667,9.91862333333333,12.5954266666667,9.622915,7.01477166666667,5.74919166666667,5.153185,5.13387166666667,3.75243833333333,1.26393333333333,0.681335,0.422635,0.324633333333333,0.294468333333333,0.315763333333333,0.278211666666667,0.216791666666667,0.170816666666667,0.13862,0.131195,0.118133333333333,0.103,0.0887016666666667,0.0733766666666667,0.0673766666666667,0.0580033333333333,0.06105,0.0508066666666667,0.04918,0.0423583333333333,0.0434366666666667,0.03306,0.028865,0.0230033333333333,0.02005,0.0149683333333333,0.0117966666666667,0.00827,0.00755833333333333,0.00598666666666667,0.00672333333333333,0.0029,0.00458,0.00377666666666667,0.005105,0.00451666666666667,0.001575,0.00286,0.00284833333333333,0.00263833333333333,0.00154666666666667,0.00103166666666667,0.00196166666666667,0.00208666666666667,0.00122166666666667,0.0013,0.00134666666666667,0.000346666666666667,0.000496666666666667,0.00112833333333333,0.00053,0.001075,0.00102333333333333,0,0.000606666666666667,0.00057,0.000615,0.00066,0.000705,0.00075,0.000225,0,1,0,0,0,0,0,0,1,1,1,1,1,1,1,1,1,1,1,1,1,1,1,1,1,1,1,1,1,1,1,1,1,1,1,1,1,1,1,1,1,1,1,1,1,1,1,1,1,1,1,1,1,1,1,1,1,1,1,1,1,1,1,1,1,1,1,1,1,1,1,1,1,1,1,1,1,1,1,1,0
2026-07-31 14:00:00,78.7199535,0,0,0,0,0,0,0.07858,3.11847833333333,9.66884666666667,12.9832733333333,10.1298183333333,7.77223666666667,7.079875,7.02527,7.53052333333333,6.27857,2.19841333333333,1.16499166666667,0.679905,0.503903333333333,0.433005,0.444216666666667,0.386266666666667,0.325453333333333,0.224261666666667,0.165021666666667,0.129513333333333,0.123155,0.100983333333333,0.103428333333333,0.083195,0.072435,0.066115,0.06498,0.0580833333333333,0.0523933333333333,0.0509383333333333,0.04198,0.0363333333333333,0.0363916666666667,0.0226566666666667,0.0170516666666667,0.0157433333333333,0.0137216666666667,0.0121716666666667,0.00918,0.0118716666666667,0.00610833333333333,0.00609166666666667,0.00677333333333333,0.00462166666666667,0.00503333333333333,0.00381666666666667,0.003055,0.00503666666666667,0.00423833333333333,0.00174833333333333,0.00243666666666667,0.00305333333333333,0.00128,0.000853333333333333,0.00085,0.00204833333333333,0.00127,0.0005,0.00210833333333333,0.000288333333333333,0.000968333333333333,0.000863333333333333,0.00139,0.000653333333333333,0.00026,0.00076,0.000815,0.000875,0.00094,0.001005,0.000295,0,1,0,0,0,0,0,0,1,1,1,1,1,1,1,1,1,1,1,1,1,1,1,1,1,1,1,1,1,1,1,1,1,1,1,1,1,1,1,1,1,1,1,1,1,1,1,1,1,1,1,1,1,1,1,1,1,1,1,1,1,1,1,1,1,1,1,1,1,1,1,1,1,1,1,1,1,1,1,1,0
2026-07-31 15:00:00,57.8982883333333,0,0,0,0,0,0,0.052045,2.159625,6.91833333333333,9.296935,7.30182,5.6235,5.02830833333333,5.11934666666667,5.65656,4.714455,1.58966333333333,0.83331,0.507808333333333,0.39621,0.34928,0.361366666666667,0.31686,0.250195,0.18099,0.134611666666667,0.115496666666667,0.105903333333333,0.088965,0.0801566666666667,0.0755316666666667,0.082585,0.0669283333333333,0.0586666666666667,0.0591666666666667,0.04307,0.0369683333333333,0.03502,0.0319116666666667,0.0304133333333333,0.0301016666666667,0.0198233333333333,0.0184516666666667,0.0100833333333333,0.00883666666666667,0.005865,0.0052,0.00774,0.0042,0.004105,0.00251833333333333,0.00460333333333333,0.004655,0.0028,0.00286166666666667,0.00279333333333333,0.001405,0.000688333333333333,0.000856666666666667,0.000426666666666667,0.000853333333333333,0.00149666666666667,0.00105333333333333,0.00207833333333333,0.000461666666666667,0.000421666666666667,0.000288333333333333,0.001765,0.000453333333333333,0.00083,0.000826666666666667,0.00138666666666667,0.000443333333333333,0.000476666666666667,0.000511666666666667,0.000548333333333333,0.000585,0.000173333333333333,0,1,0,0,0,0,0,0,1,1,1,1,1,1,1,1,1,1,1,1,1,1,1,1,1,1,1,1,1,1,1,1,1,1,1,1,1,1,1,1,1,1,1,1,1,1,1,1,1,1,1,1,1,1,1,1,1,1,1,1,1,1,1,1,1,1,1,1,1,1,1,1,1,1,1,1,1,1,1,1,0
2026-07-31 16:00:00,46.26110935,0,0,0,0,0,0,0.058225,1.92606833333333,5.90621,7.67082166666667,5.75850166666667,4.443635,3.99578166666667,3.91045333333333,4.25078,3.513845,1.124895,0.654418333333333,0.390735,0.300146666666667,0.266876666666667,0.277118333333333,0.238651666666667,0.190305,0.13352,0.0943266666666667,0.09838,0.0760216666666667,0.0774533333333333,0.0764083333333333,0.05957,0.0607316666666667,0.0522,0.0455666666666667,0.04538,0.0421916666666667,0.034715,0.0302016666666667,0.03009,0.0289166666666667,0.0220233333333333,0.019845,0.0138683333333333,0.0113933333333333,0.009,0.0123966666666667,0.00966666666666667,0.00806333333333333,0.00399333333333333,0.00582333333333333,0.00518166666666667,0.00503666666666667,0.00406,0.00370666666666667,0.00306333333333333,0.002315,0.00332666666666667,0.00086,0.00103166666666667,0.000678333333333333,0.00128,0.001275,0.000811666666666667,0.000423333333333333,0.00046,0.000705,0.000138333333333333,0.001235,0.000851666666666667,0.000415,0.00016,0.000751666666666667,0.000253333333333333,0.000273333333333333,0.000293333333333333,0.000313333333333333,0.000333333333333333,0.0001,0,1,0,0,0,0,0,0,1,1,1,1,1,1,1,1,1,1,1,1,1,1,1,1,1,1,1,1,1,1,1,1,1,1,1,1,1,1,1,1,1,1,1,1,1,1,1,1,1,1,1,1,1,1,1,1,1,1,1,1,1,1,1,1,1,1,1,1,1,1,1,1,1,1,1,1,1,1,1,1,0
2026-07-31 17:00:00,207.227595783333,0,0,0,0,0,0,0.215048333333333,7.51488166666667,23.4341083333333,32.7486216666667,27.7900833333333,23.1458233333333,20.9316916666667,19.9624533333333,18.8727916666667,15.6502416666667,6.25895833333333,2.930385,1.58470166666667,1.134255,0.948938333333333,0.888843333333333,0.833913333333333,0.603106666666667,0.379671666666667,0.24685,0.174441666666667,0.137145,0.104638333333333,0.09165,0.0786233333333333,0.0646116666666667,0.0598933333333333,0.0608133333333333,0.0474633333333333,0.0492783333333333,0.0414133333333333,0.0397133333333333,0.0341533333333333,0.0253766666666667,0.0260483333333333,0.0158183333333333,0.0172133333333333,0.0134216666666667,0.0107633333333333,0.00681166666666667,0.00781,0.00837,0.004555,0.003265,0.00384,0.00417,0.002835,0.003645,0.00289666666666667,0.001955,0.00169166666666667,0.000373333333333333,0.00264333333333333,0.001685,0.00128,0.000748333333333333,0.000101666666666667,0.000846666666666667,0.000421666666666667,0.001265,0,0.000838333333333333,0.000416666666666667,0.000588333333333333,0.00106666666666667,0.00052,0.000316666666666667,0.00034,0.000365,0.000391666666666667,0.000418333333333333,0.000123333333333333,0,1,0,0,0,0,0,0,1,1,1,1,1,1,1,1,1,1,1,1,1,1,1,1,1,1,1,1,1,1,1,1,1,1,1,1,1,1,1,1,1,1,1,1,1,1,1,1,1,1,1,1,1,1,1,1,1,1,1,1,1,1,1,1,1,1,1,1,1,1,1,1,1,1,1,1,1,1,1,1,0
2026-07-31 18:00:00,74.73483755,0,0,0,0,0,0,0.0864016666666667,2.96386166666667,8.84984166666667,11.6596366666667,9.51411,7.50448833333333,6.861735,6.97619166666667,7.45444333333333,6.21605333333333,2.19478666666667,1.11859,0.698055,0.49152,0.452801666666667,0.421565,0.387363333333333,0.29083,0.22378,0.14996,0.126448333333333,0.116976666666667,0.090115,0.0909916666666667,0.0669933333333333,0.0730083333333333,0.0569366666666667,0.0577966666666667,0.0501533333333333,0.0404033333333333,0.0472066666666667,0.0347766666666667,0.02796,0.0232516666666667,0.0219966666666667,0.0162116666666667,0.0162066666666667,0.0131333333333333,0.01188,0.0079,0.00693,0.00812,0.00897833333333333,0.00576,0.004085,0.00296333333333333,0.00326666666666667,0.00314333333333333,0.00133,0.00352,0.00194833333333333,0.00269666666666667,0.00023,0.00068,0.00147,0.00141,0.000951666666666667,0.000423333333333333,0,0,0.00084,0.001255,0.00125,0.000415,0,0.0000433333333333333,0.000126666666666667,0.000136666666666667,0.000146666666666667,0.000156666666666667,0.000166666666666667,0.00005,0,1,0,0,0,0,0,0,1,1,1,1,1,1,1,1,1,1,1,1,1,1,1,1,1,1,1,1,1,1,1,1,1,1,1,1,1,1,1,1,1,1,1,1,1,1,1,1,1,1,1,1,1,1,1,1,1,1,1,1,1,1,1,1,1,1,1,1,1,1,1,1,1,1,1,1,1,1,1,1,0
2026-07-31 19:00:00,67.2531711666667,0,0,0,0,0,0,0.073665,2.58158666666667,7.75594833333333,10.09554,8.35865833333333,6.57502333333333,6.09509166666667,6.33074333333333,6.814415,5.71229833333333,1.883755,1.04125,0.591071666666667,0.45553,0.397301666666667,0.393968333333333,0.376078333333333,0.29082,0.200345,0.125615,0.12416,0.11525,0.09794,0.0891716666666667,0.0779933333333333,0.0717466666666667,0.0731733333333333,0.0564516666666667,0.0607016666666667,0.0448533333333333,0.0409866666666667,0.0392033333333333,0.0299266666666667,0.0203183333333333,0.0202516666666667,0.0174533333333333,0.015715,0.00974333333333333,0.0093,0.00870166666666667,0.00701,0.00694166666666667,0.00598166666666667,0.00543166666666667,0.00550833333333333,0.00303333333333333,0.00151666666666667,0.00262333333333333,0.00309166666666667,0.00185166666666667,0.00126166666666667,0.000858333333333333,0.00103166666666667,0.00196166666666667,0.00170666666666667,0,0.00123666666666667,0.001655,0.00219,0.000843333333333333,0.00126,0.000418333333333333,0.00064,0.000608333333333333,0.000413333333333333,0.0000433333333333333,0.000126666666666667,0.000136666666666667,0.000146666666666667,0.000156666666666667,0.000166666666666667,0.00005,0,1,0,0,0,0,0,0,1,1,1,1,1,1,1,1,1,1,1,1,1,1,1,1,1,1,1,1,1,1,1,1,1,1,1,1,1,1,1,1,1,1,1,1,1,1,1,1,1,1,1,1,1,1,1,1,1,1,1,1,1,1,1,1,1,1,1,1,1,1,1,1,1,1,1,1,1,1,1,1,0
2026-07-31 20:00:00,86.8762932666667,0,0,0,0,0,0,0.0904233333333333,3.48937166666667,10.5489816666667,13.883835,11.1193833333333,8.693495,7.81466833333333,7.79501333333333,8.145475,6.578855,2.45297666666667,1.32042833333333,0.706118333333333,0.569435,0.48628,0.51374,0.470621666666667,0.344278333333333,0.261371666666667,0.192363333333333,0.170863333333333,0.143158333333333,0.122201666666667,0.120798333333333,0.100776666666667,0.0983066666666667,0.078775,0.0661733333333333,0.06601,0.0568716666666667,0.0512833333333333,0.0417433333333333,0.0369866666666667,0.0339283333333333,0.0248416666666667,0.0181633333333333,0.0168366666666667,0.0169616666666667,0.0138033333333333,0.0120566666666667,0.0104116666666667,0.0105633333333333,0.00763666666666667,0.00637833333333333,0.00336333333333333,0.00296333333333333,0.00552166666666667,0.00471166666666667,0.00266,0.000561666666666667,0.00134666666666667,0.00206333333333333,0.00299833333333333,0.00299333333333333,0.00166,0.000796666666666667,0.00133833333333333,0.00211666666666667,0.00123166666666667,0.00120166666666667,0.000558333333333333,0.000836666666666667,0.00125,0,0.000826666666666667,0.000541666666666667,0.00038,0.000408333333333333,0.000438333333333333,0.00047,0.000501666666666667,0.000148333333333333,0,1,0,0,0,0,0,0,1,1,1,1,1,1,1,1,1,1,1,1,1,1,1,1,1,1,1,1,1,1,1,1,1,1,1,1,1,1,1,1,1,1,1,1,1,1,1,1,1,1,1,1,1,1,1,1,1,1,1,1,1,1,1,1,1,1,1,1,1,1,1,1,1,1,1,1,1,1,1,1,0
2026-07-31 21:00:00,86.5242543928571,0,0,0,0,0,0,0.0894535714285714,3.54097142857143,10.9037964285714,14.0885303571429,11.4559017857143,8.94805714285714,7.91054821428571,7.76408928571429,7.735525,5.85288214285714,2.26700714285714,1.20784107142857,0.644992857142857,0.477296428571429,0.464314285714286,0.508353571428571,0.476,0.396257142857143,0.242932142857143,0.184425,0.185217857142857,0.173508928571429,0.141214285714286,0.133760714285714,0.116592857142857,0.129605357142857,0.100735714285714,0.0964446428571429,0.0874982142857143,0.0772678571428571,0.0615178571428571,0.047775,0.0392446428571429,0.0281375,0.0299178571428571,0.0266214285714286,0.0230142857142857,0.0145053571428571,0.01775,0.0172696428571429,0.00982678571428571,0.0132642857142857,0.0100178571428571,0.00640178571428571,0.00878392857142857,0.00798214285714286,0.00380178571428571,0.00413214285714286,0.00363392857142857,0.00523571428571429,0.00138214285714286,0.00126071428571429,0.00195357142857143,0.000916071428571429,0.00132142857142857,0.00187321428571429,0.000455357142857143,0.000453571428571429,0.00156785714285714,0.00265535714285714,0.000746428571428571,0,0.000446428571428571,0,0,0.0004875,0.000135714285714286,0.000146428571428571,0.000157142857142857,0.000167857142857143,0.000178571428571429,0.0000535714285714286,0,1,0,0,0,0,0,0,1,1,1,1,1,1,1,1,1,1,1,1,1,1,1,1,1,1,1,1,1,1,1,1,1,1,1,1,1,1,1,1,1,1,1,1,1,1,1,1,1,1,1,1,1,1,1,1,1,1,1,1,1,1,1,1,1,1,1,1,1,1,1,1,1,1,1,1,1,1,1,1,0
2026-07-31 22:00:00,80.8840688793103,0,0,0,0,0,0,0.0927896551724138,3.45566724137931,10.4221672413793,13.5182465517241,10.5403568965517,8.34277586206897,7.55465862068966,7.44579827586207,7.01718793103448,4.96845344827586,1.78529310344828,0.974975862068965,0.555510344827586,0.453941379310345,0.439286206896552,0.46713275862069,0.399439655172414,0.339027586206897,0.234234482758621,0.178181034482759,0.176848275862069,0.157808620689655,0.161351724137931,0.147224137931034,0.11825,0.13988275862069,0.101341379310345,0.101544827586207,0.109010344827586,0.0914879310344828,0.0745551724137931,0.0543534482758621,0.0381637931034483,0.0337206896551724,0.0275379310344828,0.0303948275862069,0.0154758620689655,0.0162258620689655,0.0155413793103448,0.0169534482758621,0.0111362068965517,0.0103137931034483,0.00731896551724138,0.00713275862068966,0.00751724137931034,0.0065551724137931,0.00705,0.00487413793103448,0.00447931034482759,0.00374827586206897,0.00388448275862069,0.00296724137931034,0.00111379310344828,0.00265344827586207,0.00196206896551724,0.00256724137931034,0.000755172413793103,0.00175172413793103,0.000358620689655172,0.000806896551724138,0.00101206896551724,0.000844827586206897,0.00045,0.000429310344827586,0.000427586206896552,0,0,0,0,0,0,0,0,1,0,0,0,0,0,0,1,1,1,1,1,1,1,1,1,1,1,1,1,1,1,1,1,1,1,1,1,1,1,1,1,1,1,1,1,1,1,1,1,1,1,1,1,1,1,1,1,1,1,1,1,1,1,1,1,1,1,1,1,1,1,1,1,1,1,1,1,1,1,1,1,1,1,1,1,1,1,1,0
2026-07-31 23:00:00,74.40797315,0,0,0,0,0,0,0.083795,3.13513666666667,9.72531,12.2380233333333,9.74505166666667,7.63042833333333,6.99566666666667,7.02407166666667,6.60999,4.6296,1.61480166666667,0.880616666666667,0.552205,0.40148,0.402571666666667,0.433286666666667,0.398893333333333,0.299111666666667,0.256605,0.173231666666667,0.169471666666667,0.167055,0.138218333333333,0.149815,0.12124,0.129161666666667,0.109068333333333,0.105113333333333,0.0887433333333333,0.0876133333333333,0.0699983333333333,0.06197,0.0468416666666667,0.0348833333333333,0.0291116666666667,0.0218433333333333,0.0196,0.0143516666666667,0.0118883333333333,0.01023,0.0134433333333333,0.0103483333333333,0.00552833333333333,0.00511166666666667,0.00670666666666667,0.00417,0.00506333333333333,0.00339833333333333,0.00398666666666667,0.00273666666666667,0.00361166666666667,0.00229333333333333,0.00268,0.000855,0.00166,0.000898333333333333,0.00119833333333333,0.00130833333333333,0.00123,0.00190666666666667,0.000985,0.000131666666666667,0,0,0,0.000065,0.00019,0.000205,0.00022,0.000235,0.00025,0.000075,0,1,0,0,0,0,0,0,1,1,1,1,1,1,1,1,1,1,1,1,1,1,1,1,1,1,1,1,1,1,1,1,1,1,1,1,1,1,1,1,1,1,1,1,1,1,1,1,1,1,1,1,1,1,1,1,1,1,1,1,1,1,1,1,1,1,1,1,1,1,1,1,1,1,1,1,1,1,1,1,0
