"datetime","Total_Particle_concentration","0.103730_um","0.111469_um","0.119786_um","0.128723_um","0.138327_um","0.148647_um","0.159737_um","0.171655_um","0.184462_um","0.198224_um","0.213013_um","0.228905_um","0.245984_um","0.264336_um","0.284057_um","0.305250_um","0.328024_um","0.352497_um","0.378797_um","0.407058_um","0.437427_um","0.470063_um","0.505133_um","0.542820_um","0.583319_um","0.626839_um","0.673606_um","0.723862_um","0.777868_um","0.835903_um","0.898268_um","0.965286_um","1.037304_um","1.114695_um","1.197860_um","1.287230_um","1.383267_um","1.486470_um","1.597372_um","1.716548_um","1.844616_um","1.982239_um","2.130130_um","2.289054_um","2.459835_um","2.643358_um","2.840573_um","3.052502_um","3.280243_um","3.524975_um","3.787966_um","4.070578_um","4.374274_um","4.700629_um","5.051333_um","5.428202_um","5.833189_um","6.268390_um","6.736061_um","7.238624_um","7.778682_um","8.359033_um","8.982682_um","9.652861_um","10.373039_um","11.146949_um","11.978599_um","12.872296_um","13.832670_um","14.864696_um","15.973718_um","17.165483_um","18.446161_um","19.822390_um","21.301296_um","22.890539_um","24.598352_um","26.433582_um","0.000000_um","qc_flag_Total_Particle_concentration","qc_flag_0.103730_um","qc_flag_0.111469_um","qc_flag_0.119786_um","qc_flag_0.128723_um","qc_flag_0.138327_um","qc_flag_0.148647_um","qc_flag_0.159737_um","qc_flag_0.171655_um","qc_flag_0.184462_um","qc_flag_0.198224_um","qc_flag_0.213013_um","qc_flag_0.228905_um","qc_flag_0.245984_um","qc_flag_0.264336_um","qc_flag_0.284057_um","qc_flag_0.305250_um","qc_flag_0.328024_um","qc_flag_0.352497_um","qc_flag_0.378797_um","qc_flag_0.407058_um","qc_flag_0.437427_um","qc_flag_0.470063_um","qc_flag_0.505133_um","qc_flag_0.542820_um","qc_flag_0.583319_um","qc_flag_0.626839_um","qc_flag_0.673606_um","qc_flag_0.723862_um","qc_flag_0.777868_um","qc_flag_0.835903_um","qc_flag_0.898268_um","qc_flag_0.965286_um","qc_flag_1.037304_um","qc_flag_1.114695_um","qc_flag_1.197860_um","qc_flag_1.287230_um","qc_flag_1.383267_um","qc_flag_1.486470_um","qc_flag_1.597372_um","qc_flag_1.716548_um","qc_flag_1.844616_um","qc_flag_1.982239_um","qc_flag_2.130130_um","qc_flag_2.289054_um","qc_flag_2.459835_um","qc_flag_2.643358_um","qc_flag_2.840573_um","qc_flag_3.052502_um","qc_flag_3.280243_um","qc_flag_3.524975_um","qc_flag_3.787966_um","qc_flag_4.070578_um","qc_flag_4.374274_um","qc_flag_4.700629_um","qc_flag_5.051333_um","qc_flag_5.428202_um","qc_flag_5.833189_um","qc_flag_6.268390_um","qc_flag_6.736061_um","qc_flag_7.238624_um","qc_flag_7.778682_um","qc_flag_8.359033_um","qc_flag_8.982682_um","qc_flag_9.652861_um","qc_flag_10.373039_um","qc_flag_11.146949_um","qc_flag_11.978599_um","qc_flag_12.872296_um","qc_flag_13.832670_um","qc_flag_14.864696_um","qc_flag_15.973718_um","qc_flag_17.165483_um","qc_flag_18.446161_um","qc_flag_19.822390_um","qc_flag_21.301296_um","qc_flag_22.890539_um","qc_flag_24.598352_um","qc_flag_26.433582_um","qc_flag_0.000000_um"
2026-06-01,72.5954080166667,0,0,0,0,0,0,0.0208966666666667,1.762875,9.67912333333333,15.51833,12.2870666666667,8.48773333333333,6.29679666666667,4.901825,3.66254,1.82323,0.723958333333333,0.476001666666667,0.435165,0.433613333333333,0.404025,0.470166666666667,0.49312,0.447123333333333,0.405321666666667,0.383735,0.352003333333333,0.338621666666667,0.322838333333333,0.292585,0.248478333333333,0.261865,0.248218333333333,0.199403333333333,0.190738333333333,0.164608333333333,0.137236666666667,0.113928333333333,0.07789,0.062115,0.0369116666666667,0.0323483333333333,0.0243466666666667,0.027765,0.0156466666666667,0.0137783333333333,0.0104783333333333,0.0129216666666667,0.0110033333333333,0.00520666666666667,0.00844333333333333,0.00544833333333333,0.00259,0.00153166666666667,0.00274833333333333,0.00483666666666667,0.000171666666666667,0.000631666666666667,0.00108666666666667,0.00238666666666667,0.00341333333333333,0,0,0.000385,0.0000383333333333333,0,0,0,0,0,0,0,0,0,0,0,0,0,0,1,0,0,0,0,0,0,1,1,1,1,1,1,1,1,1,1,1,1,1,1,1,1,1,1,1,1,1,1,1,1,1,1,1,1,1,1,1,1,1,1,1,1,1,1,1,1,1,1,1,1,1,1,1,1,1,1,1,1,1,1,1,1,1,1,1,1,1,1,1,1,1,1,1,1,1,1,1,1,0
2026-06-01 01:00:00,56.3669569666667,0,0,0,0,0,0,0.0134233333333333,1.40893166666667,7.67769,12.128655,9.38566666666667,6.28009333333333,4.65524166666667,3.51900166666667,2.82405333333333,1.47015833333333,0.63441,0.430531666666667,0.399133333333333,0.422306666666667,0.425451666666667,0.442906666666667,0.444128333333333,0.382246666666667,0.379825,0.35931,0.346946666666667,0.314165,0.30329,0.2815,0.239095,0.243783333333333,0.207208333333333,0.17606,0.153981666666667,0.131253333333333,0.113565,0.0973016666666667,0.0757366666666667,0.05692,0.0431516666666667,0.0388316666666667,0.02831,0.01724,0.0215833333333333,0.0166883333333333,0.010625,0.00913,0.007385,0.00640833333333333,0.00501333333333333,0.00296333333333333,0.00465666666666667,0.00186666666666667,0.00205166666666667,0.000103333333333333,0.00129,0.00043,0.00171333333333333,0,0.000426666666666667,0,0.000425,0,0,0.000421666666666667,0,0,0.000223333333333333,0.000193333333333333,0,0,0,0,0,0,0,0,0,1,0,0,0,0,0,0,1,1,1,1,1,1,1,1,1,1,1,1,1,1,1,1,1,1,1,1,1,1,1,1,1,1,1,1,1,1,1,1,1,1,1,1,1,1,1,1,1,1,1,1,1,1,1,1,1,1,1,1,1,1,1,1,1,1,1,1,1,1,1,1,1,1,1,1,1,1,1,1,0
2026-06-01 02:00:00,63.9047032,0,0,0,0,0,0,0.0156366666666667,1.588945,8.51323333333333,13.1157666666667,10.423115,7.481135,5.48961833333333,4.295245,3.44419166666667,1.69847666666667,0.697573333333333,0.47915,0.408865,0.42211,0.449435,0.452661666666667,0.471616666666667,0.429425,0.382651666666667,0.341158333333333,0.358215,0.32384,0.306133333333333,0.282491666666667,0.238801666666667,0.24798,0.195188333333333,0.182285,0.161108333333333,0.122311666666667,0.117635,0.0860233333333333,0.0625216666666667,0.0512533333333333,0.0401783333333333,0.0328233333333333,0.026515,0.022625,0.0148166666666667,0.01346,0.0118,0.00897,0.00600666666666667,0.006605,0.00879333333333333,0.00542333333333333,0.00458666666666667,0.00271166666666667,0.00219333333333333,0.0018,0.00212166666666667,0.000803333333333333,0.000055,0.000426666666666667,0.000426666666666667,0.000425,0.000425,0.000423333333333333,0,0,0,0,0,0,0,0,0,0,0,0,0,0,0,1,0,0,0,0,0,0,1,1,1,1,1,1,1,1,1,1,1,1,1,1,1,1,1,1,1,1,1,1,1,1,1,1,1,1,1,1,1,1,1,1,1,1,1,1,1,1,1,1,1,1,1,1,1,1,1,1,1,1,1,1,1,1,1,1,1,1,1,1,1,1,1,1,1,1,1,1,1,1,0
2026-06-01 03:00:00,64.33357315,0,0,0,0,0,0,0.0164266666666667,1.40227166666667,7.62266166666667,12.383985,10.3727283333333,7.938605,6.25016333333333,4.79754,3.77950833333333,1.89690166666667,0.762383333333333,0.492093333333333,0.42233,0.389085,0.412918333333333,0.462995,0.473305,0.423981666666667,0.392598333333333,0.361456666666667,0.331426666666667,0.321168333333333,0.271161666666667,0.283805,0.246673333333333,0.237231666666667,0.210591666666667,0.173821666666667,0.153145,0.136033333333333,0.104336666666667,0.0821233333333333,0.0560566666666667,0.0449616666666667,0.0338483333333333,0.02693,0.02414,0.0183066666666667,0.0135016666666667,0.0135716666666667,0.00735,0.00875333333333333,0.00588166666666667,0.00715,0.003405,0.00168666666666667,0.00413,0.00219166666666667,0.00228166666666667,0.00137,0.00126166666666667,0,0.000856666666666667,0.000426666666666667,0,0.000425,0.000811666666666667,0.000461666666666667,0,0.000421666666666667,0,0.000398333333333333,0.0000183333333333333,0,0,0.0000433333333333333,0.000126666666666667,0.000136666666666667,0.000146666666666667,0.000156666666666667,0.000166666666666667,0.00005,0,1,0,0,0,0,0,0,1,1,1,1,1,1,1,1,1,1,1,1,1,1,1,1,1,1,1,1,1,1,1,1,1,1,1,1,1,1,1,1,1,1,1,1,1,1,1,1,1,1,1,1,1,1,1,1,1,1,1,1,1,1,1,1,1,1,1,1,1,1,1,1,1,1,1,1,1,1,1,1,0
2026-06-01 04:00:00,60.9973882333333,0,0,0,0,0,0,0.016105,1.26793666666667,6.887485,11.5012533333333,9.76694833333333,7.55910833333333,5.78949333333333,4.46675333333333,3.56363333333333,1.857045,0.743083333333333,0.537503333333333,0.445086666666667,0.419781666666667,0.441033333333333,0.484138333333333,0.489765,0.459998333333333,0.422833333333333,0.375051666666667,0.337771666666667,0.34096,0.314081666666667,0.293375,0.27347,0.264371666666667,0.22296,0.199021666666667,0.168718333333333,0.141751666666667,0.10485,0.0813683333333333,0.06437,0.0501816666666667,0.0382116666666667,0.029535,0.0258216666666667,0.0148166666666667,0.01718,0.010035,0.006865,0.00880833333333333,0.00848333333333333,0.00188,0.00691,0.002095,0.002615,0.000775,0.000466666666666667,0.00183,0.000803333333333333,0.00166,0.000055,0.000428333333333333,0.00019,0.000661666666666667,0.000386666666666667,0.0000383333333333333,0,0,0.00042,0.000418333333333333,0,0,0,0,0,0,0,0,0,0,0,1,0,0,0,0,0,0,1,1,1,1,1,1,1,1,1,1,1,1,1,1,1,1,1,1,1,1,1,1,1,1,1,1,1,1,1,1,1,1,1,1,1,1,1,1,1,1,1,1,1,1,1,1,1,1,1,1,1,1,1,1,1,1,1,1,1,1,1,1,1,1,1,1,1,1,1,1,1,1,0
2026-06-01 05:00:00,66.8365999333333,0,0,0,0,0,0,0.014475,1.27186,7.24890666666667,12.6792216666667,11.0129733333333,8.49286333333333,6.44797666666667,5.09548,4.15692166666667,2.27528,0.902978333333333,0.60209,0.506316666666667,0.460856666666667,0.479816666666667,0.535308333333333,0.52105,0.488,0.425263333333333,0.386531666666667,0.368046666666667,0.368728333333333,0.304866666666667,0.335145,0.287231666666667,0.283843333333333,0.244576666666667,0.204988333333333,0.178485,0.159783333333333,0.128581666666667,0.109163333333333,0.07416,0.058305,0.04478,0.03737,0.0292233333333333,0.0188366666666667,0.021865,0.0143633333333333,0.0121366666666667,0.0114666666666667,0.011105,0.00869333333333333,0.00288833333333333,0.00342,0.00204166666666667,0.00221,0.00170833333333333,0.000991666666666667,0.00212166666666667,0.00043,0.000856666666666667,0,0.00019,0.00056,0.000101666666666667,0,0,0,0.00042,0,0,0,0,0,0,0,0,0,0,0,0,1,0,0,0,0,0,0,1,1,1,1,1,1,1,1,1,1,1,1,1,1,1,1,1,1,1,1,1,1,1,1,1,1,1,1,1,1,1,1,1,1,1,1,1,1,1,1,1,1,1,1,1,1,1,1,1,1,1,1,1,1,1,1,1,1,1,1,1,1,1,1,1,1,1,1,1,1,1,1,0
2026-06-01 06:00:00,76.5260979666667,0,0,0,0,0,0,0.0121983333333333,1.47965166666667,8.81178166666667,15.5986466666667,13.45998,9.53764166666667,6.79495166666667,4.95479,3.80677333333333,2.09061166666667,0.812025,0.591168333333333,0.490708333333333,0.486053333333333,0.517665,0.565453333333333,0.571181666666667,0.525428333333333,0.47082,0.467983333333333,0.416356666666667,0.427396666666667,0.379478333333333,0.390665,0.34203,0.336236666666667,0.28748,0.2451,0.210845,0.19386,0.146018333333333,0.133461666666667,0.107575,0.0776616666666667,0.0696,0.04834,0.0403766666666667,0.0280066666666667,0.0200983333333333,0.017255,0.018585,0.0108166666666667,0.009065,0.00928166666666667,0.00753333333333333,0.00587833333333333,0.00252,0.001435,0.00296666666666667,0.00223,0.00169166666666667,0.000803333333333333,0.000658333333333333,0.00153166666666667,0.000853333333333333,0.00107166666666667,0.000203333333333333,0.000385,0.0000383333333333333,0.000421666666666667,0,0,0,0.000415,0,0.0000433333333333333,0.000126666666666667,0.000136666666666667,0.000146666666666667,0.000156666666666667,0.000166666666666667,0.00005,0,1,0,0,0,0,0,0,1,1,1,1,1,1,1,1,1,1,1,1,1,1,1,1,1,1,1,1,1,1,1,1,1,1,1,1,1,1,1,1,1,1,1,1,1,1,1,1,1,1,1,1,1,1,1,1,1,1,1,1,1,1,1,1,1,1,1,1,1,1,1,1,1,1,1,1,1,1,1,1,0
2026-06-01 07:00:00,83.6501782666667,0,0,0,0,0,0,0.020575,1.76496666666667,10.4998483333333,18.3635416666667,15.1441983333333,10.4343133333333,7.12819666666667,4.98751833333333,3.59435833333333,1.79912333333333,0.752135,0.615631666666667,0.534216666666667,0.49102,0.574605,0.619686666666667,0.620463333333333,0.583475,0.526785,0.479775,0.464418333333333,0.458066666666667,0.419723333333333,0.410878333333333,0.352781666666667,0.368898333333333,0.314285,0.288443333333333,0.2286,0.215116666666667,0.161226666666667,0.12716,0.104268333333333,0.0776433333333333,0.07016,0.0538383333333333,0.0442216666666667,0.03246,0.0253433333333333,0.0173583333333333,0.020975,0.01689,0.0129933333333333,0.00858166666666667,0.0126533333333333,0.007905,0.00696666666666667,0.003335,0.00309,0.00282666666666667,0.00407166666666667,0.00249333333333333,0.00283166666666667,0.00118333333333333,0,0.00234666666666667,0.001015,0.00127,0.000461666666666667,0.000705,0.000558333333333333,0,0,0.000415,0,0.000411666666666667,0,0,0,0,0,0,0,1,0,0,0,0,0,0,1,1,1,1,1,1,1,1,1,1,1,1,1,1,1,1,1,1,1,1,1,1,1,1,1,1,1,1,1,1,1,1,1,1,1,1,1,1,1,1,1,1,1,1,1,1,1,1,1,1,1,1,1,1,1,1,1,1,1,1,1,1,1,1,1,1,1,1,1,1,1,1,0
2026-06-01 08:00:00,88.5289406666667,0,0,0,0,0,0,0.01737,1.99009833333333,11.4580483333333,19.4064566666667,16.0045466666667,10.9329766666667,7.5952,5.419225,3.76369833333333,1.86647833333333,0.86845,0.664385,0.525451666666667,0.544066666666667,0.556256666666667,0.646798333333333,0.640645,0.602641666666667,0.56723,0.508543333333333,0.463898333333333,0.468958333333333,0.411585,0.405288333333333,0.366943333333333,0.343151666666667,0.319181666666667,0.278875,0.244308333333333,0.214211666666667,0.16878,0.132035,0.113493333333333,0.0877083333333333,0.0636033333333333,0.0523833333333333,0.047305,0.027015,0.0301966666666667,0.0227166666666667,0.0153833333333333,0.01866,0.0158383333333333,0.0137416666666667,0.0134966666666667,0.006265,0.00463333333333333,0.005125,0.00388333333333333,0.00246666666666667,0.00200666666666667,0.000516666666666667,0.00214166666666667,0.00128333333333333,0.00104333333333333,0.000985,0.000101666666666667,0.000846666666666667,0,0.000421666666666667,0.00141666666666667,0.0011,0,0,0,0.0000216666666666667,0.0000633333333333333,0.0000683333333333333,0.0000733333333333333,0.0000783333333333333,0.0000833333333333333,0.000025,0,1,0,0,0,0,0,0,1,1,1,1,1,1,1,1,1,1,1,1,1,1,1,1,1,1,1,1,1,1,1,1,1,1,1,1,1,1,1,1,1,1,1,1,1,1,1,1,1,1,1,1,1,1,1,1,1,1,1,1,1,1,1,1,1,1,1,1,1,1,1,1,1,1,1,1,1,1,1,1,0
2026-06-01 09:00:00,85.6946079,0,0,0,0,0,0,0.02067,2.105325,11.6596416666667,18.9758766666667,15.1466383333333,10.7741533333333,7.997025,6.02380666666667,2.90316333333333,1.14795,0.741921666666667,0.556021666666667,0.488911666666667,0.498785,0.537646666666667,0.585408333333333,0.609885,0.533326666666667,0.48614,0.43837,0.387686666666667,0.39345,0.353596666666667,0.361646666666667,0.310101666666667,0.30984,0.265185,0.257173333333333,0.212666666666667,0.180465,0.14111,0.108298333333333,0.0896216666666667,0.0628466666666667,0.0481833333333333,0.03974,0.025755,0.028095,0.02247,0.0186016666666667,0.0154733333333333,0.0126516666666667,0.0122416666666667,0.0105933333333333,0.00883166666666667,0.005515,0.00501833333333333,0.004085,0.002115,0.00182833333333333,0.00286666666666667,0.00341333333333333,0.000538333333333333,0.00128166666666667,0.00147,0.00290833333333333,0.00073,0,0.000346666666666667,0.000496666666666667,0,0.000398333333333333,0.00126833333333333,0.000588333333333333,0.00106666666666667,0.000476666666666667,0.00019,0.000205,0.00022,0.000235,0.00025,0.000075,0,1,0,0,0,0,0,0,1,1,1,1,1,1,1,1,1,1,1,1,1,1,1,1,1,1,1,1,1,1,1,1,1,1,1,1,1,1,1,1,1,1,1,1,1,1,1,1,1,1,1,1,1,1,1,1,1,1,1,1,1,1,1,1,1,1,1,1,1,1,1,1,1,1,1,1,1,1,1,1,0
2026-06-01 10:00:00,77.8493467333333,0,0,0,0,0,0,0.02161,1.80136166666667,9.853555,16.1738866666667,13.37799,10.0303533333333,7.81332166666667,6.27991666666667,3.54813333333333,1.28267333333333,0.655038333333333,0.444291666666667,0.37336,0.378095,0.417116666666667,0.508033333333333,0.486738333333333,0.410298333333333,0.37701,0.307366666666667,0.316678333333333,0.315061666666667,0.29469,0.292695,0.23571,0.248635,0.207293333333333,0.176386666666667,0.154731666666667,0.13608,0.11049,0.092335,0.06458,0.0446916666666667,0.0383283333333333,0.030885,0.022185,0.01718,0.0114883333333333,0.0160116666666667,0.0110566666666667,0.0118516666666667,0.009675,0.005595,0.00458,0.00376,0.00299833333333333,0.001435,0.00329333333333333,0.001445,0.000773333333333333,0.00304,0.001865,0.00203666666666667,0.00128,0.00159833333333333,0.000951666666666667,0,0.000768333333333333,0.000496666666666667,0,0.000398333333333333,0.000435,0.000415,0.000573333333333333,0.000318333333333333,0.00019,0.000205,0.00022,0.000235,0.00025,0.000075,0,1,0,0,0,0,0,0,1,1,1,1,1,1,1,1,1,1,1,1,1,1,1,1,1,1,1,1,1,1,1,1,1,1,1,1,1,1,1,1,1,1,1,1,1,1,1,1,1,1,1,1,1,1,1,1,1,1,1,1,1,1,1,1,1,1,1,1,1,1,1,1,1,1,1,1,1,1,1,1,0
2026-06-01 11:00:00,71.66550965,0,0,0,0,0,0,0.020685,1.688455,9.10395166666667,14.3419533333333,11.9585,9.38787333333333,7.63451333333333,6.52750666666667,3.93715666666667,1.39289166666667,0.652831666666667,0.402388333333333,0.31669,0.298203333333333,0.324473333333333,0.398955,0.398201666666667,0.310936666666667,0.28976,0.247101666666667,0.2557,0.25674,0.225613333333333,0.230151666666667,0.191928333333333,0.183995,0.173113333333333,0.15367,0.12768,0.104918333333333,0.08433,0.0694033333333333,0.052825,0.0386083333333333,0.0293583333333333,0.02298,0.022745,0.0167116666666667,0.0124666666666667,0.01089,0.00795,0.00830166666666667,0.00713333333333333,0.00451166666666667,0.00420833333333333,0.00212,0.00336,0.00316166666666667,0.000863333333333333,0.00220666666666667,0.000975,0.003095,0.00145,0.00170666666666667,0.000806666666666667,0.00132333333333333,0.00085,0,0.00119166666666667,0.000358333333333333,0.000138333333333333,0.001235,0.000435,0,0.000413333333333333,0.000866666666666667,0.000126666666666667,0.000136666666666667,0.000146666666666667,0.000156666666666667,0.000166666666666667,0.00005,0,1,0,0,0,0,0,0,1,1,1,1,1,1,1,1,1,1,1,1,1,1,1,1,1,1,1,1,1,1,1,1,1,1,1,1,1,1,1,1,1,1,1,1,1,1,1,1,1,1,1,1,1,1,1,1,1,1,1,1,1,1,1,1,1,1,1,1,1,1,1,1,1,1,1,1,1,1,1,1,0
2026-06-01 12:00:00,78.1763565166667,0,0,0,0,0,0,0.0349916666666667,2.08266833333333,10.5278733333333,15.8851933333333,12.88066,10.1883483333333,8.37642833333333,7.15522166666667,4.37692,1.22715833333333,0.631695,0.390495,0.312408333333333,0.25979,0.280691666666667,0.353406666666667,0.357246666666667,0.276461666666667,0.242966666666667,0.202973333333333,0.204773333333333,0.22146,0.1953,0.205378333333333,0.18099,0.164321666666667,0.138903333333333,0.122215,0.106693333333333,0.0987133333333333,0.08277,0.0647433333333333,0.052155,0.0387833333333333,0.0263883333333333,0.01926,0.0175983333333333,0.01525,0.0149,0.0126916666666667,0.0107683333333333,0.00917,0.00708666666666667,0.00555666666666667,0.00674833333333333,0.00291666666666667,0.003,0.00230666666666667,0.00321333333333333,0.00327833333333333,0.00324,0.00212166666666667,0.00157,0.001535,0.00128,0.000323333333333333,0.00133833333333333,0.001655,0.001345,0,0,0.000398333333333333,0.0000183333333333333,0,0.000413333333333333,0.000563333333333333,0.000443333333333333,0.000478333333333333,0.000513333333333333,0.000548333333333333,0.000583333333333333,0.000175,0,1,0,0,0,0,0,0,1,1,1,1,1,1,1,1,1,1,1,1,1,1,1,1,1,1,1,1,1,1,1,1,1,1,1,1,1,1,1,1,1,1,1,1,1,1,1,1,1,1,1,1,1,1,1,1,1,1,1,1,1,1,1,1,1,1,1,1,1,1,1,1,1,1,1,1,1,1,1,1,0
2026-06-01 13:00:00,82.9325401166667,0,0,0,0,0,0,0.0297916666666667,2.35929,11.6154,16.936895,13.61673,10.6585133333333,8.732535,7.36516,4.659465,1.388995,0.658513333333333,0.396851666666667,0.298656666666667,0.268823333333333,0.259606666666667,0.320216666666667,0.326435,0.252206666666667,0.224591666666667,0.188606666666667,0.198798333333333,0.214435,0.167168333333333,0.167163333333333,0.149073333333333,0.148071666666667,0.128241666666667,0.118695,0.102651666666667,0.09959,0.0797133333333333,0.0617833333333333,0.041395,0.0373383333333333,0.0249666666666667,0.0207333333333333,0.01669,0.0139716666666667,0.0145216666666667,0.00913333333333333,0.00773166666666667,0.00969666666666667,0.00600666666666667,0.007655,0.00722333333333333,0.004555,0.00944166666666667,0.00425,0.00426,0.00337833333333333,0.00286666666666667,0.00260666666666667,0.00108666666666667,0.00196,0.00170666666666667,0.00097,0.00192833333333333,0.0000766666666666667,0,0.000283333333333333,0.000846666666666667,0.00053,0.000241666666666667,0.00119666666666667,0.000653333333333333,0.000498333333333333,0.000253333333333333,0.000273333333333333,0.000293333333333333,0.000313333333333333,0.000333333333333333,0.0001,0,1,0,0,0,0,0,0,1,1,1,1,1,1,1,1,1,1,1,1,1,1,1,1,1,1,1,1,1,1,1,1,1,1,1,1,1,1,1,1,1,1,1,1,1,1,1,1,1,1,1,1,1,1,1,1,1,1,1,1,1,1,1,1,1,1,1,1,1,1,1,1,1,1,1,1,1,1,1,1,0
2026-06-01 14:00:00,108.48367125,0,0,0,0,0,0,0.035255,3.11660666666667,15.0126683333333,21.4449983333333,17.0150183333333,13.607685,11.677285,10.0871583333333,7.85945833333333,2.69072833333333,1.0095,0.561636666666667,0.371756666666667,0.338978333333333,0.349513333333333,0.399135,0.413103333333333,0.323275,0.29413,0.224611666666667,0.215733333333333,0.23245,0.205035,0.204173333333333,0.177591666666667,0.161058333333333,0.141015,0.136893333333333,0.1091,0.101131666666667,0.0887966666666667,0.0625566666666667,0.04699,0.0375466666666667,0.0327216666666667,0.0228983333333333,0.0195016666666667,0.01774,0.0128116666666667,0.0119083333333333,0.00715333333333333,0.008175,0.00672166666666667,0.00746833333333333,0.006255,0.00636,0.00208833333333333,0.00507333333333333,0.00293166666666667,0.00335333333333333,0.00266666666666667,0.00326166666666667,0.000428333333333333,0.00256333333333333,0.000426666666666667,0.000425,0.00085,0.000846666666666667,0.000421666666666667,0.000421666666666667,0,0.000418333333333333,0.000446666666666667,0.000386666666666667,0.000413333333333333,0.00091,0.000253333333333333,0.000273333333333333,0.000293333333333333,0.000313333333333333,0.000333333333333333,0.0001,0,1,0,0,0,0,0,0,1,1,1,1,1,1,1,1,1,1,1,1,1,1,1,1,1,1,1,1,1,1,1,1,1,1,1,1,1,1,1,1,1,1,1,1,1,1,1,1,1,1,1,1,1,1,1,1,1,1,1,1,1,1,1,1,1,1,1,1,1,1,1,1,1,1,1,1,1,1,1,1,0
2026-06-01 15:00:00,136.5245094,0,0,0,0,0,0,0.0456466666666667,4.04128,19.3225683333333,26.3469116666667,20.7429133333333,16.566805,14.290985,12.6505833333333,11.2276,3.97170166666667,1.45778833333333,0.78527,0.50337,0.400553333333333,0.370053333333333,0.373548333333333,0.429641666666667,0.326281666666667,0.281883333333333,0.225915,0.230035,0.231296666666667,0.213668333333333,0.196295,0.203296666666667,0.179388333333333,0.163206666666667,0.131926666666667,0.122001666666667,0.105853333333333,0.0925183333333333,0.0691966666666667,0.06285,0.0460933333333333,0.0294466666666667,0.02027,0.0202683333333333,0.0133216666666667,0.0160916666666667,0.00995833333333333,0.00701666666666667,0.00591,0.0115466666666667,0.00498666666666667,0.00514333333333333,0.00332833333333333,0.002905,0.00264166666666667,0.003435,0.00271166666666667,0.00126166666666667,0.00123166666666667,0.00176833333333333,0.00171,0.00128,0,0.00162333333333333,0.000923333333333333,0.00119333333333333,0.00078,0.000558333333333333,0,0.00064,0.000193333333333333,0.000413333333333333,0.0000433333333333333,0.000126666666666667,0.000136666666666667,0.000146666666666667,0.000156666666666667,0.000166666666666667,0.00005,0,1,0,0,0,0,0,0,1,1,1,1,1,1,1,1,1,1,1,1,1,1,1,1,1,1,1,1,1,1,1,1,1,1,1,1,1,1,1,1,1,1,1,1,1,1,1,1,1,1,1,1,1,1,1,1,1,1,1,1,1,1,1,1,1,1,1,1,1,1,1,1,1,1,1,1,1,1,1,1,0
2026-06-01 16:00:00,105.788958466667,0,0,0,0,0,0,0.0497483333333333,3.221965,15.1319916666667,19.8157466666667,15.4166316666667,12.3046083333333,10.9655,10.34478,9.70956666666667,2.91159166666667,1.23935833333333,0.687385,0.444858333333333,0.34297,0.299005,0.287913333333333,0.29702,0.206328333333333,0.181025,0.137853333333333,0.12382,0.143491666666667,0.119293333333333,0.122191666666667,0.111788333333333,0.0971766666666667,0.08654,0.0737316666666667,0.0686916666666667,0.05692,0.0460166666666667,0.0351016666666667,0.0215933333333333,0.0182366666666667,0.0126,0.0123433333333333,0.0111166666666667,0.00601166666666667,0.0103833333333333,0.00494666666666667,0.00613,0.00565333333333333,0.00466,0.00477333333333333,0.00488833333333333,0.00164,0.000933333333333333,0.00163833333333333,0.00127666666666667,0.00271166666666667,0.00169166666666667,0.000373333333333333,0.00108666666666667,0.00110666666666667,0.00147,0.000236666666666667,0.000425,0.000423333333333333,0.000843333333333333,0.000421666666666667,0.00042,0,0,0,0.000413333333333333,0,0,0,0,0,0,0,0,1,0,0,0,0,0,0,1,1,1,1,1,1,1,1,1,1,1,1,1,1,1,1,1,1,1,1,1,1,1,1,1,1,1,1,1,1,1,1,1,1,1,1,1,1,1,1,1,1,1,1,1,1,1,1,1,1,1,1,1,1,1,1,1,1,1,1,1,1,1,1,1,1,1,1,1,1,1,1,0
2026-06-01 17:00:00,95.1538453333333,0,0,0,0,0,0,0.0352466666666667,2.75879166666667,13.06791,17.2230766666667,13.26396,11.0317,10.3569233333333,10.0341866666667,9.76459166666667,2.86239333333333,1.29372,0.671291666666667,0.38085,0.315043333333333,0.282761666666667,0.259103333333333,0.234111666666667,0.176618333333333,0.127941666666667,0.106468333333333,0.104586666666667,0.0957166666666667,0.08875,0.0830483333333333,0.0822683333333333,0.0576466666666667,0.0619866666666667,0.0464566666666667,0.0382483333333333,0.0376066666666667,0.0340333333333333,0.022055,0.0189083333333333,0.0146533333333333,0.012155,0.00796833333333333,0.008015,0.00672333333333333,0.0102233333333333,0.00539,0.00411,0.00440666666666667,0.00417333333333333,0.005165,0.00406333333333333,0.00166333333333333,0.003,0.00221833333333333,0.002115,0.00185666666666667,0.00180666666666667,0.000631666666666667,0.00134,0.000426666666666667,0.000426666666666667,0.000748333333333333,0.000101666666666667,0.000385,0.0000383333333333333,0,0,0,0.000416666666666667,0.000415,0.00016,0.000686666666666667,0.0000633333333333333,0.0000683333333333333,0.0000733333333333333,0.0000783333333333333,0.0000833333333333333,0.000025,0,1,0,0,0,0,0,0,1,1,1,1,1,1,1,1,1,1,1,1,1,1,1,1,1,1,1,1,1,1,1,1,1,1,1,1,1,1,1,1,1,1,1,1,1,1,1,1,1,1,1,1,1,1,1,1,1,1,1,1,1,1,1,1,1,1,1,1,1,1,1,1,1,1,1,1,1,1,1,1,0
2026-06-01 18:00:00,68.6714950166667,0,0,0,0,0,0,0.0260733333333333,2.07614,9.712165,12.904145,9.8382,7.89706666666667,7.340415,6.9982,6.779025,2.24549166666667,0.947235,0.508913333333333,0.316791666666667,0.228201666666667,0.207973333333333,0.210731666666667,0.18539,0.11553,0.092605,0.0653766666666667,0.0562616666666667,0.0567783333333333,0.0442416666666667,0.042215,0.0328016666666667,0.0324083333333333,0.0309416666666667,0.0260666666666667,0.0232033333333333,0.0168266666666667,0.0129666666666667,0.0117133333333333,0.00671833333333333,0.00555666666666667,0.00405666666666667,0.00561666666666667,0.003505,0.00634833333333333,0.00332166666666667,0.003285,0.00129666666666667,0.00423833333333333,0.00326333333333333,0.00180166666666667,0.000846666666666667,0.00296333333333333,0.00084,0.000933333333333333,0.00172666666666667,0.00172,0.00129,0.00123166666666667,0.000055,0.000855,0.000426666666666667,0,0.000386666666666667,0.0000383333333333333,0,0.000421666666666667,0.00042,0,0.000416666666666667,0,0,0,0,0,0,0,0,0,0,1,0,0,0,0,0,0,1,1,1,1,1,1,1,1,1,1,1,1,1,1,1,1,1,1,1,1,1,1,1,1,1,1,1,1,1,1,1,1,1,1,1,1,1,1,1,1,1,1,1,1,1,1,1,1,1,1,1,1,1,1,1,1,1,1,1,1,1,1,1,1,1,1,1,1,1,1,1,1,0
2026-06-01 19:00:00,32.8943308833333,0,0,0,0,0,0,0.02127,1.02475166666667,4.82677166666667,6.358875,4.608415,3.46382,3.08697333333333,2.95485833333333,2.92877666666667,1.36990666666667,0.532383333333333,0.298571666666667,0.180763333333333,0.14591,0.12725,0.127648333333333,0.118768333333333,0.0843016666666667,0.0653983333333333,0.059345,0.0472033333333333,0.042825,0.0375033333333333,0.0378566666666667,0.03229,0.0311016666666667,0.0231766666666667,0.019895,0.0193,0.0213816666666667,0.0140316666666667,0.00801,0.00910833333333333,0.00948,0.00668333333333333,0.005385,0.00501166666666667,0.00728166666666667,0.00214666666666667,0.00523,0.00267166666666667,0.00362333333333333,0.0042,0.00506666666666667,0.00379833333333333,0.00291666666666667,0.00084,0.002915,0.000176666666666667,0.000888333333333333,0.000831666666666667,0.001605,0.000715,0.00110666666666667,0.000853333333333333,0,0.000811666666666667,0.000423333333333333,0.001305,0,0,0.000418333333333333,0,0,0,0.00091,0.000253333333333333,0.000273333333333333,0.000293333333333333,0.000313333333333333,0.000333333333333333,0.0001,0,1,0,0,0,0,0,0,1,1,1,1,1,1,1,1,1,1,1,1,1,1,1,1,1,1,1,1,1,1,1,1,1,1,1,1,1,1,1,1,1,1,1,1,1,1,1,1,1,1,1,1,1,1,1,1,1,1,1,1,1,1,1,1,1,1,1,1,1,1,1,1,1,1,1,1,1,1,1,1,0
2026-06-01 20:00:00,16.9611575666667,0,0,0,0,0,0,0.00556,0.522046666666667,2.39177,3.19113166666667,2.27455166666667,1.75338833333333,1.52021833333333,1.46133166666667,1.45941,0.747055,0.332246666666667,0.17875,0.13489,0.10684,0.101593333333333,0.106341666666667,0.108198333333333,0.08119,0.0651716666666667,0.0446166666666667,0.0451883333333333,0.0438633333333333,0.0324883333333333,0.0379966666666667,0.030815,0.0339833333333333,0.0317516666666667,0.021385,0.0250133333333333,0.0170166666666667,0.0170966666666667,0.016025,0.0123433333333333,0.0064,0.00689666666666667,0.00823666666666667,0.00481333333333333,0.00386,0.00433666666666667,0.00294333333333333,0.00369,0.00279166666666667,0.00236666666666667,0.00442833333333333,0.00171333333333333,0.00082,0.00226333333333333,0.00035,0.00215833333333333,0.00131833333333333,0.00212166666666667,0.00166166666666667,0.002625,0.00128166666666667,0.00208666666666667,0.00122166666666667,0.000526666666666667,0.00127,0.00119166666666667,0.000075,0.00042,0,0,0,0,0.0000216666666666667,0.0000633333333333333,0.0000683333333333333,0.0000733333333333333,0.0000783333333333333,0.0000833333333333333,0.000025,0,1,0,0,0,0,0,0,1,1,1,1,1,1,1,1,1,1,1,1,1,1,1,1,1,1,1,1,1,1,1,1,1,1,1,1,1,1,1,1,1,1,1,1,1,1,1,1,1,1,1,1,1,1,1,1,1,1,1,1,1,1,1,1,1,1,1,1,1,1,1,1,1,1,1,1,1,1,1,1,0
2026-06-01 21:00:00,23.8540621666667,0,0,0,0,0,0,0.010995,0.938435,4.04338166666667,4.967515,3.45599666666667,2.50737333333333,1.97915333333333,1.83669666666667,1.57761,0.79003,0.3537,0.207361666666667,0.1367,0.108156666666667,0.0933466666666667,0.0962233333333333,0.102535,0.0724783333333333,0.0539983333333333,0.0406866666666667,0.0362216666666667,0.0425,0.026455,0.02801,0.0257583333333333,0.02189,0.0199633333333333,0.01623,0.01469,0.013075,0.0111083333333333,0.0112266666666667,0.0133183333333333,0.00763,0.00700666666666667,0.006265,0.004065,0.00504166666666667,0.00460833333333333,0.00324666666666667,0.003985,0.002175,0.00341333333333333,0.00182833333333333,0.00177833333333333,0.00376,0.001995,0.00262333333333333,0.000608333333333333,0.001375,0.001635,0.000858333333333333,0.000525,0.001185,0.00213333333333333,0.000425,0,0,0.000346666666666667,0.000641666666666667,0.000565,0.000131666666666667,0.000416666666666667,0,0,0.0000216666666666667,0.0000633333333333333,0.0000683333333333333,0.0000733333333333333,0.0000783333333333333,0.0000833333333333333,0.000025,0,1,0,0,0,0,0,0,1,1,1,1,1,1,1,1,1,1,1,1,1,1,1,1,1,1,1,1,1,1,1,1,1,1,1,1,1,1,1,1,1,1,1,1,1,1,1,1,1,1,1,1,1,1,1,1,1,1,1,1,1,1,1,1,1,1,1,1,1,1,1,1,1,1,1,1,1,1,1,1,0
2026-06-01 22:00:00,78.6998917333333,0,0,0,0,0,0,0.04819,2.71447,12.29773,16.8503166666667,12.6982983333333,9.27313833333333,7.37780833333333,5.95422,4.95447,2.85308833333333,1.561675,0.747685,0.364066666666667,0.240206666666667,0.167468333333333,0.148233333333333,0.13676,0.0964,0.0780933333333333,0.05025,0.0425066666666667,0.0320766666666667,0.03461,0.0350916666666667,0.0244366666666667,0.0239266666666667,0.0239266666666667,0.01714,0.0153266666666667,0.0189733333333333,0.01335,0.0136383333333333,0.00947166666666667,0.00760333333333333,0.0057,0.003655,0.00243666666666667,0.00339,0.00303166666666667,0.00301333333333333,0.004485,0.00558166666666667,0.00346,0.00154666666666667,0.00377666666666667,0.00378333333333333,0.00252,0.00134666666666667,0.00133,0.00234333333333333,0.00295333333333333,0.00206,0.00231666666666667,0.00153166666666667,0.00294,0.000796666666666667,0.000101666666666667,0.000808333333333333,0.0000383333333333333,0.000283333333333333,0.000138333333333333,0.000836666666666667,0.000416666666666667,0,0,0,0,0,0,0,0,0,0,1,0,0,0,0,0,0,1,1,1,1,1,1,1,1,1,1,1,1,1,1,1,1,1,1,1,1,1,1,1,1,1,1,1,1,1,1,1,1,1,1,1,1,1,1,1,1,1,1,1,1,1,1,1,1,1,1,1,1,1,1,1,1,1,1,1,1,1,1,1,1,1,1,1,1,1,1,1,1,0
2026-06-01 23:00:00,25.40578595,0,0,0,0,0,0,0.0165683333333333,1.26916166666667,5.33475666666667,6.09629166666667,3.62366,2.29537166666667,1.72625333333333,1.40660666666667,1.24671166666667,0.613646666666667,0.283666666666667,0.17915,0.110858333333333,0.08726,0.08345,0.092285,0.09216,0.0750883333333333,0.0594916666666667,0.0496416666666667,0.033205,0.0402533333333333,0.0425483333333333,0.028865,0.0276583333333333,0.0215133333333333,0.0195116666666667,0.0223266666666667,0.0226233333333333,0.0139166666666667,0.0154283333333333,0.01151,0.00987833333333333,0.00644666666666667,0.00810166666666667,0.00607,0.00522833333333333,0.002615,0.00383833333333333,0.00418,0.003325,0.00396833333333333,0.00208666666666667,0.00227666666666667,0.00251666666666667,0.00127666666666667,0.00168,0.000845,0.00241166666666667,0.00240833333333333,0.00043,0.00289333333333333,0.00114166666666667,0.000678333333333333,0.000426666666666667,0,0,0.000385,0.00046,0.000421666666666667,0,0.000816666666666667,0.0000183333333333333,0,0,0,0,0,0,0,0,0,0,1,0,0,0,0,0,0,1,1,1,1,1,1,1,1,1,1,1,1,1,1,1,1,1,1,1,1,1,1,1,1,1,1,1,1,1,1,1,1,1,1,1,1,1,1,1,1,1,1,1,1,1,1,1,1,1,1,1,1,1,1,1,1,1,1,1,1,1,1,1,1,1,1,1,1,1,1,1,1,0
2026-06-02,25.1252344833333,0,0,0,0,0,0,0.0102,1.01429666666667,4.67722666666667,5.944875,3.98320833333333,2.56987,1.97101666666667,1.517185,1.23487,0.565296666666667,0.24888,0.15365,0.09986,0.073755,0.060085,0.0605816666666667,0.0569633333333333,0.0395833333333333,0.032825,0.0254,0.020085,0.0205266666666667,0.01633,0.014575,0.0180083333333333,0.0138366666666667,0.0146383333333333,0.0121966666666667,0.00708666666666667,0.00663333333333333,0.0100533333333333,0.00669166666666667,0.00432166666666667,0.00553,0.00427166666666667,0.00258333333333333,0.00320333333333333,0.00289333333333333,0.00269666666666667,0.002415,0.00158833333333333,0.00221166666666667,0.00196,0.00279333333333333,0.002455,0.00255333333333333,0.00333666666666667,0.001435,0.00118833333333333,0.000533333333333333,0.000171666666666667,0.00111833333333333,0.00138166666666667,0.00118166666666667,0,0.00107166666666667,0.000203333333333333,0,0,0.000421666666666667,0.00042,0.000418333333333333,0.000416666666666667,0.000173333333333333,0.00024,0,0,0,0,0,0,0,0,1,0,0,0,0,0,0,1,1,1,1,1,1,1,1,1,1,1,1,1,1,1,1,1,1,1,1,1,1,1,1,1,1,1,1,1,1,1,1,1,1,1,1,1,1,1,1,1,1,1,1,1,1,1,1,1,1,1,1,1,1,1,1,1,1,1,1,1,1,1,1,1,1,1,1,1,1,1,1,0
2026-06-02 01:00:00,254.339565766667,0,0,0,0,0,0,0.06871,5.42970166666667,26.0392783333333,38.99335,34.4847733333333,29.4536533333333,26.8883016666667,24.4169066666667,22.7487883333333,17.0743383333333,10.9068633333333,5.71499833333333,3.25447666666667,2.024025,1.41444,1.09867,0.879188333333333,0.554968333333333,0.327756666666667,0.219628333333333,0.153125,0.107046666666667,0.08785,0.06768,0.0595433333333333,0.0490216666666667,0.03739,0.029175,0.022685,0.0236183333333333,0.0186866666666667,0.01224,0.0112233333333333,0.00675666666666667,0.00525333333333333,0.00609,0.00369,0.00376833333333333,0.004705,0.00230666666666667,0.00462333333333333,0.00277333333333333,0.00346166666666667,0.00281666666666667,0.00295,0.00127666666666667,0.00384,0.00230666666666667,0.00116333333333333,0.00134166666666667,0.00043,0.000801666666666667,0.000658333333333333,0.00068,0.000426666666666667,0.00097,0.00107833333333333,0.0000766666666666667,0.00119333333333333,0.000358333333333333,0.000558333333333333,0,0,0,0,0,0,0,0,0,0,0,0,1,0,0,0,0,0,0,1,1,1,1,1,1,1,1,1,1,1,1,1,1,1,1,1,1,1,1,1,1,1,1,1,1,1,1,1,1,1,1,1,1,1,1,1,1,1,1,1,1,1,1,1,1,1,1,1,1,1,1,1,1,1,1,1,1,1,1,1,1,1,1,1,1,1,1,1,1,1,1,0
2026-06-02 02:00:00,173.218087133333,0,0,0,0,0,0,0.051915,3.65593333333333,17.3935133333333,26.1991766666667,23.3539833333333,20.4041183333333,19.0958116666667,17.6313616666667,16.44634,11.233505,6.63650166666667,3.72313666666667,2.19007833333333,1.40161333333333,1.00784333333333,0.799656666666667,0.636866666666667,0.417753333333333,0.294718333333333,0.19099,0.148383333333333,0.107748333333333,0.09294,0.083125,0.04529,0.0489116666666667,0.03363,0.0287816666666667,0.0275183333333333,0.02173,0.0223733333333333,0.01618,0.013105,0.00721333333333333,0.00647,0.00539666666666667,0.004865,0.00538166666666667,0.005415,0.00317666666666667,0.00288833333333333,0.003515,0.00705333333333333,0.004675,0.00419,0.003325,0.00252,0.00221,0.00305666666666667,0.000911666666666667,0.001805,0.001205,0.00214166666666667,0.00171,0.00123333333333333,0.00122166666666667,0.00133833333333333,0.000461666666666667,0.000845,0.000421666666666667,0,0.000398333333333333,0.000435,0,0.000413333333333333,0,0,0,0,0,0,0,0,1,0,0,0,0,0,0,1,1,1,1,1,1,1,1,1,1,1,1,1,1,1,1,1,1,1,1,1,1,1,1,1,1,1,1,1,1,1,1,1,1,1,1,1,1,1,1,1,1,1,1,1,1,1,1,1,1,1,1,1,1,1,1,1,1,1,1,1,1,1,1,1,1,1,1,1,1,1,1,0
2026-06-02 03:00:00,124.659054433333,0,0,0,0,0,0,0.0373033333333333,2.73243333333333,13.401535,19.81052,17.1296066666667,14.630315,13.5427916666667,12.5683983333333,12.2758683333333,7.69417166666667,4.10270166666667,2.28263666666667,1.28158,0.818521666666667,0.639795,0.514338333333333,0.447158333333333,0.294981666666667,0.190528333333333,0.138571666666667,0.0907233333333333,0.07424,0.0547433333333333,0.041075,0.03617,0.0301116666666667,0.0267416666666667,0.019465,0.0181983333333333,0.0117266666666667,0.009065,0.00690666666666667,0.014055,0.00540333333333333,0.00646166666666667,0.0043,0.00699666666666667,0.005075,0.00252833333333333,0.00463666666666667,0.00476,0.00204833333333333,0.002215,0.002455,0.00544666666666667,0.00248333333333333,0.002975,0.00522166666666667,0.00311833333333333,0.000515,0.002065,0.000428333333333333,0.000856666666666667,0.000855,0.00208666666666667,0.000898333333333333,0.000425,0,0.000421666666666667,0.000421666666666667,0.00042,0,0.000416666666666667,0,0.000413333333333333,0,0,0,0,0,0,0,0,1,0,0,0,0,0,0,1,1,1,1,1,1,1,1,1,1,1,1,1,1,1,1,1,1,1,1,1,1,1,1,1,1,1,1,1,1,1,1,1,1,1,1,1,1,1,1,1,1,1,1,1,1,1,1,1,1,1,1,1,1,1,1,1,1,1,1,1,1,1,1,1,1,1,1,1,1,1,1,0
2026-06-02 04:00:00,119.5132357,0,0,0,0,0,0,0.0392083333333333,2.81179333333333,14.19493,21.67611,17.2360833333333,14.1331533333333,12.2793566666667,10.9864983333333,10.3856533333333,6.44728,3.31588333333333,1.81583833333333,1.05830333333333,0.701651666666667,0.551753333333333,0.43833,0.391998333333333,0.259286666666667,0.179128333333333,0.128865,0.0945733333333333,0.078615,0.0567816666666667,0.04869,0.0347833333333333,0.03098,0.0198816666666667,0.0240983333333333,0.018795,0.015765,0.0135783333333333,0.0105316666666667,0.00710333333333333,0.00582333333333333,0.006135,0.00713333333333333,0.00584333333333333,0.009735,0.007445,0.00628333333333333,0.00701333333333333,0.00512833333333333,0.00853666666666667,0.00544666666666667,0.00598666666666667,0.00631333333333333,0.005285,0.003265,0.005575,0.00408,0.00154666666666667,0.00386666666666667,0.00205333333333333,0.00068,0,0.000748333333333333,0.000526666666666667,0.000423333333333333,0.000346666666666667,0.000496666666666667,0,0,0,0,0,0,0,0,0,0,0,0,0,1,0,0,0,0,0,0,1,1,1,1,1,1,1,1,1,1,1,1,1,1,1,1,1,1,1,1,1,1,1,1,1,1,1,1,1,1,1,1,1,1,1,1,1,1,1,1,1,1,1,1,1,1,1,1,1,1,1,1,1,1,1,1,1,1,1,1,1,1,1,1,1,1,1,1,1,1,1,1,0
2026-06-02 05:00:00,32.1414112833333,0,0,0,0,0,0,0.0141666666666667,1.126175,5.19442333333333,6.83142666666667,4.98810833333333,3.67648333333333,2.90201333333333,2.37437333333333,2.18787666666667,1.24291666666667,0.440921666666667,0.231071666666667,0.146491666666667,0.10942,0.0952883333333333,0.0926883333333333,0.0864433333333333,0.0661466666666667,0.0504716666666667,0.0404783333333333,0.02517,0.02981,0.031775,0.018595,0.0238033333333333,0.022155,0.0185116666666667,0.0167383333333333,0.0140366666666667,0.0138183333333333,0.00885,0.00578,0.007275,0.00685333333333333,0.0092,0.00845,0.00748166666666667,0.00734333333333333,0.00596166666666667,0.010765,0.007875,0.00929833333333333,0.00672166666666667,0.00723666666666667,0.00757166666666667,0.00553833333333333,0.00835666666666667,0.00404833333333333,0.00353166666666667,0.00446,0.00303833333333333,0.00286666666666667,0.00134,0.00171,0.000853333333333333,0.00117333333333333,0.000526666666666667,0,0,0.000421666666666667,0.000288333333333333,0.000131666666666667,0,0,0,0.000433333333333333,0.0000633333333333333,0.0000683333333333333,0.0000733333333333333,0.0000783333333333333,0.0000833333333333333,0.000025,0,1,0,0,0,0,0,0,1,1,1,1,1,1,1,1,1,1,1,1,1,1,1,1,1,1,1,1,1,1,1,1,1,1,1,1,1,1,1,1,1,1,1,1,1,1,1,1,1,1,1,1,1,1,1,1,1,1,1,1,1,1,1,1,1,1,1,1,1,1,1,1,1,1,1,1,1,1,1,1,0
2026-06-02 06:00:00,27.0129614666667,0,0,0,0,0,0,0.00641333333333333,0.628375,2.94342,4.36341833333333,3.46735833333333,2.89727,2.738145,2.76496666666667,2.91624666666667,1.81095833333333,0.552746666666667,0.273161666666667,0.161461666666667,0.124151666666667,0.10522,0.11583,0.119066666666667,0.0932616666666667,0.0802916666666667,0.0641516666666667,0.04832,0.0551433333333333,0.0470966666666667,0.0394883333333333,0.03173,0.0374866666666667,0.0314066666666667,0.026895,0.01898,0.0190733333333333,0.015015,0.013375,0.01033,0.012755,0.01064,0.00948,0.0123833333333333,0.01298,0.00778166666666667,0.0125366666666667,0.00527333333333333,0.00828166666666667,0.00878,0.00781833333333333,0.00540666666666667,0.00549166666666667,0.006055,0.00419833333333333,0.00309166666666667,0.00362833333333333,0.002925,0.000801666666666667,0.000833333333333333,0.00221166666666667,0.00170666666666667,0.00107166666666667,0.000203333333333333,0,0.000421666666666667,0.000421666666666667,0.00042,0,0,0.000415,0,0,0,0,0,0,0,0,0,1,0,0,0,0,0,0,1,1,1,1,1,1,1,1,1,1,1,1,1,1,1,1,1,1,1,1,1,1,1,1,1,1,1,1,1,1,1,1,1,1,1,1,1,1,1,1,1,1,1,1,1,1,1,1,1,1,1,1,1,1,1,1,1,1,1,1,1,1,1,1,1,1,1,1,1,1,1,1,0
2026-06-02 07:00:00,30.9582774666667,0,0,0,0,0,0,0.00863833333333333,0.541793333333333,2.82667333333333,4.274205,3.97912666666667,3.61089666666667,3.57816833333333,3.611945,3.70403,2.47544,0.65154,0.315561666666667,0.190305,0.135756666666667,0.119808333333333,0.147703333333333,0.132956666666667,0.128333333333333,0.0985666666666667,0.07147,0.0604716666666667,0.063185,0.04976,0.05137,0.0481266666666667,0.0403,0.0335516666666667,0.03446,0.0341483333333333,0.02192,0.02381,0.0184466666666667,0.014265,0.0139866666666667,0.00679666666666667,0.0111033333333333,0.00914,0.00846833333333333,0.00729833333333333,0.00597166666666667,0.00650833333333333,0.00569166666666667,0.0100916666666667,0.005375,0.002645,0.00460333333333333,0.00345333333333333,0.006615,0.00538,0.00241666666666667,0.00504666666666667,0.00369666666666667,0.00119666666666667,0.001535,0.000853333333333333,0,0.001275,0,0,0.000421666666666667,0.000708333333333333,0.000131666666666667,0.00105666666666667,0.000608333333333333,0,0,0,0,0,0,0,0,0,1,0,0,0,0,0,0,1,1,1,1,1,1,1,1,1,1,1,1,1,1,1,1,1,1,1,1,1,1,1,1,1,1,1,1,1,1,1,1,1,1,1,1,1,1,1,1,1,1,1,1,1,1,1,1,1,1,1,1,1,1,1,1,1,1,1,1,1,1,1,1,1,1,1,1,1,1,1,1,0
2026-06-02 08:00:00,32.9371364833333,0,0,0,0,0,0,0.00839666666666667,0.70052,3.43137166666667,5.102465,4.45021333333333,3.75259666666667,3.465495,3.39444,3.46028,2.12581166666667,0.582296666666667,0.289821666666667,0.177938333333333,0.167198333333333,0.157103333333333,0.168295,0.151006666666667,0.141296666666667,0.112193333333333,0.0976283333333333,0.0899333333333333,0.0850716666666667,0.0828933333333333,0.0751283333333333,0.0671183333333333,0.069935,0.0558866666666667,0.040425,0.0326583333333333,0.0356533333333333,0.0249833333333333,0.0219433333333333,0.017515,0.015465,0.0123716666666667,0.0103966666666667,0.00783666666666667,0.01036,0.00880333333333333,0.0118866666666667,0.00426,0.004405,0.00458,0.004635,0.00464333333333333,0.004625,0.00376833333333333,0.004605,0.00289,0.000968333333333333,0.00157666666666667,0.00223333333333333,0.000603333333333333,0.000678333333333333,0.00232333333333333,0.000661666666666667,0.000386666666666667,0.000461666666666667,0.000845,0.000283333333333333,0.000558333333333333,0,0,0,0,0.0000433333333333333,0.000126666666666667,0.000136666666666667,0.000146666666666667,0.000156666666666667,0.000166666666666667,0.00005,0,1,0,0,0,0,0,0,1,1,1,1,1,1,1,1,1,1,1,1,1,1,1,1,1,1,1,1,1,1,1,1,1,1,1,1,1,1,1,1,1,1,1,1,1,1,1,1,1,1,1,1,1,1,1,1,1,1,1,1,1,1,1,1,1,1,1,1,1,1,1,1,1,1,1,1,1,1,1,1,0
2026-06-02 09:00:00,31.6348787666667,0,0,0,0,0,0,0.00883666666666667,0.758545,3.69918166666667,5.42002333333333,4.59276666666667,3.84868166666667,3.23921833333333,2.86968833333333,2.49161666666667,1.39176,0.414766666666667,0.238848333333333,0.184826666666667,0.172185,0.166973333333333,0.18101,0.195605,0.166436666666667,0.147511666666667,0.122078333333333,0.117466666666667,0.112748333333333,0.104693333333333,0.08888,0.0867283333333333,0.0755016666666667,0.0696983333333333,0.0599833333333333,0.0485566666666667,0.0475516666666667,0.0328116666666667,0.0314833333333333,0.026225,0.0178433333333333,0.0194783333333333,0.01333,0.012625,0.010455,0.0103033333333333,0.00904,0.00636166666666667,0.00454833333333333,0.00506833333333333,0.00536333333333333,0.00559333333333333,0.00335,0.003885,0.00214,0.00300166666666667,0.00188333333333333,0.003125,0.001435,0.001395,0.00171166666666667,0.00170666666666667,0.001175,0.000951666666666667,0.001655,0.00123,0.00120166666666667,0.000845,0.000131666666666667,0.000833333333333333,0,0.000826666666666667,0.0000216666666666667,0.0000633333333333333,0.0000683333333333333,0.0000733333333333333,0.0000783333333333333,0.0000833333333333333,0.000025,0,1,0,0,0,0,0,0,1,1,1,1,1,1,1,1,1,1,1,1,1,1,1,1,1,1,1,1,1,1,1,1,1,1,1,1,1,1,1,1,1,1,1,1,1,1,1,1,1,1,1,1,1,1,1,1,1,1,1,1,1,1,1,1,1,1,1,1,1,1,1,1,1,1,1,1,1,1,1,1,0
2026-06-02 10:00:00,27.86538145,0,0,0,0,0,0,0.014675,0.90684,4.15725166666667,5.63724666666667,4.30794333333333,3.30354666666667,2.58799333333333,2.21763333333333,1.23421833333333,0.536261666666667,0.302058333333333,0.197618333333333,0.164711666666667,0.165555,0.167336666666667,0.173865,0.174688333333333,0.16051,0.138308333333333,0.124061666666667,0.112983333333333,0.113343333333333,0.105811666666667,0.0999416666666667,0.0793066666666667,0.088605,0.074815,0.067025,0.05903,0.0426683333333333,0.0414383333333333,0.0350716666666667,0.0252533333333333,0.0264416666666667,0.0126883333333333,0.00929833333333333,0.0131833333333333,0.01242,0.00725833333333333,0.00933666666666667,0.00838,0.00893166666666667,0.00535,0.00325333333333333,0.00425333333333333,0.006675,0.002975,0.00262333333333333,0.00141833333333333,0.00223,0.003755,0.00427,0.000635,0.000755,0.00104333333333333,0.00056,0.000526666666666667,0.000385,0.00046,0.000843333333333333,0.00084,0.000418333333333333,0.00125,0.00083,0,0.000065,0.00019,0.000205,0.00022,0.000235,0.00025,0.000075,0,1,0,0,0,0,0,0,1,1,1,1,1,1,1,1,1,1,1,1,1,1,1,1,1,1,1,1,1,1,1,1,1,1,1,1,1,1,1,1,1,1,1,1,1,1,1,1,1,1,1,1,1,1,1,1,1,1,1,1,1,1,1,1,1,1,1,1,1,1,1,1,1,1,1,1,1,1,1,1,0
2026-06-02 11:00:00,22.0158982833333,0,0,0,0,0,0,0.0101033333333333,0.784113333333333,3.63761166666667,4.91630333333333,3.60796833333333,2.46940666666667,1.87464666666667,1.41334,0.681806666666667,0.293533333333333,0.230706666666667,0.153876666666667,0.127841666666667,0.126828333333333,0.120808333333333,0.137338333333333,0.120875,0.11816,0.0961183333333333,0.076335,0.0809983333333333,0.0784033333333333,0.0730983333333333,0.07402,0.0556233333333333,0.0547333333333333,0.04539,0.045365,0.0365783333333333,0.0389133333333333,0.0267916666666667,0.02738,0.0159016666666667,0.0166783333333333,0.01586,0.00972833333333333,0.0114716666666667,0.00939833333333333,0.005725,0.00564166666666667,0.00412833333333333,0.00351333333333333,0.00152666666666667,0.00219333333333333,0.00348833333333333,0.00296333333333333,0.00278833333333333,0.00243833333333333,0.00081,0.00051,0.00143333333333333,0.00234666666666667,0.00219833333333333,0.000428333333333333,0.000426666666666667,0.000748333333333333,0.000875,0.0005,0.000421666666666667,0.000421666666666667,0.00042,0,0.00064,0.000608333333333333,0,0.000065,0.00019,0.000205,0.00022,0.000235,0.00025,0.000075,0,1,0,0,0,0,0,0,1,1,1,1,1,1,1,1,1,1,1,1,1,1,1,1,1,1,1,1,1,1,1,1,1,1,1,1,1,1,1,1,1,1,1,1,1,1,1,1,1,1,1,1,1,1,1,1,1,1,1,1,1,1,1,1,1,1,1,1,1,1,1,1,1,1,1,1,1,1,1,1,0
2026-06-02 12:00:00,25.4865074166667,0,0,0,0,0,0,0.016005,1.04357666666667,4.68453,5.76038666666667,4.035335,2.76198,2.103025,1.59244333333333,0.798331666666667,0.459133333333333,0.286003333333333,0.16883,0.135876666666667,0.12332,0.129086666666667,0.138285,0.140836666666667,0.113156666666667,0.092325,0.082915,0.0754,0.066085,0.0597483333333333,0.0716816666666667,0.046905,0.0480766666666667,0.0440083333333333,0.0399366666666667,0.0308983333333333,0.0250266666666667,0.0249016666666667,0.019465,0.0159133333333333,0.00904666666666667,0.01171,0.0101183333333333,0.00921666666666667,0.007285,0.00345166666666667,0.00987166666666667,0.00179833333333333,0.00308166666666667,0.00410166666666667,0.00182833333333333,0.00175666666666667,0.00332666666666667,0.00208833333333333,0.00264166666666667,0.00133,0.00268833333333333,0.00166333333333333,0.00123333333333333,0.00023,0.00068,0.000853333333333333,0.000646666666666667,0.00140166666666667,0.0005,0,0.000421666666666667,0.000708333333333333,0.000131666666666667,0.000223333333333333,0.000366666666666667,0.0004,0.00034,0.000253333333333333,0.000273333333333333,0.000293333333333333,0.000313333333333333,0.000333333333333333,0.0001,0,1,0,0,0,0,0,0,1,1,1,1,1,1,1,1,1,1,1,1,1,1,1,1,1,1,1,1,1,1,1,1,1,1,1,1,1,1,1,1,1,1,1,1,1,1,1,1,1,1,1,1,1,1,1,1,1,1,1,1,1,1,1,1,1,1,1,1,1,1,1,1,1,1,1,1,1,1,1,1,0
2026-06-02 13:00:00,31.4188955666667,0,0,0,0,0,0,0.0157016666666667,1.13972833333333,5.27178,7.147945,5.091395,3.622775,2.75475333333333,2.15096333333333,1.15869166666667,0.644496666666667,0.363463333333333,0.205595,0.1612,0.15296,0.14403,0.18517,0.145808333333333,0.128045,0.129846666666667,0.0985966666666667,0.103515,0.0876933333333333,0.08252,0.07571,0.06495,0.057405,0.0528616666666667,0.0471966666666667,0.0315983333333333,0.0403683333333333,0.0246083333333333,0.01927,0.0152816666666667,0.0133933333333333,0.01051,0.006895,0.00798333333333333,0.00722333333333333,0.00757666666666667,0.005825,0.00383333333333333,0.00233833333333333,0.00522166666666667,0.00330666666666667,0.00247666666666667,0.00166333333333333,0.00340666666666667,0.003435,0.000951666666666667,0,0.00086,0.00117666666666667,0.000713333333333333,0.001105,0.00019,0.000236666666666667,0.000425,0.000846666666666667,0.000421666666666667,0.00112666666666667,0.000138333333333333,0,0.000416666666666667,0,0.00016,0.000318333333333333,0.00019,0.000203333333333333,0.000218333333333333,0.000235,0.000251666666666667,0.0000733333333333333,0,1,0,0,0,0,0,0,1,1,1,1,1,1,1,1,1,1,1,1,1,1,1,1,1,1,1,1,1,1,1,1,1,1,1,1,1,1,1,1,1,1,1,1,1,1,1,1,1,1,1,1,1,1,1,1,1,1,1,1,1,1,1,1,1,1,1,1,1,1,1,1,1,1,1,1,1,1,1,1,0
2026-06-02 14:00:00,31.8741186166667,0,0,0,0,0,0,0.0106483333333333,1.03439166666667,5.107565,7.17732833333333,5.09855666666667,3.67467333333333,2.86015666666667,2.30129333333333,1.40625666666667,0.769898333333333,0.434331666666667,0.249425,0.18739,0.150045,0.14293,0.176373333333333,0.170161666666667,0.134651666666667,0.115715,0.0934866666666667,0.086885,0.083975,0.0753333333333333,0.0745116666666667,0.0508583333333333,0.0588183333333333,0.0490983333333333,0.036635,0.0354416666666667,0.0233233333333333,0.0259666666666667,0.0183966666666667,0.0127316666666667,0.01729,0.010505,0.00456833333333333,0.00822166666666667,0.00868,0.007875,0.00709833333333333,0.003535,0.006745,0.00389333333333333,0.00268,0.001755,0.00125333333333333,0.002905,0.00100333333333333,0.00545166666666667,0.00101666666666667,0.00129,0.00123333333333333,0.001515,0.00238833333333333,0.000616666666666667,0.001835,0.00133833333333333,0.00127,0.0000383333333333333,0.000421666666666667,0.00084,0.000398333333333333,0.00129833333333333,0.000801666666666667,0.000413333333333333,0.000563333333333333,0.000443333333333333,0.000478333333333333,0.000513333333333333,0.000548333333333333,0.000583333333333333,0.000175,0,1,0,0,0,0,0,0,1,1,1,1,1,1,1,1,1,1,1,1,1,1,1,1,1,1,1,1,1,1,1,1,1,1,1,1,1,1,1,1,1,1,1,1,1,1,1,1,1,1,1,1,1,1,1,1,1,1,1,1,1,1,1,1,1,1,1,1,1,1,1,1,1,1,1,1,1,1,1,1,0
2026-06-02 15:00:00,28.9293011,0,0,0,0,0,0,0.00879833333333333,0.902475,4.42074,5.79872166666667,4.187815,3.296845,2.81453333333333,2.630155,1.80352166666667,0.647663333333333,0.359231666666667,0.212603333333333,0.13586,0.109761666666667,0.102493333333333,0.122125,0.117758333333333,0.0944616666666667,0.08268,0.05691,0.0653916666666667,0.0579966666666667,0.0480716666666667,0.049275,0.044995,0.0379916666666667,0.03115,0.0291083333333333,0.024895,0.0210966666666667,0.02082,0.0165433333333333,0.01301,0.01132,0.00996333333333333,0.008435,0.00576,0.00529166666666667,0.008065,0.00780666666666667,0.00614166666666667,0.00551,0.003795,0.00712333333333333,0.00347166666666667,0.00373666666666667,0.003745,0.00322333333333333,0.00211166666666667,0.0018,0.003755,0.00281166666666667,0.00148166666666667,0.00135666666666667,0,0,0.000425,0.000423333333333333,0.000768333333333333,0.000496666666666667,0.00042,0,0,0.000415,0,0.000173333333333333,0.000506666666666667,0.000546666666666667,0.000586666666666667,0.000626666666666667,0.000666666666666667,0.0002,0,1,0,0,0,0,0,0,1,1,1,1,1,1,1,1,1,1,1,1,1,1,1,1,1,1,1,1,1,1,1,1,1,1,1,1,1,1,1,1,1,1,1,1,1,1,1,1,1,1,1,1,1,1,1,1,1,1,1,1,1,1,1,1,1,1,1,1,1,1,1,1,1,1,1,1,1,1,1,1,0
2026-06-02 16:00:00,34.2791511666667,0,0,0,0,0,0,0.01262,0.882995,4.31500833333333,6.24051,4.75403666666667,4.14188,3.790275,3.70173833333333,2.93141666666667,1.141475,0.522798333333333,0.26039,0.179238333333333,0.159173333333333,0.142821666666667,0.152315,0.159541666666667,0.123416666666667,0.10148,0.0820133333333333,0.0702833333333333,0.0749116666666667,0.0650583333333333,0.0716166666666667,0.0583983333333333,0.0609433333333333,0.041375,0.0390483333333333,0.0302816666666667,0.0265683333333333,0.020945,0.019895,0.007075,0.00837666666666667,0.00810833333333333,0.00734833333333333,0.00565166666666667,0.00258833333333333,0.00520666666666667,0.00417833333333333,0.00259,0.00767,0.00584833333333333,0.00387333333333333,0.004665,0.00253,0.00274166666666667,0.00372333333333333,0.00254666666666667,0.00137,0.00100333333333333,0.001865,0.00182333333333333,0.000855,0.000426666666666667,0.001275,0.000811666666666667,0.0000383333333333333,0.000421666666666667,0,0,0,0,0,0.000413333333333333,0.000173333333333333,0.000506666666666667,0.000546666666666667,0.000586666666666667,0.000626666666666667,0.000666666666666667,0.0002,0,1,0,0,0,0,0,0,1,1,1,1,1,1,1,1,1,1,1,1,1,1,1,1,1,1,1,1,1,1,1,1,1,1,1,1,1,1,1,1,1,1,1,1,1,1,1,1,1,1,1,1,1,1,1,1,1,1,1,1,1,1,1,1,1,1,1,1,1,1,1,1,1,1,1,1,1,1,1,1,0
2026-06-02 17:00:00,35.0486153166667,0,0,0,0,0,0,0.0113716666666667,1.05546833333333,5.05323333333333,6.96220333333333,5.25862166666667,4.30099833333333,3.76774333333333,3.45525666666667,2.342075,0.800701666666667,0.443216666666667,0.241256666666667,0.187851666666667,0.147755,0.153826666666667,0.162711666666667,0.164585,0.122683333333333,0.104476666666667,0.0933566666666667,0.0807966666666667,0.0990933333333333,0.0752583333333333,0.0731016666666667,0.0640366666666667,0.0579383333333333,0.050165,0.0470266666666667,0.03151,0.03357,0.0232583333333333,0.0185416666666667,0.0136283333333333,0.00928,0.0111716666666667,0.0097,0.00588833333333333,0.00507,0.00378333333333333,0.00677333333333333,0.00498166666666667,0.004675,0.0041,0.00360333333333333,0.00518166666666667,0.00378333333333333,0.002065,0.000826666666666667,0.00266,0.00271333333333333,0.00212166666666667,0.000856666666666667,0.001635,0.00178666666666667,0,0.000425,0.000425,0.000423333333333333,0.000768333333333333,0.000496666666666667,0,0.000398333333333333,0.000435,0,0,0.0000866666666666667,0.000253333333333333,0.000271666666666667,0.000291666666666667,0.000313333333333333,0.000335,0.0000983333333333333,0,1,0,0,0,0,0,0,1,1,1,1,1,1,1,1,1,1,1,1,1,1,1,1,1,1,1,1,1,1,1,1,1,1,1,1,1,1,1,1,1,1,1,1,1,1,1,1,1,1,1,1,1,1,1,1,1,1,1,1,1,1,1,1,1,1,1,1,1,1,1,1,1,1,1,1,1,1,1,1,0
2026-06-02 18:00:00,36.7410885,0,0,0,0,0,0,0.0229716666666667,1.55568333333333,6.90969333333333,8.58182,5.74408666666667,3.95249,3.02396666666667,2.47856833333333,1.51096833333333,0.528628333333333,0.301596666666667,0.179881666666667,0.136121666666667,0.141756666666667,0.149566666666667,0.176376666666667,0.152476666666667,0.123945,0.0977,0.0850183333333333,0.0909566666666667,0.0979966666666667,0.0671283333333333,0.087025,0.0644416666666667,0.06631,0.0546733333333333,0.04506,0.0392,0.0364166666666667,0.02661,0.0167766666666667,0.0124666666666667,0.0132666666666667,0.0111783333333333,0.008405,0.009635,0.00647166666666667,0.010915,0.00602,0.00910666666666667,0.00547333333333333,0.00547666666666667,0.00525333333333333,0.00437666666666667,0.00549166666666667,0.00304666666666667,0.00377833333333333,0.00228166666666667,0.00223,0.00100333333333333,0.00149,0.00237166666666667,0.00110666666666667,0.000426666666666667,0.000646666666666667,0.000628333333333333,0.000423333333333333,0.000768333333333333,0.000075,0.000288333333333333,0.000131666666666667,0,0.000346666666666667,0.000893333333333333,0.000195,0.00057,0.000615,0.00066,0.000705,0.00075,0.000225,0,1,0,0,0,0,0,0,1,1,1,1,1,1,1,1,1,1,1,1,1,1,1,1,1,1,1,1,1,1,1,1,1,1,1,1,1,1,1,1,1,1,1,1,1,1,1,1,1,1,1,1,1,1,1,1,1,1,1,1,1,1,1,1,1,1,1,1,1,1,1,1,1,1,1,1,1,1,1,1,0
2026-06-02 19:00:00,35.0272520666667,0,0,0,0,0,0,0.0252433333333333,1.90910666666667,7.99702333333333,9.11267666666667,5.356375,3.17226833333333,2.239055,1.83337,1.21275833333333,0.47385,0.257941666666667,0.156086666666667,0.113211666666667,0.101731666666667,0.098785,0.126475,0.127906666666667,0.0983083333333333,0.07944,0.057575,0.06554,0.0732733333333333,0.0515266666666667,0.059765,0.0442433333333333,0.04035,0.0407433333333333,0.040525,0.027805,0.0252133333333333,0.0256716666666667,0.02177,0.0117083333333333,0.0142966666666667,0.01118,0.00735833333333333,0.00535166666666667,0.00805666666666667,0.005945,0.00550833333333333,0.008965,0.00467666666666667,0.00407333333333333,0.00466333333333333,0.00414833333333333,0.00291666666666667,0.002065,0.00134666666666667,0.00133,0.00094,0.00143333333333333,0.001005,0.000538333333333333,0.000428333333333333,0.000426666666666667,0.000748333333333333,0.000101666666666667,0.000423333333333333,0.000423333333333333,0,0.00042,0,0,0,0.000413333333333333,0.0000866666666666667,0.000253333333333333,0.000273333333333333,0.000293333333333333,0.000313333333333333,0.000333333333333333,0.0001,0,1,0,0,0,0,0,0,1,1,1,1,1,1,1,1,1,1,1,1,1,1,1,1,1,1,1,1,1,1,1,1,1,1,1,1,1,1,1,1,1,1,1,1,1,1,1,1,1,1,1,1,1,1,1,1,1,1,1,1,1,1,1,1,1,1,1,1,1,1,1,1,1,1,1,1,1,1,1,1,0
2026-06-02 20:00:00,35.8648831833333,0,0,0,0,0,0,0.0207516666666667,1.94047,8.04674833333333,9.13218833333333,5.44390333333333,3.21910166666667,2.23557333333333,1.715275,1.24488333333333,0.597768333333333,0.318445,0.194926666666667,0.13285,0.113421666666667,0.111186666666667,0.125801666666667,0.123003333333333,0.0826866666666667,0.0894866666666667,0.06044,0.069215,0.0645783333333333,0.0581183333333333,0.052035,0.0520033333333333,0.0457316666666667,0.0380416666666667,0.0379983333333333,0.03066,0.0220216666666667,0.024485,0.018965,0.0138166666666667,0.00865666666666667,0.0102883333333333,0.00626,0.006555,0.00519333333333333,0.00490333333333333,0.0056,0.00463166666666667,0.00480166666666667,0.00446166666666667,0.00371666666666667,0.00629333333333333,0.00337333333333333,0.00494666666666667,0.00251666666666667,0.00326666666666667,0.00102,0.00209333333333333,0.000428333333333333,0.00171333333333333,0.00170666666666667,0.00019,0.00056,0.000101666666666667,0.000385,0.000461666666666667,0,0,0,0,0.00083,0,0.000866666666666667,0.000126666666666667,0.000136666666666667,0.000146666666666667,0.000156666666666667,0.000166666666666667,0.00005,0,1,0,0,0,0,0,0,1,1,1,1,1,1,1,1,1,1,1,1,1,1,1,1,1,1,1,1,1,1,1,1,1,1,1,1,1,1,1,1,1,1,1,1,1,1,1,1,1,1,1,1,1,1,1,1,1,1,1,1,1,1,1,1,1,1,1,1,1,1,1,1,1,1,1,1,1,1,1,1,0
2026-06-02 21:00:00,28.4774369,0,0,0,0,0,0,0.0290766666666667,1.81896333333333,6.760095,7.17741833333333,4.19043666666667,2.40968666666667,1.61925666666667,1.249925,0.929168333333333,0.496095,0.250853333333333,0.149766666666667,0.102343333333333,0.100146666666667,0.108273333333333,0.108696666666667,0.117748333333333,0.0994783333333333,0.06965,0.057315,0.0681183333333333,0.0673833333333333,0.0546933333333333,0.0696983333333333,0.0495116666666667,0.053525,0.0443,0.0354883333333333,0.03174,0.0216866666666667,0.0213666666666667,0.0190966666666667,0.0142866666666667,0.0110833333333333,0.00963,0.00756833333333333,0.005605,0.00591166666666667,0.00743833333333333,0.00513333333333333,0.005785,0.00614333333333333,0.00168,0.00324166666666667,0.00592333333333333,0.00373666666666667,0.002975,0.00255333333333333,0.00185,0.00220166666666667,0.000171666666666667,0.00315166666666667,0.000966666666666667,0.000856666666666667,0.00019,0.000661666666666667,0.000425,0,0.000421666666666667,0,0,0,0,0,0,0,0,0,0,0,0,0,0,1,0,0,0,0,0,0,1,1,1,1,1,1,1,1,1,1,1,1,1,1,1,1,1,1,1,1,1,1,1,1,1,1,1,1,1,1,1,1,1,1,1,1,1,1,1,1,1,1,1,1,1,1,1,1,1,1,1,1,1,1,1,1,1,1,1,1,1,1,1,1,1,1,1,1,1,1,1,1,0
2026-06-02 22:00:00,39.7234216333333,0,0,0,0,0,0,0.028615,1.84337,7.58435833333333,9.017995,5.82400833333333,3.76578166666667,2.72725166666667,2.250835,1.99092166666667,1.24580666666667,0.605855,0.376493333333333,0.256665,0.215858333333333,0.198233333333333,0.196946666666667,0.174428333333333,0.148,0.110708333333333,0.08337,0.0903216666666667,0.0892683333333333,0.0674183333333333,0.0640366666666667,0.0670433333333333,0.0491166666666667,0.04541,0.04664,0.0303083333333333,0.036545,0.0267616666666667,0.0196483333333333,0.01898,0.0150066666666667,0.00940666666666667,0.00863833333333333,0.0103933333333333,0.0101766666666667,0.00680166666666667,0.00692166666666667,0.00621333333333333,0.00456833333333333,0.00598333333333333,0.00466,0.00421,0.00253,0.00175,0.000775,0.00176166666666667,0.001425,0.0037,0.00169333333333333,0.000538333333333333,0.000853333333333333,0.000426666666666667,0,0.000425,0,0.000423333333333333,0,0,0,0.000416666666666667,0,0,0.0000216666666666667,0.0000633333333333333,0.0000683333333333333,0.0000733333333333333,0.0000783333333333333,0.0000833333333333333,0.000025,0,1,0,0,0,0,0,0,1,1,1,1,1,1,1,1,1,1,1,1,1,1,1,1,1,1,1,1,1,1,1,1,1,1,1,1,1,1,1,1,1,1,1,1,1,1,1,1,1,1,1,1,1,1,1,1,1,1,1,1,1,1,1,1,1,1,1,1,1,1,1,1,1,1,1,1,1,1,1,1,0
2026-06-02 23:00:00,43.0827527333333,0,0,0,0,0,0,0.02295,2.03574,8.924605,10.5696266666667,6.61504,4.08812,2.70848,2.16428333333333,1.76045833333333,1.10824666666667,0.523893333333333,0.319226666666667,0.208555,0.192705,0.161221666666667,0.175863333333333,0.186731666666667,0.141375,0.125876666666667,0.100505,0.0954533333333333,0.09707,0.0788733333333333,0.0717116666666667,0.0735566666666667,0.0665466666666667,0.0610983333333333,0.0466233333333333,0.0430966666666667,0.035595,0.0302316666666667,0.0266816666666667,0.019405,0.01176,0.00997666666666667,0.0114733333333333,0.00763,0.00513833333333333,0.00662833333333333,0.00703,0.00549,0.00424,0.00575666666666667,0.00793333333333333,0.00216666666666667,0.00125333333333333,0.00271833333333333,0.00198833333333333,0.00257166666666667,0.001395,0.000773333333333333,0.00089,0.00023,0.000251666666666667,0,0,0.000811666666666667,0.000461666666666667,0.000845,0,0.00042,0,0,0,0,0.000455,0.000126666666666667,0.000136666666666667,0.000146666666666667,0.000156666666666667,0.000166666666666667,0.00005,0,1,0,0,0,0,0,0,1,1,1,1,1,1,1,1,1,1,1,1,1,1,1,1,1,1,1,1,1,1,1,1,1,1,1,1,1,1,1,1,1,1,1,1,1,1,1,1,1,1,1,1,1,1,1,1,1,1,1,1,1,1,1,1,1,1,1,1,1,1,1,1,1,1,1,1,1,1,1,1,0
2026-06-03,41.4052589166667,0,0,0,0,0,0,0.0363883333333333,2.41092166666667,9.64758,11.091755,6.59467833333333,3.8737,2.45993833333333,1.70826333333333,1.27337,0.62558,0.296883333333333,0.180363333333333,0.140505,0.105536666666667,0.116458333333333,0.13065,0.163328333333333,0.126186666666667,0.107473333333333,0.0958583333333333,0.0774416666666667,0.0899383333333333,0.078115,0.0720366666666667,0.0696183333333333,0.0655683333333333,0.05396,0.0469116666666667,0.0390566666666667,0.033745,0.0340783333333333,0.0251666666666667,0.0174483333333333,0.0142783333333333,0.0138966666666667,0.009885,0.00904166666666667,0.00554,0.00902333333333333,0.00608166666666667,0.00665666666666667,0.00424166666666667,0.006165,0.00501,0.00312333333333333,0.00542333333333333,0.002975,0.00325833333333333,0.00193833333333333,0.00180166666666667,0.001605,0.00131833333333333,0.000483333333333333,0.000855,0.00104333333333333,0.000661666666666667,0,0,0.000421666666666667,0,0,0.000796666666666667,0.0000366666666666667,0,0,0.0000216666666666667,0.0000633333333333333,0.0000683333333333333,0.0000733333333333333,0.0000783333333333333,0.0000833333333333333,0.000025,0,1,0,0,0,0,0,0,1,1,1,1,1,1,1,1,1,1,1,1,1,1,1,1,1,1,1,1,1,1,1,1,1,1,1,1,1,1,1,1,1,1,1,1,1,1,1,1,1,1,1,1,1,1,1,1,1,1,1,1,1,1,1,1,1,1,1,1,1,1,1,1,1,1,1,1,1,1,1,1,0
2026-06-03 01:00:00,42.17901105,0,0,0,0,0,0,0.0361033333333333,2.19948166666667,9.11695833333333,10.8816433333333,6.87412166666667,4.153205,2.789645,1.96740333333333,1.52085166666667,0.664426666666667,0.358491666666667,0.218218333333333,0.14723,0.14439,0.127386666666667,0.143025,0.170523333333333,0.128698333333333,0.105115,0.0987616666666667,0.094335,0.087495,0.0810166666666667,0.075415,0.081905,0.0648783333333333,0.0565316666666667,0.0572083333333333,0.0578783333333333,0.0263333333333333,0.0248233333333333,0.019765,0.0186616666666667,0.01951,0.0108333333333333,0.00776166666666667,0.0104266666666667,0.00675333333333333,0.0108933333333333,0.00431833333333333,0.00897333333333333,0.00649,0.004635,0.004485,0.00468333333333333,0.00168666666666667,0.00454,0.00219166666666667,0.00141666666666667,0.00185666666666667,0.001635,0.00171666666666667,0.000428333333333333,0.000855,0.000426666666666667,0.000425,0,0.000423333333333333,0.000421666666666667,0.000421666666666667,0,0,0,0,0,0.000065,0.00019,0.000205,0.00022,0.000235,0.00025,0.000075,0,1,0,0,0,0,0,0,1,1,1,1,1,1,1,1,1,1,1,1,1,1,1,1,1,1,1,1,1,1,1,1,1,1,1,1,1,1,1,1,1,1,1,1,1,1,1,1,1,1,1,1,1,1,1,1,1,1,1,1,1,1,1,1,1,1,1,1,1,1,1,1,1,1,1,1,1,1,1,1,0
2026-06-03 02:00:00,40.3846746833333,0,0,0,0,0,0,0.0329533333333333,1.97596833333333,8.23062166666667,9.85608833333333,6.2872,3.925275,2.73855666666667,2.01461666666667,1.48893833333333,0.615005,0.322913333333333,0.192216666666667,0.136468333333333,0.129721666666667,0.144621666666667,0.148723333333333,0.181338333333333,0.12175,0.130295,0.108078333333333,0.108048333333333,0.111376666666667,0.100711666666667,0.0887666666666667,0.09815,0.0901916666666667,0.0706033333333333,0.0635083333333333,0.05008,0.047275,0.0403283333333333,0.03418,0.023045,0.016335,0.0123716666666667,0.0107883333333333,0.009595,0.00784333333333333,0.00857833333333333,0.00762666666666667,0.0101283333333333,0.005565,0.006695,0.00772,0.00644166666666667,0.00547,0.00256666666666667,0.00265,0.00303166666666667,0.000888333333333333,0.00272333333333333,0.00186166666666667,0.000888333333333333,0.00093,0.00104333333333333,0.000985,0.000526666666666667,0.000385,0.000385,0.00078,0.000558333333333333,0.000816666666666667,0.0000183333333333333,0,0,0.000411666666666667,0,0,0,0,0,0,0,1,0,0,0,0,0,0,1,1,1,1,1,1,1,1,1,1,1,1,1,1,1,1,1,1,1,1,1,1,1,1,1,1,1,1,1,1,1,1,1,1,1,1,1,1,1,1,1,1,1,1,1,1,1,1,1,1,1,1,1,1,1,1,1,1,1,1,1,1,1,1,1,1,1,1,1,1,1,1,0
2026-06-03 03:00:00,53.3714862666667,0,0,0,0,0,0,0.0302033333333333,2.371215,10.075925,12.9257,8.79323,5.89343833333333,4.05827833333333,2.938175,2.10868833333333,0.796526666666667,0.386495,0.24454,0.1831,0.169336666666667,0.199875,0.211691666666667,0.242741666666667,0.208126666666667,0.19369,0.164756666666667,0.139065,0.14124,0.13632,0.14684,0.11045,0.110951666666667,0.0934333333333333,0.0851466666666667,0.070535,0.0624516666666667,0.0445416666666667,0.0401783333333333,0.0358516666666667,0.0199,0.018165,0.01597,0.0122933333333333,0.01114,0.00759333333333333,0.00927333333333333,0.00918333333333333,0.0113233333333333,0.00498666666666667,0.00707166666666667,0.00303666666666667,0.00376,0.00329,0.00417333333333333,0.00294166666666667,0.001805,0.002065,0.00246666666666667,0.000713333333333333,0.001105,0.00213333333333333,0.00277166666666667,0.000628333333333333,0.00127,0.000421666666666667,0,0,0,0,0,0,0.000065,0.00019,0.000205,0.00022,0.000235,0.00025,0.000075,0,1,0,0,0,0,0,0,1,1,1,1,1,1,1,1,1,1,1,1,1,1,1,1,1,1,1,1,1,1,1,1,1,1,1,1,1,1,1,1,1,1,1,1,1,1,1,1,1,1,1,1,1,1,1,1,1,1,1,1,1,1,1,1,1,1,1,1,1,1,1,1,1,1,1,1,1,1,1,1,0
2026-06-03 04:00:00,101.391238033333,0,0,0,0,0,0,0.0342366666666667,2.758465,14.2478666666667,22.5549033333333,18.2013766666667,13.5191633333333,10.1210683333333,7.40999166666667,5.33521166666667,1.92092333333333,0.626361666666667,0.368866666666667,0.27025,0.265158333333333,0.28543,0.278801666666667,0.34878,0.27805,0.253006666666667,0.207386666666667,0.189456666666667,0.204735,0.17652,0.18661,0.153635,0.165581666666667,0.13793,0.11601,0.100761666666667,0.0928916666666667,0.071545,0.0599933333333333,0.0400166666666667,0.0309733333333333,0.0226716666666667,0.0257333333333333,0.0227116666666667,0.01301,0.0121016666666667,0.00928166666666667,0.0109733333333333,0.0151483333333333,0.0105666666666667,0.00874666666666667,0.00382,0.00462666666666667,0.00322,0.00433166666666667,0.003665,0.00263166666666667,0.00232166666666667,0.00234666666666667,0.001865,0.00203666666666667,0.00170666666666667,0.00159833333333333,0.000913333333333333,0.000461666666666667,0.000346666666666667,0.000496666666666667,0,0.000398333333333333,0.0000183333333333333,0,0,0.0000433333333333333,0.000126666666666667,0.000136666666666667,0.000146666666666667,0.000156666666666667,0.000166666666666667,0.00005,0,1,0,0,0,0,0,0,1,1,1,1,1,1,1,1,1,1,1,1,1,1,1,1,1,1,1,1,1,1,1,1,1,1,1,1,1,1,1,1,1,1,1,1,1,1,1,1,1,1,1,1,1,1,1,1,1,1,1,1,1,1,1,1,1,1,1,1,1,1,1,1,1,1,1,1,1,1,1,1,0
2026-06-03 05:00:00,95.5746653166667,0,0,0,0,0,0,0.03271,2.36197833333333,12.5550516666667,19.646585,16.4234033333333,12.3058616666667,9.66614833333333,7.78221,6.45610833333333,2.95922333333333,0.77404,0.434598333333333,0.302535,0.272531666666667,0.295635,0.325918333333333,0.371825,0.318745,0.273221666666667,0.246196666666667,0.235941666666667,0.227556666666667,0.203431666666667,0.198978333333333,0.185333333333333,0.169196666666667,0.149726666666667,0.1468,0.114696666666667,0.0940733333333333,0.0871116666666667,0.0689266666666667,0.04714,0.0461433333333333,0.029365,0.0304616666666667,0.0220483333333333,0.0181783333333333,0.01875,0.01734,0.0106216666666667,0.0100016666666667,0.013925,0.00476666666666667,0.00800833333333333,0.00501333333333333,0.00519166666666667,0.005405,0.00231666666666667,0.00360166666666667,0.00209333333333333,0.000746666666666667,0.00182333333333333,0,0.00147,0.000985,0.000526666666666667,0.000808333333333333,0.00046,0.000421666666666667,0,0.000398333333333333,0.0000183333333333333,0.000173333333333333,0.00024,0.0000216666666666667,0.0000633333333333333,0.0000683333333333333,0.0000733333333333333,0.0000783333333333333,0.0000833333333333333,0.000025,0,1,0,0,0,0,0,0,1,1,1,1,1,1,1,1,1,1,1,1,1,1,1,1,1,1,1,1,1,1,1,1,1,1,1,1,1,1,1,1,1,1,1,1,1,1,1,1,1,1,1,1,1,1,1,1,1,1,1,1,1,1,1,1,1,1,1,1,1,1,1,1,1,1,1,1,1,1,1,1,0
2026-06-03 06:00:00,45.75056945,0,0,0,0,0,0,0.02766,1.81482666666667,8.26419666666667,10.4515816666667,7.30726166666667,4.81248166666667,3.43620166666667,2.65784166666667,2.21356,1.07258833333333,0.383723333333333,0.272245,0.196328333333333,0.168696666666667,0.211893333333333,0.205376666666667,0.238148333333333,0.225226666666667,0.187326666666667,0.164306666666667,0.157326666666667,0.149416666666667,0.148245,0.136826666666667,0.117591666666667,0.112096666666667,0.0929983333333333,0.0840833333333333,0.08092,0.0625516666666667,0.0543433333333333,0.0466183333333333,0.04118,0.030115,0.024325,0.0166183333333333,0.0231216666666667,0.012325,0.01754,0.0105133333333333,0.013025,0.00898833333333333,0.00779,0.00786,0.00541,0.00460333333333333,0.00372166666666667,0.001505,0.002105,0.00309,0.00229333333333333,0.001435,0.00157,0.00238833333333333,0.00147,0.00108666666666667,0.000425,0.000808333333333333,0.00046,0,0.00042,0.000398333333333333,0.000241666666666667,0.00102333333333333,0,0.000065,0.00019,0.000205,0.00022,0.000235,0.00025,0.000075,0,1,0,0,0,0,0,0,1,1,1,1,1,1,1,1,1,1,1,1,1,1,1,1,1,1,1,1,1,1,1,1,1,1,1,1,1,1,1,1,1,1,1,1,1,1,1,1,1,1,1,1,1,1,1,1,1,1,1,1,1,1,1,1,1,1,1,1,1,1,1,1,1,1,1,1,1,1,1,1,0
2026-06-03 07:00:00,26.7455515666667,0,0,0,0,0,0,0.0204433333333333,1.35806,5.37407333333333,6.32818,4.123335,2.68772666666667,2.04609,1.56935833333333,1.23449666666667,0.55765,0.208346666666667,0.149406666666667,0.101125,0.105956666666667,0.10406,0.11639,0.139325,0.113648333333333,0.0857483333333333,0.0803516666666667,0.072015,0.0738483333333333,0.0609666666666667,0.0605683333333333,0.05763,0.0559966666666667,0.0415283333333333,0.040305,0.043165,0.0360283333333333,0.02768,0.02415,0.01687,0.0142366666666667,0.0122583333333333,0.00737833333333333,0.00611833333333333,0.00576,0.00752333333333333,0.007915,0.00788333333333333,0.00469333333333333,0.00455333333333333,0.00422666666666667,0.00286666666666667,0.00332666666666667,0.00252,0.00236833333333333,0.00172666666666667,0.000916666666666667,0.00123333333333333,0.000858333333333333,0.002745,0.00068,0,0,0,0.000808333333333333,0.0000383333333333333,0,0,0.000398333333333333,0.0000183333333333333,0,0,0.000476666666666667,0.00019,0.000205,0.00022,0.000235,0.00025,0.000075,0,1,0,0,0,0,0,0,1,1,1,1,1,1,1,1,1,1,1,1,1,1,1,1,1,1,1,1,1,1,1,1,1,1,1,1,1,1,1,1,1,1,1,1,1,1,1,1,1,1,1,1,1,1,1,1,1,1,1,1,1,1,1,1,1,1,1,1,1,1,1,1,1,1,1,1,1,1,1,1,0
2026-06-03 08:00:00,30.2414177333333,0,0,0,0,0,0,0.0242933333333333,1.47089,5.97627333333333,6.940485,4.53064333333333,3.10045,2.43585666666667,2.00144833333333,1.59235666666667,0.62135,0.266716666666667,0.165213333333333,0.124563333333333,0.106018333333333,0.107861666666667,0.101763333333333,0.111541666666667,0.0892533333333333,0.0915033333333333,0.0650633333333333,0.0706533333333333,0.062835,0.0570616666666667,0.0547816666666667,0.06472,0.05731,0.0437266666666667,0.0369666666666667,0.0332733333333333,0.0276133333333333,0.0214416666666667,0.015555,0.0175666666666667,0.0128666666666667,0.0111833333333333,0.00905833333333333,0.010285,0.00930833333333333,0.00553166666666667,0.00667166666666667,0.003545,0.00601666666666667,0.00687333333333333,0.004325,0.00677166666666667,0.00496666666666667,0.00340666666666667,0.00332833333333333,0.002855,0.00433,0.00143333333333333,0.00106,0.004085,0.000251666666666667,0.000805,0.000473333333333333,0.00247333333333333,0.0005,0.00161333333333333,0.000496666666666667,0.00084,0,0,0.000415,0.00016,0.000318333333333333,0.00019,0.000205,0.00022,0.000235,0.00025,0.000075,0,1,0,0,0,0,0,0,1,1,1,1,1,1,1,1,1,1,1,1,1,1,1,1,1,1,1,1,1,1,1,1,1,1,1,1,1,1,1,1,1,1,1,1,1,1,1,1,1,1,1,1,1,1,1,1,1,1,1,1,1,1,1,1,1,1,1,1,1,1,1,1,1,1,1,1,1,1,1,1,0
2026-06-03 09:00:00,27.7242833833333,0,0,0,0,0,0,0.0234633333333333,1.23217,5.28141833333333,6.24579666666667,4.09143666666667,2.82875,2.29593166666667,1.99280333333333,1.68249333333333,0.709131666666667,0.303666666666667,0.172301666666667,0.123515,0.101355,0.08832,0.0921883333333333,0.0877866666666667,0.0790266666666667,0.0651,0.0528016666666667,0.03978,0.0509416666666667,0.0343933333333333,0.03828,0.0328266666666667,0.0393483333333333,0.0271016666666667,0.0229283333333333,0.0218083333333333,0.0162583333333333,0.0146383333333333,0.0127433333333333,0.0108266666666667,0.01084,0.00855166666666667,0.004945,0.00465833333333333,0.006535,0.005575,0.00587333333333333,0.00397,0.00248333333333333,0.00221333333333333,0.00406333333333333,0.00169333333333333,0.00166333333333333,0.00363,0.00191833333333333,0.00295,0.00155833333333333,0.00177833333333333,0.000631666666666667,0.00108666666666667,0.001535,0,0.000425,0.000386666666666667,0.0000383333333333333,0.000768333333333333,0.000075,0.000288333333333333,0.000131666666666667,0.000416666666666667,0.000588333333333333,0.00024,0.0000433333333333333,0.000126666666666667,0.000136666666666667,0.000146666666666667,0.000156666666666667,0.000166666666666667,0.00005,0,1,0,0,0,0,0,0,1,1,1,1,1,1,1,1,1,1,1,1,1,1,1,1,1,1,1,1,1,1,1,1,1,1,1,1,1,1,1,1,1,1,1,1,1,1,1,1,1,1,1,1,1,1,1,1,1,1,1,1,1,1,1,1,1,1,1,1,1,1,1,1,1,1,1,1,1,1,1,1,0
2026-06-03 10:00:00,30.4535262166667,0,0,0,0,0,0,0.02068,1.28672166666667,5.44396,6.58921,4.53716666666667,3.18615,2.58098333333333,2.10890166666667,1.80890166666667,0.914238333333333,0.43828,0.239898333333333,0.167903333333333,0.10819,0.100223333333333,0.102256666666667,0.0933083333333333,0.0765666666666667,0.0557516666666667,0.0525533333333333,0.0429933333333333,0.0426716666666667,0.0321883333333333,0.0225716666666667,0.0266,0.0266533333333333,0.0211733333333333,0.02087,0.0155416666666667,0.01804,0.0141416666666667,0.00875166666666667,0.0112016666666667,0.00883333333333333,0.00864666666666667,0.00586166666666667,0.00512333333333333,0.00634666666666667,0.00259666666666667,0.00134333333333333,0.00281833333333333,0.00339,0.00287333333333333,0.00209,0.00328166666666667,0.00207333333333333,0.00204166666666667,0.00255333333333333,0.00190333333333333,0.000458333333333333,0.002465,0.000946666666666667,0.000175,0.000251666666666667,0.00104333333333333,0.000236666666666667,0.000425,0,0.000421666666666667,0.000421666666666667,0,0,0,0.000415,0,0,0,0,0,0,0,0,0,1,0,0,0,0,0,0,1,1,1,1,1,1,1,1,1,1,1,1,1,1,1,1,1,1,1,1,1,1,1,1,1,1,1,1,1,1,1,1,1,1,1,1,1,1,1,1,1,1,1,1,1,1,1,1,1,1,1,1,1,1,1,1,1,1,1,1,1,1,1,1,1,1,1,1,1,1,1,1,0
2026-06-03 11:00:00,38.8065085333333,0,0,0,0,0,0,0.0353033333333333,2.01599666666667,8.00385333333333,9.33341166666667,5.92449166666667,3.908415,2.82061833333333,2.30720166666667,1.83166333333333,0.720521666666667,0.380516666666667,0.229303333333333,0.153996666666667,0.109525,0.0897583333333333,0.094655,0.089755,0.0693233333333333,0.0561766666666667,0.04185,0.0374183333333333,0.0391633333333333,0.031005,0.0292666666666667,0.0237683333333333,0.0223183333333333,0.0147266666666667,0.0130766666666667,0.00916833333333333,0.0170466666666667,0.014065,0.00864166666666667,0.00672,0.00861166666666667,0.00449333333333333,0.00541,0.00284,0.00476,0.00561,0.00679,0.00476833333333333,0.00203,0.00257333333333333,0.00219333333333333,0.00132166666666667,0.00125333333333333,0.00161,0.000571666666666667,0,0.0000283333333333333,0.000573333333333333,0.00106,0.001515,0.00153333333333333,0.00104333333333333,0.000236666666666667,0.000811666666666667,0.0000383333333333333,0.000421666666666667,0.000421666666666667,0,0.000398333333333333,0.0000183333333333333,0,0.000413333333333333,0.0000433333333333333,0.000126666666666667,0.000136666666666667,0.000146666666666667,0.000156666666666667,0.000166666666666667,0.00005,0,1,0,0,0,0,0,0,1,1,1,1,1,1,1,1,1,1,1,1,1,1,1,1,1,1,1,1,1,1,1,1,1,1,1,1,1,1,1,1,1,1,1,1,1,1,1,1,1,1,1,1,1,1,1,1,1,1,1,1,1,1,1,1,1,1,1,1,1,1,1,1,1,1,1,1,1,1,1,1,0
2026-06-03 12:00:00,38.1623305666667,0,0,0,0,0,0,0.0388,2.26858833333333,8.561305,9.17270166666667,5.57294166666667,3.61108666666667,2.66448,2.20933833333333,1.59429833333333,0.703816666666667,0.31941,0.195223333333333,0.140765,0.104018333333333,0.0871433333333333,0.105446666666667,0.1039,0.083135,0.0645983333333333,0.0591366666666667,0.049055,0.0579516666666667,0.0461516666666667,0.0342883333333333,0.0346033333333333,0.0323483333333333,0.0224816666666667,0.02086,0.018465,0.0176433333333333,0.01377,0.00878166666666667,0.00658833333333333,0.00918666666666667,0.00634833333333333,0.00690333333333333,0.00773666666666667,0.00668833333333333,0.00557833333333333,0.00301333333333333,0.00376333333333333,0.00369833333333333,0.00476166666666667,0.00202166666666667,0.003735,0.00166333333333333,0.00218166666666667,0.00241333333333333,0.002985,0.001985,0.00243666666666667,0.000945,0.000778333333333333,0.000503333333333333,0.00104333333333333,0.00056,0.000488333333333333,0.00123166666666667,0.00196333333333333,0.00135166666666667,0.000978333333333333,0.000418333333333333,0.000416666666666667,0,0.000413333333333333,0.0000866666666666667,0.000253333333333333,0.000273333333333333,0.000293333333333333,0.000313333333333333,0.000333333333333333,0.0001,0,1,0,0,0,0,0,0,1,1,1,1,1,1,1,1,1,1,1,1,1,1,1,1,1,1,1,1,1,1,1,1,1,1,1,1,1,1,1,1,1,1,1,1,1,1,1,1,1,1,1,1,1,1,1,1,1,1,1,1,1,1,1,1,1,1,1,1,1,1,1,1,1,1,1,1,1,1,1,1,0
2026-06-03 13:00:00,30.8592534666667,0,0,0,0,0,0,0.0147,0.995965,4.98013333333333,6.87261166666667,5.07798,3.41324333333333,2.54654833333333,2.05198833333333,1.26489333333333,0.608516666666667,0.33263,0.225875,0.16005,0.168956666666667,0.156561666666667,0.169983333333333,0.159721666666667,0.122063333333333,0.113296666666667,0.09761,0.089515,0.09643,0.064895,0.0880916666666667,0.0664833333333333,0.0664766666666667,0.061465,0.0512016666666667,0.0426233333333333,0.0407283333333333,0.0281216666666667,0.0256216666666667,0.0227066666666667,0.0215566666666667,0.0196966666666667,0.0114166666666667,0.0140283333333333,0.00933666666666667,0.00697,0.00629833333333333,0.00433333333333333,0.00730333333333333,0.00298,0.00445833333333333,0.00425166666666667,0.003325,0.00470333333333333,0.001435,0.001135,0.003625,0.00134666666666667,0.00163166666666667,0.00299833333333333,0.00128333333333333,0.00128,0.00159833333333333,0.0013,0.0005,0.00119166666666667,0.00078,0.00171166666666667,0.000945,0.00169666666666667,0.00056,0.0004,0.000491666666666667,0.000696666666666667,0.000746666666666667,0.000801666666666667,0.000861666666666667,0.000921666666666667,0.00027,0,1,0,0,0,0,0,0,1,1,1,1,1,1,1,1,1,1,1,1,1,1,1,1,1,1,1,1,1,1,1,1,1,1,1,1,1,1,1,1,1,1,1,1,1,1,1,1,1,1,1,1,1,1,1,1,1,1,1,1,1,1,1,1,1,1,1,1,1,1,1,1,1,1,1,1,1,1,1,1,0
2026-06-03 14:00:00,29.1121104333333,0,0,0,0,0,0,0.00958666666666667,0.817693333333333,4.33068,6.34154,4.66602833333333,3.24812,2.42945833333333,1.970335,1.038955,0.537823333333333,0.351408333333333,0.245883333333333,0.205336666666667,0.231456666666667,0.23724,0.28115,0.250641666666667,0.226518333333333,0.209161666666667,0.168416666666667,0.150043333333333,0.159065,0.128883333333333,0.115973333333333,0.108996666666667,0.098765,0.0949366666666667,0.0789883333333333,0.068625,0.0591633333333333,0.045595,0.0386,0.0240916666666667,0.02098,0.027905,0.0185733333333333,0.0179533333333333,0.01121,0.010055,0.0117283333333333,0.00779666666666667,0.00895333333333333,0.00796833333333333,0.00812666666666667,0.00683166666666667,0.00669833333333333,0.00506333333333333,0.005715,0.003955,0.00233666666666667,0.00309833333333333,0.00240333333333333,0.001285,0.002565,0.00147,0.00108666666666667,0.00166166666666667,0.001655,0.00092,0.00154833333333333,0.000558333333333333,0.000398333333333333,0.00251833333333333,0.000415,0.00124,0.000151666666666667,0.000443333333333333,0.000478333333333333,0.000513333333333333,0.000548333333333333,0.000583333333333333,0.000175,0,1,0,0,0,0,0,0,1,1,1,1,1,1,1,1,1,1,1,1,1,1,1,1,1,1,1,1,1,1,1,1,1,1,1,1,1,1,1,1,1,1,1,1,1,1,1,1,1,1,1,1,1,1,1,1,1,1,1,1,1,1,1,1,1,1,1,1,1,1,1,1,1,1,1,1,1,1,1,1,0
2026-06-03 15:00:00,26.7437767,0,0,0,0,0,0,0.00979833333333333,0.691246666666667,3.65049333333333,5.42697166666667,3.97686666666667,2.93873833333333,2.355495,2.02373333333333,1.131505,0.526031666666667,0.360603333333333,0.286765,0.239868333333333,0.246911666666667,0.252821666666667,0.265456666666667,0.253273333333333,0.220425,0.215841666666667,0.190151666666667,0.17914,0.17763,0.146236666666667,0.139378333333333,0.122376666666667,0.12616,0.107498333333333,0.080265,0.07116,0.066645,0.0517716666666667,0.0415083333333333,0.033695,0.0266916666666667,0.02561,0.01751,0.014185,0.011175,0.00981833333333333,0.012195,0.00708333333333333,0.009405,0.00684666666666667,0.00504,0.00594333333333333,0.00460333333333333,0.00256666666666667,0.00324,0.00542666666666667,0.00145,0.00260833333333333,0.00323666666666667,0.000538333333333333,0,0.00251333333333333,0.00282166666666667,0.000976666666666667,0.000885,0.00123,0.00134,0,0.000398333333333333,0.000658333333333333,0.000193333333333333,0.000413333333333333,0.000151666666666667,0.000443333333333333,0.000478333333333333,0.000513333333333333,0.000548333333333333,0.000583333333333333,0.000175,0,1,0,0,0,0,0,0,1,1,1,1,1,1,1,1,1,1,1,1,1,1,1,1,1,1,1,1,1,1,1,1,1,1,1,1,1,1,1,1,1,1,1,1,1,1,1,1,1,1,1,1,1,1,1,1,1,1,1,1,1,1,1,1,1,1,1,1,1,1,1,1,1,1,1,1,1,1,1,1,0
2026-06-03 16:00:00,21.3123885,0,0,0,0,0,0,0.008275,0.581525,2.97650833333333,4.14831,3.061365,2.167825,1.68153333333333,1.45172666666667,0.977803333333333,0.533858333333333,0.344341666666667,0.263075,0.230126666666667,0.222716666666667,0.207685,0.242358333333333,0.225145,0.200605,0.180128333333333,0.151588333333333,0.154763333333333,0.144321666666667,0.119193333333333,0.115361666666667,0.104343333333333,0.103978333333333,0.0880433333333333,0.0693066666666667,0.0703183333333333,0.04536,0.0412016666666667,0.0332633333333333,0.024455,0.0147766666666667,0.0163116666666667,0.014935,0.007775,0.00759666666666667,0.009,0.007005,0.006365,0.00514666666666667,0.00690333333333333,0.00603166666666667,0.00584,0.00253,0.00245,0.00177833333333333,0.00133,0.00137,0.00169166666666667,0,0.00181,0.00160833333333333,0.00213333333333333,0.001275,0.000425,0.000385,0.000883333333333333,0.000421666666666667,0.00084,0.000418333333333333,0,0.000415,0,0.0000433333333333333,0.000126666666666667,0.000136666666666667,0.000146666666666667,0.000156666666666667,0.000166666666666667,0.00005,0,1,0,0,0,0,0,0,1,1,1,1,1,1,1,1,1,1,1,1,1,1,1,1,1,1,1,1,1,1,1,1,1,1,1,1,1,1,1,1,1,1,1,1,1,1,1,1,1,1,1,1,1,1,1,1,1,1,1,1,1,1,1,1,1,1,1,1,1,1,1,1,1,1,1,1,1,1,1,1,0
2026-06-03 17:00:00,26.04637175,0,0,0,0,0,0,0.00511833333333333,0.66546,3.45722333333333,5.04742666666667,3.79947333333333,2.702725,2.103485,1.65441,1.06838833333333,0.676423333333333,0.462811666666667,0.344286666666667,0.303021666666667,0.295666666666667,0.302213333333333,0.31688,0.311123333333333,0.304446666666667,0.286041666666667,0.239503333333333,0.230511666666667,0.203905,0.183276666666667,0.188418333333333,0.166663333333333,0.147121666666667,0.130111666666667,0.114626666666667,0.0832233333333333,0.0807783333333333,0.0655783333333333,0.0582583333333333,0.0426966666666667,0.0301483333333333,0.028445,0.02528,0.0193216666666667,0.0144766666666667,0.01482,0.0109833333333333,0.010485,0.00596166666666667,0.00267333333333333,0.008495,0.00590166666666667,0.00590166666666667,0.004655,0.00408666666666667,0.00384,0.00225833333333333,0.001835,0.003095,0.00137333333333333,0.00093,0.000616666666666667,0.00141,0.000488333333333333,0.00169333333333333,0.000461666666666667,0,0.00154833333333333,0.000968333333333333,0.000416666666666667,0,0.000413333333333333,0.000628333333333333,0.000633333333333333,0.000683333333333333,0.000733333333333333,0.000783333333333333,0.000833333333333333,0.00025,0,1,0,0,0,0,0,0,1,1,1,1,1,1,1,1,1,1,1,1,1,1,1,1,1,1,1,1,1,1,1,1,1,1,1,1,1,1,1,1,1,1,1,1,1,1,1,1,1,1,1,1,1,1,1,1,1,1,1,1,1,1,1,1,1,1,1,1,1,1,1,1,1,1,1,1,1,1,1,1,0
2026-06-03 18:00:00,20.47971885,0,0,0,0,0,0,0.00369333333333333,0.45047,2.51097833333333,3.694795,2.60657833333333,1.828315,1.42776166666667,1.33075333333333,1.0029,0.644825,0.443848333333333,0.30853,0.284826666666667,0.26908,0.29251,0.298585,0.300955,0.26137,0.233953333333333,0.218313333333333,0.188555,0.189311666666667,0.172976666666667,0.171801666666667,0.144065,0.115301666666667,0.107893333333333,0.0984033333333333,0.0859883333333333,0.0747366666666667,0.0541633333333333,0.044505,0.031865,0.03062,0.0249516666666667,0.0214566666666667,0.015815,0.0110833333333333,0.0127316666666667,0.0117266666666667,0.00866166666666667,0.00771833333333333,0.004075,0.007655,0.00687666666666667,0.00624166666666667,0.00340666666666667,0.00307333333333333,0.00392,0.00357833333333333,0.00387,0.003295,0.000911666666666667,0.000426666666666667,0.000426666666666667,0,0.001275,0,0,0,0.000288333333333333,0.000131666666666667,0.000416666666666667,0,0.00016,0.000751666666666667,0.000253333333333333,0.000273333333333333,0.000293333333333333,0.000313333333333333,0.000333333333333333,0.0001,0,1,0,0,0,0,0,0,1,1,1,1,1,1,1,1,1,1,1,1,1,1,1,1,1,1,1,1,1,1,1,1,1,1,1,1,1,1,1,1,1,1,1,1,1,1,1,1,1,1,1,1,1,1,1,1,1,1,1,1,1,1,1,1,1,1,1,1,1,1,1,1,1,1,1,1,1,1,1,1,0
2026-06-03 19:00:00,18.7744921833333,0,0,0,0,0,0,0.006105,0.484918333333333,2.35512166666667,3.12834333333333,2.04611166666667,1.36604,1.05774666666667,1.02478333333333,0.92537,0.724381666666667,0.45205,0.358025,0.319378333333333,0.28718,0.331566666666667,0.348646666666667,0.351705,0.306488333333333,0.295451666666667,0.263335,0.239711666666667,0.215668333333333,0.206636666666667,0.18525,0.155948333333333,0.154471666666667,0.127491666666667,0.103493333333333,0.088565,0.086005,0.0706583333333333,0.0648616666666667,0.0513833333333333,0.0419483333333333,0.03896,0.0315166666666667,0.0287016666666667,0.018955,0.0151566666666667,0.0119866666666667,0.00955666666666667,0.00833666666666667,0.009375,0.00738166666666667,0.00377833333333333,0.00713166666666667,0.00497,0.00121333333333333,0.00162,0.00104833333333333,0.00180666666666667,0.00149166666666667,0.00108666666666667,0.00068,0.00128,0.00085,0.000386666666666667,0.0000383333333333333,0.00077,0.00162333333333333,0.000138333333333333,0,0.000416666666666667,0,0,0.0000216666666666667,0.0000633333333333333,0.0000683333333333333,0.0000733333333333333,0.0000783333333333333,0.0000833333333333333,0.000025,0,1,0,0,0,0,0,0,1,1,1,1,1,1,1,1,1,1,1,1,1,1,1,1,1,1,1,1,1,1,1,1,1,1,1,1,1,1,1,1,1,1,1,1,1,1,1,1,1,1,1,1,1,1,1,1,1,1,1,1,1,1,1,1,1,1,1,1,1,1,1,1,1,1,1,1,1,1,1,1,0
2026-06-03 20:00:00,21.94633385,0,0,0,0,0,0,0.00587833333333333,0.549581666666667,2.70127,3.51559666666667,2.21748166666667,1.55376333333333,1.24728666666667,1.22470333333333,1.18776833333333,0.933578333333333,0.630776666666667,0.481888333333333,0.41478,0.396646666666667,0.422711666666667,0.44084,0.437616666666667,0.406153333333333,0.355705,0.330303333333333,0.29453,0.290321666666667,0.240073333333333,0.229328333333333,0.21888,0.204153333333333,0.182093333333333,0.146835,0.142945,0.112398333333333,0.0906966666666667,0.0782966666666667,0.063335,0.049455,0.0503583333333333,0.0325733333333333,0.0293033333333333,0.023085,0.01688,0.016195,0.0151016666666667,0.00775666666666667,0.00983166666666667,0.00861333333333333,0.00763333333333333,0.00335,0.00617333333333333,0.00317666666666667,0.00388,0.00381166666666667,0.00306833333333333,0.000686666666666667,0.00206333333333333,0.00221333333333333,0.00128,0,0.00166166666666667,0.0000383333333333333,0,0,0,0.000398333333333333,0.000435,0,0.00032,0.000506666666666667,0,0,0,0,0,0,0,1,0,0,0,0,0,0,1,1,1,1,1,1,1,1,1,1,1,1,1,1,1,1,1,1,1,1,1,1,1,1,1,1,1,1,1,1,1,1,1,1,1,1,1,1,1,1,1,1,1,1,1,1,1,1,1,1,1,1,1,1,1,1,1,1,1,1,1,1,1,1,1,1,1,1,1,1,1,1,0
2026-06-03 21:00:00,22.70712305,0,0,0,0,0,0,0.00797333333333333,0.593168333333333,2.76927833333333,3.529575,2.23112166666667,1.52726833333333,1.33266,1.31340666666667,1.17599833333333,0.952488333333333,0.640368333333333,0.512273333333333,0.417541666666667,0.401021666666667,0.430325,0.452318333333333,0.471638333333333,0.432015,0.381703333333333,0.34625,0.335066666666667,0.304051666666667,0.262935,0.257686666666667,0.205713333333333,0.19868,0.184033333333333,0.163651666666667,0.14174,0.129448333333333,0.11165,0.081115,0.0656983333333333,0.053635,0.0453016666666667,0.0382516666666667,0.0295533333333333,0.0212216666666667,0.01951,0.0169566666666667,0.0114183333333333,0.01073,0.00857333333333333,0.00569,0.00986833333333333,0.00706333333333333,0.00453833333333333,0.005265,0.00231666666666667,0.00363166666666667,0.00180666666666667,0.00261,0.00168,0.001105,0.00147,0.000661666666666667,0.00166166666666667,0.000846666666666667,0.000385,0.000496666666666667,0.00042,0,0,0,0,0.0000216666666666667,0.0000633333333333333,0.0000683333333333333,0.0000733333333333333,0.0000783333333333333,0.0000833333333333333,0.000025,0,1,0,0,0,0,0,0,1,1,1,1,1,1,1,1,1,1,1,1,1,1,1,1,1,1,1,1,1,1,1,1,1,1,1,1,1,1,1,1,1,1,1,1,1,1,1,1,1,1,1,1,1,1,1,1,1,1,1,1,1,1,1,1,1,1,1,1,1,1,1,1,1,1,1,1,1,1,1,1,0
2026-06-03 22:00:00,21.57139705,0,0,0,0,0,0,0.00619833333333333,0.520488333333333,2.44644166666667,3.28451666666667,2.08220666666667,1.47099166666667,1.25253333333333,1.27718333333333,1.23606666666667,0.954456666666667,0.641571666666667,0.47362,0.422305,0.421478333333333,0.40111,0.445813333333333,0.498316666666667,0.434138333333333,0.382948333333333,0.359931666666667,0.319771666666667,0.317248333333333,0.264083333333333,0.246911666666667,0.235935,0.207443333333333,0.198355,0.172455,0.135873333333333,0.127633333333333,0.100665,0.0774,0.0604016666666667,0.052575,0.0422466666666667,0.03235,0.029195,0.0183666666666667,0.014415,0.0192016666666667,0.0145166666666667,0.00913166666666667,0.00814166666666667,0.00742333333333333,0.00417,0.005445,0.00261333333333333,0.00386666666666667,0.00214,0.00188,0.00200666666666667,0.00212166666666667,0.00114333333333333,0.001105,0.000426666666666667,0.000323333333333333,0.000101666666666667,0,0.000421666666666667,0,0,0,0.000416666666666667,0,0,0.0000216666666666667,0.0000633333333333333,0.0000683333333333333,0.0000733333333333333,0.0000783333333333333,0.0000833333333333333,0.000025,0,1,0,0,0,0,0,0,1,1,1,1,1,1,1,1,1,1,1,1,1,1,1,1,1,1,1,1,1,1,1,1,1,1,1,1,1,1,1,1,1,1,1,1,1,1,1,1,1,1,1,1,1,1,1,1,1,1,1,1,1,1,1,1,1,1,1,1,1,1,1,1,1,1,1,1,1,1,1,1,0
2026-06-03 23:00:00,21.0154036833333,0,0,0,0,0,0,0.005785,0.501028333333333,2.56279166666667,3.35647666666667,2.21341166666667,1.56533666666667,1.24265166666667,1.26301833333333,1.21026,0.900088333333333,0.585721666666667,0.428348333333333,0.398758333333333,0.35757,0.381818333333333,0.424361666666667,0.401921666666667,0.369488333333333,0.355181666666667,0.315973333333333,0.29363,0.290648333333333,0.246281666666667,0.216185,0.196366666666667,0.184198333333333,0.174988333333333,0.135438333333333,0.121343333333333,0.0843816666666667,0.0763016666666667,0.0599033333333333,0.0487933333333333,0.0409416666666667,0.0362266666666667,0.02705,0.0176966666666667,0.014445,0.014285,0.0120866666666667,0.00867,0.00632666666666667,0.00570166666666667,0.00554166666666667,0.00544666666666667,0.00293833333333333,0.00259,0.00127666666666667,0.00133,0.0018,0.000831666666666667,0.000428333333333333,0.001285,0.00128166666666667,0.000806666666666667,0.00164666666666667,0.000526666666666667,0,0,0,0,0,0.000416666666666667,0,0,0.0000433333333333333,0.000126666666666667,0.000136666666666667,0.000146666666666667,0.000156666666666667,0.000166666666666667,0.00005,0,1,0,0,0,0,0,0,1,1,1,1,1,1,1,1,1,1,1,1,1,1,1,1,1,1,1,1,1,1,1,1,1,1,1,1,1,1,1,1,1,1,1,1,1,1,1,1,1,1,1,1,1,1,1,1,1,1,1,1,1,1,1,1,1,1,1,1,1,1,1,1,1,1,1,1,1,1,1,1,0
2026-06-04,33.1257760333333,0,0,0,0,0,0,0.00829166666666667,0.623978333333333,3.40578,5.01705333333333,3.72283833333333,2.91156333333333,2.52746333333333,2.33706166666667,2.19418333333333,1.699425,1.01432166666667,0.759621666666667,0.577523333333333,0.499608333333333,0.460256666666667,0.445706666666667,0.465716666666667,0.44118,0.387918333333333,0.353458333333333,0.328401666666667,0.300951666666667,0.265458333333333,0.27329,0.224166666666667,0.205745,0.181288333333333,0.157336666666667,0.122481666666667,0.116703333333333,0.0942133333333333,0.073945,0.06234,0.0515866666666667,0.03691,0.0308683333333333,0.0248166666666667,0.0197616666666667,0.0151616666666667,0.013515,0.01107,0.00790166666666667,0.00906833333333333,0.010715,0.0051,0.00496666666666667,0.002135,0.00462333333333333,0.00274833333333333,0.00188,0.00166333333333333,0.000373333333333333,0.000483333333333333,0.00128166666666667,0.000426666666666667,0.000425,0.00085,0.000423333333333333,0.000423333333333333,0,0,0,0.000416666666666667,0,0,0.000411666666666667,0,0,0,0,0,0,0,1,0,0,0,0,0,0,1,1,1,1,1,1,1,1,1,1,1,1,1,1,1,1,1,1,1,1,1,1,1,1,1,1,1,1,1,1,1,1,1,1,1,1,1,1,1,1,1,1,1,1,1,1,1,1,1,1,1,1,1,1,1,1,1,1,1,1,1,1,1,1,1,1,1,1,1,1,1,1,0
2026-06-04 01:00:00,24.5854684666667,0,0,0,0,0,0,0.005985,0.564571666666667,2.967595,4.000355,2.784175,2.02049666666667,1.73991333333333,1.59483,1.52351,1.13843833333333,0.72989,0.50006,0.422633333333333,0.385871666666667,0.395236666666667,0.383138333333333,0.41106,0.369753333333333,0.341856666666667,0.295286666666667,0.275531666666667,0.240891666666667,0.231541666666667,0.20247,0.180068333333333,0.16358,0.139406666666667,0.124538333333333,0.112315,0.0899316666666667,0.0754433333333333,0.0587983333333333,0.0439633333333333,0.044105,0.0297783333333333,0.0316083333333333,0.023115,0.0138866666666667,0.0148533333333333,0.0121466666666667,0.00976,0.007935,0.00677333333333333,0.00507,0.00672666666666667,0.00253,0.00326666666666667,0.0028,0.00258833333333333,0.000458333333333333,0.00126166666666667,0.001605,0.00157,0.000251666666666667,0.000426666666666667,0.000425,0,0.000423333333333333,0,0,0,0,0,0.000415,0.000413333333333333,0.0000216666666666667,0.0000633333333333333,0.0000683333333333333,0.0000733333333333333,0.0000783333333333333,0.0000833333333333333,0.000025,0,1,0,0,0,0,0,0,1,1,1,1,1,1,1,1,1,1,1,1,1,1,1,1,1,1,1,1,1,1,1,1,1,1,1,1,1,1,1,1,1,1,1,1,1,1,1,1,1,1,1,1,1,1,1,1,1,1,1,1,1,1,1,1,1,1,1,1,1,1,1,1,1,1,1,1,1,1,1,1,0
2026-06-04 02:00:00,24.1785134833333,0,0,0,0,0,0,0.00652,0.513203333333333,2.89755333333333,4.057585,2.89342333333333,2.11458333333333,1.79989666666667,1.62428166666667,1.48749666666667,1.05335666666667,0.633621666666667,0.458855,0.379376666666667,0.352413333333333,0.359298333333333,0.382876666666667,0.388896666666667,0.368608333333333,0.32356,0.277891666666667,0.268058333333333,0.239031666666667,0.219138333333333,0.19726,0.172475,0.1689,0.133855,0.119733333333333,0.10777,0.082215,0.06111,0.048795,0.0378366666666667,0.027595,0.029115,0.0205566666666667,0.01582,0.0145933333333333,0.0117166666666667,0.00749,0.00794,0.00701666666666667,0.00376666666666667,0.00293,0.00458166666666667,0.00337333333333333,0.00333833333333333,0.00221,0.00138333333333333,0.000916666666666667,0.001405,0.00149,0.000055,0.000426666666666667,0.00213333333333333,0.000323333333333333,0.000101666666666667,0,0,0,0.000288333333333333,0.000131666666666667,0.00105666666666667,0.000608333333333333,0,0,0,0,0,0,0,0,0,1,0,0,0,0,0,0,1,1,1,1,1,1,1,1,1,1,1,1,1,1,1,1,1,1,1,1,1,1,1,1,1,1,1,1,1,1,1,1,1,1,1,1,1,1,1,1,1,1,1,1,1,1,1,1,1,1,1,1,1,1,1,1,1,1,1,1,1,1,1,1,1,1,1,1,1,1,1,1,0
2026-06-04 03:00:00,22.6590903166667,0,0,0,0,0,0,0.00533333333333333,0.466893333333333,2.54823166666667,3.685125,2.51515166666667,1.87134833333333,1.60497166666667,1.57670166666667,1.52932166666667,0.96842,0.564085,0.42539,0.377108333333333,0.345265,0.362468333333333,0.406843333333333,0.413761666666667,0.36536,0.33888,0.303961666666667,0.284916666666667,0.261995,0.253245,0.214958333333333,0.188725,0.169625,0.14993,0.126448333333333,0.111738333333333,0.0906583333333333,0.0827866666666667,0.0722116666666667,0.054935,0.0409666666666667,0.0328566666666667,0.0250816666666667,0.02169,0.014345,0.0149133333333333,0.0110516666666667,0.0081,0.00424,0.00494,0.00107166666666667,0.004295,0.00503666666666667,0.003745,0.00141666666666667,0.002625,0.0000516666666666667,0.00103166666666667,0.000688333333333333,0.000856666666666667,0.000426666666666667,0.000853333333333333,0.001275,0.000386666666666667,0.000461666666666667,0,0,0.00042,0,0,0,0,0.0000216666666666667,0.0000633333333333333,0.0000683333333333333,0.0000733333333333333,0.0000783333333333333,0.0000833333333333333,0.000025,0,1,0,0,0,0,0,0,1,1,1,1,1,1,1,1,1,1,1,1,1,1,1,1,1,1,1,1,1,1,1,1,1,1,1,1,1,1,1,1,1,1,1,1,1,1,1,1,1,1,1,1,1,1,1,1,1,1,1,1,1,1,1,1,1,1,1,1,1,1,1,1,1,1,1,1,1,1,1,1,0
2026-06-04 04:00:00,19.8410930333333,0,0,0,0,0,0,0.00433333333333333,0.376113333333333,2.04524166666667,2.95638166666667,2.16102,1.592615,1.45100333333333,1.42161,1.41019166666667,0.909215,0.533865,0.381733333333333,0.349613333333333,0.326498333333333,0.334773333333333,0.38272,0.385161666666667,0.378806666666667,0.327291666666667,0.266238333333333,0.278518333333333,0.238433333333333,0.221883333333333,0.2072,0.175961666666667,0.175801666666667,0.148781666666667,0.120821666666667,0.122108333333333,0.0927466666666667,0.0738266666666667,0.05818,0.0507116666666667,0.0389216666666667,0.0259416666666667,0.0241433333333333,0.0178483333333333,0.0177083333333333,0.0173233333333333,0.0102933333333333,0.010415,0.00775166666666667,0.00478833333333333,0.00641166666666667,0.00497333333333333,0.00414666666666667,0.004225,0.00228,0.00176166666666667,0.0018,0.00143333333333333,0.00106166666666667,0.000911666666666667,0,0.000616666666666667,0.000236666666666667,0.000425,0,0.000346666666666667,0.000075,0,0.000418333333333333,0,0,0,0,0,0,0,0,0,0,0,1,0,0,0,0,0,0,1,1,1,1,1,1,1,1,1,1,1,1,1,1,1,1,1,1,1,1,1,1,1,1,1,1,1,1,1,1,1,1,1,1,1,1,1,1,1,1,1,1,1,1,1,1,1,1,1,1,1,1,1,1,1,1,1,1,1,1,1,1,1,1,1,1,1,1,1,1,1,1,0
2026-06-04 05:00:00,18.2149367333333,0,0,0,0,0,0,0.00588,0.392581666666667,2.18049333333333,2.98262166666667,2.037635,1.461235,1.169745,1.08698833333333,1.13055166666667,0.691108333333333,0.393311666666667,0.29579,0.283566666666667,0.262178333333333,0.297043333333333,0.31949,0.322648333333333,0.269816666666667,0.258878333333333,0.23775,0.236553333333333,0.19373,0.180236666666667,0.179468333333333,0.15593,0.130346666666667,0.10847,0.109941666666667,0.084925,0.073605,0.0591833333333333,0.0485016666666667,0.04655,0.027245,0.025175,0.01818,0.0185616666666667,0.0131366666666667,0.012895,0.006415,0.00541333333333333,0.005435,0.00473333333333333,0.00807333333333333,0.00379833333333333,0.00334833333333333,0.00249666666666667,0.000571666666666667,0.00172666666666667,0.000916666666666667,0.00157666666666667,0.00174833333333333,0.000055,0.000855,0.000426666666666667,0.000323333333333333,0.000101666666666667,0.000385,0.00046,0.000421666666666667,0.00084,0,0,0,0,0,0,0,0,0,0,0,0,1,0,0,0,0,0,0,1,1,1,1,1,1,1,1,1,1,1,1,1,1,1,1,1,1,1,1,1,1,1,1,1,1,1,1,1,1,1,1,1,1,1,1,1,1,1,1,1,1,1,1,1,1,1,1,1,1,1,1,1,1,1,1,1,1,1,1,1,1,1,1,1,1,1,1,1,1,1,1,0
2026-06-04 06:00:00,17.1292392166667,0,0,0,0,0,0,0.003705,0.436135,2.28859166666667,3.07182833333333,2.064955,1.36428833333333,1.04916,1.04387,0.997455,0.60712,0.382206666666667,0.288938333333333,0.249928333333333,0.255456666666667,0.26885,0.279848333333333,0.298718333333333,0.280743333333333,0.258851666666667,0.205906666666667,0.225806666666667,0.191406666666667,0.175501666666667,0.17142,0.145405,0.136638333333333,0.116391666666667,0.0963116666666667,0.0839466666666667,0.0741566666666667,0.0679083333333333,0.0494316666666667,0.0414716666666667,0.0339316666666667,0.027035,0.0235433333333333,0.0217566666666667,0.0107116666666667,0.0153083333333333,0.00897833333333333,0.00794666666666667,0.00429333333333333,0.00401833333333333,0.00623,0.00425,0.00430666666666667,0.00218166666666667,0.003365,0.00343333333333333,0.00145,0.00209333333333333,0.000373333333333333,0.000055,0.000426666666666667,0.000426666666666667,0.001275,0.000386666666666667,0.000461666666666667,0.000423333333333333,0,0.00042,0,0,0,0,0.000433333333333333,0.0000633333333333333,0.0000683333333333333,0.0000733333333333333,0.0000783333333333333,0.0000833333333333333,0.000025,0,1,0,0,0,0,0,0,1,1,1,1,1,1,1,1,1,1,1,1,1,1,1,1,1,1,1,1,1,1,1,1,1,1,1,1,1,1,1,1,1,1,1,1,1,1,1,1,1,1,1,1,1,1,1,1,1,1,1,1,1,1,1,1,1,1,1,1,1,1,1,1,1,1,1,1,1,1,1,1,0
2026-06-04 07:00:00,12.4270780833333,0,0,0,0,0,0,0.000866666666666667,0.213891666666667,1.140035,1.60296666666667,1.15525166666667,0.894098333333333,0.804488333333333,0.796213333333333,0.827998333333333,0.645631666666667,0.40913,0.325401666666667,0.268423333333333,0.244191666666667,0.244178333333333,0.298361666666667,0.287151666666667,0.274741666666667,0.242741666666667,0.229868333333333,0.202261666666667,0.19542,0.164338333333333,0.159346666666667,0.13481,0.136708333333333,0.111401666666667,0.098665,0.0758866666666667,0.0691483333333333,0.0603883333333333,0.0547066666666667,0.0448233333333333,0.037195,0.0325066666666667,0.0212233333333333,0.020085,0.017585,0.01117,0.00798666666666667,0.007425,0.00774166666666667,0.01098,0.004865,0.00716166666666667,0.00337166666666667,0.00417666666666667,0.00264166666666667,0.000898333333333333,0.00134166666666667,0.00043,0.000746666666666667,0.001395,0.000855,0.00019,0.000236666666666667,0.000386666666666667,0.000461666666666667,0.000843333333333333,0.000421666666666667,0,0,0,0.000415,0,0,0,0,0,0,0,0,0,1,0,0,0,0,0,0,1,1,1,1,1,1,1,1,1,1,1,1,1,1,1,1,1,1,1,1,1,1,1,1,1,1,1,1,1,1,1,1,1,1,1,1,1,1,1,1,1,1,1,1,1,1,1,1,1,1,1,1,1,1,1,1,1,1,1,1,1,1,1,1,1,1,1,1,1,1,1,1,0
2026-06-04 08:00:00,13.2668175166667,0,0,0,0,0,0,0.004145,0.329683333333333,1.57827666666667,2.20965833333333,1.45706166666667,1.05018333333333,0.872981666666667,0.824968333333333,0.804415,0.586138333333333,0.352168333333333,0.266851666666667,0.212525,0.214353333333333,0.207815,0.242635,0.240831666666667,0.2166,0.202151666666667,0.174318333333333,0.151231666666667,0.1501,0.116938333333333,0.12196,0.091155,0.0906883333333333,0.0813783333333333,0.06696,0.0642333333333333,0.0523866666666667,0.0345333333333333,0.0377866666666667,0.0310733333333333,0.02521,0.0220016666666667,0.0145,0.0121866666666667,0.00993,0.00796666666666667,0.00746333333333333,0.00287666666666667,0.00541833333333333,0.00626333333333333,0.00460333333333333,0.003405,0.00125333333333333,0.00420166666666667,0.00237666666666667,0.00164833333333333,0.0000283333333333333,0.000831666666666667,0,0.000428333333333333,0,0.000426666666666667,0,0.000386666666666667,0.0000383333333333333,0.00126666666666667,0,0,0,0,0,0,0,0,0,0,0,0,0,0,1,0,0,0,0,0,0,1,1,1,1,1,1,1,1,1,1,1,1,1,1,1,1,1,1,1,1,1,1,1,1,1,1,1,1,1,1,1,1,1,1,1,1,1,1,1,1,1,1,1,1,1,1,1,1,1,1,1,1,1,1,1,1,1,1,1,1,1,1,1,1,1,1,1,1,1,1,1,1,0
2026-06-04 09:00:00,14.8277200166667,0,0,0,0,0,0,0.00556,0.457075,2.18315833333333,2.72305833333333,1.846795,1.231575,0.984808333333333,0.878333333333333,0.821295,0.595213333333333,0.3563,0.248085,0.184,0.182648333333333,0.16847,0.188385,0.191385,0.165311666666667,0.168841666666667,0.139485,0.115805,0.117343333333333,0.100941666666667,0.09753,0.0884316666666667,0.0780516666666667,0.0557816666666667,0.0589533333333333,0.0451683333333333,0.0383133333333333,0.0278766666666667,0.0236233333333333,0.0199216666666667,0.0166433333333333,0.0143233333333333,0.00994,0.0140066666666667,0.0109,0.008465,0.00695833333333333,0.00555666666666667,0.00610833333333333,0.004435,0.00262666666666667,0.001365,0.00248333333333333,0.00365166666666667,0.001575,0.00296666666666667,0.00266,0.00177666666666667,0.00206333333333333,0.00171333333333333,0,0.000853333333333333,0.00085,0.000773333333333333,0.0000766666666666667,0.000346666666666667,0.000075,0.00042,0,0,0.000415,0,0,0,0,0,0,0,0,0,1,0,0,0,0,0,0,1,1,1,1,1,1,1,1,1,1,1,1,1,1,1,1,1,1,1,1,1,1,1,1,1,1,1,1,1,1,1,1,1,1,1,1,1,1,1,1,1,1,1,1,1,1,1,1,1,1,1,1,1,1,1,1,1,1,1,1,1,1,1,1,1,1,1,1,1,1,1,1,0
2026-06-04 10:00:00,17.2382698833333,0,0,0,0,0,0,0.00663833333333333,0.555911666666667,2.64811666666667,3.37964,2.25176833333333,1.55280166666667,1.200005,1.09627333333333,0.963078333333333,0.718478333333333,0.410033333333333,0.23802,0.184426666666667,0.174635,0.1629,0.181456666666667,0.19196,0.171398333333333,0.137985,0.122605,0.115056666666667,0.0903933333333333,0.098945,0.09367,0.0617283333333333,0.06574,0.0563283333333333,0.05564,0.0448683333333333,0.03683,0.0321116666666667,0.0232483333333333,0.0248016666666667,0.0199433333333333,0.0156683333333333,0.0107633333333333,0.0108516666666667,0.00896333333333333,0.00839333333333333,0.00798833333333333,0.00578166666666667,0.007845,0.00264666666666667,0.004105,0.00425166666666667,0.00294,0.000478333333333333,0.00353166666666667,0.00154166666666667,0.00271166666666667,0.00169166666666667,0.00123333333333333,0.000483333333333333,0.000855,0.000853333333333333,0.000748333333333333,0.000101666666666667,0.000423333333333333,0.000423333333333333,0.000988333333333333,0.000696666666666667,0.000398333333333333,0.000435,0,0.000413333333333333,0.000563333333333333,0.000443333333333333,0.000478333333333333,0.000513333333333333,0.000548333333333333,0.000583333333333333,0.000175,0,1,0,0,0,0,0,0,1,1,1,1,1,1,1,1,1,1,1,1,1,1,1,1,1,1,1,1,1,1,1,1,1,1,1,1,1,1,1,1,1,1,1,1,1,1,1,1,1,1,1,1,1,1,1,1,1,1,1,1,1,1,1,1,1,1,1,1,1,1,1,1,1,1,1,1,1,1,1,1,0
2026-06-04 11:00:00,14.6570056666667,0,0,0,0,0,0,0.00785166666666667,0.566508333333333,2.570645,3.19259666666667,2.0147,1.340685,1.03113166666667,0.870253333333333,0.646423333333333,0.381291666666667,0.242313333333333,0.15775,0.127035,0.12866,0.13224,0.124706666666667,0.137661666666667,0.134363333333333,0.106811666666667,0.09877,0.0890066666666667,0.0817416666666667,0.0741533333333333,0.0729466666666667,0.0567583333333333,0.0537816666666667,0.04861,0.0436916666666667,0.0368466666666667,0.0443666666666667,0.03134,0.02033,0.0200966666666667,0.0129533333333333,0.0179483333333333,0.0116933333333333,0.0111333333333333,0.0101116666666667,0.01038,0.00646166666666667,0.00723166666666667,0.00366333333333333,0.00832833333333333,0.00556833333333333,0.00375666666666667,0.00458,0.00401333333333333,0.00128333333333333,0.003345,0.00225333333333333,0.00258,0.00043,0.001285,0.000855,0.00161333333333333,0.000946666666666667,0.00197166666666667,0.000153333333333333,0.000421666666666667,0.00141,0.000696666666666667,0.000418333333333333,0.000223333333333333,0.00119666666666667,0.000813333333333333,0.00073,0.00019,0.000205,0.00022,0.000235,0.00025,0.000075,0,1,0,0,0,0,0,0,1,1,1,1,1,1,1,1,1,1,1,1,1,1,1,1,1,1,1,1,1,1,1,1,1,1,1,1,1,1,1,1,1,1,1,1,1,1,1,1,1,1,1,1,1,1,1,1,1,1,1,1,1,1,1,1,1,1,1,1,1,1,1,1,1,1,1,1,1,1,1,1,0
2026-06-04 12:00:00,15.7009019666667,0,0,0,0,0,0,0.0119566666666667,0.823241666666667,3.24943666666667,3.49186166666667,2.197805,1.33525166666667,0.979856666666667,0.822365,0.50363,0.266855,0.203706666666667,0.125521666666667,0.103575,0.110196666666667,0.09864,0.111581666666667,0.107061666666667,0.0923366666666667,0.0841633333333333,0.07616,0.0757083333333333,0.0633366666666667,0.0697183333333333,0.0528316666666667,0.05142,0.0545866666666667,0.04197,0.04011,0.03553,0.0257183333333333,0.0259266666666667,0.0189316666666667,0.01831,0.0124566666666667,0.0118233333333333,0.0114583333333333,0.0110766666666667,0.00614,0.00999333333333333,0.00591833333333333,0.00389333333333333,0.00525666666666667,0.00532333333333333,0.0042,0.00384166666666667,0.00544666666666667,0.00295333333333333,0.00246666666666667,0.00269333333333333,0.00150166666666667,0.002695,0.00154666666666667,0.00171333333333333,0.002565,0.00251333333333333,0.000473333333333333,0.000425,0.00123166666666667,0.000731666666666667,0.00015,0.00154833333333333,0.000948333333333333,0.000435,0.00083,0.00165333333333333,0.000173333333333333,0.000506666666666667,0.000546666666666667,0.000586666666666667,0.000626666666666667,0.000666666666666667,0.0002,0,1,0,0,0,0,0,0,1,1,1,1,1,1,1,1,1,1,1,1,1,1,1,1,1,1,1,1,1,1,1,1,1,1,1,1,1,1,1,1,1,1,1,1,1,1,1,1,1,1,1,1,1,1,1,1,1,1,1,1,1,1,1,1,1,1,1,1,1,1,1,1,1,1,1,1,1,1,1,1,0
2026-06-04 13:00:00,19.1316841666667,0,0,0,0,0,0,0.0151166666666667,1.13918,4.202365,4.46170666666667,2.69352666666667,1.70926833333333,1.275985,1.03511333333333,0.53096,0.273943333333333,0.186651666666667,0.118601666666667,0.0853633333333333,0.0903433333333333,0.098655,0.118993333333333,0.08845,0.101301666666667,0.0806333333333333,0.0665816666666667,0.07623,0.074735,0.0628583333333333,0.0572966666666667,0.04689,0.0537866666666667,0.0421983333333333,0.0364716666666667,0.0365266666666667,0.029325,0.0265083333333333,0.0208366666666667,0.01906,0.0181533333333333,0.0135766666666667,0.00666833333333333,0.00913333333333333,0.00815833333333333,0.00620333333333333,0.00541333333333333,0.00411666666666667,0.00596333333333333,0.00409166666666667,0.00418833333333333,0.00286833333333333,0.00212,0.00165666666666667,0.00179666666666667,0.001945,0.00106666666666667,0.00129,0.000428333333333333,0.00120666666666667,0.00221333333333333,0.00019,0.000985,0.000951666666666667,0,0,0.000283333333333333,0.000978333333333333,0.000418333333333333,0.000863333333333333,0.000386666666666667,0.000413333333333333,0.000173333333333333,0.000506666666666667,0.000546666666666667,0.000586666666666667,0.000626666666666667,0.000666666666666667,0.0002,0,1,0,0,0,0,0,0,1,1,1,1,1,1,1,1,1,1,1,1,1,1,1,1,1,1,1,1,1,1,1,1,1,1,1,1,1,1,1,1,1,1,1,1,1,1,1,1,1,1,1,1,1,1,1,1,1,1,1,1,1,1,1,1,1,1,1,1,1,1,1,1,1,1,1,1,1,1,1,1,0
2026-06-04 14:00:00,20.803356,0,0,0,0,0,0,0.019605,1.39343666666667,5.26277666666667,5.45344,3.198265,1.944175,1.34633333333333,1.052515,0.582515,0.279351666666667,0.166791666666667,0.116125,0.0860133333333333,0.0796933333333333,0.07825,0.100405,0.0860183333333333,0.0642316666666667,0.0602666666666667,0.0567533333333333,0.0587716666666667,0.0499566666666667,0.04483,0.0417233333333333,0.0381533333333333,0.0297616666666667,0.0284983333333333,0.0287466666666667,0.0234433333333333,0.02148,0.0148,0.0164083333333333,0.0157166666666667,0.00663,0.0116066666666667,0.00757333333333333,0.00745,0.00535666666666667,0.00656666666666667,0.00666333333333333,0.00368166666666667,0.00442333333333333,0.005195,0.00363,0.00295,0.00300833333333333,0.00175,0.00275666666666667,0.00150666666666667,0.0018,0.00169166666666667,0.00154833333333333,0.00187833333333333,0.00213666666666667,0.00038,0.000796666666666667,0.00168666666666667,0.000923333333333333,0.00046,0.001265,0,0.000836666666666667,0.000416666666666667,0.00166,0.00016,0.000383333333333333,0.00038,0.00041,0.00044,0.00047,0.0005,0.00015,0,1,0,0,0,0,0,0,1,1,1,1,1,1,1,1,1,1,1,1,1,1,1,1,1,1,1,1,1,1,1,1,1,1,1,1,1,1,1,1,1,1,1,1,1,1,1,1,1,1,1,1,1,1,1,1,1,1,1,1,1,1,1,1,1,1,1,1,1,1,1,1,1,1,1,1,1,1,1,1,0
2026-06-04 15:00:00,23.3455358,0,0,0,0,0,0,0.0282366666666667,1.511325,5.87524833333333,5.929835,3.20535666666667,1.895705,1.38234666666667,1.07543,0.585551666666667,0.291308333333333,0.204838333333333,0.0994966666666667,0.0928866666666667,0.07874,0.0908633333333333,0.0874083333333333,0.0829883333333333,0.0682416666666667,0.06338,0.0555016666666667,0.0552916666666667,0.0446966666666667,0.0476466666666667,0.0427966666666667,0.0410133333333333,0.0418733333333333,0.0307216666666667,0.0250283333333333,0.0242533333333333,0.0236083333333333,0.0242183333333333,0.0177233333333333,0.00925333333333333,0.0103533333333333,0.00625,0.00822,0.00843,0.00719,0.00562,0.00611166666666667,0.00361,0.005275,0.00292666666666667,0.00498666666666667,0.00551,0.00289333333333333,0.003045,0.00317,0.00483166666666667,0.00197833333333333,0.00146166666666667,0.00229333333333333,0.000538333333333333,0.000853333333333333,0.000426666666666667,0.000323333333333333,0.000951666666666667,0.000423333333333333,0.000423333333333333,0.000843333333333333,0.000708333333333333,0.00136666666666667,0.000851666666666667,0.000415,0,0.0000216666666666667,0.0000633333333333333,0.0000683333333333333,0.0000733333333333333,0.0000783333333333333,0.0000833333333333333,0.000025,0,1,0,0,0,0,0,0,1,1,1,1,1,1,1,1,1,1,1,1,1,1,1,1,1,1,1,1,1,1,1,1,1,1,1,1,1,1,1,1,1,1,1,1,1,1,1,1,1,1,1,1,1,1,1,1,1,1,1,1,1,1,1,1,1,1,1,1,1,1,1,1,1,1,1,1,1,1,1,1,0
2026-06-04 16:00:00,23.79871635,0,0,0,0,0,0,0.0257066666666667,1.60005166666667,6.04197,6.02086333333333,3.29905666666667,1.95677666666667,1.37302333333333,1.10336333333333,0.582961666666667,0.242281666666667,0.149355,0.089725,0.0742933333333333,0.0818283333333333,0.0861366666666667,0.104478333333333,0.084035,0.071425,0.0602483333333333,0.0538366666666667,0.0542866666666667,0.0546983333333333,0.0494433333333333,0.0542833333333333,0.0383766666666667,0.0430383333333333,0.0315783333333333,0.0279533333333333,0.026705,0.0242316666666667,0.02437,0.0191766666666667,0.0135866666666667,0.0102933333333333,0.010845,0.00820333333333333,0.00635333333333333,0.0115416666666667,0.00623833333333333,0.00511833333333333,0.00354166666666667,0.00194,0.00552666666666667,0.003295,0.00421166666666667,0.00417,0.003745,0.00236833333333333,0.001725,0.00129,0.00163333333333333,0.001375,0.00171333333333333,0.00128333333333333,0.00170666666666667,0,0,0.000423333333333333,0,0.000421666666666667,0.00084,0,0.00064,0.00102333333333333,0,0.000108333333333333,0.000316666666666667,0.000341666666666667,0.000366666666666667,0.000391666666666667,0.000416666666666667,0.000125,0,1,0,0,0,0,0,0,1,1,1,1,1,1,1,1,1,1,1,1,1,1,1,1,1,1,1,1,1,1,1,1,1,1,1,1,1,1,1,1,1,1,1,1,1,1,1,1,1,1,1,1,1,1,1,1,1,1,1,1,1,1,1,1,1,1,1,1,1,1,1,1,1,1,1,1,1,1,1,1,0
2026-06-04 17:00:00,25.6020740333333,0,0,0,0,0,0,0.0257733333333333,1.79124166666667,6.46057,6.22082333333333,3.285475,1.98109666666667,1.42713666666667,1.18055833333333,0.678331666666667,0.305181666666667,0.200996666666667,0.143613333333333,0.112466666666667,0.105413333333333,0.108413333333333,0.156785,0.12106,0.11397,0.0785333333333333,0.0715816666666667,0.0890833333333333,0.09099,0.0680916666666667,0.0844583333333333,0.05968,0.06466,0.0537766666666667,0.0512916666666667,0.0449833333333333,0.0362033333333333,0.0293983333333333,0.02697,0.021845,0.0135633333333333,0.0152333333333333,0.0101,0.006835,0.0103033333333333,0.00600833333333333,0.00608166666666667,0.006365,0.007065,0.00544666666666667,0.00371333333333333,0.00429666666666667,0.00414666666666667,0.00588,0.0028,0.00377666666666667,0.002685,0.00103166666666667,0.00272166666666667,0.000713333333333333,0.00110833333333333,0.000426666666666667,0.00085,0.000425,0.000846666666666667,0.00119,0.000496666666666667,0.000288333333333333,0.000131666666666667,0,0,0.00016,0.000318333333333333,0.00019,0.000205,0.00022,0.000235,0.00025,0.000075,0,1,0,0,0,0,0,0,1,1,1,1,1,1,1,1,1,1,1,1,1,1,1,1,1,1,1,1,1,1,1,1,1,1,1,1,1,1,1,1,1,1,1,1,1,1,1,1,1,1,1,1,1,1,1,1,1,1,1,1,1,1,1,1,1,1,1,1,1,1,1,1,1,1,1,1,1,1,1,1,0
2026-06-04 18:00:00,23.92164905,0,0,0,0,0,0,0.02749,1.46000666666667,5.18331333333333,5.17643166666667,3.02305166666667,2.06388166666667,1.53990333333333,1.3352,0.861743333333333,0.372776666666667,0.273265,0.183928333333333,0.159465,0.158613333333333,0.169638333333333,0.21554,0.19674,0.171515,0.131518333333333,0.119715,0.114955,0.132076666666667,0.122643333333333,0.115753333333333,0.0942516666666667,0.0896116666666667,0.0832683333333333,0.0651416666666667,0.0496233333333333,0.05957,0.0407583333333333,0.0342883333333333,0.0256783333333333,0.01707,0.0168533333333333,0.01036,0.0110783333333333,0.0147816666666667,0.011525,0.00765,0.0102616666666667,0.00686833333333333,0.00718333333333333,0.00498333333333333,0.00479166666666667,0.00629,0.00470166666666667,0.00177833333333333,0.00251833333333333,0.00193166666666667,0.00295333333333333,0.002035,0.001395,0.000855,0,0.00085,0.000386666666666667,0.00211666666666667,0.000385,0.00120166666666667,0.000846666666666667,0.000131666666666667,0.000223333333333333,0.000366666666666667,0.00024,0.000173333333333333,0.000506666666666667,0.000545,0.000585,0.000626666666666667,0.000668333333333333,0.000198333333333333,0,1,0,0,0,0,0,0,1,1,1,1,1,1,1,1,1,1,1,1,1,1,1,1,1,1,1,1,1,1,1,1,1,1,1,1,1,1,1,1,1,1,1,1,1,1,1,1,1,1,1,1,1,1,1,1,1,1,1,1,1,1,1,1,1,1,1,1,1,1,1,1,1,1,1,1,1,1,1,1,0
2026-06-04 19:00:00,22.1247548833333,0,0,0,0,0,0,0.025615,1.37237666666667,5.01094333333333,4.9187,2.680485,1.67856833333333,1.28683833333333,1.11447333333333,0.776345,0.44842,0.290205,0.203893333333333,0.15936,0.159591666666667,0.17265,0.21647,0.197433333333333,0.182671666666667,0.144671666666667,0.129586666666667,0.126473333333333,0.121631666666667,0.111286666666667,0.116471666666667,0.088415,0.10152,0.07676,0.059115,0.0528283333333333,0.054715,0.0438883333333333,0.0352983333333333,0.0275116666666667,0.0224233333333333,0.0185933333333333,0.0101366666666667,0.0126466666666667,0.0115466666666667,0.00575333333333333,0.00870666666666667,0.005565,0.00699666666666667,0.00958,0.00549666666666667,0.00563666666666667,0.00376,0.004085,0.00226166666666667,0.00260666666666667,0.00190333333333333,0.00220666666666667,0.00152166666666667,0.00106333333333333,0.00160833333333333,0.00128,0.000748333333333333,0.000101666666666667,0.00161666666666667,0.00134166666666667,0.000421666666666667,0,0,0.000416666666666667,0.000588333333333333,0.00024,0.000065,0.00019,0.000203333333333333,0.000218333333333333,0.000235,0.000251666666666667,0.0000733333333333333,0,1,0,0,0,0,0,0,1,1,1,1,1,1,1,1,1,1,1,1,1,1,1,1,1,1,1,1,1,1,1,1,1,1,1,1,1,1,1,1,1,1,1,1,1,1,1,1,1,1,1,1,1,1,1,1,1,1,1,1,1,1,1,1,1,1,1,1,1,1,1,1,1,1,1,1,1,1,1,1,0
2026-06-04 20:00:00,18.0132071166667,0,0,0,0,0,0,0.01614,1.04966,3.841125,3.788225,2.07538833333333,1.28862166666667,0.999166666666667,0.843863333333333,0.690945,0.46047,0.2811,0.207465,0.168568333333333,0.156213333333333,0.163563333333333,0.18697,0.177728333333333,0.164661666666667,0.134856666666667,0.126328333333333,0.121141666666667,0.0993366666666667,0.0984883333333333,0.093365,0.0753116666666667,0.0729733333333333,0.0620416666666667,0.0567183333333333,0.0442933333333333,0.0358366666666667,0.0339266666666667,0.0331433333333333,0.0272833333333333,0.0189066666666667,0.0137966666666667,0.0118883333333333,0.0117266666666667,0.00890166666666667,0.009075,0.00806166666666667,0.00592666666666667,0.00306333333333333,0.00552166666666667,0.005565,0.00514,0.00209666666666667,0.00303333333333333,0.00205833333333333,0.002625,0.00309,0.00272333333333333,0.000688333333333333,0.000856666666666667,0.000856666666666667,0,0.00182,0.00073,0,0.000421666666666667,0,0,0.000398333333333333,0.0000183333333333333,0.000415,0,0.0000433333333333333,0.000126666666666667,0.000136666666666667,0.000146666666666667,0.000156666666666667,0.000166666666666667,0.00005,0,1,0,0,0,0,0,0,1,1,1,1,1,1,1,1,1,1,1,1,1,1,1,1,1,1,1,1,1,1,1,1,1,1,1,1,1,1,1,1,1,1,1,1,1,1,1,1,1,1,1,1,1,1,1,1,1,1,1,1,1,1,1,1,1,1,1,1,1,1,1,1,1,1,1,1,1,1,1,1,0
2026-06-04 21:00:00,12.74039785,0,0,0,0,0,0,0.00781333333333333,0.654216666666667,2.50201166666667,2.66868833333333,1.58716166666667,1.05041833333333,0.815635,0.70207,0.568685,0.378576666666667,0.249796666666667,0.142018333333333,0.130145,0.107186666666667,0.0966633333333333,0.110096666666667,0.125086666666667,0.098705,0.09661,0.0648216666666667,0.0550933333333333,0.0550633333333333,0.0492266666666667,0.0543966666666667,0.0492083333333333,0.0455966666666667,0.032215,0.037515,0.03755,0.0256366666666667,0.0238083333333333,0.01975,0.0138716666666667,0.00959,0.00877666666666667,0.00975166666666667,0.00470833333333333,0.00591166666666667,0.004935,0.007285,0.00628333333333333,0.00556333333333333,0.00458166666666667,0.002775,0.0031,0.00332666666666667,0.00197166666666667,0.00228,0.00052,0,0.00043,0.000428333333333333,0,0.00128166666666667,0.00128,0.000323333333333333,0.000101666666666667,0,0.00077,0.000075,0.00042,0,0.000416666666666667,0,0,0.0000216666666666667,0.0000633333333333333,0.0000683333333333333,0.0000733333333333333,0.0000783333333333333,0.0000833333333333333,0.000025,0,1,0,0,0,0,0,0,1,1,1,1,1,1,1,1,1,1,1,1,1,1,1,1,1,1,1,1,1,1,1,1,1,1,1,1,1,1,1,1,1,1,1,1,1,1,1,1,1,1,1,1,1,1,1,1,1,1,1,1,1,1,1,1,1,1,1,1,1,1,1,1,1,1,1,1,1,1,1,1,0
2026-06-04 22:00:00,12.49782795,0,0,0,0,0,0,0.00935833333333333,0.632648333333333,2.44513833333333,2.612195,1.516045,0.968976666666667,0.7731,0.698095,0.553558333333333,0.347708333333333,0.22436,0.14164,0.119488333333333,0.100445,0.096125,0.113545,0.125056666666667,0.122073333333333,0.093325,0.0874466666666667,0.065825,0.060625,0.0605616666666667,0.0626283333333333,0.0582633333333333,0.060965,0.0436866666666667,0.0319216666666667,0.0325233333333333,0.0318416666666667,0.0270066666666667,0.0187016666666667,0.0153416666666667,0.01185,0.0093,0.00736166666666667,0.00553166666666667,0.00874166666666667,0.006465,0.00886166666666667,0.00875,0.00291833333333333,0.00142666666666667,0.00363333333333333,0.00507666666666667,0.00212,0.00310333333333333,0.001645,0,0.000916666666666667,0.001405,0.000688333333333333,0.000603333333333333,0.00110833333333333,0.000426666666666667,0.000748333333333333,0.000101666666666667,0.000423333333333333,0.000421666666666667,0,0,0,0,0,0,0.000065,0.00019,0.000205,0.00022,0.000235,0.00025,0.000075,0,1,0,0,0,0,0,0,1,1,1,1,1,1,1,1,1,1,1,1,1,1,1,1,1,1,1,1,1,1,1,1,1,1,1,1,1,1,1,1,1,1,1,1,1,1,1,1,1,1,1,1,1,1,1,1,1,1,1,1,1,1,1,1,1,1,1,1,1,1,1,1,1,1,1,1,1,1,1,1,0
2026-06-04 23:00:00,25.6950683666667,0,0,0,0,0,0,0.0165416666666667,1.06696666666667,4.64077666666667,5.443855,3.43019833333333,2.37452833333333,1.79976,1.48424833333333,1.21589333333333,0.755543333333333,0.489418333333333,0.310713333333333,0.197028333333333,0.18517,0.182541666666667,0.222395,0.202468333333333,0.181501666666667,0.169496666666667,0.140896666666667,0.142861666666667,0.134875,0.121013333333333,0.11518,0.0900933333333333,0.104048333333333,0.0832033333333333,0.0744183333333333,0.0603616666666667,0.0555583333333333,0.03215,0.0306483333333333,0.02647,0.0182966666666667,0.0193666666666667,0.0133683333333333,0.01424,0.00687666666666667,0.011255,0.00943666666666667,0.00759166666666667,0.00728666666666667,0.00491666666666667,0.00724833333333333,0.00549,0.00462666666666667,0.00215833333333333,0.00214,0.00176166666666667,0.00134166666666667,0.00043,0.000803333333333333,0.00023,0.001105,0.000426666666666667,0.000425,0,0,0,0.000421666666666667,0.00042,0,0,0,0,0,0,0,0,0,0,0,0,1,0,0,0,0,0,0,1,1,1,1,1,1,1,1,1,1,1,1,1,1,1,1,1,1,1,1,1,1,1,1,1,1,1,1,1,1,1,1,1,1,1,1,1,1,1,1,1,1,1,1,1,1,1,1,1,1,1,1,1,1,1,1,1,1,1,1,1,1,1,1,1,1,1,1,1,1,1,1,0
2026-06-05,27.7962335333333,0,0,0,0,0,0,0.01647,1.03175,4.77907833333333,5.93440666666667,3.86171166666667,2.64153833333333,2.04100166666667,1.67770166666667,1.37562833333333,0.885943333333333,0.492705,0.316298333333333,0.219566666666667,0.23049,0.227136666666667,0.225113333333333,0.27212,0.224366666666667,0.201273333333333,0.184348333333333,0.170366666666667,0.157461666666667,0.142628333333333,0.120365,0.124768333333333,0.0964816666666667,0.102278333333333,0.0785783333333333,0.0675266666666667,0.06245,0.0453816666666667,0.0330983333333333,0.041535,0.0162083333333333,0.022875,0.0157533333333333,0.019285,0.0151816666666667,0.01288,0.0108033333333333,0.00548333333333333,0.00512833333333333,0.00761833333333333,0.00329166666666667,0.00555166666666667,0.00506,0.00578666666666667,0.005265,0.00112833333333333,0.000486666666666667,0.000975,0.002295,0.000966666666666667,0,0.00166,0.000796666666666667,0.000101666666666667,0,0,0.000421666666666667,0.00042,0.000398333333333333,0.0000183333333333333,0,0,0.0000216666666666667,0.0000633333333333333,0.0000683333333333333,0.0000733333333333333,0.0000783333333333333,0.0000833333333333333,0.000025,0,1,0,0,0,0,0,0,1,1,1,1,1,1,1,1,1,1,1,1,1,1,1,1,1,1,1,1,1,1,1,1,1,1,1,1,1,1,1,1,1,1,1,1,1,1,1,1,1,1,1,1,1,1,1,1,1,1,1,1,1,1,1,1,1,1,1,1,1,1,1,1,1,1,1,1,1,1,1,1,0
2026-06-05 01:00:00,22.6862560333333,0,0,0,0,0,0,0.0133033333333333,0.804113333333333,3.917575,4.98764166666667,3.25402666666667,2.1508,1.59038333333333,1.29968166666667,1.09783333333333,0.569318333333333,0.328586666666667,0.230838333333333,0.187978333333333,0.175171666666667,0.200645,0.196143333333333,0.228003333333333,0.205063333333333,0.174991666666667,0.146208333333333,0.13493,0.133823333333333,0.104423333333333,0.0947516666666667,0.10648,0.09435,0.07119,0.0507916666666667,0.0489733333333333,0.0380466666666667,0.0369833333333333,0.0304983333333333,0.02037,0.0200416666666667,0.015225,0.01689,0.0113683333333333,0.00949166666666667,0.00662833333333333,0.00767333333333333,0.005425,0.00608833333333333,0.00428,0.00455333333333333,0.00377833333333333,0.00291833333333333,0.00216,0.00214,0.00127666666666667,0.00311333333333333,0.00086,0.000858333333333333,0.001635,0.00093,0.000426666666666667,0.000425,0,0,0,0,0.00042,0,0,0,0,0.0000216666666666667,0.0000633333333333333,0.0000683333333333333,0.0000733333333333333,0.0000783333333333333,0.0000833333333333333,0.000025,0,1,0,0,0,0,0,0,1,1,1,1,1,1,1,1,1,1,1,1,1,1,1,1,1,1,1,1,1,1,1,1,1,1,1,1,1,1,1,1,1,1,1,1,1,1,1,1,1,1,1,1,1,1,1,1,1,1,1,1,1,1,1,1,1,1,1,1,1,1,1,1,1,1,1,1,1,1,1,1,0
2026-06-05 02:00:00,25.6976578666667,0,0,0,0,0,0,0.0105683333333333,0.849851666666667,4.10336,5.56117166666667,3.83412666666667,2.62100333333333,1.938385,1.49592666666667,1.23651,0.612836666666667,0.30859,0.237226666666667,0.196138333333333,0.173948333333333,0.183718333333333,0.20765,0.223708333333333,0.18009,0.154721666666667,0.142485,0.146543333333333,0.122375,0.108958333333333,0.103255,0.0991033333333333,0.0817733333333333,0.078225,0.0642383333333333,0.0522733333333333,0.0474033333333333,0.0311366666666667,0.0284583333333333,0.0266216666666667,0.01748,0.01776,0.010725,0.0135716666666667,0.00940166666666667,0.009225,0.00837166666666667,0.00903666666666667,0.00765,0.00371333333333333,0.00453833333333333,0.00251833333333333,0.00205,0.00424666666666667,0.00367166666666667,0.00278333333333333,0.001445,0.00189166666666667,0.00111666666666667,0,0.000426666666666667,0.000426666666666667,0.00085,0.000425,0,0,0,0.00042,0,0.000416666666666667,0,0,0,0,0,0,0,0,0,0,1,0,0,0,0,0,0,1,1,1,1,1,1,1,1,1,1,1,1,1,1,1,1,1,1,1,1,1,1,1,1,1,1,1,1,1,1,1,1,1,1,1,1,1,1,1,1,1,1,1,1,1,1,1,1,1,1,1,1,1,1,1,1,1,1,1,1,1,1,1,1,1,1,1,1,1,1,1,1,0
2026-06-05 03:00:00,25.42933705,0,0,0,0,0,0,0.0135283333333333,0.915805,4.384225,5.85876,3.97519333333333,2.70096,2.011275,1.49121666666667,1.07937333333333,0.484623333333333,0.270678333333333,0.19889,0.160608333333333,0.162873333333333,0.169401666666667,0.176081666666667,0.194313333333333,0.1766,0.154855,0.128663333333333,0.116023333333333,0.120125,0.109721666666667,0.10057,0.0872516666666667,0.0680416666666667,0.068055,0.055235,0.0473583333333333,0.0342983333333333,0.0370883333333333,0.029975,0.0243916666666667,0.019355,0.0174133333333333,0.00948833333333333,0.012785,0.0105483333333333,0.00768,0.00894,0.00772833333333333,0.00792,0.00833166666666667,0.00357333333333333,0.00307666666666667,0.00209666666666667,0.00261333333333333,0.00120666666666667,0.00133,0.000911666666666667,0.000601666666666667,0.00111666666666667,0.00188833333333333,0.000678333333333333,0.000853333333333333,0.000425,0,0.000423333333333333,0.000423333333333333,0.000421666666666667,0,0,0,0,0,0.000411666666666667,0,0,0,0,0,0,0,1,0,0,0,0,0,0,1,1,1,1,1,1,1,1,1,1,1,1,1,1,1,1,1,1,1,1,1,1,1,1,1,1,1,1,1,1,1,1,1,1,1,1,1,1,1,1,1,1,1,1,1,1,1,1,1,1,1,1,1,1,1,1,1,1,1,1,1,1,1,1,1,1,1,1,1,1,1,1,0
2026-06-05 04:00:00,23.3740485833333,0,0,0,0,0,0,0.014165,0.891596666666667,4.23895,5.33276666666667,3.48124166666667,2.27892666666667,1.66396833333333,1.35866333333333,1.0838,0.548246666666667,0.284323333333333,0.2203,0.19168,0.167245,0.18017,0.202511666666667,0.202351666666667,0.165385,0.15883,0.150746666666667,0.125276666666667,0.118221666666667,0.10739,0.104198333333333,0.0947416666666667,0.077935,0.075055,0.0621783333333333,0.0446966666666667,0.04658,0.0388083333333333,0.0301033333333333,0.0240266666666667,0.0199,0.0175183333333333,0.012075,0.014465,0.0101483333333333,0.00806666666666667,0.00838,0.00571166666666667,0.00802666666666667,0.00384666666666667,0.00571666666666667,0.003015,0.00508,0.002065,0.00177833333333333,0.001655,0.00193333333333333,0.00338333333333333,0.00043,0.000525,0.00203666666666667,0.00147,0.000236666666666667,0,0,0,0.000283333333333333,0.000138333333333333,0,0,0,0,0.0000216666666666667,0.0000633333333333333,0.0000683333333333333,0.0000733333333333333,0.0000783333333333333,0.0000833333333333333,0.000025,0,1,0,0,0,0,0,0,1,1,1,1,1,1,1,1,1,1,1,1,1,1,1,1,1,1,1,1,1,1,1,1,1,1,1,1,1,1,1,1,1,1,1,1,1,1,1,1,1,1,1,1,1,1,1,1,1,1,1,1,1,1,1,1,1,1,1,1,1,1,1,1,1,1,1,1,1,1,1,1,0
2026-06-05 05:00:00,32.88040185,0,0,0,0,0,0,0.013635,1.03211333333333,4.99965,6.61602666666667,4.57819166666667,3.16357833333333,2.59674833333333,2.453675,2.141235,1.0299,0.509525,0.332425,0.2852,0.238916666666667,0.26029,0.29281,0.293666666666667,0.23986,0.221813333333333,0.193383333333333,0.178925,0.161863333333333,0.13715,0.130395,0.123185,0.118723333333333,0.0916233333333333,0.0847283333333333,0.0754916666666667,0.062005,0.0488433333333333,0.0378916666666667,0.0364216666666667,0.028835,0.0319433333333333,0.0170133333333333,0.014405,0.00927833333333333,0.00949833333333333,0.00919833333333333,0.0112783333333333,0.00686833333333333,0.00715833333333333,0.00501,0.004315,0.00547,0.00413,0.001575,0.00372333333333333,0.00193166666666667,0.002265,0.00192,0.000833333333333333,0.00093,0.000426666666666667,0.000748333333333333,0.000913333333333333,0.0000383333333333333,0,0.000705,0.000138333333333333,0,0,0,0,0.000065,0.00019,0.000205,0.00022,0.000235,0.00025,0.000075,0,1,0,0,0,0,0,0,1,1,1,1,1,1,1,1,1,1,1,1,1,1,1,1,1,1,1,1,1,1,1,1,1,1,1,1,1,1,1,1,1,1,1,1,1,1,1,1,1,1,1,1,1,1,1,1,1,1,1,1,1,1,1,1,1,1,1,1,1,1,1,1,1,1,1,1,1,1,1,1,0
2026-06-05 06:00:00,43.94625675,0,0,0,0,0,0,0.0150133333333333,1.314815,6.62336666666667,8.72520666666667,5.76002166666667,4.06567333333333,3.31940166666667,3.07786666666667,2.51408166666667,1.33502,0.654385,0.474335,0.382353333333333,0.364506666666667,0.382151666666667,0.411265,0.41786,0.35855,0.330041666666667,0.308776666666667,0.275073333333333,0.268385,0.231643333333333,0.240041666666667,0.188645,0.187211666666667,0.151445,0.141328333333333,0.1113,0.118985,0.0940766666666667,0.0743066666666667,0.0582466666666667,0.0513533333333333,0.0405,0.03158,0.0310183333333333,0.02185,0.019235,0.0215183333333333,0.0146566666666667,0.00873666666666667,0.00871,0.013855,0.00462333333333333,0.00462666666666667,0.003675,0.00442,0.00185,0.00234333333333333,0.00372833333333333,0,0.00146,0.001105,0.00104333333333333,0.000661666666666667,0.000425,0.000846666666666667,0.000843333333333333,0,0.00126,0,0,0,0,0.0000866666666666667,0.000253333333333333,0.000273333333333333,0.000293333333333333,0.000313333333333333,0.000333333333333333,0.0001,0,1,0,0,0,0,0,0,1,1,1,1,1,1,1,1,1,1,1,1,1,1,1,1,1,1,1,1,1,1,1,1,1,1,1,1,1,1,1,1,1,1,1,1,1,1,1,1,1,1,1,1,1,1,1,1,1,1,1,1,1,1,1,1,1,1,1,1,1,1,1,1,1,1,1,1,1,1,1,1,0
2026-06-05 07:00:00,32.85524565,0,0,0,0,0,0,0.0229733333333333,1.22206833333333,4.87841833333333,6.11546833333333,3.90062666666667,2.647505,2.20911833333333,2.01130166666667,1.711375,1.128165,0.638241666666667,0.479526666666667,0.437825,0.39286,0.439346666666667,0.466801666666667,0.437773333333333,0.425045,0.3918,0.367285,0.348036666666667,0.320505,0.270048333333333,0.284735,0.227908333333333,0.24646,0.224525,0.167711666666667,0.139145,0.136628333333333,0.118935,0.08674,0.068805,0.0513016666666667,0.0550266666666667,0.0403,0.03796,0.02717,0.0208083333333333,0.0173483333333333,0.0192283333333333,0.016505,0.01284,0.0126116666666667,0.008115,0.00917833333333333,0.005285,0.009105,0.00541333333333333,0.00539666666666667,0.003325,0.00426666666666667,0.000713333333333333,0.001965,0.00104333333333333,0.00108666666666667,0.00085,0.000385,0.00123,0.000918333333333333,0.00042,0.000398333333333333,0.00126833333333333,0.000173333333333333,0.000653333333333333,0.000108333333333333,0.000316666666666667,0.000341666666666667,0.000366666666666667,0.000391666666666667,0.000416666666666667,0.000125,0,1,0,0,0,0,0,0,1,1,1,1,1,1,1,1,1,1,1,1,1,1,1,1,1,1,1,1,1,1,1,1,1,1,1,1,1,1,1,1,1,1,1,1,1,1,1,1,1,1,1,1,1,1,1,1,1,1,1,1,1,1,1,1,1,1,1,1,1,1,1,1,1,1,1,1,1,1,1,1,0
2026-06-05 08:00:00,36.8594916666667,0,0,0,0,0,0,0.0271266666666667,1.43617,6.06255333333333,7.283775,4.43747666666667,3.03745,2.47359333333333,2.30704833333333,1.815495,1.14072333333333,0.71097,0.546383333333333,0.447501666666667,0.4317,0.422143333333333,0.499516666666667,0.50117,0.447966666666667,0.40432,0.377116666666667,0.315165,0.312928333333333,0.290376666666667,0.255001666666667,0.237383333333333,0.221601666666667,0.192405,0.172491666666667,0.148456666666667,0.13263,0.106466666666667,0.0832866666666667,0.0677616666666667,0.0602016666666667,0.042045,0.0375866666666667,0.0285066666666667,0.0302716666666667,0.0224033333333333,0.0198633333333333,0.02205,0.0163983333333333,0.01597,0.0106483333333333,0.00969833333333333,0.00587833333333333,0.002205,0.00619166666666667,0.00758,0.00405833333333333,0.002925,0.001715,0.00120666666666667,0.00135833333333333,0.00128,0.000323333333333333,0.000488333333333333,0.00211666666666667,0.0000383333333333333,0.000421666666666667,0,0.000816666666666667,0.0000183333333333333,0,0,0.000151666666666667,0.000443333333333333,0.000476666666666667,0.000511666666666667,0.000548333333333333,0.000585,0.000173333333333333,0,1,0,0,0,0,0,0,1,1,1,1,1,1,1,1,1,1,1,1,1,1,1,1,1,1,1,1,1,1,1,1,1,1,1,1,1,1,1,1,1,1,1,1,1,1,1,1,1,1,1,1,1,1,1,1,1,1,1,1,1,1,1,1,1,1,1,1,1,1,1,1,1,1,1,1,1,1,1,1,0
2026-06-05 09:00:00,40.5640655892857,0,0,0,0,0,0,0.0401214285714286,1.61470357142857,7.09204821428571,9.04258035714286,5.4621875,3.36015178571429,2.53140178571429,2.30684464285714,1.68276964285714,0.941067857142857,0.604498214285714,0.419778571428571,0.402382142857143,0.380123214285714,0.381923214285714,0.399905357142857,0.3852,0.325858928571429,0.304339285714286,0.281135714285714,0.2401125,0.250885714285714,0.218142857142857,0.213582142857143,0.190155357142857,0.173266071428571,0.151557142857143,0.14265,0.129507142857143,0.11175,0.0838839285714286,0.0730857142857143,0.0558660714285714,0.0430928571428571,0.0404517857142857,0.0277339285714286,0.0214553571428571,0.017475,0.0162142857142857,0.0139589285714286,0.0128446428571429,0.0110482142857143,0.00981428571428571,0.00856785714285714,0.0112303571428571,0.00446785714285714,0.0039625,0.00473571428571429,0.00666964285714286,0.00278035714285714,0.000891071428571429,0.00297678571428571,0.00153035714285714,0.00145714285714286,0.000660714285714286,0.00161964285714286,0.000455357142857143,0.00177321428571429,0.0000410714285714286,0.000451785714285714,0.000617857142857143,0.00117857142857143,0.000446428571428571,0.000444642857142857,0,0.000951785714285714,0.000203571428571429,0.000219642857142857,0.000235714285714286,0.000251785714285714,0.000267857142857143,0.0000803571428571429,0,1,0,0,0,0,0,0,1,1,1,1,1,1,1,1,1,1,1,1,1,1,1,1,1,1,1,1,1,1,1,1,1,1,1,1,1,1,1,1,1,1,1,1,1,1,1,1,1,1,1,1,1,1,1,1,1,1,1,1,1,1,1,1,1,1,1,1,1,1,1,1,1,1,1,1,1,1,1,1,0
2026-06-05 10:00:00,35.648184462963,0,0,0,0,0,0,0.0253962962962963,1.46613703703704,6.46176666666667,7.90182407407407,4.70161666666667,2.95948888888889,2.20155740740741,2.01676111111111,1.55728888888889,0.843457407407407,0.494185185185185,0.35827037037037,0.32,0.309903703703704,0.328664814814815,0.360003703703704,0.345605555555556,0.299174074074074,0.244981481481481,0.248011111111111,0.235598148148148,0.228935185185185,0.202998148148148,0.200440740740741,0.173394444444444,0.153012962962963,0.140157407407407,0.117611111111111,0.108362962962963,0.0998648148148148,0.0851148148148148,0.0662018518518518,0.0507185185185185,0.0380925925925926,0.0328555555555556,0.0280962962962963,0.0270740740740741,0.0151888888888889,0.0166555555555556,0.0157962962962963,0.0124407407407407,0.0114148148148148,0.0118277777777778,0.00542222222222222,0.00880185185185185,0.0042037037037037,0.0029037037037037,0.00227962962962963,0.00283703703703704,0.00315925925925926,0.00251666666666667,0.00219259259259259,0.0011462962962963,0.000753703703703704,0.00258148148148148,0.000735185185185185,0.00042962962962963,0.000512962962962963,0,0.000468518518518519,0,0.000907407407407407,0.000268518518518519,0.000214814814814815,0,0.000481481481481481,0.0000703703703703704,0.0000759259259259259,0.0000814814814814815,0.000087037037037037,0.0000925925925925926,0.0000277777777777778,0,1,0,0,0,0,0,0,1,1,1,1,1,1,1,1,1,1,1,1,1,1,1,1,1,1,1,1,1,1,1,1,1,1,1,1,1,1,1,1,1,1,1,1,1,1,1,1,1,1,1,1,1,1,1,1,1,1,1,1,1,1,1,1,1,1,1,1,1,1,1,1,1,1,1,1,1,1,1,1,0
2026-06-05 11:00:00,29.7743003392857,0,0,0,0,0,0,0.0198053571428571,1.166325,4.94529821428571,6.33948571428571,3.93716071428571,2.56584464285714,2.05653928571429,1.80086607142857,1.5218375,0.951291071428571,0.48145,0.327548214285714,0.300191071428571,0.284705357142857,0.277485714285714,0.293485714285714,0.248692857142857,0.238864285714286,0.201889285714286,0.177366071428571,0.187633928571429,0.188142857142857,0.158982142857143,0.155805357142857,0.120780357142857,0.137669642857143,0.121694642857143,0.109623214285714,0.0924642857142857,0.0821803571428571,0.0752607142857143,0.0626696428571429,0.0574053571428571,0.0297089285714286,0.02665,0.0262196428571429,0.0192482142857143,0.0194714285714286,0.0138303571428571,0.0125196428571429,0.0109089285714286,0.0102535714285714,0.00613571428571429,0.00775357142857143,0.00634821428571429,0.00720357142857143,0.00095,0.001925,0.00393392857142857,0.0007125,0.001075,0.000735714285714286,0.000917857142857143,0.00137321428571429,0.000660714285714286,0.00161964285714286,0.001325,0.00218571428571429,0.000576785714285714,0.000303571428571429,0.000148214285714286,0,0,0.000444642857142857,0,0.0001625,0.000475,0.0005125,0.00055,0.0005875,0.000625,0.0001875,0,1,0,0,0,0,0,0,1,1,1,1,1,1,1,1,1,1,1,1,1,1,1,1,1,1,1,1,1,1,1,1,1,1,1,1,1,1,1,1,1,1,1,1,1,1,1,1,1,1,1,1,1,1,1,1,1,1,1,1,1,1,1,1,1,1,1,1,1,1,1,1,1,1,1,1,1,1,1,1,0
2026-06-05 12:00:00,34.3819612115385,0,0,0,0,0,0,0.0285461538461538,1.3951,6.00345384615385,7.40193076923077,4.59918846153846,2.94017115384615,2.29285384615385,2.05381346153846,1.61635961538462,0.925957692307692,0.498834615384615,0.345913461538462,0.327030769230769,0.291671153846154,0.293378846153846,0.293769230769231,0.263253846153846,0.239163461538462,0.216798076923077,0.207888461538462,0.180207692307692,0.169105769230769,0.152438461538462,0.165434615384615,0.125848076923077,0.145411538461538,0.103809615384615,0.0973403846153846,0.0886269230769231,0.0821846153846154,0.0716038461538462,0.0644519230769231,0.0439365384615385,0.0404961538461538,0.0337384615384615,0.032625,0.0271903846153846,0.0174923076923077,0.0187173076923077,0.013275,0.0101538461538462,0.00999615384615385,0.010225,0.00565384615384615,0.007625,0.00381153846153846,0.00321730769230769,0.00400192307692308,0.00316923076923077,0.00213653846153846,0.00234807692307692,0.00109038461538462,0.00267307692307692,0.00226346153846154,0.00169615384615385,0.00162692307692308,0.00105384615384615,0.000532692307692308,0.000486538461538462,0,0.000484615384615385,0,0,0,0,0.000025,0.0000730769230769231,0.0000788461538461539,0.0000846153846153846,0.0000903846153846154,0.0000961538461538462,0.0000288461538461538,0,1,0,0,0,0,0,0,1,1,1,1,1,1,1,1,1,1,1,1,1,1,1,1,1,1,1,1,1,1,1,1,1,1,1,1,1,1,1,1,1,1,1,1,1,1,1,1,1,1,1,1,1,1,1,1,1,1,1,1,1,1,1,1,1,1,1,1,1,1,1,1,1,1,1,1,1,1,1,1,0
2026-06-05 13:00:00,47.1249015769231,0,0,0,0,0,0,0.0377346153846154,2.29595961538462,9.216675,11.0898384615385,6.73923846153846,4.049125,2.98970769230769,2.58051923076923,1.93361730769231,0.994532692307692,0.559465384615385,0.359588461538462,0.283757692307692,0.321709615384615,0.335982692307692,0.434740384615385,0.393328846153846,0.318586538461538,0.272363461538462,0.252271153846154,0.230948076923077,0.231336538461538,0.185615384615385,0.201890384615385,0.151184615384615,0.151915384615385,0.134428846153846,0.134309615384615,0.100265384615385,0.0915923076923077,0.0812211538461538,0.073975,0.0618807692307692,0.0450788461538462,0.0332326923076923,0.0280519230769231,0.0282807692307692,0.0164865384615385,0.0167326923076923,0.0172288461538462,0.0114980769230769,0.0118153846153846,0.00907692307692308,0.00949230769230769,0.00771346153846154,0.00291730769230769,0.00502115384615385,0.00445769230769231,0.00181923076923077,0.00470961538461539,0.00231538461538462,0.00152115384615385,0.00421923076923077,0.00226153846153846,0.00120384615384615,0.00125384615384615,0.000490384615384615,0.000976923076923077,0.000488461538461538,0,0.000484615384615385,0,0.000480769230769231,0,0,0.0005,0.0000730769230769231,0.0000788461538461539,0.0000846153846153846,0.0000903846153846154,0.0000961538461538462,0.0000288461538461538,0,1,0,0,0,0,0,0,1,1,1,1,1,1,1,1,1,1,1,1,1,1,1,1,1,1,1,1,1,1,1,1,1,1,1,1,1,1,1,1,1,1,1,1,1,1,1,1,1,1,1,1,1,1,1,1,1,1,1,1,1,1,1,1,1,1,1,1,1,1,1,1,1,1,1,1,1,1,1,1,0
2026-06-05 14:00:00,47.6859277894737,0,0,0,0,0,0,0.039859649122807,2.26374561403509,9.17432105263158,11.1879298245614,6.82085614035088,4.30793333333333,3.25126842105263,2.84791754385965,2.13395263157895,1.11614210526316,0.561273684210526,0.366735087719298,0.287550877192982,0.250464912280702,0.282043859649123,0.371085964912281,0.3305,0.271245614035088,0.228991228070175,0.2088,0.217456140350877,0.204766666666667,0.162015789473684,0.175901754385965,0.142778947368421,0.120643859649123,0.119664912280702,0.106298245614035,0.0813929824561404,0.0859877192982456,0.0839157894736842,0.0578789473684211,0.0680087719298246,0.0468105263157895,0.0343280701754386,0.0270666666666667,0.0216385964912281,0.0160561403508772,0.0169087719298246,0.00773508771929825,0.0115070175438596,0.00851052631578947,0.00890350877192982,0.00949824561403509,0.00810877192982456,0.00700526315789474,0.00384385964912281,0.00390175438596491,0.0031140350877193,0.00245614035087719,0.00150877192982456,0.0024719298245614,0.0013280701754386,0.00233333333333333,0.00264561403508772,0.000498245614035088,0.000407017543859649,0.000485964912280702,0,0.000298245614035088,0.000587719298245614,0.000419298245614035,0.000896491228070176,0.000436842105263158,0.000168421052631579,0.000357894736842105,0.000266666666666667,0.000287719298245614,0.000308771929824561,0.000329824561403509,0.000350877192982456,0.000105263157894737,0,1,0,0,0,0,0,0,1,1,1,1,1,1,1,1,1,1,1,1,1,1,1,1,1,1,1,1,1,1,1,1,1,1,1,1,1,1,1,1,1,1,1,1,1,1,1,1,1,1,1,1,1,1,1,1,1,1,1,1,1,1,1,1,1,1,1,1,1,1,1,1,1,1,1,1,1,1,1,1,0
2026-06-05 15:00:00,35.1266097818182,0,0,0,0,0,0,0.0253236363636364,1.28241090909091,5.98217090909091,7.92316545454545,5.20784363636364,3.42063454545455,2.68429090909091,2.37954909090909,1.91387454545455,0.873894545454545,0.456390909090909,0.281594545454545,0.222983636363636,0.222589090909091,0.233016363636364,0.280029090909091,0.252698181818182,0.216952727272727,0.176776363636364,0.151509090909091,0.158721818181818,0.153770909090909,0.117989090909091,0.120296363636364,0.103445454545455,0.10324,0.0809054545454545,0.0812563636363636,0.0621218181818182,0.062,0.0537345454545455,0.0557290909090909,0.0346090909090909,0.0298309090909091,0.0171945454545455,0.01628,0.0173763636363636,0.0140872727272727,0.00982545454545455,0.00865272727272727,0.00678181818181818,0.00706,0.00619090909090909,0.00461090909090909,0.00513636363636364,0.00549454545454545,0.00146363636363636,0.00112363636363636,0.00205636363636364,0.00208181818181818,0.00131454545454545,0.00262545454545455,0.000838181818181818,0.000274545454545455,0.000465454545454545,0.000818181818181818,0.000110909090909091,0.000923636363636364,0.000378181818181818,0.0000818181818181818,0.000458181818181818,0.000434545454545455,0.00117272727272727,0.000663636363636364,0,0.0000709090909090909,0.000207272727272727,0.000223636363636364,0.00024,0.000256363636363636,0.000272727272727273,0.0000818181818181818,0,1,0,0,0,0,0,0,1,1,1,1,1,1,1,1,1,1,1,1,1,1,1,1,1,1,1,1,1,1,1,1,1,1,1,1,1,1,1,1,1,1,1,1,1,1,1,1,1,1,1,1,1,1,1,1,1,1,1,1,1,1,1,1,1,1,1,1,1,1,1,1,1,1,1,1,1,1,1,1,0
2026-06-05 16:00:00,35.1961576041667,0,0,0,0,0,0,0.0286333333333333,1.362475,5.92697291666667,7.97362916666667,5.39882916666667,3.5518125,2.71042916666667,2.38132291666667,1.87668541666667,0.880358333333333,0.425766666666667,0.26668125,0.19981875,0.190327083333333,0.18496875,0.2111125,0.220420833333333,0.169264583333333,0.142802083333333,0.112416666666667,0.12983125,0.115183333333333,0.090475,0.087425,0.082425,0.0789729166666667,0.0606104166666667,0.0612104166666667,0.0551416666666667,0.0561625,0.05039375,0.0419145833333333,0.03168125,0.0215125,0.0209208333333333,0.0146854166666667,0.0189666666666667,0.0103520833333333,0.00922708333333333,0.00767916666666667,0.00586458333333333,0.006,0.00503541666666667,0.00763541666666667,0.00268333333333333,0.00156666666666667,0.00156041666666667,0.00310416666666667,0.00069375,0.00225,0.00103958333333333,0,0.000972916666666667,0.00276666666666667,0,0,0,0.00206875,0.00048125,0.000620833333333333,0,0.000522916666666667,0,0,0,0,0,0,0,0,0,0,0,1,0,0,0,0,0,0,1,1,1,1,1,1,1,1,1,1,1,1,1,1,1,1,1,1,1,1,1,1,1,1,1,1,1,1,1,1,1,1,1,1,1,1,1,1,1,1,1,1,1,1,1,1,1,1,1,1,1,1,1,1,1,1,1,1,1,1,1,1,1,1,1,1,1,1,1,1,1,1,0
2026-06-05 17:00:00,40.5857141875,0,0,0,0,0,0,0.0222083333333333,1.40563125,6.59732291666667,8.95879166666667,6.08264375,4.04529791666667,3.14516041666667,2.79923333333333,2.28621041666667,1.07696458333333,0.550629166666667,0.31954375,0.220383333333333,0.218452083333333,0.205129166666667,0.259858333333333,0.258691666666667,0.178860416666667,0.173639583333333,0.134475,0.130275,0.145116666666667,0.121516666666667,0.124075,0.08515,0.102566666666667,0.0847854166666667,0.0754083333333333,0.0653,0.0583,0.0495083333333333,0.03991875,0.0310583333333333,0.0299125,0.0261416666666667,0.0175354166666667,0.00880208333333333,0.0149270833333333,0.01544375,0.00820208333333333,0.00769375,0.00473333333333333,0.00598541666666667,0.00477916666666667,0.00567291666666667,0.00262083333333333,0.00221666666666667,0.00161875,0.00215833333333333,0.0016125,0.00204166666666667,0.00218541666666667,0.000725,0.00094375,0,0,0,0,0,0,0.000360416666666667,0.00173333333333333,0.000520833333333333,0,0,0.0000541666666666667,0.000158333333333333,0.000170833333333333,0.000183333333333333,0.000195833333333333,0.000208333333333333,0.0000625,0,1,0,0,0,0,0,0,1,1,1,1,1,1,1,1,1,1,1,1,1,1,1,1,1,1,1,1,1,1,1,1,1,1,1,1,1,1,1,1,1,1,1,1,1,1,1,1,1,1,1,1,1,1,1,1,1,1,1,1,1,1,1,1,1,1,1,1,1,1,1,1,1,1,1,1,1,1,1,1,0
2026-06-05 18:00:00,42.7228963404255,0,0,0,0,0,0,0.0318574468085106,1.60267872340426,7.25110425531915,9.6615,6.20021914893617,4.00447446808511,3.09116170212766,2.8714170212766,2.26953829787234,1.02950425531915,0.597074468085106,0.333568085106383,0.261712765957447,0.281078723404255,0.274648936170213,0.3535,0.291955319148936,0.242840425531915,0.182768085106383,0.166057446808511,0.178742553191489,0.183489361702128,0.146757446808511,0.19101914893617,0.1175,0.133672340425532,0.105863829787234,0.114063829787234,0.0760404255319149,0.0727936170212766,0.058136170212766,0.0439127659574468,0.0337893617021277,0.0279702127659574,0.0272340425531915,0.0189978723404255,0.0162255319148936,0.0114106382978723,0.0184106382978723,0.0105702127659574,0.0103425531914894,0.00587659574468085,0.00685106382978723,0.00544893617021277,0.00474042553191489,0.0016,0.00388936170212766,0.00209148936170213,0.00273191489361702,0.0067936170212766,0.00157446808510638,0.000476595744680851,0.00215744680851064,0.00173404255319149,0.000787234042553191,0.00138723404255319,0,0.00108085106382979,0.000540425531914894,0,0,0,0.00106382978723404,0,0,0.0000829787234042553,0.000242553191489362,0.000259574468085106,0.000278723404255319,0.0003,0.000321276595744681,0.0000936170212765957,0,1,0,0,0,0,0,0,1,1,1,1,1,1,1,1,1,1,1,1,1,1,1,1,1,1,1,1,1,1,1,1,1,1,1,1,1,1,1,1,1,1,1,1,1,1,1,1,1,1,1,1,1,1,1,1,1,1,1,1,1,1,1,1,1,1,1,1,1,1,1,1,1,1,1,1,1,1,1,1,0
2026-06-05 19:00:00,53.6326055769231,0,0,0,0,0,0,0.0300192307692308,1.90281346153846,8.44250384615385,11.7962153846154,7.87730961538462,5.27611153846154,4.13472884615385,3.74556346153846,3.12711730769231,1.41755,0.834665384615385,0.46985,0.359440384615385,0.310486538461538,0.321792307692308,0.405984615384615,0.350453846153846,0.307521153846154,0.240763461538462,0.194361538461538,0.209223076923077,0.198740384615385,0.162096153846154,0.189517307692308,0.139844230769231,0.1565,0.134075,0.110261538461538,0.118859615384615,0.0970788461538462,0.0646,0.0545480769230769,0.0477403846153846,0.0354692307692308,0.0280538461538462,0.0277096153846154,0.0171807692307692,0.0170192307692308,0.0111307692307692,0.0127980769230769,0.00841923076923077,0.010975,0.00516923076923077,0.00639807692307692,0.00773846153846154,0.00436346153846154,0.00395769230769231,0.00356730769230769,0.00435961538461538,0.00160769230769231,0.000198076923076923,0.00227692307692308,0.00119038461538462,0.000782692307692308,0.000492307692307692,0.000373076923076923,0.00105384615384615,0.00102115384615385,0,0.000486538461538462,0.000484615384615385,0.000459615384615385,0.000501923076923077,0.000957692307692308,0.000661538461538461,0.000342307692307692,0.000146153846153846,0.000157692307692308,0.000169230769230769,0.000180769230769231,0.000192307692307692,0.0000576923076923077,0,1,0,0,0,0,0,0,1,1,1,1,1,1,1,1,1,1,1,1,1,1,1,1,1,1,1,1,1,1,1,1,1,1,1,1,1,1,1,1,1,1,1,1,1,1,1,1,1,1,1,1,1,1,1,1,1,1,1,1,1,1,1,1,1,1,1,1,1,1,1,1,1,1,1,1,1,1,1,1,0
2026-06-05 20:00:00,64.3159637833333,0,0,0,0,0,0,0.0336933333333333,2.17863,9.73741666666667,13.9247783333333,9.6245,6.587895,5.109305,4.71855666666667,3.998445,2.00434,1.12499333333333,0.58035,0.40485,0.35195,0.343715,0.438688333333333,0.384763333333333,0.30032,0.239555,0.192281666666667,0.2077,0.21966,0.171273333333333,0.198641666666667,0.130648333333333,0.159113333333333,0.112335,0.104943333333333,0.108318333333333,0.0913883333333333,0.0808483333333333,0.0598483333333333,0.046975,0.03447,0.0248683333333333,0.0213616666666667,0.0255733333333333,0.01485,0.0143133333333333,0.00947666666666667,0.0153383333333333,0.00736166666666667,0.00837666666666667,0.005945,0.00388333333333333,0.005515,0.006195,0.00355666666666667,0.00449333333333333,0.00392666666666667,0.00278,0.00140666666666667,0.00108666666666667,0.00068,0.00147,0.000883333333333333,0.000203333333333333,0.000385,0.000885,0,0.00084,0.000418333333333333,0.000446666666666667,0.000975,0.00024,0.000866666666666667,0.000126666666666667,0.000136666666666667,0.000146666666666667,0.000156666666666667,0.000166666666666667,0.00005,0,1,0,0,0,0,0,0,1,1,1,1,1,1,1,1,1,1,1,1,1,1,1,1,1,1,1,1,1,1,1,1,1,1,1,1,1,1,1,1,1,1,1,1,1,1,1,1,1,1,1,1,1,1,1,1,1,1,1,1,1,1,1,1,1,1,1,1,1,1,1,1,1,1,1,1,1,1,1,1,0
2026-06-05 21:00:00,47.6950539,0,0,0,0,0,0,0.0315116666666667,1.587005,7.32532,10.247125,6.97012833333333,4.74677,3.80467333333333,3.32639666666667,2.68844166666667,1.62729333333333,0.935115,0.49257,0.329693333333333,0.298901666666667,0.286456666666667,0.349463333333333,0.309661666666667,0.261838333333333,0.221515,0.200353333333333,0.181503333333333,0.18759,0.164578333333333,0.2093,0.132535,0.141438333333333,0.117483333333333,0.119188333333333,0.091925,0.0903866666666667,0.0719416666666667,0.0697333333333333,0.04991,0.0484866666666667,0.026935,0.0217833333333333,0.0203133333333333,0.02066,0.0171633333333333,0.0132966666666667,0.00968333333333333,0.00618166666666667,0.010285,0.00628666666666667,0.00967666666666667,0.00505833333333333,0.00369833333333333,0.00287,0.00124166666666667,0.00311833333333333,0.00286666666666667,0.001805,0.001285,0.000853333333333333,0.00128,0.00117333333333333,0.000526666666666667,0.00161666666666667,0.0005,0.000283333333333333,0.000558333333333333,0.000418333333333333,0,0,0,0.00091,0.000253333333333333,0.000273333333333333,0.000293333333333333,0.000313333333333333,0.000333333333333333,0.0001,0,1,0,0,0,0,0,0,1,1,1,1,1,1,1,1,1,1,1,1,1,1,1,1,1,1,1,1,1,1,1,1,1,1,1,1,1,1,1,1,1,1,1,1,1,1,1,1,1,1,1,1,1,1,1,1,1,1,1,1,1,1,1,1,1,1,1,1,1,1,1,1,1,1,1,1,1,1,1,1,0
2026-06-05 22:00:00,40.2711864666667,0,0,0,0,0,0,0.0189116666666667,1.29279,6.178345,8.57598833333333,5.84090166666667,3.909315,2.97912666666667,2.62179166666667,2.10501166666667,1.29415833333333,0.773358333333333,0.412463333333333,0.29277,0.281296666666667,0.284436666666667,0.346975,0.321531666666667,0.286351666666667,0.230855,0.205673333333333,0.20161,0.190308333333333,0.164723333333333,0.195535,0.13054,0.159708333333333,0.119948333333333,0.116828333333333,0.11005,0.08147,0.0855833333333333,0.0608566666666667,0.0439633333333333,0.039455,0.0322083333333333,0.024415,0.01906,0.02315,0.0112316666666667,0.00949833333333333,0.0124366666666667,0.00835666666666667,0.00789666666666667,0.008675,0.00885333333333333,0.00505833333333333,0.004015,0.00379333333333333,0.00373333333333333,0.00199,0.00332666666666667,0.00123166666666667,0.002625,0.00128,0.00128,0.00117333333333333,0.0013,0.0000766666666666667,0.000423333333333333,0,0.00042,0,0.000416666666666667,0.000415,0.000413333333333333,0.0000433333333333333,0.000126666666666667,0.000136666666666667,0.000146666666666667,0.000156666666666667,0.000166666666666667,0.00005,0,1,0,0,0,0,0,0,1,1,1,1,1,1,1,1,1,1,1,1,1,1,1,1,1,1,1,1,1,1,1,1,1,1,1,1,1,1,1,1,1,1,1,1,1,1,1,1,1,1,1,1,1,1,1,1,1,1,1,1,1,1,1,1,1,1,1,1,1,1,1,1,1,1,1,1,1,1,1,1,0
2026-06-05 23:00:00,35.5903239666667,0,0,0,0,0,0,0.0212533333333333,1.15500333333333,5.42934166666667,7.69785833333333,5.119105,3.41969833333333,2.58342833333333,2.33460666666667,1.94832,1.11362833333333,0.641893333333333,0.359703333333333,0.253946666666667,0.233488333333333,0.267098333333333,0.293645,0.309505,0.257658333333333,0.23176,0.189735,0.169475,0.192843333333333,0.162353333333333,0.173216666666667,0.147203333333333,0.140561666666667,0.116508333333333,0.123303333333333,0.0952866666666667,0.09706,0.076945,0.063165,0.05174,0.03944,0.0353683333333333,0.0228566666666667,0.0213466666666667,0.0150566666666667,0.0149533333333333,0.0138783333333333,0.00829666666666667,0.00880666666666667,0.00498833333333333,0.00252333333333333,0.007225,0.00335,0.00454,0.0028,0.00324,0.00106833333333333,0.00043,0.000746666666666667,0.00011,0,0.000853333333333333,0.00149666666666667,0.000628333333333333,0.000423333333333333,0.000768333333333333,0.000358333333333333,0.000558333333333333,0.000418333333333333,0.000223333333333333,0.000193333333333333,0,0.0000216666666666667,0.0000633333333333333,0.0000683333333333333,0.0000733333333333333,0.0000783333333333333,0.0000833333333333333,0.000025,0,1,0,0,0,0,0,0,1,1,1,1,1,1,1,1,1,1,1,1,1,1,1,1,1,1,1,1,1,1,1,1,1,1,1,1,1,1,1,1,1,1,1,1,1,1,1,1,1,1,1,1,1,1,1,1,1,1,1,1,1,1,1,1,1,1,1,1,1,1,1,1,1,1,1,1,1,1,1,1,0
2026-06-06,41.12437435,0,0,0,0,0,0,0.0275916666666667,1.39537,6.20551,8.529025,5.84505,3.93653333333333,3.11556666666667,2.67324833333333,2.41453666666667,1.41267333333333,0.727538333333333,0.422076666666667,0.315138333333333,0.276498333333333,0.299341666666667,0.299821666666667,0.33783,0.282401666666667,0.250785,0.21075,0.19747,0.199898333333333,0.173841666666667,0.174993333333333,0.147508333333333,0.156466666666667,0.14101,0.12354,0.107963333333333,0.0955183333333333,0.0873766666666667,0.070305,0.0439583333333333,0.0505066666666667,0.0321816666666667,0.0239733333333333,0.0170666666666667,0.0142566666666667,0.0114566666666667,0.0139733333333333,0.01294,0.00859333333333333,0.00830166666666667,0.00460333333333333,0.00611333333333333,0.00583333333333333,0.00347666666666667,0.00257166666666667,0.00176166666666667,0.00137,0.00100333333333333,0.000688333333333333,0.001285,0,0,0.000425,0.000811666666666667,0.000461666666666667,0,0.000705,0.000426666666666667,0.000131666666666667,0.000416666666666667,0,0,0.0000216666666666667,0.0000633333333333333,0.0000683333333333333,0.0000733333333333333,0.0000783333333333333,0.0000833333333333333,0.000025,0,1,0,0,0,0,0,0,1,1,1,1,1,1,1,1,1,1,1,1,1,1,1,1,1,1,1,1,1,1,1,1,1,1,1,1,1,1,1,1,1,1,1,1,1,1,1,1,1,1,1,1,1,1,1,1,1,1,1,1,1,1,1,1,1,1,1,1,1,1,1,1,1,1,1,1,1,1,1,1,0
2026-06-06 01:00:00,41.7372597833333,0,0,0,0,0,0,0.0240366666666667,1.39320166666667,6.21355,8.39713166666667,5.81012333333333,3.97052333333333,3.1321,2.757285,2.580295,1.53645,0.713111666666667,0.456223333333333,0.316178333333333,0.289951666666667,0.292061666666667,0.343483333333333,0.384065,0.305935,0.280745,0.232771666666667,0.243125,0.21464,0.201961666666667,0.211448333333333,0.186105,0.183975,0.157863333333333,0.153226666666667,0.120885,0.116281666666667,0.09603,0.079955,0.0597616666666667,0.0392566666666667,0.0301033333333333,0.0231183333333333,0.020375,0.0161516666666667,0.01298,0.00817166666666667,0.00838166666666667,0.005075,0.00420166666666667,0.00376666666666667,0.00678833333333333,0.00212,0.00124833333333333,0.001365,0.000756666666666667,0.00185166666666667,0.000745,0.00089,0.00108666666666667,0.00068,0.000426666666666667,0.000323333333333333,0.000526666666666667,0,0,0,0,0,0.000416666666666667,0.000415,0,0,0,0,0,0,0,0,0,1,0,0,0,0,0,0,1,1,1,1,1,1,1,1,1,1,1,1,1,1,1,1,1,1,1,1,1,1,1,1,1,1,1,1,1,1,1,1,1,1,1,1,1,1,1,1,1,1,1,1,1,1,1,1,1,1,1,1,1,1,1,1,1,1,1,1,1,1,1,1,1,1,1,1,1,1,1,1,0
2026-06-06 02:00:00,46.0099793166667,0,0,0,0,0,0,0.0317733333333333,1.52549833333333,6.77389333333333,9.45574666666667,6.47401333333333,4.34599333333333,3.495665,3.03274,2.88893666666667,1.68179333333333,0.772746666666667,0.436748333333333,0.359006666666667,0.29088,0.333941666666667,0.337836666666667,0.428641666666667,0.324608333333333,0.314671666666667,0.253565,0.236456666666667,0.225205,0.218348333333333,0.207865,0.18277,0.208646666666667,0.169906666666667,0.159628333333333,0.129451666666667,0.126411666666667,0.102943333333333,0.0733883333333333,0.061305,0.0457466666666667,0.041125,0.0264083333333333,0.0173183333333333,0.0155616666666667,0.0108183333333333,0.00623666666666667,0.008035,0.008665,0.00333333333333333,0.00535166666666667,0.004295,0.00332666666666667,0.00299833333333333,0.00257166666666667,0.00295,0.00112833333333333,0.00349833333333333,0.001975,0.000428333333333333,0,0.00128,0.000851666666666667,0.000425,0.000423333333333333,0,0,0,0,0,0,0,0,0,0,0,0,0,0,0,1,0,0,0,0,0,0,1,1,1,1,1,1,1,1,1,1,1,1,1,1,1,1,1,1,1,1,1,1,1,1,1,1,1,1,1,1,1,1,1,1,1,1,1,1,1,1,1,1,1,1,1,1,1,1,1,1,1,1,1,1,1,1,1,1,1,1,1,1,1,1,1,1,1,1,1,1,1,1,0
2026-06-06 03:00:00,47.4957928,0,0,0,0,0,0,0.030565,1.65020666666667,7.17107833333333,9.72374666666667,6.84659166666667,4.618815,3.5574,3.02795,2.84593166666667,1.56276,0.714291666666667,0.48206,0.340438333333333,0.295798333333333,0.32051,0.37342,0.47032,0.373878333333333,0.314843333333333,0.266945,0.24188,0.255013333333333,0.234341666666667,0.235813333333333,0.200888333333333,0.213426666666667,0.17613,0.154293333333333,0.13596,0.131293333333333,0.110555,0.0840766666666667,0.063185,0.0412583333333333,0.02889,0.02052,0.01813,0.01286,0.00937166666666667,0.00912666666666667,0.00584,0.00603666666666667,0.00532,0.00683,0.00453833333333333,0.00255333333333333,0.00355833333333333,0.00198833333333333,0.00052,0.00172,0,0.000858333333333333,0,0.000853333333333333,0.000426666666666667,0.00097,0.000691666666666667,0.0000383333333333333,0,0,0,0,0,0,0.000413333333333333,0,0,0,0,0,0,0,0,1,0,0,0,0,0,0,1,1,1,1,1,1,1,1,1,1,1,1,1,1,1,1,1,1,1,1,1,1,1,1,1,1,1,1,1,1,1,1,1,1,1,1,1,1,1,1,1,1,1,1,1,1,1,1,1,1,1,1,1,1,1,1,1,1,1,1,1,1,1,1,1,1,1,1,1,1,1,1,0
2026-06-06 04:00:00,52.73077405,0,0,0,0,0,0,0.03916,1.904505,8.04217,10.919805,7.85656833333333,5.44512166666667,3.996095,3.29782,3.093335,1.55167166666667,0.70993,0.431788333333333,0.328496666666667,0.322898333333333,0.308641666666667,0.38298,0.446073333333333,0.37962,0.360905,0.272358333333333,0.275031666666667,0.279205,0.259128333333333,0.255968333333333,0.214295,0.209343333333333,0.199638333333333,0.164565,0.145763333333333,0.147028333333333,0.12153,0.080235,0.0669916666666667,0.034995,0.02569,0.018115,0.017345,0.014505,0.0104383333333333,0.00734833333333333,0.00846166666666667,0.00745,0.00420166666666667,0.00449666666666667,0.00513833333333333,0.00125333333333333,0.00326666666666667,0.000641666666666667,0.00151333333333333,0.000665,0.00126166666666667,0.00128833333333333,0.000603333333333333,0.000678333333333333,0.00019,0.000661666666666667,0,0.000808333333333333,0.0000383333333333333,0.000283333333333333,0.000138333333333333,0,0,0,0,0.0000433333333333333,0.000126666666666667,0.000136666666666667,0.000146666666666667,0.000156666666666667,0.000166666666666667,0.00005,0,1,0,0,0,0,0,0,1,1,1,1,1,1,1,1,1,1,1,1,1,1,1,1,1,1,1,1,1,1,1,1,1,1,1,1,1,1,1,1,1,1,1,1,1,1,1,1,1,1,1,1,1,1,1,1,1,1,1,1,1,1,1,1,1,1,1,1,1,1,1,1,1,1,1,1,1,1,1,1,0
2026-06-06 05:00:00,43.1957056,0,0,0,0,0,0,0.0362766666666667,1.63937333333333,7.09110166666667,9.06339333333333,6.11575,4.16398166666667,3.03871,2.46676,2.34251333333333,1.27086,0.559715,0.373886666666667,0.29106,0.288675,0.284803333333333,0.347538333333333,0.42174,0.340856666666667,0.312626666666667,0.253933333333333,0.243516666666667,0.2135,0.220576666666667,0.196481666666667,0.194083333333333,0.169695,0.149513333333333,0.143588333333333,0.129356666666667,0.104251666666667,0.08563,0.06472,0.040605,0.03567,0.0180783333333333,0.01882,0.01021,0.00977666666666667,0.00736666666666667,0.00769833333333333,0.00585166666666667,0.00572666666666667,0.00392166666666667,0.00403666666666667,0.00342666666666667,0.00253,0.00204166666666667,0.000571666666666667,0.00167333333333333,0.000481666666666667,0.00146166666666667,0.000258333333333333,0.000175,0.000678333333333333,0,0,0,0,0,0.000421666666666667,0,0,0,0,0,0,0,0,0,0,0,0,0,1,0,0,0,0,0,0,1,1,1,1,1,1,1,1,1,1,1,1,1,1,1,1,1,1,1,1,1,1,1,1,1,1,1,1,1,1,1,1,1,1,1,1,1,1,1,1,1,1,1,1,1,1,1,1,1,1,1,1,1,1,1,1,1,1,1,1,1,1,1,1,1,1,1,1,1,1,1,1,0
2026-06-06 06:00:00,30.6733337166667,0,0,0,0,0,0,0.0279,1.20716166666667,5.23877833333333,6.81097833333333,4.45643333333333,2.81465,2.20274166666667,1.75891,1.63228,1.00886,0.427001666666667,0.269218333333333,0.217725,0.205226666666667,0.204395,0.220075,0.271778333333333,0.227028333333333,0.20668,0.17689,0.147481666666667,0.157903333333333,0.140041666666667,0.157613333333333,0.13268,0.11803,0.098095,0.0952133333333333,0.07692,0.0699,0.0608016666666667,0.038105,0.0278566666666667,0.0167516666666667,0.0138083333333333,0.013815,0.00755,0.00662666666666667,0.00623833333333333,0.0064,0.00470666666666667,0.00393333333333333,0.00264666666666667,0.00493,0.00342666666666667,0.00337333333333333,0.00177333333333333,0.00172666666666667,0.00081,0.00051,0.00143333333333333,0.000258333333333333,0.00214166666666667,0.000855,0,0.000425,0.000425,0.000808333333333333,0.0000383333333333333,0.000283333333333333,0.000558333333333333,0,0,0,0,0,0,0,0,0,0,0,0,1,0,0,0,0,0,0,1,1,1,1,1,1,1,1,1,1,1,1,1,1,1,1,1,1,1,1,1,1,1,1,1,1,1,1,1,1,1,1,1,1,1,1,1,1,1,1,1,1,1,1,1,1,1,1,1,1,1,1,1,1,1,1,1,1,1,1,1,1,1,1,1,1,1,1,1,1,1,1,0
2026-06-06 07:00:00,25.40632935,0,0,0,0,0,0,0.0176716666666667,0.87905,4.13085833333333,5.70150666666667,3.78543,2.42425833333333,1.82997333333333,1.5475,1.39734666666667,0.845018333333333,0.346746666666667,0.222205,0.165693333333333,0.158958333333333,0.175048333333333,0.172811666666667,0.186,0.178685,0.163535,0.12839,0.121043333333333,0.109776666666667,0.096705,0.111651666666667,0.0821366666666667,0.0796066666666667,0.0729383333333333,0.055225,0.0481516666666667,0.0474283333333333,0.0373766666666667,0.0242783333333333,0.0182016666666667,0.0143466666666667,0.00974333333333333,0.00863333333333333,0.00963666666666667,0.00560333333333333,0.00433666666666667,0.00678833333333333,0.00448166666666667,0.00436666666666667,0.00259333333333333,0.00450833333333333,0.00130166666666667,0.00207333333333333,0.00163333333333333,0.000915,0.0000883333333333333,0.00086,0,0,0.00035,0.000503333333333333,0.00170666666666667,0.000425,0.000425,0,0,0,0,0,0,0,0,0,0,0,0,0,0,0,0,1,0,0,0,0,0,0,1,1,1,1,1,1,1,1,1,1,1,1,1,1,1,1,1,1,1,1,1,1,1,1,1,1,1,1,1,1,1,1,1,1,1,1,1,1,1,1,1,1,1,1,1,1,1,1,1,1,1,1,1,1,1,1,1,1,1,1,1,1,1,1,1,1,1,1,1,1,1,1,0
2026-06-06 08:00:00,23.5363818833333,0,0,0,0,0,0,0.0167783333333333,0.804353333333333,3.79390333333333,5.36994833333333,3.56908,2.30540166666667,1.71471166666667,1.44905,1.344,0.77554,0.318651666666667,0.211673333333333,0.143546666666667,0.150235,0.130583333333333,0.135216666666667,0.150465,0.131605,0.131446666666667,0.0984733333333333,0.090685,0.0836883333333333,0.0784183333333333,0.0883566666666667,0.07775,0.060725,0.0520116666666667,0.0430233333333333,0.045015,0.0358516666666667,0.0267433333333333,0.0265116666666667,0.01941,0.01146,0.00963833333333333,0.00560166666666667,0.00783666666666667,0.00519833333333333,0.00607666666666667,0.00612833333333333,0.00281833333333333,0.00320833333333333,0.00397333333333333,0.001995,0.00200166666666667,0.00125333333333333,0.00158666666666667,0.000483333333333333,0.00127666666666667,0.000533333333333333,0.000601666666666667,0.000258333333333333,0.000856666666666667,0.000855,0.000426666666666667,0.001275,0.000386666666666667,0.0000383333333333333,0.000421666666666667,0.000283333333333333,0.000138333333333333,0,0,0,0,0,0,0,0,0,0,0,0,1,0,0,0,0,0,0,1,1,1,1,1,1,1,1,1,1,1,1,1,1,1,1,1,1,1,1,1,1,1,1,1,1,1,1,1,1,1,1,1,1,1,1,1,1,1,1,1,1,1,1,1,1,1,1,1,1,1,1,1,1,1,1,1,1,1,1,1,1,1,1,1,1,1,1,1,1,1,1,0
2026-06-06 09:00:00,19.5916667833333,0,0,0,0,0,0,0.025735,1.11215833333333,4.15861166666667,4.90213833333333,2.90129333333333,1.88554166666667,1.25021,0.98077,0.819886666666667,0.440891666666667,0.189256666666667,0.126216666666667,0.0940666666666667,0.094985,0.0840683333333333,0.0876283333333333,0.0976933333333333,0.088915,0.0846733333333333,0.0627866666666667,0.0484716666666667,0.0534916666666667,0.04715,0.0413633333333333,0.043735,0.0327233333333333,0.03055,0.0254916666666667,0.0221133333333333,0.02257,0.0181316666666667,0.0113683333333333,0.009185,0.00496666666666667,0.00384833333333333,0.00454666666666667,0.004965,0.00348833333333333,0.003,0.003815,0.00281666666666667,0.00235833333333333,0.000686666666666667,0.00173333333333333,0.00216666666666667,0.000843333333333333,0.00124833333333333,0.000845,0.001815,0.00129,0.00043,0.000856666666666667,0,0.000855,0,0.000323333333333333,0.000101666666666667,0.000423333333333333,0,0.000283333333333333,0.000138333333333333,0.000398333333333333,0.0000183333333333333,0,0.000826666666666667,0,0,0,0,0,0,0,0,1,0,0,0,0,0,0,1,1,1,1,1,1,1,1,1,1,1,1,1,1,1,1,1,1,1,1,1,1,1,1,1,1,1,1,1,1,1,1,1,1,1,1,1,1,1,1,1,1,1,1,1,1,1,1,1,1,1,1,1,1,1,1,1,1,1,1,1,1,1,1,1,1,1,1,1,1,1,1,0
2026-06-06 10:00:00,17.0301871666667,0,0,0,0,0,0,0.0288666666666667,1.10770833333333,3.75734,4.00840333333333,2.36771,1.33229166666667,0.942063333333333,0.733731666666667,0.616935,0.349956666666667,0.218035,0.130861666666667,0.103653333333333,0.0900933333333333,0.0902716666666667,0.110705,0.117576666666667,0.09982,0.0823983333333333,0.0672,0.06617,0.0570183333333333,0.0580016666666667,0.0560933333333333,0.0362033333333333,0.0449066666666667,0.0323333333333333,0.0311083333333333,0.02313,0.0261533333333333,0.0178966666666667,0.0160816666666667,0.009615,0.00977666666666667,0.00548,0.00541666666666667,0.00606833333333333,0.00517,0.00540166666666667,0.00292,0.00325333333333333,0.00525666666666667,0.00366666666666667,0.00230333333333333,0.00167166666666667,0.00212,0.00333833333333333,0.00264166666666667,0.000898333333333333,0.00134166666666667,0,0,0.00103166666666667,0.000251666666666667,0,0.000748333333333333,0.000101666666666667,0.000808333333333333,0.0000383333333333333,0,0,0,0.000833333333333333,0,0,0.000411666666666667,0,0,0,0,0,0,0,1,0,0,0,0,0,0,1,1,1,1,1,1,1,1,1,1,1,1,1,1,1,1,1,1,1,1,1,1,1,1,1,1,1,1,1,1,1,1,1,1,1,1,1,1,1,1,1,1,1,1,1,1,1,1,1,1,1,1,1,1,1,1,1,1,1,1,1,1,1,1,1,1,1,1,1,1,1,1,0
2026-06-06 11:00:00,21.9557667166667,0,0,0,0,0,0,0.023,1.06249666666667,4.35023333333333,4.98616,2.90125166666667,1.628195,1.14986666666667,1.007575,0.872636666666667,0.516886666666667,0.377651666666667,0.245548333333333,0.19441,0.206096666666667,0.22376,0.244451666666667,0.263938333333333,0.224061666666667,0.193995,0.168305,0.158758333333333,0.153773333333333,0.1446,0.128138333333333,0.0939466666666667,0.102308333333333,0.0879266666666667,0.0813916666666667,0.07011,0.055925,0.0421416666666667,0.0331666666666667,0.0272083333333333,0.023785,0.0148966666666667,0.0120966666666667,0.0152266666666667,0.010925,0.010375,0.00837333333333333,0.00846333333333333,0.00630833333333333,0.00644166666666667,0.0042,0.00468666666666667,0.00332666666666667,0.00365333333333333,0.00303666666666667,0.003665,0.00182833333333333,0.002695,0.00261,0.000648333333333333,0.00128333333333333,0.000426666666666667,0.00107166666666667,0.000203333333333333,0.000423333333333333,0.000423333333333333,0.000283333333333333,0.000138333333333333,0.000816666666666667,0.000241666666666667,0.000366666666666667,0.000653333333333333,0.0000866666666666667,0.000253333333333333,0.000273333333333333,0.000293333333333333,0.000313333333333333,0.000333333333333333,0.0001,0,1,0,0,0,0,0,0,1,1,1,1,1,1,1,1,1,1,1,1,1,1,1,1,1,1,1,1,1,1,1,1,1,1,1,1,1,1,1,1,1,1,1,1,1,1,1,1,1,1,1,1,1,1,1,1,1,1,1,1,1,1,1,1,1,1,1,1,1,1,1,1,1,1,1,1,1,1,1,1,0
2026-06-06 12:00:00,23.25715205,0,0,0,0,0,0,0.0197083333333333,1.10267666666667,4.40202333333333,4.70212833333333,2.57601333333333,1.510215,1.268805,1.27763166666667,1.01996833333333,0.546028333333333,0.398128333333333,0.262885,0.237633333333333,0.244108333333333,0.270775,0.330783333333333,0.33643,0.287028333333333,0.263716666666667,0.210875,0.20935,0.186408333333333,0.180363333333333,0.17575,0.142725,0.138283333333333,0.119138333333333,0.10379,0.0916716666666667,0.0714333333333333,0.0566233333333333,0.037425,0.0345583333333333,0.0293266666666667,0.0226866666666667,0.0168266666666667,0.0169983333333333,0.0143133333333333,0.00671666666666667,0.00974,0.008525,0.00819166666666667,0.00644,0.00541666666666667,0.00518,0.00380666666666667,0.002765,0.000711666666666667,0.00410333333333333,0.00281666666666667,0.00298166666666667,0.00123166666666667,0.00305333333333333,0.00128166666666667,0.00147,0.000236666666666667,0.00166166666666667,0.0000383333333333333,0.000346666666666667,0.000496666666666667,0.000288333333333333,0.00055,0.000416666666666667,0.000346666666666667,0.000893333333333333,0.0000866666666666667,0.000253333333333333,0.000273333333333333,0.000293333333333333,0.000313333333333333,0.000333333333333333,0.0001,0,1,0,0,0,0,0,0,1,1,1,1,1,1,1,1,1,1,1,1,1,1,1,1,1,1,1,1,1,1,1,1,1,1,1,1,1,1,1,1,1,1,1,1,1,1,1,1,1,1,1,1,1,1,1,1,1,1,1,1,1,1,1,1,1,1,1,1,1,1,1,1,1,1,1,1,1,1,1,1,0
2026-06-06 13:00:00,23.3758474166667,0,0,0,0,0,0,0.0190833333333333,1.05646833333333,4.29611,5.52241,3.61235333333333,2.27561333333333,1.66505,1.38771333333333,0.936118333333333,0.402683333333333,0.258905,0.154646666666667,0.131201666666667,0.138196666666667,0.135238333333333,0.177508333333333,0.15848,0.12844,0.11269,0.097115,0.0730066666666667,0.081725,0.0726183333333333,0.0690666666666667,0.0751416666666667,0.05313,0.0526633333333333,0.0471866666666667,0.04023,0.0304366666666667,0.024085,0.01827,0.0161683333333333,0.0127266666666667,0.01017,0.00867,0.00712,0.00622666666666667,0.00582333333333333,0.00622833333333333,0.004405,0.004695,0.005015,0.00766666666666667,0.00202166666666667,0.00255333333333333,0.00161,0.001435,0.00248333333333333,0.00446166666666667,0.00166333333333333,0.00240833333333333,0.0018,0.000503333333333333,0.000616666666666667,0.000985,0.000488333333333333,0.00127,0.00046,0,0,0.000836666666666667,0,0.00159166666666667,0.000893333333333333,0.00013,0.00038,0.000408333333333333,0.000438333333333333,0.00047,0.000501666666666667,0.000148333333333333,0,1,0,0,0,0,0,0,1,1,1,1,1,1,1,1,1,1,1,1,1,1,1,1,1,1,1,1,1,1,1,1,1,1,1,1,1,1,1,1,1,1,1,1,1,1,1,1,1,1,1,1,1,1,1,1,1,1,1,1,1,1,1,1,1,1,1,1,1,1,1,1,1,1,1,1,1,1,1,1,0
2026-06-06 14:00:00,22.18088355,0,0,0,0,0,0,0.0123166666666667,0.716166666666667,3.29883,4.95666833333333,3.73804,2.60719333333333,1.97952833333333,1.630975,1.21550333333333,0.457735,0.24849,0.135403333333333,0.092165,0.0986766666666667,0.0962583333333333,0.118356666666667,0.110106666666667,0.0839616666666667,0.0639816666666667,0.0606583333333333,0.04097,0.0482916666666667,0.0433933333333333,0.0401633333333333,0.0409083333333333,0.0304233333333333,0.0242316666666667,0.0213366666666667,0.0181933333333333,0.0123033333333333,0.0131483333333333,0.011715,0.00842666666666667,0.0100933333333333,0.00525166666666667,0.00649333333333333,0.00655833333333333,0.005165,0.002705,0.00254,0.00224,0.00279166666666667,0.00364,0.00371333333333333,0.00286666666666667,0.000866666666666667,0.00245166666666667,0.00307333333333333,0.00138333333333333,0.00129,0.000601666666666667,0.00106166666666667,0.000483333333333333,0.000426666666666667,0.000616666666666667,0.000883333333333333,0.00105333333333333,0.000423333333333333,0.000346666666666667,0.000075,0.00042,0,0,0,0,0,0,0,0,0,0,0,0,1,0,0,0,0,0,0,1,1,1,1,1,1,1,1,1,1,1,1,1,1,1,1,1,1,1,1,1,1,1,1,1,1,1,1,1,1,1,1,1,1,1,1,1,1,1,1,1,1,1,1,1,1,1,1,1,1,1,1,1,1,1,1,1,1,1,1,1,1,1,1,1,1,1,1,1,1,1,1,0
2026-06-06 15:00:00,19.7346200333333,0,0,0,0,0,0,0.0177733333333333,0.737011666666667,3.14311833333333,4.43617,3.34687166666667,2.40703,1.79818666666667,1.426635,1.03740166666667,0.35993,0.167801666666667,0.111611666666667,0.0743333333333333,0.0568466666666667,0.0519433333333333,0.0723933333333333,0.0636666666666667,0.0464733333333333,0.035385,0.0280516666666667,0.02773,0.02087,0.02338,0.02058,0.0177666666666667,0.0162416666666667,0.01498,0.00987333333333333,0.0145116666666667,0.00542666666666667,0.00561833333333333,0.00471,0.00490166666666667,0.00537333333333333,0.0045,0.00409166666666667,0.00395833333333333,0.00361666666666667,0.000965,0.00247,0.002315,0.00260833333333333,0.00168166666666667,0.000486666666666667,0.0013,0.000866666666666667,0.000431666666666667,0.000431666666666667,0.000431666666666667,0.00177666666666667,0.000803333333333333,0,0.000856666666666667,0.000426666666666667,0.00019,0.000236666666666667,0,0.000423333333333333,0,0.000421666666666667,0,0,0,0,0,0,0,0,0,0,0,0,0,1,0,0,0,0,0,0,1,1,1,1,1,1,1,1,1,1,1,1,1,1,1,1,1,1,1,1,1,1,1,1,1,1,1,1,1,1,1,1,1,1,1,1,1,1,1,1,1,1,1,1,1,1,1,1,1,1,1,1,1,1,1,1,1,1,1,1,1,1,1,1,1,1,1,1,1,1,1,1,0
2026-06-06 16:00:00,45.0791671166667,0,0,0,0,0,0,0.0308116666666667,1.52426333333333,6.85859,9.68292333333333,7.61611833333333,5.79775,4.61890333333333,3.64334166666667,2.64792666666667,0.760361666666667,0.353623333333333,0.206066666666667,0.132443333333333,0.120668333333333,0.0938433333333333,0.0996183333333333,0.0901216666666667,0.06601,0.0513033333333333,0.0373633333333333,0.03177,0.035405,0.0293633333333333,0.0267966666666667,0.0196016666666667,0.0187116666666667,0.0164133333333333,0.0133366666666667,0.0146,0.00984666666666667,0.00638,0.00611166666666667,0.00474666666666667,0.00151,0.00383166666666667,0.00239166666666667,0.00274333333333333,0.00320833333333333,0.00189833333333333,0.000435,0.000143333333333333,0.00029,0.00211333333333333,0.001395,0.00125833333333333,0.00171,0.00161,0.00014,0.00081,0.00051,0.000401666666666667,0.000746666666666667,0.00011,0,0,0,0,0.000423333333333333,0,0,0,0,0,0,0,0,0,0,0,0,0,0,0,1,0,0,0,0,0,0,1,1,1,1,1,1,1,1,1,1,1,1,1,1,1,1,1,1,1,1,1,1,1,1,1,1,1,1,1,1,1,1,1,1,1,1,1,1,1,1,1,1,1,1,1,1,1,1,1,1,1,1,1,1,1,1,1,1,1,1,1,1,1,1,1,1,1,1,1,1,1,1,0
2026-06-06 17:00:00,51.5649559833333,0,0,0,0,0,0,0.027745,1.61240333333333,7.27982666666667,10.6742616666667,8.62625833333333,6.72165833333333,5.49703,4.48027,3.28172333333333,0.982716666666667,0.436953333333333,0.252111666666667,0.160276666666667,0.123425,0.113458333333333,0.106155,0.100268333333333,0.0749933333333333,0.0575616666666667,0.0384116666666667,0.0281416666666667,0.039005,0.0243566666666667,0.0250983333333333,0.025085,0.0254316666666667,0.0140866666666667,0.015735,0.0135566666666667,0.0103683333333333,0.00948666666666667,0.006365,0.00593666666666667,0.00545,0.002625,0.00216833333333333,0.00452833333333333,0.0043,0.00132333333333333,0.00388333333333333,0.000283333333333333,0.002085,0.00295333333333333,0.00149333333333333,0.00291166666666667,0.002965,0.00340666666666667,0.002915,0.000608333333333333,0.00258,0.00103166666666667,0.00272166666666667,0.000713333333333333,0.000251666666666667,0.00128,0.000425,0,0,0,0.000283333333333333,0.000138333333333333,0,0,0,0,0.0000216666666666667,0.0000633333333333333,0.0000683333333333333,0.0000733333333333333,0.0000783333333333333,0.0000833333333333333,0.000025,0,1,0,0,0,0,0,0,1,1,1,1,1,1,1,1,1,1,1,1,1,1,1,1,1,1,1,1,1,1,1,1,1,1,1,1,1,1,1,1,1,1,1,1,1,1,1,1,1,1,1,1,1,1,1,1,1,1,1,1,1,1,1,1,1,1,1,1,1,1,1,1,1,1,1,1,1,1,1,1,0
2026-06-06 18:00:00,31.8230194333333,0,0,0,0,0,0,0.0227516666666667,1.04858833333333,4.59484,6.54005666666667,5.23238,4.04027333333333,3.32407833333333,2.76973166666667,2.14569833333333,0.840636666666667,0.403623333333333,0.242846666666667,0.149776666666667,0.122401666666667,0.108308333333333,0.09871,0.0915916666666667,0.0677266666666667,0.04972,0.0390633333333333,0.0319883333333333,0.0273466666666667,0.0208783333333333,0.035085,0.021755,0.0234816666666667,0.0140266666666667,0.0183116666666667,0.0134916666666667,0.0138316666666667,0.0112,0.0102933333333333,0.0100766666666667,0.00308333333333333,0.00789333333333333,0.006915,0.00545666666666667,0.00647333333333333,0.00433833333333333,0.00271833333333333,0.00651333333333333,0.00609,0.00249333333333333,0.00559833333333333,0.00620833333333333,0.00216666666666667,0.00238166666666667,0.002535,0.002695,0.00104333333333333,0.00143333333333333,0.000688333333333333,0.001285,0.00170833333333333,0.00104333333333333,0.000236666666666667,0,0.001655,0.0000383333333333333,0.000421666666666667,0,0,0.000416666666666667,0.000173333333333333,0.00024,0.0000433333333333333,0.000126666666666667,0.000136666666666667,0.000146666666666667,0.000156666666666667,0.000166666666666667,0.00005,0,1,0,0,0,0,0,0,1,1,1,1,1,1,1,1,1,1,1,1,1,1,1,1,1,1,1,1,1,1,1,1,1,1,1,1,1,1,1,1,1,1,1,1,1,1,1,1,1,1,1,1,1,1,1,1,1,1,1,1,1,1,1,1,1,1,1,1,1,1,1,1,1,1,1,1,1,1,1,1,0
2026-06-06 19:00:00,25.6496174166667,0,0,0,0,0,0,0.017645,0.893643333333333,3.60451333333333,4.82435666666667,3.737405,2.81291166666667,2.44785666666667,2.28386666666667,2.20027833333333,1.09443333333333,0.427673333333333,0.219863333333333,0.141861666666667,0.107475,0.100495,0.106681666666667,0.101925,0.0828466666666667,0.0583716666666667,0.0415,0.0466916666666667,0.0422366666666667,0.0420683333333333,0.0311583333333333,0.0248633333333333,0.025615,0.02054,0.0208033333333333,0.0193183333333333,0.00887166666666667,0.016615,0.0132866666666667,0.00937833333333333,0.006835,0.00888166666666667,0.00902833333333333,0.00957833333333333,0.00461,0.00216166666666667,0.00264833333333333,0.00325833333333333,0.00494833333333333,0.00443666666666667,0.003535,0.00255833333333333,0.00127666666666667,0.00362833333333333,0.004675,0.00202666666666667,0.0018,0.00177666666666667,0.00281,0.001395,0.000426666666666667,0,0.000425,0.00166166666666667,0.00127,0.00046,0.000705,0.000138333333333333,0.000398333333333333,0.0000183333333333333,0,0,0,0,0,0,0,0,0,0,1,0,0,0,0,0,0,1,1,1,1,1,1,1,1,1,1,1,1,1,1,1,1,1,1,1,1,1,1,1,1,1,1,1,1,1,1,1,1,1,1,1,1,1,1,1,1,1,1,1,1,1,1,1,1,1,1,1,1,1,1,1,1,1,1,1,1,1,1,1,1,1,1,1,1,1,1,1,1,0
2026-06-06 20:00:00,18.4361699333333,0,0,0,0,0,0,0.0109033333333333,0.530193333333333,2.19750666666667,3.31160666666667,2.559585,2.034395,1.80469166666667,1.75015833333333,1.75754166666667,0.893955,0.322393333333333,0.17524,0.122555,0.10104,0.0945633333333333,0.09755,0.105816666666667,0.072905,0.0642066666666667,0.0526666666666667,0.045575,0.0424533333333333,0.0397966666666667,0.0302833333333333,0.0329216666666667,0.029705,0.0315983333333333,0.020945,0.0190583333333333,0.01867,0.010875,0.0111416666666667,0.00993166666666667,0.00782,0.00569833333333333,0.00626833333333333,0.00366166666666667,0.00715333333333333,0.00279166666666667,0.00379,0.00209166666666667,0.00337166666666667,0.004915,0.00582333333333333,0.00253833333333333,0.00248333333333333,0.00261333333333333,0.00257166666666667,0.00300333333333333,0.00228333333333333,0.00186333333333333,0.00186333333333333,0.000461666666666667,0.00221166666666667,0.000853333333333333,0.000323333333333333,0.000101666666666667,0,0.000421666666666667,0,0,0,0.000223333333333333,0.000193333333333333,0,0.0000216666666666667,0.0000633333333333333,0.0000683333333333333,0.0000733333333333333,0.0000783333333333333,0.0000833333333333333,0.000025,0,1,0,0,0,0,0,0,1,1,1,1,1,1,1,1,1,1,1,1,1,1,1,1,1,1,1,1,1,1,1,1,1,1,1,1,1,1,1,1,1,1,1,1,1,1,1,1,1,1,1,1,1,1,1,1,1,1,1,1,1,1,1,1,1,1,1,1,1,1,1,1,1,1,1,1,1,1,1,1,0
2026-06-06 21:00:00,15.4460667,0,0,0,0,0,0,0.00935833333333333,0.574695,2.48114166666667,3.29933833333333,2.275495,1.599875,1.22519166666667,1.06404,0.886441666666667,0.526928333333333,0.263415,0.145661666666667,0.0960516666666667,0.0788033333333333,0.077335,0.0872966666666667,0.0833816666666667,0.059805,0.0453366666666667,0.0453083333333333,0.0382933333333333,0.033935,0.0290633333333333,0.0333516666666667,0.024045,0.0266233333333333,0.020645,0.015645,0.016005,0.0141283333333333,0.011295,0.0108816666666667,0.00528333333333333,0.00939666666666667,0.00798833333333333,0.00847333333333333,0.00828166666666667,0.004355,0.00808,0.00646166666666667,0.005345,0.00498333333333333,0.00504,0.007165,0.00683,0.00250666666666667,0.00295333333333333,0.00229833333333333,0.00253666666666667,0.00392166666666667,0.000601666666666667,0.00186333333333333,0.000966666666666667,0.00171166666666667,0.000426666666666667,0.000425,0.00085,0.000846666666666667,0.000421666666666667,0,0,0,0.000416666666666667,0,0.000413333333333333,0.0000866666666666667,0.000253333333333333,0.000273333333333333,0.000293333333333333,0.000313333333333333,0.000333333333333333,0.0001,0,1,0,0,0,0,0,0,1,1,1,1,1,1,1,1,1,1,1,1,1,1,1,1,1,1,1,1,1,1,1,1,1,1,1,1,1,1,1,1,1,1,1,1,1,1,1,1,1,1,1,1,1,1,1,1,1,1,1,1,1,1,1,1,1,1,1,1,1,1,1,1,1,1,1,1,1,1,1,1,0
2026-06-06 22:00:00,18.0163766333333,0,0,0,0,0,0,0.0176316666666667,0.795911666666667,3.150995,4.002135,2.41926666666667,1.60428,1.21845333333333,1.00028833333333,0.945346666666667,0.564278333333333,0.290226666666667,0.17793,0.124616666666667,0.13071,0.115246666666667,0.13376,0.131521666666667,0.12611,0.09956,0.0909966666666667,0.0856216666666667,0.0712966666666667,0.0618833333333333,0.06496,0.0492666666666667,0.0458933333333333,0.042785,0.03936,0.033225,0.0306033333333333,0.0201333333333333,0.0152516666666667,0.0149616666666667,0.01536,0.0105233333333333,0.01036,0.011265,0.0128183333333333,0.005845,0.006315,0.0117966666666667,0.00833833333333333,0.00636166666666667,0.00463,0.00217,0.00631166666666667,0.00211166666666667,0.00392666666666667,0.00349666666666667,0.00228666666666667,0.00223833333333333,0.001545,0.000856666666666667,0.000426666666666667,0.000426666666666667,0.000748333333333333,0.00133833333333333,0.0000383333333333333,0.000346666666666667,0.000075,0,0,0,0.000173333333333333,0.000653333333333333,0.000433333333333333,0.0000633333333333333,0.0000683333333333333,0.0000733333333333333,0.0000783333333333333,0.0000833333333333333,0.000025,0,1,0,0,0,0,0,0,1,1,1,1,1,1,1,1,1,1,1,1,1,1,1,1,1,1,1,1,1,1,1,1,1,1,1,1,1,1,1,1,1,1,1,1,1,1,1,1,1,1,1,1,1,1,1,1,1,1,1,1,1,1,1,1,1,1,1,1,1,1,1,1,1,1,1,1,1,1,1,1,0
2026-06-06 23:00:00,28.2315273166667,0,0,0,0,0,0,0.0204433333333333,1.14459833333333,4.60065333333333,5.97638833333333,3.85301833333333,2.55087666666667,1.91340666666667,1.545225,1.47033166666667,0.865991666666667,0.438385,0.310145,0.245436666666667,0.220693333333333,0.239813333333333,0.282331666666667,0.287243333333333,0.257428333333333,0.23154,0.197263333333333,0.201166666666667,0.184403333333333,0.174796666666667,0.163981666666667,0.146796666666667,0.134813333333333,0.116563333333333,0.101515,0.0779616666666667,0.0797983333333333,0.06328,0.059565,0.045485,0.0320533333333333,0.0372883333333333,0.0263066666666667,0.0283366666666667,0.0234933333333333,0.0158416666666667,0.01393,0.01524,0.0100983333333333,0.010365,0.0117566666666667,0.00636,0.00622,0.00758333333333333,0.00517666666666667,0.004615,0.00223,0.003755,0.00286666666666667,0.00245833333333333,0.00332,0.000853333333333333,0.000425,0,0.000423333333333333,0.000423333333333333,0.000843333333333333,0,0.000796666666666667,0.0000366666666666667,0.000415,0,0.000065,0.00019,0.000203333333333333,0.000218333333333333,0.000235,0.000251666666666667,0.0000733333333333333,0,1,0,0,0,0,0,0,1,1,1,1,1,1,1,1,1,1,1,1,1,1,1,1,1,1,1,1,1,1,1,1,1,1,1,1,1,1,1,1,1,1,1,1,1,1,1,1,1,1,1,1,1,1,1,1,1,1,1,1,1,1,1,1,1,1,1,1,1,1,1,1,1,1,1,1,1,1,1,1,0
2026-06-07,30.65535595,0,0,0,0,0,0,0.0216783333333333,1.08289833333333,4.66051166666667,6.078955,4.117305,2.84651833333333,2.20505833333333,1.82031166666667,1.6429,1.09966666666667,0.526658333333333,0.375413333333333,0.278836666666667,0.26162,0.278038333333333,0.328411666666667,0.35003,0.339756666666667,0.27927,0.254516666666667,0.235145,0.220025,0.189441666666667,0.190838333333333,0.167511666666667,0.157841666666667,0.147985,0.134913333333333,0.107925,0.0936816666666667,0.0778316666666667,0.0644433333333333,0.0479816666666667,0.0451266666666667,0.04224,0.0301516666666667,0.0354583333333333,0.0295616666666667,0.02606,0.021555,0.0184266666666667,0.0196416666666667,0.0125266666666667,0.0101766666666667,0.0123683333333333,0.008385,0.00607833333333333,0.005405,0.004745,0.00126166666666667,0.00278166666666667,0.00212166666666667,0.001745,0.001785,0.00147,0.000985,0.001725,0.000883333333333333,0.000385,0.000075,0,0,0,0.000173333333333333,0.00024,0.0000216666666666667,0.0000633333333333333,0.0000683333333333333,0.0000733333333333333,0.0000783333333333333,0.0000833333333333333,0.000025,0,1,0,0,0,0,0,0,1,1,1,1,1,1,1,1,1,1,1,1,1,1,1,1,1,1,1,1,1,1,1,1,1,1,1,1,1,1,1,1,1,1,1,1,1,1,1,1,1,1,1,1,1,1,1,1,1,1,1,1,1,1,1,1,1,1,1,1,1,1,1,1,1,1,1,1,1,1,1,1,0
2026-06-07 01:00:00,34.2862968333333,0,0,0,0,0,0,0.0234016666666667,1.13005666666667,4.95134166666667,6.54298833333333,4.546575,3.173355,2.413915,2.01809333333333,1.90382666666667,1.26554,0.590185,0.42904,0.339275,0.308446666666667,0.338876666666667,0.369145,0.411713333333333,0.39474,0.359658333333333,0.322768333333333,0.308116666666667,0.285638333333333,0.253225,0.237456666666667,0.21355,0.206588333333333,0.179551666666667,0.144541666666667,0.133373333333333,0.12119,0.0898933333333333,0.078515,0.0713,0.0571466666666667,0.0485733333333333,0.03749,0.038525,0.0308416666666667,0.02226,0.0183016666666667,0.0251583333333333,0.0222866666666667,0.01179,0.0112233333333333,0.014215,0.00722666666666667,0.00655666666666667,0.0087,0.00407833333333333,0.00537333333333333,0.00252333333333333,0.00209,0.00169,0.00221166666666667,0.000426666666666667,0.00117333333333333,0.00218833333333333,0.0000383333333333333,0,0,0,0,0,0.00083,0,0.0000216666666666667,0.0000633333333333333,0.0000683333333333333,0.0000733333333333333,0.0000783333333333333,0.0000833333333333333,0.000025,0,1,0,0,0,0,0,0,1,1,1,1,1,1,1,1,1,1,1,1,1,1,1,1,1,1,1,1,1,1,1,1,1,1,1,1,1,1,1,1,1,1,1,1,1,1,1,1,1,1,1,1,1,1,1,1,1,1,1,1,1,1,1,1,1,1,1,1,1,1,1,1,1,1,1,1,1,1,1,1,0
2026-06-07 02:00:00,35.9840095666667,0,0,0,0,0,0,0.0265866666666667,1.14389,4.8147,6.32213833333333,4.35631333333333,3.00934333333333,2.425945,2.10855166666667,2.00898166666667,1.328385,0.717106666666667,0.523868333333333,0.450476666666667,0.4132,0.479735,0.52896,0.551675,0.500526666666667,0.446685,0.382773333333333,0.375985,0.362511666666667,0.33245,0.30524,0.269181666666667,0.241663333333333,0.235066666666667,0.201358333333333,0.162266666666667,0.1615,0.137541666666667,0.115745,0.0942033333333333,0.0763766666666667,0.055225,0.0543816666666667,0.0469483333333333,0.0249016666666667,0.0330016666666667,0.0240933333333333,0.0185533333333333,0.0199666666666667,0.0143483333333333,0.014745,0.0175116666666667,0.0137866666666667,0.00679166666666667,0.00597,0.00494,0.00580333333333333,0.003125,0.002295,0.00217333333333333,0.001785,0.00189666666666667,0.00141,0.00176333333333333,0.000461666666666667,0,0,0,0.000418333333333333,0,0,0,0,0,0,0,0,0,0,0,1,0,0,0,0,0,0,1,1,1,1,1,1,1,1,1,1,1,1,1,1,1,1,1,1,1,1,1,1,1,1,1,1,1,1,1,1,1,1,1,1,1,1,1,1,1,1,1,1,1,1,1,1,1,1,1,1,1,1,1,1,1,1,1,1,1,1,1,1,1,1,1,1,1,1,1,1,1,1,0
2026-06-07 03:00:00,39.5810832333333,0,0,0,0,0,0,0.024935,1.36177333333333,5.748505,7.296385,4.82374,3.264635,2.59760666666667,2.28700666666667,2.27966166666667,1.50643,0.692223333333333,0.497065,0.44171,0.420805,0.447181666666667,0.514768333333333,0.528593333333333,0.483378333333333,0.464685,0.403061666666667,0.386151666666667,0.367098333333333,0.338741666666667,0.312235,0.249575,0.268146666666667,0.234383333333333,0.20516,0.189771666666667,0.163876666666667,0.142426666666667,0.102388333333333,0.0968733333333333,0.0724433333333333,0.0644533333333333,0.0529333333333333,0.041955,0.0337383333333333,0.0311833333333333,0.0263683333333333,0.0200166666666667,0.02397,0.0122916666666667,0.0156066666666667,0.010095,0.00925166666666667,0.010375,0.00531666666666667,0.00704333333333333,0.00292833333333333,0.00278333333333333,0.00212166666666667,0.00268,0.00213666666666667,0.00275,0.000661666666666667,0.000811666666666667,0.000423333333333333,0.000385,0.000075,0,0,0,0,0,0,0,0,0,0,0,0,0,1,0,0,0,0,0,0,1,1,1,1,1,1,1,1,1,1,1,1,1,1,1,1,1,1,1,1,1,1,1,1,1,1,1,1,1,1,1,1,1,1,1,1,1,1,1,1,1,1,1,1,1,1,1,1,1,1,1,1,1,1,1,1,1,1,1,1,1,1,1,1,1,1,1,1,1,1,1,1,0
2026-06-07 04:00:00,65.7563593833333,0,0,0,0,0,0,0.033295,1.98208666666667,9.17086166666667,13.6645683333333,10.2484533333333,7.245495,5.484725,4.39073666666667,3.68037,2.01330666666667,0.755506666666667,0.562325,0.442688333333333,0.414841666666667,0.436795,0.493223333333333,0.504853333333333,0.458036666666667,0.429381666666667,0.362505,0.369646666666667,0.325996666666667,0.325468333333333,0.296368333333333,0.250155,0.25995,0.218021666666667,0.18892,0.162115,0.150058333333333,0.124315,0.105393333333333,0.085475,0.06815,0.0536416666666667,0.0436166666666667,0.0429983333333333,0.0404216666666667,0.03448,0.02593,0.0183433333333333,0.0187133333333333,0.015155,0.0138366666666667,0.01261,0.01034,0.00775666666666667,0.00507666666666667,0.00702666666666667,0.002115,0.00541833333333333,0.00324166666666667,0.00302166666666667,0.00238833333333333,0.00208666666666667,0.000473333333333333,0.00085,0,0.000693333333333333,0.000433333333333333,0.000426666666666667,0.00055,0.000446666666666667,0.000386666666666667,0.000413333333333333,0,0,0,0,0,0,0,0,1,0,0,0,0,0,0,1,1,1,1,1,1,1,1,1,1,1,1,1,1,1,1,1,1,1,1,1,1,1,1,1,1,1,1,1,1,1,1,1,1,1,1,1,1,1,1,1,1,1,1,1,1,1,1,1,1,1,1,1,1,1,1,1,1,1,1,1,1,1,1,1,1,1,1,1,1,1,1,0
2026-06-07 05:00:00,49.1141587666667,0,0,0,0,0,0,0.0275716666666667,1.41563333333333,6.49608,9.14821,6.99788833333333,5.021295,3.98751666666667,3.36827666666667,3.20027666666667,1.747185,0.718433333333333,0.496771666666667,0.426593333333333,0.388195,0.412496666666667,0.466296666666667,0.48855,0.465368333333333,0.409271666666667,0.365923333333333,0.337348333333333,0.329165,0.287118333333333,0.27733,0.231588333333333,0.25272,0.220121666666667,0.181955,0.160891666666667,0.12449,0.121728333333333,0.0999683333333333,0.082545,0.0628466666666667,0.05134,0.0380233333333333,0.048635,0.0360983333333333,0.0224783333333333,0.02186,0.0151716666666667,0.0176283333333333,0.015795,0.0170433333333333,0.0109583333333333,0.00419333333333333,0.00751666666666667,0.00355666666666667,0.00524666666666667,0.002685,0.00146166666666667,0.000631666666666667,0.00169,0.00306666666666667,0.00128,0.00159833333333333,0.00133833333333333,0.0000383333333333333,0.000423333333333333,0.000421666666666667,0.00126,0,0,0.000415,0,0.0000216666666666667,0.0000633333333333333,0.0000683333333333333,0.0000733333333333333,0.0000783333333333333,0.0000833333333333333,0.000025,0,1,0,0,0,0,0,0,1,1,1,1,1,1,1,1,1,1,1,1,1,1,1,1,1,1,1,1,1,1,1,1,1,1,1,1,1,1,1,1,1,1,1,1,1,1,1,1,1,1,1,1,1,1,1,1,1,1,1,1,1,1,1,1,1,1,1,1,1,1,1,1,1,1,1,1,1,1,1,1,0
2026-06-07 06:00:00,40.2435953,0,0,0,0,0,0,0.0234016666666667,1.23772833333333,5.15814166666667,6.98855666666667,4.98275666666667,3.73948833333333,3.21319333333333,2.91074,2.98775833333333,1.633525,0.722111666666667,0.477378333333333,0.376751666666667,0.348481666666667,0.414068333333333,0.447748333333333,0.476721666666667,0.444303333333333,0.41016,0.351555,0.320878333333333,0.31392,0.272785,0.26229,0.209316666666667,0.200006666666667,0.170516666666667,0.160753333333333,0.145496666666667,0.112128333333333,0.103293333333333,0.0740433333333333,0.0668066666666667,0.0493866666666667,0.0389633333333333,0.023315,0.0254783333333333,0.0251433333333333,0.01473,0.015715,0.0118416666666667,0.00918833333333333,0.00891666666666667,0.0055,0.005575,0.00417,0.00379166666666667,0.002985,0.00185,0.00306166666666667,0.00086,0.000373333333333333,0.000911666666666667,0.000426666666666667,0.000853333333333333,0,0,0.000423333333333333,0,0,0,0.000418333333333333,0,0,0,0,0,0,0,0,0,0,0,1,0,0,0,0,0,0,1,1,1,1,1,1,1,1,1,1,1,1,1,1,1,1,1,1,1,1,1,1,1,1,1,1,1,1,1,1,1,1,1,1,1,1,1,1,1,1,1,1,1,1,1,1,1,1,1,1,1,1,1,1,1,1,1,1,1,1,1,1,1,1,1,1,1,1,1,1,1,1,0
2026-06-07 07:00:00,50.3699781166667,0,0,0,0,0,0,0.0252283333333333,1.4621,6.45516,8.61931333333333,6.20521833333333,4.63006833333333,3.90076333333333,3.51515833333333,3.66855666666667,2.13341333333333,0.904506666666667,0.615463333333333,0.49998,0.469915,0.512085,0.577725,0.632716666666667,0.603066666666667,0.511701666666667,0.466371666666667,0.446481666666667,0.432316666666667,0.387773333333333,0.377801666666667,0.32919,0.317255,0.26516,0.226138333333333,0.215123333333333,0.172136666666667,0.142325,0.109811666666667,0.0944833333333333,0.0696033333333333,0.0594233333333333,0.0456866666666667,0.0392366666666667,0.0314033333333333,0.0299166666666667,0.0272966666666667,0.0173916666666667,0.015295,0.012405,0.009965,0.01305,0.00918333333333333,0.00578833333333333,0.00233166666666667,0.00471,0.00201166666666667,0.00266666666666667,0.00229333333333333,0.00149166666666667,0.00118166666666667,0.00256,0.000425,0.00166166666666667,0.0000383333333333333,0.000768333333333333,0.000496666666666667,0,0,0,0,0,0.0000433333333333333,0.000126666666666667,0.000136666666666667,0.000146666666666667,0.000156666666666667,0.000166666666666667,0.00005,0,1,0,0,0,0,0,0,1,1,1,1,1,1,1,1,1,1,1,1,1,1,1,1,1,1,1,1,1,1,1,1,1,1,1,1,1,1,1,1,1,1,1,1,1,1,1,1,1,1,1,1,1,1,1,1,1,1,1,1,1,1,1,1,1,1,1,1,1,1,1,1,1,1,1,1,1,1,1,1,0
2026-06-07 08:00:00,54.49172505,0,0,0,0,0,0,0.033045,1.53312666666667,6.906415,9.21380166666667,6.70570666666667,4.92000333333333,4.25434,3.84006333333333,3.99684833333333,2.35110666666667,0.982858333333333,0.693325,0.542801666666667,0.485915,0.55307,0.595993333333333,0.704005,0.619375,0.562506666666667,0.49813,0.468708333333333,0.42964,0.403171666666667,0.391925,0.341066666666667,0.327928333333333,0.265185,0.256326666666667,0.22181,0.18177,0.140553333333333,0.127991666666667,0.0926016666666667,0.06704,0.0614566666666667,0.0393533333333333,0.046925,0.03075,0.0267083333333333,0.0247566666666667,0.0223466666666667,0.016475,0.016505,0.0115283333333333,0.00714333333333333,0.007085,0.00940833333333333,0.008225,0.00590833333333333,0.00335,0.00306666666666667,0.002325,0.001625,0.00196166666666667,0.000616666666666667,0.000236666666666667,0.00085,0.00161666666666667,0.000923333333333333,0,0.00084,0,0.000223333333333333,0.000608333333333333,0.00016,0.000253333333333333,0,0,0,0,0,0,0,1,0,0,0,0,0,0,1,1,1,1,1,1,1,1,1,1,1,1,1,1,1,1,1,1,1,1,1,1,1,1,1,1,1,1,1,1,1,1,1,1,1,1,1,1,1,1,1,1,1,1,1,1,1,1,1,1,1,1,1,1,1,1,1,1,1,1,1,1,1,1,1,1,1,1,1,1,1,1,0
2026-06-07 09:00:00,69.2717721666667,0,0,0,0,0,0,0.04137,1.97320666666667,8.46553666666667,11.7145666666667,8.79071,6.62460666666667,5.79388666666667,5.36275166666667,5.46813166666667,2.89228166666667,1.17262,0.812663333333333,0.645215,0.59253,0.659096666666667,0.72605,0.790001666666667,0.713936666666667,0.634096666666667,0.558105,0.538606666666667,0.516206666666667,0.446051666666667,0.473876666666667,0.39434,0.36332,0.337785,0.277663333333333,0.24415,0.207028333333333,0.164678333333333,0.143393333333333,0.112343333333333,0.0707366666666667,0.05793,0.0479433333333333,0.0524233333333333,0.03908,0.0317,0.0263716666666667,0.02177,0.0179766666666667,0.012475,0.0132233333333333,0.011955,0.008365,0.00610166666666667,0.00412833333333333,0.00654333333333333,0.00354333333333333,0.00189166666666667,0.00143333333333333,0.001745,0.000503333333333333,0.000853333333333333,0.000748333333333333,0.00137666666666667,0.000423333333333333,0,0.000566666666666667,0.000276666666666667,0,0,0.000415,0.000413333333333333,0.0000216666666666667,0.0000633333333333333,0.0000683333333333333,0.0000733333333333333,0.0000783333333333333,0.0000833333333333333,0.000025,0,1,0,0,0,0,0,0,1,1,1,1,1,1,1,1,1,1,1,1,1,1,1,1,1,1,1,1,1,1,1,1,1,1,1,1,1,1,1,1,1,1,1,1,1,1,1,1,1,1,1,1,1,1,1,1,1,1,1,1,1,1,1,1,1,1,1,1,1,1,1,1,1,1,1,1,1,1,1,1,0
2026-06-07 10:00:00,82.8430231666667,0,0,0,0,0,0,0.050135,2.554905,10.6141233333333,14.4427283333333,10.7447633333333,8.21900666666667,7.11264833333333,6.53545166666667,6.3473,3.18651333333333,1.32227333333333,0.891025,0.708905,0.639318333333333,0.73257,0.830083333333333,0.91473,0.792475,0.686268333333333,0.617745,0.58956,0.558298333333333,0.500061666666667,0.506835,0.419011666666667,0.440586666666667,0.369785,0.310938333333333,0.287471666666667,0.238121666666667,0.20243,0.156026666666667,0.11561,0.100651666666667,0.07855,0.0666016666666667,0.0473283333333333,0.0374916666666667,0.0439816666666667,0.0304783333333333,0.0223166666666667,0.0153316666666667,0.0179583333333333,0.01592,0.0101366666666667,0.0108433333333333,0.00863333333333333,0.00830666666666667,0.005555,0.00276333333333333,0.00186333333333333,0.002555,0.00130833333333333,0.00068,0.00147,0.000985,0.000488333333333333,0.00169333333333333,0.000806666666666667,0.000641666666666667,0.000276666666666667,0.000418333333333333,0,0,0.000413333333333333,0.000455,0.000126666666666667,0.000136666666666667,0.000146666666666667,0.000156666666666667,0.000166666666666667,0.00005,0,1,0,0,0,0,0,0,1,1,1,1,1,1,1,1,1,1,1,1,1,1,1,1,1,1,1,1,1,1,1,1,1,1,1,1,1,1,1,1,1,1,1,1,1,1,1,1,1,1,1,1,1,1,1,1,1,1,1,1,1,1,1,1,1,1,1,1,1,1,1,1,1,1,1,1,1,1,1,1,0
2026-06-07 11:00:00,78.9339042333333,0,0,0,0,0,0,0.0409266666666667,2.38947833333333,10.4167066666667,14.0271533333333,10.493145,7.8779,6.86401666666667,6.31424333333333,5.51288333333333,2.39668,1.13687666666667,0.791588333333333,0.617993333333333,0.608743333333333,0.674291666666667,0.761353333333333,0.812986666666667,0.696131666666667,0.670331666666667,0.601563333333333,0.560183333333333,0.54025,0.487681666666667,0.43248,0.420218333333333,0.408576666666667,0.341493333333333,0.32115,0.262088333333333,0.246755,0.190935,0.154188333333333,0.121573333333333,0.092555,0.0754083333333333,0.0511083333333333,0.05121,0.0359066666666667,0.0307183333333333,0.0265716666666667,0.019675,0.0174483333333333,0.0207533333333333,0.0153183333333333,0.00943666666666667,0.0126483333333333,0.0101483333333333,0.00405833333333333,0.00309166666666667,0.00615166666666667,0.00341166666666667,0.002835,0.00034,0.002815,0.00170666666666667,0.00117333333333333,0.00176333333333333,0.00173166666666667,0.00203833333333333,0.000918333333333333,0.0021,0.000398333333333333,0.0000183333333333333,0.00083,0,0.0000866666666666667,0.000253333333333333,0.000273333333333333,0.000293333333333333,0.000313333333333333,0.000333333333333333,0.0001,0,1,0,0,0,0,0,0,1,1,1,1,1,1,1,1,1,1,1,1,1,1,1,1,1,1,1,1,1,1,1,1,1,1,1,1,1,1,1,1,1,1,1,1,1,1,1,1,1,1,1,1,1,1,1,1,1,1,1,1,1,1,1,1,1,1,1,1,1,1,1,1,1,1,1,1,1,1,1,1,0
2026-06-07 12:00:00,74.8688218166667,0,0,0,0,0,0,0.0325166666666667,2.102685,9.52314333333333,13.2428516666667,9.74147,7.38869666666667,6.415295,6.01668166666667,4.96017166666667,2.34835666666667,1.24313,0.846041666666667,0.682401666666667,0.686805,0.704255,0.815795,0.829465,0.77062,0.713811666666667,0.611261666666667,0.603693333333333,0.577668333333333,0.512216666666667,0.488628333333333,0.454208333333333,0.465055,0.378373333333333,0.319263333333333,0.29024,0.257481666666667,0.201965,0.164206666666667,0.130628333333333,0.101271666666667,0.07097,0.0635633333333333,0.0585583333333333,0.0443483333333333,0.044185,0.0271433333333333,0.02189,0.021295,0.0172666666666667,0.0160316666666667,0.0138266666666667,0.0113683333333333,0.0086,0.00581,0.00544833333333333,0.005,0.00607833333333333,0.00304,0.00125166666666667,0.001105,0.00317666666666667,0.000985,0.000488333333333333,0.000885,0.000423333333333333,0.00141,0.000276666666666667,0.000418333333333333,0,0,0.000573333333333333,0.000708333333333333,0.000126666666666667,0.000136666666666667,0.000146666666666667,0.000156666666666667,0.000166666666666667,0.00005,0,1,0,0,0,0,0,0,1,1,1,1,1,1,1,1,1,1,1,1,1,1,1,1,1,1,1,1,1,1,1,1,1,1,1,1,1,1,1,1,1,1,1,1,1,1,1,1,1,1,1,1,1,1,1,1,1,1,1,1,1,1,1,1,1,1,1,1,1,1,1,1,1,1,1,1,1,1,1,1,0
2026-06-07 13:00:00,69.413719,0,0,0,0,0,0,0.0319783333333333,1.98266,8.796195,12.147345,8.971135,6.68797666666667,5.85215333333333,5.50067833333333,4.62718166666667,2.19129333333333,1.16517,0.8267,0.700898333333333,0.652295,0.756263333333333,0.83249,0.824181666666667,0.767888333333333,0.67773,0.601758333333333,0.562126666666667,0.553228333333333,0.522556666666667,0.532956666666667,0.42164,0.404013333333333,0.389873333333333,0.33129,0.275366666666667,0.242921666666667,0.217328333333333,0.163755,0.130705,0.0986166666666667,0.0848733333333333,0.066455,0.0632033333333333,0.0557916666666667,0.0301816666666667,0.033855,0.02298,0.02102,0.0185,0.0159183333333333,0.011395,0.00875,0.00962666666666667,0.00755333333333333,0.00686166666666667,0.00254833333333333,0.00326833333333333,0.00169333333333333,0.00217333333333333,0.00221166666666667,0.00170666666666667,0.000425,0.00201,0.00134666666666667,0.00199833333333333,0.000993333333333333,0.00084,0,0.000416666666666667,0.00083,0,0.000455,0.000126666666666667,0.000136666666666667,0.000146666666666667,0.000156666666666667,0.000166666666666667,0.00005,0,1,0,0,0,0,0,0,1,1,1,1,1,1,1,1,1,1,1,1,1,1,1,1,1,1,1,1,1,1,1,1,1,1,1,1,1,1,1,1,1,1,1,1,1,1,1,1,1,1,1,1,1,1,1,1,1,1,1,1,1,1,1,1,1,1,1,1,1,1,1,1,1,1,1,1,1,1,1,1,0
2026-06-07 14:00:00,69.3101962166667,0,0,0,0,0,0,0.03659,1.99194,8.81948333333333,12.105065,8.87928833333333,6.68835666666667,5.89289666666667,5.610925,4.53884666666667,2.12697166666667,1.17765166666667,0.804856666666667,0.691358333333333,0.667925,0.706738333333333,0.806086666666667,0.823366666666667,0.722403333333333,0.626125,0.552516666666667,0.532306666666667,0.515268333333333,0.467123333333333,0.464776666666667,0.420683333333333,0.405248333333333,0.356445,0.310385,0.273971666666667,0.230736666666667,0.189805,0.149293333333333,0.127621666666667,0.097925,0.0744066666666667,0.0572283333333333,0.0536833333333333,0.04026,0.031925,0.0369783333333333,0.0192683333333333,0.02044,0.0164233333333333,0.0141566666666667,0.01152,0.01135,0.00633666666666667,0.00735333333333333,0.00479833333333333,0.00367666666666667,0.00263666666666667,0.00163333333333333,0.00241333333333333,0.00143333333333333,0.00104333333333333,0.00108666666666667,0.000811666666666667,0.00123166666666667,0.0000766666666666667,0.000283333333333333,0.000558333333333333,0,0.000416666666666667,0,0,0.000498333333333333,0.000253333333333333,0.000273333333333333,0.000293333333333333,0.000313333333333333,0.000333333333333333,0.0001,0,1,0,0,0,0,0,0,1,1,1,1,1,1,1,1,1,1,1,1,1,1,1,1,1,1,1,1,1,1,1,1,1,1,1,1,1,1,1,1,1,1,1,1,1,1,1,1,1,1,1,1,1,1,1,1,1,1,1,1,1,1,1,1,1,1,1,1,1,1,1,1,1,1,1,1,1,1,1,1,0
2026-06-07 15:00:00,71.9791862166667,0,0,0,0,0,0,0.041585,2.22723833333333,9.42470833333333,12.7082383333333,9.307715,6.92676333333333,6.13521,5.87204166666667,4.74681666666667,2.074865,1.12942333333333,0.745748333333333,0.647781666666667,0.655595,0.692396666666667,0.845236666666667,0.845941666666667,0.76554,0.637676666666667,0.568843333333333,0.538261666666667,0.53515,0.485958333333333,0.460166666666667,0.412163333333333,0.409903333333333,0.362188333333333,0.307598333333333,0.274755,0.234201666666667,0.201275,0.15675,0.124983333333333,0.104173333333333,0.0778183333333333,0.0506216666666667,0.0542166666666667,0.0416016666666667,0.0327016666666667,0.0326016666666667,0.0183533333333333,0.01522,0.0130466666666667,0.013915,0.01421,0.0100966666666667,0.00705833333333333,0.00355666666666667,0.00422666666666667,0.00421333333333333,0.00309833333333333,0.001005,0.00114166666666667,0.00068,0.00104333333333333,0.000661666666666667,0.000386666666666667,0.000461666666666667,0,0.000283333333333333,0.000558333333333333,0,0.000223333333333333,0.000193333333333333,0,0.000108333333333333,0.000316666666666667,0.00034,0.000365,0.000391666666666667,0.000418333333333333,0.000123333333333333,0,1,0,0,0,0,0,0,1,1,1,1,1,1,1,1,1,1,1,1,1,1,1,1,1,1,1,1,1,1,1,1,1,1,1,1,1,1,1,1,1,1,1,1,1,1,1,1,1,1,1,1,1,1,1,1,1,1,1,1,1,1,1,1,1,1,1,1,1,1,1,1,1,1,1,1,1,1,1,1,0
2026-06-07 16:00:00,69.6006367166667,0,0,0,0,0,0,0.0399483333333333,2.110085,9.11895166666667,12.3597,8.88435333333333,6.76783833333333,5.92728166666667,5.62546333333333,4.70940833333333,2.25614,1.17970333333333,0.761945,0.639416666666667,0.587066666666667,0.672071666666667,0.830561666666667,0.814611666666667,0.717663333333333,0.619686666666667,0.569901666666667,0.517798333333333,0.504871666666667,0.476788333333333,0.456791666666667,0.403485,0.406333333333333,0.337423333333333,0.312766666666667,0.25627,0.22458,0.189361666666667,0.157383333333333,0.108866666666667,0.0820383333333333,0.0756033333333333,0.058395,0.04632,0.034705,0.0313866666666667,0.0208866666666667,0.0208233333333333,0.016655,0.015365,0.0128,0.0132316666666667,0.00868,0.006335,0.00483333333333333,0.00685,0.00509833333333333,0.001405,0.00149166666666667,0.0028,0.00153166666666667,0.00147,0.00108666666666667,0.000811666666666667,0.0000383333333333333,0,0,0.000288333333333333,0.000131666666666667,0,0.000173333333333333,0.000813333333333333,0.000405,0.000443333333333333,0.000475,0.00051,0.000548333333333333,0.000586666666666667,0.000171666666666667,0,1,0,0,0,0,0,0,1,1,1,1,1,1,1,1,1,1,1,1,1,1,1,1,1,1,1,1,1,1,1,1,1,1,1,1,1,1,1,1,1,1,1,1,1,1,1,1,1,1,1,1,1,1,1,1,1,1,1,1,1,1,1,1,1,1,1,1,1,1,1,1,1,1,1,1,1,1,1,1,0
2026-06-07 17:00:00,75.7475601666667,0,0,0,0,0,0,0.046805,2.20103166666667,9.75149666666667,13.2512083333333,9.70242833333333,7.29555,6.54234,6.22668166666667,5.26374,2.44732666666667,1.34731833333333,0.854213333333333,0.672368333333333,0.678983333333333,0.66747,0.798275,0.877213333333333,0.742405,0.633808333333333,0.558365,0.542101666666667,0.519121666666667,0.455978333333333,0.475906666666667,0.403273333333333,0.400896666666667,0.357161666666667,0.320893333333333,0.298041666666667,0.236,0.193823333333333,0.1603,0.112793333333333,0.07989,0.062495,0.0547066666666667,0.0452866666666667,0.0435033333333333,0.03199,0.0195383333333333,0.0202983333333333,0.01932,0.0140083333333333,0.0139083333333333,0.00865333333333333,0.007085,0.005985,0.00555333333333333,0.00353166666666667,0.00583666666666667,0.00304,0.003415,0.001735,0.00068,0.00128,0.000323333333333333,0.000526666666666667,0.000423333333333333,0.000423333333333333,0,0.000288333333333333,0.00055,0,0,0,0.000108333333333333,0.000316666666666667,0.000341666666666667,0.000366666666666667,0.000391666666666667,0.000416666666666667,0.000125,0,1,0,0,0,0,0,0,1,1,1,1,1,1,1,1,1,1,1,1,1,1,1,1,1,1,1,1,1,1,1,1,1,1,1,1,1,1,1,1,1,1,1,1,1,1,1,1,1,1,1,1,1,1,1,1,1,1,1,1,1,1,1,1,1,1,1,1,1,1,1,1,1,1,1,1,1,1,1,1,0
2026-06-07 18:00:00,80.0859447166667,0,0,0,0,0,0,0.0379483333333333,2.081265,9.76753833333333,13.7518966666667,10.8260166666667,8.04175,7.15202166666667,6.74262166666667,6.04617333333333,3.25432666666667,1.64735166666667,0.963203333333333,0.675545,0.62219,0.678013333333333,0.773936666666667,0.83685,0.697928333333333,0.610255,0.515936666666667,0.499581666666667,0.467141666666667,0.431,0.423858333333333,0.395208333333333,0.381875,0.321676666666667,0.276888333333333,0.24356,0.204425,0.166313333333333,0.127238333333333,0.10269,0.0884216666666667,0.0721466666666667,0.054785,0.0446316666666667,0.03143,0.0294083333333333,0.0222533333333333,0.0185666666666667,0.0178633333333333,0.01702,0.0110266666666667,0.0106966666666667,0.010005,0.00624,0.00636666666666667,0.003065,0.00182833333333333,0.00372666666666667,0.00126166666666667,0.00303,0.00093,0.00189666666666667,0.000985,0.00222666666666667,0,0.000693333333333333,0.000993333333333333,0.000288333333333333,0.00055,0,0,0,0.00052,0.000316666666666667,0.000341666666666667,0.000366666666666667,0.000391666666666667,0.000416666666666667,0.000125,0,1,0,0,0,0,0,0,1,1,1,1,1,1,1,1,1,1,1,1,1,1,1,1,1,1,1,1,1,1,1,1,1,1,1,1,1,1,1,1,1,1,1,1,1,1,1,1,1,1,1,1,1,1,1,1,1,1,1,1,1,1,1,1,1,1,1,1,1,1,1,1,1,1,1,1,1,1,1,1,0
2026-06-07 19:00:00,73.9605292833333,0,0,0,0,0,0,0.03953,2.13066,9.26006166666667,12.594815,9.66419166666667,7.425665,6.41287333333333,6.06142833333333,5.81648833333333,3.38886,1.442055,0.887266666666667,0.649136666666667,0.597643333333333,0.632643333333333,0.703566666666667,0.77995,0.71265,0.600511666666667,0.542811666666667,0.462128333333333,0.483548333333333,0.43284,0.39498,0.383821666666667,0.357216666666667,0.314848333333333,0.29587,0.235933333333333,0.198171666666667,0.1594,0.128691666666667,0.0938966666666667,0.078915,0.0652383333333333,0.0524366666666667,0.04657,0.0299733333333333,0.02227,0.0146566666666667,0.0169083333333333,0.01488,0.00931166666666667,0.00960833333333333,0.00788,0.00506,0.00537666666666667,0.00535333333333333,0.002335,0.00303833333333333,0.00100333333333333,0.000631666666666667,0.00237166666666667,0.000251666666666667,0.00170666666666667,0.00149666666666667,0.00144,0.0000383333333333333,0,0,0.000288333333333333,0.00055,0,0,0,0.0000216666666666667,0.0000633333333333333,0.0000683333333333333,0.0000733333333333333,0.0000783333333333333,0.0000833333333333333,0.000025,0,1,0,0,0,0,0,0,1,1,1,1,1,1,1,1,1,1,1,1,1,1,1,1,1,1,1,1,1,1,1,1,1,1,1,1,1,1,1,1,1,1,1,1,1,1,1,1,1,1,1,1,1,1,1,1,1,1,1,1,1,1,1,1,1,1,1,1,1,1,1,1,1,1,1,1,1,1,1,1,0
2026-06-07 20:00:00,71.87169815,0,0,0,0,0,0,0.0441633333333333,2.00991833333333,8.92622,12.36828,9.44409,7.20304,6.22145666666667,5.78542,5.74685333333333,3.51889666666667,1.28328666666667,0.837596666666667,0.598098333333333,0.540576666666667,0.555888333333333,0.644273333333333,0.67848,0.603415,0.540663333333333,0.48667,0.441385,0.425433333333333,0.39144,0.367461666666667,0.32137,0.310823333333333,0.293571666666667,0.2112,0.18433,0.159365,0.131586666666667,0.10046,0.0745616666666667,0.05701,0.042825,0.0337333333333333,0.0292533333333333,0.0195433333333333,0.0190133333333333,0.0144133333333333,0.00887833333333333,0.0128916666666667,0.006795,0.005485,0.00600666666666667,0.00378333333333333,0.00170333333333333,0.00317,0.00202666666666667,0.00266,0.00126166666666667,0,0.000428333333333333,0.000426666666666667,0.000426666666666667,0.00117333333333333,0.000951666666666667,0.000423333333333333,0,0,0,0.000398333333333333,0.0000183333333333333,0,0,0.000065,0.00019,0.000205,0.00022,0.000235,0.00025,0.000075,0,1,0,0,0,0,0,0,1,1,1,1,1,1,1,1,1,1,1,1,1,1,1,1,1,1,1,1,1,1,1,1,1,1,1,1,1,1,1,1,1,1,1,1,1,1,1,1,1,1,1,1,1,1,1,1,1,1,1,1,1,1,1,1,1,1,1,1,1,1,1,1,1,1,1,1,1,1,1,1,0
2026-06-07 21:00:00,73.44521785,0,0,0,0,0,0,0.0418483333333333,2.06471833333333,9.48517,13.3092766666667,9.85575666666667,7.49416166666667,6.49636166666667,5.97614333333333,5.96373,3.4423,1.26142333333333,0.786676666666667,0.547808333333333,0.481088333333333,0.506723333333333,0.573128333333333,0.610065,0.558016666666667,0.483953333333333,0.416113333333333,0.384273333333333,0.358953333333333,0.338505,0.326156666666667,0.267176666666667,0.246116666666667,0.197518333333333,0.184411666666667,0.138208333333333,0.106325,0.0870433333333333,0.0677433333333333,0.0490183333333333,0.0372,0.0219933333333333,0.0159516666666667,0.0127183333333333,0.0133133333333333,0.00904,0.005615,0.00664333333333333,0.00333333333333333,0.00460833333333333,0.00457666666666667,0.003405,0.00171,0.00245,0.001435,0.001295,0.00043,0.00043,0.000373333333333333,0.000911666666666667,0.000855,0.00019,0.00108666666666667,0,0.000423333333333333,0,0,0,0,0.000416666666666667,0,0,0.0000433333333333333,0.000126666666666667,0.000136666666666667,0.000146666666666667,0.000156666666666667,0.000166666666666667,0.00005,0,1,0,0,0,0,0,0,1,1,1,1,1,1,1,1,1,1,1,1,1,1,1,1,1,1,1,1,1,1,1,1,1,1,1,1,1,1,1,1,1,1,1,1,1,1,1,1,1,1,1,1,1,1,1,1,1,1,1,1,1,1,1,1,1,1,1,1,1,1,1,1,1,1,1,1,1,1,1,1,0
2026-06-07 22:00:00,77.11193235,0,0,0,0,0,0,0.0428683333333333,2.147895,9.634445,13.8299833333333,10.5060883333333,8.02856333333333,7.00433,6.54147666666667,6.69072166666667,3.75633833333333,1.28072,0.750013333333333,0.5309,0.451891666666667,0.47569,0.513113333333333,0.60929,0.547416666666667,0.471998333333333,0.380371666666667,0.358333333333333,0.35721,0.313035,0.313293333333333,0.270951666666667,0.254546666666667,0.226816666666667,0.174318333333333,0.164043333333333,0.130423333333333,0.109495,0.0794933333333333,0.0522666666666667,0.03466,0.0249633333333333,0.01729,0.0134,0.012515,0.008175,0.00602666666666667,0.00534666666666667,0.00572666666666667,0.00338,0.00214333333333333,0.00414833333333333,0.00209666666666667,0.00165666666666667,0.000845,0.00052,0.00172,0.00120333333333333,0.001375,0.000428333333333333,0.000426666666666667,0,0.000748333333333333,0.000101666666666667,0,0.000421666666666667,0,0,0,0,0,0,0.0000216666666666667,0.0000633333333333333,0.0000683333333333333,0.0000733333333333333,0.0000783333333333333,0.0000833333333333333,0.000025,0,1,0,0,0,0,0,0,1,1,1,1,1,1,1,1,1,1,1,1,1,1,1,1,1,1,1,1,1,1,1,1,1,1,1,1,1,1,1,1,1,1,1,1,1,1,1,1,1,1,1,1,1,1,1,1,1,1,1,1,1,1,1,1,1,1,1,1,1,1,1,1,1,1,1,1,1,1,1,1,0
2026-06-07 23:00:00,79.1800078,0,0,0,0,0,0,0.0356916666666667,2.18487166666667,9.71106166666667,13.9011833333333,10.5987616666667,8.18308833333333,7.07146666666667,6.63567166666667,6.75579666666667,3.83750666666667,1.32970333333333,0.753058333333333,0.533293333333333,0.485275,0.532638333333333,0.56417,0.632971666666667,0.604538333333333,0.537483333333333,0.458776666666667,0.417036666666667,0.433015,0.365566666666667,0.379665,0.354721666666667,0.326898333333333,0.286423333333333,0.247216666666667,0.213883333333333,0.186475,0.139841666666667,0.10275,0.0743883333333333,0.054235,0.0433533333333333,0.0341316666666667,0.02561,0.015345,0.0198366666666667,0.00908,0.0109216666666667,0.0083,0.00465333333333333,0.005405,0.004685,0.00339666666666667,0.00168,0.003435,0.00370666666666667,0.001175,0.000803333333333333,0.00154833333333333,0.000768333333333333,0.00110666666666667,0.000426666666666667,0.000748333333333333,0.000526666666666667,0.000423333333333333,0.000421666666666667,0,0,0,0,0,0,0,0,0,0,0,0,0,0,1,0,0,0,0,0,0,1,1,1,1,1,1,1,1,1,1,1,1,1,1,1,1,1,1,1,1,1,1,1,1,1,1,1,1,1,1,1,1,1,1,1,1,1,1,1,1,1,1,1,1,1,1,1,1,1,1,1,1,1,1,1,1,1,1,1,1,1,1,1,1,1,1,1,1,1,1,1,1,0
2026-06-08,77.4826966333333,0,0,0,0,0,0,0.038695,2.09971333333333,9.52258333333333,13.682975,10.2744566666667,7.86916333333333,6.84687833333333,6.41076333333333,6.49421333333333,3.717325,1.207705,0.761428333333333,0.534753333333333,0.480611666666667,0.517355,0.552718333333333,0.676073333333333,0.608088333333333,0.525583333333333,0.447113333333333,0.4287,0.399511666666667,0.371886666666667,0.363211666666667,0.325971666666667,0.319756666666667,0.291378333333333,0.25387,0.215165,0.193208333333333,0.147673333333333,0.120661666666667,0.09275,0.05816,0.0578833333333333,0.041985,0.02666,0.024275,0.019565,0.0123333333333333,0.0106183333333333,0.01087,0.0117466666666667,0.00477333333333333,0.00759833333333333,0.007065,0.00441,0.00334666666666667,0.00314333333333333,0.00392166666666667,0.000515,0.00195,0.001395,0.00043,0.00127833333333333,0.000425,0.000425,0.00123166666666667,0.0000383333333333333,0.000705,0.000558333333333333,0,0,0,0,0,0,0,0,0,0,0,0,1,0,0,0,0,0,0,1,1,1,1,1,1,1,1,1,1,1,1,1,1,1,1,1,1,1,1,1,1,1,1,1,1,1,1,1,1,1,1,1,1,1,1,1,1,1,1,1,1,1,1,1,1,1,1,1,1,1,1,1,1,1,1,1,1,1,1,1,1,1,1,1,1,1,1,1,1,1,1,0
2026-06-08 01:00:00,76.35222495,0,0,0,0,0,0,0.0399616666666667,2.144445,9.44460666666667,13.5365233333333,10.2886866666667,7.84090333333333,6.67526666666667,6.24114333333333,6.35604666666667,3.68326833333333,1.15833833333333,0.734881666666667,0.51594,0.468618333333333,0.50577,0.571996666666667,0.624516666666667,0.589676666666667,0.544338333333333,0.433616666666667,0.424298333333333,0.423935,0.39597,0.375561666666667,0.353643333333333,0.338168333333333,0.299755,0.256978333333333,0.226953333333333,0.197035,0.15491,0.124676666666667,0.0977366666666667,0.0699133333333333,0.0610466666666667,0.041195,0.0455416666666667,0.0308433333333333,0.0267683333333333,0.0180866666666667,0.0140116666666667,0.0143183333333333,0.01266,0.00975666666666667,0.0114566666666667,0.00711,0.003675,0.00373333333333333,0.00156666666666667,0.00233333333333333,0.002465,0.00174833333333333,0.000055,0.000426666666666667,0.000426666666666667,0,0.000425,0.000423333333333333,0.000693333333333333,0.000571666666666667,0,0,0.000416666666666667,0.000761666666666667,0.00048,0,0,0,0,0,0,0,0,1,0,0,0,0,0,0,1,1,1,1,1,1,1,1,1,1,1,1,1,1,1,1,1,1,1,1,1,1,1,1,1,1,1,1,1,1,1,1,1,1,1,1,1,1,1,1,1,1,1,1,1,1,1,1,1,1,1,1,1,1,1,1,1,1,1,1,1,1,1,1,1,1,1,1,1,1,1,1,0
2026-06-08 02:00:00,75.1476644666667,0,0,0,0,0,0,0.0381916666666667,2.101365,9.46163333333333,13.4576216666667,10.1589133333333,7.72063333333333,6.63572833333333,6.17107666666667,6.29399666666667,3.59023666666667,1.18221833333333,0.73399,0.485673333333333,0.450308333333333,0.464706666666667,0.516195,0.595641666666667,0.585261666666667,0.506641666666667,0.427025,0.414165,0.39352,0.347121666666667,0.376451666666667,0.348105,0.34433,0.284986666666667,0.24793,0.199528333333333,0.187721666666667,0.16283,0.126055,0.10304,0.0716416666666667,0.0602,0.042975,0.0419183333333333,0.0364366666666667,0.0298116666666667,0.01957,0.0184883333333333,0.0174533333333333,0.0124816666666667,0.00992833333333333,0.00642166666666667,0.00708333333333333,0.00481833333333333,0.00541666666666667,0.00469333333333333,0.00131166666666667,0.003385,0.00152166666666667,0.00046,0.00093,0.000426666666666667,0.000323333333333333,0.0013,0.0005,0,0,0,0,0,0,0,0,0,0,0,0,0,0,0,1,0,0,0,0,0,0,1,1,1,1,1,1,1,1,1,1,1,1,1,1,1,1,1,1,1,1,1,1,1,1,1,1,1,1,1,1,1,1,1,1,1,1,1,1,1,1,1,1,1,1,1,1,1,1,1,1,1,1,1,1,1,1,1,1,1,1,1,1,1,1,1,1,1,1,1,1,1,1,0
2026-06-08 03:00:00,75.5257104666667,0,0,0,0,0,0,0.04337,2.23738,9.71264166666667,13.9021183333333,10.3573333333333,7.84401166666667,6.60559,6.13749,6.26467833333333,3.54218,1.078875,0.66566,0.482691666666667,0.425381666666667,0.449516666666667,0.513725,0.573791666666667,0.573535,0.482523333333333,0.409956666666667,0.380765,0.379283333333333,0.340236666666667,0.385403333333333,0.326435,0.336846666666667,0.290631666666667,0.258393333333333,0.231148333333333,0.186946666666667,0.157258333333333,0.122565,0.101973333333333,0.0671966666666667,0.0534516666666667,0.0515933333333333,0.0413883333333333,0.0322466666666667,0.022385,0.0225866666666667,0.017415,0.0162516666666667,0.00788666666666667,0.01187,0.008835,0.00754333333333333,0.009245,0.00353833333333333,0.00236666666666667,0.00225833333333333,0.00209333333333333,0.00043,0.00206333333333333,0.00135666666666667,0.000426666666666667,0.000748333333333333,0.000951666666666667,0,0.000346666666666667,0.000075,0,0.000398333333333333,0.0000183333333333333,0,0,0.0000216666666666667,0.0000633333333333333,0.0000683333333333333,0.0000733333333333333,0.0000783333333333333,0.0000833333333333333,0.000025,0,1,0,0,0,0,0,0,1,1,1,1,1,1,1,1,1,1,1,1,1,1,1,1,1,1,1,1,1,1,1,1,1,1,1,1,1,1,1,1,1,1,1,1,1,1,1,1,1,1,1,1,1,1,1,1,1,1,1,1,1,1,1,1,1,1,1,1,1,1,1,1,1,1,1,1,1,1,1,1,0
2026-06-08 04:00:00,77.4498731666667,0,0,0,0,0,0,0.0387616666666667,2.32391833333333,10.448805,14.514245,10.4967166666667,7.73962,6.60430166666667,6.015105,6.09731666666667,3.40535666666667,1.01977833333333,0.606046666666667,0.45245,0.407428333333333,0.431158333333333,0.495806666666667,0.57063,0.490905,0.451301666666667,0.385853333333333,0.371926666666667,0.375285,0.342486666666667,0.35609,0.289226666666667,0.307736666666667,0.26685,0.249863333333333,0.216315,0.191695,0.159638333333333,0.124708333333333,0.088835,0.0695916666666667,0.05605,0.0407683333333333,0.0352516666666667,0.027885,0.0222966666666667,0.0189383333333333,0.01757,0.0132433333333333,0.0125066666666667,0.00864333333333333,0.007225,0.00922833333333333,0.00638166666666667,0.00330166666666667,0.00118833333333333,0.00277,0.00240833333333333,0.000945,0.001285,0.00128333333333333,0,0.000425,0,0.000423333333333333,0,0,0,0,0,0,0,0,0,0,0,0,0,0,0,1,0,0,0,0,0,0,1,1,1,1,1,1,1,1,1,1,1,1,1,1,1,1,1,1,1,1,1,1,1,1,1,1,1,1,1,1,1,1,1,1,1,1,1,1,1,1,1,1,1,1,1,1,1,1,1,1,1,1,1,1,1,1,1,1,1,1,1,1,1,1,1,1,1,1,1,1,1,1,0
2026-06-08 05:00:00,78.1318657333333,0,0,0,0,0,0,0.0416816666666667,2.39827666666667,10.8394066666667,15.402415,11.08269,8.11405666666667,6.77470666666667,6.03546,6.12091833333333,3.25465833333333,0.983068333333333,0.582055,0.414236666666667,0.373811666666667,0.384311666666667,0.43744,0.528478333333333,0.505046666666667,0.421726666666667,0.332491666666667,0.313068333333333,0.32891,0.305176666666667,0.309083333333333,0.280898333333333,0.27576,0.238801666666667,0.209263333333333,0.184641666666667,0.171141666666667,0.132305,0.09872,0.073145,0.0495683333333333,0.044215,0.028165,0.0261866666666667,0.0234333333333333,0.018275,0.0155583333333333,0.0135916666666667,0.01062,0.010995,0.00690666666666667,0.00384166666666667,0.00544666666666667,0.00410666666666667,0.00329166666666667,0.00249166666666667,0.003115,0.00129,0,0.000856666666666667,0,0.00189666666666667,0.00108666666666667,0.000425,0,0.000423333333333333,0,0,0,0,0,0,0,0,0,0,0,0,0,0,1,0,0,0,0,0,0,1,1,1,1,1,1,1,1,1,1,1,1,1,1,1,1,1,1,1,1,1,1,1,1,1,1,1,1,1,1,1,1,1,1,1,1,1,1,1,1,1,1,1,1,1,1,1,1,1,1,1,1,1,1,1,1,1,1,1,1,1,1,1,1,1,1,1,1,1,1,1,1,0
2026-06-08 06:00:00,58.5940907833333,0,0,0,0,0,0,0.0344116666666667,1.85843166666667,8.60522166666667,11.8919316666667,8.53085166666667,6.17848833333333,5.04115333333333,4.48864666666667,4.352925,2.37402666666667,0.670888333333333,0.407415,0.30867,0.2601,0.273738333333333,0.293201666666667,0.344505,0.33354,0.273541666666667,0.241066666666667,0.242691666666667,0.217386666666667,0.204163333333333,0.212266666666667,0.185333333333333,0.172188333333333,0.135398333333333,0.117825,0.110398333333333,0.0913883333333333,0.0632283333333333,0.05674,0.0397666666666667,0.0313416666666667,0.02268,0.0175166666666667,0.011925,0.00849833333333333,0.00543333333333333,0.00713,0.00759833333333333,0.00571,0.00628833333333333,0.00327666666666667,0.00342666666666667,0.00212,0.00252,0.00170833333333333,0.00251833333333333,0.00233333333333333,0.000831666666666667,0.00086,0.000428333333333333,0,0,0,0,0.000423333333333333,0,0,0,0,0.000416666666666667,0.000173333333333333,0.00024,0,0,0,0,0,0,0,0,1,0,0,0,0,0,0,1,1,1,1,1,1,1,1,1,1,1,1,1,1,1,1,1,1,1,1,1,1,1,1,1,1,1,1,1,1,1,1,1,1,1,1,1,1,1,1,1,1,1,1,1,1,1,1,1,1,1,1,1,1,1,1,1,1,1,1,1,1,1,1,1,1,1,1,1,1,1,1,0
2026-06-08 07:00:00,36.6716114833333,0,0,0,0,0,0,0.0270616666666667,1.21360666666667,5.61203333333333,7.87138833333333,5.53889333333333,3.911755,3.13824666666667,2.77137666666667,2.597875,1.49305333333333,0.46749,0.283883333333333,0.192841666666667,0.167153333333333,0.164111666666667,0.177878333333333,0.218636666666667,0.186321666666667,0.165461666666667,0.127263333333333,0.116416666666667,0.101341666666667,0.102846666666667,0.09915,0.077045,0.0756283333333333,0.069805,0.0547216666666667,0.04364,0.0264916666666667,0.0262783333333333,0.0215833333333333,0.0196683333333333,0.01319,0.007125,0.004745,0.00387,0.00500833333333333,0.00390166666666667,0.00214333333333333,0.00419833333333333,0.00134166666666667,0.00234,0.00198,0.00464333333333333,0.00166333333333333,0.000455,0.000863333333333333,0.00172666666666667,0.00043,0,0.00203333333333333,0.000968333333333333,0,0.000853333333333333,0.000425,0,0.000385,0.0000383333333333333,0.000843333333333333,0,0.000418333333333333,0,0.000173333333333333,0.00024,0,0,0,0,0,0,0,0,1,0,0,0,0,0,0,1,1,1,1,1,1,1,1,1,1,1,1,1,1,1,1,1,1,1,1,1,1,1,1,1,1,1,1,1,1,1,1,1,1,1,1,1,1,1,1,1,1,1,1,1,1,1,1,1,1,1,1,1,1,1,1,1,1,1,1,1,1,1,1,1,1,1,1,1,1,1,1,0
2026-06-08 08:00:00,26.7025056440678,0,0,0,0,0,0,0.0113593220338983,0.849428813559322,3.86958305084746,5.45981694915254,3.85851525423729,2.74568983050847,2.19091525423729,1.9375813559322,1.96490338983051,1.22924576271186,0.400228813559322,0.247945762711864,0.175516949152542,0.148074576271186,0.133977966101695,0.132803389830508,0.15154406779661,0.127657627118644,0.110820338983051,0.0911406779661017,0.0910338983050848,0.0751966101694915,0.0734135593220339,0.0565406779661017,0.0499406779661017,0.0551813559322034,0.0500610169491525,0.0416372881355932,0.0330728813559322,0.0231779661016949,0.0268389830508475,0.0202271186440678,0.0182237288135593,0.0130813559322034,0.0120169491525424,0.00814237288135593,0.0111627118644068,0.00877118644067797,0.00880169491525424,0.00734576271186441,0.00764915254237288,0.00633898305084746,0.00476610169491525,0.00192881355932203,0.00612881355932203,0.00296610169491525,0.00395254237288136,0.000949152542372881,0.00214067796610169,0.00142372881355932,0.00291525423728814,0.000961016949152542,0.000435593220338983,0.000867796610169492,0.00192881355932203,0.000672881355932203,0.000786440677966102,0.000938983050847458,0,0.000288135593220339,0.000567796610169492,0,0,0,0,0,0,0,0,0,0,0,0,1,0,0,0,0,0,0,1,1,1,1,1,1,1,1,1,1,1,1,1,1,1,1,1,1,1,1,1,1,1,1,1,1,1,1,1,1,1,1,1,1,1,1,1,1,1,1,1,1,1,1,1,1,1,1,1,1,1,1,1,1,1,1,1,1,1,1,1,1,1,1,1,1,1,1,1,1,1,1,0
2026-06-08 09:00:00,27.0872153333333,0,0,0,0,0,0,0.0194266666666667,0.79741,3.85213666666667,5.49614,3.98196833333333,2.84397,2.30251666666667,2.07847166666667,2.05828,1.22023833333333,0.426756666666667,0.247128333333333,0.153026666666667,0.115953333333333,0.142261666666667,0.140406666666667,0.155338333333333,0.125005,0.110956666666667,0.0803766666666667,0.0775416666666667,0.062335,0.0644916666666667,0.0569566666666667,0.058205,0.04762,0.0445433333333333,0.0339116666666667,0.0286416666666667,0.0274833333333333,0.0256566666666667,0.025755,0.0218283333333333,0.0149066666666667,0.00909833333333333,0.0121116666666667,0.006625,0.00883833333333333,0.00390166666666667,0.00779833333333333,0.00418833333333333,0.00543833333333333,0.00473666666666667,0.00417333333333333,0.00291,0.00255333333333333,0.003465,0.00335333333333333,0.00251833333333333,0.00459833333333333,0.00243833333333333,0.00165833333333333,0.000833333333333333,0.00093,0.00170666666666667,0.000323333333333333,0.000101666666666667,0.000846666666666667,0,0.000421666666666667,0.00042,0,0,0,0.000413333333333333,0.0000216666666666667,0.0000633333333333333,0.0000683333333333333,0.0000733333333333333,0.0000783333333333333,0.0000833333333333333,0.000025,0,1,0,0,0,0,0,0,1,1,1,1,1,1,1,1,1,1,1,1,1,1,1,1,1,1,1,1,1,1,1,1,1,1,1,1,1,1,1,1,1,1,1,1,1,1,1,1,1,1,1,1,1,1,1,1,1,1,1,1,1,1,1,1,1,1,1,1,1,1,1,1,1,1,1,1,1,1,1,1,0
2026-06-08 10:00:00,28.3011020666667,0,0,0,0,0,0,0.0209233333333333,0.900388333333333,4.23658666666667,5.747395,4.19391666666667,2.978905,2.44285666666667,2.15527166666667,2.08719833333333,1.24256833333333,0.470216666666667,0.273256666666667,0.185038333333333,0.140071666666667,0.110896666666667,0.116756666666667,0.13721,0.11687,0.094165,0.0682,0.0674616666666667,0.065565,0.0587616666666667,0.0539283333333333,0.0581333333333333,0.0538416666666667,0.0468983333333333,0.0445433333333333,0.0360916666666667,0.0314816666666667,0.0216516666666667,0.0214266666666667,0.0201833333333333,0.0116116666666667,0.01335,0.0116883333333333,0.0101333333333333,0.00819,0.00925333333333333,0.00612166666666667,0.00889666666666667,0.00697833333333333,0.00394666666666667,0.00978333333333333,0.00421,0.00419333333333333,0.00225166666666667,0.00207,0.00343333333333333,0.00279833333333333,0.00307,0.00320666666666667,0.00126166666666667,0.00135833333333333,0.000616666666666667,0.00193666666666667,0.00166166666666667,0.000423333333333333,0.00122833333333333,0.000075,0,0.000398333333333333,0.0000183333333333333,0.00083,0,0.00013,0.00038,0.00041,0.00044,0.00047,0.0005,0.00015,0,1,0,0,0,0,0,0,1,1,1,1,1,1,1,1,1,1,1,1,1,1,1,1,1,1,1,1,1,1,1,1,1,1,1,1,1,1,1,1,1,1,1,1,1,1,1,1,1,1,1,1,1,1,1,1,1,1,1,1,1,1,1,1,1,1,1,1,1,1,1,1,1,1,1,1,1,1,1,1,0
2026-06-08 11:00:00,32.6019569166667,0,0,0,0,0,0,0.0200283333333333,1.16872166666667,5.24485666666667,6.98820666666667,4.95585666666667,3.55617333333333,2.78248333333333,2.40845333333333,2.07753333333333,1.05323833333333,0.399176666666667,0.22727,0.14874,0.12777,0.109053333333333,0.118951666666667,0.106736666666667,0.0845833333333333,0.070715,0.0617183333333333,0.0676583333333333,0.06013,0.0482966666666667,0.0485433333333333,0.0479866666666667,0.052975,0.0319883333333333,0.0363116666666667,0.0315716666666667,0.0243166666666667,0.0260366666666667,0.0219233333333333,0.012965,0.0155366666666667,0.00899166666666667,0.0106083333333333,0.00719333333333333,0.006505,0.00466333333333333,0.00646166666666667,0.00708666666666667,0.00485833333333333,0.00682,0.00425333333333333,0.00423166666666667,0.00417,0.00362833333333333,0.00233166666666667,0.00222833333333333,0.00359833333333333,0.002095,0.00128666666666667,0.000856666666666667,0.000853333333333333,0.00213333333333333,0.000748333333333333,0.000101666666666667,0,0,0.001265,0,0.001255,0,0.000415,0,0.000411666666666667,0,0,0,0,0,0,0,1,0,0,0,0,0,0,1,1,1,1,1,1,1,1,1,1,1,1,1,1,1,1,1,1,1,1,1,1,1,1,1,1,1,1,1,1,1,1,1,1,1,1,1,1,1,1,1,1,1,1,1,1,1,1,1,1,1,1,1,1,1,1,1,1,1,1,1,1,1,1,1,1,1,1,1,1,1,1,0
2026-06-08 12:00:00,32.7106702666667,0,0,0,0,0,0,0.02221,1.23301,5.42488833333333,7.303815,5.19871,3.57250666666667,2.78601333333333,2.47712166666667,2.01114333333333,0.911693333333333,0.369633333333333,0.19412,0.125593333333333,0.109056666666667,0.109611666666667,0.112881666666667,0.110948333333333,0.0969616666666667,0.07092,0.0596616666666667,0.0548966666666667,0.0686,0.0460466666666667,0.0597366666666667,0.0425216666666667,0.0491316666666667,0.0320416666666667,0.0323533333333333,0.0294166666666667,0.0258833333333333,0.02222,0.018585,0.019655,0.0116766666666667,0.0122666666666667,0.00838333333333333,0.00828833333333333,0.00868666666666667,0.006,0.00355666666666667,0.00477166666666667,0.00895,0.00414666666666667,0.00363,0.003405,0.00255333333333333,0.002905,0.000571666666666667,0.00253666666666667,0.00177166666666667,0.00146166666666667,0.00192,0.00023,0.000678333333333333,0.00104333333333333,0.00108666666666667,0.000425,0.000423333333333333,0,0,0.00042,0.000418333333333333,0,0.000173333333333333,0.000813333333333333,0.00073,0.00019,0.000205,0.00022,0.000235,0.00025,0.000075,0,1,0,0,0,0,0,0,1,1,1,1,1,1,1,1,1,1,1,1,1,1,1,1,1,1,1,1,1,1,1,1,1,1,1,1,1,1,1,1,1,1,1,1,1,1,1,1,1,1,1,1,1,1,1,1,1,1,1,1,1,1,1,1,1,1,1,1,1,1,1,1,1,1,1,1,1,1,1,1,0
2026-06-08 13:00:00,32.9937204166667,0,0,0,0,0,0,0.0239733333333333,1.28988166666667,5.493435,7.37447166666667,5.11613,3.51492,2.76307333333333,2.42736666666667,1.87673666666667,0.934118333333333,0.44969,0.23285,0.143428333333333,0.121755,0.126261666666667,0.141635,0.106296666666667,0.117913333333333,0.090855,0.057095,0.06571,0.0662066666666667,0.05759,0.05792,0.0480083333333333,0.046965,0.0477133333333333,0.05072,0.0331166666666667,0.0328883333333333,0.026185,0.0248383333333333,0.0184216666666667,0.0122866666666667,0.01215,0.011075,0.00884333333333333,0.00712666666666667,0.0053,0.00301333333333333,0.005355,0.00384166666666667,0.00476166666666667,0.00474666666666667,0.00629666666666667,0.00455666666666667,0.00267166666666667,0.00308833333333333,0.00288833333333333,0.00182833333333333,0.003125,0.001975,0.000603333333333333,0.00153166666666667,0.00128,0.000748333333333333,0.000101666666666667,0.00119333333333333,0.0005,0,0.000708333333333333,0.000131666666666667,0.00064,0.00143833333333333,0.000413333333333333,0.00013,0.00038,0.00041,0.00044,0.00047,0.0005,0.00015,0,1,0,0,0,0,0,0,1,1,1,1,1,1,1,1,1,1,1,1,1,1,1,1,1,1,1,1,1,1,1,1,1,1,1,1,1,1,1,1,1,1,1,1,1,1,1,1,1,1,1,1,1,1,1,1,1,1,1,1,1,1,1,1,1,1,1,1,1,1,1,1,1,1,1,1,1,1,1,1,0
2026-06-08 14:00:00,33.41849995,0,0,0,0,0,0,0.0255966666666667,1.27754333333333,5.54463666666667,7.4209,5.27861166666667,3.57979833333333,2.80199333333333,2.371855,2.06119833333333,1.093,0.48957,0.25672,0.167218333333333,0.137225,0.142013333333333,0.14781,0.12325,0.0994616666666667,0.0918033333333333,0.0807316666666667,0.0700866666666667,0.0783083333333333,0.062345,0.069715,0.0551633333333333,0.0566066666666667,0.0514983333333333,0.0317766666666667,0.03506,0.0355683333333333,0.0268266666666667,0.0214616666666667,0.0208333333333333,0.0165166666666667,0.0152133333333333,0.0128016666666667,0.0102633333333333,0.007535,0.00801166666666667,0.00372,0.007815,0.00598,0.004915,0.00330666666666667,0.00204333333333333,0.00209666666666667,0.00204166666666667,0.00203333333333333,0.00193833333333333,0.001885,0.00281,0.002235,0.000603333333333333,0.000251666666666667,0.000806666666666667,0.000473333333333333,0.00085,0.000385,0.00123166666666667,0.00176166666666667,0.000576666666666667,0.000263333333333333,0.000833333333333333,0.00083,0.000413333333333333,0.00013,0.00038,0.00041,0.00044,0.00047,0.0005,0.00015,0,1,0,0,0,0,0,0,1,1,1,1,1,1,1,1,1,1,1,1,1,1,1,1,1,1,1,1,1,1,1,1,1,1,1,1,1,1,1,1,1,1,1,1,1,1,1,1,1,1,1,1,1,1,1,1,1,1,1,1,1,1,1,1,1,1,1,1,1,1,1,1,1,1,1,1,1,1,1,1,0
2026-06-08 15:00:00,29.1925522833333,0,0,0,0,0,0,0.0196966666666667,1.220225,5.03874833333333,6.587965,4.53528333333333,2.98310333333333,2.33885666666667,1.94201333333333,1.55309833333333,0.84103,0.36733,0.194683333333333,0.148273333333333,0.133308333333333,0.118076666666667,0.146806666666667,0.12299,0.101358333333333,0.0904033333333333,0.070425,0.0776416666666667,0.0702183333333333,0.0591566666666667,0.067075,0.0427933333333333,0.0544633333333333,0.038945,0.04388,0.0319883333333333,0.0333383333333333,0.0295233333333333,0.0260566666666667,0.0215833333333333,0.01199,0.0118283333333333,0.0129333333333333,0.0143283333333333,0.007755,0.00854833333333333,0.00602666666666667,0.00534666666666667,0.00406,0.00430833333333333,0.00236,0.0059,0.00209666666666667,0.00483166666666667,0.001195,0.00348833333333333,0.00051,0.000831666666666667,0.00166166666666667,0.00134,0.000855,0.000616666666666667,0.000985,0.000951666666666667,0,0,0.000421666666666667,0.000576666666666667,0.000263333333333333,0.000833333333333333,0,0.000413333333333333,0.00128,0.000126666666666667,0.000136666666666667,0.000146666666666667,0.000156666666666667,0.000166666666666667,0.00005,0,1,0,0,0,0,0,0,1,1,1,1,1,1,1,1,1,1,1,1,1,1,1,1,1,1,1,1,1,1,1,1,1,1,1,1,1,1,1,1,1,1,1,1,1,1,1,1,1,1,1,1,1,1,1,1,1,1,1,1,1,1,1,1,1,1,1,1,1,1,1,1,1,1,1,1,1,1,1,1,0
2026-06-08 16:00:00,25.1351621833333,0,0,0,0,0,0,0.0180066666666667,1.061285,4.409985,5.52186166666667,3.73546,2.51062333333333,1.97473166666667,1.64360833333333,1.370175,0.746733333333333,0.356525,0.20162,0.143453333333333,0.138408333333333,0.140603333333333,0.134305,0.127965,0.102893333333333,0.0940166666666667,0.0767183333333333,0.0697,0.075225,0.0682433333333333,0.0593133333333333,0.060735,0.056675,0.0426216666666667,0.0432716666666667,0.0390016666666667,0.04051,0.0305433333333333,0.025055,0.0175783333333333,0.0203516666666667,0.0134683333333333,0.0119133333333333,0.0102766666666667,0.00895833333333333,0.00973666666666667,0.00797166666666667,0.00759166666666667,0.005475,0.00246833333333333,0.00461,0.005905,0.003375,0.00519166666666667,0.00292166666666667,0.00300333333333333,0.00185166666666667,0.001175,0.00180333333333333,0.001285,0.000426666666666667,0,0.000425,0.000811666666666667,0.000461666666666667,0.000843333333333333,0.00127166666666667,0.000703333333333333,0.000131666666666667,0,0.00083,0,0.00013,0.00038,0.00041,0.00044,0.00047,0.0005,0.00015,0,1,0,0,0,0,0,0,1,1,1,1,1,1,1,1,1,1,1,1,1,1,1,1,1,1,1,1,1,1,1,1,1,1,1,1,1,1,1,1,1,1,1,1,1,1,1,1,1,1,1,1,1,1,1,1,1,1,1,1,1,1,1,1,1,1,1,1,1,1,1,1,1,1,1,1,1,1,1,1,0
2026-06-08 17:00:00,18.39952125,0,0,0,0,0,0,0.0124821428571429,0.732428571428571,3.04041071428571,3.91707678571429,2.49751607142857,1.6263625,1.26286071428571,1.07486428571429,0.9482875,0.526885714285714,0.244535714285714,0.171982142857143,0.127498214285714,0.125991071428571,0.113853571428571,0.123207142857143,0.126751785714286,0.107533928571429,0.0836178571428571,0.0863178571428571,0.0831785714285714,0.08135,0.0719,0.0747964285714286,0.0632482142857143,0.0604767857142857,0.0653017857142857,0.0461464285714286,0.0506839285714286,0.0433714285714286,0.0307107142857143,0.0330875,0.0257571428571429,0.0230482142857143,0.024175,0.0178410714285714,0.0159125,0.014975,0.0115714285714286,0.00618214285714286,0.00519285714285714,0.00613392857142857,0.00835178571428571,0.00439821428571429,0.00504285714285714,0.00542142857142857,0.002775,0.00432321428571429,0.00246071428571429,0.0007125,0.000430357142857143,0.00131964285714286,0.0000589285714285714,0.000457142857142857,0.000457142857142857,0.000801785714285714,0.000108928571428571,0,0.000371428571428571,0.000532142857142857,0,0.000448214285714286,0.000892857142857143,0,0,0.000510714285714286,0.000203571428571429,0.000219642857142857,0.000235714285714286,0.000251785714285714,0.000267857142857143,0.0000803571428571429,0,1,0,0,0,0,0,0,1,1,1,1,1,1,1,1,1,1,1,1,1,1,1,1,1,1,1,1,1,1,1,1,1,1,1,1,1,1,1,1,1,1,1,1,1,1,1,1,1,1,1,1,1,1,1,1,1,1,1,1,1,1,1,1,1,1,1,1,1,1,1,1,1,1,1,1,1,1,1,1,0
2026-06-08 18:00:00,17.566603875,0,0,0,0,0,0,0.00662678571428571,0.589842857142857,2.68594642857143,3.54969821428571,2.36232857142857,1.59036964285714,1.25208035714286,1.08823392857143,0.968382142857143,0.569010714285714,0.308866071428571,0.216596428571429,0.160401785714286,0.140828571428571,0.131273214285714,0.134021428571429,0.1326,0.113385714285714,0.110091071428571,0.0842089285714286,0.0785142857142857,0.0818946428571429,0.0721285714285714,0.0832107142857143,0.0675928571428571,0.0696214285714286,0.0510035714285714,0.0547785714285714,0.0462232142857143,0.0419071428571429,0.0421767857142857,0.0368267857142857,0.0316875,0.0235714285714286,0.0212375,0.0175857142857143,0.0108053571428571,0.0129375,0.00701964285714286,0.0105946428571429,0.00696785714285714,0.007225,0.00559464285714286,0.004325,0.00323035714285714,0.003125,0.0032125,0.00275535714285714,0.00321785714285714,0.00201607142857143,0.00224285714285714,0.000860714285714286,0.000517857142857143,0,0.00111785714285714,0.000708928571428571,0,0,0.00119642857142857,0.000464285714285714,0.000148214285714286,0.000448214285714286,0,0,0.000885714285714286,0.000116071428571429,0.000339285714285714,0.000366071428571429,0.000392857142857143,0.000419642857142857,0.000446428571428571,0.000133928571428571,0,1,0,0,0,0,0,0,1,1,1,1,1,1,1,1,1,1,1,1,1,1,1,1,1,1,1,1,1,1,1,1,1,1,1,1,1,1,1,1,1,1,1,1,1,1,1,1,1,1,1,1,1,1,1,1,1,1,1,1,1,1,1,1,1,1,1,1,1,1,1,1,1,1,1,1,1,1,1,1,0
2026-06-08 19:00:00,20.022271,0,0,0,0,0,0,0.0120267857142857,0.788617857142857,3.4821125,4.366425,2.77148928571429,1.78720178571429,1.36650357142857,1.16193392857143,0.957757142857143,0.547030357142857,0.314358928571429,0.214705357142857,0.172033928571429,0.165578571428571,0.162433928571429,0.176132142857143,0.1719625,0.15395,0.144596428571429,0.117248214285714,0.112557142857143,0.0964196428571429,0.0910410714285714,0.0976071428571429,0.0763,0.0783732142857143,0.0714232142857143,0.0597428571428571,0.0567,0.0537803571428571,0.0522875,0.0356678571428571,0.0360785714285714,0.0291160714285714,0.0282553571428571,0.0213285714285714,0.0135410714285714,0.0139071428571429,0.00880178571428572,0.01235,0.00983392857142857,0.00844285714285714,0.00679642857142857,0.00498035714285714,0.00407142857142857,0.00805714285714286,0.0058125,0.00498928571428571,0.00440714285714286,0.00117321428571429,0.00227321428571429,0,0.000646428571428571,0.00118392857142857,0.00177857142857143,0.00211071428571429,0.000217857142857143,0.000453571428571429,0.000905357142857143,0.000303571428571429,0.000148214285714286,0,0,0,0,0.0000232142857142857,0.0000678571428571429,0.0000732142857142857,0.0000785714285714286,0.0000839285714285714,0.0000892857142857143,0.0000267857142857143,0,1,0,0,0,0,0,0,1,1,1,1,1,1,1,1,1,1,1,1,1,1,1,1,1,1,1,1,1,1,1,1,1,1,1,1,1,1,1,1,1,1,1,1,1,1,1,1,1,1,1,1,1,1,1,1,1,1,1,1,1,1,1,1,1,1,1,1,1,1,1,1,1,1,1,1,1,1,1,1,0
2026-06-08 20:00:00,25.6121054310345,0,0,0,0,0,0,0.0163362068965517,0.951891379310345,4.06925344827586,5.16915862068966,3.49377586206897,2.22481379310345,1.79503275862069,1.61623275862069,1.35776379310345,0.931544827586207,0.576203448275862,0.324215517241379,0.23296724137931,0.214391379310345,0.212013793103448,0.247706896551724,0.226218965517241,0.206006896551724,0.179848275862069,0.156068965517241,0.146196551724138,0.152762068965517,0.123951724137931,0.107922413793103,0.0961293103448276,0.0925034482758621,0.0773775862068966,0.0804637931034483,0.0641793103448276,0.0560896551724138,0.0563637931034483,0.0471965517241379,0.0318568965517241,0.0295310344827586,0.023451724137931,0.0187913793103448,0.0209534482758621,0.0119206896551724,0.0127672413793103,0.0132189655172414,0.00695,0.0101758620689655,0.00969310344827586,0.00672758620689655,0.00879655172413793,0.00568275862068966,0.00333103448275862,0.00305,0.00204137931034483,0.0028051724137931,0.00192758620689655,0.000267241379310345,0.00169137931034483,0.000520689655172414,0.000196551724137931,0.000579310344827586,0.000544827586206897,0.000875862068965517,0.000872413793103448,0.000729310344827586,0.000577586206896552,0,0.000431034482758621,0,0,0,0,0,0,0,0,0,0,1,0,0,0,0,0,0,1,1,1,1,1,1,1,1,1,1,1,1,1,1,1,1,1,1,1,1,1,1,1,1,1,1,1,1,1,1,1,1,1,1,1,1,1,1,1,1,1,1,1,1,1,1,1,1,1,1,1,1,1,1,1,1,1,1,1,1,1,1,1,1,1,1,1,1,1,1,1,1,0
2026-06-08 21:00:00,27.6364508666667,0,0,0,0,0,0,0.016445,0.951525,4.19575833333333,5.572675,3.807115,2.58244333333333,1.99427166666667,1.84279666666667,1.60023666666667,1.114515,0.692056666666667,0.4027,0.2583,0.236263333333333,0.23578,0.248771666666667,0.248636666666667,0.231843333333333,0.18561,0.162526666666667,0.136791666666667,0.148621666666667,0.123855,0.130626666666667,0.114176666666667,0.092655,0.0995366666666667,0.08348,0.0653933333333333,0.0698083333333333,0.052205,0.0403983333333333,0.03785,0.03245,0.02212,0.0223466666666667,0.0175066666666667,0.01961,0.0173,0.0133133333333333,0.013315,0.01116,0.00746166666666667,0.00705333333333333,0.007755,0.00375833333333333,0.004725,0.00488833333333333,0.00156666666666667,0.00144666666666667,0.00172,0.00289333333333333,0.001395,0,0.000426666666666667,0.00204166666666667,0.00305833333333333,0,0.000423333333333333,0,0,0,0,0.000415,0,0.000065,0.00019,0.000205,0.00022,0.000235,0.00025,0.000075,0,1,0,0,0,0,0,0,1,1,1,1,1,1,1,1,1,1,1,1,1,1,1,1,1,1,1,1,1,1,1,1,1,1,1,1,1,1,1,1,1,1,1,1,1,1,1,1,1,1,1,1,1,1,1,1,1,1,1,1,1,1,1,1,1,1,1,1,1,1,1,1,1,1,1,1,1,1,1,1,0
2026-06-08 22:00:00,39.5571976833333,0,0,0,0,0,0,0.0152183333333333,1.17494166666667,5.39496333333333,7.41961666666667,5.48025666666667,3.94160833333333,3.204995,2.8749,2.59729833333333,1.94844833333333,1.267425,0.650076666666667,0.360453333333333,0.330451666666667,0.29825,0.308928333333333,0.299443333333333,0.278078333333333,0.20298,0.183621666666667,0.152016666666667,0.14476,0.139033333333333,0.146018333333333,0.0999616666666667,0.108051666666667,0.0944216666666667,0.07494,0.07063,0.0759933333333333,0.068105,0.0512,0.039385,0.0347433333333333,0.0274683333333333,0.021165,0.0207833333333333,0.01609,0.013885,0.0157933333333333,0.009805,0.0107316666666667,0.00898333333333333,0.007575,0.007925,0.00246,0.00878833333333333,0.00457833333333333,0.00478166666666667,0.00094,0.00169166666666667,0.00246666666666667,0.00234833333333333,0.00203666666666667,0.00123333333333333,0.000796666666666667,0.000526666666666667,0.000385,0.000385,0.000075,0.00042,0,0,0,0,0.0000433333333333333,0.000126666666666667,0.000136666666666667,0.000146666666666667,0.000156666666666667,0.000166666666666667,0.00005,0,1,0,0,0,0,0,0,1,1,1,1,1,1,1,1,1,1,1,1,1,1,1,1,1,1,1,1,1,1,1,1,1,1,1,1,1,1,1,1,1,1,1,1,1,1,1,1,1,1,1,1,1,1,1,1,1,1,1,1,1,1,1,1,1,1,1,1,1,1,1,1,1,1,1,1,1,1,1,1,0
2026-06-08 23:00:00,24.6073183166667,0,0,0,0,0,0,0.017645,0.87577,3.91226333333333,4.94805666666667,3.21043333333333,2.01195166666667,1.59197,1.37577666666667,1.23067833333333,0.88598,0.48982,0.329948333333333,0.261488333333333,0.252101666666667,0.269823333333333,0.269126666666667,0.263916666666667,0.246968333333333,0.208365,0.184245,0.202226666666667,0.184563333333333,0.164585,0.169766666666667,0.145508333333333,0.140361666666667,0.133703333333333,0.109976666666667,0.08979,0.0946166666666667,0.07477,0.0651883333333333,0.0514,0.039305,0.0386433333333333,0.032165,0.02727,0.02079,0.0178683333333333,0.0198633333333333,0.0113266666666667,0.01247,0.011885,0.009425,0.013205,0.00836166666666667,0.00406,0.00801333333333333,0.00481833333333333,0.00365666666666667,0.00324,0.00398833333333333,0.00509666666666667,0.000426666666666667,0.00166,0.000898333333333333,0.000386666666666667,0.000461666666666667,0,0.000705,0.000426666666666667,0.00053,0.000435,0,0,0.000498333333333333,0.000253333333333333,0.000273333333333333,0.000293333333333333,0.000313333333333333,0.000333333333333333,0.0001,0,1,0,0,0,0,0,0,1,1,1,1,1,1,1,1,1,1,1,1,1,1,1,1,1,1,1,1,1,1,1,1,1,1,1,1,1,1,1,1,1,1,1,1,1,1,1,1,1,1,1,1,1,1,1,1,1,1,1,1,1,1,1,1,1,1,1,1,1,1,1,1,1,1,1,1,1,1,1,1,0
2026-06-09,23.86750465,0,0,0,0,0,0,0.016235,0.895971666666667,3.898515,4.78092166666667,3.00356,1.872475,1.44249,1.249095,1.204685,0.802971666666667,0.421003333333333,0.323363333333333,0.251156666666667,0.24936,0.276586666666667,0.293065,0.309798333333333,0.28146,0.256461666666667,0.23212,0.214976666666667,0.186808333333333,0.193405,0.198898333333333,0.147023333333333,0.155405,0.126266666666667,0.123125,0.113038333333333,0.0842016666666667,0.08578,0.067185,0.0596183333333333,0.0444183333333333,0.0420216666666667,0.02995,0.0347283333333333,0.0180533333333333,0.0246966666666667,0.02502,0.015675,0.0132666666666667,0.01404,0.00990666666666667,0.008295,0.00710833333333333,0.00852,0.00269333333333333,0.00336333333333333,0.002465,0.00157666666666667,0.00470166666666667,0.00225166666666667,0.00341666666666667,0.000426666666666667,0.001275,0.000811666666666667,0.0000383333333333333,0.00119333333333333,0.000496666666666667,0,0.000398333333333333,0.000435,0.000415,0,0.0000216666666666667,0.0000633333333333333,0.0000683333333333333,0.0000733333333333333,0.0000783333333333333,0.0000833333333333333,0.000025,0,1,0,0,0,0,0,0,1,1,1,1,1,1,1,1,1,1,1,1,1,1,1,1,1,1,1,1,1,1,1,1,1,1,1,1,1,1,1,1,1,1,1,1,1,1,1,1,1,1,1,1,1,1,1,1,1,1,1,1,1,1,1,1,1,1,1,1,1,1,1,1,1,1,1,1,1,1,1,1,0
2026-06-09 01:00:00,27.6388536833333,0,0,0,0,0,0,0.0143816666666667,0.90065,4.078815,5.38811833333333,3.51284333333333,2.28251833333333,1.74919,1.50176166666667,1.42853333333333,0.991846666666667,0.571183333333333,0.378036666666667,0.338605,0.294885,0.32992,0.314385,0.325301666666667,0.31328,0.25013,0.246061666666667,0.221335,0.220385,0.194596666666667,0.185791666666667,0.168591666666667,0.158448333333333,0.14116,0.118976666666667,0.109858333333333,0.0910483333333333,0.086625,0.084725,0.0602733333333333,0.0410583333333333,0.04784,0.0398616666666667,0.0435433333333333,0.0258383333333333,0.0220966666666667,0.0226083333333333,0.0188583333333333,0.0119766666666667,0.0103616666666667,0.0102733333333333,0.0114383333333333,0.0143333333333333,0.007995,0.00361833333333333,0.00472,0.001955,0.00470166666666667,0.00123,0.000833333333333333,0.00221166666666667,0.00104333333333333,0.00141,0.000526666666666667,0,0.000846666666666667,0.000705,0.000558333333333333,0,0.000416666666666667,0.000588333333333333,0.00024,0.0000216666666666667,0.0000633333333333333,0.0000683333333333333,0.0000733333333333333,0.0000783333333333333,0.0000833333333333333,0.000025,0,1,0,0,0,0,0,0,1,1,1,1,1,1,1,1,1,1,1,1,1,1,1,1,1,1,1,1,1,1,1,1,1,1,1,1,1,1,1,1,1,1,1,1,1,1,1,1,1,1,1,1,1,1,1,1,1,1,1,1,1,1,1,1,1,1,1,1,1,1,1,1,1,1,1,1,1,1,1,1,0
2026-06-09 02:00:00,24.4325220666667,0,0,0,0,0,0,0.013275,0.737298333333333,3.50718333333333,4.7148,3.01101,1.91850666666667,1.54387833333333,1.36044333333333,1.27158666666667,0.948985,0.516635,0.381963333333333,0.30457,0.2983,0.295406666666667,0.313098333333333,0.341601666666667,0.32541,0.271801666666667,0.2569,0.233088333333333,0.221961666666667,0.215878333333333,0.177476666666667,0.181518333333333,0.153248333333333,0.129891666666667,0.119075,0.119535,0.08969,0.0917983333333333,0.0701583333333333,0.0747466666666667,0.04754,0.05306,0.0310766666666667,0.0260166666666667,0.0252416666666667,0.0300033333333333,0.0167016666666667,0.01967,0.0162183333333333,0.0110233333333333,0.0097,0.010175,0.006815,0.00885833333333333,0.00582166666666667,0.003345,0.00190833333333333,0.0043,0.00206166666666667,0.00035,0.00135666666666667,0.00147,0.000236666666666667,0.001275,0.000808333333333333,0.00130666666666667,0,0.00042,0,0,0,0,0,0,0,0,0,0,0,0,1,0,0,0,0,0,0,1,1,1,1,1,1,1,1,1,1,1,1,1,1,1,1,1,1,1,1,1,1,1,1,1,1,1,1,1,1,1,1,1,1,1,1,1,1,1,1,1,1,1,1,1,1,1,1,1,1,1,1,1,1,1,1,1,1,1,1,1,1,1,1,1,1,1,1,1,1,1,1,0
2026-06-09 03:00:00,75.8546963,0,0,0,0,0,0,0.0332066666666667,2.054335,9.34774666666667,13.8050066666667,10.5545966666667,8.09377333333333,6.72388166666667,5.68199666666667,4.76517833333333,3.73074166666667,2.38366166666667,1.55988166666667,1.07996833333333,0.819316666666667,0.705063333333333,0.611258333333333,0.527533333333333,0.47592,0.366063333333333,0.327726666666667,0.281388333333333,0.245303333333333,0.237566666666667,0.220265,0.201021666666667,0.178056666666667,0.163901666666667,0.131175,0.135328333333333,0.107736666666667,0.0813866666666667,0.076275,0.070875,0.045635,0.0532833333333333,0.0386983333333333,0.0324466666666667,0.0361566666666667,0.0247283333333333,0.0187,0.0148183333333333,0.01493,0.0125566666666667,0.0116766666666667,0.00783333333333333,0.010005,0.0104116666666667,0.00384333333333333,0.00424333333333333,0.00414,0.00496,0.00389666666666667,0.00176833333333333,0.00170833333333333,0.00123333333333333,0.00176666666666667,0.00206833333333333,0.0000383333333333333,0,0.000421666666666667,0,0,0.00064,0.00102333333333333,0,0.0000433333333333333,0.000126666666666667,0.000136666666666667,0.000146666666666667,0.000156666666666667,0.000166666666666667,0.00005,0,1,0,0,0,0,0,0,1,1,1,1,1,1,1,1,1,1,1,1,1,1,1,1,1,1,1,1,1,1,1,1,1,1,1,1,1,1,1,1,1,1,1,1,1,1,1,1,1,1,1,1,1,1,1,1,1,1,1,1,1,1,1,1,1,1,1,1,1,1,1,1,1,1,1,1,1,1,1,1,0
2026-06-09 04:00:00,50.9392935,0,0,0,0,0,0,0.0296883333333333,1.71439166666667,7.282625,9.908055,7.19926333333333,5.18344833333333,4.23394166666667,3.55363,2.96057166666667,2.17480833333333,1.17068166666667,0.644425,0.453011666666667,0.355056666666667,0.371965,0.342523333333333,0.35449,0.326606666666667,0.26168,0.242545,0.225253333333333,0.202293333333333,0.19889,0.189766666666667,0.161295,0.160155,0.143566666666667,0.114185,0.0986433333333333,0.0892483333333333,0.0772033333333333,0.0591083333333333,0.0451933333333333,0.0362216666666667,0.039185,0.0365433333333333,0.0296416666666667,0.0197666666666667,0.022855,0.0182166666666667,0.011555,0.00859166666666667,0.012655,0.0123116666666667,0.00631666666666667,0.00590333333333333,0.00501666666666667,0.00469333333333333,0.00231666666666667,0.00271166666666667,0.00169166666666667,0.000801666666666667,0.00126166666666667,0.00135666666666667,0.00104333333333333,0.000236666666666667,0.00123666666666667,0.00123166666666667,0.000498333333333333,0.000843333333333333,0,0.000418333333333333,0,0,0,0,0,0,0,0,0,0,0,1,0,0,0,0,0,0,1,1,1,1,1,1,1,1,1,1,1,1,1,1,1,1,1,1,1,1,1,1,1,1,1,1,1,1,1,1,1,1,1,1,1,1,1,1,1,1,1,1,1,1,1,1,1,1,1,1,1,1,1,1,1,1,1,1,1,1,1,1,1,1,1,1,1,1,1,1,1,1,0
2026-06-09 05:00:00,26.1421295833333,0,0,0,0,0,0,0.01635,0.903931666666667,3.913585,5.137815,3.42827166666667,2.27758166666667,1.70215833333333,1.48281666666667,1.30861166666667,0.93096,0.505406666666667,0.340193333333333,0.271836666666667,0.276648333333333,0.2645,0.298998333333333,0.286041666666667,0.275993333333333,0.246028333333333,0.219748333333333,0.228865,0.199758333333333,0.189011666666667,0.17621,0.149941666666667,0.139225,0.125778333333333,0.103425,0.0947383333333333,0.08067,0.0724966666666667,0.0518133333333333,0.045785,0.0375766666666667,0.0270683333333333,0.0228466666666667,0.0184466666666667,0.009715,0.0164766666666667,0.0116816666666667,0.010415,0.010785,0.00547333333333333,0.00854833333333333,0.00644333333333333,0.007155,0.00451666666666667,0.00433166666666667,0.00274833333333333,0.00188166666666667,0.002265,0.00175166666666667,0.000746666666666667,0.000756666666666667,0.000853333333333333,0,0.000425,0.000423333333333333,0,0,0.00084,0,0,0,0,0.000065,0.00019,0.000205,0.00022,0.000235,0.00025,0.000075,0,1,0,0,0,0,0,0,1,1,1,1,1,1,1,1,1,1,1,1,1,1,1,1,1,1,1,1,1,1,1,1,1,1,1,1,1,1,1,1,1,1,1,1,1,1,1,1,1,1,1,1,1,1,1,1,1,1,1,1,1,1,1,1,1,1,1,1,1,1,1,1,1,1,1,1,1,1,1,1,0
2026-06-09 06:00:00,21.0361971833333,0,0,0,0,0,0,0.0171166666666667,0.715138333333333,3.02341166666667,3.98257166666667,2.59133,1.736935,1.33088833333333,1.16285333333333,1.07217,0.790483333333333,0.460115,0.318786666666667,0.260096666666667,0.253135,0.27843,0.271603333333333,0.274396666666667,0.255588333333333,0.228253333333333,0.219651666666667,0.208378333333333,0.198126666666667,0.167158333333333,0.158483333333333,0.151525,0.137856666666667,0.113511666666667,0.0979183333333333,0.0872766666666667,0.0758533333333333,0.05851,0.0468816666666667,0.037965,0.0319033333333333,0.028355,0.0235233333333333,0.0174716666666667,0.0176433333333333,0.0171866666666667,0.01549,0.00873833333333333,0.00581666666666667,0.004355,0.005865,0.00596333333333333,0.00212,0.00449166666666667,0.00398833333333333,0.00174333333333333,0.001445,0.00215,0.000801666666666667,0.00108666666666667,0.000251666666666667,0.00166,0.00132333333333333,0.000425,0.000423333333333333,0.000421666666666667,0,0.00084,0,0,0.000415,0,0.0000866666666666667,0.000253333333333333,0.000273333333333333,0.000293333333333333,0.000313333333333333,0.000333333333333333,0.0001,0,1,0,0,0,0,0,0,1,1,1,1,1,1,1,1,1,1,1,1,1,1,1,1,1,1,1,1,1,1,1,1,1,1,1,1,1,1,1,1,1,1,1,1,1,1,1,1,1,1,1,1,1,1,1,1,1,1,1,1,1,1,1,1,1,1,1,1,1,1,1,1,1,1,1,1,1,1,1,1,0
2026-06-09 07:00:00,13.6331705666667,0,0,0,0,0,0,0.01037,0.423348333333333,1.83460666666667,2.42355333333333,1.61034833333333,1.07050666666667,0.826585,0.785041666666667,0.754955,0.559836666666667,0.311951666666667,0.23554,0.177823333333333,0.178981666666667,0.184775,0.195356666666667,0.209823333333333,0.20606,0.181725,0.158833333333333,0.15021,0.145551666666667,0.126978333333333,0.113596666666667,0.0933516666666667,0.0896683333333333,0.086035,0.059775,0.0637716666666667,0.0570016666666667,0.0520166666666667,0.036115,0.0291033333333333,0.0217233333333333,0.0272516666666667,0.014285,0.01327,0.006975,0.00993833333333333,0.00931333333333333,0.00853166666666667,0.00672166666666667,0.00628666666666667,0.00466,0.00377666666666667,0.00246,0.00131833333333333,0.00127666666666667,0.00170833333333333,0.000963333333333333,0,0.000373333333333333,0.000055,0.000426666666666667,0.00189666666666667,0.000236666666666667,0.00085,0.000423333333333333,0.000421666666666667,0.000283333333333333,0.000558333333333333,0.000418333333333333,0,0.000415,0,0,0,0,0,0,0,0,0,1,0,0,0,0,0,0,1,1,1,1,1,1,1,1,1,1,1,1,1,1,1,1,1,1,1,1,1,1,1,1,1,1,1,1,1,1,1,1,1,1,1,1,1,1,1,1,1,1,1,1,1,1,1,1,1,1,1,1,1,1,1,1,1,1,1,1,1,1,1,1,1,1,1,1,1,1,1,1,0
2026-06-09 08:00:00,16.2246787333333,0,0,0,0,0,0,0.00783833333333333,0.682976666666667,2.64136833333333,3.23169666666667,1.88025,1.18658,0.937565,0.810955,0.780085,0.532081666666667,0.329511666666667,0.246638333333333,0.19819,0.189518333333333,0.2092,0.215133333333333,0.223971666666667,0.211901666666667,0.199835,0.16606,0.161611666666667,0.147853333333333,0.132765,0.127683333333333,0.105648333333333,0.107691666666667,0.093215,0.0851083333333333,0.0649466666666667,0.06737,0.06233,0.0431783333333333,0.03614,0.0325683333333333,0.02211,0.0183216666666667,0.0192383333333333,0.010025,0.01057,0.00864333333333333,0.00772666666666667,0.00888166666666667,0.00551833333333333,0.00284666666666667,0.00553166666666667,0.00294,0.00356,0.00276333333333333,0.00185,0.000911666666666667,0.00146166666666667,0.000686666666666667,0.00103166666666667,0.001535,0,0.000425,0,0.000423333333333333,0,0,0.000288333333333333,0.000131666666666667,0.000416666666666667,0,0,0.0000866666666666667,0.000253333333333333,0.000273333333333333,0.000293333333333333,0.000313333333333333,0.000333333333333333,0.0001,0,1,0,0,0,0,0,0,1,1,1,1,1,1,1,1,1,1,1,1,1,1,1,1,1,1,1,1,1,1,1,1,1,1,1,1,1,1,1,1,1,1,1,1,1,1,1,1,1,1,1,1,1,1,1,1,1,1,1,1,1,1,1,1,1,1,1,1,1,1,1,1,1,1,1,1,1,1,1,1,0
2026-06-09 09:00:00,15.6336774897959,0,0,0,0,0,0,0.0149612244897959,0.731936734693878,2.68958367346939,3.1014612244898,1.78625306122449,1.06284285714286,0.903908163265306,0.823375510204082,0.62530612244898,0.47235306122449,0.30319387755102,0.2165,0.17684693877551,0.18864693877551,0.180895918367347,0.201791836734694,0.196189795918367,0.172410204081633,0.171734693877551,0.151467346938776,0.145183673469388,0.123924489795918,0.106722448979592,0.114163265306122,0.0954163265306122,0.106495918367347,0.0983326530612245,0.0802979591836735,0.0722183673469388,0.0649387755102041,0.0419857142857143,0.0354551020408163,0.0361,0.024269387755102,0.0253387755102041,0.0198448979591837,0.010469387755102,0.015469387755102,0.0115326530612245,0.00897755102040816,0.00548163265306123,0.00519387755102041,0.00552040816326531,0.00576122448979592,0.00497551020408163,0.00465918367346939,0.00467142857142857,0.00112040816326531,0.00215714285714286,0.00325714285714286,0.00143877551020408,0.00456326530612245,0.000793877551020408,0,0.000522448979591837,0,0.00104081632653061,0.000518367346938775,0.000518367346938775,0,0,0.000512244897959184,0,0,0,0.0000795918367346939,0.00023265306122449,0.000251020408163265,0.000269387755102041,0.000287755102040816,0.000306122448979592,0.0000918367346938775,0,1,0,0,0,0,0,0,1,1,1,1,1,1,1,1,1,1,1,1,1,1,1,1,1,1,1,1,1,1,1,1,1,1,1,1,1,1,1,1,1,1,1,1,1,1,1,1,1,1,1,1,1,1,1,1,1,1,1,1,1,1,1,1,1,1,1,1,1,1,1,1,1,1,1,1,1,1,1,1,0
2026-06-09 10:00:00,15.7466533448276,0,0,0,0,0,0,0.0122568965517241,0.642531034482759,2.58004137931034,2.96993275862069,1.79834655172414,1.14436034482759,0.976987931034483,0.885256896551724,0.760113793103448,0.533412068965517,0.348434482758621,0.235860344827586,0.203513793103448,0.182379310344828,0.178653448275862,0.200634482758621,0.216237931034483,0.200274137931034,0.177951724137931,0.16058275862069,0.147886206896552,0.139584482758621,0.123144827586207,0.12135,0.100422413793103,0.10056724137931,0.0993827586206897,0.0812344827586207,0.0766327586206897,0.0600793103448276,0.0557758620689655,0.0508431034482759,0.0368465517241379,0.0332931034482759,0.0261741379310345,0.0167551724137931,0.0167672413793103,0.0125896551724138,0.00968793103448276,0.0077948275862069,0.00919827586206897,0.00727758620689655,0.00798103448275862,0.00652758620689655,0.00536034482758621,0.00652931034482759,0.00564827586206897,0.00295689655172414,0.00212241379310345,0.00325,0.00175,0.00121724137931034,0.00206724137931034,0.000703448275862069,0.00083448275862069,0.000489655172413793,0.000839655172413793,0.0000396551724137931,0.000436206896551724,0,0.00043448275862069,0,0,0.000429310344827586,0,0.0000448275862068966,0.000131034482758621,0.000141379310344828,0.000151724137931034,0.000162068965517241,0.000172413793103448,0.0000517241379310345,0,1,0,0,0,0,0,0,1,1,1,1,1,1,1,1,1,1,1,1,1,1,1,1,1,1,1,1,1,1,1,1,1,1,1,1,1,1,1,1,1,1,1,1,1,1,1,1,1,1,1,1,1,1,1,1,1,1,1,1,1,1,1,1,1,1,1,1,1,1,1,1,1,1,1,1,1,1,1,1,0
2026-06-09 11:00:00,18.4267756545455,0,0,0,0,0,0,0.0152363636363636,0.643890909090909,2.74334909090909,3.38429454545455,2.24499090909091,1.56221272727273,1.37206727272727,1.19459818181818,0.936630909090909,0.63596,0.391381818181818,0.265567272727273,0.240130909090909,0.214185454545455,0.210416363636364,0.213487272727273,0.222849090909091,0.216105454545455,0.176758181818182,0.172916363636364,0.16326,0.144987272727273,0.133230909090909,0.140189090909091,0.115658181818182,0.105903636363636,0.105325454545455,0.1036,0.0789763636363636,0.0779236363636364,0.0600581818181818,0.0451072727272727,0.0386472727272727,0.0296781818181818,0.0235309090909091,0.0235836363636364,0.0199418181818182,0.0126,0.0126654545454545,0.00718545454545455,0.0110327272727273,0.0100490909090909,0.00608545454545455,0.00690181818181818,0.00508727272727273,0.00514545454545455,0.00324727272727273,0.00243090909090909,0.00259272727272727,0.00210545454545455,0.000469090909090909,0.00168909090909091,0.0029,0.00101636363636364,0.000465454545454545,0,0.00223454545454545,0.0000836363636363636,0.00046,0.00122909090909091,0.000150909090909091,0.000456363636363636,0.000454545454545455,0.00135818181818182,0,0.00052,0.000207272727272727,0.000223636363636364,0.00024,0.000256363636363636,0.000272727272727273,0.0000818181818181818,0,1,0,0,0,0,0,0,1,1,1,1,1,1,1,1,1,1,1,1,1,1,1,1,1,1,1,1,1,1,1,1,1,1,1,1,1,1,1,1,1,1,1,1,1,1,1,1,1,1,1,1,1,1,1,1,1,1,1,1,1,1,1,1,1,1,1,1,1,1,1,1,1,1,1,1,1,1,1,1,0
2026-06-09 12:00:00,18.5075075833333,0,0,0,0,0,0,0.01165,0.639088333333333,2.61851333333333,3.35807666666667,2.22931333333333,1.52952833333333,1.26441833333333,1.12926166666667,0.820885,0.602871666666667,0.390085,0.305926666666667,0.246703333333333,0.216881666666667,0.246738333333333,0.248813333333333,0.242818333333333,0.23136,0.207043333333333,0.212991666666667,0.177385,0.182863333333333,0.15942,0.144126666666667,0.121348333333333,0.14586,0.122206666666667,0.102043333333333,0.089885,0.0905,0.0643883333333333,0.0586016666666667,0.0547016666666667,0.0312166666666667,0.0333683333333333,0.0235216666666667,0.019035,0.0103366666666667,0.014555,0.011815,0.00853166666666667,0.010255,0.00932333333333333,0.005865,0.00602833333333333,0.00378333333333333,0.0086,0.00471,0.00430333333333333,0.0032,0.00283833333333333,0.000516666666666667,0.00257,0.000856666666666667,0.00189666666666667,0.00226,0.001725,0.0005,0.000421666666666667,0.00154833333333333,0.000558333333333333,0,0,0.000173333333333333,0.000653333333333333,0.000108333333333333,0.000316666666666667,0.000341666666666667,0.000366666666666667,0.000391666666666667,0.000416666666666667,0.000125,0,1,0,0,0,0,0,0,1,1,1,1,1,1,1,1,1,1,1,1,1,1,1,1,1,1,1,1,1,1,1,1,1,1,1,1,1,1,1,1,1,1,1,1,1,1,1,1,1,1,1,1,1,1,1,1,1,1,1,1,1,1,1,1,1,1,1,1,1,1,1,1,1,1,1,1,1,1,1,1,0
2026-06-09 13:00:00,17.6038311333333,0,0,0,0,0,0,0.009675,0.633165,2.55392666666667,3.17749333333333,2.12654166666667,1.48894,1.15997833333333,0.985366666666667,0.778043333333333,0.544841666666667,0.375445,0.270023333333333,0.245001666666667,0.221273333333333,0.25064,0.249123333333333,0.250105,0.232731666666667,0.209445,0.195335,0.166893333333333,0.179545,0.16005,0.152183333333333,0.135435,0.122421666666667,0.12335,0.110795,0.0951383333333333,0.0889966666666667,0.0739383333333333,0.0647283333333333,0.05153,0.0456566666666667,0.042045,0.035925,0.0253266666666667,0.01475,0.00949,0.0137866666666667,0.01039,0.0112366666666667,0.008095,0.00527166666666667,0.00976166666666667,0.00458,0.00362833333333333,0.0019,0.00141833333333333,0.00223,0.000745,0.00447166666666667,0.00118833333333333,0.000853333333333333,0.00104333333333333,0.00141,0.000951666666666667,0.000423333333333333,0.000846666666666667,0.000705,0.000846666666666667,0.000131666666666667,0.00064,0.000193333333333333,0,0.000931666666666667,0.000316666666666667,0.000341666666666667,0.000366666666666667,0.000391666666666667,0.000416666666666667,0.000125,0,1,0,0,0,0,0,0,1,1,1,1,1,1,1,1,1,1,1,1,1,1,1,1,1,1,1,1,1,1,1,1,1,1,1,1,1,1,1,1,1,1,1,1,1,1,1,1,1,1,1,1,1,1,1,1,1,1,1,1,1,1,1,1,1,1,1,1,1,1,1,1,1,1,1,1,1,1,1,1,0
2026-06-09 14:00:00,17.22978065,0,0,0,0,0,0,0.0125533333333333,0.574593333333333,2.436465,3.21881333333333,2.20895833333333,1.55326666666667,1.226675,1.00449,0.734368333333333,0.487321666666667,0.34199,0.250351666666667,0.239511666666667,0.22558,0.216543333333333,0.219455,0.226425,0.219821666666667,0.187813333333333,0.193518333333333,0.171223333333333,0.161216666666667,0.139731666666667,0.146853333333333,0.123366666666667,0.108573333333333,0.113321666666667,0.0878316666666667,0.082555,0.0756566666666667,0.0636833333333333,0.0469733333333333,0.0431983333333333,0.0352183333333333,0.0256366666666667,0.0255033333333333,0.0172933333333333,0.0140733333333333,0.0157966666666667,0.0120383333333333,0.01019,0.00719666666666667,0.00917333333333333,0.00826666666666667,0.00794333333333333,0.00337333333333333,0.00574166666666667,0.002675,0.005765,0.00319833333333333,0.00412833333333333,0.00217666666666667,0.00254666666666667,0.00093,0.00128,0.00117333333333333,0.000526666666666667,0.000385,0.00046,0.00183166666666667,0.000985,0.00053,0.000851666666666667,0,0,0.000128333333333333,0.000378333333333333,0.000408333333333333,0.000438333333333333,0.00047,0.000501666666666667,0.000148333333333333,0,1,0,0,0,0,0,0,1,1,1,1,1,1,1,1,1,1,1,1,1,1,1,1,1,1,1,1,1,1,1,1,1,1,1,1,1,1,1,1,1,1,1,1,1,1,1,1,1,1,1,1,1,1,1,1,1,1,1,1,1,1,1,1,1,1,1,1,1,1,1,1,1,1,1,1,1,1,1,1,0
2026-06-09 15:00:00,17.4569953333333,0,0,0,0,0,0,0.0119,0.559261666666667,2.46114166666667,3.22925,2.31445666666667,1.61084333333333,1.293775,1.038765,0.76258,0.496001666666667,0.328575,0.254111666666667,0.237858333333333,0.201836666666667,0.188908333333333,0.202788333333333,0.20744,0.211041666666667,0.185341666666667,0.159196666666667,0.140575,0.146795,0.132586666666667,0.134005,0.11226,0.0999066666666667,0.100165,0.0899866666666667,0.07654,0.0561916666666667,0.0631533333333333,0.0517883333333333,0.04112,0.0395983333333333,0.0261683333333333,0.023185,0.01472,0.01494,0.0133366666666667,0.0116183333333333,0.00852333333333333,0.00761333333333333,0.00522333333333333,0.00637,0.00590333333333333,0.00417,0.006195,0.00285166666666667,0.00451666666666667,0.00297666666666667,0.00240833333333333,0.00174833333333333,0.000658333333333333,0.00239,0,0.001275,0.00204833333333333,0.0000766666666666667,0.00077,0.000075,0,0,0.000833333333333333,0,0,0.000563333333333333,0.000443333333333333,0.000478333333333333,0.000513333333333333,0.000548333333333333,0.000583333333333333,0.000175,0,1,0,0,0,0,0,0,1,1,1,1,1,1,1,1,1,1,1,1,1,1,1,1,1,1,1,1,1,1,1,1,1,1,1,1,1,1,1,1,1,1,1,1,1,1,1,1,1,1,1,1,1,1,1,1,1,1,1,1,1,1,1,1,1,1,1,1,1,1,1,1,1,1,1,1,1,1,1,1,0
2026-06-09 16:00:00,19.2327364833333,0,0,0,0,0,0,0.0102516666666667,0.624945,2.78576333333333,3.66254833333333,2.624405,1.83672833333333,1.44667166666667,1.18635333333333,0.782906666666667,0.483153333333333,0.343635,0.238398333333333,0.228886666666667,0.207665,0.19848,0.209673333333333,0.222226666666667,0.177536666666667,0.182043333333333,0.172008333333333,0.160271666666667,0.15376,0.127836666666667,0.134371666666667,0.11957,0.100941666666667,0.104678333333333,0.0825566666666667,0.0761416666666667,0.0728283333333333,0.058625,0.0434266666666667,0.0383866666666667,0.0293566666666667,0.0253033333333333,0.0233583333333333,0.0166616666666667,0.0139733333333333,0.0121316666666667,0.014295,0.00786333333333333,0.00922166666666667,0.0104733333333333,0.00636666666666667,0.007265,0.00804166666666667,0.00479666666666667,0.00118833333333333,0.00212166666666667,0.00278833333333333,0.00163333333333333,0.00089,0.00108666666666667,0.000251666666666667,0.000426666666666667,0.000748333333333333,0.000951666666666667,0.000423333333333333,0.00077,0.000918333333333333,0.000288333333333333,0.00055,0,0,0.000413333333333333,0.0000866666666666667,0.000253333333333333,0.000273333333333333,0.000293333333333333,0.000313333333333333,0.000333333333333333,0.0001,0,1,0,0,0,0,0,0,1,1,1,1,1,1,1,1,1,1,1,1,1,1,1,1,1,1,1,1,1,1,1,1,1,1,1,1,1,1,1,1,1,1,1,1,1,1,1,1,1,1,1,1,1,1,1,1,1,1,1,1,1,1,1,1,1,1,1,1,1,1,1,1,1,1,1,1,1,1,1,1,0
2026-06-09 17:00:00,21.1881079818182,0,0,0,0,0,0,0.0139109090909091,0.711094545454545,3.00705818181818,3.98072545454545,2.82634181818182,2.00317636363636,1.63102363636364,1.40176363636364,0.883052727272727,0.570358181818182,0.405487272727273,0.280054545454545,0.255994545454545,0.255927272727273,0.224956363636364,0.21904,0.221912727272727,0.202563636363636,0.18478,0.178072727272727,0.167774545454545,0.182770909090909,0.143350909090909,0.140634545454545,0.111434545454545,0.126327272727273,0.101338181818182,0.0950163636363636,0.0836163636363636,0.0749563636363636,0.0646981818181818,0.0578618181818182,0.0475218181818182,0.0421290909090909,0.0246309090909091,0.0256727272727273,0.0167254545454545,0.0125981818181818,0.00995818181818182,0.0112109090909091,0.00764909090909091,0.00670363636363636,0.0106454545454545,0.00470181818181818,0.00688909090909091,0.0046,0.00343636363636364,0.00273636363636364,0.00170909090909091,0.00254545454545455,0.00231454545454545,0.000874545454545455,0.00165272727272727,0.000274545454545455,0.00139636363636364,0.000705454545454545,0.00114909090909091,0,0.000461818181818182,0,0.000458181818181818,0.000456363636363636,0.00160727272727273,0.0004,0.000261818181818182,0.000945454545454545,0.000138181818181818,0.000149090909090909,0.00016,0.000170909090909091,0.000181818181818182,0.0000545454545454545,0,1,0,0,0,0,0,0,1,1,1,1,1,1,1,1,1,1,1,1,1,1,1,1,1,1,1,1,1,1,1,1,1,1,1,1,1,1,1,1,1,1,1,1,1,1,1,1,1,1,1,1,1,1,1,1,1,1,1,1,1,1,1,1,1,1,1,1,1,1,1,1,1,1,1,1,1,1,1,1,0
2026-06-09 18:00:00,23.83558664,0,0,0,0,0,0,0.018852,0.787346,3.388008,4.447428,3.13235,2.400514,1.95765,1.652418,1.022186,0.640274,0.42166,0.315458,0.25241,0.28475,0.244534,0.266562,0.257008,0.223736,0.203678,0.188648,0.173532,0.173842,0.146222,0.144446,0.114882,0.110632,0.10765,0.09337,0.07911,0.08071,0.06705,0.058976,0.040738,0.037802,0.030346,0.022766,0.025784,0.015952,0.01316,0.011972,0.012226,0.010196,0.008858,0.007134,0.00453,0.004046,0.003486,0.001288,0.00408,0.001678,0.002512,0.00103,0.001752,0.001328,0.000512,0.000898,0.000122,0.000508,0,0.000506,0.001008,0.00098,0.00079,0.000232,0,0.000078,0.000228,0.000246,0.000264,0.000282,0.0003,0.00009,0,1,0,0,0,0,0,0,1,1,1,1,1,1,1,1,1,1,1,1,1,1,1,1,1,1,1,1,1,1,1,1,1,1,1,1,1,1,1,1,1,1,1,1,1,1,1,1,1,1,1,1,1,1,1,1,1,1,1,1,1,1,1,1,1,1,1,1,1,1,1,1,1,1,1,1,1,1,1,1,0
2026-06-09 19:00:00,25.2399888518519,0,0,0,0,0,0,0.0160685185185185,0.842451851851852,3.59977407407407,4.73448333333333,3.43085,2.57167962962963,2.11609259259259,1.81056481481481,1.12134814814815,0.664827777777778,0.439033333333333,0.318285185185185,0.247531481481481,0.249916666666667,0.271042592592593,0.279214814814815,0.269731481481481,0.238366666666667,0.209072222222222,0.199785185185185,0.198777777777778,0.168833333333333,0.153548148148148,0.14277037037037,0.12892037037037,0.12322962962963,0.102518518518519,0.1032,0.0843407407407407,0.0688962962962963,0.0716425925925926,0.0586074074074074,0.0457925925925926,0.0443592592592593,0.033337037037037,0.024012962962963,0.0200074074074074,0.01725,0.0144407407407407,0.0126777777777778,0.00970740740740741,0.00666481481481482,0.0056,0.00468333333333333,0.00506481481481481,0.00184814814814815,0.00272222222222222,0.00157407407407407,0.00291666666666667,0.00107592592592593,0.00156111111111111,0.00159259259259259,0.000122222222222222,0.000475925925925926,0.000474074074074074,0.000831481481481481,0.00148703703703704,0.0000425925925925926,0.000385185185185185,0.000551851851851852,0.000466666666666667,0.000464814814814815,0,0.000461111111111111,0.000459259259259259,0.0000240740740740741,0.0000703703703703704,0.0000759259259259259,0.0000814814814814815,0.000087037037037037,0.0000925925925925926,0.0000277777777777778,0,1,0,0,0,0,0,0,1,1,1,1,1,1,1,1,1,1,1,1,1,1,1,1,1,1,1,1,1,1,1,1,1,1,1,1,1,1,1,1,1,1,1,1,1,1,1,1,1,1,1,1,1,1,1,1,1,1,1,1,1,1,1,1,1,1,1,1,1,1,1,1,1,1,1,1,1,1,1,1,0
2026-06-09 20:00:00,23.3681522653061,0,0,0,0,0,0,0.0185530612244898,0.786808163265306,3.39197142857143,4.48316326530612,3.22143673469388,2.31388163265306,1.97352857142857,1.77118775510204,1.08279795918367,0.588791836734694,0.3816,0.271263265306122,0.206630612244898,0.210885714285714,0.239936734693878,0.256681632653061,0.268912244897959,0.214324489795918,0.195381632653061,0.184887755102041,0.164912244897959,0.15110612244898,0.130059183673469,0.138312244897959,0.107832653061224,0.121395918367347,0.0965857142857143,0.0825612244897959,0.0795387755102041,0.0749734693877551,0.0538102040816327,0.0540714285714286,0.0409367346938775,0.0307938775510204,0.0245489795918367,0.0189857142857143,0.0211448979591837,0.0145244897959184,0.0139244897959184,0.011934693877551,0.0129244897959184,0.0109183673469388,0.00426938775510204,0.00398367346938776,0.00687959183673469,0.00708571428571429,0.00147142857142857,0.00131428571428571,0.00152040816326531,0.00223877551020408,0.000983673469387755,0.00242244897959184,0.000202040816326531,0.00156938775510204,0.00104489795918367,0,0.00104081632653061,0,0,0.000516326530612245,0,0,0.000510204081632653,0,0,0.0000530612244897959,0.000155102040816327,0.00016530612244898,0.000177551020408163,0.000191836734693878,0.000206122448979592,0.0000591836734693878,0,1,0,0,0,0,0,0,1,1,1,1,1,1,1,1,1,1,1,1,1,1,1,1,1,1,1,1,1,1,1,1,1,1,1,1,1,1,1,1,1,1,1,1,1,1,1,1,1,1,1,1,1,1,1,1,1,1,1,1,1,1,1,1,1,1,1,1,1,1,1,1,1,1,1,1,1,1,1,1,0
2026-06-09 21:00:00,26.5097045833333,0,0,0,0,0,0,0.0131866666666667,0.893408333333333,3.72921666666667,5.084365,3.67716833333333,2.680845,2.25801333333333,2.01845333333333,1.20468166666667,0.710971666666667,0.463198333333333,0.2811,0.250333333333333,0.212158333333333,0.222,0.256453333333333,0.265653333333333,0.223263333333333,0.195913333333333,0.170148333333333,0.152965,0.13918,0.143513333333333,0.14559,0.0964233333333333,0.10251,0.0855533333333333,0.080125,0.07685,0.0613733333333333,0.0520883333333333,0.0454983333333333,0.04044,0.0284,0.02629,0.0187766666666667,0.0177533333333333,0.0145683333333333,0.0117066666666667,0.00919666666666667,0.009965,0.00674333333333333,0.00475833333333333,0.006355,0.0051,0.00378333333333333,0.00215833333333333,0.001295,0.00118833333333333,0.00188,0.00123333333333333,0.00117666666666667,0.000966666666666667,0.000428333333333333,0.000853333333333333,0.000323333333333333,0.000951666666666667,0.000423333333333333,0.000423333333333333,0,0.000708333333333333,0.000131666666666667,0.000416666666666667,0.000588333333333333,0.00024,0.0000216666666666667,0.0000633333333333333,0.0000683333333333333,0.0000733333333333333,0.0000783333333333333,0.0000833333333333333,0.000025,0,1,0,0,0,0,0,0,1,1,1,1,1,1,1,1,1,1,1,1,1,1,1,1,1,1,1,1,1,1,1,1,1,1,1,1,1,1,1,1,1,1,1,1,1,1,1,1,1,1,1,1,1,1,1,1,1,1,1,1,1,1,1,1,1,1,1,1,1,1,1,1,1,1,1,1,1,1,1,1,0
2026-06-09 22:00:00,20.8609755833333,0,0,0,0,0,0,0.013185,0.659066666666667,2.89199166666667,4.04746666666667,2.91696,2.14719166666667,1.86813833333333,1.71742666666667,1.14677166666667,0.615643333333333,0.398305,0.243761666666667,0.190883333333333,0.170193333333333,0.168815,0.216553333333333,0.190325,0.170261666666667,0.152111666666667,0.121011666666667,0.116323333333333,0.104643333333333,0.100348333333333,0.0860283333333333,0.0752416666666667,0.0640616666666667,0.0625533333333333,0.0488333333333333,0.0446533333333333,0.04014,0.030655,0.02336,0.0206083333333333,0.0243533333333333,0.016655,0.0123566666666667,0.00963333333333333,0.00750166666666667,0.00676166666666667,0.00738666666666667,0.00656166666666667,0.00190333333333333,0.00611333333333333,0.00371333333333333,0.00427666666666667,0.00458166666666667,0.001365,0.000775,0.00127666666666667,0.000993333333333333,0.000573333333333333,0.000688333333333333,0.000175,0.000251666666666667,0.00104333333333333,0.000236666666666667,0.000425,0.000423333333333333,0.000846666666666667,0,0,0,0,0.000415,0.000413333333333333,0.0000433333333333333,0.000126666666666667,0.000136666666666667,0.000146666666666667,0.000156666666666667,0.000166666666666667,0.00005,0,1,0,0,0,0,0,0,1,1,1,1,1,1,1,1,1,1,1,1,1,1,1,1,1,1,1,1,1,1,1,1,1,1,1,1,1,1,1,1,1,1,1,1,1,1,1,1,1,1,1,1,1,1,1,1,1,1,1,1,1,1,1,1,1,1,1,1,1,1,1,1,1,1,1,1,1,1,1,1,0
2026-06-09 23:00:00,20.42140925,0,0,0,0,0,0,0.0117833333333333,0.589186666666667,2.74125,3.85513333333333,2.82679833333333,2.14912166666667,1.88940333333333,1.70332166666667,1.32767833333333,0.779836666666667,0.44478,0.246748333333333,0.174705,0.171876666666667,0.139535,0.173635,0.173703333333333,0.149248333333333,0.124468333333333,0.0933766666666667,0.0946533333333333,0.0861066666666667,0.0856783333333333,0.0700333333333333,0.0602266666666667,0.0636033333333333,0.0577016666666667,0.04711,0.0370916666666667,0.0326016666666667,0.0228633333333333,0.019875,0.0246783333333333,0.0144333333333333,0.014135,0.00821166666666667,0.00947666666666667,0.00682,0.00738333333333333,0.00440333333333333,0.004395,0.00596333333333333,0.00397333333333333,0.00191166666666667,0.00295166666666667,0.00166333333333333,0.000886666666666667,0.00163833333333333,0.00127666666666667,0.000533333333333333,0.00043,0.000803333333333333,0.000911666666666667,0,0,0.000323333333333333,0.000526666666666667,0,0,0.000421666666666667,0,0,0,0,0,0,0,0,0,0,0,0,0,1,0,0,0,0,0,0,1,1,1,1,1,1,1,1,1,1,1,1,1,1,1,1,1,1,1,1,1,1,1,1,1,1,1,1,1,1,1,1,1,1,1,1,1,1,1,1,1,1,1,1,1,1,1,1,1,1,1,1,1,1,1,1,1,1,1,1,1,1,1,1,1,1,1,1,1,1,1,1,0
2026-06-10,17.4021932833333,0,0,0,0,0,0,0.011995,0.505728333333333,2.35654833333333,3.33902666666667,2.42693666666667,1.81279833333333,1.50776333333333,1.33134166666667,1.22006666666667,0.603176666666667,0.284328333333333,0.177241666666667,0.136918333333333,0.141076666666667,0.13245,0.150436666666667,0.159906666666667,0.145021666666667,0.127183333333333,0.114353333333333,0.0914883333333333,0.0870833333333333,0.0805966666666667,0.084335,0.0687666666666667,0.06744,0.062325,0.0413433333333333,0.0432316666666667,0.03608,0.031735,0.02309,0.0184983333333333,0.0189766666666667,0.0101833333333333,0.0114266666666667,0.0111133333333333,0.005075,0.00490333333333333,0.00633,0.00592833333333333,0.00500333333333333,0.003895,0.00189666666666667,0.00386,0.00212,0.000863333333333333,0.00198166666666667,0.000555,0.0000516666666666667,0.00129,0.000858333333333333,0.00146,0.000251666666666667,0.000616666666666667,0.000236666666666667,0.000425,0,0,0,0,0,0,0,0,0.0000216666666666667,0.0000633333333333333,0.0000683333333333333,0.0000733333333333333,0.0000783333333333333,0.0000833333333333333,0.000025,0,1,0,0,0,0,0,0,1,1,1,1,1,1,1,1,1,1,1,1,1,1,1,1,1,1,1,1,1,1,1,1,1,1,1,1,1,1,1,1,1,1,1,1,1,1,1,1,1,1,1,1,1,1,1,1,1,1,1,1,1,1,1,1,1,1,1,1,1,1,1,1,1,1,1,1,1,1,1,1,0
2026-06-10 01:00:00,18.9059693,0,0,0,0,0,0,0.01121,0.529325,2.46839166666667,3.547995,2.587975,1.93877333333333,1.636575,1.40011,1.28105166666667,0.670511666666667,0.301785,0.214963333333333,0.158031666666667,0.136735,0.161573333333333,0.184951666666667,0.20207,0.181491666666667,0.139326666666667,0.112676666666667,0.11528,0.129863333333333,0.10313,0.104635,0.0858583333333333,0.0777983333333333,0.0699566666666667,0.0603916666666667,0.045805,0.0318,0.0323816666666667,0.0291766666666667,0.0233733333333333,0.0191666666666667,0.0182766666666667,0.015575,0.0127966666666667,0.0106133333333333,0.00593166666666667,0.00502666666666667,0.00607666666666667,0.00629,0.00382,0.00405166666666667,0.00301666666666667,0.00417,0.00293,0.000571666666666667,0.00124166666666667,0.00177166666666667,0,0.000856666666666667,0.00103166666666667,0.000251666666666667,0.00104333333333333,0.00056,0.000526666666666667,0,0,0,0,0.000418333333333333,0,0,0,0,0,0,0,0,0,0,0,1,0,0,0,0,0,0,1,1,1,1,1,1,1,1,1,1,1,1,1,1,1,1,1,1,1,1,1,1,1,1,1,1,1,1,1,1,1,1,1,1,1,1,1,1,1,1,1,1,1,1,1,1,1,1,1,1,1,1,1,1,1,1,1,1,1,1,1,1,1,1,1,1,1,1,1,1,1,1,0
2026-06-10 02:00:00,20.65410925,0,0,0,0,0,0,0.01025,0.584668333333333,2.710755,3.82124666666667,2.84195166666667,2.07668333333333,1.76631333333333,1.50213666666667,1.38944166666667,0.734143333333333,0.313266666666667,0.209918333333333,0.155785,0.162038333333333,0.17507,0.202061666666667,0.214705,0.194095,0.163546666666667,0.147031666666667,0.144788333333333,0.143528333333333,0.126636666666667,0.114613333333333,0.101601666666667,0.091345,0.0866216666666667,0.070055,0.058355,0.0536,0.0417733333333333,0.040075,0.0286083333333333,0.0186666666666667,0.0156666666666667,0.0142783333333333,0.0115933333333333,0.0117316666666667,0.009525,0.00657166666666667,0.00607833333333333,0.00425666666666667,0.00628833333333333,0.00466,0.00598666666666667,0.00416666666666667,0.00288166666666667,0.00271166666666667,0.001655,0.00147333333333333,0.00100333333333333,0.000258333333333333,0.000856666666666667,0.000426666666666667,0,0,0.000386666666666667,0.0000383333333333333,0.000421666666666667,0.000421666666666667,0,0,0.000416666666666667,0,0,0,0,0,0,0,0,0,0,1,0,0,0,0,0,0,1,1,1,1,1,1,1,1,1,1,1,1,1,1,1,1,1,1,1,1,1,1,1,1,1,1,1,1,1,1,1,1,1,1,1,1,1,1,1,1,1,1,1,1,1,1,1,1,1,1,1,1,1,1,1,1,1,1,1,1,1,1,1,1,1,1,1,1,1,1,1,1,0
2026-06-10 03:00:00,20.6231962833333,0,0,0,0,0,0,0.0112383333333333,0.550428333333333,2.69397,3.81448666666667,2.76341166666667,2.06132,1.680655,1.55201833333333,1.40826,0.683666666666667,0.33748,0.21276,0.178713333333333,0.163406666666667,0.179603333333333,0.221996666666667,0.211181666666667,0.199151666666667,0.158676666666667,0.155826666666667,0.135461666666667,0.129525,0.109823333333333,0.103711666666667,0.101618333333333,0.09259,0.0694316666666667,0.061505,0.05691,0.053365,0.0483883333333333,0.0354083333333333,0.0229566666666667,0.0210766666666667,0.0181766666666667,0.015165,0.0130283333333333,0.01124,0.00799833333333333,0.008615,0.00564166666666667,0.00429666666666667,0.006135,0.00463333333333333,0.00423166666666667,0.00294,0.00168,0.00127666666666667,0.00219333333333333,0.00008,0.00220666666666667,0.000775,0.000856666666666667,0.000426666666666667,0.000853333333333333,0.00085,0,0,0,0,0,0,0,0,0,0,0,0,0,0,0,0,0,1,0,0,0,0,0,0,1,1,1,1,1,1,1,1,1,1,1,1,1,1,1,1,1,1,1,1,1,1,1,1,1,1,1,1,1,1,1,1,1,1,1,1,1,1,1,1,1,1,1,1,1,1,1,1,1,1,1,1,1,1,1,1,1,1,1,1,1,1,1,1,1,1,1,1,1,1,1,1,0
2026-06-10 04:00:00,20.1995970666667,0,0,0,0,0,0,0.009705,0.572025,2.71498,3.86510666666667,2.87227833333333,2.03655166666667,1.70513333333333,1.458325,1.36171666666667,0.694295,0.298065,0.206686666666667,0.148665,0.156013333333333,0.176066666666667,0.183158333333333,0.195778333333333,0.165813333333333,0.164168333333333,0.125458333333333,0.116906666666667,0.102958333333333,0.102356666666667,0.09003,0.078235,0.07195,0.064065,0.05468,0.0538416666666667,0.040255,0.02896,0.02869,0.0224583333333333,0.0216966666666667,0.0150033333333333,0.0103616666666667,0.01047,0.00765833333333333,0.007975,0.00556833333333333,0.00628333333333333,0.00409333333333333,0.003235,0.00312833333333333,0.00221166666666667,0.00376,0.00263833333333333,0.000775,0.001815,0.00174833333333333,0.000916666666666667,0.00195166666666667,0.000713333333333333,0.000251666666666667,0.000426666666666667,0.00085,0.000425,0.000423333333333333,0,0,0,0.000418333333333333,0,0.000173333333333333,0.00024,0,0,0,0,0,0,0,0,1,0,0,0,0,0,0,1,1,1,1,1,1,1,1,1,1,1,1,1,1,1,1,1,1,1,1,1,1,1,1,1,1,1,1,1,1,1,1,1,1,1,1,1,1,1,1,1,1,1,1,1,1,1,1,1,1,1,1,1,1,1,1,1,1,1,1,1,1,1,1,1,1,1,1,1,1,1,1,0
2026-06-10 05:00:00,20.01252975,0,0,0,0,0,0,0.0111933333333333,0.582376666666667,2.66801,3.87138166666667,2.78422,1.98900666666667,1.70984,1.51475,1.34258333333333,0.680746666666667,0.287998333333333,0.192093333333333,0.149968333333333,0.143725,0.138691666666667,0.184155,0.19659,0.166716666666667,0.14044,0.111918333333333,0.115031666666667,0.11368,0.090115,0.0919916666666667,0.0783116666666667,0.07035,0.0704866666666667,0.060375,0.0457166666666667,0.0368133333333333,0.0348,0.034195,0.01742,0.016565,0.017085,0.0105916666666667,0.0119566666666667,0.00697666666666667,0.00841666666666667,0.00591,0.00389166666666667,0.00311833333333333,0.00652166666666667,0.00451166666666667,0.00210666666666667,0.00544666666666667,0.00127166666666667,0.00125833333333333,0.002175,0.00150333333333333,0.002695,0.00154666666666667,0.00103166666666667,0.001105,0.00128,0.000323333333333333,0.000101666666666667,0,0,0,0,0.000398333333333333,0.0000183333333333333,0,0,0.0000216666666666667,0.0000633333333333333,0.0000683333333333333,0.0000733333333333333,0.0000783333333333333,0.0000833333333333333,0.000025,0,1,0,0,0,0,0,0,1,1,1,1,1,1,1,1,1,1,1,1,1,1,1,1,1,1,1,1,1,1,1,1,1,1,1,1,1,1,1,1,1,1,1,1,1,1,1,1,1,1,1,1,1,1,1,1,1,1,1,1,1,1,1,1,1,1,1,1,1,1,1,1,1,1,1,1,1,1,1,1,0
2026-06-10 06:00:00,24.2245602166667,0,0,0,0,0,0,0.0178716666666667,0.840876666666667,3.57410333333333,4.90534833333333,3.49605,2.56854666666667,2.05394333333333,1.905865,1.391805,0.587613333333333,0.351293333333333,0.21955,0.175258333333333,0.164326666666667,0.182251666666667,0.204648333333333,0.211148333333333,0.19102,0.164145,0.138821666666667,0.145783333333333,0.124408333333333,0.117985,0.116225,0.10108,0.08092,0.087535,0.0687833333333333,0.057035,0.0559483333333333,0.0398483333333333,0.0375633333333333,0.0267433333333333,0.02031,0.0170916666666667,0.0131516666666667,0.0126516666666667,0.00887833333333333,0.009185,0.00758833333333333,0.00787833333333333,0.00866333333333333,0.0058,0.00422666666666667,0.005055,0.00253,0.00422333333333333,0.00212166666666667,0.00147166666666667,0.00301,0.00189166666666667,0.000258333333333333,0.000428333333333333,0.000428333333333333,0.000426666666666667,0,0,0.00123166666666667,0.000461666666666667,0.00112666666666667,0.000138333333333333,0,0,0,0,0.000866666666666667,0.000126666666666667,0.000136666666666667,0.000146666666666667,0.000156666666666667,0.000166666666666667,0.00005,0,1,0,0,0,0,0,0,1,1,1,1,1,1,1,1,1,1,1,1,1,1,1,1,1,1,1,1,1,1,1,1,1,1,1,1,1,1,1,1,1,1,1,1,1,1,1,1,1,1,1,1,1,1,1,1,1,1,1,1,1,1,1,1,1,1,1,1,1,1,1,1,1,1,1,1,1,1,1,1,0
2026-06-10 07:00:00,28.7670515166667,0,0,0,0,0,0,0.0182716666666667,0.980135,4.301955,5.84174833333333,4.14315,2.90451666666667,2.37204166666667,2.14298166666667,1.51936166666667,0.69834,0.416573333333333,0.257436666666667,0.195338333333333,0.20527,0.214555,0.238031666666667,0.263026666666667,0.221263333333333,0.202681666666667,0.167156666666667,0.165021666666667,0.154163333333333,0.140938333333333,0.146515,0.123716666666667,0.120436666666667,0.102015,0.0853333333333333,0.079625,0.0667283333333333,0.0509033333333333,0.0461583333333333,0.0383366666666667,0.0243616666666667,0.025285,0.0180933333333333,0.0186133333333333,0.010735,0.009605,0.009215,0.0110016666666667,0.00775833333333333,0.00860833333333333,0.00341666666666667,0.00542666666666667,0.00501166666666667,0.00345333333333333,0.003505,0.004245,0.00150166666666667,0.000803333333333333,0.00166,0.00194333333333333,0.001105,0.000426666666666667,0.00159833333333333,0.00133833333333333,0.00127,0.0000383333333333333,0.000283333333333333,0.000978333333333333,0,0,0,0,0.000455,0.000126666666666667,0.000136666666666667,0.000146666666666667,0.000156666666666667,0.000166666666666667,0.00005,0,1,0,0,0,0,0,0,1,1,1,1,1,1,1,1,1,1,1,1,1,1,1,1,1,1,1,1,1,1,1,1,1,1,1,1,1,1,1,1,1,1,1,1,1,1,1,1,1,1,1,1,1,1,1,1,1,1,1,1,1,1,1,1,1,1,1,1,1,1,1,1,1,1,1,1,1,1,1,1,0
2026-06-10 08:00:00,33.1567107833333,0,0,0,0,0,0,0.0201616666666667,1.14328833333333,5.06999666666667,6.86667833333333,4.62376,3.33717333333333,2.78397833333333,2.43197166666667,1.68153666666667,0.6514,0.39015,0.263673333333333,0.230086666666667,0.213686666666667,0.231235,0.256505,0.274316666666667,0.243461666666667,0.207258333333333,0.178546666666667,0.163333333333333,0.153213333333333,0.144386666666667,0.151383333333333,0.137073333333333,0.123905,0.107223333333333,0.102491666666667,0.0912966666666667,0.0660966666666667,0.06133,0.05483,0.030165,0.022705,0.0299783333333333,0.0214266666666667,0.0199816666666667,0.0184816666666667,0.00799666666666667,0.00812666666666667,0.009755,0.00571,0.0101133333333333,0.00668166666666667,0.006645,0.00373666666666667,0.00410666666666667,0.00321333333333333,0.00376,0.00321833333333333,0.00129,0.00128833333333333,0.00146,0.000251666666666667,0.00038,0.00122166666666667,0.000913333333333333,0.000885,0,0,0,0,0.000833333333333333,0,0.000413333333333333,0,0,0,0,0,0,0,0,1,0,0,0,0,0,0,1,1,1,1,1,1,1,1,1,1,1,1,1,1,1,1,1,1,1,1,1,1,1,1,1,1,1,1,1,1,1,1,1,1,1,1,1,1,1,1,1,1,1,1,1,1,1,1,1,1,1,1,1,1,1,1,1,1,1,1,1,1,1,1,1,1,1,1,1,1,1,1,0
2026-06-10 09:00:00,31.83978035,0,0,0,0,0,0,0.0177266666666667,1.15409,5.11070166666667,6.82488833333333,4.66842,3.35389,2.7022,2.35915,1.26889666666667,0.543775,0.35506,0.237743333333333,0.208708333333333,0.203081666666667,0.211731666666667,0.22397,0.215071666666667,0.209928333333333,0.177743333333333,0.154243333333333,0.14761,0.162441666666667,0.125383333333333,0.128051666666667,0.112561666666667,0.110776666666667,0.09118,0.0851883333333333,0.0805466666666667,0.06856,0.0534966666666667,0.0468266666666667,0.04014,0.0330516666666667,0.023,0.0222833333333333,0.0165066666666667,0.0175483333333333,0.00762333333333333,0.00928833333333333,0.00974666666666667,0.00982166666666667,0.00675,0.00618833333333333,0.0018,0.00417,0.00336,0.00186666666666667,0.00081,0.00314666666666667,0.00266666666666667,0.000258333333333333,0.00103166666666667,0.000678333333333333,0.000426666666666667,0.000425,0,0.000385,0.000885,0.00154833333333333,0.000138333333333333,0,0,0,0,0.000476666666666667,0.00019,0.000205,0.00022,0.000235,0.00025,0.000075,0,1,0,0,0,0,0,0,1,1,1,1,1,1,1,1,1,1,1,1,1,1,1,1,1,1,1,1,1,1,1,1,1,1,1,1,1,1,1,1,1,1,1,1,1,1,1,1,1,1,1,1,1,1,1,1,1,1,1,1,1,1,1,1,1,1,1,1,1,1,1,1,1,1,1,1,1,1,1,1,0
2026-06-10 10:00:00,32.5203764642857,0,0,0,0,0,0,0.0188553571428571,1.2653625,5.41895535714286,7.23026607142857,4.82356785714286,3.46868928571429,2.76117857142857,2.29794107142857,1.2654,0.555296428571429,0.343133928571429,0.225135714285714,0.207153571428571,0.204446428571429,0.207046428571429,0.226769642857143,0.231226785714286,0.215410714285714,0.168841071428571,0.1546875,0.161185714285714,0.131973214285714,0.114778571428571,0.125676785714286,0.103503571428571,0.108132142857143,0.0957160714285714,0.0918339285714286,0.0724375,0.0685464285714286,0.0533214285714286,0.0406178571428571,0.0434821428571429,0.0281535714285714,0.0270928571428571,0.0269142857142857,0.0157803571428571,0.0149732142857143,0.00853392857142857,0.0115017857142857,0.00843035714285714,0.00646964285714286,0.00706964285714286,0.00809642857142857,0.00555178571428571,0.00539642857142857,0.002875,0.00268035714285714,0.00362142857142857,0.00154821428571429,0.00156607142857143,0.00165535714285714,0.000833928571428572,0.000539285714285714,0.000914285714285714,0,0.000910714285714286,0.000866071428571429,0.0000410714285714286,0.000755357142857143,0.000766071428571429,0.000730357142857143,0.000446428571428571,0,0,0.000533928571428571,0.000271428571428571,0.000292857142857143,0.000314285714285714,0.000335714285714286,0.000357142857142857,0.000107142857142857,0,1,0,0,0,0,0,0,1,1,1,1,1,1,1,1,1,1,1,1,1,1,1,1,1,1,1,1,1,1,1,1,1,1,1,1,1,1,1,1,1,1,1,1,1,1,1,1,1,1,1,1,1,1,1,1,1,1,1,1,1,1,1,1,1,1,1,1,1,1,1,1,1,1,1,1,1,1,1,1,0
2026-06-10 11:00:00,23.5484621166667,0,0,0,0,0,0,0.020175,0.915285,4.04622333333333,5.22977333333333,3.49836833333333,2.42509333333333,1.969235,1.66106833333333,0.972013333333333,0.452851666666667,0.300245,0.191608333333333,0.165906666666667,0.155785,0.14028,0.163108333333333,0.160411666666667,0.146021666666667,0.122375,0.11095,0.100716666666667,0.114756666666667,0.09177,0.0993266666666667,0.0748983333333333,0.0750433333333333,0.0649383333333333,0.065655,0.052975,0.0511783333333333,0.0343566666666667,0.0280666666666667,0.029325,0.0225766666666667,0.0214583333333333,0.0150466666666667,0.0126366666666667,0.009865,0.00937,0.005265,0.00809666666666667,0.0085,0.00613333333333333,0.00723333333333333,0.00774166666666667,0.00369,0.00254333333333333,0.00273,0.00167333333333333,0.00180166666666667,0.00100333333333333,0.00106166666666667,0.00194333333333333,0.000678333333333333,0.000426666666666667,0,0,0.00161666666666667,0.000498333333333333,0.000421666666666667,0.00042,0.00165333333333333,0.0000183333333333333,0,0.000413333333333333,0.0000866666666666667,0.000253333333333333,0.000273333333333333,0.000293333333333333,0.000313333333333333,0.000333333333333333,0.0001,0,1,0,0,0,0,0,0,1,1,1,1,1,1,1,1,1,1,1,1,1,1,1,1,1,1,1,1,1,1,1,1,1,1,1,1,1,1,1,1,1,1,1,1,1,1,1,1,1,1,1,1,1,1,1,1,1,1,1,1,1,1,1,1,1,1,1,1,1,1,1,1,1,1,1,1,1,1,1,1,0
2026-06-10 12:00:00,24.3544858833333,0,0,0,0,0,0,0.016555,0.994165,4.15736,5.21074166666667,3.580485,2.40512833333333,1.914455,1.636245,1.10985,0.593111666666667,0.307946666666667,0.195451666666667,0.165658333333333,0.154153333333333,0.170341666666667,0.17485,0.167761666666667,0.149778333333333,0.132488333333333,0.105236666666667,0.110896666666667,0.0884966666666667,0.0870916666666667,0.087875,0.0732583333333333,0.0844383333333333,0.0608166666666667,0.0531216666666667,0.0512966666666667,0.0385416666666667,0.0383716666666667,0.033665,0.02307,0.0172066666666667,0.0195933333333333,0.013425,0.01077,0.008965,0.00749833333333333,0.01152,0.00810666666666667,0.00397166666666667,0.00382166666666667,0.00409333333333333,0.00678833333333333,0.00293833333333333,0.00129333333333333,0.00162,0.00185,0.00008,0.000831666666666667,0.00198,0.00188,0.000426666666666667,0.000853333333333333,0,0.000425,0,0.000421666666666667,0.000421666666666667,0,0,0,0,0,0.000888333333333333,0.00019,0.000205,0.00022,0.000235,0.00025,0.000075,0,1,0,0,0,0,0,0,1,1,1,1,1,1,1,1,1,1,1,1,1,1,1,1,1,1,1,1,1,1,1,1,1,1,1,1,1,1,1,1,1,1,1,1,1,1,1,1,1,1,1,1,1,1,1,1,1,1,1,1,1,1,1,1,1,1,1,1,1,1,1,1,1,1,1,1,1,1,1,1,0
2026-06-10 13:00:00,15.7402222833333,0,0,0,0,0,0,0.008705,0.596906666666667,2.58385,3.32188666666667,2.21213833333333,1.51155333333333,1.190905,1.04157666666667,0.800138333333333,0.45195,0.278295,0.170286666666667,0.129563333333333,0.103018333333333,0.104723333333333,0.120785,0.124458333333333,0.113756666666667,0.08316,0.070715,0.07233,0.0692133333333333,0.064125,0.05876,0.05373,0.04538,0.0446583333333333,0.0394466666666667,0.0361016666666667,0.02324,0.0255683333333333,0.0219616666666667,0.0160183333333333,0.02151,0.018715,0.0105566666666667,0.00975,0.00638333333333333,0.006675,0.007355,0.0052,0.00514333333333333,0.006415,0.00521833333333333,0.00490833333333333,0.00253,0.000863333333333333,0.00334666666666667,0.00362833333333333,0.00086,0.00043,0.00117666666666667,0.00182333333333333,0.000426666666666667,0.000426666666666667,0.00085,0.000386666666666667,0.0000383333333333333,0,0.000421666666666667,0.000288333333333333,0.000131666666666667,0,0,0,0.000455,0.000126666666666667,0.000136666666666667,0.000146666666666667,0.000156666666666667,0.000166666666666667,0.00005,0,1,0,0,0,0,0,0,1,1,1,1,1,1,1,1,1,1,1,1,1,1,1,1,1,1,1,1,1,1,1,1,1,1,1,1,1,1,1,1,1,1,1,1,1,1,1,1,1,1,1,1,1,1,1,1,1,1,1,1,1,1,1,1,1,1,1,1,1,1,1,1,1,1,1,1,1,1,1,1,0
2026-06-10 14:00:00,12.9434148666667,0,0,0,0,0,0,0.00961333333333333,0.523196666666667,2.2052,2.74032666666667,1.82160166666667,1.19514833333333,0.934923333333333,0.807103333333333,0.714275,0.428861666666667,0.22308,0.133916666666667,0.0937016666666667,0.07809,0.087265,0.0932616666666667,0.0947133333333333,0.09356,0.0737866666666667,0.0649016666666667,0.0591816666666667,0.0523066666666667,0.046845,0.0403633333333333,0.0431016666666667,0.0442,0.0328166666666667,0.0336866666666667,0.0306716666666667,0.0241333333333333,0.02074,0.0149166666666667,0.0123516666666667,0.0118533333333333,0.0115,0.00800833333333333,0.00875666666666667,0.00492166666666667,0.00352166666666667,0.00643833333333333,0.00376333333333333,0.00146833333333333,0.00479,0.00330666666666667,0.003365,0.00205,0.00329,0.00228,0.00138333333333333,0.000888333333333333,0.000831666666666667,0.00043,0.000428333333333333,0.000426666666666667,0.000616666666666667,0.000661666666666667,0,0,0,0,0,0,0.000416666666666667,0,0,0.0000216666666666667,0.0000633333333333333,0.0000683333333333333,0.0000733333333333333,0.0000783333333333333,0.0000833333333333333,0.000025,0,1,0,0,0,0,0,0,1,1,1,1,1,1,1,1,1,1,1,1,1,1,1,1,1,1,1,1,1,1,1,1,1,1,1,1,1,1,1,1,1,1,1,1,1,1,1,1,1,1,1,1,1,1,1,1,1,1,1,1,1,1,1,1,1,1,1,1,1,1,1,1,1,1,1,1,1,1,1,1,0
2026-06-10 15:00:00,26.4123509166667,0,0,0,0,0,0,0.01799,0.905663333333333,4.07631,5.31972833333333,3.64925833333333,2.560325,2.112715,1.82328666666667,1.617665,1.00365833333333,0.551253333333333,0.320045,0.23132,0.197303333333333,0.188298333333333,0.198571666666667,0.187603333333333,0.163086666666667,0.124445,0.100071666666667,0.0821366666666667,0.0989766666666667,0.0819133333333333,0.0755316666666667,0.06519,0.0562016666666667,0.0396883333333333,0.048175,0.0359833333333333,0.03131,0.0297033333333333,0.01891,0.0162633333333333,0.0126866666666667,0.0136716666666667,0.00975833333333333,0.00986333333333333,0.00579166666666667,0.00727166666666667,0.00573166666666667,0.00405,0.003535,0.00371666666666667,0.00415833333333333,0.00340666666666667,0.00503666666666667,0.003045,0.00127666666666667,0.000898333333333333,0.00317666666666667,0.00160666666666667,0.000856666666666667,0.000428333333333333,0.000426666666666667,0,0.000425,0.000425,0,0,0,0.00084,0,0.000416666666666667,0,0.00016,0.000253333333333333,0,0,0,0,0,0,0,1,0,0,0,0,0,0,1,1,1,1,1,1,1,1,1,1,1,1,1,1,1,1,1,1,1,1,1,1,1,1,1,1,1,1,1,1,1,1,1,1,1,1,1,1,1,1,1,1,1,1,1,1,1,1,1,1,1,1,1,1,1,1,1,1,1,1,1,1,1,1,1,1,1,1,1,1,1,1,0
2026-06-10 16:00:00,25.8201711666667,0,0,0,0,0,0,0.01585,0.99106,4.23964166666667,5.46659833333333,3.69263333333333,2.55705166666667,2.03681166666667,1.81949833333333,1.54288666666667,0.877805,0.501048333333333,0.265368333333333,0.200983333333333,0.167698333333333,0.144651666666667,0.158611666666667,0.161141666666667,0.118673333333333,0.104361666666667,0.07685,0.069505,0.07925,0.065185,0.056,0.0553116666666667,0.04163,0.0469,0.0341383333333333,0.02455,0.02838,0.0209,0.0157316666666667,0.0147266666666667,0.0115833333333333,0.00657333333333333,0.00559333333333333,0.006865,0.00578666666666667,0.004795,0.003465,0.00296166666666667,0.004985,0.005475,0.00499833333333333,0.00249666666666667,0.00246,0.00263666666666667,0.00196333333333333,0.001885,0.00139333333333333,0.000773333333333333,0.000516666666666667,0.00103166666666667,0.000678333333333333,0.000616666666666667,0.00108666666666667,0.001275,0.000846666666666667,0.000845,0,0,0,0,0,0,0.00013,0.00038,0.00041,0.00044,0.00047,0.0005,0.00015,0,1,0,0,0,0,0,0,1,1,1,1,1,1,1,1,1,1,1,1,1,1,1,1,1,1,1,1,1,1,1,1,1,1,1,1,1,1,1,1,1,1,1,1,1,1,1,1,1,1,1,1,1,1,1,1,1,1,1,1,1,1,1,1,1,1,1,1,1,1,1,1,1,1,1,1,1,1,1,1,0
2026-06-10 17:00:00,26.9085413,0,0,0,0,0,0,0.0198516666666667,1.09048666666667,4.54166833333333,5.69543,3.85541333333333,2.70433833333333,2.18382333333333,1.906065,1.63101333333333,0.949106666666667,0.570418333333333,0.318841666666667,0.224183333333333,0.172196666666667,0.152196666666667,0.158746666666667,0.161008333333333,0.124128333333333,0.101336666666667,0.07805,0.064465,0.0766133333333333,0.0667766666666667,0.0614916666666667,0.0413233333333333,0.0470016666666667,0.0389083333333333,0.0303783333333333,0.032265,0.025195,0.0203916666666667,0.0177283333333333,0.01027,0.00979333333333333,0.00910166666666667,0.00666166666666667,0.00642833333333333,0.00401666666666667,0.00460833333333333,0.00317666666666667,0.00477666666666667,0.00380666666666667,0.0041,0.00321166666666667,0.00336333333333333,0.00337333333333333,0.00259,0.000933333333333333,0.000863333333333333,0.00131833333333333,0.00169166666666667,0.000428333333333333,0.00120666666666667,0.00178666666666667,0.00170666666666667,0.00085,0.000425,0.000423333333333333,0.000768333333333333,0.000358333333333333,0.000138333333333333,0,0,0,0,0,0,0,0,0,0,0,0,1,0,0,0,0,0,0,1,1,1,1,1,1,1,1,1,1,1,1,1,1,1,1,1,1,1,1,1,1,1,1,1,1,1,1,1,1,1,1,1,1,1,1,1,1,1,1,1,1,1,1,1,1,1,1,1,1,1,1,1,1,1,1,1,1,1,1,1,1,1,1,1,1,1,1,1,1,1,1,0
2026-06-10 18:00:00,37.1221270166667,0,0,0,0,0,0,0.036485,1.60806166666667,6.28495833333333,7.79031,5.32066666666667,3.60854166666667,2.81651,2.47376666666667,2.10312333333333,1.33583166666667,0.732591666666667,0.411511666666667,0.26689,0.20986,0.20814,0.203361666666667,0.188675,0.147583333333333,0.123168333333333,0.09433,0.087795,0.0813466666666667,0.0748833333333333,0.0684633333333333,0.05587,0.0612316666666667,0.0538733333333333,0.0415783333333333,0.040935,0.031205,0.0220683333333333,0.0201916666666667,0.0139383333333333,0.0158566666666667,0.0111866666666667,0.0112283333333333,0.00786166666666667,0.00647666666666667,0.00975166666666667,0.00605166666666667,0.00462166666666667,0.00585166666666667,0.00333333333333333,0.004105,0.00477333333333333,0.004605,0.00369833333333333,0.00141666666666667,0.00257166666666667,0.00101833333333333,0.001665,0.00241,0.00205333333333333,0.00153333333333333,0.000616666666666667,0.00108833333333333,0,0.000385,0.000385,0.00078,0.000558333333333333,0.000418333333333333,0,0,0,0,0,0,0,0,0,0,0,1,0,0,0,0,0,0,1,1,1,1,1,1,1,1,1,1,1,1,1,1,1,1,1,1,1,1,1,1,1,1,1,1,1,1,1,1,1,1,1,1,1,1,1,1,1,1,1,1,1,1,1,1,1,1,1,1,1,1,1,1,1,1,1,1,1,1,1,1,1,1,1,1,1,1,1,1,1,1,0
2026-06-10 19:00:00,28.2917645166667,0,0,0,0,0,0,0.0267733333333333,1.47222333333333,5.37671666666667,6.3461,4.04776333333333,2.68979666666667,1.944395,1.60785666666667,1.34457833333333,0.828178333333333,0.460488333333333,0.272195,0.186675,0.155403333333333,0.150628333333333,0.146656666666667,0.155043333333333,0.126843333333333,0.101818333333333,0.080585,0.08862,0.0746266666666667,0.0615616666666667,0.065105,0.0609283333333333,0.0511316666666667,0.0543883333333333,0.0433466666666667,0.0308166666666667,0.0268783333333333,0.0199433333333333,0.0169866666666667,0.012905,0.0122833333333333,0.0108583333333333,0.01171,0.01047,0.00756666666666667,0.00787166666666667,0.00913333333333333,0.00729166666666667,0.00610833333333333,0.00649333333333333,0.005025,0.00464166666666667,0.00549166666666667,0.00417666666666667,0.00346833333333333,0.00274833333333333,0.002685,0.00086,0.00123,0.00237166666666667,0.00110666666666667,0.000853333333333333,0.001275,0.000425,0,0.000423333333333333,0,0,0,0,0,0,0.0000216666666666667,0.0000633333333333333,0.0000683333333333333,0.0000733333333333333,0.0000783333333333333,0.0000833333333333333,0.000025,0,1,0,0,0,0,0,0,1,1,1,1,1,1,1,1,1,1,1,1,1,1,1,1,1,1,1,1,1,1,1,1,1,1,1,1,1,1,1,1,1,1,1,1,1,1,1,1,1,1,1,1,1,1,1,1,1,1,1,1,1,1,1,1,1,1,1,1,1,1,1,1,1,1,1,1,1,1,1,1,0
2026-06-10 20:00:00,21.2960024166667,0,0,0,0,0,0,0.019645,0.996505,3.91029833333333,4.67625833333333,2.898425,1.92881666666667,1.409805,1.16984666666667,1.026195,0.677323333333333,0.384103333333333,0.221718333333333,0.158211666666667,0.140195,0.138068333333333,0.14124,0.152771666666667,0.11188,0.104883333333333,0.0875233333333333,0.0798516666666667,0.07609,0.0672566666666667,0.067185,0.053805,0.0643466666666667,0.0468833333333333,0.0423583333333333,0.046135,0.0282633333333333,0.0302616666666667,0.0214566666666667,0.0174216666666667,0.0170733333333333,0.0118216666666667,0.0125183333333333,0.0104883333333333,0.009555,0.00877333333333333,0.0104383333333333,0.00700166666666667,0.00571,0.00295333333333333,0.00504333333333333,0.008005,0.00383,0.00322,0.003125,0.00357666666666667,0.00223166666666667,0.00272333333333333,0.00180666666666667,0.000165,0,0.00213333333333333,0.00085,0.000425,0,0,0.000283333333333333,0.000558333333333333,0.001215,0.00026,0.000366666666666667,0.00024,0,0,0,0,0,0,0,0,1,0,0,0,0,0,0,1,1,1,1,1,1,1,1,1,1,1,1,1,1,1,1,1,1,1,1,1,1,1,1,1,1,1,1,1,1,1,1,1,1,1,1,1,1,1,1,1,1,1,1,1,1,1,1,1,1,1,1,1,1,1,1,1,1,1,1,1,1,1,1,1,1,1,1,1,1,1,1,0
2026-06-10 21:00:00,26.93932865,0,0,0,0,0,0,0.0196883333333333,1.13664166666667,4.70819666666667,5.826125,3.91746,2.54179166666667,1.97616166666667,1.60454333333333,1.37999333333333,0.97431,0.549911666666667,0.322543333333333,0.231831666666667,0.170661666666667,0.153575,0.172695,0.163813333333333,0.127528333333333,0.112221666666667,0.0889483333333333,0.0719866666666667,0.0755266666666667,0.07252,0.067085,0.0526383333333333,0.0549266666666667,0.047855,0.0347466666666667,0.0326233333333333,0.0319783333333333,0.02166,0.0196683333333333,0.01801,0.01093,0.0129233333333333,0.0127766666666667,0.01208,0.01074,0.00763333333333333,0.00620666666666667,0.00716,0.0117266666666667,0.00432666666666667,0.00574333333333333,0.00303666666666667,0.00335,0.00536666666666667,0.00311333333333333,0.004385,0.00147833333333333,0.001635,0.00166166666666667,0.00134,0.000853333333333333,0.000426666666666667,0.000425,0.00085,0.000808333333333333,0.000883333333333333,0,0,0,0,0.000415,0,0.0000866666666666667,0.000253333333333333,0.000273333333333333,0.000293333333333333,0.000313333333333333,0.000333333333333333,0.0001,0,1,0,0,0,0,0,0,1,1,1,1,1,1,1,1,1,1,1,1,1,1,1,1,1,1,1,1,1,1,1,1,1,1,1,1,1,1,1,1,1,1,1,1,1,1,1,1,1,1,1,1,1,1,1,1,1,1,1,1,1,1,1,1,1,1,1,1,1,1,1,1,1,1,1,1,1,1,1,1,0
2026-06-10 22:00:00,24.6492002,0,0,0,0,0,0,0.0156483333333333,0.970631666666667,4.06136833333333,5.01243833333333,3.33692,2.29225333333333,1.75477666666667,1.57250333333333,1.41725666666667,1.09352,0.60781,0.368026666666667,0.268311666666667,0.181536666666667,0.203796666666667,0.18333,0.187161666666667,0.169326666666667,0.126358333333333,0.101708333333333,0.089005,0.07859,0.0717583333333333,0.0756766666666667,0.0637033333333333,0.0614966666666667,0.0405333333333333,0.0424766666666667,0.04046,0.0384083333333333,0.0272683333333333,0.0232283333333333,0.015235,0.0146766666666667,0.0126116666666667,0.0121066666666667,0.00960333333333333,0.010705,0.00949333333333333,0.007005,0.00693833333333333,0.00786666666666667,0.00486166666666667,0.006435,0.00507833333333333,0.00549166666666667,0.00299833333333333,0.003955,0.00324,0.00281666666666667,0.00341166666666667,0.000856666666666667,0.00171333333333333,0.000426666666666667,0.00128,0.000748333333333333,0.000526666666666667,0.000423333333333333,0.00196166666666667,0.000855,0.000138333333333333,0.000398333333333333,0.00126833333333333,0,0.000413333333333333,0.0000216666666666667,0.0000633333333333333,0.0000683333333333333,0.0000733333333333333,0.0000783333333333333,0.0000833333333333333,0.000025,0,1,0,0,0,0,0,0,1,1,1,1,1,1,1,1,1,1,1,1,1,1,1,1,1,1,1,1,1,1,1,1,1,1,1,1,1,1,1,1,1,1,1,1,1,1,1,1,1,1,1,1,1,1,1,1,1,1,1,1,1,1,1,1,1,1,1,1,1,1,1,1,1,1,1,1,1,1,1,1,0
2026-06-10 23:00:00,63.5698623,0,0,0,0,0,0,0.0359216666666667,1.93276833333333,8.19167666666667,11.40285,8.64472,6.69101666666667,5.57222666666667,4.89497333333333,4.53391833333333,3.64359666666667,2.05433166666667,1.08331666666667,0.734796666666667,0.526528333333333,0.464578333333333,0.464936666666667,0.426103333333333,0.365246666666667,0.303133333333333,0.228651666666667,0.190575,0.169016666666667,0.142603333333333,0.132268333333333,0.103506666666667,0.113745,0.0855366666666667,0.06461,0.0589333333333333,0.0527566666666667,0.04114,0.0347316666666667,0.025995,0.02095,0.0145583333333333,0.0146866666666667,0.0187383333333333,0.00993333333333333,0.00864833333333333,0.0102933333333333,0.010275,0.008085,0.00626166666666667,0.00723333333333333,0.00384166666666667,0.00499,0.00499333333333333,0.00458833333333333,0.00211333333333333,0.00352,0.001605,0.00254833333333333,0.00131666666666667,0.00263833333333333,0.000853333333333333,0,0,0.000385,0.000808333333333333,0.000075,0,0,0.000416666666666667,0,0,0.000411666666666667,0,0,0,0,0,0,0,1,0,0,0,0,0,0,1,1,1,1,1,1,1,1,1,1,1,1,1,1,1,1,1,1,1,1,1,1,1,1,1,1,1,1,1,1,1,1,1,1,1,1,1,1,1,1,1,1,1,1,1,1,1,1,1,1,1,1,1,1,1,1,1,1,1,1,1,1,1,1,1,1,1,1,1,1,1,1,0
2026-06-11,45.1780858833333,0,0,0,0,0,0,0.032805,1.463895,6.00239166666667,7.74825,5.55293333333333,4.06810333333333,3.57705333333333,3.27431666666667,3.31829666666667,2.878945,1.87046,0.902876666666667,0.514333333333333,0.427976666666667,0.417391666666667,0.43151,0.477485,0.382128333333333,0.315986666666667,0.240873333333333,0.206706666666667,0.213053333333333,0.1785,0.161886666666667,0.142583333333333,0.122306666666667,0.0959483333333333,0.07627,0.0633233333333333,0.057255,0.0497316666666667,0.0368516666666667,0.026265,0.01727,0.0174183333333333,0.0168383333333333,0.0141766666666667,0.00872,0.01035,0.008725,0.009605,0.00734,0.00526666666666667,0.00510833333333333,0.00369166666666667,0.00168666666666667,0.004515,0.003125,0.00265833333333333,0.00142333333333333,0.00186333333333333,0.000258333333333333,0.000856666666666667,0.00171,0.000426666666666667,0.001395,0.000691666666666667,0.0000383333333333333,0,0.000705,0.000138333333333333,0,0.000416666666666667,0,0,0.000411666666666667,0,0,0,0,0,0,0,1,0,0,0,0,0,0,1,1,1,1,1,1,1,1,1,1,1,1,1,1,1,1,1,1,1,1,1,1,1,1,1,1,1,1,1,1,1,1,1,1,1,1,1,1,1,1,1,1,1,1,1,1,1,1,1,1,1,1,1,1,1,1,1,1,1,1,1,1,1,1,1,1,1,1,1,1,1,1,0
2026-06-11 01:00:00,39.8867005,0,0,0,0,0,0,0.0247183333333333,1.31093833333333,5.49782333333333,7.13858666666667,5.03784833333333,3.59950333333333,2.91365166666667,2.67973,2.62876666666667,2.356735,1.49528166666667,0.731206666666667,0.441923333333333,0.34148,0.328246666666667,0.356255,0.380696666666667,0.328978333333333,0.297988333333333,0.245261666666667,0.204211666666667,0.181593333333333,0.158035,0.166726666666667,0.140683333333333,0.123656666666667,0.09889,0.0858233333333333,0.0675366666666667,0.05806,0.0433283333333333,0.0311383333333333,0.02613,0.0239616666666667,0.01588,0.0166516666666667,0.01108,0.0105516666666667,0.00713666666666667,0.00824833333333333,0.00708,0.00532833333333333,0.00371333333333333,0.00571333333333333,0.00392166666666667,0.00335,0.00333666666666667,0.00366333333333333,0.00172666666666667,0.00172,0.00086,0.00203666666666667,0.000713333333333333,0.001105,0.00146833333333333,0.00108666666666667,0.00116,0.000498333333333333,0.0000383333333333333,0,0.00042,0,0,0.000415,0,0.0000216666666666667,0.0000633333333333333,0.0000683333333333333,0.0000733333333333333,0.0000783333333333333,0.0000833333333333333,0.000025,0,1,0,0,0,0,0,0,1,1,1,1,1,1,1,1,1,1,1,1,1,1,1,1,1,1,1,1,1,1,1,1,1,1,1,1,1,1,1,1,1,1,1,1,1,1,1,1,1,1,1,1,1,1,1,1,1,1,1,1,1,1,1,1,1,1,1,1,1,1,1,1,1,1,1,1,1,1,1,1,0
2026-06-11 02:00:00,23.3914130166667,0,0,0,0,0,0,0.0156733333333333,0.882386666666667,3.61829833333333,4.63171833333333,3.076115,2.05242166666667,1.63689666666667,1.44490666666667,1.44443666666667,1.08365833333333,0.674356666666667,0.376906666666667,0.254855,0.210033333333333,0.188355,0.214366666666667,0.240788333333333,0.238881666666667,0.192221666666667,0.151588333333333,0.13933,0.137666666666667,0.122681666666667,0.124008333333333,0.0940316666666667,0.0939333333333333,0.084565,0.0670783333333333,0.0674983333333333,0.0414216666666667,0.0383083333333333,0.0340166666666667,0.0282533333333333,0.02129,0.0139083333333333,0.01471,0.014825,0.00778166666666667,0.007065,0.00716833333333333,0.00607333333333333,0.006995,0.00491333333333333,0.00638166666666667,0.003735,0.00289333333333333,0.00347833333333333,0.003435,0.00262333333333333,0.000911666666666667,0.00129,0.00117666666666667,0.000713333333333333,0.000251666666666667,0.000616666666666667,0.000236666666666667,0.000811666666666667,0.000423333333333333,0.000385,0.000496666666666667,0.00042,0.000398333333333333,0.0000183333333333333,0,0,0,0,0,0,0,0,0,0,1,0,0,0,0,0,0,1,1,1,1,1,1,1,1,1,1,1,1,1,1,1,1,1,1,1,1,1,1,1,1,1,1,1,1,1,1,1,1,1,1,1,1,1,1,1,1,1,1,1,1,1,1,1,1,1,1,1,1,1,1,1,1,1,1,1,1,1,1,1,1,1,1,1,1,1,1,1,1,0
2026-06-11 03:00:00,29.84126985,0,0,0,0,0,0,0.0240233333333333,1.33129666666667,5.3541,6.39826833333333,4.17346,2.71067166666667,1.95562666666667,1.679405,1.44578333333333,0.854788333333333,0.506165,0.284061666666667,0.220891666666667,0.199695,0.192036666666667,0.194555,0.232731666666667,0.19871,0.170651666666667,0.13489,0.132388333333333,0.124246666666667,0.110041666666667,0.121726666666667,0.0984666666666667,0.10224,0.0828183333333333,0.0768766666666667,0.06233,0.0596833333333333,0.0474216666666667,0.0380716666666667,0.028275,0.0164566666666667,0.0185,0.01802,0.010965,0.0100183333333333,0.00973666666666667,0.006455,0.00765166666666667,0.00643666666666667,0.00759,0.00686833333333333,0.00462333333333333,0.00544666666666667,0.00415333333333333,0.00269333333333333,0.00276666666666667,0.00177666666666667,0.000803333333333333,0.00246,0.000285,0.00238666666666667,0.000426666666666667,0.00117333333333333,0.000101666666666667,0,0.000346666666666667,0.000075,0.00042,0,0.000223333333333333,0.000193333333333333,0,0.0000216666666666667,0.0000633333333333333,0.0000683333333333333,0.0000733333333333333,0.0000783333333333333,0.0000833333333333333,0.000025,0,1,0,0,0,0,0,0,1,1,1,1,1,1,1,1,1,1,1,1,1,1,1,1,1,1,1,1,1,1,1,1,1,1,1,1,1,1,1,1,1,1,1,1,1,1,1,1,1,1,1,1,1,1,1,1,1,1,1,1,1,1,1,1,1,1,1,1,1,1,1,1,1,1,1,1,1,1,1,1,0
2026-06-11 04:00:00,39.1492193666667,0,0,0,0,0,0,0.0363166666666667,2.01389833333333,7.375765,8.614465,5.47979666666667,3.53694,2.60436,2.09216166666667,1.88412666666667,1.08377333333333,0.620436666666667,0.380923333333333,0.260558333333333,0.227946666666667,0.226416666666667,0.236575,0.275443333333333,0.228868333333333,0.205436666666667,0.156208333333333,0.1499,0.149395,0.132355,0.132623333333333,0.113686666666667,0.100193333333333,0.0912666666666667,0.0781366666666667,0.06489,0.0663016666666667,0.0521066666666667,0.0352583333333333,0.0293266666666667,0.0260983333333333,0.0168683333333333,0.0131783333333333,0.0129566666666667,0.0118583333333333,0.0125266666666667,0.00639333333333333,0.0123716666666667,0.00784833333333333,0.00654666666666667,0.006705,0.00644,0.006265,0.00506333333333333,0.00226166666666667,0.00476333333333333,0.003225,0.001405,0.001005,0.00182333333333333,0,0.00298666666666667,0.000748333333333333,0.00133833333333333,0.000846666666666667,0.000461666666666667,0.000421666666666667,0,0.000418333333333333,0,0,0,0.0000216666666666667,0.0000633333333333333,0.0000683333333333333,0.0000733333333333333,0.0000783333333333333,0.0000833333333333333,0.000025,0,1,0,0,0,0,0,0,1,1,1,1,1,1,1,1,1,1,1,1,1,1,1,1,1,1,1,1,1,1,1,1,1,1,1,1,1,1,1,1,1,1,1,1,1,1,1,1,1,1,1,1,1,1,1,1,1,1,1,1,1,1,1,1,1,1,1,1,1,1,1,1,1,1,1,1,1,1,1,1,0
2026-06-11 05:00:00,42.8340190666667,0,0,0,0,0,0,0.0384716666666667,1.84837666666667,7.69351,9.47284,6.19357666666667,4.10026833333333,3.055325,2.53743666666667,2.180955,1.30472,0.75885,0.51209,0.347555,0.293793333333333,0.254661666666667,0.283575,0.296566666666667,0.237366666666667,0.230555,0.168465,0.156396666666667,0.155421666666667,0.14997,0.146978333333333,0.122106666666667,0.113136666666667,0.0993233333333333,0.09545,0.067565,0.0641733333333333,0.0487433333333333,0.0404983333333333,0.0284366666666667,0.0277716666666667,0.0192733333333333,0.0185816666666667,0.0154033333333333,0.0106183333333333,0.0100716666666667,0.00522833333333333,0.00556833333333333,0.007175,0.00609,0.00577,0.00342666666666667,0.00378333333333333,0.0044,0.003785,0.00214,0.00274,0.00149,0.00269166666666667,0.000055,0.00170833333333333,0.000426666666666667,0,0.000425,0.000423333333333333,0.000346666666666667,0.000075,0,0,0,0,0,0.0000216666666666667,0.0000633333333333333,0.0000683333333333333,0.0000733333333333333,0.0000783333333333333,0.0000833333333333333,0.000025,0,1,0,0,0,0,0,0,1,1,1,1,1,1,1,1,1,1,1,1,1,1,1,1,1,1,1,1,1,1,1,1,1,1,1,1,1,1,1,1,1,1,1,1,1,1,1,1,1,1,1,1,1,1,1,1,1,1,1,1,1,1,1,1,1,1,1,1,1,1,1,1,1,1,1,1,1,1,1,1,0
2026-06-11 06:00:00,44.93924965,0,0,0,0,0,0,0.0349883333333333,1.59587,7.21321333333333,9.74711833333333,6.71038833333333,4.476665,3.34850333333333,2.73170833333333,2.37222833333333,1.45669666666667,0.784371666666667,0.542368333333333,0.379856666666667,0.320305,0.279568333333333,0.299506666666667,0.332548333333333,0.260966666666667,0.224176666666667,0.178643333333333,0.186423333333333,0.150693333333333,0.139453333333333,0.138286666666667,0.128588333333333,0.110615,0.11106,0.0840966666666667,0.0686066666666667,0.06475,0.0492516666666667,0.0414133333333333,0.0313533333333333,0.0178266666666667,0.01501,0.0144716666666667,0.01462,0.0103916666666667,0.00994833333333333,0.00602666666666667,0.00607333333333333,0.00487666666666667,0.006165,0.00625666666666667,0.00303833333333333,0.0054,0.00229833333333333,0.00172666666666667,0.001295,0.000543333333333333,0.00177833333333333,0.00111666666666667,0.00103166666666667,0.000251666666666667,0.000853333333333333,0,0.00085,0,0.000423333333333333,0.000421666666666667,0,0,0,0,0,0.0000216666666666667,0.0000633333333333333,0.0000683333333333333,0.0000733333333333333,0.0000783333333333333,0.0000833333333333333,0.000025,0,1,0,0,0,0,0,0,1,1,1,1,1,1,1,1,1,1,1,1,1,1,1,1,1,1,1,1,1,1,1,1,1,1,1,1,1,1,1,1,1,1,1,1,1,1,1,1,1,1,1,1,1,1,1,1,1,1,1,1,1,1,1,1,1,1,1,1,1,1,1,1,1,1,1,1,1,1,1,1,0
2026-06-11 07:00:00,55.7729205333333,0,0,0,0,0,0,0.0314866666666667,1.868585,8.68618,12.1504966666667,8.53645666666667,5.90854166666667,4.48362833333333,3.57879,2.90493166666667,1.78004333333333,0.969995,0.666431666666667,0.471838333333333,0.381198333333333,0.328305,0.327893333333333,0.355785,0.280478333333333,0.24465,0.202145,0.165106666666667,0.168933333333333,0.145696666666667,0.154008333333333,0.115448333333333,0.112303333333333,0.09008,0.080945,0.07671,0.05171,0.046685,0.0268783333333333,0.0174233333333333,0.0113233333333333,0.0110466666666667,0.01102,0.00959666666666667,0.007875,0.00620833333333333,0.00887,0.00353666666666667,0.00467666666666667,0.00274833333333333,0.004915,0.00214666666666667,0.00125333333333333,0.00211333333333333,0.00127666666666667,0.00219333333333333,0.000911666666666667,0.000343333333333333,0.00137333333333333,0.000428333333333333,0.000428333333333333,0.000853333333333333,0,0.00085,0.000423333333333333,0,0,0,0,0,0,0,0,0,0,0,0,0,0,0,1,0,0,0,0,0,0,1,1,1,1,1,1,1,1,1,1,1,1,1,1,1,1,1,1,1,1,1,1,1,1,1,1,1,1,1,1,1,1,1,1,1,1,1,1,1,1,1,1,1,1,1,1,1,1,1,1,1,1,1,1,1,1,1,1,1,1,1,1,1,1,1,1,1,1,1,1,1,1,0
2026-06-11 08:00:00,55.3954676166667,0,0,0,0,0,0,0.0392083333333333,2.13790166666667,8.99971,11.9660933333333,8.60969166666667,6.07663,4.56164166666667,3.69098,3.14419333333333,1.80910333333333,0.77711,0.49402,0.353418333333333,0.272996666666667,0.256785,0.265708333333333,0.239308333333333,0.20878,0.184485,0.166413333333333,0.139816666666667,0.11479,0.117896666666667,0.105393333333333,0.100971666666667,0.083255,0.0715433333333333,0.05334,0.0484533333333333,0.0340233333333333,0.0259483333333333,0.0204566666666667,0.0113583333333333,0.0136066666666667,0.00722666666666667,0.00628,0.00442833333333333,0.00494833333333333,0.00340333333333333,0.00468333333333333,0.00484166666666667,0.00337166666666667,0.0028,0.00100333333333333,0.00214833333333333,0.00164,0.00124833333333333,0.001365,0.001135,0.000615,0.000401666666666667,0.00165833333333333,0.000055,0.000426666666666667,0,0.000323333333333333,0.000526666666666667,0.000423333333333333,0,0,0,0,0.000416666666666667,0.000415,0,0.0000216666666666667,0.0000633333333333333,0.0000683333333333333,0.0000733333333333333,0.0000783333333333333,0.0000833333333333333,0.000025,0,1,0,0,0,0,0,0,1,1,1,1,1,1,1,1,1,1,1,1,1,1,1,1,1,1,1,1,1,1,1,1,1,1,1,1,1,1,1,1,1,1,1,1,1,1,1,1,1,1,1,1,1,1,1,1,1,1,1,1,1,1,1,1,1,1,1,1,1,1,1,1,1,1,1,1,1,1,1,1,0
2026-06-11 09:00:00,39.2722097166667,0,0,0,0,0,0,0.02735,1.62067666666667,6.20181,7.87896333333333,5.71785666666667,4.19990666666667,3.241475,2.811545,2.70768833333333,1.477585,0.51537,0.324693333333333,0.20026,0.165115,0.17006,0.172536666666667,0.197405,0.180366666666667,0.140853333333333,0.115566666666667,0.103003333333333,0.093215,0.0843866666666667,0.092395,0.0743133333333333,0.0645366666666667,0.0540433333333333,0.0497583333333333,0.04186,0.0263716666666667,0.0209216666666667,0.0127166666666667,0.012915,0.0114,0.010275,0.004575,0.00476833333333333,0.00475833333333333,0.00452166666666667,0.0025,0.00362333333333333,0.00351333333333333,0.00282666666666667,0.00262666666666667,0.000866666666666667,0.000843333333333333,0.0000233333333333333,0.000431666666666667,0.001945,0.00106666666666667,0.00043,0.000428333333333333,0,0.00128,0.000426666666666667,0.000425,0,0.00119333333333333,0.0000766666666666667,0,0,0,0,0,0,0,0,0,0,0,0,0,0,1,0,0,0,0,0,0,1,1,1,1,1,1,1,1,1,1,1,1,1,1,1,1,1,1,1,1,1,1,1,1,1,1,1,1,1,1,1,1,1,1,1,1,1,1,1,1,1,1,1,1,1,1,1,1,1,1,1,1,1,1,1,1,1,1,1,1,1,1,1,1,1,1,1,1,1,1,1,1,0
2026-06-11 10:00:00,24.3177539666667,0,0,0,0,0,0,0.01918,0.992953333333333,4.12610166666667,5.15246166666667,3.60819,2.53692166666667,1.89911166666667,1.702765,1.63042666666667,0.894608333333333,0.313563333333333,0.178745,0.095065,0.0944966666666667,0.0865533333333333,0.100621666666667,0.0936033333333333,0.0847683333333333,0.0634283333333333,0.0526466666666667,0.0549233333333333,0.0411066666666667,0.0340533333333333,0.04176,0.0376083333333333,0.027245,0.0259983333333333,0.0170816666666667,0.02272,0.0179133333333333,0.0100666666666667,0.004935,0.005465,0.00492,0.00197166666666667,0.00432666666666667,0.00371166666666667,0.001775,0.00163166666666667,0.00214333333333333,0.00129666666666667,0.00306333333333333,0.00056,0.00173333333333333,0.00132166666666667,0.00209666666666667,0.000478333333333333,0.00111833333333333,0.00141833333333333,0.00137,0.00143333333333333,0.000688333333333333,0.000428333333333333,0.000428333333333333,0.000853333333333333,0,0.000386666666666667,0.000885,0.000423333333333333,0,0,0,0,0,0,0,0,0,0,0,0,0,0,1,0,0,0,0,0,0,1,1,1,1,1,1,1,1,1,1,1,1,1,1,1,1,1,1,1,1,1,1,1,1,1,1,1,1,1,1,1,1,1,1,1,1,1,1,1,1,1,1,1,1,1,1,1,1,1,1,1,1,1,1,1,1,1,1,1,1,1,1,1,1,1,1,1,1,1,1,1,1,0
2026-06-11 11:00:00,41.3656010333333,0,0,0,0,0,0,0.0274833333333333,1.598175,6.63299666666667,9.02175166666667,6.26839666666667,4.45567333333333,3.46866666666667,2.84319166666667,2.675015,1.313595,0.431663333333333,0.24612,0.173736666666667,0.143843333333333,0.129245,0.146288333333333,0.149115,0.120511666666667,0.102118333333333,0.0813416666666667,0.07055,0.06849,0.0644,0.0561233333333333,0.05075,0.0550333333333333,0.0393166666666667,0.0400416666666667,0.0279483333333333,0.0206133333333333,0.01661,0.0122816666666667,0.00899833333333333,0.00483,0.00568666666666667,0.00216166666666667,0.005715,0.00410666666666667,0.00223,0.00292,0.00268,0.00161333333333333,0.00354166666666667,0.00312833333333333,0.00171333333333333,0.000843333333333333,0.000793333333333333,0.00162,0.000986666666666667,0.000481666666666667,0,0.000803333333333333,0.000658333333333333,0.000251666666666667,0.000616666666666667,0.000236666666666667,0.000425,0.000808333333333333,0.0000383333333333333,0.000843333333333333,0,0,0,0,0,0,0,0,0,0,0,0,0,1,0,0,0,0,0,0,1,1,1,1,1,1,1,1,1,1,1,1,1,1,1,1,1,1,1,1,1,1,1,1,1,1,1,1,1,1,1,1,1,1,1,1,1,1,1,1,1,1,1,1,1,1,1,1,1,1,1,1,1,1,1,1,1,1,1,1,1,1,1,1,1,1,1,1,1,1,1,1,0
2026-06-11 12:00:00,66.96778115,0,0,0,0,0,0,0.04389,2.49413333333333,10.4174716666667,14.769715,10.6931833333333,7.94103333333333,5.99761,4.960655,4.26867166666667,1.847325,0.619753333333333,0.3718,0.246938333333333,0.188025,0.166588333333333,0.160571666666667,0.174351666666667,0.127068333333333,0.121663333333333,0.08749,0.07235,0.0838283333333333,0.0623916666666667,0.066565,0.054765,0.0536583333333333,0.042805,0.0416816666666667,0.0336316666666667,0.0309966666666667,0.024235,0.02237,0.0175983333333333,0.00686666666666667,0.00930333333333333,0.00558666666666667,0.00515166666666667,0.00731166666666667,0.00346166666666667,0.00434166666666667,0.00708666666666667,0.00436666666666667,0.00525,0.002805,0.00290833333333333,0.002985,0.00487833333333333,0.00146833333333333,0.00147166666666667,0.00142833333333333,0.003215,0.00132,0.000483333333333333,0.000856666666666667,0.000616666666666667,0.000236666666666667,0,0,0,0,0,0.000816666666666667,0.0000183333333333333,0,0,0,0,0,0,0,0,0,0,1,0,0,0,0,0,0,1,1,1,1,1,1,1,1,1,1,1,1,1,1,1,1,1,1,1,1,1,1,1,1,1,1,1,1,1,1,1,1,1,1,1,1,1,1,1,1,1,1,1,1,1,1,1,1,1,1,1,1,1,1,1,1,1,1,1,1,1,1,1,1,1,1,1,1,1,1,1,1,0
2026-06-11 13:00:00,53.7434886166667,0,0,0,0,0,0,0.05243,2.67663166666667,10.1369816666667,12.655955,8.53494666666667,5.83124666666667,4.393595,3.46353,2.85430833333333,1.17703833333333,0.462241666666667,0.308586666666667,0.165306666666667,0.143201666666667,0.126246666666667,0.131358333333333,0.135083333333333,0.093775,0.0815183333333333,0.06552,0.05767,0.0652666666666667,0.0470383333333333,0.04808,0.035785,0.0425016666666667,0.0339383333333333,0.0192383333333333,0.02388,0.0171166666666667,0.0166116666666667,0.0128383333333333,0.0149383333333333,0.00826666666666667,0.00711833333333333,0.00606166666666667,0.00807166666666667,0.005195,0.00213,0.00555333333333333,0.00382833333333333,0.00308333333333333,0.00318333333333333,0.001965,0.00293,0.00166333333333333,0.00329,0.00210333333333333,0.00112833333333333,0.000458333333333333,0.00186333333333333,0.000258333333333333,0.000428333333333333,0,0.000853333333333333,0.000748333333333333,0.000101666666666667,0,0,0,0,0,0,0,0,0.0000216666666666667,0.0000633333333333333,0.0000683333333333333,0.0000733333333333333,0.0000783333333333333,0.0000833333333333333,0.000025,0,1,0,0,0,0,0,0,1,1,1,1,1,1,1,1,1,1,1,1,1,1,1,1,1,1,1,1,1,1,1,1,1,1,1,1,1,1,1,1,1,1,1,1,1,1,1,1,1,1,1,1,1,1,1,1,1,1,1,1,1,1,1,1,1,1,1,1,1,1,1,1,1,1,1,1,1,1,1,1,0
2026-06-11 14:00:00,44.3886932,0,0,0,0,0,0,0.0516183333333333,2.490005,8.86801,10.1904433333333,6.56414666666667,4.38943166666667,3.42818166666667,2.79826666666667,2.27923833333333,1.06287,0.451598333333333,0.27627,0.200051666666667,0.161793333333333,0.145343333333333,0.148158333333333,0.134013333333333,0.105141666666667,0.0966716666666667,0.0741516666666667,0.0639066666666667,0.0649633333333333,0.0617866666666667,0.0534783333333333,0.0497966666666667,0.04161,0.0408366666666667,0.0392933333333333,0.0356166666666667,0.0291066666666667,0.029255,0.0214066666666667,0.0233133333333333,0.0222983333333333,0.016195,0.0127366666666667,0.0166766666666667,0.0135366666666667,0.0121,0.00709,0.00970333333333333,0.009245,0.00842833333333333,0.005625,0.00807166666666667,0.00501333333333333,0.00603333333333333,0.00376666666666667,0.00255333333333333,0.00201166666666667,0.00369833333333333,0.00372666666666667,0.000648333333333333,0.00171166666666667,0.000616666666666667,0.000661666666666667,0.000425,0.001655,0.0000383333333333333,0.000421666666666667,0,0,0.000416666666666667,0,0,0.0000216666666666667,0.0000633333333333333,0.0000683333333333333,0.0000733333333333333,0.0000783333333333333,0.0000833333333333333,0.000025,0,1,0,0,0,0,0,0,1,1,1,1,1,1,1,1,1,1,1,1,1,1,1,1,1,1,1,1,1,1,1,1,1,1,1,1,1,1,1,1,1,1,1,1,1,1,1,1,1,1,1,1,1,1,1,1,1,1,1,1,1,1,1,1,1,1,1,1,1,1,1,1,1,1,1,1,1,1,1,1,0
2026-06-11 15:00:00,31.7345993833333,0,0,0,0,0,0,0.0184216666666667,0.982945,4.25152333333333,6.11135333333333,4.73302666666667,3.868165,3.20145333333333,2.60796166666667,2.02501833333333,1.11413666666667,0.40182,0.25141,0.188138333333333,0.167576666666667,0.165986666666667,0.156228333333333,0.154635,0.128723333333333,0.105886666666667,0.0946666666666667,0.0780466666666667,0.0913466666666667,0.065995,0.0719966666666667,0.0621083333333333,0.0633216666666667,0.0476466666666667,0.0469916666666667,0.0484733333333333,0.041375,0.0337983333333333,0.0363833333333333,0.0269033333333333,0.0255566666666667,0.027035,0.0221983333333333,0.02316,0.0164983333333333,0.02067,0.017445,0.0147183333333333,0.0125283333333333,0.0119116666666667,0.00987833333333333,0.00704,0.00915833333333333,0.00860166666666667,0.006655,0.006885,0.00368333333333333,0.00562166666666667,0.00218166666666667,0.00314166666666667,0.000931666666666667,0.00170666666666667,0.000425,0.00123666666666667,0.00130833333333333,0.000423333333333333,0.000421666666666667,0,0,0,0,0,0,0,0,0,0,0,0,0,1,0,0,0,0,0,0,1,1,1,1,1,1,1,1,1,1,1,1,1,1,1,1,1,1,1,1,1,1,1,1,1,1,1,1,1,1,1,1,1,1,1,1,1,1,1,1,1,1,1,1,1,1,1,1,1,1,1,1,1,1,1,1,1,1,1,1,1,1,1,1,1,1,1,1,1,1,1,1,0
2026-06-11 16:00:00,32.51966235,0,0,0,0,0,0,0.01469,0.925845,4.06543166666667,6.015355,5.08667166666667,4.07950333333333,3.48250333333333,2.818425,2.18031,1.08089333333333,0.437181666666667,0.271816666666667,0.21467,0.189531666666667,0.16889,0.177686666666667,0.162913333333333,0.130581666666667,0.112873333333333,0.104311666666667,0.0844066666666667,0.0797516666666667,0.0666033333333333,0.0629616666666667,0.061965,0.04919,0.0461083333333333,0.03793,0.0456066666666667,0.0350466666666667,0.0286583333333333,0.027635,0.0247383333333333,0.0257883333333333,0.0230066666666667,0.02295,0.0195366666666667,0.016675,0.01263,0.0193033333333333,0.016615,0.012955,0.0123983333333333,0.0126083333333333,0.00904333333333333,0.00884166666666667,0.00571666666666667,0.00731666666666667,0.004545,0.00545333333333333,0.00223833333333333,0.00481166666666667,0.00333833333333333,0.00196,0.00213333333333333,0.00267166666666667,0.000691666666666667,0.000423333333333333,0.000385,0.000075,0,0,0.000416666666666667,0,0.00016,0.000253333333333333,0,0,0,0,0,0,0,1,0,0,0,0,0,0,1,1,1,1,1,1,1,1,1,1,1,1,1,1,1,1,1,1,1,1,1,1,1,1,1,1,1,1,1,1,1,1,1,1,1,1,1,1,1,1,1,1,1,1,1,1,1,1,1,1,1,1,1,1,1,1,1,1,1,1,1,1,1,1,1,1,1,1,1,1,1,1,0
2026-06-11 17:00:00,39.91388005,0,0,0,0,0,0,0.0210166666666667,1.06816833333333,4.90398833333333,7.024005,5.921555,5.08445333333333,4.282145,3.66708,2.88045833333333,1.43044,0.523711666666667,0.34813,0.245391666666667,0.211038333333333,0.196,0.195215,0.183205,0.173911666666667,0.133343333333333,0.115205,0.108895,0.0993583333333333,0.0912916666666667,0.0792183333333333,0.063025,0.06685,0.0510933333333333,0.0422683333333333,0.0357816666666667,0.0421166666666667,0.034465,0.0328416666666667,0.0273533333333333,0.0188366666666667,0.0241916666666667,0.023375,0.02207,0.0170216666666667,0.0160266666666667,0.01405,0.01381,0.00922833333333333,0.0138883333333333,0.01222,0.0110633333333333,0.008405,0.00487833333333333,0.00731666666666667,0.008215,0.0044,0.00349833333333333,0.001115,0.00231666666666667,0.002385,0.00251333333333333,0.00174833333333333,0.000425,0.00119333333333333,0.000921666666666667,0.000421666666666667,0.000708333333333333,0.00055,0,0,0.000413333333333333,0.000065,0.00019,0.000205,0.00022,0.000235,0.00025,0.000075,0,1,0,0,0,0,0,0,1,1,1,1,1,1,1,1,1,1,1,1,1,1,1,1,1,1,1,1,1,1,1,1,1,1,1,1,1,1,1,1,1,1,1,1,1,1,1,1,1,1,1,1,1,1,1,1,1,1,1,1,1,1,1,1,1,1,1,1,1,1,1,1,1,1,1,1,1,1,1,1,0
2026-06-11 18:00:00,39.9049506333333,0,0,0,0,0,0,0.0249283333333333,1.25873166666667,5.38419166666667,7.55099333333333,6.188675,5.03789,4.25342666666667,3.547635,2.78154333333333,1.344205,0.562806666666667,0.315988333333333,0.237511666666667,0.186811666666667,0.177796666666667,0.165953333333333,0.181431666666667,0.133783333333333,0.110081666666667,0.0982,0.080965,0.0806016666666667,0.0680383333333333,0.0656783333333333,0.055875,0.042955,0.0371966666666667,0.034605,0.028605,0.03093,0.0215883333333333,0.0236366666666667,0.014405,0.0167233333333333,0.0186133333333333,0.0194916666666667,0.0149516666666667,0.012385,0.0164266666666667,0.0129716666666667,0.0115433333333333,0.0136066666666667,0.0132466666666667,0.00878,0.00807333333333333,0.00793,0.00797166666666667,0.005865,0.00452333333333333,0.00593,0.002895,0.00463833333333333,0.00402,0.00171,0.00147,0.00151166666666667,0.000386666666666667,0.00127,0.0000383333333333333,0.00154833333333333,0.000138333333333333,0,0.000416666666666667,0.000415,0,0.0000216666666666667,0.0000633333333333333,0.0000683333333333333,0.0000733333333333333,0.0000783333333333333,0.0000833333333333333,0.000025,0,1,0,0,0,0,0,0,1,1,1,1,1,1,1,1,1,1,1,1,1,1,1,1,1,1,1,1,1,1,1,1,1,1,1,1,1,1,1,1,1,1,1,1,1,1,1,1,1,1,1,1,1,1,1,1,1,1,1,1,1,1,1,1,1,1,1,1,1,1,1,1,1,1,1,1,1,1,1,1,0
2026-06-11 19:00:00,37.7312584666667,0,0,0,0,0,0,0.0280533333333333,1.35534333333333,5.578905,7.568085,5.95346833333333,4.63397,3.85757333333333,3.131305,2.32201,0.927015,0.28097,0.174195,0.122361666666667,0.105295,0.0970183333333333,0.0940133333333333,0.110405,0.101791666666667,0.076845,0.0637183333333333,0.0611566666666667,0.0568966666666667,0.0490183333333333,0.0494266666666667,0.03826,0.038685,0.0279266666666667,0.021485,0.0231733333333333,0.0226883333333333,0.0172066666666667,0.0128883333333333,0.0115016666666667,0.00971666666666667,0.00723,0.0118633333333333,0.0110466666666667,0.00946,0.00841833333333333,0.00699166666666667,0.007445,0.00971166666666667,0.00944666666666667,0.00624833333333333,0.00972166666666667,0.00704,0.00580833333333333,0.00559,0.00599666666666667,0.00529833333333333,0.00369833333333333,0.00169333333333333,0.00268166666666667,0.001285,0.00147,0.00108666666666667,0.00085,0.000808333333333333,0.0000383333333333333,0.000283333333333333,0.000138333333333333,0,0.00064,0.000608333333333333,0,0,0,0,0,0,0,0,0,1,0,0,0,0,0,0,1,1,1,1,1,1,1,1,1,1,1,1,1,1,1,1,1,1,1,1,1,1,1,1,1,1,1,1,1,1,1,1,1,1,1,1,1,1,1,1,1,1,1,1,1,1,1,1,1,1,1,1,1,1,1,1,1,1,1,1,1,1,1,1,1,1,1,1,1,1,1,1,0
2026-06-11 20:00:00,50.5932244166667,0,0,0,0,0,0,0.030745,1.52934,6.611715,9.10911333333333,7.40932833333333,6.06064833333333,5.474075,4.75021333333333,3.95419,1.70296666666667,0.578216666666667,0.334671666666667,0.242723333333333,0.213771666666667,0.2065,0.205498333333333,0.20793,0.177906666666667,0.148518333333333,0.124858333333333,0.118806666666667,0.110048333333333,0.0952366666666667,0.0846933333333333,0.075835,0.0583733333333333,0.0576783333333333,0.04831,0.0427266666666667,0.0436266666666667,0.0315,0.0275666666666667,0.0226183333333333,0.02085,0.0156583333333333,0.0146583333333333,0.0157116666666667,0.015095,0.00909333333333333,0.008815,0.0076,0.00824333333333333,0.01062,0.00998166666666667,0.00505666666666667,0.00503666666666667,0.00773666666666667,0.00461333333333333,0.00604,0.003325,0.00321166666666667,0.00263666666666667,0.00199833333333333,0.00238833333333333,0.00019,0.00215833333333333,0.000976666666666667,0.000885,0.00123,0.000918333333333333,0.00084,0,0,0,0,0.0000433333333333333,0.000126666666666667,0.000136666666666667,0.000146666666666667,0.000156666666666667,0.000166666666666667,0.00005,0,1,0,0,0,0,0,0,1,1,1,1,1,1,1,1,1,1,1,1,1,1,1,1,1,1,1,1,1,1,1,1,1,1,1,1,1,1,1,1,1,1,1,1,1,1,1,1,1,1,1,1,1,1,1,1,1,1,1,1,1,1,1,1,1,1,1,1,1,1,1,1,1,1,1,1,1,1,1,1,0
2026-06-11 21:00:00,53.7915939666667,0,0,0,0,0,0,0.0224283333333333,1.284855,6.01627333333333,8.71689166666667,7.44301333333333,6.58069166666667,6.32902666666667,5.94602333333333,5.173705,2.082555,0.57173,0.358,0.26097,0.244811666666667,0.270221666666667,0.29924,0.300591666666667,0.263838333333333,0.241326666666667,0.182798333333333,0.188146666666667,0.166601666666667,0.142193333333333,0.151328333333333,0.116765,0.115166666666667,0.0971266666666667,0.0777,0.0686783333333333,0.0502616666666667,0.050405,0.038465,0.0367916666666667,0.0210633333333333,0.0178383333333333,0.01339,0.0193516666666667,0.0154666666666667,0.0093,0.0125716666666667,0.0121416666666667,0.01189,0.007815,0.0094,0.00904166666666667,0.00542333333333333,0.00600833333333333,0.00538666666666667,0.00283666666666667,0.00492,0.004215,0.00160666666666667,0.00260166666666667,0.00221333333333333,0.00275,0.00108666666666667,0.000425,0.00169333333333333,0.000346666666666667,0.000496666666666667,0.000288333333333333,0.000131666666666667,0.000833333333333333,0,0,0.0000433333333333333,0.000126666666666667,0.000136666666666667,0.000146666666666667,0.000156666666666667,0.000166666666666667,0.00005,0,1,0,0,0,0,0,0,1,1,1,1,1,1,1,1,1,1,1,1,1,1,1,1,1,1,1,1,1,1,1,1,1,1,1,1,1,1,1,1,1,1,1,1,1,1,1,1,1,1,1,1,1,1,1,1,1,1,1,1,1,1,1,1,1,1,1,1,1,1,1,1,1,1,1,1,1,1,1,1,0
2026-06-11 22:00:00,42.1482780833333,0,0,0,0,0,0,0.0168616666666667,1.00502833333333,4.42302166666667,6.52034333333333,5.72594833333333,5.29461,5.04596166666667,4.58873833333333,3.98493166666667,1.73224666666667,0.57834,0.332326666666667,0.25176,0.218338333333333,0.224618333333333,0.248383333333333,0.247745,0.22236,0.181248333333333,0.149961666666667,0.127915,0.13054,0.12124,0.107818333333333,0.0860366666666667,0.0846366666666667,0.0700266666666667,0.0469383333333333,0.047285,0.0453416666666667,0.0300416666666667,0.0265483333333333,0.0235266666666667,0.0150566666666667,0.019815,0.018215,0.0132683333333333,0.013475,0.00997,0.011575,0.009305,0.007905,0.008175,0.00523333333333333,0.00748833333333333,0.00467333333333333,0.00569333333333333,0.00524666666666667,0.00418333333333333,0.00280333333333333,0.00653666666666667,0.00231833333333333,0.00292,0.00221333333333333,0.00255833333333333,0.00149666666666667,0.001865,0.0000383333333333333,0.000346666666666667,0.000641666666666667,0.000276666666666667,0.000398333333333333,0.0000183333333333333,0,0,0.0000433333333333333,0.000126666666666667,0.000136666666666667,0.000146666666666667,0.000156666666666667,0.000166666666666667,0.00005,0,1,0,0,0,0,0,0,1,1,1,1,1,1,1,1,1,1,1,1,1,1,1,1,1,1,1,1,1,1,1,1,1,1,1,1,1,1,1,1,1,1,1,1,1,1,1,1,1,1,1,1,1,1,1,1,1,1,1,1,1,1,1,1,1,1,1,1,1,1,1,1,1,1,1,1,1,1,1,1,0
2026-06-11 23:00:00,29.0754104166667,0,0,0,0,0,0,0.0125033333333333,0.65695,2.949725,4.571995,4.21133666666667,3.767985,3.45647666666667,3.12319666666667,2.74907666666667,1.23332166666667,0.390181666666667,0.237463333333333,0.178695,0.147403333333333,0.17199,0.177511666666667,0.195631666666667,0.155178333333333,0.134781666666667,0.113751666666667,0.092995,0.089305,0.0817583333333333,0.0709033333333333,0.064145,0.0535133333333333,0.0494316666666667,0.03776,0.02967,0.0232133333333333,0.0225383333333333,0.01908,0.0134966666666667,0.0114933333333333,0.0131366666666667,0.007495,0.01052,0.00992666666666667,0.0069,0.00646166666666667,0.00926666666666667,0.00567333333333333,0.00348666666666667,0.00590666666666667,0.00464333333333333,0.00462666666666667,0.00644,0.00383666666666667,0.00471166666666667,0.002415,0.00295333333333333,0.00289166666666667,0.00199833333333333,0.00110666666666667,0.00104333333333333,0.000985,0.000913333333333333,0.000846666666666667,0.000385,0.000358333333333333,0.000138333333333333,0,0.00064,0.000193333333333333,0,0.000065,0.00019,0.000205,0.00022,0.000235,0.00025,0.000075,0,1,0,0,0,0,0,0,1,1,1,1,1,1,1,1,1,1,1,1,1,1,1,1,1,1,1,1,1,1,1,1,1,1,1,1,1,1,1,1,1,1,1,1,1,1,1,1,1,1,1,1,1,1,1,1,1,1,1,1,1,1,1,1,1,1,1,1,1,1,1,1,1,1,1,1,1,1,1,1,0
2026-06-12,27.32148975,0,0,0,0,0,0,0.0132066666666667,0.660485,3.09306,4.54029333333333,4.01872166666667,3.36464666666667,3.03214333333333,2.70413833333333,2.42842,1.2031,0.399368333333333,0.228271666666667,0.179033333333333,0.147933333333333,0.1829,0.18317,0.177248333333333,0.161205,0.141366666666667,0.113656666666667,0.0953083333333333,0.0910583333333333,0.089815,0.0634183333333333,0.056565,0.05262,0.042935,0.0395883333333333,0.0301416666666667,0.0263833333333333,0.0199566666666667,0.0160983333333333,0.009845,0.00988666666666667,0.0058,0.00755666666666667,0.00789166666666667,0.005165,0.00694666666666667,0.00585,0.00498666666666667,0.00442166666666667,0.00430166666666667,0.00334833333333333,0.00421166666666667,0.00458,0.0042,0.00228,0.00052,0.00172,0.00215,0.00123333333333333,0.000911666666666667,0.00170833333333333,0.000426666666666667,0.00085,0,0.00161666666666667,0.000846666666666667,0.000075,0,0,0,0,0,0,0,0,0,0,0,0,0,1,0,0,0,0,0,0,1,1,1,1,1,1,1,1,1,1,1,1,1,1,1,1,1,1,1,1,1,1,1,1,1,1,1,1,1,1,1,1,1,1,1,1,1,1,1,1,1,1,1,1,1,1,1,1,1,1,1,1,1,1,1,1,1,1,1,1,1,1,1,1,1,1,1,1,1,1,1,1,0
2026-06-12 01:00:00,22.7621918333333,0,0,0,0,0,0,0.0116883333333333,0.599285,2.67030333333333,3.84985166666667,3.262115,2.60754,2.35123333333333,2.07828833333333,2.039915,1.10276666666667,0.334676666666667,0.198036666666667,0.152718333333333,0.124856666666667,0.119496666666667,0.114618333333333,0.122895,0.09993,0.0857016666666667,0.066945,0.0644666666666667,0.0524316666666667,0.051025,0.0438416666666667,0.0373466666666667,0.0304283333333333,0.03212,0.023375,0.0174816666666667,0.0151,0.013395,0.0105983333333333,0.01038,0.00573333333333333,0.00787333333333333,0.00607666666666667,0.006785,0.00520666666666667,0.00471,0.005405,0.00608,0.00393333333333333,0.002675,0.00455333333333333,0.004665,0.00332666666666667,0.00331333333333333,0.00271166666666667,0.00305666666666667,0.00263166666666667,0.00146166666666667,0.00283166666666667,0,0.000426666666666667,0.000853333333333333,0.00107166666666667,0.001015,0.000885,0,0,0,0,0,0.00083,0,0,0,0,0,0,0,0,0,1,0,0,0,0,0,0,1,1,1,1,1,1,1,1,1,1,1,1,1,1,1,1,1,1,1,1,1,1,1,1,1,1,1,1,1,1,1,1,1,1,1,1,1,1,1,1,1,1,1,1,1,1,1,1,1,1,1,1,1,1,1,1,1,1,1,1,1,1,1,1,1,1,1,1,1,1,1,1,0
2026-06-12 02:00:00,17.0504365166667,0,0,0,0,0,0,0.00673333333333333,0.466306666666667,2.005515,2.88370333333333,2.47216666666667,1.98962,1.745275,1.56522,1.53645833333333,0.923548333333333,0.305981666666667,0.177425,0.102378333333333,0.0980933333333333,0.0803383333333333,0.0912283333333333,0.09026,0.0725483333333333,0.0664366666666667,0.0489516666666667,0.0498816666666667,0.0468716666666667,0.0381666666666667,0.0316316666666667,0.0266883333333333,0.0249016666666667,0.0197116666666667,0.01868,0.01545,0.00925166666666667,0.0119666666666667,0.008115,0.00808166666666667,0.00987666666666667,0.00874833333333333,0.00802166666666667,0.00731,0.00314333333333333,0.00707833333333333,0.006485,0.00578333333333333,0.00400666666666667,0.00664666666666667,0.00628666666666667,0.00464333333333333,0.00337333333333333,0.00523833333333333,0.00343166666666667,0.00244,0.00319333333333333,0.000401666666666667,0.00129,0.00103166666666667,0.000251666666666667,0.000853333333333333,0.000425,0.000425,0.000385,0.000806666666666667,0.000075,0.00084,0,0,0.00083,0,0,0,0,0,0,0,0,0,1,0,0,0,0,0,0,1,1,1,1,1,1,1,1,1,1,1,1,1,1,1,1,1,1,1,1,1,1,1,1,1,1,1,1,1,1,1,1,1,1,1,1,1,1,1,1,1,1,1,1,1,1,1,1,1,1,1,1,1,1,1,1,1,1,1,1,1,1,1,1,1,1,1,1,1,1,1,1,0
2026-06-12 03:00:00,13.28374675,0,0,0,0,0,0,0.00906333333333333,0.418248333333333,1.67658166666667,2.35596,1.93990833333333,1.52402833333333,1.308395,1.139515,1.08704666666667,0.608395,0.218896666666667,0.125361666666667,0.08503,0.06737,0.0623283333333333,0.0717216666666667,0.06953,0.0612016666666667,0.0409933333333333,0.0428766666666667,0.0303016666666667,0.028845,0.023655,0.0243316666666667,0.02026,0.0238583333333333,0.0232116666666667,0.0149583333333333,0.010835,0.0141866666666667,0.0114433333333333,0.00973,0.0100933333333333,0.01015,0.00613333333333333,0.00495,0.00544833333333333,0.00435833333333333,0.00784166666666667,0.00469833333333333,0.00810833333333333,0.00475,0.00501166666666667,0.00249666666666667,0.00544833333333333,0.00378333333333333,0.00551833333333333,0.00428,0.002985,0.00327333333333333,0.00209333333333333,0.000858333333333333,0.00223833333333333,0.00161,0.00147,0.000236666666666667,0.00166166666666667,0.000461666666666667,0,0.000705,0.000138333333333333,0,0.000416666666666667,0,0,0.0000433333333333333,0.000126666666666667,0.000136666666666667,0.000146666666666667,0.000156666666666667,0.000166666666666667,0.00005,0,1,0,0,0,0,0,0,1,1,1,1,1,1,1,1,1,1,1,1,1,1,1,1,1,1,1,1,1,1,1,1,1,1,1,1,1,1,1,1,1,1,1,1,1,1,1,1,1,1,1,1,1,1,1,1,1,1,1,1,1,1,1,1,1,1,1,1,1,1,1,1,1,1,1,1,1,1,1,1,0
2026-06-12 04:00:00,10.6331131,0,0,0,0,0,0,0.007945,0.34405,1.57812,2.002605,1.48907666666667,1.153225,0.964911666666667,0.86049,0.814575,0.441803333333333,0.152811666666667,0.107186666666667,0.0757833333333333,0.0528066666666667,0.0585033333333333,0.05619,0.05752,0.0453166666666667,0.0408033333333333,0.0259316666666667,0.0269733333333333,0.0260216666666667,0.02689,0.0239216666666667,0.0150233333333333,0.01806,0.014055,0.0113416666666667,0.0148683333333333,0.0131016666666667,0.0115016666666667,0.0121666666666667,0.00899166666666667,0.0114933333333333,0.00723333333333333,0.00912333333333333,0.00376166666666667,0.00746833333333333,0.0103483333333333,0.00842833333333333,0.00788,0.00576333333333333,0.00626,0.006925,0.00588333333333333,0.00544666666666667,0.00288166666666667,0.003575,0.00257166666666667,0.00277,0.002925,0.00197833333333333,0.000943333333333333,0.000931666666666667,0.00147,0.00056,0.000913333333333333,0.000423333333333333,0.0000383333333333333,0.00112666666666667,0.000138333333333333,0,0,0,0,0.0000216666666666667,0.0000633333333333333,0.0000683333333333333,0.0000733333333333333,0.0000783333333333333,0.0000833333333333333,0.000025,0,1,0,0,0,0,0,0,1,1,1,1,1,1,1,1,1,1,1,1,1,1,1,1,1,1,1,1,1,1,1,1,1,1,1,1,1,1,1,1,1,1,1,1,1,1,1,1,1,1,1,1,1,1,1,1,1,1,1,1,1,1,1,1,1,1,1,1,1,1,1,1,1,1,1,1,1,1,1,1,0
2026-06-12 05:00:00,10.8046559333333,0,0,0,0,0,0,0.00543833333333333,0.382946666666667,1.54571666666667,2.02339833333333,1.469915,1.10323833333333,0.918141666666667,0.82673,0.800878333333333,0.475878333333333,0.171038333333333,0.111788333333333,0.0657266666666667,0.0565383333333333,0.0660416666666667,0.05639,0.05742,0.045075,0.042145,0.0297666666666667,0.030335,0.0265466666666667,0.0246583333333333,0.0281533333333333,0.0187033333333333,0.020915,0.017165,0.0193566666666667,0.0165733333333333,0.0135816666666667,0.0130083333333333,0.00969166666666667,0.00796,0.011195,0.0108383333333333,0.00516666666666667,0.00652833333333333,0.00563666666666667,0.0104816666666667,0.00687333333333333,0.00419333333333333,0.00686833333333333,0.00460666666666667,0.00764,0.00644166666666667,0.00371333333333333,0.00424666666666667,0.00341666666666667,0.00228,0.000968333333333333,0.00476,0.001635,0.00284166666666667,0.00229,0.000616666666666667,0.00108666666666667,0,0.000385,0.0000383333333333333,0,0,0,0,0,0,0.0000433333333333333,0.000126666666666667,0.000136666666666667,0.000146666666666667,0.000156666666666667,0.000166666666666667,0.00005,0,1,0,0,0,0,0,0,1,1,1,1,1,1,1,1,1,1,1,1,1,1,1,1,1,1,1,1,1,1,1,1,1,1,1,1,1,1,1,1,1,1,1,1,1,1,1,1,1,1,1,1,1,1,1,1,1,1,1,1,1,1,1,1,1,1,1,1,1,1,1,1,1,1,1,1,1,1,1,1,0
2026-06-12 06:00:00,12.89344695,0,0,0,0,0,0,0.00565333333333333,0.4194,1.83130333333333,2.405885,1.78441166666667,1.34003166666667,1.16438166666667,1.09972166666667,1.03271833333333,0.604643333333333,0.205066666666667,0.117221666666667,0.0831766666666667,0.0759433333333333,0.084225,0.070755,0.0685533333333333,0.07349,0.0548383333333333,0.04767,0.0326216666666667,0.0341933333333333,0.030065,0.030905,0.02636,0.0242583333333333,0.0132016666666667,0.01764,0.0136633333333333,0.014325,0.0149483333333333,0.0100583333333333,0.009615,0.00602666666666667,0.01018,0.00453833333333333,0.00522666666666667,0.003395,0.006435,0.00762833333333333,0.005635,0.00433333333333333,0.00468,0.00642333333333333,0.005405,0.00376,0.00415333333333333,0.0039,0.00150666666666667,0.00268833333333333,0.001405,0.000631666666666667,0.00194333333333333,0.00110666666666667,0.000853333333333333,0.00085,0,0.000385,0.0000383333333333333,0,0,0,0,0,0.000413333333333333,0.0000216666666666667,0.0000633333333333333,0.0000683333333333333,0.0000733333333333333,0.0000783333333333333,0.0000833333333333333,0.000025,0,1,0,0,0,0,0,0,1,1,1,1,1,1,1,1,1,1,1,1,1,1,1,1,1,1,1,1,1,1,1,1,1,1,1,1,1,1,1,1,1,1,1,1,1,1,1,1,1,1,1,1,1,1,1,1,1,1,1,1,1,1,1,1,1,1,1,1,1,1,1,1,1,1,1,1,1,1,1,1,0
2026-06-12 07:00:00,15.32017945,0,0,0,0,0,0,0.010025,0.561493333333333,2.30265,2.80068833333333,2.05002666666667,1.55190333333333,1.31387833333333,1.16682666666667,1.23020833333333,0.723726666666667,0.300711666666667,0.156033333333333,0.107601666666667,0.0800016666666667,0.0753283333333333,0.0811966666666667,0.094765,0.07441,0.061265,0.042745,0.03413,0.03886,0.0356566666666667,0.0251716666666667,0.0256183333333333,0.02374,0.0251183333333333,0.0188766666666667,0.0199883333333333,0.0151116666666667,0.0140216666666667,0.01106,0.00968,0.01266,0.00625,0.00779333333333333,0.00743166666666667,0.006035,0.00276,0.005615,0.00331666666666667,0.00467666666666667,0.00483666666666667,0.00342833333333333,0.00414666666666667,0.00168666666666667,0.00326666666666667,0.00348666666666667,0.00179666666666667,0.00233833333333333,0.00240833333333333,0.00089,0.00134,0.000426666666666667,0.00213333333333333,0,0.00085,0,0.000346666666666667,0.000075,0,0,0,0,0,0,0,0,0,0,0,0,0,1,0,0,0,0,0,0,1,1,1,1,1,1,1,1,1,1,1,1,1,1,1,1,1,1,1,1,1,1,1,1,1,1,1,1,1,1,1,1,1,1,1,1,1,1,1,1,1,1,1,1,1,1,1,1,1,1,1,1,1,1,1,1,1,1,1,1,1,1,1,1,1,1,1,1,1,1,1,1,0
2026-06-12 08:00:00,12.1519213166667,0,0,0,0,0,0,0.0128533333333333,0.750026666666667,2.64264333333333,2.84927,1.60374333333333,0.98373,0.708848333333333,0.652541666666667,0.612078333333333,0.383851666666667,0.164811666666667,0.0946883333333333,0.0576966666666667,0.0612666666666667,0.0555883333333333,0.056465,0.0591616666666667,0.04779,0.0323916666666667,0.0314583333333333,0.0225666666666667,0.02411,0.02315,0.0192216666666667,0.0204966666666667,0.0119516666666667,0.0130133333333333,0.0107633333333333,0.00589333333333333,0.00803666666666667,0.00668666666666667,0.00655833333333333,0.00597666666666667,0.00389333333333333,0.00613166666666667,0.00433833333333333,0.002815,0.00211833333333333,0.00346666666666667,0.00395333333333333,0.00369333333333333,0.00382166666666667,0.002955,0.00176,0.00485333333333333,0.00291666666666667,0.00197166666666667,0.00271166666666667,0.0000883333333333333,0.000973333333333333,0.00177833333333333,0.001545,0.001285,0.000426666666666667,0.000426666666666667,0.000323333333333333,0.000875,0.0005,0,0,0.00042,0.000418333333333333,0,0,0.000573333333333333,0.000275,0.0000633333333333333,0.0000683333333333333,0.0000733333333333333,0.0000783333333333333,0.0000833333333333333,0.000025,0,1,0,0,0,0,0,0,1,1,1,1,1,1,1,1,1,1,1,1,1,1,1,1,1,1,1,1,1,1,1,1,1,1,1,1,1,1,1,1,1,1,1,1,1,1,1,1,1,1,1,1,1,1,1,1,1,1,1,1,1,1,1,1,1,1,1,1,1,1,1,1,1,1,1,1,1,1,1,1,0
2026-06-12 09:00:00,16.35931485,0,0,0,0,0,0,0.0164583333333333,0.851231666666667,3.28634333333333,4.07946,2.76069,1.64298833333333,1.1163,0.744108333333333,0.55841,0.350231666666667,0.169646666666667,0.095915,0.0537633333333333,0.0489183333333333,0.0436466666666667,0.0348216666666667,0.0364966666666667,0.0286933333333333,0.0260283333333333,0.01472,0.019015,0.011475,0.0128266666666667,0.0146783333333333,0.00823,0.00818166666666667,0.00786333333333333,0.008305,0.00451666666666667,0.0045,0.006785,0.00614666666666667,0.00427,0.00459333333333333,0.004045,0.00478833333333333,0.00531,0.00482333333333333,0.00409666666666667,0.00212,0.00362333333333333,0.00277333333333333,0.0027,0.00192666666666667,0.00553166666666667,0.00250666666666667,0.00204166666666667,0.000915,0.000951666666666667,0.00131833333333333,0.00126166666666667,0.000428333333333333,0.001285,0.00128166666666667,0.000853333333333333,0.000425,0.000425,0.00077,0.00126833333333333,0.000075,0.000708333333333333,0.00055,0.00125,0.000173333333333333,0.00024,0.00104,0.000633333333333333,0.00068,0.00073,0.000783333333333333,0.000836666666666667,0.000246666666666667,0,1,0,0,0,0,0,0,1,1,1,1,1,1,1,1,1,1,1,1,1,1,1,1,1,1,1,1,1,1,1,1,1,1,1,1,1,1,1,1,1,1,1,1,1,1,1,1,1,1,1,1,1,1,1,1,1,1,1,1,1,1,1,1,1,1,1,1,1,1,1,1,1,1,1,1,1,1,1,1,0
2026-06-12 10:00:00,14.5787938,0,0,0,0,0,0,0.00783833333333333,0.564866666666667,2.32984333333333,3.312645,2.561285,1.88618666666667,1.32222333333333,1.0074,0.662151666666667,0.245416666666667,0.137083333333333,0.078665,0.0483733333333333,0.0427666666666667,0.0329333333333333,0.0302016666666667,0.0370483333333333,0.026505,0.0204333333333333,0.018325,0.0163366666666667,0.012475,0.01917,0.01221,0.0103133333333333,0.00942666666666667,0.00851666666666667,0.00609166666666667,0.00876,0.0044,0.00518,0.00489833333333333,0.00636166666666667,0.00437666666666667,0.002085,0.00429666666666667,0.00273833333333333,0.00569166666666667,0.0029,0.00187166666666667,0.00245833333333333,0.00407833333333333,0.00394666666666667,0.00371333333333333,0.00247666666666667,0.00250666666666667,0.00379166666666667,0.00221,0.00289666666666667,0.00115333333333333,0.003785,0.000858333333333333,0.000856666666666667,0.000428333333333333,0.000616666666666667,0.000236666666666667,0.001275,0,0.000423333333333333,0.000283333333333333,0.000978333333333333,0,0.000863333333333333,0.000975,0.000653333333333333,0.0000866666666666667,0.000253333333333333,0.000273333333333333,0.000293333333333333,0.000313333333333333,0.000333333333333333,0.0001,0,1,0,0,0,0,0,0,1,1,1,1,1,1,1,1,1,1,1,1,1,1,1,1,1,1,1,1,1,1,1,1,1,1,1,1,1,1,1,1,1,1,1,1,1,1,1,1,1,1,1,1,1,1,1,1,1,1,1,1,1,1,1,1,1,1,1,1,1,1,1,1,1,1,1,1,1,1,1,1,0
2026-06-12 11:00:00,18.84645745,0,0,0,0,0,0,0.0135416666666667,0.781978333333333,3.42069666666667,4.66376333333333,3.21873666666667,2.21315333333333,1.63141833333333,1.25535166666667,0.820785,0.308511666666667,0.158246666666667,0.093715,0.05972,0.0506216666666667,0.05212,0.0462416666666667,0.0361716666666667,0.0396116666666667,0.0303133333333333,0.023075,0.0208616666666667,0.0179916666666667,0.0114883333333333,0.0140783333333333,0.0180033333333333,0.0126516666666667,0.00792666666666667,0.00784333333333333,0.00976166666666667,0.01279,0.0105966666666667,0.00886166666666667,0.005765,0.00674,0.00580166666666667,0.00607666666666667,0.00392,0.00432333333333333,0.00299833333333333,0.002945,0.00383333333333333,0.00320833333333333,0.00565333333333333,0.00188166666666667,0.003035,0.00164,0.00256666666666667,0.00214,0.000951666666666667,0.00177666666666667,0.001405,0.00186333333333333,0.000538333333333333,0.000428333333333333,0.002275,0.00071,0,0.000385,0.0000383333333333333,0,0,0,0.000416666666666667,0,0,0.0000433333333333333,0.000126666666666667,0.000136666666666667,0.000146666666666667,0.000156666666666667,0.000166666666666667,0.00005,0,1,0,0,0,0,0,0,1,1,1,1,1,1,1,1,1,1,1,1,1,1,1,1,1,1,1,1,1,1,1,1,1,1,1,1,1,1,1,1,1,1,1,1,1,1,1,1,1,1,1,1,1,1,1,1,1,1,1,1,1,1,1,1,1,1,1,1,1,1,1,1,1,1,1,1,1,1,1,1,0
2026-06-12 12:00:00,27.3424975833333,0,0,0,0,0,0,0.031165,1.345435,5.301565,6.490385,4.43022,3.02093666666667,2.32015166666667,1.78544833333333,1.03849666666667,0.47438,0.240655,0.128866666666667,0.080845,0.0709233333333333,0.065325,0.0759766666666667,0.0634433333333333,0.050825,0.0380533333333333,0.02853,0.0322816666666667,0.0281183333333333,0.0236216666666667,0.0239683333333333,0.020995,0.0218666666666667,0.0154633333333333,0.0161616666666667,0.00995166666666667,0.01039,0.0128466666666667,0.00820833333333333,0.00829833333333333,0.00985666666666667,0.00494,0.00737666666666667,0.00563166666666667,0.00684833333333333,0.00312666666666667,0.003955,0.00355,0.00261,0.00683166666666667,0.00369833333333333,0.005595,0.00583333333333333,0.00245,0.000711666666666667,0.00243,0.001875,0.00172,0.00251833333333333,0.00126166666666667,0.00221166666666667,0.000616666666666667,0.00108666666666667,0.000811666666666667,0.000423333333333333,0.000806666666666667,0.00078,0.000138333333333333,0.000398333333333333,0.000851666666666667,0.000173333333333333,0.000653333333333333,0.000563333333333333,0.000443333333333333,0.000478333333333333,0.000513333333333333,0.000548333333333333,0.000583333333333333,0.000175,0,1,0,0,0,0,0,0,1,1,1,1,1,1,1,1,1,1,1,1,1,1,1,1,1,1,1,1,1,1,1,1,1,1,1,1,1,1,1,1,1,1,1,1,1,1,1,1,1,1,1,1,1,1,1,1,1,1,1,1,1,1,1,1,1,1,1,1,1,1,1,1,1,1,1,1,1,1,1,1,0
2026-06-12 13:00:00,27.0381610833333,0,0,0,0,0,0,0.0302783333333333,1.43091833333333,5.56657,6.55754333333333,4.17604333333333,2.86192333333333,2.14903,1.83527833333333,1.10101833333333,0.449535,0.217711666666667,0.120308333333333,0.0956633333333333,0.087315,0.080185,0.0983,0.0731816666666667,0.0622383333333333,0.0490683333333333,0.04369,0.0434816666666667,0.038685,0.0304983333333333,0.0334216666666667,0.023425,0.0278266666666667,0.0235433333333333,0.017215,0.0182083333333333,0.0191733333333333,0.01068,0.00862666666666667,0.0124016666666667,0.01155,0.0116233333333333,0.00967333333333333,0.00783166666666667,0.00802666666666667,0.00663,0.00869833333333333,0.00628333333333333,0.00674166666666667,0.00562833333333333,0.005655,0.00751166666666667,0.00633666666666667,0.00504,0.00323166666666667,0.00415666666666667,0.003195,0.00194833333333333,0.00269333333333333,0.00219666666666667,0.000853333333333333,0.00123333333333333,0.00174833333333333,0.000811666666666667,0.001655,0.0005,0.00112666666666667,0.000978333333333333,0,0.000416666666666667,0.000346666666666667,0.00146666666666667,0.00086,0.00057,0.000615,0.00066,0.000705,0.00075,0.000225,0,1,0,0,0,0,0,0,1,1,1,1,1,1,1,1,1,1,1,1,1,1,1,1,1,1,1,1,1,1,1,1,1,1,1,1,1,1,1,1,1,1,1,1,1,1,1,1,1,1,1,1,1,1,1,1,1,1,1,1,1,1,1,1,1,1,1,1,1,1,1,1,1,1,1,1,1,1,1,1,0
2026-06-12 14:00:00,32.18863055,0,0,0,0,0,0,0.0343633333333333,1.72632333333333,6.62164333333333,7.56653,4.69318666666667,3.12613833333333,2.41366833333333,2.07396166666667,1.26350333333333,0.55952,0.267436666666667,0.151358333333333,0.111681666666667,0.0986733333333333,0.0991133333333333,0.102616666666667,0.100953333333333,0.0871933333333333,0.0660166666666667,0.0519516666666667,0.06062,0.0542683333333333,0.0442866666666667,0.0414583333333333,0.0334066666666667,0.0292833333333333,0.02839,0.03318,0.0283616666666667,0.0191983333333333,0.0225566666666667,0.0179583333333333,0.011915,0.0120666666666667,0.00998333333333333,0.00908166666666667,0.00712,0.00628833333333333,0.00826166666666667,0.00851333333333333,0.00527833333333333,0.00438666666666667,0.00710666666666667,0.00509666666666667,0.00592666666666667,0.005015,0.003605,0.00492166666666667,0.00470833333333333,0.003275,0.002695,0.00272166666666667,0.00217333333333333,0.00135666666666667,0.000806666666666667,0.00132333333333333,0.00085,0.000808333333333333,0.00157833333333333,0.000716666666666667,0.000696666666666667,0,0.000416666666666667,0.000415,0.000826666666666667,0.00134333333333333,0.00152,0.001635,0.001755,0.00188,0.002005,0.000595,0,1,0,0,0,0,0,0,1,1,1,1,1,1,1,1,1,1,1,1,1,1,1,1,1,1,1,1,1,1,1,1,1,1,1,1,1,1,1,1,1,1,1,1,1,1,1,1,1,1,1,1,1,1,1,1,1,1,1,1,1,1,1,1,1,1,1,1,1,1,1,1,1,1,1,1,1,1,1,1,0
2026-06-12 15:00:00,36.5855410833333,0,0,0,0,0,0,0.042655,1.9156,7.54386166666667,8.48241166666667,5.40266166666667,3.66963166666667,2.87152666666667,2.51923833333333,1.63609166666667,0.800845,0.312796666666667,0.189166666666667,0.142368333333333,0.114495,0.120201666666667,0.136331666666667,0.110411666666667,0.09496,0.079615,0.0724166666666667,0.07666,0.0703416666666667,0.0563066666666667,0.0644233333333333,0.0537183333333333,0.04675,0.04122,0.0338766666666667,0.0311383333333333,0.0262416666666667,0.0218816666666667,0.01612,0.01734,0.0139666666666667,0.013465,0.0125366666666667,0.012135,0.00936666666666667,0.0117433333333333,0.00698166666666667,0.006225,0.004965,0.00754166666666667,0.00662166666666667,0.006935,0.00424,0.00480666666666667,0.00619833333333333,0.00398833333333333,0.00190333333333333,0.00126166666666667,0.00197833333333333,0.00283166666666667,0.002035,0.00170666666666667,0.000425,0.00085,0.00127,0.000768333333333333,0.00162333333333333,0.000138333333333333,0,0.00105666666666667,0.000366666666666667,0.00024,0.000195,0.00057,0.000613333333333333,0.000658333333333333,0.000705,0.000751666666666667,0.000223333333333333,0,1,0,0,0,0,0,0,1,1,1,1,1,1,1,1,1,1,1,1,1,1,1,1,1,1,1,1,1,1,1,1,1,1,1,1,1,1,1,1,1,1,1,1,1,1,1,1,1,1,1,1,1,1,1,1,1,1,1,1,1,1,1,1,1,1,1,1,1,1,1,1,1,1,1,1,1,1,1,1,0
2026-06-12 16:00:00,35.8979697666667,0,0,0,0,0,0,0.0416566666666667,1.94980833333333,7.31007666666667,8.44556666666667,5.11416666666667,3.45249666666667,2.72974333333333,2.39126,1.5587,0.773368333333333,0.301408333333333,0.195065,0.128675,0.125085,0.10858,0.137303333333333,0.134025,0.10384,0.085995,0.075235,0.0843566666666667,0.0856533333333333,0.0614083333333333,0.0784733333333333,0.04936,0.0483816666666667,0.04264,0.0363783333333333,0.0381933333333333,0.0267233333333333,0.0240716666666667,0.026,0.0189533333333333,0.00806666666666667,0.0120516666666667,0.0123433333333333,0.0104016666666667,0.007655,0.00553333333333333,0.00828833333333333,0.0103366666666667,0.00735666666666667,0.00501333333333333,0.00297166666666667,0.00406333333333333,0.00339666666666667,0.00336166666666667,0.00376,0.00226333333333333,0.001875,0.001375,0.00355166666666667,0.00142666666666667,0.00178666666666667,0.00256,0.0017,0,0.000808333333333333,0.000881666666666667,0.00112666666666667,0.000846666666666667,0.000131666666666667,0.000833333333333333,0.000588333333333333,0.00024,0.000195,0.00057,0.000615,0.00066,0.000705,0.00075,0.000225,0,1,0,0,0,0,0,0,1,1,1,1,1,1,1,1,1,1,1,1,1,1,1,1,1,1,1,1,1,1,1,1,1,1,1,1,1,1,1,1,1,1,1,1,1,1,1,1,1,1,1,1,1,1,1,1,1,1,1,1,1,1,1,1,1,1,1,1,1,1,1,1,1,1,1,1,1,1,1,1,0
2026-06-12 17:00:00,34.07174745,0,0,0,0,0,0,0.0333016666666667,1.82915666666667,7.11505,7.88652666666667,4.64933833333333,3.00880833333333,2.341155,2.16079833333333,1.58310833333333,0.799408333333333,0.343796666666667,0.202926666666667,0.15009,0.130428333333333,0.15067,0.192101666666667,0.158486666666667,0.131735,0.118071666666667,0.0885366666666667,0.10798,0.09238,0.0699983333333333,0.0842733333333333,0.06245,0.06873,0.0596133333333333,0.051245,0.0462716666666667,0.0414683333333333,0.032705,0.03115,0.02133,0.01545,0.0122583333333333,0.0114833333333333,0.01669,0.0129516666666667,0.0113766666666667,0.00515833333333333,0.00868,0.00631,0.008635,0.005865,0.00386166666666667,0.00752,0.00320833333333333,0.00215833333333333,0.001725,0.001835,0.00263833333333333,0.00272166666666667,0.00242666666666667,0.00153333333333333,0.00038,0.00132333333333333,0.000425,0.000423333333333333,0.00077,0.000918333333333333,0.00112833333333333,0.00055,0.000223333333333333,0.00102333333333333,0,0.000195,0.00057,0.000613333333333333,0.000658333333333333,0.000705,0.000751666666666667,0.000223333333333333,0,1,0,0,0,0,0,0,1,1,1,1,1,1,1,1,1,1,1,1,1,1,1,1,1,1,1,1,1,1,1,1,1,1,1,1,1,1,1,1,1,1,1,1,1,1,1,1,1,1,1,1,1,1,1,1,1,1,1,1,1,1,1,1,1,1,1,1,1,1,1,1,1,1,1,1,1,1,1,1,0
2026-06-12 18:00:00,29.6349089272727,0,0,0,0,0,0,0.0264709090909091,1.36344363636364,5.35794363636364,6.05493090909091,3.90407090909091,2.68791818181818,2.21971818181818,2.18140727272727,1.60456363636364,0.827258181818182,0.429734545454545,0.228707272727273,0.180970909090909,0.179310909090909,0.17132,0.208121818181818,0.193578181818182,0.160229090909091,0.114505454545455,0.115343636363636,0.132638181818182,0.116134545454545,0.0988709090909091,0.111358181818182,0.0751272727272727,0.0873563636363636,0.0612381818181818,0.0567163636363636,0.0493781818181818,0.0444872727272727,0.0431818181818182,0.0302709090909091,0.0245672727272727,0.0181090909090909,0.01792,0.0174163636363636,0.0154781818181818,0.0105563636363636,0.0129127272727273,0.01126,0.00757454545454545,0.00863636363636364,0.00766545454545455,0.0102254545454545,0.00891818181818182,0.00641272727272727,0.00463272727272727,0.00429454545454545,0.00368727272727273,0.00157636363636364,0.000938181818181818,0.000874545454545455,0.000994545454545455,0,0,0.000463636363636364,0,0.000461818181818182,0.0013,0.000390909090909091,0.000465454545454545,0.000143636363636364,0.000698181818181818,0.000663636363636364,0,0.000212727272727273,0.000621818181818182,0.000669090909090909,0.000718181818181818,0.000769090909090909,0.00082,0.000243636363636364,0,1,0,0,0,0,0,0,1,1,1,1,1,1,1,1,1,1,1,1,1,1,1,1,1,1,1,1,1,1,1,1,1,1,1,1,1,1,1,1,1,1,1,1,1,1,1,1,1,1,1,1,1,1,1,1,1,1,1,1,1,1,1,1,1,1,1,1,1,1,1,1,1,1,1,1,1,1,1,1,0
2026-06-12 19:00:00,38.3707247333333,0,0,0,0,0,0,0.025995,1.41028,5.85941833333333,7.34267666666667,5.05836333333333,3.59275,3.03345666666667,2.79007,2.22812333333333,1.14582166666667,0.56808,0.340536666666667,0.260966666666667,0.219886666666667,0.228861666666667,0.296958333333333,0.251558333333333,0.215688333333333,0.164795,0.132706666666667,0.127541666666667,0.145238333333333,0.105316666666667,0.128626666666667,0.0992733333333333,0.104523333333333,0.0764283333333333,0.07043,0.0558833333333333,0.0558283333333333,0.0473366666666667,0.0378066666666667,0.0313766666666667,0.0226416666666667,0.0186283333333333,0.0137683333333333,0.0101416666666667,0.007715,0.00907666666666667,0.00915666666666667,0.00612666666666667,0.008465,0.004635,0.00596333333333333,0.00544833333333333,0.00546833333333333,0.00442166666666667,0.00524666666666667,0.00391833333333333,0.00119833333333333,0.00126166666666667,0.00166166666666667,0.000483333333333333,0.002135,0.00213333333333333,0.00170166666666667,0.000425,0.000846666666666667,0,0,0.00042,0,0,0,0,0.000541666666666667,0.00038,0.00041,0.00044,0.00047,0.0005,0.00015,0,1,0,0,0,0,0,0,1,1,1,1,1,1,1,1,1,1,1,1,1,1,1,1,1,1,1,1,1,1,1,1,1,1,1,1,1,1,1,1,1,1,1,1,1,1,1,1,1,1,1,1,1,1,1,1,1,1,1,1,1,1,1,1,1,1,1,1,1,1,1,1,1,1,1,1,1,1,1,1,0
2026-06-12 20:00:00,30.3439396333333,0,0,0,0,0,0,0.0163633333333333,0.908006666666667,4.12160166666667,5.4748,3.87760166666667,2.95550333333333,2.62550833333333,2.59561666666667,2.11492833333333,1.12601166666667,0.54802,0.346135,0.23967,0.245608333333333,0.266548333333333,0.310991666666667,0.301351666666667,0.267831666666667,0.206981666666667,0.176671666666667,0.169111666666667,0.17051,0.153011666666667,0.159896666666667,0.112071666666667,0.132281666666667,0.105718333333333,0.094925,0.0714816666666667,0.074935,0.0619716666666667,0.0405516666666667,0.037395,0.0297516666666667,0.0237533333333333,0.0198933333333333,0.0164783333333333,0.0148816666666667,0.00799166666666667,0.00792333333333333,0.01389,0.00964166666666667,0.011565,0.00578833333333333,0.00803333333333333,0.00583333333333333,0.00617166666666667,0.00362666666666667,0.004765,0.00322333333333333,0.00346833333333333,0.00366833333333333,0.00192,0.00203833333333333,0.00208666666666667,0.000473333333333333,0.00123666666666667,0.00130833333333333,0,0.000421666666666667,0,0,0,0,0.000413333333333333,0.000151666666666667,0.000443333333333333,0.000476666666666667,0.000511666666666667,0.000548333333333333,0.000585,0.000173333333333333,0,1,0,0,0,0,0,0,1,1,1,1,1,1,1,1,1,1,1,1,1,1,1,1,1,1,1,1,1,1,1,1,1,1,1,1,1,1,1,1,1,1,1,1,1,1,1,1,1,1,1,1,1,1,1,1,1,1,1,1,1,1,1,1,1,1,1,1,1,1,1,1,1,1,1,1,1,1,1,1,0
2026-06-12 21:00:00,32.0776131666667,0,0,0,0,0,0,0.0142716666666667,0.834933333333333,3.80635833333333,5.480235,4.072375,3.09945,2.82856166666667,2.80036166666667,2.300065,1.18505333333333,0.598665,0.41361,0.312583333333333,0.31136,0.322815,0.38278,0.398291666666667,0.35038,0.303108333333333,0.264246666666667,0.24495,0.241235,0.212695,0.196343333333333,0.169181666666667,0.182465,0.132771666666667,0.127708333333333,0.10868,0.093185,0.0867283333333333,0.062175,0.0633966666666667,0.0398816666666667,0.0314433333333333,0.0237316666666667,0.0279833333333333,0.0211966666666667,0.0149916666666667,0.0182083333333333,0.0184283333333333,0.0136133333333333,0.00638833333333333,0.00570833333333333,0.00658,0.00547,0.003525,0.00619166666666667,0.00310833333333333,0.00372666666666667,0.00177666666666667,0.00237833333333333,0.00192,0.00118333333333333,0.00123166666666667,0.000898333333333333,0.000425,0.00127,0.00161166666666667,0.000918333333333333,0,0,0,0,0,0.000411666666666667,0,0,0,0,0,0,0,1,0,0,0,0,0,0,1,1,1,1,1,1,1,1,1,1,1,1,1,1,1,1,1,1,1,1,1,1,1,1,1,1,1,1,1,1,1,1,1,1,1,1,1,1,1,1,1,1,1,1,1,1,1,1,1,1,1,1,1,1,1,1,1,1,1,1,1,1,1,1,1,1,1,1,1,1,1,1,0
2026-06-12 22:00:00,39.6844269166667,0,0,0,0,0,0,0.015085,1.10178666666667,4.95271,6.62781833333333,4.85327833333333,3.62402833333333,3.21090333333333,3.07937666666667,2.70189166666667,1.54240833333333,0.78096,0.513206666666667,0.447405,0.429391666666667,0.499446666666667,0.538068333333333,0.5206,0.487866666666667,0.423545,0.408468333333333,0.354418333333333,0.358236666666667,0.300808333333333,0.298695,0.268528333333333,0.26813,0.233818333333333,0.199701666666667,0.154158333333333,0.149396666666667,0.11645,0.0997983333333333,0.07543,0.0614466666666667,0.0496833333333333,0.03404,0.0329183333333333,0.0292533333333333,0.02413,0.018505,0.0172716666666667,0.01709,0.0109966666666667,0.011935,0.0127333333333333,0.006675,0.00676833333333333,0.00485166666666667,0.00589833333333333,0.00263,0.004475,0.00292333333333333,0.00102166666666667,0.00128,0.00128,0.000425,0,0.000423333333333333,0.000423333333333333,0,0.00042,0.000418333333333333,0.000416666666666667,0.000415,0,0.0000866666666666667,0.000253333333333333,0.000273333333333333,0.000293333333333333,0.000313333333333333,0.000333333333333333,0.0001,0,1,0,0,0,0,0,0,1,1,1,1,1,1,1,1,1,1,1,1,1,1,1,1,1,1,1,1,1,1,1,1,1,1,1,1,1,1,1,1,1,1,1,1,1,1,1,1,1,1,1,1,1,1,1,1,1,1,1,1,1,1,1,1,1,1,1,1,1,1,1,1,1,1,1,1,1,1,1,1,0
2026-06-12 23:00:00,44.4664996,0,0,0,0,0,0,0.0187133333333333,1.18296,5.39907666666667,7.22121,5.09472166666667,3.77837833333333,3.30149666666667,3.15962166666667,2.995545,1.882465,0.911683333333333,0.667008333333333,0.560675,0.571206666666667,0.60656,0.680505,0.731485,0.660506666666667,0.558226666666667,0.528471666666667,0.506223333333333,0.475023333333333,0.404758333333333,0.390745,0.3614,0.332618333333333,0.279713333333333,0.251423333333333,0.229305,0.182435,0.155005,0.120683333333333,0.0947383333333333,0.069155,0.0751816666666667,0.0508283333333333,0.0433816666666667,0.0411683333333333,0.025575,0.0284266666666667,0.024365,0.0229083333333333,0.0156016666666667,0.0113766666666667,0.0116033333333333,0.0113016666666667,0.00881,0.00549333333333333,0.00643833333333333,0.00204,0.00427166666666667,0.00398666666666667,0.00288666666666667,0.00160833333333333,0.00128,0.000323333333333333,0.000951666666666667,0.00127,0.000423333333333333,0,0.000708333333333333,0.000928333333333333,0.000453333333333333,0,0,0.0000866666666666667,0.000253333333333333,0.000273333333333333,0.000293333333333333,0.000313333333333333,0.000333333333333333,0.0001,0,1,0,0,0,0,0,0,1,1,1,1,1,1,1,1,1,1,1,1,1,1,1,1,1,1,1,1,1,1,1,1,1,1,1,1,1,1,1,1,1,1,1,1,1,1,1,1,1,1,1,1,1,1,1,1,1,1,1,1,1,1,1,1,1,1,1,1,1,1,1,1,1,1,1,1,1,1,1,1,0
2026-06-13,47.1507075166667,0,0,0,0,0,0,0.0197116666666667,1.19129666666667,5.40317333333333,7.46467,5.23741,3.913015,3.37822833333333,3.126825,3.142085,2.05263666666667,1.01950166666667,0.776123333333333,0.61951,0.608798333333333,0.676323333333333,0.752643333333333,0.787301666666667,0.729733333333333,0.653578333333333,0.594986666666667,0.536036666666667,0.511611666666667,0.490491666666667,0.477535,0.37584,0.34697,0.31913,0.265375,0.244966666666667,0.19157,0.17743,0.139136666666667,0.114435,0.0850583333333333,0.0727933333333333,0.05871,0.04837,0.0435,0.0323733333333333,0.036955,0.0231516666666667,0.01912,0.0198083333333333,0.0196466666666667,0.013255,0.0113033333333333,0.005765,0.00929833333333333,0.00580333333333333,0.00615,0.00450166666666667,0.00169166666666667,0.00328333333333333,0.002815,0.000426666666666667,0.000323333333333333,0.001725,0.000498333333333333,0.000423333333333333,0.000843333333333333,0.00042,0.000398333333333333,0.0000183333333333333,0.000415,0.000413333333333333,0.0000216666666666667,0.0000633333333333333,0.0000683333333333333,0.0000733333333333333,0.0000783333333333333,0.0000833333333333333,0.000025,0,1,0,0,0,0,0,0,1,1,1,1,1,1,1,1,1,1,1,1,1,1,1,1,1,1,1,1,1,1,1,1,1,1,1,1,1,1,1,1,1,1,1,1,1,1,1,1,1,1,1,1,1,1,1,1,1,1,1,1,1,1,1,1,1,1,1,1,1,1,1,1,1,1,1,1,1,1,1,1,0
2026-06-13 01:00:00,47.24249675,0,0,0,0,0,0,0.0194833333333333,1.22719833333333,5.70619,7.81380666666667,5.33752833333333,3.82553,3.19755666666667,3.06773166666667,3.167875,2.03775666666667,1.01400833333333,0.750793333333333,0.629993333333333,0.62823,0.677655,0.79679,0.824311666666667,0.790105,0.644498333333333,0.610798333333333,0.572401666666667,0.504553333333333,0.484155,0.4709,0.394205,0.40331,0.326493333333333,0.291608333333333,0.230878333333333,0.203881666666667,0.182668333333333,0.143431666666667,0.11977,0.104658333333333,0.0917816666666667,0.0572116666666667,0.0613816666666667,0.0461566666666667,0.0358566666666667,0.0362416666666667,0.0310516666666667,0.023315,0.0205516666666667,0.01952,0.0114816666666667,0.0108716666666667,0.00475,0.007645,0.00674333333333333,0.003885,0.003325,0.00298166666666667,0.00225166666666667,0.000853333333333333,0.00123333333333333,0.00164666666666667,0.0013,0.000461666666666667,0.0000383333333333333,0,0.000288333333333333,0.000131666666666667,0,0,0,0.0000216666666666667,0.0000633333333333333,0.0000683333333333333,0.0000733333333333333,0.0000783333333333333,0.0000833333333333333,0.000025,0,1,0,0,0,0,0,0,1,1,1,1,1,1,1,1,1,1,1,1,1,1,1,1,1,1,1,1,1,1,1,1,1,1,1,1,1,1,1,1,1,1,1,1,1,1,1,1,1,1,1,1,1,1,1,1,1,1,1,1,1,1,1,1,1,1,1,1,1,1,1,1,1,1,1,1,1,1,1,1,0
2026-06-13 02:00:00,44.5568834,0,0,0,0,0,0,0.01687,1.16046833333333,5.36868666666667,7.27373333333333,5.12604166666667,3.55602,2.91042,2.70693833333333,2.89603,1.92426666666667,0.942773333333333,0.720166666666667,0.650073333333333,0.60662,0.679096666666667,0.723571666666667,0.779455,0.700495,0.613573333333333,0.606885,0.53105,0.490925,0.456258333333333,0.433671666666667,0.370563333333333,0.354863333333333,0.296168333333333,0.265141666666667,0.217958333333333,0.22112,0.162873333333333,0.148766666666667,0.12021,0.09273,0.071895,0.0582433333333333,0.05708,0.0413783333333333,0.0450066666666667,0.033375,0.0271683333333333,0.027725,0.017135,0.0189366666666667,0.0128233333333333,0.0104816666666667,0.00917333333333333,0.00550166666666667,0.006035,0.00403166666666667,0.00433,0.00479,0.00259166666666667,0.00153166666666667,0.00019,0.000661666666666667,0.000425,0.000423333333333333,0.000423333333333333,0.000283333333333333,0.000558333333333333,0.000398333333333333,0.000241666666666667,0.000193333333333333,0.00016,0.00073,0.00019,0.000205,0.00022,0.000235,0.00025,0.000075,0,1,0,0,0,0,0,0,1,1,1,1,1,1,1,1,1,1,1,1,1,1,1,1,1,1,1,1,1,1,1,1,1,1,1,1,1,1,1,1,1,1,1,1,1,1,1,1,1,1,1,1,1,1,1,1,1,1,1,1,1,1,1,1,1,1,1,1,1,1,1,1,1,1,1,1,1,1,1,1,0
2026-06-13 03:00:00,34.7875247166667,0,0,0,0,0,0,0.0184033333333333,0.992823333333333,4.38523666666667,5.7739,3.96126666666667,2.72207166666667,2.18138166666667,2.03145,2.12096833333333,1.410665,0.747945,0.564505,0.525966666666667,0.489735,0.518118333333333,0.590693333333333,0.613961666666667,0.553105,0.522138333333333,0.444925,0.433271666666667,0.38303,0.356968333333333,0.366845,0.27882,0.282468333333333,0.235728333333333,0.196935,0.179113333333333,0.17266,0.146413333333333,0.122328333333333,0.0897266666666667,0.0769833333333333,0.0682916666666667,0.0661183333333333,0.0560416666666667,0.033375,0.0322533333333333,0.0304683333333333,0.0237733333333333,0.018975,0.020655,0.01287,0.0106333333333333,0.008385,0.00739833333333333,0.00619833333333333,0.00323333333333333,0.00309166666666667,0.00169166666666667,0.00166333333333333,0.00169,0.00135833333333333,0.00128,0.000748333333333333,0.000101666666666667,0.00123166666666667,0.00046,0.000843333333333333,0.000708333333333333,0.000968333333333333,0,0.000415,0,0.0000216666666666667,0.0000633333333333333,0.0000683333333333333,0.0000733333333333333,0.0000783333333333333,0.0000833333333333333,0.000025,0,1,0,0,0,0,0,0,1,1,1,1,1,1,1,1,1,1,1,1,1,1,1,1,1,1,1,1,1,1,1,1,1,1,1,1,1,1,1,1,1,1,1,1,1,1,1,1,1,1,1,1,1,1,1,1,1,1,1,1,1,1,1,1,1,1,1,1,1,1,1,1,1,1,1,1,1,1,1,1,0
2026-06-13 04:00:00,28.32719055,0,0,0,0,0,0,0.01646,0.809328333333333,3.674355,4.88781666666667,3.23054333333333,2.12404666666667,1.74994333333333,1.63557,1.63768833333333,1.11103166666667,0.608691666666667,0.48059,0.433373333333333,0.432978333333333,0.473166666666667,0.500476666666667,0.505468333333333,0.455438333333333,0.408803333333333,0.369893333333333,0.344281666666667,0.361663333333333,0.28864,0.277615,0.21883,0.232923333333333,0.194653333333333,0.166116666666667,0.15246,0.12888,0.106318333333333,0.0921333333333333,0.0679916666666667,0.0607683333333333,0.0500283333333333,0.0484166666666667,0.0392666666666667,0.032705,0.0266883333333333,0.0198683333333333,0.01771,0.0155816666666667,0.0181383333333333,0.00960166666666667,0.00722333333333333,0.00553833333333333,0.00528666666666667,0.00656,0.00609166666666667,0.00413333333333333,0.00286666666666667,0.00297833333333333,0.00114166666666667,0.00153333333333333,0.000853333333333333,0,0.000425,0.00161666666666667,0.00092,0,0,0.000398333333333333,0.0000183333333333333,0,0,0.000455,0.000126666666666667,0.000136666666666667,0.000146666666666667,0.000156666666666667,0.000166666666666667,0.00005,0,1,0,0,0,0,0,0,1,1,1,1,1,1,1,1,1,1,1,1,1,1,1,1,1,1,1,1,1,1,1,1,1,1,1,1,1,1,1,1,1,1,1,1,1,1,1,1,1,1,1,1,1,1,1,1,1,1,1,1,1,1,1,1,1,1,1,1,1,1,1,1,1,1,1,1,1,1,1,1,0
2026-06-13 05:00:00,21.7322895333333,0,0,0,0,0,0,0.0145916666666667,0.654793333333333,2.95213333333333,3.777475,2.43998666666667,1.63776833333333,1.30753833333333,1.22365333333333,1.08773333333333,0.759041666666667,0.448563333333333,0.33747,0.300156666666667,0.287403333333333,0.316113333333333,0.351591666666667,0.354031666666667,0.327616666666667,0.282181666666667,0.268243333333333,0.268358333333333,0.248566666666667,0.221845,0.203841666666667,0.175775,0.160376666666667,0.146333333333333,0.117606666666667,0.0979616666666667,0.0918066666666667,0.086785,0.0665416666666667,0.059575,0.05274,0.0360433333333333,0.03062,0.0287683333333333,0.0173683333333333,0.0212566666666667,0.0171616666666667,0.0106816666666667,0.0151533333333333,0.009135,0.008795,0.00965666666666667,0.00631333333333333,0.00336,0.00478166666666667,0.002335,0.00129,0.00086,0.001175,0.00199833333333333,0.00324166666666667,0.000426666666666667,0,0.000425,0,0.00119166666666667,0.00078,0.000558333333333333,0,0,0,0,0.00013,0.00038,0.000408333333333333,0.000438333333333333,0.00047,0.000501666666666667,0.000148333333333333,0,1,0,0,0,0,0,0,1,1,1,1,1,1,1,1,1,1,1,1,1,1,1,1,1,1,1,1,1,1,1,1,1,1,1,1,1,1,1,1,1,1,1,1,1,1,1,1,1,1,1,1,1,1,1,1,1,1,1,1,1,1,1,1,1,1,1,1,1,1,1,1,1,1,1,1,1,1,1,1,0
2026-06-13 06:00:00,22.0368662833333,0,0,0,0,0,0,0.0138616666666667,0.706783333333333,3.34123833333333,4.26766333333333,2.69454666666667,1.79782833333333,1.40736833333333,1.300765,1.01332166666667,0.647766666666667,0.389225,0.302048333333333,0.271105,0.264635,0.258571666666667,0.29255,0.305915,0.279948333333333,0.260255,0.222201666666667,0.218311666666667,0.187995,0.182246666666667,0.183131666666667,0.160813333333333,0.147468333333333,0.143793333333333,0.101371666666667,0.0893316666666667,0.0836083333333333,0.07323,0.061185,0.0463566666666667,0.0359316666666667,0.031415,0.02959,0.0236733333333333,0.0156583333333333,0.0119316666666667,0.0106866666666667,0.011215,0.00706833333333333,0.00839833333333333,0.00946833333333333,0.005555,0.00713333333333333,0.00463,0.00469333333333333,0.00426166666666667,0.0016,0.000601666666666667,0.00149,0.000483333333333333,0.00128,0.00123333333333333,0.000473333333333333,0,0.000423333333333333,0.000423333333333333,0,0,0.000418333333333333,0.000833333333333333,0,0.00016,0.000448333333333333,0.00057,0.000611666666666667,0.000656666666666667,0.000705,0.000753333333333333,0.000221666666666667,0,1,0,0,0,0,0,0,1,1,1,1,1,1,1,1,1,1,1,1,1,1,1,1,1,1,1,1,1,1,1,1,1,1,1,1,1,1,1,1,1,1,1,1,1,1,1,1,1,1,1,1,1,1,1,1,1,1,1,1,1,1,1,1,1,1,1,1,1,1,1,1,1,1,1,1,1,1,1,1,0
2026-06-13 07:00:00,23.52299085,0,0,0,0,0,0,0.012425,0.827018333333333,3.63069333333333,4.80255833333333,3.06034833333333,1.988385,1.55790666666667,1.404465,0.992125,0.558208333333333,0.37663,0.278085,0.26587,0.236988333333333,0.255988333333333,0.294293333333333,0.272066666666667,0.26966,0.245735,0.241265,0.221208333333333,0.20429,0.185401666666667,0.165981666666667,0.148143333333333,0.13874,0.120741666666667,0.110643333333333,0.09038,0.08379,0.0602266666666667,0.0581033333333333,0.0476783333333333,0.0353516666666667,0.030635,0.021835,0.0206983333333333,0.013285,0.0166916666666667,0.014525,0.008955,0.00762666666666667,0.00489,0.00579666666666667,0.00598333333333333,0.003805,0.00585666666666667,0.00346833333333333,0.00193833333333333,0.00134166666666667,0.00086,0.001175,0.001395,0,0.00038,0.00122166666666667,0.000913333333333333,0.0000383333333333333,0,0,0,0,0,0,0,0.00052,0.000316666666666667,0.00034,0.000365,0.000391666666666667,0.000418333333333333,0.000123333333333333,0,1,0,0,0,0,0,0,1,1,1,1,1,1,1,1,1,1,1,1,1,1,1,1,1,1,1,1,1,1,1,1,1,1,1,1,1,1,1,1,1,1,1,1,1,1,1,1,1,1,1,1,1,1,1,1,1,1,1,1,1,1,1,1,1,1,1,1,1,1,1,1,1,1,1,1,1,1,1,1,0
2026-06-13 08:00:00,24.5481884,0,0,0,0,0,0,0.0131816666666667,0.849303333333333,3.71375333333333,4.61395333333333,3.06115333333333,2.16627,1.85868833333333,1.78983,1.13167333333333,0.611453333333333,0.390591666666667,0.286521666666667,0.265076666666667,0.253676666666667,0.268918333333333,0.289645,0.291048333333333,0.2628,0.221145,0.201695,0.174581666666667,0.175701666666667,0.163993333333333,0.154651666666667,0.122631666666667,0.130125,0.11931,0.0918833333333333,0.0939533333333333,0.0709366666666667,0.06647,0.0518183333333333,0.0376816666666667,0.0312683333333333,0.0313033333333333,0.022495,0.0200966666666667,0.0200433333333333,0.011,0.00988666666666667,0.010415,0.00830166666666667,0.00529666666666667,0.00435166666666667,0.006685,0.00462666666666667,0.00319833333333333,0.00233166666666667,0.003145,0.00139833333333333,0.00200666666666667,0.001375,0.00171333333333333,0.000856666666666667,0.00170666666666667,0.00085,0.000425,0.000808333333333333,0.000385,0.000075,0,0.000418333333333333,0.00105666666666667,0.000608333333333333,0.00016,0.000405,0.000443333333333333,0.000478333333333333,0.000513333333333333,0.000548333333333333,0.000583333333333333,0.000175,0,1,0,0,0,0,0,0,1,1,1,1,1,1,1,1,1,1,1,1,1,1,1,1,1,1,1,1,1,1,1,1,1,1,1,1,1,1,1,1,1,1,1,1,1,1,1,1,1,1,1,1,1,1,1,1,1,1,1,1,1,1,1,1,1,1,1,1,1,1,1,1,1,1,1,1,1,1,1,1,0
2026-06-13 09:00:00,26.2795774166667,0,0,0,0,0,0,0.0137033333333333,0.92895,4.10779,5.10357333333333,3.40737333333333,2.413885,2.07879,1.99642166666667,1.313675,0.636301666666667,0.385635,0.2831,0.238301666666667,0.236706666666667,0.241473333333333,0.267751666666667,0.2622,0.252786666666667,0.221865,0.202471666666667,0.187876666666667,0.181798333333333,0.13683,0.151365,0.11847,0.12538,0.112253333333333,0.100273333333333,0.0851683333333333,0.0850683333333333,0.0629416666666667,0.0587666666666667,0.045415,0.0361316666666667,0.0273683333333333,0.0229116666666667,0.0161266666666667,0.01148,0.0146333333333333,0.0121433333333333,0.00751666666666667,0.009295,0.00647166666666667,0.00581833333333333,0.00736333333333333,0.00293833333333333,0.00295166666666667,0.00177833333333333,0.00251833333333333,0.00233333333333333,0.00143333333333333,0.002295,0.000966666666666667,0,0.000426666666666667,0.000323333333333333,0.000951666666666667,0,0,0,0,0.000816666666666667,0.0000183333333333333,0.000173333333333333,0.00024,0.000541666666666667,0.00038,0.00041,0.00044,0.00047,0.0005,0.00015,0,1,0,0,0,0,0,0,1,1,1,1,1,1,1,1,1,1,1,1,1,1,1,1,1,1,1,1,1,1,1,1,1,1,1,1,1,1,1,1,1,1,1,1,1,1,1,1,1,1,1,1,1,1,1,1,1,1,1,1,1,1,1,1,1,1,1,1,1,1,1,1,1,1,1,1,1,1,1,1,0
2026-06-13 10:00:00,30.1280809833333,0,0,0,0,0,0,0.014995,0.919663333333333,4.138595,5.44339666666667,4.073405,3.12373666666667,2.73849666666667,2.69171166666667,1.60674166666667,0.768076666666667,0.46415,0.322288333333333,0.279443333333333,0.265388333333333,0.268321666666667,0.290203333333333,0.282023333333333,0.286695,0.2265,0.206071666666667,0.186228333333333,0.196076666666667,0.144105,0.154435,0.148335,0.121426666666667,0.111445,0.0998483333333333,0.09985,0.0745683333333333,0.0699933333333333,0.05765,0.048715,0.03712,0.0304183333333333,0.020575,0.0230416666666667,0.0125133333333333,0.0172483333333333,0.012995,0.00845333333333333,0.0123916666666667,0.00861,0.00723333333333333,0.004275,0.0054,0.00299833333333333,0.00160166666666667,0.00361166666666667,0.00145,0.00329666666666667,0.00175,0.000833333333333333,0.00135833333333333,0.000426666666666667,0.00085,0.00166166666666667,0.000461666666666667,0.00119,0.000918333333333333,0.00112833333333333,0.00055,0,0.000415,0.000826666666666667,0.0000216666666666667,0.0000633333333333333,0.0000683333333333333,0.0000733333333333333,0.0000783333333333333,0.0000833333333333333,0.000025,0,1,0,0,0,0,0,0,1,1,1,1,1,1,1,1,1,1,1,1,1,1,1,1,1,1,1,1,1,1,1,1,1,1,1,1,1,1,1,1,1,1,1,1,1,1,1,1,1,1,1,1,1,1,1,1,1,1,1,1,1,1,1,1,1,1,1,1,1,1,1,1,1,1,1,1,1,1,1,1,0
2026-06-13 11:00:00,28.4591172,0,0,0,0,0,0,0.0213883333333333,0.886411666666667,3.79569833333333,5.22807666666667,3.85930666666667,2.87463166666667,2.58865166666667,2.63339666666667,1.42600666666667,0.64614,0.421905,0.297375,0.232373333333333,0.24072,0.250866666666667,0.256211666666667,0.234401666666667,0.237535,0.196591666666667,0.191256666666667,0.190363333333333,0.164445,0.149585,0.141203333333333,0.11202,0.139323333333333,0.114411666666667,0.08747,0.08432,0.077115,0.0533983333333333,0.0535666666666667,0.0408033333333333,0.0343033333333333,0.0324916666666667,0.0220633333333333,0.020275,0.0192616666666667,0.0122766666666667,0.0117083333333333,0.00621333333333333,0.00587333333333333,0.00514,0.00475833333333333,0.00451833333333333,0.00335,0.00410666666666667,0.00398833333333333,0.00104,0.001805,0.002495,0.00209166666666667,0.000055,0.000426666666666667,0.000616666666666667,0.000661666666666667,0,0.000808333333333333,0.000461666666666667,0,0.000288333333333333,0.000131666666666667,0,0,0.000413333333333333,0.0000216666666666667,0.0000633333333333333,0.0000683333333333333,0.0000733333333333333,0.0000783333333333333,0.0000833333333333333,0.000025,0,1,0,0,0,0,0,0,1,1,1,1,1,1,1,1,1,1,1,1,1,1,1,1,1,1,1,1,1,1,1,1,1,1,1,1,1,1,1,1,1,1,1,1,1,1,1,1,1,1,1,1,1,1,1,1,1,1,1,1,1,1,1,1,1,1,1,1,1,1,1,1,1,1,1,1,1,1,1,1,0
2026-06-13 12:00:00,29.2253226333333,0,0,0,0,0,0,0.0129683333333333,0.884095,4.06371666666667,5.56433666666667,4.09776666666667,3.21794,2.74882833333333,2.67888166666667,1.50663333333333,0.64518,0.377133333333333,0.29499,0.23697,0.247968333333333,0.22385,0.249783333333333,0.239293333333333,0.221683333333333,0.200623333333333,0.166336666666667,0.151038333333333,0.15348,0.136943333333333,0.136506666666667,0.115305,0.119391666666667,0.10053,0.094615,0.0773333333333333,0.0717716666666667,0.0566183333333333,0.05644,0.048995,0.0345716666666667,0.0261983333333333,0.0258916666666667,0.0177316666666667,0.0168033333333333,0.0133166666666667,0.0116733333333333,0.00708,0.00658,0.00588166666666667,0.00979166666666667,0.005595,0.004625,0.00336,0.00419166666666667,0.002695,0.00373833333333333,0.00372833333333333,0.00123166666666667,0.000483333333333333,0.00128333333333333,0.000616666666666667,0.000985,0.000488333333333333,0.000461666666666667,0,0,0,0.000418333333333333,0.000416666666666667,0.000415,0.000413333333333333,0.0000866666666666667,0.000253333333333333,0.000273333333333333,0.000293333333333333,0.000313333333333333,0.000333333333333333,0.0001,0,1,0,0,0,0,0,0,1,1,1,1,1,1,1,1,1,1,1,1,1,1,1,1,1,1,1,1,1,1,1,1,1,1,1,1,1,1,1,1,1,1,1,1,1,1,1,1,1,1,1,1,1,1,1,1,1,1,1,1,1,1,1,1,1,1,1,1,1,1,1,1,1,1,1,1,1,1,1,1,0
2026-06-13 13:00:00,29.3080952333333,0,0,0,0,0,0,0.01671,0.857223333333333,4.11190833333333,5.65829333333333,4.16751333333333,3.19257666666667,2.82937166666667,2.69528333333333,1.473655,0.645726666666667,0.40119,0.273506666666667,0.231311666666667,0.219816666666667,0.221028333333333,0.245608333333333,0.230113333333333,0.202988333333333,0.170368333333333,0.154476666666667,0.142615,0.131175,0.114861666666667,0.11384,0.102328333333333,0.113825,0.077465,0.0687733333333333,0.0659566666666667,0.0631583333333333,0.0562816666666667,0.0511716666666667,0.039635,0.034645,0.0281383333333333,0.0190183333333333,0.0126333333333333,0.0108066666666667,0.0119683333333333,0.009515,0.0116383333333333,0.00944666666666667,0.005365,0.00334833333333333,0.00416833333333333,0.00246,0.002905,0.00296666666666667,0.00150666666666667,0.0018,0.002465,0.000516666666666667,0,0.000853333333333333,0.000853333333333333,0.000851666666666667,0,0.000385,0.0000383333333333333,0.000843333333333333,0,0,0,0.000415,0.000413333333333333,0.000108333333333333,0.000316666666666667,0.00034,0.000365,0.000391666666666667,0.000418333333333333,0.000123333333333333,0,1,0,0,0,0,0,0,1,1,1,1,1,1,1,1,1,1,1,1,1,1,1,1,1,1,1,1,1,1,1,1,1,1,1,1,1,1,1,1,1,1,1,1,1,1,1,1,1,1,1,1,1,1,1,1,1,1,1,1,1,1,1,1,1,1,1,1,1,1,1,1,1,1,1,1,1,1,1,1,0
2026-06-13 14:00:00,34.34219765,0,0,0,0,0,0,0.0174333333333333,1.08627166666667,4.81185333333333,6.763455,5.04837666666667,3.90499166666667,3.38797166666667,3.275915,1.81979666666667,0.756098333333333,0.486115,0.299451666666667,0.245498333333333,0.247988333333333,0.241011666666667,0.282428333333333,0.258718333333333,0.2027,0.169646666666667,0.155073333333333,0.145193333333333,0.144213333333333,0.130158333333333,0.117738333333333,0.105265,0.111353333333333,0.08792,0.0794866666666667,0.06736,0.0582883333333333,0.052315,0.047465,0.0484616666666667,0.03108,0.0269516666666667,0.02314,0.0172733333333333,0.009685,0.0127533333333333,0.008265,0.00685166666666667,0.00877333333333333,0.00603333333333333,0.00625666666666667,0.00518166666666667,0.00416833333333333,0.00138833333333333,0.0031,0.00192,0.00322333333333333,0.001835,0.001435,0.000966666666666667,0.000856666666666667,0.000616666666666667,0.001835,0.000101666666666667,0.000385,0.0000383333333333333,0.000843333333333333,0.000708333333333333,0.00055,0.000416666666666667,0,0.000413333333333333,0.0000216666666666667,0.0000633333333333333,0.0000683333333333333,0.0000733333333333333,0.0000783333333333333,0.0000833333333333333,0.000025,0,1,0,0,0,0,0,0,1,1,1,1,1,1,1,1,1,1,1,1,1,1,1,1,1,1,1,1,1,1,1,1,1,1,1,1,1,1,1,1,1,1,1,1,1,1,1,1,1,1,1,1,1,1,1,1,1,1,1,1,1,1,1,1,1,1,1,1,1,1,1,1,1,1,1,1,1,1,1,1,0
2026-06-13 15:00:00,31.6424616666667,0,0,0,0,0,0,0.0191783333333333,1.06538333333333,4.61239,6.25099333333333,4.491295,3.41293,2.96798166666667,2.94511833333333,1.80209166666667,0.801471666666667,0.447025,0.28049,0.25179,0.21034,0.228251666666667,0.227093333333333,0.23604,0.194913333333333,0.163288333333333,0.154663333333333,0.155938333333333,0.13633,0.11564,0.11968,0.10351,0.0979216666666667,0.0872633333333333,0.070655,0.0667833333333333,0.0652016666666667,0.0549733333333333,0.0497916666666667,0.0379366666666667,0.0294266666666667,0.027805,0.01551,0.0192,0.0121416666666667,0.0129683333333333,0.00819,0.00788333333333333,0.00495,0.00476166666666667,0.00494166666666667,0.00262333333333333,0.00339666666666667,0.00331333333333333,0.003505,0.003055,0.00180166666666667,0.00237833333333333,0.00189333333333333,0.00103166666666667,0.00110666666666667,0.00128,0.00085,0.000425,0,0,0.00141,0.00153666666666667,0.000418333333333333,0.000833333333333333,0.000415,0.00124,0.00052,0.000316666666666667,0.000341666666666667,0.000366666666666667,0.000391666666666667,0.000416666666666667,0.000125,0,1,0,0,0,0,0,0,1,1,1,1,1,1,1,1,1,1,1,1,1,1,1,1,1,1,1,1,1,1,1,1,1,1,1,1,1,1,1,1,1,1,1,1,1,1,1,1,1,1,1,1,1,1,1,1,1,1,1,1,1,1,1,1,1,1,1,1,1,1,1,1,1,1,1,1,1,1,1,1,0
2026-06-13 16:00:00,40.6997361666667,0,0,0,0,0,0,0.02485,1.39768333333333,6.116875,8.30901,5.90674833333333,4.477605,3.822895,3.58388833333333,2.270205,1.00167166666667,0.590175,0.345231666666667,0.258468333333333,0.236273333333333,0.24074,0.280341666666667,0.28638,0.254246666666667,0.197475,0.17485,0.152558333333333,0.148691666666667,0.129891666666667,0.130475,0.10069,0.088145,0.079835,0.0724983333333333,0.0686616666666667,0.059025,0.0518716666666667,0.03953,0.0369533333333333,0.0275366666666667,0.019265,0.0170266666666667,0.0235283333333333,0.0101816666666667,0.00966,0.009975,0.00859833333333333,0.006615,0.00743666666666667,0.00766666666666667,0.00507666666666667,0.00332666666666667,0.00240333333333333,0.00321333333333333,0.00170833333333333,0.002255,0,0.001175,0.000538333333333333,0.000853333333333333,0.000426666666666667,0.00107166666666667,0.00059,0.000423333333333333,0.000461666666666667,0,0.00042,0,0.000833333333333333,0,0,0.00013,0.00038,0.00041,0.00044,0.00047,0.0005,0.00015,0,1,0,0,0,0,0,0,1,1,1,1,1,1,1,1,1,1,1,1,1,1,1,1,1,1,1,1,1,1,1,1,1,1,1,1,1,1,1,1,1,1,1,1,1,1,1,1,1,1,1,1,1,1,1,1,1,1,1,1,1,1,1,1,1,1,1,1,1,1,1,1,1,1,1,1,1,1,1,1,0
2026-06-13 17:00:00,49.2765521666667,0,0,0,0,0,0,0.0374783333333333,1.65515166666667,7.334615,10.081885,7.353495,5.44451833333333,4.68475833333333,4.54271,2.54607833333333,1.00156666666667,0.637411666666667,0.382865,0.291725,0.290435,0.316335,0.378873333333333,0.32592,0.274868333333333,0.237765,0.197833333333333,0.209211666666667,0.200725,0.163926666666667,0.167956666666667,0.126335,0.136235,0.0985916666666667,0.0883316666666667,0.0749766666666667,0.0698583333333333,0.0562133333333333,0.0427066666666667,0.0402233333333333,0.0311983333333333,0.0295466666666667,0.024015,0.0176133333333333,0.00977666666666667,0.01621,0.012305,0.00853166666666667,0.01212,0.00396666666666667,0.00545833333333333,0.00381833333333333,0.00506,0.00218166666666667,0.00214,0.00241166666666667,0.001605,0.00372666666666667,0.00206666666666667,0.00187833333333333,0.00128166666666667,0.000853333333333333,0.000323333333333333,0.000951666666666667,0.000846666666666667,0,0,0.00042,0.000418333333333333,0,0,0.000413333333333333,0.0000433333333333333,0.000126666666666667,0.000136666666666667,0.000146666666666667,0.000156666666666667,0.000166666666666667,0.00005,0,1,0,0,0,0,0,0,1,1,1,1,1,1,1,1,1,1,1,1,1,1,1,1,1,1,1,1,1,1,1,1,1,1,1,1,1,1,1,1,1,1,1,1,1,1,1,1,1,1,1,1,1,1,1,1,1,1,1,1,1,1,1,1,1,1,1,1,1,1,1,1,1,1,1,1,1,1,1,1,0
2026-06-13 18:00:00,48.2401206363636,0,0,0,0,0,0,0.0277818181818182,1.64782727272727,7.16843272727273,9.61999272727273,7.10494727272727,5.36297090909091,4.53734727272727,4.50152909090909,2.40862,1.05194545454545,0.66988,0.371198181818182,0.298958181818182,0.268643636363636,0.272398181818182,0.356598181818182,0.30664,0.271605454545455,0.196103636363636,0.184212727272727,0.210356363636364,0.213594545454545,0.161814545454545,0.180450909090909,0.14074,0.128098181818182,0.1098,0.0905872727272727,0.0785563636363636,0.0665690909090909,0.0595509090909091,0.0360054545454545,0.0332890909090909,0.0260090909090909,0.0204254545454545,0.0233909090909091,0.0130945454545455,0.0127272727272727,0.0100581818181818,0.00740727272727273,0.00805454545454545,0.00431090909090909,0.00619090909090909,0.00415090909090909,0.00563090909090909,0.00365454545454545,0.00269818181818182,0.00325636363636364,0.00196,0.00198909090909091,0,0.00234181818181818,0.000658181818181818,0.00167272727272727,0.000930909090909091,0,0,0,0,0.000309090909090909,0.000150909090909091,0,0.000909090909090909,0,0,0.0000236363636363636,0.0000690909090909091,0.0000745454545454546,0.00008,0.0000854545454545455,0.0000909090909090909,0.0000272727272727273,0,1,0,0,0,0,0,0,1,1,1,1,1,1,1,1,1,1,1,1,1,1,1,1,1,1,1,1,1,1,1,1,1,1,1,1,1,1,1,1,1,1,1,1,1,1,1,1,1,1,1,1,1,1,1,1,1,1,1,1,1,1,1,1,1,1,1,1,1,1,1,1,1,1,1,1,1,1,1,1,0
2026-06-13 19:00:00,50.6719108965517,0,0,0,0,0,0,0.0361844827586207,1.64701724137931,7.07180172413793,9.7569224137931,7.40207931034483,5.77490344827586,5.10528793103448,4.97018793103448,2.80231034482759,1.25736379310345,0.745227586206897,0.414787931034483,0.286194827586207,0.261639655172414,0.267493103448276,0.33295,0.27513275862069,0.237589655172414,0.185108620689655,0.163005172413793,0.158443103448276,0.171218965517241,0.139929310344828,0.156768965517241,0.114141379310345,0.109981034482759,0.0929103448275862,0.0826689655172414,0.0662586206896552,0.0620672413793103,0.0455413793103448,0.0329844827586207,0.0309948275862069,0.0192310344827586,0.0138086206896552,0.0108637931034483,0.0153568965517241,0.0115224137931034,0.0130155172413793,0.00842931034482759,0.0101775862068966,0.0059051724137931,0.00305689655172414,0.00557931034482759,0.00433275862068965,0.00478620689655172,0.00302931034482759,0.00155689655172414,0.00122931034482759,0.000610344827586207,0.00207586206896552,0.000979310344827586,0.00132931034482759,0.000886206896551724,0.000441379310344828,0.000439655172413793,0,0,0.000358620689655172,0.0000775862068965517,0,0,0.000862068965517241,0.000429310344827586,0.00016551724137931,0.000755172413793103,0.000196551724137931,0.000212068965517241,0.000227586206896552,0.000243103448275862,0.000258620689655172,0.0000775862068965517,0,1,0,0,0,0,0,0,1,1,1,1,1,1,1,1,1,1,1,1,1,1,1,1,1,1,1,1,1,1,1,1,1,1,1,1,1,1,1,1,1,1,1,1,1,1,1,1,1,1,1,1,1,1,1,1,1,1,1,1,1,1,1,1,1,1,1,1,1,1,1,1,1,1,1,1,1,1,1,1,0
2026-06-13 20:00:00,55.2864012166667,0,0,0,0,0,0,0.0340866666666667,1.618525,7.08037166666667,10.1577133333333,7.83522166666667,6.45348,5.90926,6.05528166666667,3.46792166666667,1.58513166666667,1.01094833333333,0.504621666666667,0.346366666666667,0.302623333333333,0.304231666666667,0.36173,0.281306666666667,0.254608333333333,0.200671666666667,0.172046666666667,0.17953,0.1931,0.147403333333333,0.175576666666667,0.11952,0.124081666666667,0.109508333333333,0.08305,0.069875,0.06042,0.0446133333333333,0.04016,0.031595,0.023605,0.0186183333333333,0.0144783333333333,0.013765,0.0157116666666667,0.01238,0.00732333333333333,0.0120033333333333,0.007305,0.00371333333333333,0.00380833333333333,0.005035,0.00125333333333333,0.00410666666666667,0.00244666666666667,0.003215,0.001015,0.001805,0.00152166666666667,0.000713333333333333,0.000678333333333333,0.00019,0.000236666666666667,0,0.000846666666666667,0,0.000988333333333333,0.000276666666666667,0,0,0.000415,0.000413333333333333,0.0000216666666666667,0.0000633333333333333,0.0000683333333333333,0.0000733333333333333,0.0000783333333333333,0.0000833333333333333,0.000025,0,1,0,0,0,0,0,0,1,1,1,1,1,1,1,1,1,1,1,1,1,1,1,1,1,1,1,1,1,1,1,1,1,1,1,1,1,1,1,1,1,1,1,1,1,1,1,1,1,1,1,1,1,1,1,1,1,1,1,1,1,1,1,1,1,1,1,1,1,1,1,1,1,1,1,1,1,1,1,1,0
2026-06-13 21:00:00,63.5651084,0,0,0,0,0,0,0.0328833333333333,1.83906666666667,8.17993,11.3928533333333,8.979275,7.28552166666667,6.51943166666667,6.66702333333333,3.986425,1.83073666666667,1.15987,0.614223333333333,0.389611666666667,0.3367,0.34512,0.420641666666667,0.350851666666667,0.299511666666667,0.238705,0.201643333333333,0.208411666666667,0.204415,0.172856666666667,0.188561666666667,0.140586666666667,0.135441666666667,0.111953333333333,0.0928383333333333,0.0724866666666667,0.07743,0.0669316666666667,0.045295,0.03992,0.0272016666666667,0.0226583333333333,0.0164183333333333,0.01373,0.00970833333333333,0.01273,0.00838833333333333,0.00678666666666667,0.00560166666666667,0.0108,0.00750666666666667,0.00662166666666667,0.00255166666666667,0.00456166666666667,0.00262333333333333,0.002175,0.001875,0.00206333333333333,0.000946666666666667,0.000603333333333333,0.000678333333333333,0,0.00117333333333333,0.000526666666666667,0,0.000846666666666667,0,0.000576666666666667,0.000263333333333333,0,0,0.000826666666666667,0.000065,0.00019,0.000205,0.00022,0.000235,0.00025,0.000075,0,1,0,0,0,0,0,0,1,1,1,1,1,1,1,1,1,1,1,1,1,1,1,1,1,1,1,1,1,1,1,1,1,1,1,1,1,1,1,1,1,1,1,1,1,1,1,1,1,1,1,1,1,1,1,1,1,1,1,1,1,1,1,1,1,1,1,1,1,1,1,1,1,1,1,1,1,1,1,1,0
2026-06-13 22:00:00,74.78743655,0,0,0,0,0,0,0.04539,2.12153,9.55507166666667,13.63036,10.6725583333333,8.63821666666667,7.66586666666667,7.511,5.08160666666667,2.22921166666667,1.31699666666667,0.717095,0.49888,0.385266666666667,0.404491666666667,0.454865,0.423833333333333,0.336693333333333,0.279873333333333,0.234626666666667,0.236623333333333,0.223861666666667,0.196835,0.197453333333333,0.171536666666667,0.151165,0.116601666666667,0.102403333333333,0.09767,0.08409,0.06933,0.0520516666666667,0.04022,0.0296633333333333,0.02506,0.020525,0.0176816666666667,0.0189583333333333,0.0152466666666667,0.0115983333333333,0.00974333333333333,0.00866,0.00926833333333333,0.00301,0.00633666666666667,0.00508166666666667,0.005425,0.001505,0.00248333333333333,0.00403166666666667,0.00209333333333333,0.00086,0.000428333333333333,0.000426666666666667,0.000853333333333333,0.00117333333333333,0.000101666666666667,0.000808333333333333,0.00046,0,0.00042,0.000398333333333333,0.0000183333333333333,0,0,0.0000216666666666667,0.0000633333333333333,0.0000683333333333333,0.0000733333333333333,0.0000783333333333333,0.0000833333333333333,0.000025,0,1,0,0,0,0,0,0,1,1,1,1,1,1,1,1,1,1,1,1,1,1,1,1,1,1,1,1,1,1,1,1,1,1,1,1,1,1,1,1,1,1,1,1,1,1,1,1,1,1,1,1,1,1,1,1,1,1,1,1,1,1,1,1,1,1,1,1,1,1,1,1,1,1,1,1,1,1,1,1,0
2026-06-13 23:00:00,76.8494226333333,0,0,0,0,0,0,0.0433816666666667,2.43610666666667,10.787305,14.5101233333333,10.8820383333333,8.41609,7.22185166666667,6.75852,5.78125166666667,2.74722666666667,1.32004333333333,0.754338333333333,0.47409,0.389378333333333,0.38167,0.414508333333333,0.473576666666667,0.395073333333333,0.33731,0.247896666666667,0.230175,0.231498333333333,0.234126666666667,0.23118,0.165206666666667,0.176761666666667,0.157333333333333,0.141503333333333,0.116398333333333,0.0947483333333333,0.0805266666666667,0.0558516666666667,0.0416833333333333,0.03679,0.024655,0.0174366666666667,0.0250466666666667,0.0162466666666667,0.0121383333333333,0.00919833333333333,0.010695,0.00788333333333333,0.00845666666666667,0.00682666666666667,0.00681,0.00542333333333333,0.00665166666666667,0.00421666666666667,0.004675,0.002305,0.00249333333333333,0.00137333333333333,0.00257,0.000855,0.000616666666666667,0.00108666666666667,0.000811666666666667,0.00127,0.000806666666666667,0.000496666666666667,0,0,0.000416666666666667,0,0,0.0000433333333333333,0.000126666666666667,0.000136666666666667,0.000146666666666667,0.000156666666666667,0.000166666666666667,0.00005,0,1,0,0,0,0,0,0,1,1,1,1,1,1,1,1,1,1,1,1,1,1,1,1,1,1,1,1,1,1,1,1,1,1,1,1,1,1,1,1,1,1,1,1,1,1,1,1,1,1,1,1,1,1,1,1,1,1,1,1,1,1,1,1,1,1,1,1,1,1,1,1,1,1,1,1,1,1,1,1,0
2026-06-14,60.5441438833333,0,0,0,0,0,0,0.0408766666666667,2.027405,9.01768666666667,11.7472066666667,8.48092333333333,6.10023166666667,5.190615,4.730095,4.45424666666667,2.14322166666667,0.835555,0.539001666666667,0.349266666666667,0.30893,0.357743333333333,0.376798333333333,0.425206666666667,0.386596666666667,0.328773333333333,0.268901666666667,0.259071666666667,0.238588333333333,0.229391666666667,0.239115,0.189315,0.19576,0.16671,0.135716666666667,0.125855,0.10756,0.087845,0.0751816666666667,0.04422,0.0364883333333333,0.0309633333333333,0.0264116666666667,0.01786,0.0130733333333333,0.0129916666666667,0.0113333333333333,0.0119283333333333,0.00632333333333333,0.0117233333333333,0.008095,0.0129566666666667,0.00587833333333333,0.00177166666666667,0.00421,0.00303833333333333,0.001475,0.00358333333333333,0.000688333333333333,0.000175,0.000251666666666667,0.000426666666666667,0.00085,0.001275,0.000385,0.000461666666666667,0,0.00042,0.000398333333333333,0.000241666666666667,0.000608333333333333,0,0.000065,0.00019,0.000205,0.00022,0.000235,0.00025,0.000075,0,1,0,0,0,0,0,0,1,1,1,1,1,1,1,1,1,1,1,1,1,1,1,1,1,1,1,1,1,1,1,1,1,1,1,1,1,1,1,1,1,1,1,1,1,1,1,1,1,1,1,1,1,1,1,1,1,1,1,1,1,1,1,1,1,1,1,1,1,1,1,1,1,1,1,1,1,1,1,1,0
2026-06-14 01:00:00,68.6604297333333,0,0,0,0,0,0,0.0422916666666667,2.23957166666667,9.77857166666667,13.29591,9.64210833333333,7.09293666666667,5.91009166666667,5.31409666666667,5.14628833333333,2.67694,1.14837666666667,0.715605,0.45496,0.382151666666667,0.410421666666667,0.422185,0.466756666666667,0.414676666666667,0.348805,0.307496666666667,0.291293333333333,0.272363333333333,0.24513,0.239321666666667,0.215481666666667,0.179168333333333,0.162381666666667,0.134948333333333,0.113758333333333,0.107011666666667,0.0838883333333333,0.0638533333333333,0.05337,0.03234,0.0296733333333333,0.0246483333333333,0.0172483333333333,0.0193566666666667,0.016375,0.0147066666666667,0.00902833333333333,0.009475,0.00845833333333333,0.006785,0.00431833333333333,0.00585666666666667,0.00687333333333333,0.00418,0.00323333333333333,0.00177166666666667,0,0.00123166666666667,0.00219666666666667,0.00128166666666667,0,0.000425,0,0.00123166666666667,0.000883333333333333,0.000843333333333333,0,0,0,0,0,0.0000216666666666667,0.0000633333333333333,0.0000683333333333333,0.0000733333333333333,0.0000783333333333333,0.0000833333333333333,0.000025,0,1,0,0,0,0,0,0,1,1,1,1,1,1,1,1,1,1,1,1,1,1,1,1,1,1,1,1,1,1,1,1,1,1,1,1,1,1,1,1,1,1,1,1,1,1,1,1,1,1,1,1,1,1,1,1,1,1,1,1,1,1,1,1,1,1,1,1,1,1,1,1,1,1,1,1,1,1,1,1,0
2026-06-14 02:00:00,65.4292193833333,0,0,0,0,0,0,0.0292816666666667,2.09109166666667,9.62697166666667,13.0238466666667,9.17366833333333,6.575225,5.51145166666667,4.87545333333333,4.759065,2.49994666666667,0.979313333333333,0.61754,0.41064,0.337948333333333,0.350235,0.407826666666667,0.460948333333333,0.407885,0.368426666666667,0.280198333333333,0.287116666666667,0.256438333333333,0.229136666666667,0.227906666666667,0.196551666666667,0.187581666666667,0.152226666666667,0.144101666666667,0.106976666666667,0.0896116666666667,0.0800683333333333,0.0646333333333333,0.0520083333333333,0.0405333333333333,0.0364316666666667,0.0215933333333333,0.022325,0.0143516666666667,0.015215,0.01005,0.012455,0.0100533333333333,0.00935166666666667,0.00558333333333333,0.00726833333333333,0.00460333333333333,0.00410666666666667,0.00193666666666667,0.00296833333333333,0.00139833333333333,0.000803333333333333,0.000746666666666667,0.000966666666666667,0,0,0,0,0.00123166666666667,0.000883333333333333,0,0,0,0,0,0,0.0000216666666666667,0.0000633333333333333,0.0000683333333333333,0.0000733333333333333,0.0000783333333333333,0.0000833333333333333,0.000025,0,1,0,0,0,0,0,0,1,1,1,1,1,1,1,1,1,1,1,1,1,1,1,1,1,1,1,1,1,1,1,1,1,1,1,1,1,1,1,1,1,1,1,1,1,1,1,1,1,1,1,1,1,1,1,1,1,1,1,1,1,1,1,1,1,1,1,1,1,1,1,1,1,1,1,1,1,1,1,1,0
2026-06-14 03:00:00,65.9973595666667,0,0,0,0,0,0,0.0448866666666667,2.07324333333333,9.58018,13.2951616666667,9.60432666666667,6.643525,5.45962833333333,4.93367666666667,4.89654166666667,2.510815,1.010235,0.602503333333333,0.395471666666667,0.343831666666667,0.390576666666667,0.396141666666667,0.453013333333333,0.414453333333333,0.350088333333333,0.319968333333333,0.27822,0.25003,0.238668333333333,0.219901666666667,0.19487,0.187588333333333,0.163143333333333,0.13517,0.116646666666667,0.107355,0.0746283333333333,0.06473,0.0527766666666667,0.0364066666666667,0.0275816666666667,0.0190133333333333,0.0140183333333333,0.0127966666666667,0.0150316666666667,0.011945,0.0115633333333333,0.00996333333333333,0.009165,0.008275,0.00596666666666667,0.00588,0.00554333333333333,0.00272,0.00335666666666667,0.00231,0.00252333333333333,0.00252,0.00176833333333333,0.000426666666666667,0.00104333333333333,0.00108666666666667,0,0.000423333333333333,0,0.000283333333333333,0.000138333333333333,0,0,0.000415,0,0.0000433333333333333,0.000126666666666667,0.000136666666666667,0.000146666666666667,0.000156666666666667,0.000166666666666667,0.00005,0,1,0,0,0,0,0,0,1,1,1,1,1,1,1,1,1,1,1,1,1,1,1,1,1,1,1,1,1,1,1,1,1,1,1,1,1,1,1,1,1,1,1,1,1,1,1,1,1,1,1,1,1,1,1,1,1,1,1,1,1,1,1,1,1,1,1,1,1,1,1,1,1,1,1,1,1,1,1,1,0
2026-06-14 04:00:00,59.6992882166667,0,0,0,0,0,0,0.0343333333333333,1.94047,8.91944666666667,12.3858683333333,8.68500833333333,5.84916333333333,4.73869166666667,4.09016666666667,4.17352333333333,2.14942666666667,0.848933333333333,0.512391666666667,0.347596666666667,0.306891666666667,0.310436666666667,0.33302,0.394371666666667,0.393351666666667,0.326893333333333,0.263341666666667,0.279755,0.245101666666667,0.237676666666667,0.223616666666667,0.175726666666667,0.191371666666667,0.162406666666667,0.136101666666667,0.110751666666667,0.105953333333333,0.0838033333333333,0.0658433333333333,0.0500683333333333,0.03799,0.0248433333333333,0.021255,0.0243633333333333,0.0146933333333333,0.011835,0.0154183333333333,0.00777666666666667,0.01122,0.006135,0.00461,0.00386833333333333,0.00834166666666667,0.002835,0.00183166666666667,0.00433166666666667,0.00236166666666667,0.00157666666666667,0.002235,0.00146,0.001105,0.000853333333333333,0.000425,0.000425,0,0.00126666666666667,0,0.000288333333333333,0.000131666666666667,0,0.000173333333333333,0.000653333333333333,0.0000433333333333333,0.000126666666666667,0.000136666666666667,0.000146666666666667,0.000156666666666667,0.000166666666666667,0.00005,0,1,0,0,0,0,0,0,1,1,1,1,1,1,1,1,1,1,1,1,1,1,1,1,1,1,1,1,1,1,1,1,1,1,1,1,1,1,1,1,1,1,1,1,1,1,1,1,1,1,1,1,1,1,1,1,1,1,1,1,1,1,1,1,1,1,1,1,1,1,1,1,1,1,1,1,1,1,1,1,0
2026-06-14 05:00:00,56.9093699,0,0,0,0,0,0,0.0389566666666667,1.93238333333333,8.63966,11.7432416666667,8.24025333333333,5.61784166666667,4.53877833333333,3.903155,3.87865333333333,2.00824833333333,0.746213333333333,0.462295,0.295505,0.295531666666667,0.328913333333333,0.34563,0.414615,0.381176666666667,0.333476666666667,0.260165,0.237721666666667,0.250291666666667,0.239371666666667,0.20802,0.202398333333333,0.184171666666667,0.162911666666667,0.141223333333333,0.124826666666667,0.116943333333333,0.0899983333333333,0.0634266666666667,0.0435583333333333,0.0342666666666667,0.0302066666666667,0.0200716666666667,0.0168133333333333,0.0122,0.01432,0.0169383333333333,0.0117816666666667,0.00826666666666667,0.009015,0.00639,0.00518166666666667,0.00294,0.00651166666666667,0.00490333333333333,0.00231666666666667,0.00193666666666667,0.00341333333333333,0.00292166666666667,0.00171333333333333,0.000428333333333333,0.000426666666666667,0.00159833333333333,0.000488333333333333,0.000808333333333333,0.0000766666666666667,0.000283333333333333,0.000138333333333333,0,0.000416666666666667,0.000173333333333333,0.00024,0,0,0,0,0,0,0,0,1,0,0,0,0,0,0,1,1,1,1,1,1,1,1,1,1,1,1,1,1,1,1,1,1,1,1,1,1,1,1,1,1,1,1,1,1,1,1,1,1,1,1,1,1,1,1,1,1,1,1,1,1,1,1,1,1,1,1,1,1,1,1,1,1,1,1,1,1,1,1,1,1,1,1,1,1,1,1,0
2026-06-14 06:00:00,51.1787403666667,0,0,0,0,0,0,0.030245,1.693535,7.39578166666667,10.1899116666667,7.46715166666667,5.34649,4.42309166666667,3.890815,3.27316833333333,1.46066833333333,0.659991666666667,0.408228333333333,0.32573,0.305141666666667,0.296416666666667,0.358255,0.378296666666667,0.319225,0.283501666666667,0.243901666666667,0.22925,0.236606666666667,0.205993333333333,0.21268,0.198556666666667,0.182153333333333,0.163795,0.139908333333333,0.118468333333333,0.109673333333333,0.0906133333333333,0.07291,0.0509466666666667,0.0428216666666667,0.0376566666666667,0.026325,0.025545,0.0211016666666667,0.0178683333333333,0.0141783333333333,0.0125766666666667,0.0116866666666667,0.0103083333333333,0.00696,0.007395,0.00708666666666667,0.00331333333333333,0.003575,0.00467666666666667,0.00359833333333333,0.000773333333333333,0.001805,0.00249166666666667,0.00135666666666667,0.00170666666666667,0.000425,0.000425,0.000808333333333333,0.00123,0.000075,0.00042,0.000418333333333333,0.00064,0.000193333333333333,0,0,0,0,0,0,0,0,0,1,0,0,0,0,0,0,1,1,1,1,1,1,1,1,1,1,1,1,1,1,1,1,1,1,1,1,1,1,1,1,1,1,1,1,1,1,1,1,1,1,1,1,1,1,1,1,1,1,1,1,1,1,1,1,1,1,1,1,1,1,1,1,1,1,1,1,1,1,1,1,1,1,1,1,1,1,1,1,0
2026-06-14 07:00:00,60.9633770833333,0,0,0,0,0,0,0.0324133333333333,2.07951666666667,9.08242166666667,12.387485,9.32145833333333,7.12187,5.88324166666667,5.39646166666667,3.195935,1.08539833333333,0.589721666666667,0.370508333333333,0.26977,0.271575,0.28587,0.293105,0.31991,0.248028333333333,0.228075,0.210806666666667,0.176945,0.18635,0.176433333333333,0.16386,0.156731666666667,0.141956666666667,0.126143333333333,0.123176666666667,0.111038333333333,0.0964883333333333,0.0789783333333333,0.0607583333333333,0.0465616666666667,0.0376383333333333,0.0336116666666667,0.0257233333333333,0.0220983333333333,0.014815,0.016325,0.0118983333333333,0.00873166666666667,0.00674166666666667,0.00901166666666667,0.00387666666666667,0.00373666666666667,0.00378333333333333,0.00413,0.00296666666666667,0.001885,0.00185333333333333,0.00108833333333333,0.00232166666666667,0.00317333333333333,0.00068,0.00189666666666667,0.00141,0.000101666666666667,0.000808333333333333,0.0000383333333333333,0.000421666666666667,0.000288333333333333,0.000131666666666667,0,0,0,0.0000216666666666667,0.0000633333333333333,0.0000683333333333333,0.0000733333333333333,0.0000783333333333333,0.0000833333333333333,0.000025,0,1,0,0,0,0,0,0,1,1,1,1,1,1,1,1,1,1,1,1,1,1,1,1,1,1,1,1,1,1,1,1,1,1,1,1,1,1,1,1,1,1,1,1,1,1,1,1,1,1,1,1,1,1,1,1,1,1,1,1,1,1,1,1,1,1,1,1,1,1,1,1,1,1,1,1,1,1,1,1,0
2026-06-14 08:00:00,72.5919349333333,0,0,0,0,0,0,0.0618416666666667,2.967905,12.2020733333333,15.973085,11.5528933333333,8.62345,7.14198833333333,6.58033333333333,2.98771833333333,0.809991666666667,0.498456666666667,0.306308333333333,0.241318333333333,0.21563,0.232735,0.284626666666667,0.260888333333333,0.214338333333333,0.199063333333333,0.16806,0.175705,0.169346666666667,0.1535,0.150871666666667,0.128181666666667,0.129015,0.103365,0.109018333333333,0.0993016666666667,0.0744283333333333,0.0635333333333333,0.0576466666666667,0.0459916666666667,0.0331216666666667,0.031425,0.0216416666666667,0.0161,0.0150966666666667,0.01361,0.0114183333333333,0.0123683333333333,0.00656,0.00626833333333333,0.004945,0.00386166666666667,0.00417,0.00331333333333333,0.00262333333333333,0.00309166666666667,0.00185166666666667,0.00134666666666667,0.00281,0.00139666666666667,0.000426666666666667,0,0,0,0,0,0,0,0.000398333333333333,0.0000183333333333333,0,0,0.0000433333333333333,0.000126666666666667,0.000136666666666667,0.000146666666666667,0.000156666666666667,0.000166666666666667,0.00005,0,1,0,0,0,0,0,0,1,1,1,1,1,1,1,1,1,1,1,1,1,1,1,1,1,1,1,1,1,1,1,1,1,1,1,1,1,1,1,1,1,1,1,1,1,1,1,1,1,1,1,1,1,1,1,1,1,1,1,1,1,1,1,1,1,1,1,1,1,1,1,1,1,1,1,1,1,1,1,1,0
2026-06-14 09:00:00,128.58938385,0,0,0,0,0,0,0.0815983333333333,4.98363666666667,21.7613316666667,29.7745833333333,21.9635216666667,16.0391666666667,12.529465,10.7932066666667,4.36830666666667,1.05251,0.599328333333333,0.354093333333333,0.275855,0.255393333333333,0.262306666666667,0.30928,0.276495,0.261023333333333,0.20742,0.19086,0.186663333333333,0.202666666666667,0.178038333333333,0.171335,0.129483333333333,0.145145,0.117333333333333,0.0972783333333333,0.101155,0.078275,0.0719883333333333,0.0641316666666667,0.04536,0.03138,0.033185,0.02049,0.0181883333333333,0.014105,0.01424,0.0125616666666667,0.00889833333333333,0.002955,0.00759333333333333,0.002885,0.003905,0.00501333333333333,0.00322,0.003645,0.00348833333333333,0.00306166666666667,0.000773333333333333,0.000945,0.000175,0.001105,0.000853333333333333,0.000425,0.000386666666666667,0.000423333333333333,0.000385,0.000075,0,0,0.000416666666666667,0,0.000413333333333333,0,0,0,0,0,0,0,0,1,0,0,0,0,0,0,1,1,1,1,1,1,1,1,1,1,1,1,1,1,1,1,1,1,1,1,1,1,1,1,1,1,1,1,1,1,1,1,1,1,1,1,1,1,1,1,1,1,1,1,1,1,1,1,1,1,1,1,1,1,1,1,1,1,1,1,1,1,1,1,1,1,1,1,1,1,1,1,0
2026-06-14 10:00:00,203.698927366667,0,0,0,0,0,0,0.09724,5.72065666666667,26.9137433333333,42.0819333333333,36.0096133333333,29.290245,25.21767,22.5963883333333,8.24488833333333,1.62368,0.831958333333333,0.3925,0.296943333333333,0.271935,0.27574,0.325101666666667,0.28546,0.23298,0.190516666666667,0.175326666666667,0.18497,0.190215,0.174881666666667,0.214813333333333,0.143228333333333,0.14722,0.12714,0.10619,0.100618333333333,0.0893566666666667,0.0781316666666667,0.0536866666666667,0.055215,0.0354633333333333,0.03096,0.0197,0.0180916666666667,0.016995,0.0152166666666667,0.0107983333333333,0.0112683333333333,0.00694166666666667,0.00590166666666667,0.00555333333333333,0.00644166666666667,0.00465,0.00295166666666667,0.00325833333333333,0.00296666666666667,0.00257666666666667,0.00289666666666667,0.00123166666666667,0.00211833333333333,0.00135666666666667,0.000426666666666667,0.00085,0,0.00161666666666667,0.000498333333333333,0.000705,0.000138333333333333,0.000418333333333333,0,0,0,0.0000216666666666667,0.0000633333333333333,0.0000683333333333333,0.0000733333333333333,0.0000783333333333333,0.0000833333333333333,0.000025,0,1,0,0,0,0,0,0,1,1,1,1,1,1,1,1,1,1,1,1,1,1,1,1,1,1,1,1,1,1,1,1,1,1,1,1,1,1,1,1,1,1,1,1,1,1,1,1,1,1,1,1,1,1,1,1,1,1,1,1,1,1,1,1,1,1,1,1,1,1,1,1,1,1,1,1,1,1,1,1,0
2026-06-14 11:00:00,263.999441833333,0,0,0,0,0,0,0.130278333333333,7.44716,35.405655,53.5842166666667,45.6564,38.2520083333333,34.1993233333333,31.3676666666667,11.098665,2.06332333333333,0.866845,0.396086666666667,0.266203333333333,0.244221666666667,0.244323333333333,0.288621666666667,0.262898333333333,0.210116666666667,0.175185,0.14199,0.159665,0.148783333333333,0.13297,0.154353333333333,0.114738333333333,0.135471666666667,0.09956,0.09939,0.0972633333333333,0.0732083333333333,0.06209,0.05911,0.04304,0.0284316666666667,0.0276066666666667,0.021355,0.0242583333333333,0.0114566666666667,0.0123183333333333,0.0158,0.009475,0.00707,0.004555,0.00799,0.00394666666666667,0.00580833333333333,0.00329166666666667,0.00424333333333333,0.00148833333333333,0.00359666666666667,0.00146166666666667,0.001005,0.000538333333333333,0.000855,0.000853333333333333,0.000748333333333333,0.000913333333333333,0.000808333333333333,0.0000766666666666667,0.000843333333333333,0.00042,0,0,0,0.000573333333333333,0.000296666666666667,0.000126666666666667,0.000136666666666667,0.000146666666666667,0.000156666666666667,0.000166666666666667,0.00005,0,1,0,0,0,0,0,0,1,1,1,1,1,1,1,1,1,1,1,1,1,1,1,1,1,1,1,1,1,1,1,1,1,1,1,1,1,1,1,1,1,1,1,1,1,1,1,1,1,1,1,1,1,1,1,1,1,1,1,1,1,1,1,1,1,1,1,1,1,1,1,1,1,1,1,1,1,1,1,1,0
2026-06-14 12:00:00,363.358777383333,0,0,0,0,0,0,0.12395,8.11004333333333,41.5381033333333,70.5436216666667,66.0045166666667,56.8872016666667,50.1422833333333,42.9840966666667,17.4508683333333,3.71125833333333,1.12760666666667,0.490825,0.301346666666667,0.247523333333333,0.243761666666667,0.256041666666667,0.230055,0.193315,0.158236666666667,0.136936666666667,0.138435,0.138626666666667,0.124296666666667,0.14698,0.0955233333333333,0.111058333333333,0.102566666666667,0.0820616666666667,0.0859366666666667,0.06292,0.0581916666666667,0.0418316666666667,0.03518,0.0224966666666667,0.0256083333333333,0.0183416666666667,0.014995,0.0106783333333333,0.008565,0.00620666666666667,0.0102083333333333,0.00645,0.004275,0.0055,0.00512,0.00503666666666667,0.00424666666666667,0.00203333333333333,0.00199166666666667,0.001375,0.00180666666666667,0.00148666666666667,0.00143666666666667,0.00160833333333333,0.00170666666666667,0.000425,0,0.000846666666666667,0.000845,0.000421666666666667,0,0.000418333333333333,0.000223333333333333,0.000193333333333333,0.000826666666666667,0.000108333333333333,0.000316666666666667,0.000341666666666667,0.000366666666666667,0.000391666666666667,0.000416666666666667,0.000125,0,1,0,0,0,0,0,0,1,1,1,1,1,1,1,1,1,1,1,1,1,1,1,1,1,1,1,1,1,1,1,1,1,1,1,1,1,1,1,1,1,1,1,1,1,1,1,1,1,1,1,1,1,1,1,1,1,1,1,1,1,1,1,1,1,1,1,1,1,1,1,1,1,1,1,1,1,1,1,1,0
2026-06-14 13:00:00,377.358367433333,0,0,0,0,0,0,0.15949,9.54135,48.54888,80.9487883333333,71.6356266666667,57.3118216666667,46.7170116666667,37.3323483333333,17.17865,4.351745,1.16590666666667,0.501968333333333,0.30748,0.229985,0.235173333333333,0.248738333333333,0.223308333333333,0.18455,0.141196666666667,0.128988333333333,0.143255,0.124913333333333,0.111066666666667,0.114813333333333,0.088295,0.114566666666667,0.0862966666666667,0.0821633333333333,0.0725016666666667,0.0750433333333333,0.0565916666666667,0.0411783333333333,0.0304183333333333,0.032085,0.0173116666666667,0.0169333333333333,0.0189133333333333,0.01341,0.01221,0.00757333333333333,0.007805,0.00670333333333333,0.00404833333333333,0.00244,0.00470833333333333,0.00583333333333333,0.004445,0.003785,0.000898333333333333,0.00134166666666667,0.00163333333333333,0.00335166666666667,0.00102166666666667,0.000428333333333333,0.00038,0.000796666666666667,0.000101666666666667,0.000846666666666667,0.000843333333333333,0.000421666666666667,0.000576666666666667,0.000263333333333333,0.000416666666666667,0.000415,0.000573333333333333,0.00034,0.000253333333333333,0.000271666666666667,0.000291666666666667,0.000313333333333333,0.000335,0.0000983333333333333,0,1,0,0,0,0,0,0,1,1,1,1,1,1,1,1,1,1,1,1,1,1,1,1,1,1,1,1,1,1,1,1,1,1,1,1,1,1,1,1,1,1,1,1,1,1,1,1,1,1,1,1,1,1,1,1,1,1,1,1,1,1,1,1,1,1,1,1,1,1,1,1,1,1,1,1,1,1,1,1,0
2026-06-14 14:00:00,258.643905366667,0,0,0,0,0,0,0.161696666666667,9.52994,44.807255,65.02884,48.69688,33.9540383333333,24.52085,18.902395,8.57433166666667,1.968205,0.801605,0.381676666666667,0.274653333333333,0.227646666666667,0.221425,0.225993333333333,0.202926666666667,0.169363333333333,0.154063333333333,0.121726666666667,0.119678333333333,0.129756666666667,0.101303333333333,0.112045,0.0935183333333333,0.0952333333333333,0.0742733333333333,0.0778516666666667,0.0705383333333333,0.064575,0.056095,0.0394466666666667,0.032935,0.0287183333333333,0.0258316666666667,0.0181066666666667,0.0137483333333333,0.0117966666666667,0.00763666666666667,0.00751833333333333,0.00983333333333333,0.00859,0.00491833333333333,0.00417333333333333,0.00340833333333333,0.00460333333333333,0.00386166666666667,0.00214,0.004675,0.001905,0.000401666666666667,0.00123,0.00108666666666667,0.00153166666666667,0.000426666666666667,0.00085,0.00166166666666667,0.000461666666666667,0.000846666666666667,0.000421666666666667,0,0.000398333333333333,0.0000183333333333333,0,0,0.000065,0.00019,0.000205,0.00022,0.000235,0.00025,0.000075,0,1,0,0,0,0,0,0,1,1,1,1,1,1,1,1,1,1,1,1,1,1,1,1,1,1,1,1,1,1,1,1,1,1,1,1,1,1,1,1,1,1,1,1,1,1,1,1,1,1,1,1,1,1,1,1,1,1,1,1,1,1,1,1,1,1,1,1,1,1,1,1,1,1,1,1,1,1,1,1,0
2026-06-14 15:00:00,134.459485216667,0,0,0,0,0,0,0.140493333333333,6.52583833333333,26.2526766666667,32.18481,20.8322233333333,14.16749,11.2282533333333,10.2985266666667,6.26546666666667,1.728875,0.770028333333333,0.377555,0.231971666666667,0.195448333333333,0.20081,0.218715,0.186636666666667,0.14712,0.131556666666667,0.111213333333333,0.10488,0.114071666666667,0.0887916666666667,0.108228333333333,0.0758266666666667,0.09266,0.061395,0.0677833333333333,0.0629766666666667,0.048375,0.0408433333333333,0.0355766666666667,0.026305,0.02063,0.0198083333333333,0.0164283333333333,0.0125483333333333,0.010055,0.00644166666666667,0.00637666666666667,0.00490833333333333,0.00351666666666667,0.00407333333333333,0.00406333333333333,0.00347,0.00248333333333333,0.00254333333333333,0.00257166666666667,0.00213833333333333,0.00228333333333333,0.00126166666666667,0.00203333333333333,0.00174666666666667,0.000503333333333333,0.000616666666666667,0.000236666666666667,0.000425,0.000808333333333333,0.0000383333333333333,0,0,0.000816666666666667,0.000241666666666667,0.000193333333333333,0,0.000108333333333333,0.000316666666666667,0.000341666666666667,0.000366666666666667,0.000391666666666667,0.000416666666666667,0.000125,0,1,0,0,0,0,0,0,1,1,1,1,1,1,1,1,1,1,1,1,1,1,1,1,1,1,1,1,1,1,1,1,1,1,1,1,1,1,1,1,1,1,1,1,1,1,1,1,1,1,1,1,1,1,1,1,1,1,1,1,1,1,1,1,1,1,1,1,1,1,1,1,1,1,1,1,1,1,1,1,0
2026-06-14 16:00:00,275.574401583333,0,0,0,0,0,0,0.22567,12.26431,54.8136166666667,73.3191383333333,48.9332816666667,31.2265033333333,21.7869333333333,17.558875,9.74529333333333,2.63127,0.882893333333333,0.42063,0.28835,0.226946666666667,0.20662,0.236668333333333,0.217618333333333,0.174691666666667,0.142511666666667,0.125195,0.106311666666667,0.121006666666667,0.103595,0.104978333333333,0.0909583333333333,0.100056666666667,0.0872216666666667,0.0778866666666667,0.072335,0.0584366666666667,0.0578033333333333,0.040725,0.0280883333333333,0.0263,0.0152266666666667,0.0154916666666667,0.0136966666666667,0.010925,0.00910666666666667,0.00835833333333333,0.01172,0.00859,0.00665166666666667,0.00460666666666667,0.00377666666666667,0.00250666666666667,0.00235666666666667,0.00303666666666667,0.00323166666666667,0.000136666666666667,0.002925,0.000428333333333333,0.000175,0.001105,0.00104333333333333,0.000236666666666667,0,0,0.00119166666666667,0.000496666666666667,0,0,0,0.000415,0.00016,0.000318333333333333,0.00019,0.000205,0.00022,0.000235,0.00025,0.000075,0,1,0,0,0,0,0,0,1,1,1,1,1,1,1,1,1,1,1,1,1,1,1,1,1,1,1,1,1,1,1,1,1,1,1,1,1,1,1,1,1,1,1,1,1,1,1,1,1,1,1,1,1,1,1,1,1,1,1,1,1,1,1,1,1,1,1,1,1,1,1,1,1,1,1,1,1,1,1,1,0
2026-06-14 17:00:00,265.352110033333,0,0,0,0,0,0,0.172363333333333,9.94593666666667,45.6257816666667,65.3121083333333,47.3303683333333,33.1954216666667,25.135915,21.0681533333333,9.34345166666667,2.28685166666667,1.072325,0.518266666666667,0.330325,0.29133,0.268701666666667,0.287235,0.26179,0.215923333333333,0.179698333333333,0.138193333333333,0.15198,0.154145,0.137811666666667,0.141768333333333,0.099725,0.124806666666667,0.096385,0.0914133333333333,0.0770466666666667,0.0772666666666667,0.0663116666666667,0.0536683333333333,0.04197,0.0251366666666667,0.0247266666666667,0.0140533333333333,0.01226,0.01223,0.0109366666666667,0.0105516666666667,0.01005,0.00658,0.00718,0.00649166666666667,0.00497333333333333,0.00378333333333333,0.00263666666666667,0.00215833333333333,0.00286166666666667,0.002735,0.000601666666666667,0.00186166666666667,0.000538333333333333,0.000856666666666667,0.00019,0.00248333333333333,0.000305,0.00119333333333333,0.0005,0.000705,0.00126666666666667,0.00055,0.000223333333333333,0.000193333333333333,0.000413333333333333,0.0000866666666666667,0.000253333333333333,0.000273333333333333,0.000293333333333333,0.000313333333333333,0.000333333333333333,0.0001,0,1,0,0,0,0,0,0,1,1,1,1,1,1,1,1,1,1,1,1,1,1,1,1,1,1,1,1,1,1,1,1,1,1,1,1,1,1,1,1,1,1,1,1,1,1,1,1,1,1,1,1,1,1,1,1,1,1,1,1,1,1,1,1,1,1,1,1,1,1,1,1,1,1,1,1,1,1,1,1,0
2026-06-14 18:00:00,166.578774,0,0,0,0,0,0,0.116718333333333,6.029425,26.9504266666667,37.164725,27.4548916666667,20.605435,17.3451133333333,16.5071566666667,7.40755,2.19714166666667,1.03356,0.492546666666667,0.320151666666667,0.292218333333333,0.287513333333333,0.339286666666667,0.283603333333333,0.238583333333333,0.169096666666667,0.154816666666667,0.159415,0.163908333333333,0.133486666666667,0.174413333333333,0.108648333333333,0.14205,0.109341666666667,0.103001666666667,0.10291,0.09153,0.0743083333333333,0.054255,0.04002,0.0320716666666667,0.02518,0.0211766666666667,0.0160983333333333,0.0127933333333333,0.0114016666666667,0.0128116666666667,0.013,0.00837333333333333,0.0113366666666667,0.00645833333333333,0.00384,0.00544666666666667,0.00552,0.00322166666666667,0.00206166666666667,0.00142166666666667,0.000831666666666667,0.000858333333333333,0.000856666666666667,0.000426666666666667,0.00147,0.000236666666666667,0.000425,0.000423333333333333,0,0.000421666666666667,0.00042,0,0.000416666666666667,0,0,0.000065,0.00019,0.000205,0.00022,0.000235,0.00025,0.000075,0,1,0,0,0,0,0,0,1,1,1,1,1,1,1,1,1,1,1,1,1,1,1,1,1,1,1,1,1,1,1,1,1,1,1,1,1,1,1,1,1,1,1,1,1,1,1,1,1,1,1,1,1,1,1,1,1,1,1,1,1,1,1,1,1,1,1,1,1,1,1,1,1,1,1,1,1,1,1,1,0
2026-06-14 19:00:00,137.75396525,0,0,0,0,0,0,0.086445,5.18029,22.42567,29.7364466666667,21.6178333333333,16.3269183333333,14.131875,13.8958416666667,6.96368,2.31341666666667,1.15834,0.561608333333333,0.373205,0.339516666666667,0.293813333333333,0.336766666666667,0.295263333333333,0.239683333333333,0.216141666666667,0.155888333333333,0.162093333333333,0.17687,0.135471666666667,0.148115,0.09704,0.145783333333333,0.100503333333333,0.0910783333333333,0.0998283333333333,0.0919366666666667,0.0739333333333333,0.066985,0.0400483333333333,0.0346616666666667,0.0244333333333333,0.0179516666666667,0.013885,0.011455,0.0134666666666667,0.0110933333333333,0.00801166666666667,0.00830166666666667,0.00535,0.008075,0.00425333333333333,0.0054,0.00324333333333333,0.00121333333333333,0.0034,0.0000516666666666667,0.00189166666666667,0.000688333333333333,0.000603333333333333,0.000251666666666667,0.000616666666666667,0.000985,0.000526666666666667,0.000846666666666667,0.000423333333333333,0,0,0,0,0.000415,0,0.0000216666666666667,0.0000633333333333333,0.0000683333333333333,0.0000733333333333333,0.0000783333333333333,0.0000833333333333333,0.000025,0,1,0,0,0,0,0,0,1,1,1,1,1,1,1,1,1,1,1,1,1,1,1,1,1,1,1,1,1,1,1,1,1,1,1,1,1,1,1,1,1,1,1,1,1,1,1,1,1,1,1,1,1,1,1,1,1,1,1,1,1,1,1,1,1,1,1,1,1,1,1,1,1,1,1,1,1,1,1,1,0
2026-06-14 20:00:00,144.267756766667,0,0,0,0,0,0,0.0927,5.603285,23.67845,30.994025,21.97323,16.166305,13.8364083333333,13.6024516666667,8.21390666666667,3.251785,1.74645833333333,0.827723333333333,0.476958333333333,0.383235,0.349225,0.380553333333333,0.350956666666667,0.275136666666667,0.222516666666667,0.177675,0.163283333333333,0.18285,0.123566666666667,0.162203333333333,0.110743333333333,0.125538333333333,0.103925,0.09493,0.0946583333333333,0.08062,0.0621583333333333,0.0517566666666667,0.038865,0.0378366666666667,0.027375,0.0217883333333333,0.0151783333333333,0.0144783333333333,0.0109283333333333,0.0115133333333333,0.00751,0.00688666666666667,0.00565333333333333,0.00762833333333333,0.004255,0.00585666666666667,0.00324333333333333,0.00381166666666667,0.00494166666666667,0.00150166666666667,0.003125,0.00111666666666667,0.001285,0,0.000616666666666667,0.000236666666666667,0.000386666666666667,0.000885,0.000423333333333333,0.000421666666666667,0,0.000418333333333333,0,0.000415,0.000413333333333333,0.0000433333333333333,0.000126666666666667,0.000136666666666667,0.000146666666666667,0.000156666666666667,0.000166666666666667,0.00005,0,1,0,0,0,0,0,0,1,1,1,1,1,1,1,1,1,1,1,1,1,1,1,1,1,1,1,1,1,1,1,1,1,1,1,1,1,1,1,1,1,1,1,1,1,1,1,1,1,1,1,1,1,1,1,1,1,1,1,1,1,1,1,1,1,1,1,1,1,1,1,1,1,1,1,1,1,1,1,1,0
2026-06-14 21:00:00,180.05318985,0,0,0,0,0,0,0.10646,6.57167666666667,28.2894066666667,37.47435,26.8714016666667,19.6503666666667,16.9067383333333,16.0175733333333,11.58278,5.875685,3.19287166666667,1.53675666666667,0.858215,0.655053333333333,0.549076666666667,0.540933333333333,0.502816666666667,0.40469,0.300191666666667,0.242551666666667,0.219366666666667,0.208515,0.17377,0.179483333333333,0.127285,0.12689,0.097965,0.0930283333333333,0.0844183333333333,0.0766783333333333,0.0673466666666667,0.0528333333333333,0.0343383333333333,0.0339983333333333,0.0222333333333333,0.0190433333333333,0.0120233333333333,0.01267,0.0118383333333333,0.00989,0.00983333333333333,0.009065,0.00695333333333333,0.00507,0.00802666666666667,0.00464833333333333,0.00352666666666667,0.00241333333333333,0.00422666666666667,0.00412833333333333,0.00120333333333333,0.00175,0.00108666666666667,0.00068,0.000616666666666667,0.000883333333333333,0.000628333333333333,0.000385,0.0000383333333333333,0,0.00084,0,0.000223333333333333,0.000366666666666667,0.000653333333333333,0.000065,0.00019,0.000205,0.00022,0.000235,0.00025,0.000075,0,1,0,0,0,0,0,0,1,1,1,1,1,1,1,1,1,1,1,1,1,1,1,1,1,1,1,1,1,1,1,1,1,1,1,1,1,1,1,1,1,1,1,1,1,1,1,1,1,1,1,1,1,1,1,1,1,1,1,1,1,1,1,1,1,1,1,1,1,1,1,1,1,1,1,1,1,1,1,1,0
2026-06-14 22:00:00,208.0209857,0,0,0,0,0,0,0.124223333333333,7.19600666666667,31.5090483333333,42.4455566666667,31.0753416666667,23.0481216666667,19.63367,18.5534916666667,14.5645833333333,7.50667833333333,4.31649166666667,2.06282166666667,1.16128166666667,0.800658333333333,0.65827,0.64232,0.584865,0.467118333333333,0.372361666666667,0.280981666666667,0.229151666666667,0.235506666666667,0.192655,0.183406666666667,0.12864,0.146686666666667,0.108296666666667,0.108673333333333,0.096265,0.0773716666666667,0.07056,0.05674,0.033195,0.024495,0.0204766666666667,0.0194766666666667,0.01705,0.012295,0.0153616666666667,0.007675,0.008465,0.00657833333333333,0.00542,0.00851833333333333,0.00641833333333333,0.00421666666666667,0.00483,0.00412833333333333,0.00487,0.00271666666666667,0.00352666666666667,0.00106,0.00219666666666667,0.002135,0.00104333333333333,0.000661666666666667,0.000425,0.000423333333333333,0.000421666666666667,0,0.00042,0.000398333333333333,0.000851666666666667,0.000415,0.000413333333333333,0.0000433333333333333,0.000126666666666667,0.000136666666666667,0.000146666666666667,0.000156666666666667,0.000166666666666667,0.00005,0,1,0,0,0,0,0,0,1,1,1,1,1,1,1,1,1,1,1,1,1,1,1,1,1,1,1,1,1,1,1,1,1,1,1,1,1,1,1,1,1,1,1,1,1,1,1,1,1,1,1,1,1,1,1,1,1,1,1,1,1,1,1,1,1,1,1,1,1,1,1,1,1,1,1,1,1,1,1,1,0
2026-06-14 23:00:00,103.753769933333,0,0,0,0,0,0,0.0679616666666667,3.60047166666667,15.6429383333333,21.286275,16.0790083333333,12.52484,10.96445,10.747225,7.22258166666667,1.96909,1.04484833333333,0.486006666666667,0.283751666666667,0.26454,0.249735,0.267076666666667,0.258825,0.216571666666667,0.19834,0.12607,0.13561,0.127596666666667,0.109588333333333,0.123456666666667,0.103913333333333,0.09708,0.087355,0.09205,0.0648083333333333,0.0568816666666667,0.0520816666666667,0.0389983333333333,0.0290083333333333,0.0233433333333333,0.0152116666666667,0.0118683333333333,0.0102616666666667,0.0129133333333333,0.00933666666666667,0.00643833333333333,0.00679833333333333,0.00543666666666667,0.00394666666666667,0.004135,0.00462333333333333,0.00380666666666667,0.00117833333333333,0.00186666666666667,0.00156666666666667,0.00247833333333333,0.00284,0.00123166666666667,0.000055,0,0.000616666666666667,0.000985,0.000875,0.0000766666666666667,0.000845,0,0.00042,0,0,0.000415,0.00124,0.0000433333333333333,0.000126666666666667,0.000136666666666667,0.000146666666666667,0.000156666666666667,0.000166666666666667,0.00005,0,1,0,0,0,0,0,0,1,1,1,1,1,1,1,1,1,1,1,1,1,1,1,1,1,1,1,1,1,1,1,1,1,1,1,1,1,1,1,1,1,1,1,1,1,1,1,1,1,1,1,1,1,1,1,1,1,1,1,1,1,1,1,1,1,1,1,1,1,1,1,1,1,1,1,1,1,1,1,1,0
2026-06-15,94.2341704166667,0,0,0,0,0,0,0.0498533333333333,2.86608166666667,13.2379066666667,18.9393833333333,14.8179566666667,11.7387016666667,10.332685,9.78717333333333,6.42179166666667,1.46463666666667,0.727605,0.368636666666667,0.252851666666667,0.214078333333333,0.228515,0.27506,0.278141666666667,0.221261666666667,0.178015,0.16214,0.153858333333333,0.149465,0.147823333333333,0.138843333333333,0.126171666666667,0.117751666666667,0.100321666666667,0.0947133333333333,0.0895683333333333,0.0799716666666667,0.06328,0.045165,0.0343966666666667,0.0252516666666667,0.026945,0.0173266666666667,0.01207,0.00861833333333333,0.00817,0.005895,0.00637333333333333,0.005,0.00351333333333333,0.00409333333333333,0.00418833333333333,0.000843333333333333,0.00122666666666667,0.00282666666666667,0.00199166666666667,0.00129,0.00103166666666667,0.000258333333333333,0.000175,0.00153166666666667,0.000426666666666667,0.000323333333333333,0.000913333333333333,0.000423333333333333,0.00046,0,0,0.000418333333333333,0,0,0,0.000065,0.00019,0.000205,0.00022,0.000235,0.00025,0.000075,0,1,0,0,0,0,0,0,1,1,1,1,1,1,1,1,1,1,1,1,1,1,1,1,1,1,1,1,1,1,1,1,1,1,1,1,1,1,1,1,1,1,1,1,1,1,1,1,1,1,1,1,1,1,1,1,1,1,1,1,1,1,1,1,1,1,1,1,1,1,1,1,1,1,1,1,1,1,1,1,0
2026-06-15 01:00:00,99.89359145,0,0,0,0,0,0,0.0484566666666667,2.90266666666667,13.0988533333333,19.0894333333333,15.59809,12.64185,11.442855,11.3722883333333,7.26687,1.61244833333333,0.822945,0.404076666666667,0.268526666666667,0.246373333333333,0.259556666666667,0.316045,0.28049,0.229278333333333,0.213043333333333,0.162868333333333,0.15655,0.158988333333333,0.14414,0.144208333333333,0.120551666666667,0.116365,0.102651666666667,0.0867316666666667,0.0779166666666667,0.0604066666666667,0.0480666666666667,0.0364033333333333,0.02666,0.0240166666666667,0.01796,0.0151416666666667,0.0118266666666667,0.00800166666666667,0.00798,0.00633,0.00825666666666667,0.00436833333333333,0.00394833333333333,0.00532166666666667,0.00171333333333333,0.00211833333333333,0.00391,0.00241333333333333,0.00222833333333333,0.00182333333333333,0.000343333333333333,0.00131833333333333,0.000483333333333333,0,0.000426666666666667,0.000425,0.00085,0,0.000421666666666667,0,0.00042,0,0,0,0.000826666666666667,0.000065,0.00019,0.000205,0.00022,0.000235,0.00025,0.000075,0,1,0,0,0,0,0,0,1,1,1,1,1,1,1,1,1,1,1,1,1,1,1,1,1,1,1,1,1,1,1,1,1,1,1,1,1,1,1,1,1,1,1,1,1,1,1,1,1,1,1,1,1,1,1,1,1,1,1,1,1,1,1,1,1,1,1,1,1,1,1,1,1,1,1,1,1,1,1,1,0
2026-06-15 02:00:00,107.279727666667,0,0,0,0,0,0,0.0453116666666667,2.83018,13.0872266666667,19.9514533333333,16.64139,13.700815,12.418865,12.58767,8.352675,1.83290833333333,0.9244,0.471993333333333,0.297435,0.251708333333333,0.255933333333333,0.303665,0.336453333333333,0.249506666666667,0.22556,0.169116666666667,0.163165,0.165973333333333,0.160085,0.159778333333333,0.139068333333333,0.140598333333333,0.109525,0.0939166666666667,0.0748816666666667,0.0663833333333333,0.0484,0.0371533333333333,0.0357283333333333,0.0217966666666667,0.0227833333333333,0.0186016666666667,0.0114616666666667,0.012385,0.00941,0.00539,0.00861333333333333,0.00426,0.00414666666666667,0.00385,0.00453833333333333,0.00214333333333333,0.00194833333333333,0.00184833333333333,0.000951666666666667,0.00086,0.000601666666666667,0.000688333333333333,0.000856666666666667,0.000426666666666667,0,0.000646666666666667,0.000628333333333333,0.000423333333333333,0,0,0,0.000418333333333333,0,0,0,0.0000433333333333333,0.000126666666666667,0.000136666666666667,0.000146666666666667,0.000156666666666667,0.000166666666666667,0.00005,0,1,0,0,0,0,0,0,1,1,1,1,1,1,1,1,1,1,1,1,1,1,1,1,1,1,1,1,1,1,1,1,1,1,1,1,1,1,1,1,1,1,1,1,1,1,1,1,1,1,1,1,1,1,1,1,1,1,1,1,1,1,1,1,1,1,1,1,1,1,1,1,1,1,1,1,1,1,1,1,0
2026-06-15 03:00:00,114.489937533333,0,0,0,0,0,0,0.0494066666666667,2.91088666666667,13.9140683333333,21.297675,17.735605,14.4490983333333,13.0894033333333,13.2729233333333,9.62486166666667,2.19897333333333,1.002415,0.496988333333333,0.327466666666667,0.282323333333333,0.27295,0.338696666666667,0.334203333333333,0.257663333333333,0.24129,0.177346666666667,0.170985,0.1908,0.157445,0.15242,0.135331666666667,0.137728333333333,0.10104,0.104666666666667,0.09082,0.0763883333333333,0.0545683333333333,0.0452983333333333,0.0335916666666667,0.01417,0.01992,0.014005,0.0157916666666667,0.00846666666666667,0.00795,0.00619,0.00636,0.00688833333333333,0.005195,0.00319666666666667,0.00297166666666667,0.00207333333333333,0.003745,0.00228,0.00311,0.00129,0.00086,0.00123166666666667,0.00023,0.001105,0.00019,0.00056,0.000101666666666667,0.000846666666666667,0.000423333333333333,0,0,0,0.000416666666666667,0,0.000413333333333333,0,0,0,0,0,0,0,0,1,0,0,0,0,0,0,1,1,1,1,1,1,1,1,1,1,1,1,1,1,1,1,1,1,1,1,1,1,1,1,1,1,1,1,1,1,1,1,1,1,1,1,1,1,1,1,1,1,1,1,1,1,1,1,1,1,1,1,1,1,1,1,1,1,1,1,1,1,1,1,1,1,1,1,1,1,1,1,0
2026-06-15 04:00:00,113.532981233333,0,0,0,0,0,0,0.0432783333333333,2.85121166666667,13.558765,21.0368783333333,17.70221,14.2816733333333,12.9625483333333,12.6667916666667,10.2010466666667,2.93759,1.11254666666667,0.530286666666667,0.318385,0.249808333333333,0.289246666666667,0.303111666666667,0.332171666666667,0.266986666666667,0.236686666666667,0.162283333333333,0.183695,0.181028333333333,0.163373333333333,0.165095,0.142566666666667,0.13502,0.129995,0.0995616666666667,0.0855883333333333,0.0694266666666667,0.0619616666666667,0.0409533333333333,0.0345733333333333,0.02297,0.0189716666666667,0.0153266666666667,0.01542,0.0109583333333333,0.007005,0.00731666666666667,0.00498166666666667,0.00529166666666667,0.00302666666666667,0.00336333333333333,0.00453833333333333,0.00214333333333333,0.00245,0.00273,0.00286166666666667,0.00233333333333333,0.00100333333333333,0.00106166666666667,0.000658333333333333,0.00068,0,0.000425,0,0.000423333333333333,0.000845,0,0,0,0.000416666666666667,0,0,0,0,0,0,0,0,0,0,1,0,0,0,0,0,0,1,1,1,1,1,1,1,1,1,1,1,1,1,1,1,1,1,1,1,1,1,1,1,1,1,1,1,1,1,1,1,1,1,1,1,1,1,1,1,1,1,1,1,1,1,1,1,1,1,1,1,1,1,1,1,1,1,1,1,1,1,1,1,1,1,1,1,1,1,1,1,1,0
2026-06-15 05:00:00,116.294759916667,0,0,0,0,0,0,0.0409133333333333,2.69272333333333,13.22561,20.9706183333333,17.5263683333333,14.324525,12.8317466666667,11.9633983333333,12.0338466666667,4.69859166666667,1.200215,0.627515,0.352596666666667,0.295386666666667,0.306166666666667,0.326476666666667,0.3732,0.3028,0.278963333333333,0.200835,0.21498,0.200733333333333,0.16659,0.180621666666667,0.16425,0.15998,0.127628333333333,0.115628333333333,0.088285,0.0760866666666667,0.0557416666666667,0.0482633333333333,0.0367116666666667,0.0306283333333333,0.0202383333333333,0.0145266666666667,0.0140533333333333,0.00977666666666667,0.00712833333333333,0.00855833333333333,0.00685833333333333,0.00674333333333333,0.00728166666666667,0.00422666666666667,0.0051,0.003375,0.00168,0.00214,0.00208666666666667,0.00144666666666667,0.00163333333333333,0.000516666666666667,0,0.00128333333333333,0.000853333333333333,0,0.00085,0,0,0.000421666666666667,0,0,0,0,0,0,0,0,0,0,0,0,0,1,0,0,0,0,0,0,1,1,1,1,1,1,1,1,1,1,1,1,1,1,1,1,1,1,1,1,1,1,1,1,1,1,1,1,1,1,1,1,1,1,1,1,1,1,1,1,1,1,1,1,1,1,1,1,1,1,1,1,1,1,1,1,1,1,1,1,1,1,1,1,1,1,1,1,1,1,1,1,0
2026-06-15 06:00:00,118.082649816667,0,0,0,0,0,0,0.04009,2.57715166666667,12.9702483333333,21.260145,17.7666566666667,14.7091616666667,13.252645,12.2449183333333,12.28785,5.17531666666667,1.32156166666667,0.676711666666667,0.390651666666667,0.31765,0.30954,0.332483333333333,0.39893,0.345998333333333,0.284251666666667,0.23425,0.224423333333333,0.210183333333333,0.188543333333333,0.194301666666667,0.170893333333333,0.156186666666667,0.12793,0.12162,0.090725,0.08692,0.0747166666666667,0.0546533333333333,0.0409183333333333,0.028745,0.0192916666666667,0.0188133333333333,0.012115,0.0104816666666667,0.00935,0.00539,0.00673,0.00322666666666667,0.00445333333333333,0.00459166666666667,0.00381833333333333,0.00337333333333333,0.00286,0.00210333333333333,0.00193833333333333,0.000538333333333333,0.000975,0.000258333333333333,0,0,0.000426666666666667,0,0.00085,0.00123166666666667,0.0000383333333333333,0,0.00084,0.000816666666666667,0.000435,0,0,0.000433333333333333,0.0000633333333333333,0.0000683333333333333,0.0000733333333333333,0.0000783333333333333,0.0000833333333333333,0.000025,0,1,0,0,0,0,0,0,1,1,1,1,1,1,1,1,1,1,1,1,1,1,1,1,1,1,1,1,1,1,1,1,1,1,1,1,1,1,1,1,1,1,1,1,1,1,1,1,1,1,1,1,1,1,1,1,1,1,1,1,1,1,1,1,1,1,1,1,1,1,1,1,1,1,1,1,1,1,1,1,0
2026-06-15 07:00:00,134.17212775,0,0,0,0,0,0,0.0466166666666667,2.66390333333333,13.7827016666667,22.55428,19.8334983333333,16.78373,15.7406483333333,15.1460566666667,14.81235,5.30310333333333,1.76386333333333,0.878095,0.492455,0.402281666666667,0.370765,0.406591666666667,0.4745,0.397061666666667,0.347515,0.24975,0.23278,0.228105,0.213266666666667,0.230813333333333,0.184075,0.182503333333333,0.16881,0.1418,0.113093333333333,0.09426,0.0718533333333333,0.0638816666666667,0.042655,0.02948,0.023785,0.0226716666666667,0.0187133333333333,0.0135066666666667,0.0118283333333333,0.0110766666666667,0.00635333333333333,0.00753833333333333,0.00269333333333333,0.00853666666666667,0.00544833333333333,0.00635833333333333,0.00259,0.00162,0.00147,0.00258,0.00043,0,0.00146,0.000253333333333333,0.000853333333333333,0.00085,0,0.00119333333333333,0.000845,0.000075,0,0,0.000416666666666667,0,0,0.0000216666666666667,0.0000633333333333333,0.0000683333333333333,0.0000733333333333333,0.0000783333333333333,0.0000833333333333333,0.000025,0,1,0,0,0,0,0,0,1,1,1,1,1,1,1,1,1,1,1,1,1,1,1,1,1,1,1,1,1,1,1,1,1,1,1,1,1,1,1,1,1,1,1,1,1,1,1,1,1,1,1,1,1,1,1,1,1,1,1,1,1,1,1,1,1,1,1,1,1,1,1,1,1,1,1,1,1,1,1,1,0
2026-06-15 08:00:00,147.23060395,0,0,0,0,0,0,0.0517733333333333,2.99333,14.90648,24.708925,21.4757216666667,18.4544866666667,17.276975,17.0489083333333,16.08133,4.78023833333333,1.76126,0.865845,0.49061,0.405703333333333,0.394681666666667,0.438298333333333,0.462936666666667,0.386365,0.326511666666667,0.272063333333333,0.255373333333333,0.240745,0.220768333333333,0.25507,0.189476666666667,0.207123333333333,0.16456,0.14282,0.128031666666667,0.110783333333333,0.0863983333333333,0.0746666666666667,0.046775,0.0341,0.0306483333333333,0.02357,0.0217183333333333,0.0164333333333333,0.0193316666666667,0.00959166666666667,0.00737666666666667,0.00933166666666667,0.00468833333333333,0.006735,0.00588,0.005445,0.00629,0.00353833333333333,0.001885,0.000963333333333333,0.00129,0.000858333333333333,0.00103166666666667,0.00196166666666667,0.00170666666666667,0,0,0,0,0,0,0,0,0,0,0.0000216666666666667,0.0000633333333333333,0.0000683333333333333,0.0000733333333333333,0.0000783333333333333,0.0000833333333333333,0.000025,0,1,0,0,0,0,0,0,1,1,1,1,1,1,1,1,1,1,1,1,1,1,1,1,1,1,1,1,1,1,1,1,1,1,1,1,1,1,1,1,1,1,1,1,1,1,1,1,1,1,1,1,1,1,1,1,1,1,1,1,1,1,1,1,1,1,1,1,1,1,1,1,1,1,1,1,1,1,1,1,0
2026-06-15 09:00:00,159.922449533333,0,0,0,0,0,0,0.0545466666666667,3.256885,16.3695883333333,26.4555616666667,23.2041783333333,20.24955,19.2798216666667,19.4589466666667,17.7823383333333,4.84962833333333,2.04049833333333,0.967935,0.566906666666667,0.463496666666667,0.445363333333333,0.456368333333333,0.491076666666667,0.381778333333333,0.340861666666667,0.280431666666667,0.254546666666667,0.269575,0.233421666666667,0.237563333333333,0.187406666666667,0.181316666666667,0.169165,0.156848333333333,0.139556666666667,0.10829,0.0958333333333333,0.077195,0.0599966666666667,0.0554916666666667,0.0343533333333333,0.0257416666666667,0.023675,0.016745,0.0119766666666667,0.0136416666666667,0.0104683333333333,0.00712333333333333,0.006115,0.00639666666666667,0.00590333333333333,0.00417166666666667,0.00424666666666667,0.00532,0.00421,0.00225666666666667,0.00206333333333333,0.00255166666666667,0.00373,0.00193833333333333,0.000426666666666667,0.00085,0.00085,0.00123166666666667,0.000885,0.00112666666666667,0.000138333333333333,0.000418333333333333,0.000416666666666667,0,0.000826666666666667,0.0000866666666666667,0.000253333333333333,0.000273333333333333,0.000293333333333333,0.000313333333333333,0.000333333333333333,0.0001,0,1,0,0,0,0,0,0,1,1,1,1,1,1,1,1,1,1,1,1,1,1,1,1,1,1,1,1,1,1,1,1,1,1,1,1,1,1,1,1,1,1,1,1,1,1,1,1,1,1,1,1,1,1,1,1,1,1,1,1,1,1,1,1,1,1,1,1,1,1,1,1,1,1,1,1,1,1,1,1,0
2026-06-15 10:00:00,168.72435635,0,0,0,0,0,0,0.0674266666666667,4.209625,19.5967033333333,30.1245583333333,24.62269,20.7189116666667,19.4691816666667,19.8075083333333,16.59345,3.93112833333333,1.87741,0.930603333333333,0.551565,0.453731666666667,0.418908333333333,0.470548333333333,0.454283333333333,0.322726666666667,0.297643333333333,0.231553333333333,0.24004,0.24159,0.206865,0.19449,0.1877,0.171741666666667,0.161615,0.16101,0.147486666666667,0.122181666666667,0.0898683333333333,0.07674,0.0560033333333333,0.042385,0.0335133333333333,0.0262916666666667,0.0195366666666667,0.0195783333333333,0.0166133333333333,0.00935166666666667,0.00874833333333333,0.00793833333333333,0.006615,0.00514666666666667,0.004665,0.00631166666666667,0.00472666666666667,0.004015,0.00249333333333333,0.00317166666666667,0.001835,0.001005,0.00268,0.000426666666666667,0.00185,0.001135,0.000425,0.000808333333333333,0.0000383333333333333,0,0,0,0,0.000588333333333333,0.00024,0.00013,0.00038,0.00041,0.00044,0.00047,0.0005,0.00015,0,1,0,0,0,0,0,0,1,1,1,1,1,1,1,1,1,1,1,1,1,1,1,1,1,1,1,1,1,1,1,1,1,1,1,1,1,1,1,1,1,1,1,1,1,1,1,1,1,1,1,1,1,1,1,1,1,1,1,1,1,1,1,1,1,1,1,1,1,1,1,1,1,1,1,1,1,1,1,1,0
2026-06-15 11:00:00,185.1934105,0,0,0,0,0,0,0.0832683333333333,5.03650166666667,22.852405,33.5474683333333,26.83292,22.166585,20.6689333333333,21.6131166666667,17.2876233333333,4.25580833333333,2.18504166666667,1.00847666666667,0.669068333333333,0.524851666666667,0.4614,0.523913333333333,0.48829,0.346478333333333,0.285891666666667,0.236686666666667,0.24888,0.269265,0.224193333333333,0.228078333333333,0.175335,0.205695,0.169148333333333,0.159181666666667,0.13584,0.116808333333333,0.103016666666667,0.0797733333333333,0.0641783333333333,0.03772,0.0357833333333333,0.0220666666666667,0.02273,0.0128533333333333,0.0124633333333333,0.01467,0.0115666666666667,0.00878833333333333,0.00618833333333333,0.00713833333333333,0.00347166666666667,0.00462666666666667,0.00396833333333333,0.003195,0.00347,0.000698333333333333,0.00307,0.00186166666666667,0.00311,0.000428333333333333,0.00213333333333333,0.000425,0.000425,0.000423333333333333,0.000843333333333333,0.000843333333333333,0,0.000836666666666667,0,0,0,0.0000433333333333333,0.000126666666666667,0.000136666666666667,0.000146666666666667,0.000156666666666667,0.000166666666666667,0.00005,0,1,0,0,0,0,0,0,1,1,1,1,1,1,1,1,1,1,1,1,1,1,1,1,1,1,1,1,1,1,1,1,1,1,1,1,1,1,1,1,1,1,1,1,1,1,1,1,1,1,1,1,1,1,1,1,1,1,1,1,1,1,1,1,1,1,1,1,1,1,1,1,1,1,1,1,1,1,1,1,0
2026-06-15 12:00:00,181.932568116667,0,0,0,0,0,0,0.093335,5.245545,23.8021583333333,33.7304616666667,26.6931083333333,21.5037166666667,19.9738316666667,20.78802,16.4681266666667,4.09402166666667,2.16949333333333,0.98171,0.607018333333333,0.502875,0.451886666666667,0.495276666666667,0.42067,0.303858333333333,0.257648333333333,0.212855,0.221896666666667,0.23876,0.197226666666667,0.226146666666667,0.188213333333333,0.187101666666667,0.160238333333333,0.155161666666667,0.119711666666667,0.115315,0.0970566666666667,0.079875,0.0657533333333333,0.0411933333333333,0.0351083333333333,0.0244216666666667,0.0168033333333333,0.019795,0.0148783333333333,0.011875,0.00830666666666667,0.007215,0.004555,0.007765,0.00454,0.00544333333333333,0.00401333333333333,0.00309,0.00294166666666667,0.000945,0.00309666666666667,0.00154666666666667,0.000603333333333333,0.00110666666666667,0.00128,0,0.00289833333333333,0.0000766666666666667,0.00077,0.000358333333333333,0.000138333333333333,0.000418333333333333,0.00147333333333333,0.000608333333333333,0.000413333333333333,0.000455,0.000126666666666667,0.000136666666666667,0.000146666666666667,0.000156666666666667,0.000166666666666667,0.00005,0,1,0,0,0,0,0,0,1,1,1,1,1,1,1,1,1,1,1,1,1,1,1,1,1,1,1,1,1,1,1,1,1,1,1,1,1,1,1,1,1,1,1,1,1,1,1,1,1,1,1,1,1,1,1,1,1,1,1,1,1,1,1,1,1,1,1,1,1,1,1,1,1,1,1,1,1,1,1,1,0
2026-06-15 13:00:00,201.572329366667,0,0,0,0,0,0,0.09214,5.77655166666667,26.1079083333333,37.2142966666667,29.5300583333333,23.991155,22.5031883333333,23.6941,18.5784133333333,4.64771666666667,2.57135833333333,1.15677,0.746686666666667,0.594023333333333,0.497931666666667,0.543591666666667,0.44758,0.322656666666667,0.250671666666667,0.204061666666667,0.223358333333333,0.23514,0.203398333333333,0.227535,0.175475,0.19692,0.162563333333333,0.162845,0.140216666666667,0.127343333333333,0.114001666666667,0.0909283333333333,0.070935,0.0461533333333333,0.029115,0.0198616666666667,0.0230433333333333,0.0175216666666667,0.0151383333333333,0.0129283333333333,0.0104116666666667,0.012555,0.00746333333333333,0.00855,0.00679,0.00253,0.00288333333333333,0.00332833333333333,0.00237,0.00271666666666667,0.002065,0.00086,0.001285,0.00256333333333333,0.00189666666666667,0.00130833333333333,0.000203333333333333,0.00077,0.000921666666666667,0.000421666666666667,0.000708333333333333,0.000131666666666667,0.000416666666666667,0.00083,0.000826666666666667,0.0000216666666666667,0.0000633333333333333,0.0000683333333333333,0.0000733333333333333,0.0000783333333333333,0.0000833333333333333,0.000025,0,1,0,0,0,0,0,0,1,1,1,1,1,1,1,1,1,1,1,1,1,1,1,1,1,1,1,1,1,1,1,1,1,1,1,1,1,1,1,1,1,1,1,1,1,1,1,1,1,1,1,1,1,1,1,1,1,1,1,1,1,1,1,1,1,1,1,1,1,1,1,1,1,1,1,1,1,1,1,1,0
2026-06-15 14:00:00,232.4398237,0,0,0,0,0,0,0.109056666666667,6.709705,30.553505,43.2255183333333,34.2315866666667,27.72579,26.020275,27.0383016666667,20.6892983333333,5.439405,2.93994666666667,1.39102333333333,0.842858333333333,0.680245,0.608653333333333,0.636008333333333,0.50758,0.306926666666667,0.26604,0.228416666666667,0.214598333333333,0.240783333333333,0.206501666666667,0.239275,0.19321,0.219216666666667,0.166838333333333,0.16437,0.149231666666667,0.13937,0.109643333333333,0.0910366666666667,0.0578083333333333,0.047075,0.032955,0.0276216666666667,0.027875,0.0206983333333333,0.0165716666666667,0.014815,0.0143883333333333,0.0117416666666667,0.00855,0.00693333333333333,0.00553166666666667,0.00496666666666667,0.002615,0.00471166666666667,0.00428,0.00235666666666667,0.00189166666666667,0.00186333333333333,0.001395,0.002565,0.00289333333333333,0.00201833333333333,0.00229,0.00173166666666667,0.000423333333333333,0.000421666666666667,0.000288333333333333,0.00138666666666667,0,0,0,0.000433333333333333,0.0000633333333333333,0.0000683333333333333,0.0000733333333333333,0.0000783333333333333,0.0000833333333333333,0.000025,0,1,0,0,0,0,0,0,1,1,1,1,1,1,1,1,1,1,1,1,1,1,1,1,1,1,1,1,1,1,1,1,1,1,1,1,1,1,1,1,1,1,1,1,1,1,1,1,1,1,1,1,1,1,1,1,1,1,1,1,1,1,1,1,1,1,1,1,1,1,1,1,1,1,1,1,1,1,1,1,0
2026-06-15 15:00:00,268.92034455,0,0,0,0,0,0,0.139963333333333,7.59150833333333,34.6663433333333,49.44617,39.6532133333333,32.272105,29.8626483333333,30.8488516666667,23.888565,6.32980333333333,3.3286,1.62315,1.02140666666667,0.772755,0.688773333333333,0.716886666666667,0.566976666666667,0.358273333333333,0.292648333333333,0.232253333333333,0.23982,0.243896666666667,0.217571666666667,0.235556666666667,0.202211666666667,0.20807,0.167336666666667,0.160215,0.165113333333333,0.145723333333333,0.130626666666667,0.096165,0.0705583333333333,0.0483983333333333,0.0426783333333333,0.0278966666666667,0.017985,0.0141966666666667,0.0198033333333333,0.01656,0.0151833333333333,0.0101666666666667,0.00750833333333333,0.00770833333333333,0.00681333333333333,0.00462833333333333,0.004445,0.00552,0.00584,0.00376166666666667,0.00263833333333333,0.00154666666666667,0.00206333333333333,0.00221166666666667,0.00104333333333333,0.00151166666666667,0.000811666666666667,0.00169333333333333,0.00046,0,0.00042,0.000418333333333333,0.000223333333333333,0.00102333333333333,0,0.000541666666666667,0.00038,0.00041,0.00044,0.00047,0.0005,0.00015,0,1,0,0,0,0,0,0,1,1,1,1,1,1,1,1,1,1,1,1,1,1,1,1,1,1,1,1,1,1,1,1,1,1,1,1,1,1,1,1,1,1,1,1,1,1,1,1,1,1,1,1,1,1,1,1,1,1,1,1,1,1,1,1,1,1,1,1,1,1,1,1,1,1,1,1,1,1,1,1,0
2026-06-15 16:00:00,284.3914073,0,0,0,0,0,0,0.142101666666667,7.76496666666667,36.310255,52.645905,42.3967733333333,34.3252216666667,32.1595583333333,33.157645,25.628635,6.744235,3.598065,1.71408833333333,1.02414666666667,0.777788333333333,0.75168,0.754893333333333,0.550543333333333,0.367733333333333,0.291656666666667,0.2116,0.228013333333333,0.240723333333333,0.202596666666667,0.266035,0.19595,0.208586666666667,0.167141666666667,0.178783333333333,0.165056666666667,0.135995,0.1271,0.0976916666666667,0.0784383333333333,0.060485,0.0445433333333333,0.0254483333333333,0.0241116666666667,0.0211983333333333,0.0142566666666667,0.0177516666666667,0.0111916666666667,0.0113833333333333,0.0181383333333333,0.00751833333333333,0.0110616666666667,0.00628833333333333,0.00775833333333333,0.00642,0.00515,0.00499333333333333,0.00303833333333333,0.00286666666666667,0.000658333333333333,0.00196166666666667,0.00256,0.00192333333333333,0.00140166666666667,0.00134666666666667,0.00077,0.00078,0.000138333333333333,0.00167333333333333,0,0.000415,0.000573333333333333,0.000816666666666667,0.000443333333333333,0.000478333333333333,0.000513333333333333,0.000548333333333333,0.000583333333333333,0.000175,0,1,0,0,0,0,0,0,1,1,1,1,1,1,1,1,1,1,1,1,1,1,1,1,1,1,1,1,1,1,1,1,1,1,1,1,1,1,1,1,1,1,1,1,1,1,1,1,1,1,1,1,1,1,1,1,1,1,1,1,1,1,1,1,1,1,1,1,1,1,1,1,1,1,1,1,1,1,1,1,0
2026-06-15 17:00:00,266.48723955,0,0,0,0,0,0,0.137833333333333,7.77212833333333,35.3279283333333,50.9087233333333,40.38474,32.3809783333333,29.1106383333333,29.296065,22.2045266666667,5.69690666666667,2.93145,1.40993666666667,0.818696666666667,0.670326666666667,0.573963333333333,0.600323333333333,0.48232,0.330393333333333,0.257148333333333,0.199921666666667,0.213986666666667,0.222106666666667,0.202131666666667,0.224891666666667,0.180745,0.184988333333333,0.16811,0.156003333333333,0.152558333333333,0.138346666666667,0.122435,0.10738,0.0743683333333333,0.0411383333333333,0.0396133333333333,0.0279366666666667,0.024135,0.0189566666666667,0.0158016666666667,0.0165366666666667,0.01243,0.0133366666666667,0.011615,0.00928166666666667,0.00794666666666667,0.00592333333333333,0.004305,0.00411,0.002695,0.00322333333333333,0.00149,0.00344166666666667,0.00522833333333333,0.002215,0.00123333333333333,0.00442,0.001155,0.00157833333333333,0.000461666666666667,0.00120166666666667,0.000426666666666667,0.00136666666666667,0.000851666666666667,0.000173333333333333,0.000653333333333333,0.00015,0.000441666666666667,0.000476666666666667,0.000511666666666667,0.000548333333333333,0.000585,0.000173333333333333,0,1,0,0,0,0,0,0,1,1,1,1,1,1,1,1,1,1,1,1,1,1,1,1,1,1,1,1,1,1,1,1,1,1,1,1,1,1,1,1,1,1,1,1,1,1,1,1,1,1,1,1,1,1,1,1,1,1,1,1,1,1,1,1,1,1,1,1,1,1,1,1,1,1,1,1,1,1,1,1,0
2026-06-15 18:00:00,245.678762016667,0,0,0,0,0,0,0.118233333333333,7.14109,33.81564,48.31954,38.3163933333333,30.3947,26.893205,25.8798333333333,19.8950133333333,4.943555,2.48168,1.17198166666667,0.691451666666667,0.54368,0.462621666666667,0.527125,0.447181666666667,0.3303,0.22748,0.190448333333333,0.219813333333333,0.218451666666667,0.182848333333333,0.205598333333333,0.175773333333333,0.185516666666667,0.17432,0.165976666666667,0.159956666666667,0.135588333333333,0.106481666666667,0.0947183333333333,0.0665166666666667,0.04712,0.0372183333333333,0.024605,0.0249016666666667,0.0158783333333333,0.0162583333333333,0.017065,0.011185,0.01446,0.00846,0.00603166666666667,0.00633833333333333,0.00537666666666667,0.006675,0.003715,0.00462333333333333,0.00582833333333333,0.00272333333333333,0.00175166666666667,0.00288833333333333,0.00246666666666667,0.00298666666666667,0.00159833333333333,0.00133833333333333,0.000808333333333333,0.00119166666666667,0.001415,0.00042,0.001215,0.000453333333333333,0,0.000573333333333333,0.000773333333333333,0.000316666666666667,0.000341666666666667,0.000366666666666667,0.000391666666666667,0.000416666666666667,0.000125,0,1,0,0,0,0,0,0,1,1,1,1,1,1,1,1,1,1,1,1,1,1,1,1,1,1,1,1,1,1,1,1,1,1,1,1,1,1,1,1,1,1,1,1,1,1,1,1,1,1,1,1,1,1,1,1,1,1,1,1,1,1,1,1,1,1,1,1,1,1,1,1,1,1,1,1,1,1,1,1,0
2026-06-15 19:00:00,248.612018816667,0,0,0,0,0,0,0.112985,6.94976166666667,33.0611333333333,48.616495,39.282565,31.3611816666667,27.6449216666667,26.34587,20.4290516666667,5.09013166666667,2.47967,1.16279333333333,0.706666666666667,0.57908,0.474083333333333,0.520111666666667,0.462278333333333,0.315913333333333,0.258991666666667,0.213393333333333,0.225376666666667,0.203618333333333,0.178226666666667,0.191381666666667,0.178551666666667,0.173285,0.156735,0.135268333333333,0.143078333333333,0.109676666666667,0.111448333333333,0.0911316666666667,0.0686333333333333,0.04325,0.033715,0.0259916666666667,0.0210916666666667,0.0155333333333333,0.0197883333333333,0.016605,0.0124966666666667,0.00920833333333333,0.00902166666666667,0.00612666666666667,0.00577666666666667,0.00462666666666667,0.004995,0.004675,0.00289,0.0018,0.002895,0.00174666666666667,0.00023,0.00196333333333333,0.00275,0.000661666666666667,0.00204833333333333,0.000923333333333333,0.00077,0.000496666666666667,0,0.001255,0.000416666666666667,0.000588333333333333,0.00024,0.000151666666666667,0.000443333333333333,0.000478333333333333,0.000513333333333333,0.000548333333333333,0.000583333333333333,0.000175,0,1,0,0,0,0,0,0,1,1,1,1,1,1,1,1,1,1,1,1,1,1,1,1,1,1,1,1,1,1,1,1,1,1,1,1,1,1,1,1,1,1,1,1,1,1,1,1,1,1,1,1,1,1,1,1,1,1,1,1,1,1,1,1,1,1,1,1,1,1,1,1,1,1,1,1,1,1,1,1,0
2026-06-15 20:00:00,243.104539533333,0,0,0,0,0,0,0.108108333333333,6.65943166666667,31.690015,47.6734666666667,37.8757166666667,30.6447916666667,27.02974,25.9603366666667,20.3753966666667,5.165945,2.48947666666667,1.223045,0.758116666666667,0.55856,0.504506666666667,0.521715,0.488126666666667,0.341425,0.255558333333333,0.212206666666667,0.209675,0.194946666666667,0.18259,0.18983,0.165478333333333,0.169981666666667,0.143145,0.143436666666667,0.156028333333333,0.115798333333333,0.108343333333333,0.083155,0.0662183333333333,0.045565,0.0299283333333333,0.025145,0.0223883333333333,0.014225,0.0147516666666667,0.01304,0.0124966666666667,0.0138433333333333,0.00807333333333333,0.006165,0.00410666666666667,0.00376,0.00295333333333333,0.00496833333333333,0.00326666666666667,0.00271166666666667,0.00108833333333333,0.00392166666666667,0.00414,0.00068,0.00170666666666667,0.00149666666666667,0.00059,0.00127,0.00234333333333333,0.000508333333333333,0.000138333333333333,0.000398333333333333,0.0000183333333333333,0,0,0.00013,0.00038,0.00041,0.00044,0.00047,0.0005,0.00015,0,1,0,0,0,0,0,0,1,1,1,1,1,1,1,1,1,1,1,1,1,1,1,1,1,1,1,1,1,1,1,1,1,1,1,1,1,1,1,1,1,1,1,1,1,1,1,1,1,1,1,1,1,1,1,1,1,1,1,1,1,1,1,1,1,1,1,1,1,1,1,1,1,1,1,1,1,1,1,1,0
2026-06-15 21:00:00,225.28180415,0,0,0,0,0,0,0.111091666666667,6.17942666666667,29.0506833333333,43.78221,35.1345,28.2549916666667,24.9621783333333,23.9267816666667,19.3996116666667,5.30462833333333,2.634835,1.28931333333333,0.770046666666667,0.550833333333333,0.507295,0.539695,0.508345,0.353946666666667,0.287736666666667,0.200051666666667,0.20615,0.212583333333333,0.197078333333333,0.200115,0.154261666666667,0.19224,0.159293333333333,0.143415,0.151591666666667,0.123323333333333,0.115526666666667,0.0877566666666667,0.0700866666666667,0.0534116666666667,0.0334233333333333,0.0228733333333333,0.0223466666666667,0.0212583333333333,0.019875,0.0163233333333333,0.00865833333333333,0.0107083333333333,0.00565333333333333,0.00493333333333333,0.00644166666666667,0.00376,0.00161,0.00273,0.00367,0.000778333333333333,0.00329833333333333,0.00123333333333333,0.00237166666666667,0.00068,0.00185,0.00178166666666667,0.00059,0.000461666666666667,0.000421666666666667,0.000988333333333333,0.000696666666666667,0.001255,0.000833333333333333,0.00083,0.000573333333333333,0.000773333333333333,0.000316666666666667,0.00034,0.000365,0.000391666666666667,0.000418333333333333,0.000123333333333333,0,1,0,0,0,0,0,0,1,1,1,1,1,1,1,1,1,1,1,1,1,1,1,1,1,1,1,1,1,1,1,1,1,1,1,1,1,1,1,1,1,1,1,1,1,1,1,1,1,1,1,1,1,1,1,1,1,1,1,1,1,1,1,1,1,1,1,1,1,1,1,1,1,1,1,1,1,1,1,1,0
2026-06-15 22:00:00,299.145922116667,0,0,0,0,0,0,0.129891666666667,7.66004666666667,36.6587883333333,56.77678,46.1694733333333,37.3929016666667,32.5169333333333,30.0833516666667,25.3669733333333,9.88193833333333,5.33852333333333,2.621905,1.547615,1.136265,0.88661,0.809566666666667,0.743546666666667,0.524006666666667,0.389898333333333,0.293208333333333,0.253645,0.258406666666667,0.223158333333333,0.228218333333333,0.172663333333333,0.183608333333333,0.155261666666667,0.153873333333333,0.14327,0.130045,0.115528333333333,0.0989666666666667,0.0692333333333333,0.0575083333333333,0.0392916666666667,0.029195,0.024855,0.0220366666666667,0.0165566666666667,0.01572,0.0154666666666667,0.0142733333333333,0.009455,0.00707666666666667,0.0105683333333333,0.00754333333333333,0.00376833333333333,0.004685,0.00383833333333333,0.002115,0.00266666666666667,0.00148833333333333,0.00100833333333333,0.00332166666666667,0.002085,0.00174833333333333,0.000425,0.00127,0.00111666666666667,0.000571666666666667,0.00084,0.001235,0.000435,0.001245,0.000413333333333333,0.000541666666666667,0.00038,0.00041,0.00044,0.00047,0.0005,0.00015,0,1,0,0,0,0,0,0,1,1,1,1,1,1,1,1,1,1,1,1,1,1,1,1,1,1,1,1,1,1,1,1,1,1,1,1,1,1,1,1,1,1,1,1,1,1,1,1,1,1,1,1,1,1,1,1,1,1,1,1,1,1,1,1,1,1,1,1,1,1,1,1,1,1,1,1,1,1,1,1,0
2026-06-15 23:00:00,214.694275716667,0,0,0,0,0,0,0.0922,5.28621666666667,25.3085516666667,39.4761583333333,32.8363816666667,27.0593083333333,24.7247016666667,24.3818116666667,20.982245,5.43302666666667,2.61863,1.27281,0.764881666666667,0.581225,0.530281666666667,0.522718333333333,0.500103333333333,0.342476666666667,0.285351666666667,0.216003333333333,0.207946666666667,0.208648333333333,0.191103333333333,0.220351666666667,0.16617,0.165328333333333,0.15232,0.142323333333333,0.138301666666667,0.136385,0.115638333333333,0.0988133333333333,0.0695966666666667,0.04613,0.03906,0.0268,0.0252016666666667,0.0183366666666667,0.0207833333333333,0.01427,0.0133733333333333,0.00979,0.00856,0.00563666666666667,0.00811333333333333,0.00934666666666667,0.00285833333333333,0.00314333333333333,0.00462333333333333,0.00373166666666667,0.00215,0.00206333333333333,0.00120666666666667,0.000503333333333333,0.00170666666666667,0.001275,0.00085,0.000808333333333333,0.00046,0.001265,0,0,0.000416666666666667,0.000415,0.000573333333333333,0.00034,0.000253333333333333,0.000273333333333333,0.000293333333333333,0.000313333333333333,0.000333333333333333,0.0001,0,1,0,0,0,0,0,0,1,1,1,1,1,1,1,1,1,1,1,1,1,1,1,1,1,1,1,1,1,1,1,1,1,1,1,1,1,1,1,1,1,1,1,1,1,1,1,1,1,1,1,1,1,1,1,1,1,1,1,1,1,1,1,1,1,1,1,1,1,1,1,1,1,1,1,1,1,1,1,1,0
2026-06-16,224.339242083333,0,0,0,0,0,0,0.0825366666666667,5.18676666666667,25.6421916666667,40.4530683333333,33.8180383333333,28.2826816666667,26.14062,25.5394183333333,23.154235,6.08996166666667,2.95897666666667,1.44091666666667,0.863606666666667,0.669565,0.577661666666667,0.572823333333333,0.561255,0.388921666666667,0.31023,0.25028,0.223573333333333,0.223078333333333,0.19501,0.217703333333333,0.189051666666667,0.163085,0.170166666666667,0.164336666666667,0.1582,0.134516666666667,0.119096666666667,0.0994266666666667,0.0824466666666667,0.0530483333333333,0.043005,0.03587,0.02898,0.025765,0.0225483333333333,0.0237216666666667,0.01351,0.010855,0.01151,0.0105966666666667,0.009245,0.00929666666666667,0.00585833333333333,0.00701,0.00552166666666667,0.00467666666666667,0.00401333333333333,0.00478166666666667,0.00602833333333333,0.00477333333333333,0.00256,0.000425,0,0.000808333333333333,0.00123166666666667,0.000358333333333333,0.001975,0.00149833333333333,0.000435,0,0,0.0000433333333333333,0.000126666666666667,0.000136666666666667,0.000146666666666667,0.000156666666666667,0.000166666666666667,0.00005,0,1,0,0,0,0,0,0,1,1,1,1,1,1,1,1,1,1,1,1,1,1,1,1,1,1,1,1,1,1,1,1,1,1,1,1,1,1,1,1,1,1,1,1,1,1,1,1,1,1,1,1,1,1,1,1,1,1,1,1,1,1,1,1,1,1,1,1,1,1,1,1,1,1,1,1,1,1,1,1,0
2026-06-16 01:00:00,189.541343983333,0,0,0,0,0,0,0.0752883333333333,5.01071,24.130695,36.43963,28.8069283333333,22.98499,20.337,19.3425516666667,18.050425,5.615785,2.45802666666667,1.25912333333333,0.732838333333333,0.556438333333333,0.485361666666667,0.498446666666667,0.4754,0.296363333333333,0.251608333333333,0.204486666666667,0.17495,0.188736666666667,0.169156666666667,0.169781666666667,0.149071666666667,0.137936666666667,0.123185,0.11967,0.10174,0.0766633333333333,0.0908633333333333,0.07728,0.0511116666666667,0.0386216666666667,0.0338483333333333,0.0271116666666667,0.0253733333333333,0.0210366666666667,0.0178,0.0157283333333333,0.01437,0.0165633333333333,0.009425,0.004705,0.00854833333333333,0.00749666666666667,0.00688333333333333,0.00280833333333333,0.00628833333333333,0.00489166666666667,0.00286666666666667,0.00206333333333333,0.001975,0.00203666666666667,0.00469333333333333,0.000425,0.000811666666666667,0.000461666666666667,0.00119,0.000918333333333333,0.00042,0,0,0,0.000573333333333333,0.00073,0.00019,0.000205,0.00022,0.000235,0.00025,0.000075,0,1,0,0,0,0,0,0,1,1,1,1,1,1,1,1,1,1,1,1,1,1,1,1,1,1,1,1,1,1,1,1,1,1,1,1,1,1,1,1,1,1,1,1,1,1,1,1,1,1,1,1,1,1,1,1,1,1,1,1,1,1,1,1,1,1,1,1,1,1,1,1,1,1,1,1,1,1,1,1,0
2026-06-16 02:00:00,142.917546116667,0,0,0,0,0,0,0.0666383333333333,4.16212666666667,19.7177466666667,29.254805,22.4445966666667,17.13318,14.589,13.2308416666667,12.307985,4.087805,1.503315,0.75754,0.479736666666667,0.358995,0.311955,0.325478333333333,0.314068333333333,0.214875,0.179425,0.146161666666667,0.136218333333333,0.125108333333333,0.108841666666667,0.123181666666667,0.0993983333333333,0.094615,0.078235,0.0831766666666667,0.0740133333333333,0.0775466666666667,0.05389,0.055035,0.0400566666666667,0.035525,0.0211416666666667,0.0200533333333333,0.0143816666666667,0.01547,0.0160166666666667,0.0126916666666667,0.01279,0.0104183333333333,0.00731,0.00899666666666667,0.00499333333333333,0.00421666666666667,0.00324333333333333,0.00278166666666667,0.00294833333333333,0.00279166666666667,0.00166333333333333,0.00198,0.0018,0.00135833333333333,0.000853333333333333,0.000425,0.00085,0.000846666666666667,0.000845,0.000421666666666667,0,0.000418333333333333,0.000416666666666667,0,0,0.000065,0.00019,0.000205,0.00022,0.000235,0.00025,0.000075,0,1,0,0,0,0,0,0,1,1,1,1,1,1,1,1,1,1,1,1,1,1,1,1,1,1,1,1,1,1,1,1,1,1,1,1,1,1,1,1,1,1,1,1,1,1,1,1,1,1,1,1,1,1,1,1,1,1,1,1,1,1,1,1,1,1,1,1,1,1,1,1,1,1,1,1,1,1,1,1,0
2026-06-16 03:00:00,198.478149783333,0,0,0,0,0,0,0.0896366666666667,4.93417333333333,24.4008883333333,37.631315,30.370605,24.7310816666667,22.00674,21.01582,19.6813066666667,5.45847833333333,2.419375,1.200725,0.727641666666667,0.553973333333333,0.485913333333333,0.486746666666667,0.472083333333333,0.28985,0.243118333333333,0.188943333333333,0.177065,0.174611666666667,0.155881666666667,0.172898333333333,0.141946666666667,0.139805,0.120305,0.114825,0.10961,0.0950616666666667,0.0812066666666667,0.0677716666666667,0.0505683333333333,0.0369216666666667,0.0336083333333333,0.0298583333333333,0.0210883333333333,0.0213833333333333,0.016455,0.016405,0.012195,0.0143516666666667,0.00993,0.00260333333333333,0.00679166666666667,0.0054,0.004585,0.00303666666666667,0.00221,0.00235666666666667,0.000601666666666667,0.00106166666666667,0.000483333333333333,0.000855,0.00256,0.00117333333333333,0.0013,0.0000766666666666667,0,0.000421666666666667,0.000288333333333333,0.000131666666666667,0,0,0.000413333333333333,0.0000216666666666667,0.0000633333333333333,0.0000683333333333333,0.0000733333333333333,0.0000783333333333333,0.0000833333333333333,0.000025,0,1,0,0,0,0,0,0,1,1,1,1,1,1,1,1,1,1,1,1,1,1,1,1,1,1,1,1,1,1,1,1,1,1,1,1,1,1,1,1,1,1,1,1,1,1,1,1,1,1,1,1,1,1,1,1,1,1,1,1,1,1,1,1,1,1,1,1,1,1,1,1,1,1,1,1,1,1,1,1,0
2026-06-16 04:00:00,111.812070616667,0,0,0,0,0,0,0.05288,3.26041833333333,15.2176283333333,22.524475,17.442245,13.3450383333333,11.3595566666667,10.3306333333333,9.24594833333333,3.35346333333333,1.17097833333333,0.617553333333333,0.392756666666667,0.310546666666667,0.27049,0.273205,0.264078333333333,0.19229,0.163671666666667,0.131791666666667,0.116683333333333,0.11805,0.0968683333333333,0.096435,0.0879016666666667,0.0872866666666667,0.06849,0.07309,0.0621766666666667,0.0549883333333333,0.0449333333333333,0.0403883333333333,0.0280883333333333,0.0214166666666667,0.0230933333333333,0.0183183333333333,0.0179283333333333,0.012665,0.016575,0.0123966666666667,0.0110683333333333,0.011325,0.009165,0.00479666666666667,0.005405,0.00335,0.00470333333333333,0.00134666666666667,0.00133,0.00134166666666667,0.00086,0.00128833333333333,0.000175,0.000678333333333333,0.000853333333333333,0,0.000425,0.000423333333333333,0,0.000421666666666667,0,0.000418333333333333,0,0.000173333333333333,0.00024,0.000455,0.000126666666666667,0.000136666666666667,0.000146666666666667,0.000156666666666667,0.000166666666666667,0.00005,0,1,0,0,0,0,0,0,1,1,1,1,1,1,1,1,1,1,1,1,1,1,1,1,1,1,1,1,1,1,1,1,1,1,1,1,1,1,1,1,1,1,1,1,1,1,1,1,1,1,1,1,1,1,1,1,1,1,1,1,1,1,1,1,1,1,1,1,1,1,1,1,1,1,1,1,1,1,1,1,0
2026-06-16 05:00:00,74.5753827666667,0,0,0,0,0,0,0.0373266666666667,2.12934166666667,10.0765266666667,14.5043183333333,11.252555,8.659975,7.42471833333333,6.89086666666667,6.58222833333333,2.62635166666667,0.9437,0.508808333333333,0.299048333333333,0.25434,0.228335,0.225155,0.213431666666667,0.158601666666667,0.121115,0.112858333333333,0.0847116666666667,0.0840816666666667,0.08413,0.0747383333333333,0.0659266666666667,0.0587233333333333,0.0518716666666667,0.0488383333333333,0.0453116666666667,0.0413183333333333,0.0444016666666667,0.0365183333333333,0.0299266666666667,0.02526,0.024085,0.0198333333333333,0.0220683333333333,0.0116133333333333,0.0137166666666667,0.00709833333333333,0.010775,0.00980333333333333,0.00909,0.00683833333333333,0.00297333333333333,0.00332666666666667,0.003745,0.00176,0.00341666666666667,0.001555,0.00131833333333333,0.00163166666666667,0.000603333333333333,0.00110666666666667,0.000426666666666667,0,0.00085,0.000423333333333333,0.000346666666666667,0.000925,0.000835,0.000398333333333333,0.000435,0,0,0.0000216666666666667,0.0000633333333333333,0.0000683333333333333,0.0000733333333333333,0.0000783333333333333,0.0000833333333333333,0.000025,0,1,0,0,0,0,0,0,1,1,1,1,1,1,1,1,1,1,1,1,1,1,1,1,1,1,1,1,1,1,1,1,1,1,1,1,1,1,1,1,1,1,1,1,1,1,1,1,1,1,1,1,1,1,1,1,1,1,1,1,1,1,1,1,1,1,1,1,1,1,1,1,1,1,1,1,1,1,1,1,0
2026-06-16 06:00:00,79.89138115,0,0,0,0,0,0,0.03932,2.39954,10.7431283333333,15.387,11.697515,9.16666666666667,8.1044,7.88739666666667,6.93878666666667,2.15533166666667,1.006985,0.515863333333333,0.347251666666667,0.28129,0.274425,0.273668333333333,0.259998333333333,0.169435,0.140571666666667,0.113456666666667,0.0951433333333333,0.102336666666667,0.0876933333333333,0.0963316666666667,0.082855,0.0765383333333333,0.0704766666666667,0.0649816666666667,0.058855,0.057025,0.0478816666666667,0.04188,0.0308883333333333,0.0278916666666667,0.0204866666666667,0.019845,0.0202516666666667,0.014095,0.0184183333333333,0.011365,0.0127983333333333,0.00922166666666667,0.00488833333333333,0.00474666666666667,0.00803,0.00629,0.00288166666666667,0.00417333333333333,0.00364666666666667,0.00147333333333333,0.000831666666666667,0.000858333333333333,0.000856666666666667,0.000428333333333333,0,0.000646666666666667,0.000628333333333333,0,0.000421666666666667,0.000421666666666667,0,0,0,0,0.000413333333333333,0.0000433333333333333,0.000126666666666667,0.000136666666666667,0.000146666666666667,0.000156666666666667,0.000166666666666667,0.00005,0,1,0,0,0,0,0,0,1,1,1,1,1,1,1,1,1,1,1,1,1,1,1,1,1,1,1,1,1,1,1,1,1,1,1,1,1,1,1,1,1,1,1,1,1,1,1,1,1,1,1,1,1,1,1,1,1,1,1,1,1,1,1,1,1,1,1,1,1,1,1,1,1,1,1,1,1,1,1,1,0
2026-06-16 07:00:00,102.24401375,0,0,0,0,0,0,0.05831,3.16413,13.9596433333333,20.1417716666667,15.1721766666667,11.7784066666667,10.4224533333333,10.1629733333333,8.63400833333333,2.37569333333333,1.19854833333333,0.643323333333333,0.442815,0.362771666666667,0.346981666666667,0.36194,0.339106666666667,0.237503333333333,0.191696666666667,0.148278333333333,0.157641666666667,0.14238,0.122235,0.144186666666667,0.113716666666667,0.110506666666667,0.10324,0.09201,0.0840416666666667,0.0710266666666667,0.0612766666666667,0.0556733333333333,0.045105,0.0336783333333333,0.032735,0.02742,0.02185,0.0178583333333333,0.015225,0.01456,0.015535,0.00989833333333333,0.00885666666666667,0.00661333333333333,0.0084,0.00335166666666667,0.00365166666666667,0.003645,0.003435,0.00102,0.00209333333333333,0.00171666666666667,0.000428333333333333,0.00128333333333333,0.000853333333333333,0,0,0,0.000346666666666667,0.00176166666666667,0.000288333333333333,0.000131666666666667,0.000416666666666667,0.000415,0,0.000108333333333333,0.000316666666666667,0.000341666666666667,0.000366666666666667,0.000391666666666667,0.000416666666666667,0.000125,0,1,0,0,0,0,0,0,1,1,1,1,1,1,1,1,1,1,1,1,1,1,1,1,1,1,1,1,1,1,1,1,1,1,1,1,1,1,1,1,1,1,1,1,1,1,1,1,1,1,1,1,1,1,1,1,1,1,1,1,1,1,1,1,1,1,1,1,1,1,1,1,1,1,1,1,1,1,1,1,0
2026-06-16 08:00:00,111.360884483333,0,0,0,0,0,0,0.06932,3.76028666666667,16.3016533333333,22.4459466666667,16.8592833333333,12.9452116666667,11.2651833333333,11.1278,8.776825,2.44041666666667,1.21404333333333,0.64923,0.447671666666667,0.386921666666667,0.365556666666667,0.366703333333333,0.368635,0.24791,0.217246666666667,0.185486666666667,0.170623333333333,0.165541666666667,0.14964,0.160835,0.129156666666667,0.127681666666667,0.105856666666667,0.110141666666667,0.0969766666666667,0.0854316666666667,0.0678766666666667,0.071075,0.0542116666666667,0.0422083333333333,0.035775,0.0343516666666667,0.02736,0.0198883333333333,0.0234283333333333,0.0159166666666667,0.01895,0.0172266666666667,0.015875,0.00997,0.0102366666666667,0.007565,0.00756,0.00388166666666667,0.00537333333333333,0.002935,0.00513333333333333,0.00186333333333333,0.00414,0.00110666666666667,0.000426666666666667,0.000323333333333333,0.000101666666666667,0,0,0.000843333333333333,0.000288333333333333,0.000131666666666667,0,0.000173333333333333,0.000653333333333333,0.0000216666666666667,0.0000633333333333333,0.0000683333333333333,0.0000733333333333333,0.0000783333333333333,0.0000833333333333333,0.000025,0,1,0,0,0,0,0,0,1,1,1,1,1,1,1,1,1,1,1,1,1,1,1,1,1,1,1,1,1,1,1,1,1,1,1,1,1,1,1,1,1,1,1,1,1,1,1,1,1,1,1,1,1,1,1,1,1,1,1,1,1,1,1,1,1,1,1,1,1,1,1,1,1,1,1,1,1,1,1,1,0
2026-06-16 09:00:00,105.730701666667,0,0,0,0,0,0,0.06981,4.04219333333333,16.4884516666667,21.730165,16.0116583333333,12.0680566666667,10.58981,10.3131616666667,7.23263166666667,1.943675,0.954328333333333,0.510588333333333,0.356388333333333,0.31055,0.291808333333333,0.338871666666667,0.29668,0.226836666666667,0.194651666666667,0.167405,0.159438333333333,0.149223333333333,0.138508333333333,0.140666666666667,0.11292,0.114775,0.101841666666667,0.0953666666666667,0.0980033333333333,0.0739616666666667,0.0804833333333333,0.0593133333333333,0.052255,0.041,0.0379883333333333,0.03241,0.02794,0.0218233333333333,0.0153066666666667,0.0183483333333333,0.0124983333333333,0.0187716666666667,0.0138233333333333,0.0109583333333333,0.00670666666666667,0.00547,0.00542666666666667,0.003645,0.005055,0.00160833333333333,0.00246833333333333,0.00251666666666667,0.0028,0.000678333333333333,0.00166,0.000898333333333333,0,0.000423333333333333,0.000346666666666667,0.000075,0,0,0.000833333333333333,0.000415,0,0.000065,0.00019,0.000205,0.00022,0.000235,0.00025,0.000075,0,1,0,0,0,0,0,0,1,1,1,1,1,1,1,1,1,1,1,1,1,1,1,1,1,1,1,1,1,1,1,1,1,1,1,1,1,1,1,1,1,1,1,1,1,1,1,1,1,1,1,1,1,1,1,1,1,1,1,1,1,1,1,1,1,1,1,1,1,1,1,1,1,1,1,1,1,1,1,1,0
2026-06-16 10:00:00,107.058926316667,0,0,0,0,0,0,0.0731566666666667,3.96219333333333,16.640825,22.127115,16.0909366666667,12.2839216666667,10.7359633333333,10.7099533333333,7.08674666666667,2.05209,0.91206,0.489325,0.359428333333333,0.28618,0.284795,0.308833333333333,0.274926666666667,0.221035,0.196495,0.14722,0.15611,0.15565,0.121348333333333,0.121826666666667,0.10625,0.121631666666667,0.103908333333333,0.0846483333333333,0.0778966666666667,0.0840316666666667,0.07086,0.064995,0.0476483333333333,0.0364516666666667,0.0265966666666667,0.0211366666666667,0.027845,0.0162183333333333,0.0173416666666667,0.014165,0.01367,0.0131533333333333,0.01082,0.006705,0.00889666666666667,0.00752,0.00862166666666667,0.005545,0.00506833333333333,0.00254166666666667,0.00126166666666667,0.00154833333333333,0.00137333333333333,0.00135833333333333,0.00104333333333333,0.00151166666666667,0.000425,0.00200166666666667,0.000461666666666667,0.000075,0.000996666666666667,0.000263333333333333,0,0.000415,0,0.000151666666666667,0.000443333333333333,0.000476666666666667,0.000511666666666667,0.000548333333333333,0.000585,0.000173333333333333,0,1,0,0,0,0,0,0,1,1,1,1,1,1,1,1,1,1,1,1,1,1,1,1,1,1,1,1,1,1,1,1,1,1,1,1,1,1,1,1,1,1,1,1,1,1,1,1,1,1,1,1,1,1,1,1,1,1,1,1,1,1,1,1,1,1,1,1,1,1,1,1,1,1,1,1,1,1,1,1,0
2026-06-16 11:00:00,103.4515466,0,0,0,0,0,0,0.0805966666666667,3.96543,16.4029383333333,21.30045,15.5138933333333,11.7599383333333,10.10865,10.11642,6.98846166666667,2.21834166666667,0.989721666666667,0.481353333333333,0.30614,0.271361666666667,0.260295,0.264253333333333,0.243111666666667,0.175996666666667,0.13466,0.1135,0.120735,0.116368333333333,0.102966666666667,0.106245,0.0851516666666667,0.0909666666666667,0.0785516666666667,0.0684133333333333,0.0627083333333333,0.05394,0.0541183333333333,0.0418166666666667,0.0382216666666667,0.0297866666666667,0.0244333333333333,0.0213133333333333,0.0241566666666667,0.015815,0.017315,0.0110983333333333,0.0122283333333333,0.0124333333333333,0.00664,0.006895,0.00512333333333333,0.00544666666666667,0.00567166666666667,0.00317666666666667,0.00307166666666667,0.00413333333333333,0.003555,0.000631666666666667,0.00134,0.000855,0.00123333333333333,0.000473333333333333,0.000425,0.000423333333333333,0,0.000421666666666667,0,0,0,0,0,0.00052,0.000316666666666667,0.000341666666666667,0.000366666666666667,0.000391666666666667,0.000416666666666667,0.000125,0,1,0,0,0,0,0,0,1,1,1,1,1,1,1,1,1,1,1,1,1,1,1,1,1,1,1,1,1,1,1,1,1,1,1,1,1,1,1,1,1,1,1,1,1,1,1,1,1,1,1,1,1,1,1,1,1,1,1,1,1,1,1,1,1,1,1,1,1,1,1,1,1,1,1,1,1,1,1,1,0
2026-06-16 12:00:00,82.0095738333333,0,0,0,0,0,0,0.0547733333333333,2.90485833333333,12.3008666666667,16.4413016666667,12.15713,9.48897166666667,8.35347166666667,8.19899833333333,6.39354333333333,2.32976,0.89941,0.439088333333333,0.263798333333333,0.212665,0.189775,0.210621666666667,0.161065,0.12192,0.0883983333333333,0.07799,0.0723116666666667,0.0677,0.068385,0.067095,0.04724,0.044965,0.0364983333333333,0.0325083333333333,0.0302416666666667,0.0306916666666667,0.030295,0.0186416666666667,0.02257,0.01565,0.0145633333333333,0.010345,0.0116183333333333,0.00791166666666667,0.00775,0.010585,0.00895833333333333,0.00935,0.005495,0.00502166666666667,0.00390166666666667,0.00542333333333333,0.00340666666666667,0.00184833333333333,0.00219333333333333,0.00094,0.002465,0.00163666666666667,0.00291,0.000678333333333333,0.000426666666666667,0,0.000425,0.00246333333333333,0.000921666666666667,0,0.00112833333333333,0.00055,0,0,0.000413333333333333,0.00013,0.00038,0.000408333333333333,0.000438333333333333,0.00047,0.000501666666666667,0.000148333333333333,0,1,0,0,0,0,0,0,1,1,1,1,1,1,1,1,1,1,1,1,1,1,1,1,1,1,1,1,1,1,1,1,1,1,1,1,1,1,1,1,1,1,1,1,1,1,1,1,1,1,1,1,1,1,1,1,1,1,1,1,1,1,1,1,1,1,1,1,1,1,1,1,1,1,1,1,1,1,1,1,0
2026-06-16 13:00:00,96.2075826333333,0,0,0,0,0,0,0.064785,3.35144166666667,14.4498533333333,18.908955,14.071625,10.9218933333333,9.86992666666667,9.98686166666667,7.17915833333333,2.56041,1.10957,0.541325,0.325146666666667,0.266818333333333,0.240261666666667,0.246275,0.188353333333333,0.140343333333333,0.103193333333333,0.0851933333333333,0.0721533333333333,0.0659116666666667,0.0566133333333333,0.0605016666666667,0.0479683333333333,0.0373233333333333,0.0404783333333333,0.0334266666666667,0.0299433333333333,0.0316283333333333,0.031395,0.0259783333333333,0.0205816666666667,0.0131583333333333,0.0154166666666667,0.00751666666666667,0.0125616666666667,0.0106783333333333,0.00878333333333333,0.00657833333333333,0.00483,0.00750333333333333,0.00409333333333333,0.00554166666666667,0.00598833333333333,0.00583333333333333,0.00290333333333333,0.00124,0.00242333333333333,0.001805,0.00240833333333333,0.001375,0.000603333333333333,0.000251666666666667,0.00147,0.001835,0.00137666666666667,0.000385,0.00123166666666667,0.000918333333333333,0.000576666666666667,0.0011,0.000223333333333333,0.000608333333333333,0.00124,0.000585,0.000506666666666667,0.000545,0.000585,0.000626666666666667,0.000668333333333333,0.000198333333333333,0,1,0,0,0,0,0,0,1,1,1,1,1,1,1,1,1,1,1,1,1,1,1,1,1,1,1,1,1,1,1,1,1,1,1,1,1,1,1,1,1,1,1,1,1,1,1,1,1,1,1,1,1,1,1,1,1,1,1,1,1,1,1,1,1,1,1,1,1,1,1,1,1,1,1,1,1,1,1,1,0
2026-06-16 14:00:00,90.6681981333333,0,0,0,0,0,0,0.0797366666666667,3.75431,16.0753233333333,20.2767216666667,13.4008066666667,9.17887833333333,7.82717,7.89946333333333,6.09982833333333,2.300435,1.079065,0.514936666666667,0.346698333333333,0.250383333333333,0.229711666666667,0.245241666666667,0.16931,0.126201666666667,0.0771416666666667,0.0533266666666667,0.055925,0.0546666666666667,0.0488466666666667,0.041635,0.0312116666666667,0.0381116666666667,0.03221,0.024165,0.0251233333333333,0.0225,0.0244816666666667,0.01589,0.018435,0.01015,0.0109366666666667,0.00667,0.0104283333333333,0.00855833333333333,0.00414166666666667,0.00667166666666667,0.012435,0.00686833333333333,0.00504,0.00469,0.00633666666666667,0.00378166666666667,0.00499666666666667,0.003055,0.00212166666666667,0.001265,0.00367166666666667,0.00043,0.00223833333333333,0.00203833333333333,0.000426666666666667,0.000425,0.00162333333333333,0.0000766666666666667,0.00077,0.000496666666666667,0.00084,0.000816666666666667,0.000435,0.000415,0.000573333333333333,0.00138,0.000886666666666667,0.000953333333333333,0.00102333333333333,0.00109666666666667,0.00117,0.000346666666666667,0,1,0,0,0,0,0,0,1,1,1,1,1,1,1,1,1,1,1,1,1,1,1,1,1,1,1,1,1,1,1,1,1,1,1,1,1,1,1,1,1,1,1,1,1,1,1,1,1,1,1,1,1,1,1,1,1,1,1,1,1,1,1,1,1,1,1,1,1,1,1,1,1,1,1,1,1,1,1,1,0
2026-06-16 15:00:00,83.5973324333333,0,0,0,0,0,0,0.0577933333333333,2.71391666666667,12.1288616666667,15.9864483333333,11.5363266666667,9.03967,8.32745833333333,9.46084833333333,7.24450333333333,2.84076,1.284285,0.610913333333333,0.372691666666667,0.266945,0.230373333333333,0.251796666666667,0.17063,0.128578333333333,0.07148,0.057745,0.04645,0.0495066666666667,0.0361033333333333,0.0445333333333333,0.0304233333333333,0.0343133333333333,0.0294883333333333,0.0241083333333333,0.0264133333333333,0.017025,0.01977,0.0131583333333333,0.0173566666666667,0.00553,0.008875,0.004715,0.00576166666666667,0.00790333333333333,0.00311833333333333,0.00746833333333333,0.00505666666666667,0.00628666666666667,0.003335,0.00466333333333333,0.00581666666666667,0.00334833333333333,0.004655,0.00426166666666667,0.004475,0.000561666666666667,0.001605,0.00255166666666667,0.00225166666666667,0,0.000616666666666667,0.001835,0.00137666666666667,0.000808333333333333,0.0000383333333333333,0.000843333333333333,0.00042,0.000418333333333333,0,0.00083,0.000413333333333333,0.000736666666666667,0.00095,0.00102166666666667,0.00109666666666667,0.001175,0.00125333333333333,0.000371666666666667,0,1,0,0,0,0,0,0,1,1,1,1,1,1,1,1,1,1,1,1,1,1,1,1,1,1,1,1,1,1,1,1,1,1,1,1,1,1,1,1,1,1,1,1,1,1,1,1,1,1,1,1,1,1,1,1,1,1,1,1,1,1,1,1,1,1,1,1,1,1,1,1,1,1,1,1,1,1,1,1,0
2026-06-16 16:00:00,76.4209296333333,0,0,0,0,0,0,0.0387733333333333,2.24770166666667,9.788955,13.5568733333333,10.6008916666667,8.83603333333333,8.70511666666667,9.93445166666667,6.862595,2.469715,1.11003666666667,0.530565,0.294121666666667,0.210728333333333,0.186943333333333,0.188295,0.152675,0.102435,0.074995,0.0497416666666667,0.0547766666666667,0.0494966666666667,0.036465,0.03433,0.0261316666666667,0.032165,0.0241066666666667,0.0263566666666667,0.021845,0.02025,0.0154433333333333,0.0173716666666667,0.009455,0.0101866666666667,0.007445,0.008655,0.00525833333333333,0.00710166666666667,0.006435,0.00312333333333333,0.001875,0.00527333333333333,0.00547333333333333,0.00200666666666667,0.005055,0.00250666666666667,0.00295166666666667,0.00263166666666667,0.00344166666666667,0.000618333333333333,0.00283833333333333,0.00286833333333333,0.00125166666666667,0.001105,0,0.00107166666666667,0.000628333333333333,0.000423333333333333,0.000421666666666667,0.000988333333333333,0.001115,0.000398333333333333,0.0000183333333333333,0,0,0.000238333333333333,0.000696666666666667,0.00075,0.000805,0.000861666666666667,0.000918333333333333,0.000273333333333333,0,1,0,0,0,0,0,0,1,1,1,1,1,1,1,1,1,1,1,1,1,1,1,1,1,1,1,1,1,1,1,1,1,1,1,1,1,1,1,1,1,1,1,1,1,1,1,1,1,1,1,1,1,1,1,1,1,1,1,1,1,1,1,1,1,1,1,1,1,1,1,1,1,1,1,1,1,1,1,1,0
2026-06-16 17:00:00,68.4237923166667,0,0,0,0,0,0,0.0440333333333333,2.13699,9.38976166666667,12.71463,9.74187666666667,7.68571666666667,7.37634333333333,8.168765,6.09504666666667,2.19551333333333,0.950658333333333,0.431343333333333,0.248965,0.186083333333333,0.163031666666667,0.165696666666667,0.132398333333333,0.089605,0.0660483333333333,0.0467816666666667,0.0451116666666667,0.0397266666666667,0.0435683333333333,0.0301716666666667,0.03002,0.0331816666666667,0.0233316666666667,0.0228383333333333,0.0244566666666667,0.0192916666666667,0.0146266666666667,0.0145683333333333,0.0141316666666667,0.00998333333333333,0.00800666666666667,0.00993833333333333,0.00876333333333333,0.00563,0.003435,0.00337833333333333,0.00499,0.00378833333333333,0.00310666666666667,0.003645,0.00204166666666667,0.00257666666666667,0.00124833333333333,0.00162,0.00228,0.000481666666666667,0.00043,0.00166166666666667,0.00134,0,0.000853333333333333,0.000425,0.000425,0.001655,0.000385,0.000496666666666667,0,0.000418333333333333,0.000416666666666667,0,0.000413333333333333,0.0000866666666666667,0.000253333333333333,0.000273333333333333,0.000293333333333333,0.000313333333333333,0.000333333333333333,0.0001,0,1,0,0,0,0,0,0,1,1,1,1,1,1,1,1,1,1,1,1,1,1,1,1,1,1,1,1,1,1,1,1,1,1,1,1,1,1,1,1,1,1,1,1,1,1,1,1,1,1,1,1,1,1,1,1,1,1,1,1,1,1,1,1,1,1,1,1,1,1,1,1,1,1,1,1,1,1,1,1,0
2026-06-16 18:00:00,78.2886154,0,0,0,0,0,0,0.0371666666666667,2.23146833333333,10.11877,14.0097866666667,10.7092383333333,8.77545666666667,8.484475,9.27528166666667,8.12389,2.85185,1.21650666666667,0.549298333333333,0.295686666666667,0.231866666666667,0.179783333333333,0.193261666666667,0.151325,0.113448333333333,0.08052,0.0618933333333333,0.0602816666666667,0.05115,0.0441983333333333,0.0380233333333333,0.0391833333333333,0.0250883333333333,0.032765,0.0281283333333333,0.0246,0.02242,0.01076,0.0189516666666667,0.012085,0.00813333333333333,0.00809833333333333,0.00843666666666667,0.00663166666666667,0.00917833333333333,0.00663,0.00469833333333333,0.00390166666666667,0.00510833333333333,0.00542833333333333,0.00370166666666667,0.00458,0.00168666666666667,0.00204166666666667,0.00186666666666667,0.000431666666666667,0.00344166666666667,0.00103166666666667,0.00272166666666667,0.000966666666666667,0.000855,0.000853333333333333,0.000425,0.00119833333333333,0.0005,0.000845,0,0,0,0.000416666666666667,0.000415,0,0.000065,0.00019,0.000205,0.00022,0.000235,0.00025,0.000075,0,1,0,0,0,0,0,0,1,1,1,1,1,1,1,1,1,1,1,1,1,1,1,1,1,1,1,1,1,1,1,1,1,1,1,1,1,1,1,1,1,1,1,1,1,1,1,1,1,1,1,1,1,1,1,1,1,1,1,1,1,1,1,1,1,1,1,1,1,1,1,1,1,1,1,1,1,1,1,1,0
2026-06-16 19:00:00,85.69941345,0,0,0,0,0,0,0.0463383333333333,2.62284333333333,11.4587233333333,15.32583,11.5567183333333,9.318495,8.906655,9.65564666666667,8.63860666666667,3.269335,1.49405833333333,0.650868333333333,0.400801666666667,0.252671666666667,0.223923333333333,0.221125,0.205946666666667,0.138961666666667,0.101415,0.0731983333333333,0.0641466666666667,0.0602166666666667,0.04779,0.043595,0.0328166666666667,0.0359916666666667,0.0255333333333333,0.0250583333333333,0.02337,0.0187533333333333,0.01773,0.0145183333333333,0.01266,0.00870333333333333,0.0112766666666667,0.00603333333333333,0.00671833333333333,0.00541333333333333,0.00551,0.00340166666666667,0.00353833333333333,0.00543666666666667,0.00598166666666667,0.00461833333333333,0.00423,0.00334833333333333,0.00340666666666667,0.00134666666666667,0.00138333333333333,0.002665,0.00137666666666667,0.00149,0.00143666666666667,0.00118166666666667,0.000853333333333333,0.001275,0.001275,0.00123166666666667,0.0000383333333333333,0,0.00042,0,0.000833333333333333,0.000415,0.000413333333333333,0.000476666666666667,0.00019,0.000205,0.00022,0.000235,0.00025,0.000075,0,1,0,0,0,0,0,0,1,1,1,1,1,1,1,1,1,1,1,1,1,1,1,1,1,1,1,1,1,1,1,1,1,1,1,1,1,1,1,1,1,1,1,1,1,1,1,1,1,1,1,1,1,1,1,1,1,1,1,1,1,1,1,1,1,1,1,1,1,1,1,1,1,1,1,1,1,1,1,1,0
2026-06-16 20:00:00,86.2844816333333,0,0,0,0,0,0,0.0504383333333333,2.721885,11.87976,15.908015,11.99921,9.44162833333333,8.93376833333333,9.50731666666667,8.69934833333333,3.555085,1.504635,0.737453333333333,0.423811666666667,0.291128333333333,0.257586666666667,0.232046666666667,0.201931666666667,0.140125,0.089045,0.0736333333333333,0.0638316666666667,0.0550833333333333,0.0486033333333333,0.0463366666666667,0.03695,0.0418416666666667,0.03427,0.02946,0.0205533333333333,0.019995,0.0215933333333333,0.0137966666666667,0.0138216666666667,0.00992,0.00340166666666667,0.00712166666666667,0.006985,0.00439,0.010365,0.00337833333333333,0.003685,0.00588833333333333,0.00356166666666667,0.00200666666666667,0.00555333333333333,0.00503666666666667,0.001585,0.000985,0.00305666666666667,0.00223166666666667,0.00100333333333333,0.00148833333333333,0.000911666666666667,0.002135,0.00147,0.00215833333333333,0.000628333333333333,0,0.000421666666666667,0.000705,0.00139833333333333,0.001235,0.0000183333333333333,0.000173333333333333,0.000813333333333333,0.000708333333333333,0.000126666666666667,0.000136666666666667,0.000146666666666667,0.000156666666666667,0.000166666666666667,0.00005,0,1,0,0,0,0,0,0,1,1,1,1,1,1,1,1,1,1,1,1,1,1,1,1,1,1,1,1,1,1,1,1,1,1,1,1,1,1,1,1,1,1,1,1,1,1,1,1,1,1,1,1,1,1,1,1,1,1,1,1,1,1,1,1,1,1,1,1,1,1,1,1,1,1,1,1,1,1,1,1,0
2026-06-16 21:00:00,67.9459851,0,0,0,0,0,0,0.0344416666666667,1.96585666666667,9.13079833333333,12.8246816666667,9.54848,7.42574666666667,6.87766666666667,7.25196166666667,6.72172166666667,2.80774,1.31259333333333,0.590185,0.364935,0.258086666666667,0.233673333333333,0.215005,0.183711666666667,0.126275,0.09031,0.0737216666666667,0.0495383333333333,0.0540466666666667,0.04681,0.039275,0.02831,0.0286183333333333,0.0262566666666667,0.0221533333333333,0.0243216666666667,0.0199716666666667,0.01586,0.0117033333333333,0.0127283333333333,0.00688333333333333,0.00505333333333333,0.00519,0.00447666666666667,0.00547666666666667,0.00379333333333333,0.00529666666666667,0.00332333333333333,0.00339,0.00328,0.00273333333333333,0.001755,0.00382833333333333,0.002135,0.00248333333333333,0.000555,0.00134166666666667,0.000601666666666667,0.00154833333333333,0.000603333333333333,0.000678333333333333,0.000853333333333333,0.000425,0.000425,0,0.000346666666666667,0.000075,0,0,0,0,0,0.0000433333333333333,0.000126666666666667,0.000136666666666667,0.000146666666666667,0.000156666666666667,0.000166666666666667,0.00005,0,1,0,0,0,0,0,0,1,1,1,1,1,1,1,1,1,1,1,1,1,1,1,1,1,1,1,1,1,1,1,1,1,1,1,1,1,1,1,1,1,1,1,1,1,1,1,1,1,1,1,1,1,1,1,1,1,1,1,1,1,1,1,1,1,1,1,1,1,1,1,1,1,1,1,1,1,1,1,1,0
2026-06-16 22:00:00,72.0266991166667,0,0,0,0,0,0,0.0317433333333333,1.99914166666667,9.36587833333333,13.742615,10.2422283333333,7.668975,6.7627,7.06549666666667,7.15767166666667,4.04326333333333,1.46917333333333,0.712426666666667,0.37505,0.25214,0.208203333333333,0.223151666666667,0.196928333333333,0.12713,0.0933533333333333,0.0664333333333333,0.0604483333333333,0.0538016666666667,0.0419216666666667,0.0411516666666667,0.038255,0.02986,0.0274883333333333,0.023375,0.0209966666666667,0.0203133333333333,0.0129383333333333,0.01404,0.00692,0.0109166666666667,0.003625,0.00496666666666667,0.00573666666666667,0.00271333333333333,0.00656666666666667,0.00513333333333333,0.00289333333333333,0.00190333333333333,0.00267333333333333,0.00226166666666667,0.000846666666666667,0.00253,0.00285833333333333,0.00107333333333333,0.001295,0.00086,0.000601666666666667,0.000258333333333333,0.000778333333333333,0.00093,0.000426666666666667,0,0.000425,0.00077,0.00134333333333333,0.000421666666666667,0.00042,0,0,0,0,0,0,0,0,0,0,0,0,1,0,0,0,0,0,0,1,1,1,1,1,1,1,1,1,1,1,1,1,1,1,1,1,1,1,1,1,1,1,1,1,1,1,1,1,1,1,1,1,1,1,1,1,1,1,1,1,1,1,1,1,1,1,1,1,1,1,1,1,1,1,1,1,1,1,1,1,1,1,1,1,1,1,1,1,1,1,1,0
2026-06-16 23:00:00,82.3351004666667,0,0,0,0,0,0,0.036135,2.186055,10.4625233333333,15.2334916666667,11.6983716666667,8.86665,7.88125,7.87846833333333,8.27779166666667,4.48894666666667,1.721685,0.881735,0.46396,0.331863333333333,0.28211,0.273615,0.248853333333333,0.169058333333333,0.111261666666667,0.0764266666666667,0.082705,0.06607,0.0545866666666667,0.0548566666666667,0.0422416666666667,0.0443683333333333,0.0323133333333333,0.0352033333333333,0.0231216666666667,0.0207616666666667,0.0158466666666667,0.0119616666666667,0.0124433333333333,0.00781333333333333,0.00788666666666667,0.00749833333333333,0.00476,0.00401166666666667,0.00490333333333333,0.002415,0.00462833333333333,0.00320833333333333,0.00186,0.00264166666666667,0.00169166666666667,0.00041,0.00247333333333333,0.001435,0.00081,0.000538333333333333,0.00123333333333333,0,0,0.000428333333333333,0.00019,0.00056,0.000951666666666667,0.000423333333333333,0.000421666666666667,0.000421666666666667,0.000708333333333333,0.000131666666666667,0.000416666666666667,0.000415,0,0,0,0,0,0,0,0,0,1,0,0,0,0,0,0,1,1,1,1,1,1,1,1,1,1,1,1,1,1,1,1,1,1,1,1,1,1,1,1,1,1,1,1,1,1,1,1,1,1,1,1,1,1,1,1,1,1,1,1,1,1,1,1,1,1,1,1,1,1,1,1,1,1,1,1,1,1,1,1,1,1,1,1,1,1,1,1,0
2026-06-17,117.197489733333,0,0,0,0,0,0,0.0427483333333333,2.71978666666667,13.16604,19.8275916666667,15.5622416666667,12.2302566666667,11.4458566666667,11.7034833333333,13.260675,5.78083,3.14033666666667,1.74486666666667,1.07089833333333,0.841118333333333,0.727553333333333,0.715145,0.61642,0.307555,0.228271666666667,0.144835,0.102976666666667,0.109905,0.081725,0.07629,0.05639,0.0516433333333333,0.04736,0.050825,0.0487566666666667,0.0374566666666667,0.03064,0.0336516666666667,0.0190283333333333,0.0127233333333333,0.01084,0.00910166666666667,0.007605,0.00896166666666667,0.00759333333333333,0.00469833333333333,0.00390666666666667,0.0025,0.00542833333333333,0.006735,0.00289,0.00335,0.002135,0.00127666666666667,0.00208666666666667,0.00104333333333333,0.000401666666666667,0.00192333333333333,0.00210833333333333,0.000251666666666667,0.00104166666666667,0.000236666666666667,0,0.000385,0.000883333333333333,0,0.00042,0.000398333333333333,0.000435,0.000415,0.000413333333333333,0,0,0,0,0,0,0,0,1,0,0,0,0,0,0,1,1,1,1,1,1,1,1,1,1,1,1,1,1,1,1,1,1,1,1,1,1,1,1,1,1,1,1,1,1,1,1,1,1,1,1,1,1,1,1,1,1,1,1,1,1,1,1,1,1,1,1,1,1,1,1,1,1,1,1,1,1,1,1,1,1,1,1,1,1,1,1,0
2026-06-17 01:00:00,156.933584066667,0,0,0,0,0,0,0.064305,3.36503666666667,17.1924283333333,26.4576916666667,20.716045,16.481605,15.1523033333333,15.5907616666667,18.335575,7.856015,4.9934,2.86432166666667,1.79697666666667,1.47664333333333,1.34129,1.26908833333333,1.215905,0.574335,0.379183333333333,0.234076666666667,0.184763333333333,0.157475,0.13062,0.10844,0.10466,0.0940483333333333,0.0708016666666667,0.0641683333333333,0.0577216666666667,0.0413333333333333,0.042845,0.0332433333333333,0.0180083333333333,0.0186366666666667,0.0132366666666667,0.00926,0.0111266666666667,0.00862333333333333,0.00519166666666667,0.00762833333333333,0.004905,0.00705333333333333,0.001445,0.00542,0.00379833333333333,0.00209666666666667,0.00245,0.00212166666666667,0.002175,0.000613333333333333,0.00100333333333333,0.000258333333333333,0.000856666666666667,0.000853333333333333,0.000426666666666667,0,0,0,0,0.000705,0.000138333333333333,0.000418333333333333,0.000416666666666667,0,0,0,0,0,0,0,0,0,0,1,0,0,0,0,0,0,1,1,1,1,1,1,1,1,1,1,1,1,1,1,1,1,1,1,1,1,1,1,1,1,1,1,1,1,1,1,1,1,1,1,1,1,1,1,1,1,1,1,1,1,1,1,1,1,1,1,1,1,1,1,1,1,1,1,1,1,1,1,1,1,1,1,1,1,1,1,1,1,0
2026-06-17 02:00:00,131.733801016667,0,0,0,0,0,0,0.053045,2.87705333333333,14.0493616666667,21.1732683333333,16.2371966666667,13.108205,12.5751716666667,13.222775,16.069125,7.78844833333333,4.22369333333333,2.454955,1.50718666666667,1.198245,1.10589833333333,1.06863333333333,1.024945,0.547228333333333,0.354881666666667,0.223625,0.159575,0.156725,0.11439,0.101143333333333,0.09253,0.0649016666666667,0.057065,0.05112,0.0373016666666667,0.0348683333333333,0.0351516666666667,0.0212383333333333,0.0124133333333333,0.0112533333333333,0.00998666666666667,0.00755166666666667,0.00614166666666667,0.00700833333333333,0.00562833333333333,0.00616833333333333,0.00289333333333333,0.00233833333333333,0.00359333333333333,0.00185833333333333,0.00386166666666667,0.00460333333333333,0.00345333333333333,0.000501666666666667,0.00248333333333333,0.000533333333333333,0.00086,0.00086,0,0.000428333333333333,0.000426666666666667,0,0,0.000423333333333333,0,0.000283333333333333,0.000138333333333333,0,0.000416666666666667,0,0,0,0,0,0,0,0,0,0,1,0,0,0,0,0,0,1,1,1,1,1,1,1,1,1,1,1,1,1,1,1,1,1,1,1,1,1,1,1,1,1,1,1,1,1,1,1,1,1,1,1,1,1,1,1,1,1,1,1,1,1,1,1,1,1,1,1,1,1,1,1,1,1,1,1,1,1,1,1,1,1,1,1,1,1,1,1,1,0
2026-06-17 03:00:00,90.7172553,0,0,0,0,0,0,0.03036,1.78798833333333,8.7567,13.28549,10.7743833333333,9.08769833333333,8.92652333333333,9.49810666666667,11.925875,6.67373833333333,3.00892833333333,1.70459,0.964046666666667,0.819526666666667,0.69309,0.714725,0.711258333333333,0.40334,0.251756666666667,0.156151666666667,0.112911666666667,0.0992183333333333,0.0673283333333333,0.060665,0.052725,0.045305,0.0382633333333333,0.036815,0.025905,0.0202983333333333,0.01772,0.01281,0.00682333333333333,0.00688666666666667,0.00568833333333333,0.00390833333333333,0.004875,0.00354666666666667,0.00373833333333333,0.00260166666666667,0.00390333333333333,0.00165,0.00122,0.00184333333333333,0.00251666666666667,0.000843333333333333,0.00124833333333333,0.00179666666666667,0.00162,0.000103333333333333,0.00043,0,0.00103166666666667,0.000678333333333333,0,0,0.000773333333333333,0.000461666666666667,0.00046,0.000421666666666667,0,0,0,0,0,0.0000216666666666667,0.0000633333333333333,0.0000683333333333333,0.0000733333333333333,0.0000783333333333333,0.0000833333333333333,0.000025,0,1,0,0,0,0,0,0,1,1,1,1,1,1,1,1,1,1,1,1,1,1,1,1,1,1,1,1,1,1,1,1,1,1,1,1,1,1,1,1,1,1,1,1,1,1,1,1,1,1,1,1,1,1,1,1,1,1,1,1,1,1,1,1,1,1,1,1,1,1,1,1,1,1,1,1,1,1,1,1,0
2026-06-17 04:00:00,38.9658364333333,0,0,0,0,0,0,0.016805,0.894173333333333,4.20523,6.31176166666667,4.92345,3.97140166666667,3.7497,3.78598166666667,4.572275,2.90956333333333,1.02698666666667,0.61823,0.343668333333333,0.274175,0.201298333333333,0.231535,0.214421666666667,0.125593333333333,0.089375,0.0704766666666667,0.05536,0.0421583333333333,0.0445316666666667,0.036335,0.02472,0.0277416666666667,0.0255683333333333,0.0177283333333333,0.012675,0.0171316666666667,0.0137016666666667,0.01132,0.0078,0.00588666666666667,0.00372666666666667,0.0041,0.004305,0.00335833333333333,0.00424166666666667,0.00381333333333333,0.00238,0.00248333333333333,0.00056,0.0013,0.00264333333333333,0.00082,0.000431666666666667,0.000431666666666667,0.000378333333333333,0.00177333333333333,0,0,0,0.000426666666666667,0.000853333333333333,0,0.000386666666666667,0.0000383333333333333,0,0,0,0.000418333333333333,0,0,0,0,0,0,0,0,0,0,0,1,0,0,0,0,0,0,1,1,1,1,1,1,1,1,1,1,1,1,1,1,1,1,1,1,1,1,1,1,1,1,1,1,1,1,1,1,1,1,1,1,1,1,1,1,1,1,1,1,1,1,1,1,1,1,1,1,1,1,1,1,1,1,1,1,1,1,1,1,1,1,1,1,1,1,1,1,1,1,0
2026-06-17 05:00:00,57.8588171333333,0,0,0,0,0,0,0.030675,1.89609333333333,8.06682333333333,11.2089883333333,8.46462666666667,6.34001166666667,5.44742833333333,5.04913,5.36414333333333,3.34282333333333,0.911908333333333,0.474613333333333,0.256908333333333,0.173951666666667,0.157685,0.148345,0.166515,0.109225,0.08883,0.0537083333333333,0.05188,0.048215,0.0399383333333333,0.035355,0.044025,0.037635,0.036495,0.0289633333333333,0.0198966666666667,0.0160833333333333,0.0157233333333333,0.0131683333333333,0.011855,0.00711333333333333,0.00734,0.00580166666666667,0.00674,0.00833833333333333,0.00395,0.00501833333333333,0.002595,0.00204833333333333,0.004355,0.00209,0.00414833333333333,0.00164,0.00326666666666667,0.00271166666666667,0.0000883333333333333,0.00263666666666667,0.000975,0.001435,0.00157,0.000678333333333333,0.00128,0.001275,0.000386666666666667,0.000461666666666667,0.00077,0.000075,0,0.000816666666666667,0.000241666666666667,0.000608333333333333,0,0.0000216666666666667,0.0000633333333333333,0.0000683333333333333,0.0000733333333333333,0.0000783333333333333,0.0000833333333333333,0.000025,0,1,0,0,0,0,0,0,1,1,1,1,1,1,1,1,1,1,1,1,1,1,1,1,1,1,1,1,1,1,1,1,1,1,1,1,1,1,1,1,1,1,1,1,1,1,1,1,1,1,1,1,1,1,1,1,1,1,1,1,1,1,1,1,1,1,1,1,1,1,1,1,1,1,1,1,1,1,1,1,0
2026-06-17 06:00:00,64.3896228166667,0,0,0,0,0,0,0.04326,2.14367,9.15598666666667,12.276775,9.14575666666667,6.92088166666667,6.05813333333333,5.59416166666667,5.89901,3.72242,1.04756166666667,0.576698333333333,0.331463333333333,0.221655,0.194568333333333,0.182471666666667,0.178128333333333,0.133141666666667,0.0950933333333333,0.0728183333333333,0.055235,0.0514033333333333,0.04197,0.0400716666666667,0.0410383333333333,0.0317183333333333,0.02795,0.0286666666666667,0.0176966666666667,0.0221183333333333,0.017665,0.0124483333333333,0.00767166666666667,0.00840666666666667,0.0109483333333333,0.00629166666666667,0.00730333333333333,0.00373833333333333,0.00662166666666667,0.004715,0.00513166666666667,0.00485666666666667,0.00175333333333333,0.00325333333333333,0.00377666666666667,0.00166333333333333,0.00154,0.00339833333333333,0.001885,0.000533333333333333,0.00146166666666667,0.00111833333333333,0.000856666666666667,0,0,0.000323333333333333,0.000101666666666667,0.001655,0.00046,0.000843333333333333,0.00084,0.000418333333333333,0,0,0,0,0,0,0,0,0,0,0,1,0,0,0,0,0,0,1,1,1,1,1,1,1,1,1,1,1,1,1,1,1,1,1,1,1,1,1,1,1,1,1,1,1,1,1,1,1,1,1,1,1,1,1,1,1,1,1,1,1,1,1,1,1,1,1,1,1,1,1,1,1,1,1,1,1,1,1,1,1,1,1,1,1,1,1,1,1,1,0
2026-06-17 07:00:00,66.1546976833333,0,0,0,0,0,0,0.051815,2.27573166666667,9.56788333333333,12.7940133333333,9.57074833333333,7.15332166666667,6.24022833333333,5.736835,5.90493333333333,3.67177166666667,1.05799333333333,0.51586,0.290688333333333,0.227806666666667,0.197738333333333,0.187801666666667,0.177798333333333,0.124103333333333,0.093495,0.0634333333333333,0.0509783333333333,0.04789,0.0435133333333333,0.0422016666666667,0.0301316666666667,0.0313016666666667,0.0329066666666667,0.0307983333333333,0.02251,0.01939,0.01575,0.0148833333333333,0.0137816666666667,0.00867333333333333,0.0112833333333333,0.00758166666666667,0.00634666666666667,0.00669,0.00838333333333333,0.00285,0.00405,0.00335166666666667,0.003975,0.00277833333333333,0.00165166666666667,0.00378166666666667,0.00201833333333333,0.00253666666666667,0.00328166666666667,0.00215,0.00043,0.00086,0,0.000855,0.000853333333333333,0.000323333333333333,0.000488333333333333,0.0000383333333333333,0,0,0.00042,0,0,0,0,0.0000433333333333333,0.000126666666666667,0.000136666666666667,0.000146666666666667,0.000156666666666667,0.000166666666666667,0.00005,0,1,0,0,0,0,0,0,1,1,1,1,1,1,1,1,1,1,1,1,1,1,1,1,1,1,1,1,1,1,1,1,1,1,1,1,1,1,1,1,1,1,1,1,1,1,1,1,1,1,1,1,1,1,1,1,1,1,1,1,1,1,1,1,1,1,1,1,1,1,1,1,1,1,1,1,1,1,1,1,0
2026-06-17 08:00:00,68.8158299166667,0,0,0,0,0,0,0.0400316666666667,2.42936,10.1688533333333,13.4471183333333,9.90250333333333,7.27570333333333,6.32601333333333,5.80435833333333,6.02659833333333,3.61377166666667,1.04019833333333,0.569396666666667,0.317416666666667,0.23829,0.196281666666667,0.170726666666667,0.187816666666667,0.113305,0.084165,0.065265,0.0530966666666667,0.0585566666666667,0.046425,0.0424016666666667,0.0343483333333333,0.0372933333333333,0.0284333333333333,0.0203766666666667,0.0187033333333333,0.0211866666666667,0.0163216666666667,0.0116,0.0142883333333333,0.0120966666666667,0.00842666666666667,0.00821,0.009045,0.00793166666666667,0.005805,0.004885,0.00651333333333333,0.00482166666666667,0.00364166666666667,0.00402166666666667,0.00305666666666667,0.00417,0.00347833333333333,0.00266,0.00259,0.00134666666666667,0.000803333333333333,0.00209166666666667,0.000483333333333333,0.000426666666666667,0,0.000323333333333333,0.000526666666666667,0.000846666666666667,0,0,0,0,0,0,0,0.0000216666666666667,0.0000633333333333333,0.0000683333333333333,0.0000733333333333333,0.0000783333333333333,0.0000833333333333333,0.000025,0,1,0,0,0,0,0,0,1,1,1,1,1,1,1,1,1,1,1,1,1,1,1,1,1,1,1,1,1,1,1,1,1,1,1,1,1,1,1,1,1,1,1,1,1,1,1,1,1,1,1,1,1,1,1,1,1,1,1,1,1,1,1,1,1,1,1,1,1,1,1,1,1,1,1,1,1,1,1,1,0
2026-06-17 09:00:00,54.2864138305085,0,0,0,0,0,0,0.038671186440678,2.18037457627119,8.8615813559322,11.1874186440678,7.93552542372881,5.55009152542373,4.63667627118644,4.21261355932203,4.3078406779661,2.56709830508475,0.747357627118644,0.36876779661017,0.226277966101695,0.152286440677966,0.130415254237288,0.139854237288136,0.136471186440678,0.0829661016949153,0.0646203389830508,0.044435593220339,0.0392627118644068,0.0359389830508475,0.029128813559322,0.0360542372881356,0.0239457627118644,0.0223864406779661,0.0198966101694915,0.0178186440677966,0.0129847457627119,0.0145762711864407,0.0133677966101695,0.00883559322033898,0.00831186440677966,0.00737966101694915,0.00779661016949153,0.00661525423728814,0.0116525423728814,0.00551016949152542,0.00734915254237288,0.0032864406779661,0.00559661016949153,0.00534406779661017,0.00626610169491525,0.00429830508474576,0.00558135593220339,0.00384745762711864,0.00383220338983051,0.00213898305084746,0.00241016949152542,0.00270847457627119,0.00102033898305085,0.00151525423728814,0.00328305084745763,0.000255932203389831,0.00236271186440678,0.00229830508474576,0.00183220338983051,0,0,0.00171525423728814,0.000720338983050847,0.000133898305084746,0.000227118644067797,0.000372881355932203,0.000244067796610169,0.0000220338983050847,0.0000644067796610169,0.0000694915254237288,0.0000745762711864407,0.0000796610169491525,0.0000847457627118644,0.0000254237288135593,0,1,0,0,0,0,0,0,1,1,1,1,1,1,1,1,1,1,1,1,1,1,1,1,1,1,1,1,1,1,1,1,1,1,1,1,1,1,1,1,1,1,1,1,1,1,1,1,1,1,1,1,1,1,1,1,1,1,1,1,1,1,1,1,1,1,1,1,1,1,1,1,1,1,1,1,1,1,1,1,0
2026-06-17 10:00:00,45.9301756833333,0,0,0,0,0,0,0.0517533333333333,2.39322666666667,9.03122333333333,10.8780183333333,6.78603333333333,4.42510166666667,3.40075166666667,2.94473666666667,2.79126,1.61722666666667,0.486063333333333,0.2645,0.148005,0.111741666666667,0.095955,0.0956633333333333,0.09253,0.0575466666666667,0.04007,0.0289283333333333,0.027775,0.0289216666666667,0.0218083333333333,0.0155866666666667,0.013625,0.0133566666666667,0.00807,0.00880333333333333,0.0141133333333333,0.012615,0.007435,0.00614,0.00624833333333333,0.00404666666666667,0.005035,0.00450166666666667,0.00614666666666667,0.00482,0.00511166666666667,0.00301333333333333,0.00390166666666667,0.006415,0.00364,0.00198,0.00423166666666667,0.00205,0.00299833333333333,0.00515166666666667,0.00301166666666667,0.00233833333333333,0.00223666666666667,0.00191833333333333,0.000483333333333333,0.000855,0.000853333333333333,0,0.000425,0,0,0,0.00084,0.000418333333333333,0.000416666666666667,0,0,0.000433333333333333,0.0000633333333333333,0.0000683333333333333,0.0000733333333333333,0.0000783333333333333,0.0000833333333333333,0.000025,0,1,0,0,0,0,0,0,1,1,1,1,1,1,1,1,1,1,1,1,1,1,1,1,1,1,1,1,1,1,1,1,1,1,1,1,1,1,1,1,1,1,1,1,1,1,1,1,1,1,1,1,1,1,1,1,1,1,1,1,1,1,1,1,1,1,1,1,1,1,1,1,1,1,1,1,1,1,1,1,0
2026-06-17 11:00:00,57.90091865,0,0,0,0,0,0,0.061165,3.11962166666667,12.8644616666667,15.8854066666667,9.48224666666667,5.54110166666667,3.649005,2.78673166666667,2.34255666666667,1.18595833333333,0.429756666666667,0.21739,0.14908,0.109375,0.082125,0.0940583333333333,0.06263,0.0480183333333333,0.0489566666666667,0.02649,0.0248583333333333,0.01743,0.016425,0.0157016666666667,0.01427,0.0134483333333333,0.0140016666666667,0.01374,0.00793,0.00897,0.009405,0.005255,0.00705666666666667,0.00542,0.00438333333333333,0.00281333333333333,0.00615166666666667,0.00361166666666667,0.00289166666666667,0.00399166666666667,0.003615,0.004405,0.004095,0.00425333333333333,0.00291,0.00423666666666667,0.00379166666666667,0.00100333333333333,0.002105,0.00137,0.001605,0.00174833333333333,0.000405,0.00221333333333333,0.00104333333333333,0.000661666666666667,0.00166166666666667,0.000885,0.000346666666666667,0.000496666666666667,0,0,0.00064,0.000366666666666667,0.00024,0,0,0,0,0,0,0,0,1,0,0,0,0,0,0,1,1,1,1,1,1,1,1,1,1,1,1,1,1,1,1,1,1,1,1,1,1,1,1,1,1,1,1,1,1,1,1,1,1,1,1,1,1,1,1,1,1,1,1,1,1,1,1,1,1,1,1,1,1,1,1,1,1,1,1,1,1,1,1,1,1,1,1,1,1,1,1,0
2026-06-17 12:00:00,64.8635086666667,0,0,0,0,0,0,0.0598083333333333,3.23584666666667,13.8708566666667,17.83892,11.1275583333333,6.49717666666667,4.10062333333333,2.91344333333333,2.10542166666667,0.991913333333333,0.418566666666667,0.214553333333333,0.132965,0.0923783333333333,0.0983783333333333,0.08821,0.06814,0.0493733333333333,0.0411533333333333,0.0268633333333333,0.0263633333333333,0.0264333333333333,0.02041,0.0170216666666667,0.023025,0.0168916666666667,0.0102766666666667,0.00879666666666667,0.0100883333333333,0.00800333333333333,0.00708,0.00973333333333333,0.00782333333333333,0.00610333333333333,0.00547166666666667,0.004965,0.00569,0.006035,0.00156333333333333,0.00230666666666667,0.00376166666666667,0.00351666666666667,0.00282666666666667,0.00357666666666667,0.004315,0.00332666666666667,0.00453833333333333,0.00226166666666667,0.00309166666666667,0.00145,0.001405,0.000631666666666667,0.000911666666666667,0.00170833333333333,0.00123333333333333,0.000796666666666667,0.001725,0.00177,0.00154,0.00015,0,0.000418333333333333,0.000416666666666667,0,0,0.000065,0.00019,0.000205,0.00022,0.000235,0.00025,0.000075,0,1,0,0,0,0,0,0,1,1,1,1,1,1,1,1,1,1,1,1,1,1,1,1,1,1,1,1,1,1,1,1,1,1,1,1,1,1,1,1,1,1,1,1,1,1,1,1,1,1,1,1,1,1,1,1,1,1,1,1,1,1,1,1,1,1,1,1,1,1,1,1,1,1,1,1,1,1,1,1,0
2026-06-17 13:00:00,70.6438690833333,0,0,0,0,0,0,0.0504916666666667,3.31263,14.1567066666667,18.71159,12.5498283333333,7.90315166666667,5.31696333333333,3.56881833333333,2.33575166666667,1.03348,0.502658333333333,0.267886666666667,0.170845,0.124711666666667,0.0967716666666667,0.101273333333333,0.101345,0.0629966666666667,0.0535183333333333,0.04157,0.03586,0.0377366666666667,0.0237483333333333,0.0259816666666667,0.02687,0.025185,0.0168883333333333,0.0106366666666667,0.0120633333333333,0.00821166666666667,0.00926833333333333,0.00704166666666667,0.00493666666666667,0.00710333333333333,0.00416166666666667,0.00606833333333333,0.00386833333333333,0.00506833333333333,0.00459833333333333,0.00595833333333333,0.00223333333333333,0.00375333333333333,0.00511333333333333,0.00378166666666667,0.00462333333333333,0.00419333333333333,0.00569333333333333,0.00292166666666667,0.00300333333333333,0.00228166666666667,0.00186333333333333,0.000688333333333333,0.001285,0.000426666666666667,0.00128,0.000748333333333333,0.000951666666666667,0.00077,0.0000766666666666667,0.000705,0.00126666666666667,0.00055,0.000416666666666667,0.000173333333333333,0.000653333333333333,0.0000433333333333333,0.000126666666666667,0.000136666666666667,0.000146666666666667,0.000156666666666667,0.000166666666666667,0.00005,0,1,0,0,0,0,0,0,1,1,1,1,1,1,1,1,1,1,1,1,1,1,1,1,1,1,1,1,1,1,1,1,1,1,1,1,1,1,1,1,1,1,1,1,1,1,1,1,1,1,1,1,1,1,1,1,1,1,1,1,1,1,1,1,1,1,1,1,1,1,1,1,1,1,1,1,1,1,1,1,0
2026-06-17 14:00:00,84.1066764333333,0,0,0,0,0,0,0.06077,3.33914166666667,14.37757,19.058055,13.8126883333333,9.69983333333333,7.44882666666667,5.83279833333333,4.19027333333333,2.14861333333333,1.15650333333333,0.628536666666667,0.395668333333333,0.289206666666667,0.24236,0.228508333333333,0.202553333333333,0.156611666666667,0.109208333333333,0.0906883333333333,0.07693,0.0735266666666667,0.0569583333333333,0.0509233333333333,0.0354283333333333,0.0297116666666667,0.0277766666666667,0.01636,0.015935,0.0087,0.00743833333333333,0.00810666666666667,0.00604,0.00601,0.00657666666666667,0.00497333333333333,0.00503666666666667,0.00240166666666667,0.00407833333333333,0.00542166666666667,0.00426166666666667,0.007465,0.00527333333333333,0.00658333333333333,0.00472666666666667,0.00296333333333333,0.00261333333333333,0.00163833333333333,0.00219333333333333,0.00134166666666667,0.00043,0.00160666666666667,0.00011,0.000426666666666667,0.00104333333333333,0.000236666666666667,0.000425,0.000385,0.000731666666666667,0.000433333333333333,0.000558333333333333,0,0,0.000415,0.000986666666666667,0.00073,0.00019,0.000203333333333333,0.000218333333333333,0.000235,0.000251666666666667,0.0000733333333333333,0,1,0,0,0,0,0,0,1,1,1,1,1,1,1,1,1,1,1,1,1,1,1,1,1,1,1,1,1,1,1,1,1,1,1,1,1,1,1,1,1,1,1,1,1,1,1,1,1,1,1,1,1,1,1,1,1,1,1,1,1,1,1,1,1,1,1,1,1,1,1,1,1,1,1,1,1,1,1,1,0
2026-06-17 15:00:00,73.3387427166667,0,0,0,0,0,0,0.0466116666666667,2.62656166666667,10.9999766666667,15.1489633333333,11.6439916666667,9.16562333333333,7.63078,6.69204333333333,4.731775,1.76455333333333,0.846951666666667,0.420125,0.249198333333333,0.190883333333333,0.15958,0.142421666666667,0.14218,0.083925,0.071575,0.0463683333333333,0.0465483333333333,0.037985,0.0331466666666667,0.0236066666666667,0.018315,0.0199316666666667,0.0133033333333333,0.01175,0.0105833333333333,0.00738333333333333,0.00541,0.00590833333333333,0.00614333333333333,0.00523,0.00985,0.00520333333333333,0.00397,0.00581666666666667,0.00557833333333333,0.00701333333333333,0.00627833333333333,0.00674166666666667,0.00392166666666667,0.003645,0.00336333333333333,0.00166333333333333,0.00170333333333333,0.00248333333333333,0.00141666666666667,0.00139833333333333,0.001405,0.000686666666666667,0.000428333333333333,0.000426666666666667,0.00147,0.000985,0.000101666666666667,0,0.000423333333333333,0,0.00042,0,0,0.000415,0,0.0000433333333333333,0.000126666666666667,0.000136666666666667,0.000146666666666667,0.000156666666666667,0.000166666666666667,0.00005,0,1,0,0,0,0,0,0,1,1,1,1,1,1,1,1,1,1,1,1,1,1,1,1,1,1,1,1,1,1,1,1,1,1,1,1,1,1,1,1,1,1,1,1,1,1,1,1,1,1,1,1,1,1,1,1,1,1,1,1,1,1,1,1,1,1,1,1,1,1,1,1,1,1,1,1,1,1,1,1,0
2026-06-17 16:00:00,77.1020754,0,0,0,0,0,0,0.0391416666666667,2.21551166666667,9.72971333333333,14.4938183333333,11.8448666666667,9.54345333333333,8.37194333333333,8.32720166666667,6.842665,2.50657833333333,1.173505,0.57441,0.340998333333333,0.257025,0.20741,0.174131666666667,0.15724,0.109705,0.0722183333333333,0.063705,0.0483466666666667,0.045025,0.030835,0.026905,0.0168283333333333,0.0212383333333333,0.015525,0.0172833333333333,0.0117583333333333,0.0141466666666667,0.0106533333333333,0.00975833333333333,0.00971166666666667,0.00638666666666667,0.00548,0.00453,0.00529666666666667,0.00320666666666667,0.00514333333333333,0.00475333333333333,0.00318,0.003535,0.00249333333333333,0.00451166666666667,0.003385,0.00503333333333333,0.00479833333333333,0.00118833333333333,0.00104,0.00131833333333333,0.00177666666666667,0.00243666666666667,0.00126166666666667,0.000503333333333333,0.000853333333333333,0.000748333333333333,0.0013,0.0005,0,0.000843333333333333,0.00112833333333333,0.000131666666666667,0.000833333333333333,0.00100333333333333,0.0004,0.00047,0.000633333333333333,0.000681666666666667,0.000731666666666667,0.000783333333333333,0.000835,0.000248333333333333,0,1,0,0,0,0,0,0,1,1,1,1,1,1,1,1,1,1,1,1,1,1,1,1,1,1,1,1,1,1,1,1,1,1,1,1,1,1,1,1,1,1,1,1,1,1,1,1,1,1,1,1,1,1,1,1,1,1,1,1,1,1,1,1,1,1,1,1,1,1,1,1,1,1,1,1,1,1,1,1,0
2026-06-17 17:00:00,68.34364015,0,0,0,0,0,0,0.02484,1.77229666666667,8.02047666666667,11.724465,9.129455,7.42148166666667,7.645885,9.45400166666667,8.18235333333333,2.41613166666667,1.0923,0.521788333333333,0.307135,0.198493333333333,0.179676666666667,0.176111666666667,0.138826666666667,0.0808283333333333,0.0511583333333333,0.0446233333333333,0.027435,0.0292983333333333,0.0247483333333333,0.0271216666666667,0.020925,0.0179966666666667,0.015575,0.0125283333333333,0.0109783333333333,0.0121733333333333,0.008725,0.00768166666666667,0.00501666666666667,0.00679,0.00657,0.00649,0.00422333333333333,0.00793333333333333,0.00640333333333333,0.00479333333333333,0.00397666666666667,0.00467666666666667,0.00326,0.00421833333333333,0.00449666666666667,0.00166333333333333,0.00163333333333333,0.00264166666666667,0.000898333333333333,0.00223,0.001175,0.003035,0.000405,0.00093,0.000853333333333333,0.000323333333333333,0.00168666666666667,0.00134666666666667,0.00123166666666667,0.000496666666666667,0.000708333333333333,0.000948333333333333,0.000435,0,0,0.000563333333333333,0.000443333333333333,0.000476666666666667,0.000511666666666667,0.000548333333333333,0.000585,0.000173333333333333,0,1,0,0,0,0,0,0,1,1,1,1,1,1,1,1,1,1,1,1,1,1,1,1,1,1,1,1,1,1,1,1,1,1,1,1,1,1,1,1,1,1,1,1,1,1,1,1,1,1,1,1,1,1,1,1,1,1,1,1,1,1,1,1,1,1,1,1,1,1,1,1,1,1,1,1,1,1,1,1,0
2026-06-17 18:00:00,67.6778208,0,0,0,0,0,0,0.02147,1.388065,6.18427666666667,8.835595,7.48477333333333,7.35825,8.68424333333333,11.44693,10.0361483333333,3.09409666666667,1.28953333333333,0.575025,0.300756666666667,0.226235,0.183125,0.183895,0.132298333333333,0.0759833333333333,0.0590666666666667,0.0383716666666667,0.0328433333333333,0.0295933333333333,0.023965,0.0251866666666667,0.0180683333333333,0.022115,0.0169716666666667,0.00896333333333333,0.0132816666666667,0.007875,0.00745666666666667,0.005675,0.00743666666666667,0.00744,0.00481833333333333,0.003885,0.00343166666666667,0.00329833333333333,0.00332666666666667,0.00552333333333333,0.00411666666666667,0.00349833333333333,0.00356833333333333,0.002235,0.00128,0.00209666666666667,0.00127166666666667,0.000845,0.00170833333333333,0.00185166666666667,0.000831666666666667,0.00166166666666667,0.000911666666666667,0.000856666666666667,0.00170666666666667,0.000425,0.000425,0.002425,0.000115,0.000421666666666667,0.000288333333333333,0.00055,0.000833333333333333,0,0,0.00013,0.00038,0.00041,0.00044,0.00047,0.0005,0.00015,0,1,0,0,0,0,0,0,1,1,1,1,1,1,1,1,1,1,1,1,1,1,1,1,1,1,1,1,1,1,1,1,1,1,1,1,1,1,1,1,1,1,1,1,1,1,1,1,1,1,1,1,1,1,1,1,1,1,1,1,1,1,1,1,1,1,1,1,1,1,1,1,1,1,1,1,1,1,1,1,0
2026-06-17 19:00:00,66.1880493666667,0,0,0,0,0,0,0.0176033333333333,1.05416833333333,4.91386166666667,7.948735,7.19111666666667,7.039235,8.04272,9.96837333333333,10.802655,5.07885333333333,1.500775,0.735465,0.345488333333333,0.231861666666667,0.213025,0.190825,0.165121666666667,0.117871666666667,0.06699,0.0518716666666667,0.0343,0.0397983333333333,0.029065,0.03109,0.0230666666666667,0.0151533333333333,0.0184233333333333,0.0125516666666667,0.0113583333333333,0.0117666666666667,0.008745,0.00745166666666667,0.00531,0.00629333333333333,0.00393833333333333,0.00261333333333333,0.00448833333333333,0.00320833333333333,0.004835,0.00612833333333333,0.00456333333333333,0.00308166666666667,0.00407666666666667,0.00367166666666667,0.00295166666666667,0.00253,0.00240333333333333,0.00193666666666667,0.00248333333333333,0.00139333333333333,0,0.000856666666666667,0.001285,0.000853333333333333,0,0.00085,0,0.000846666666666667,0.000421666666666667,0.000843333333333333,0.00042,0,0,0.000415,0,0.0000866666666666667,0.000253333333333333,0.000273333333333333,0.000293333333333333,0.000313333333333333,0.000333333333333333,0.0001,0,1,0,0,0,0,0,0,1,1,1,1,1,1,1,1,1,1,1,1,1,1,1,1,1,1,1,1,1,1,1,1,1,1,1,1,1,1,1,1,1,1,1,1,1,1,1,1,1,1,1,1,1,1,1,1,1,1,1,1,1,1,1,1,1,1,1,1,1,1,1,1,1,1,1,1,1,1,1,1,0
2026-06-17 20:00:00,64.2432041833333,0,0,0,0,0,0,0.0191666666666667,0.95377,4.769045,7.63609833333333,6.73216833333333,6.52732,7.27784666666667,8.583885,10.8279416666667,6.401625,1.62526833333333,0.775816666666667,0.392033333333333,0.276198333333333,0.232,0.234785,0.224998333333333,0.132166666666667,0.0988116666666667,0.0670533333333333,0.0546066666666667,0.0586066666666667,0.0440333333333333,0.0367683333333333,0.0374566666666667,0.0308483333333333,0.0244033333333333,0.02073,0.01685,0.0126516666666667,0.0102766666666667,0.00914166666666667,0.00812166666666667,0.00646,0.00776666666666667,0.005,0.00559166666666667,0.00376333333333333,0.00400166666666667,0.002415,0.00419333333333333,0.00513,0.00333333333333333,0.00323833333333333,0.00381833333333333,0.00248333333333333,0.00324333333333333,0.00148666666666667,0.00257166666666667,0.00102166666666667,0.001835,0.00111666666666667,0.000856666666666667,0.000853333333333333,0.00128,0.000425,0.00085,0,0,0,0,0,0.000223333333333333,0.000366666666666667,0.000653333333333333,0.000108333333333333,0.000316666666666667,0.000341666666666667,0.000366666666666667,0.000391666666666667,0.000416666666666667,0.000125,0,1,0,0,0,0,0,0,1,1,1,1,1,1,1,1,1,1,1,1,1,1,1,1,1,1,1,1,1,1,1,1,1,1,1,1,1,1,1,1,1,1,1,1,1,1,1,1,1,1,1,1,1,1,1,1,1,1,1,1,1,1,1,1,1,1,1,1,1,1,1,1,1,1,1,1,1,1,1,1,0
2026-06-17 21:00:00,62.0985484666667,0,0,0,0,0,0,0.0139566666666667,0.811516666666667,4.00647,6.487595,6.12373166666667,6.01157666666667,7.09395166666667,8.44904833333333,11.3197016666667,7.29909666666667,1.915315,0.888548333333333,0.40046,0.297658333333333,0.24759,0.21298,0.210558333333333,0.127221666666667,0.0814883333333333,0.0616466666666667,0.041215,0.0391633333333333,0.0272283333333333,0.0261016666666667,0.01674,0.0178433333333333,0.0172083333333333,0.0117533333333333,0.0145666666666667,0.0107383333333333,0.01111,0.00932,0.00721166666666667,0.00604333333333333,0.00591166666666667,0.00324166666666667,0.00479,0.00305166666666667,0.00269666666666667,0.00779166666666667,0.00447833333333333,0.004695,0.00124666666666667,0.002375,0.00375666666666667,0.00207333333333333,0.00347666666666667,0.00163833333333333,0.00176166666666667,0.00134166666666667,0.00043,0.000858333333333333,0.001285,0.000428333333333333,0.00104333333333333,0.000985,0.000101666666666667,0.000385,0.0000383333333333333,0,0.000708333333333333,0.000131666666666667,0,0,0,0,0,0,0,0,0,0,0,1,0,0,0,0,0,0,1,1,1,1,1,1,1,1,1,1,1,1,1,1,1,1,1,1,1,1,1,1,1,1,1,1,1,1,1,1,1,1,1,1,1,1,1,1,1,1,1,1,1,1,1,1,1,1,1,1,1,1,1,1,1,1,1,1,1,1,1,1,1,1,1,1,1,1,1,1,1,1,0
2026-06-17 22:00:00,63.4986725833333,0,0,0,0,0,0,0.0133016666666667,0.798475,3.76759833333333,6.12350833333333,5.74614,5.92537333333333,6.92793,8.62846666666667,11.7520316666667,7.91547333333333,2.25469833333333,1.03265333333333,0.496448333333333,0.33116,0.283925,0.270248333333333,0.222321666666667,0.155341666666667,0.0956933333333333,0.0669566666666667,0.0478616666666667,0.0397533333333333,0.0342183333333333,0.0237766666666667,0.02387,0.0224283333333333,0.0198816666666667,0.0155833333333333,0.013995,0.0129616666666667,0.00925333333333333,0.00891833333333333,0.00613166666666667,0.00677333333333333,0.00602333333333333,0.00515666666666667,0.00682833333333333,0.00414166666666667,0.00467833333333333,0.00250833333333333,0.00267166666666667,0.00424166666666667,0.003695,0.00201,0.00412666666666667,0.00337333333333333,0.00285833333333333,0.00124,0.00156,0.00260833333333333,0.00143333333333333,0.00197666666666667,0.00138166666666667,0.00118166666666667,0.000426666666666667,0.00085,0.000425,0.000423333333333333,0.000423333333333333,0.000421666666666667,0.00042,0.000398333333333333,0.000435,0,0,0,0,0,0,0,0,0,0,1,0,0,0,0,0,0,1,1,1,1,1,1,1,1,1,1,1,1,1,1,1,1,1,1,1,1,1,1,1,1,1,1,1,1,1,1,1,1,1,1,1,1,1,1,1,1,1,1,1,1,1,1,1,1,1,1,1,1,1,1,1,1,1,1,1,1,1,1,1,1,1,1,1,1,1,1,1,1,0
2026-06-17 23:00:00,64.3074006666667,0,0,0,0,0,0,0.0164516666666667,0.844755,3.88770166666667,6.21714666666667,5.55912,5.690075,6.77570833333333,8.550535,11.8035733333333,8.36403333333333,2.48121666666667,1.20822833333333,0.581081666666667,0.387323333333333,0.323228333333333,0.280641666666667,0.25486,0.150503333333333,0.093255,0.06524,0.0479333333333333,0.035385,0.0357016666666667,0.0315066666666667,0.0231533333333333,0.0212266666666667,0.018285,0.0150916666666667,0.011135,0.01204,0.0104616666666667,0.00826833333333333,0.00731166666666667,0.00705333333333333,0.006895,0.00324166666666667,0.007405,0.00557,0.005835,0.00495666666666667,0.00397666666666667,0.00442166666666667,0.00216,0.00297166666666667,0.00497333333333333,0.00207333333333333,0.00363,0.00114333333333333,0.00259,0.00043,0.00129,0,0,0.000428333333333333,0.000616666666666667,0.000985,0.000101666666666667,0.000385,0.0000383333333333333,0.000421666666666667,0.00042,0,0,0,0,0,0,0,0,0,0,0,0,1,0,0,0,0,0,0,1,1,1,1,1,1,1,1,1,1,1,1,1,1,1,1,1,1,1,1,1,1,1,1,1,1,1,1,1,1,1,1,1,1,1,1,1,1,1,1,1,1,1,1,1,1,1,1,1,1,1,1,1,1,1,1,1,1,1,1,1,1,1,1,1,1,1,1,1,1,1,1,0
2026-06-18,57.9675550833333,0,0,0,0,0,0,0.0130616666666667,0.969473333333333,4.42496833333333,6.50912,5.40082,4.93744833333333,5.67766166666667,7.14341833333333,9.89157333333333,7.15594333333333,2.26031833333333,1.14204333333333,0.569126666666667,0.359306666666667,0.297896666666667,0.285286666666667,0.256023333333333,0.14794,0.0848066666666667,0.0517933333333333,0.035785,0.02585,0.024005,0.0232116666666667,0.020095,0.0196116666666667,0.015995,0.014325,0.0128266666666667,0.0117583333333333,0.0119883333333333,0.00807666666666667,0.00577333333333333,0.00433,0.00416833333333333,0.005655,0.00187,0.00538166666666667,0.00777333333333333,0.00595833333333333,0.00614666666666667,0.00487666666666667,0.00404666666666667,0.004595,0.00460166666666667,0.00376,0.00181833333333333,0.00120666666666667,0.00138333333333333,0.00131833333333333,0.00177666666666667,0.00114833333333333,0.00108666666666667,0.000678333333333333,0.000853333333333333,0.000425,0.000386666666666667,0.000885,0.000421666666666667,0.000843333333333333,0,0,0,0,0,0,0,0,0,0,0,0,0,1,0,0,0,0,0,0,1,1,1,1,1,1,1,1,1,1,1,1,1,1,1,1,1,1,1,1,1,1,1,1,1,1,1,1,1,1,1,1,1,1,1,1,1,1,1,1,1,1,1,1,1,1,1,1,1,1,1,1,1,1,1,1,1,1,1,1,1,1,1,1,1,1,1,1,1,1,1,1,0
2026-06-18 01:00:00,56.1684257166667,0,0,0,0,0,0,0.0179366666666667,1.10324333333333,4.86345666666667,6.90830166666667,5.53199833333333,4.903615,5.36175166666667,6.57527333333333,9.06264666666667,6.611725,2.07632,1.04199833333333,0.492778333333333,0.367051666666667,0.295438333333333,0.252261666666667,0.234458333333333,0.144476666666667,0.0816133333333333,0.0530066666666667,0.04068,0.03679,0.0322233333333333,0.0317816666666667,0.02553,0.0219716666666667,0.02106,0.0147316666666667,0.0122883333333333,0.00791833333333333,0.0117366666666667,0.012065,0.00785166666666667,0.00682,0.00700166666666667,0.00452833333333333,0.007835,0.00603833333333333,0.00588833333333333,0.00773833333333333,0.00723166666666667,0.005905,0.00539333333333333,0.00684166666666667,0.004645,0.00496666666666667,0.003815,0.00581333333333333,0.00373166666666667,0.004055,0.00272333333333333,0.00149166666666667,0.00176833333333333,0.00170833333333333,0.00128,0.00117333333333333,0.000101666666666667,0,0.000768333333333333,0.000075,0,0,0,0,0.000413333333333333,0,0,0,0,0,0,0,0,1,0,0,0,0,0,0,1,1,1,1,1,1,1,1,1,1,1,1,1,1,1,1,1,1,1,1,1,1,1,1,1,1,1,1,1,1,1,1,1,1,1,1,1,1,1,1,1,1,1,1,1,1,1,1,1,1,1,1,1,1,1,1,1,1,1,1,1,1,1,1,1,1,1,1,1,1,1,1,0
2026-06-18 02:00:00,46.66821285,0,0,0,0,0,0,0.0167383333333333,1.16601166666667,5.178815,7.02400166666667,5.17562666666667,4.19657666666667,4.31959166666667,4.91255833333333,6.48305833333333,4.56188166666667,1.50012333333333,0.763001666666667,0.38825,0.266165,0.214078333333333,0.208863333333333,0.184846666666667,0.11203,0.0671033333333333,0.0430116666666667,0.0401416666666667,0.0301016666666667,0.02058,0.0176283333333333,0.0181383333333333,0.0172283333333333,0.011505,0.01384,0.0139083333333333,0.00868333333333333,0.00820666666666667,0.0109133333333333,0.00473,0.00568333333333333,0.00820333333333333,0.00518833333333333,0.00530333333333333,0.00616166666666667,0.005075,0.00187166666666667,0.00622,0.00676,0.00524,0.00379333333333333,0.00421,0.00291666666666667,0.003315,0.003575,0.00214,0.00182333333333333,0.00043,0.00043,0.00103166666666667,0.00110666666666667,0.00147,0.000661666666666667,0.000425,0.000808333333333333,0.00046,0,0.000288333333333333,0.000131666666666667,0,0,0,0.0000216666666666667,0.0000633333333333333,0.0000683333333333333,0.0000733333333333333,0.0000783333333333333,0.0000833333333333333,0.000025,0,1,0,0,0,0,0,0,1,1,1,1,1,1,1,1,1,1,1,1,1,1,1,1,1,1,1,1,1,1,1,1,1,1,1,1,1,1,1,1,1,1,1,1,1,1,1,1,1,1,1,1,1,1,1,1,1,1,1,1,1,1,1,1,1,1,1,1,1,1,1,1,1,1,1,1,1,1,1,1,0
2026-06-18 03:00:00,39.6065047166667,0,0,0,0,0,0,0.020435,1.20648166666667,5.12282833333333,6.56094333333333,4.75442666666667,3.63514333333333,3.492845,3.82842166666667,4.588785,3.01094166666667,1.01410833333333,0.56745,0.296905,0.214125,0.172276666666667,0.157433333333333,0.164796666666667,0.0839583333333333,0.0567066666666667,0.0360916666666667,0.0353016666666667,0.0274216666666667,0.0186033333333333,0.01653,0.0169583333333333,0.0149366666666667,0.0147266666666667,0.0164666666666667,0.0121816666666667,0.0103916666666667,0.0104066666666667,0.00502833333333333,0.00836666666666667,0.00487333333333333,0.00668333333333333,0.00303666666666667,0.00632333333333333,0.0024,0.00707,0.00483166666666667,0.00868833333333333,0.00339,0.00206,0.00672,0.003365,0.00294,0.00240333333333333,0.00296666666666667,0.000696666666666667,0.00261,0.002035,0.00137666666666667,0.000175,0.000678333333333333,0,0.000425,0.000425,0.000846666666666667,0,0,0,0.000418333333333333,0,0,0,0.0000216666666666667,0.0000633333333333333,0.0000683333333333333,0.0000733333333333333,0.0000783333333333333,0.0000833333333333333,0.000025,0,1,0,0,0,0,0,0,1,1,1,1,1,1,1,1,1,1,1,1,1,1,1,1,1,1,1,1,1,1,1,1,1,1,1,1,1,1,1,1,1,1,1,1,1,1,1,1,1,1,1,1,1,1,1,1,1,1,1,1,1,1,1,1,1,1,1,1,1,1,1,1,1,1,1,1,1,1,1,1,0
2026-06-18 04:00:00,57.2788455,0,0,0,0,0,0,0.027915,1.54039833333333,6.92529333333333,9.36724833333333,6.93282333333333,5.44133833333333,5.26699333333333,5.65334166666667,7.19489333333333,3.45819666666667,1.61836833333333,0.924583333333333,0.548745,0.421721666666667,0.394303333333333,0.39275,0.332906666666667,0.170988333333333,0.118898333333333,0.07188,0.054335,0.046415,0.0475366666666667,0.03301,0.032,0.0294683333333333,0.022275,0.0174716666666667,0.0192183333333333,0.012055,0.0180366666666667,0.01194,0.0108633333333333,0.00885666666666667,0.00909,0.00906,0.0101116666666667,0.007535,0.00689333333333333,0.00800666666666667,0.007805,0.00947833333333333,0.00778333333333333,0.00764,0.00559666666666667,0.00544666666666667,0.00372166666666667,0.00443833333333333,0.00300333333333333,0.003545,0.000945,0.002005,0.001515,0.001105,0.00038,0.000898333333333333,0,0.00127,0,0,0,0,0,0,0,0.0000216666666666667,0.0000633333333333333,0.0000683333333333333,0.0000733333333333333,0.0000783333333333333,0.0000833333333333333,0.000025,0,1,0,0,0,0,0,0,1,1,1,1,1,1,1,1,1,1,1,1,1,1,1,1,1,1,1,1,1,1,1,1,1,1,1,1,1,1,1,1,1,1,1,1,1,1,1,1,1,1,1,1,1,1,1,1,1,1,1,1,1,1,1,1,1,1,1,1,1,1,1,1,1,1,1,1,1,1,1,1,0
2026-06-18 05:00:00,67.23173945,0,0,0,0,0,0,0.02772,1.56697833333333,7.60195833333333,11.3472116666667,8.67827,6.90939,6.59782166666667,7.03787666666667,8.13218166666667,3.42893,1.91952,1.02686833333333,0.680618333333333,0.512668333333333,0.444418333333333,0.465555,0.410676666666667,0.196443333333333,0.1341,0.0751466666666667,0.0575966666666667,0.0531233333333333,0.0382216666666667,0.037425,0.0348883333333333,0.023765,0.015755,0.0178083333333333,0.0172116666666667,0.0170783333333333,0.0159733333333333,0.01514,0.0161783333333333,0.0132533333333333,0.009745,0.01145,0.01221,0.0111716666666667,0.009605,0.00806333333333333,0.00896666666666667,0.0100016666666667,0.00778833333333333,0.00816833333333333,0.0051,0.00629,0.00607833333333333,0.00342333333333333,0.00127666666666667,0.00231,0.00295333333333333,0.000373333333333333,0.000483333333333333,0.000426666666666667,0.00123333333333333,0.00174833333333333,0,0,0.000423333333333333,0.000421666666666667,0,0,0,0,0.000413333333333333,0.0000216666666666667,0.0000633333333333333,0.0000683333333333333,0.0000733333333333333,0.0000783333333333333,0.0000833333333333333,0.000025,0,1,0,0,0,0,0,0,1,1,1,1,1,1,1,1,1,1,1,1,1,1,1,1,1,1,1,1,1,1,1,1,1,1,1,1,1,1,1,1,1,1,1,1,1,1,1,1,1,1,1,1,1,1,1,1,1,1,1,1,1,1,1,1,1,1,1,1,1,1,1,1,1,1,1,1,1,1,1,1,0
2026-06-18 06:00:00,53.2165974833333,0,0,0,0,0,0,0.0223166666666667,1.21226833333333,5.57344333333333,8.06298333333333,6.31318333333333,5.351475,5.28467333333333,5.87426,7.068635,3.10849,1.57639333333333,0.86541,0.544238333333333,0.41528,0.395926666666667,0.385771666666667,0.330351666666667,0.168595,0.118235,0.0678333333333333,0.05463,0.043335,0.0379366666666667,0.0335383333333333,0.0250866666666667,0.0191883333333333,0.0132116666666667,0.0168566666666667,0.01305,0.0145083333333333,0.0125216666666667,0.008945,0.00843666666666667,0.0100766666666667,0.00777666666666667,0.005195,0.00637666666666667,0.00837,0.005805,0.003285,0.005355,0.00484,0.00759333333333333,0.001585,0.00301666666666667,0.00455666666666667,0.00218166666666667,0.003435,0.000951666666666667,0.00215,0.00103166666666667,0.00149166666666667,0.00108666666666667,0.001105,0.00104333333333333,0.00108666666666667,0.000386666666666667,0.0000383333333333333,0.000423333333333333,0,0,0,0,0,0,0.000065,0.00019,0.000205,0.00022,0.000235,0.00025,0.000075,0,1,0,0,0,0,0,0,1,1,1,1,1,1,1,1,1,1,1,1,1,1,1,1,1,1,1,1,1,1,1,1,1,1,1,1,1,1,1,1,1,1,1,1,1,1,1,1,1,1,1,1,1,1,1,1,1,1,1,1,1,1,1,1,1,1,1,1,1,1,1,1,1,1,1,1,1,1,1,1,0
2026-06-18 07:00:00,47.7159386333333,0,0,0,0,0,0,0.0141766666666667,1.01917,4.98490833333333,7.20042333333333,5.81106833333333,4.93437166666667,4.95884166666667,5.36497166666667,6.23869833333333,3.30706666666667,1.20851666666667,0.644725,0.384681666666667,0.306896666666667,0.268358333333333,0.2693,0.25516,0.147525,0.10364,0.060305,0.04465,0.0425483333333333,0.031275,0.0192816666666667,0.01824,0.0192733333333333,0.0192166666666667,0.00947,0.00819166666666667,0.0116683333333333,0.011685,0.00536166666666667,0.008235,0.00774,0.00668,0.00717,0.0103566666666667,0.00498,0.00684666666666667,0.00274166666666667,0.00289333333333333,0.00786166666666667,0.00320666666666667,0.00332166666666667,0.00414666666666667,0.00291666666666667,0.002835,0.00148666666666667,0.00224666666666667,0.001375,0.00266666666666667,0.00111666666666667,0.00231666666666667,0.000251666666666667,0.00147,0.000985,0.000951666666666667,0.00127,0,0.000705,0.000138333333333333,0.000816666666666667,0.000435,0,0,0.000585,0.000506666666666667,0.000545,0.000585,0.000626666666666667,0.000668333333333333,0.000198333333333333,0,1,0,0,0,0,0,0,1,1,1,1,1,1,1,1,1,1,1,1,1,1,1,1,1,1,1,1,1,1,1,1,1,1,1,1,1,1,1,1,1,1,1,1,1,1,1,1,1,1,1,1,1,1,1,1,1,1,1,1,1,1,1,1,1,1,1,1,1,1,1,1,1,1,1,1,1,1,1,1,0
2026-06-18 08:00:00,50.0879779833333,0,0,0,0,0,0,0.0290616666666667,1.59729,7.153875,9.81699166666667,7.0176,5.39806,4.88511833333333,4.78645,4.54583,2.11042333333333,0.680183333333333,0.367855,0.224855,0.18974,0.1541,0.16015,0.145216666666667,0.0895366666666667,0.072195,0.0517283333333333,0.0381933333333333,0.0278483333333333,0.0248583333333333,0.0318733333333333,0.0187683333333333,0.0200266666666667,0.0215316666666667,0.012505,0.014295,0.01424,0.0134816666666667,0.00833333333333333,0.00554666666666667,0.0114166666666667,0.00689666666666667,0.00773666666666667,0.00835833333333333,0.008345,0.00535666666666667,0.006735,0.00245,0.00366166666666667,0.00405,0.00452333333333333,0.002105,0.00212,0.00161,0.00384833333333333,0.00179666666666667,0.00185333333333333,0.00126166666666667,0.00166333333333333,0.00194333333333333,0.00110666666666667,0.000426666666666667,0.000748333333333333,0.000526666666666667,0.000423333333333333,0.000843333333333333,0.00112666666666667,0.000978333333333333,0.000418333333333333,0.000416666666666667,0.00083,0,0.000108333333333333,0.000316666666666667,0.000341666666666667,0.000366666666666667,0.000391666666666667,0.000416666666666667,0.000125,0,1,0,0,0,0,0,0,1,1,1,1,1,1,1,1,1,1,1,1,1,1,1,1,1,1,1,1,1,1,1,1,1,1,1,1,1,1,1,1,1,1,1,1,1,1,1,1,1,1,1,1,1,1,1,1,1,1,1,1,1,1,1,1,1,1,1,1,1,1,1,1,1,1,1,1,1,1,1,1,0
2026-06-18 09:00:00,69.6819228333333,0,0,0,0,0,0,0.03549,2.37067166666667,10.2802116666667,14.0428683333333,10.145505,8.15578,7.34835166666667,7.094595,5.95055,2.12168166666667,0.749716666666667,0.37638,0.212956666666667,0.171655,0.157625,0.151536666666667,0.141671666666667,0.07788,0.0585533333333333,0.0446583333333333,0.0356166666666667,0.02873,0.024565,0.0259316666666667,0.021265,0.0220933333333333,0.0144633333333333,0.0107,0.01139,0.00724833333333333,0.00791333333333333,0.004255,0.008005,0.00675666666666667,0.00985166666666667,0.00712,0.006725,0.005295,0.00628666666666667,0.00484666666666667,0.00397666666666667,0.00368,0.00374166666666667,0.00204833333333333,0.00377833333333333,0.00248333333333333,0.00622,0.00028,0.00118833333333333,0.00225333333333333,0.00129,0.00123166666666667,0.000405,0.00093,0,0.00085,0.00208666666666667,0.00123166666666667,0.00169166666666667,0.000918333333333333,0.00042,0.000418333333333333,0.000416666666666667,0.000173333333333333,0.000653333333333333,0.00052,0.000316666666666667,0.000341666666666667,0.000366666666666667,0.000391666666666667,0.000416666666666667,0.000125,0,1,0,0,0,0,0,0,1,1,1,1,1,1,1,1,1,1,1,1,1,1,1,1,1,1,1,1,1,1,1,1,1,1,1,1,1,1,1,1,1,1,1,1,1,1,1,1,1,1,1,1,1,1,1,1,1,1,1,1,1,1,1,1,1,1,1,1,1,1,1,1,1,1,1,1,1,1,1,1,0
2026-06-18 10:00:00,65.7244870847458,0,0,0,0,0,0,0.0379186440677966,2.51146949152542,10.3056016949153,13.2029915254237,9.45015254237288,7.3858406779661,6.67171694915254,6.56220338983051,5.50138813559322,1.78838305084746,0.638483050847458,0.290428813559322,0.180086440677966,0.141745762711864,0.134637288135593,0.13218813559322,0.120008474576271,0.0677627118644068,0.0532898305084746,0.0357661016949153,0.0238118644067797,0.0240694915254237,0.0205491525423729,0.0255898305084746,0.0161016949152542,0.0166169491525424,0.0125101694915254,0.0109898305084746,0.0115559322033898,0.00750338983050847,0.00721525423728814,0.00765932203389831,0.00679322033898305,0.00471864406779661,0.00756440677966102,0.00415254237288136,0.00679830508474576,0.00503728813559322,0.00644067796610169,0.00541186440677966,0.00455254237288136,0.00532372881355932,0.00316271186440678,0.00454576271186441,0.00266949152542373,0.00294237288135593,0.00207627118644068,0.00294576271186441,0.00405762711864407,0.00193898305084746,0.00145762711864407,0.0007,0.00271186440677966,0.00206949152542373,0.000627118644067797,0.000240677966101695,0.00129661016949153,0.0021135593220339,0.000467796610169492,0,0.000427118644067797,0.000810169491525424,0.00173389830508475,0.000844067796610169,0,0.000528813559322034,0.000322033898305085,0.000347457627118644,0.000372881355932203,0.000398305084745763,0.000423728813559322,0.000127118644067797,0,1,0,0,0,0,0,0,1,1,1,1,1,1,1,1,1,1,1,1,1,1,1,1,1,1,1,1,1,1,1,1,1,1,1,1,1,1,1,1,1,1,1,1,1,1,1,1,1,1,1,1,1,1,1,1,1,1,1,1,1,1,1,1,1,1,1,1,1,1,1,1,1,1,1,1,1,1,1,1,0
2026-06-18 11:00:00,61.6124587333333,0,0,0,0,0,0,0.053565,2.81224,11.4132216666667,13.58155,8.83673333333333,6.46198333333333,5.47030666666667,5.30126,4.33377,1.44916666666667,0.590121666666667,0.273316666666667,0.181075,0.133913333333333,0.109183333333333,0.113341666666667,0.102013333333333,0.06804,0.0445616666666667,0.0311083333333333,0.0300916666666667,0.0269233333333333,0.02076,0.0196633333333333,0.0173683333333333,0.017435,0.0118616666666667,0.01131,0.010735,0.010635,0.00636,0.00513666666666667,0.005305,0.00674333333333333,0.00581166666666667,0.00714333333333333,0.00748333333333333,0.006565,0.00646666666666667,0.00566166666666667,0.00571666666666667,0.004295,0.00529333333333333,0.004915,0.00305666666666667,0.00455666666666667,0.00302333333333333,0.00212166666666667,0.00185,0.001025,0.00289666666666667,0.000803333333333333,0.001515,0.00068,0.000616666666666667,0.000661666666666667,0.00162333333333333,0.000461666666666667,0.000461666666666667,0.00141,0.00153666666666667,0.000836666666666667,0.00125166666666667,0.00141833333333333,0.00024,0.000931666666666667,0.000316666666666667,0.000341666666666667,0.000366666666666667,0.000391666666666667,0.000416666666666667,0.000125,0,1,0,0,0,0,0,0,1,1,1,1,1,1,1,1,1,1,1,1,1,1,1,1,1,1,1,1,1,1,1,1,1,1,1,1,1,1,1,1,1,1,1,1,1,1,1,1,1,1,1,1,1,1,1,1,1,1,1,1,1,1,1,1,1,1,1,1,1,1,1,1,1,1,1,1,1,1,1,1,0
2026-06-18 12:00:00,67.66604895,0,0,0,0,0,0,0.07169,3.51519333333333,13.921805,15.4315466666667,9.80249,6.89556833333333,5.75586666666667,5.340885,4.12426,1.111705,0.48197,0.231863333333333,0.143898333333333,0.113575,0.100813333333333,0.0979133333333333,0.080345,0.056475,0.0428966666666667,0.0314533333333333,0.0230066666666667,0.0243916666666667,0.02279,0.0193966666666667,0.0193233333333333,0.0130833333333333,0.00937166666666667,0.00890333333333333,0.0146583333333333,0.00584666666666667,0.009715,0.00776666666666667,0.00428166666666667,0.00548333333333333,0.00766166666666667,0.00475166666666667,0.00545833333333333,0.003515,0.00685333333333333,0.00374333333333333,0.00274166666666667,0.00293666666666667,0.00236833333333333,0.003995,0.00258,0.00171,0.00158666666666667,0.00341666666666667,0.00185,0.00223,0.00186333333333333,0.00111666666666667,0.00103166666666667,0.00196,0.00128,0,0.00123666666666667,0.00204,0.000115,0.000283333333333333,0.000978333333333333,0,0.00105666666666667,0.000193333333333333,0,0.00052,0.000316666666666667,0.000341666666666667,0.000366666666666667,0.000391666666666667,0.000416666666666667,0.000125,0,1,0,0,0,0,0,0,1,1,1,1,1,1,1,1,1,1,1,1,1,1,1,1,1,1,1,1,1,1,1,1,1,1,1,1,1,1,1,1,1,1,1,1,1,1,1,1,1,1,1,1,1,1,1,1,1,1,1,1,1,1,1,1,1,1,1,1,1,1,1,1,1,1,1,1,1,1,1,1,0
2026-06-18 13:00:00,64.6996701833333,0,0,0,0,0,0,0.077935,3.50294166666667,13.2206016666667,14.8821116666667,9.472755,6.67096666666667,5.729085,5.18462333333333,3.86923833333333,1.01206333333333,0.435895,0.193963333333333,0.13305,0.0934616666666667,0.076915,0.0793133333333333,0.065565,0.0540483333333333,0.0351783333333333,0.0230316666666667,0.0271233333333333,0.0218833333333333,0.0179533333333333,0.0225483333333333,0.0153216666666667,0.012475,0.0108616666666667,0.00844833333333333,0.00680833333333333,0.00668333333333333,0.00539166666666667,0.00829,0.00660333333333333,0.00632,0.006135,0.00776,0.005225,0.00289333333333333,0.00476333333333333,0.00426333333333333,0.00288833333333333,0.005435,0.00432666666666667,0.00371333333333333,0.00247666666666667,0.00337333333333333,0.00451666666666667,0.00442,0.00265833333333333,0.000963333333333333,0.00120333333333333,0.00175,0.000658333333333333,0.000678333333333333,0.00170666666666667,0.00085,0.00123666666666667,0.000423333333333333,0.0000383333333333333,0,0.000708333333333333,0.000131666666666667,0.000833333333333333,0,0.000413333333333333,0.000238333333333333,0.000696666666666667,0.000751666666666667,0.000806666666666667,0.000861666666666667,0.000916666666666667,0.000275,0,1,0,0,0,0,0,0,1,1,1,1,1,1,1,1,1,1,1,1,1,1,1,1,1,1,1,1,1,1,1,1,1,1,1,1,1,1,1,1,1,1,1,1,1,1,1,1,1,1,1,1,1,1,1,1,1,1,1,1,1,1,1,1,1,1,1,1,1,1,1,1,1,1,1,1,1,1,1,1,0
2026-06-18 14:00:00,58.7189097833333,0,0,0,0,0,0,0.071515,3.52745666666667,12.5691416666667,13.2808516666667,8.24032333333333,5.918205,4.906645,4.57160166666667,3.52243166666667,0.914903333333333,0.400118333333333,0.190121666666667,0.122058333333333,0.0914733333333333,0.0891666666666667,0.079045,0.0671883333333333,0.050045,0.03313,0.0252733333333333,0.0218116666666667,0.019825,0.0165066666666667,0.01898,0.0114533333333333,0.0147183333333333,0.0151833333333333,0.00779166666666667,0.01005,0.00604333333333333,0.00345,0.00752,0.00804666666666667,0.00356666666666667,0.00515333333333333,0.00580166666666667,0.00396333333333333,0.00435666666666667,0.005415,0.00651666666666667,0.00491666666666667,0.00436666666666667,0.00267333333333333,0.004595,0.00546833333333333,0.00125333333333333,0.00216,0.00215833333333333,0.00199833333333333,0.001475,0.00169166666666667,0,0.000428333333333333,0.00128333333333333,0.00213333333333333,0.000425,0.00085,0.00123166666666667,0.00046,0.000705,0.000846666666666667,0.000131666666666667,0,0,0.000413333333333333,0.00091,0.000253333333333333,0.000271666666666667,0.000291666666666667,0.000313333333333333,0.000335,0.0000983333333333333,0,1,0,0,0,0,0,0,1,1,1,1,1,1,1,1,1,1,1,1,1,1,1,1,1,1,1,1,1,1,1,1,1,1,1,1,1,1,1,1,1,1,1,1,1,1,1,1,1,1,1,1,1,1,1,1,1,1,1,1,1,1,1,1,1,1,1,1,1,1,1,1,1,1,1,1,1,1,1,1,0
2026-06-18 15:00:00,62.4758091333333,0,0,0,0,0,0,0.0863766666666667,3.89280666666667,13.8715683333333,14.4039716666667,8.758445,6.047825,4.994195,4.56774333333333,3.46104666666667,0.962811666666667,0.438885,0.215186666666667,0.139803333333333,0.103503333333333,0.0799233333333333,0.07766,0.0815266666666667,0.057665,0.03656,0.030255,0.02527,0.019975,0.0184216666666667,0.0185966666666667,0.0109733333333333,0.0174816666666667,0.0144916666666667,0.00903,0.008985,0.00997333333333333,0.00712666666666667,0.00536666666666667,0.00475833333333333,0.00432666666666667,0.003945,0.00475666666666667,0.00383666666666667,0.00324333333333333,0.00325666666666667,0.004225,0.00268,0.0031,0.00458166666666667,0.00494166666666667,0.003035,0.00250666666666667,0.00415333333333333,0.00219166666666667,0.00271,0.00137,0.00203666666666667,0.00266333333333333,0.00249166666666667,0.00178833333333333,0.000853333333333333,0.00117333333333333,0.000913333333333333,0.0000383333333333333,0.000421666666666667,0.00112666666666667,0.000138333333333333,0.000398333333333333,0.0000183333333333333,0.000415,0,0.000541666666666667,0.00038,0.000406666666666667,0.000436666666666667,0.00047,0.000503333333333333,0.000146666666666667,0,1,0,0,0,0,0,0,1,1,1,1,1,1,1,1,1,1,1,1,1,1,1,1,1,1,1,1,1,1,1,1,1,1,1,1,1,1,1,1,1,1,1,1,1,1,1,1,1,1,1,1,1,1,1,1,1,1,1,1,1,1,1,1,1,1,1,1,1,1,1,1,1,1,1,1,1,1,1,1,0
2026-06-18 16:00:00,65.2772231166667,0,0,0,0,0,0,0.08907,4.10712833333333,14.3674483333333,15.4334933333333,9.398345,6.564575,5.34074833333333,4.68402166666667,3.44065333333333,0.971648333333333,0.396115,0.219156666666667,0.126461666666667,0.099895,0.0756533333333333,0.0801583333333333,0.0700066666666667,0.0515566666666667,0.0410366666666667,0.02778,0.0261466666666667,0.0230733333333333,0.017125,0.0148433333333333,0.0108033333333333,0.0132433333333333,0.0109933333333333,0.0124666666666667,0.0133233333333333,0.0126683333333333,0.00916,0.00623,0.009585,0.00334666666666667,0.00535333333333333,0.006235,0.007725,0.005355,0.00504166666666667,0.00587166666666667,0.00469166666666667,0.00380666666666667,0.004075,0.00453833333333333,0.00254,0.00207333333333333,0.00211166666666667,0.002915,0.00271333333333333,0.00306166666666667,0.001375,0.00335,0.000603333333333333,0.00153333333333333,0,0.00085,0.00085,0.00204,0.000423333333333333,0.000075,0.00084,0,0,0,0.000826666666666667,0.000953333333333333,0.00038,0.00041,0.00044,0.00047,0.0005,0.00015,0,1,0,0,0,0,0,0,1,1,1,1,1,1,1,1,1,1,1,1,1,1,1,1,1,1,1,1,1,1,1,1,1,1,1,1,1,1,1,1,1,1,1,1,1,1,1,1,1,1,1,1,1,1,1,1,1,1,1,1,1,1,1,1,1,1,1,1,1,1,1,1,1,1,1,1,1,1,1,1,0
2026-06-18 17:00:00,63.7799352166667,0,0,0,0,0,0,0.0757166666666667,3.44242,12.50277,13.7844283333333,9.001715,6.68484,5.59145666666667,5.13664833333333,3.93173833333333,1.21609666666667,0.52054,0.271576666666667,0.172208333333333,0.138918333333333,0.109196666666667,0.09119,0.0949016666666667,0.06049,0.04762,0.038825,0.0332816666666667,0.0247333333333333,0.02361,0.0207733333333333,0.01541,0.0165533333333333,0.0126433333333333,0.0157033333333333,0.00814,0.0113733333333333,0.008725,0.00884,0.00505166666666667,0.00201,0.00602,0.00387833333333333,0.005735,0.00404666666666667,0.003435,0.00431833333333333,0.00651,0.00306333333333333,0.00595333333333333,0.00249,0.00347166666666667,0.002895,0.000408333333333333,0.00248333333333333,0.000933333333333333,0.00185166666666667,0.000573333333333333,0.00149166666666667,0.00194333333333333,0.00153333333333333,0.00128,0.00107166666666667,0.000203333333333333,0.00123166666666667,0.00046,0.000705,0.000426666666666667,0.00136666666666667,0.000658333333333333,0.000193333333333333,0,0.000455,0.000126666666666667,0.000136666666666667,0.000146666666666667,0.000156666666666667,0.000166666666666667,0.00005,0,1,0,0,0,0,0,0,1,1,1,1,1,1,1,1,1,1,1,1,1,1,1,1,1,1,1,1,1,1,1,1,1,1,1,1,1,1,1,1,1,1,1,1,1,1,1,1,1,1,1,1,1,1,1,1,1,1,1,1,1,1,1,1,1,1,1,1,1,1,1,1,1,1,1,1,1,1,1,1,0
2026-06-18 18:00:00,52.8537507666667,0,0,0,0,0,0,0.0651583333333333,2.82045,10.0827433333333,11.246215,7.80858166666667,5.799575,4.96709833333333,4.66901,3.61371833333333,1.15080333333333,0.508211666666667,0.2376,0.143648333333333,0.113715,0.0901333333333333,0.100175,0.0813,0.0581083333333333,0.0409666666666667,0.028795,0.0299466666666667,0.0256083333333333,0.021605,0.0148083333333333,0.0148083333333333,0.01705,0.00978333333333333,0.0138733333333333,0.00921166666666667,0.00768666666666667,0.00591333333333333,0.00669,0.00588666666666667,0.00669333333333333,0.00635666666666667,0.004965,0.00617333333333333,0.00364166666666667,0.00340166666666667,0.00926,0.005635,0.003535,0.00636666666666667,0.00354666666666667,0.00264333333333333,0.00250666666666667,0.00379166666666667,0.00264166666666667,0.002625,0.00185666666666667,0.002065,0.00166166666666667,0.00176833333333333,0.000428333333333333,0.000853333333333333,0,0.000386666666666667,0.000461666666666667,0.000423333333333333,0.00112666666666667,0.00139833333333333,0,0.000416666666666667,0,0,0.000108333333333333,0.000316666666666667,0.000341666666666667,0.000366666666666667,0.000391666666666667,0.000416666666666667,0.000125,0,1,0,0,0,0,0,0,1,1,1,1,1,1,1,1,1,1,1,1,1,1,1,1,1,1,1,1,1,1,1,1,1,1,1,1,1,1,1,1,1,1,1,1,1,1,1,1,1,1,1,1,1,1,1,1,1,1,1,1,1,1,1,1,1,1,1,1,1,1,1,1,1,1,1,1,1,1,1,1,0
2026-06-18 19:00:00,60.416309,0,0,0,0,0,0,0.046075,2.494375,9.94233166666667,12.5971633333333,9.194675,6.91389833333333,5.94967333333333,5.45024166666667,4.60670666666667,1.62600666666667,0.705796666666667,0.336021666666667,0.191355,0.146933333333333,0.116755,0.124691666666667,0.10162,0.0697433333333333,0.0579333333333333,0.041485,0.03586,0.0303466666666667,0.0293233333333333,0.0219716666666667,0.0178183333333333,0.0155533333333333,0.0180783333333333,0.0173983333333333,0.010755,0.00988666666666667,0.0111333333333333,0.00860666666666667,0.00682333333333333,0.00743,0.00471833333333333,0.00492833333333333,0.00368666666666667,0.00541333333333333,0.00540166666666667,0.007495,0.00577833333333333,0.00542,0.003715,0.00545833333333333,0.00514,0.00332666666666667,0.00288166666666667,0.00314333333333333,0.00214,0.00182333333333333,0.00043,0.00160666666666667,0.00011,0.000855,0.000616666666666667,0.00193666666666667,0.00123666666666667,0.000885,0.000346666666666667,0.000496666666666667,0.00042,0.000398333333333333,0.000435,0,0.000413333333333333,0.00101833333333333,0.00057,0.000613333333333333,0.000658333333333333,0.000705,0.000751666666666667,0.000223333333333333,0,1,0,0,0,0,0,0,1,1,1,1,1,1,1,1,1,1,1,1,1,1,1,1,1,1,1,1,1,1,1,1,1,1,1,1,1,1,1,1,1,1,1,1,1,1,1,1,1,1,1,1,1,1,1,1,1,1,1,1,1,1,1,1,1,1,1,1,1,1,1,1,1,1,1,1,1,1,1,1,0
2026-06-18 20:00:00,76.5748056166667,0,0,0,0,0,0,0.0552883333333333,2.70747833333333,11.43353,15.3161566666667,11.3908033333333,8.75976166666667,7.505665,6.955715,6.09039666666667,2.55406333333333,1.12049333333333,0.557398333333333,0.344313333333333,0.249566666666667,0.204725,0.19182,0.171015,0.141118333333333,0.0944516666666667,0.0662166666666667,0.070335,0.0550666666666667,0.041295,0.0395433333333333,0.03286,0.0288183333333333,0.0229583333333333,0.014405,0.015405,0.01965,0.0105683333333333,0.0126366666666667,0.00839666666666667,0.00937666666666667,0.010955,0.00997,0.00907166666666667,0.00541833333333333,0.00586833333333333,0.00525,0.00614333333333333,0.00538333333333333,0.00481666666666667,0.00189666666666667,0.00474833333333333,0.00669666666666667,0.00376833333333333,0.00269333333333333,0.00266,0.00236666666666667,0.00341166666666667,0.00286333333333333,0.00237166666666667,0.00110666666666667,0.000853333333333333,0.001395,0.001155,0,0.000346666666666667,0.000496666666666667,0.00042,0,0.00105666666666667,0.000608333333333333,0,0.000888333333333333,0.00019,0.000205,0.00022,0.000235,0.00025,0.000075,0,1,0,0,0,0,0,0,1,1,1,1,1,1,1,1,1,1,1,1,1,1,1,1,1,1,1,1,1,1,1,1,1,1,1,1,1,1,1,1,1,1,1,1,1,1,1,1,1,1,1,1,1,1,1,1,1,1,1,1,1,1,1,1,1,1,1,1,1,1,1,1,1,1,1,1,1,1,1,1,0
2026-06-18 21:00:00,97.6716103666667,0,0,0,0,0,0,0.0616716666666667,3.430725,14.591745,19.5134066666667,14.4223716666667,10.8356733333333,9.25006166666667,8.424185,7.84493666666667,4.30292333333333,1.60649333333333,0.78491,0.484213333333333,0.338686666666667,0.290425,0.27331,0.250205,0.18105,0.13199,0.100148333333333,0.0788516666666667,0.0676683333333333,0.0498833333333333,0.043415,0.0378383333333333,0.033235,0.0316333333333333,0.0220316666666667,0.02132,0.0214916666666667,0.0215916666666667,0.015425,0.0148833333333333,0.0127166666666667,0.01238,0.009525,0.00771333333333333,0.00699833333333333,0.00978333333333333,0.006695,0.00512833333333333,0.00625333333333333,0.00438333333333333,0.005055,0.00332333333333333,0.00371333333333333,0.004585,0.00346833333333333,0.00274833333333333,0.00225333333333333,0.00086,0.00283666666666667,0.00119666666666667,0.00110666666666667,0.000426666666666667,0.00117333333333333,0.000101666666666667,0,0.001115,0.00127666666666667,0.000138333333333333,0,0.000416666666666667,0,0,0.0000216666666666667,0.0000633333333333333,0.0000683333333333333,0.0000733333333333333,0.0000783333333333333,0.0000833333333333333,0.000025,0,1,0,0,0,0,0,0,1,1,1,1,1,1,1,1,1,1,1,1,1,1,1,1,1,1,1,1,1,1,1,1,1,1,1,1,1,1,1,1,1,1,1,1,1,1,1,1,1,1,1,1,1,1,1,1,1,1,1,1,1,1,1,1,1,1,1,1,1,1,1,1,1,1,1,1,1,1,1,1,0
2026-06-18 22:00:00,118.208143283333,0,0,0,0,0,0,0.0947433333333333,4.84543833333333,18.63093,23.2723233333333,16.845325,12.9405466666667,11.0584566666667,9.93562333333333,9.45942833333333,5.381635,1.81407,0.895433333333333,0.489233333333333,0.391433333333333,0.295206666666667,0.306395,0.255568333333333,0.188926666666667,0.125996666666667,0.090345,0.0751283333333333,0.0678533333333333,0.054425,0.0558366666666667,0.036815,0.0396733333333333,0.0310033333333333,0.0264666666666667,0.02199,0.018925,0.0197533333333333,0.0153483333333333,0.015035,0.0113533333333333,0.012155,0.0110016666666667,0.00906833333333333,0.007495,0.00825166666666667,0.00672,0.00788333333333333,0.00550833333333333,0.00850833333333333,0.00664333333333333,0.007015,0.00332666666666667,0.00619666666666667,0.00362666666666667,0.002985,0.00536833333333333,0.00163333333333333,0.000945,0.000856666666666667,0.00213666666666667,0.00104333333333333,0.00215833333333333,0.00144,0.000423333333333333,0.00046,0.000421666666666667,0.00042,0,0,0,0,0,0,0,0,0,0,0,0,1,0,0,0,0,0,0,1,1,1,1,1,1,1,1,1,1,1,1,1,1,1,1,1,1,1,1,1,1,1,1,1,1,1,1,1,1,1,1,1,1,1,1,1,1,1,1,1,1,1,1,1,1,1,1,1,1,1,1,1,1,1,1,1,1,1,1,1,1,1,1,1,1,1,1,1,1,1,1,0
2026-06-18 23:00:00,135.672680416667,0,0,0,0,0,0,0.089215,4.42484,18.3709083333333,25.1378,19.7037866666667,15.619515,13.912805,12.8098833333333,12.8476733333333,6.87322333333333,2.05819833333333,0.984233333333333,0.53244,0.376401666666667,0.30326,0.278325,0.26832,0.186863333333333,0.134795,0.0941866666666667,0.0747133333333333,0.0651616666666667,0.05634,0.0462733333333333,0.0458833333333333,0.0432633333333333,0.0386833333333333,0.0271316666666667,0.0198316666666667,0.0298516666666667,0.0169916666666667,0.017245,0.0126133333333333,0.0104966666666667,0.00898333333333333,0.0103566666666667,0.00645,0.00877,0.00790333333333333,0.004995,0.005495,0.00793833333333333,0.00618166666666667,0.00506333333333333,0.00648166666666667,0.00462666666666667,0.00583333333333333,0.005715,0.00384833333333333,0.003245,0.00229333333333333,0.00106166666666667,0.000483333333333333,0.00170666666666667,0.00123333333333333,0.000898333333333333,0.00119833333333333,0.000923333333333333,0.00161166666666667,0.000358333333333333,0.000138333333333333,0,0.000416666666666667,0,0.00016,0.000275,0.0000633333333333333,0.0000683333333333333,0.0000733333333333333,0.0000783333333333333,0.0000833333333333333,0.000025,0,1,0,0,0,0,0,0,1,1,1,1,1,1,1,1,1,1,1,1,1,1,1,1,1,1,1,1,1,1,1,1,1,1,1,1,1,1,1,1,1,1,1,1,1,1,1,1,1,1,1,1,1,1,1,1,1,1,1,1,1,1,1,1,1,1,1,1,1,1,1,1,1,1,1,1,1,1,1,1,0
2026-06-19,166.80766545,0,0,0,0,0,0,0.0945066666666667,4.74367333333333,20.2572366666667,28.410635,23.3265266666667,19.152135,18.1323583333333,17.5820733333333,19.07385,7.41884666666667,2.72527833333333,1.366025,0.693773333333333,0.509353333333333,0.44733,0.398338333333333,0.360008333333333,0.208246666666667,0.148838333333333,0.0953933333333333,0.0827966666666667,0.0797466666666667,0.0608466666666667,0.062695,0.0454283333333333,0.0426133333333333,0.043685,0.0358333333333333,0.02784,0.032455,0.0246083333333333,0.01771,0.0154333333333333,0.01305,0.0126983333333333,0.0131883333333333,0.0110966666666667,0.0128416666666667,0.011655,0.00406166666666667,0.007455,0.00688666666666667,0.00771333333333333,0.00777666666666667,0.005125,0.00670166666666667,0.00322,0.00433333333333333,0.00512333333333333,0.00378,0.002895,0.00260666666666667,0.00194333333333333,0.00281666666666667,0.00128,0.000425,0.00085,0.00123166666666667,0.00165166666666667,0.000641666666666667,0.00111666666666667,0.000816666666666667,0.000241666666666667,0.000608333333333333,0.00016,0.000253333333333333,0,0,0,0,0,0,0,1,0,0,0,0,0,0,1,1,1,1,1,1,1,1,1,1,1,1,1,1,1,1,1,1,1,1,1,1,1,1,1,1,1,1,1,1,1,1,1,1,1,1,1,1,1,1,1,1,1,1,1,1,1,1,1,1,1,1,1,1,1,1,1,1,1,1,1,1,1,1,1,1,1,1,1,1,1,1,0
2026-06-19 01:00:00,168.264881666667,0,0,0,0,0,0,0.0803933333333333,4.337095,19.07513,27.270545,22.47557,19.0610283333333,18.6309666666667,18.7289166666667,21.821485,8.167705,3.34109833333333,1.70939833333333,0.958628333333333,0.67884,0.557985,0.484993333333333,0.460571666666667,0.239706666666667,0.14921,0.102846666666667,0.079145,0.0760183333333333,0.063285,0.05843,0.0473333333333333,0.0401633333333333,0.0395566666666667,0.0404566666666667,0.0333533333333333,0.0310433333333333,0.0259883333333333,0.0217883333333333,0.0240133333333333,0.0119133333333333,0.0138933333333333,0.00975333333333333,0.011815,0.00769,0.00826166666666667,0.0115033333333333,0.00764666666666667,0.00659833333333333,0.00722833333333333,0.00337166666666667,0.005595,0.00458,0.00254333333333333,0.00410333333333333,0.00354,0.00120333333333333,0.00240833333333333,0.00137666666666667,0.002745,0.00110666666666667,0.00104333333333333,0.00163166666666667,0.000691666666666667,0.000808333333333333,0.000498333333333333,0.000421666666666667,0.000288333333333333,0.00053,0.000435,0.000415,0,0,0,0,0,0,0,0,0,1,0,0,0,0,0,0,1,1,1,1,1,1,1,1,1,1,1,1,1,1,1,1,1,1,1,1,1,1,1,1,1,1,1,1,1,1,1,1,1,1,1,1,1,1,1,1,1,1,1,1,1,1,1,1,1,1,1,1,1,1,1,1,1,1,1,1,1,1,1,1,1,1,1,1,1,1,1,1,0
2026-06-19 02:00:00,162.19863505,0,0,0,0,0,0,0.0725366666666667,3.847925,17.0431883333333,24.84943,20.870575,17.9229016666667,18.2523366666667,18.5790733333333,22.5143433333333,8.39658,3.65316833333333,1.84314166666667,1.082315,0.755638333333333,0.687631666666667,0.603531666666667,0.557148333333333,0.256551666666667,0.165616666666667,0.108551666666667,0.0842033333333333,0.0778966666666667,0.0666666666666667,0.05963,0.0571666666666667,0.0411716666666667,0.0346966666666667,0.038785,0.03047,0.0300216666666667,0.0296466666666667,0.0205566666666667,0.0184683333333333,0.0111833333333333,0.011155,0.0130083333333333,0.010475,0.00865166666666667,0.0091,0.00808,0.00744833333333333,0.00735666666666667,0.00970666666666667,0.00726,0.00429666666666667,0.00624166666666667,0.00646333333333333,0.00547666666666667,0.00188333333333333,0.00357333333333333,0.00315333333333333,0.001865,0.00157,0.00110666666666667,0.00104333333333333,0.001835,0.000101666666666667,0,0.00077,0.000075,0,0,0,0.000173333333333333,0.000653333333333333,0.0000216666666666667,0.0000633333333333333,0.0000683333333333333,0.0000733333333333333,0.0000783333333333333,0.0000833333333333333,0.000025,0,1,0,0,0,0,0,0,1,1,1,1,1,1,1,1,1,1,1,1,1,1,1,1,1,1,1,1,1,1,1,1,1,1,1,1,1,1,1,1,1,1,1,1,1,1,1,1,1,1,1,1,1,1,1,1,1,1,1,1,1,1,1,1,1,1,1,1,1,1,1,1,1,1,1,1,1,1,1,1,0
2026-06-19 03:00:00,158.129665866667,0,0,0,0,0,0,0.0768233333333333,4.08009166666667,17.8227166666667,25.378865,21.0581083333333,17.71956,17.2958266666667,17.56508,20.8025066666667,7.91235,3.407255,1.75914833333333,0.995513333333333,0.735851666666667,0.622171666666667,0.557676666666667,0.495653333333333,0.24903,0.160775,0.10215,0.0813833333333333,0.07897,0.0580183333333333,0.0579566666666667,0.0539166666666667,0.039705,0.043185,0.0395283333333333,0.0326933333333333,0.0231833333333333,0.020245,0.0229816666666667,0.0144533333333333,0.0118333333333333,0.0111733333333333,0.00971833333333333,0.00845,0.011105,0.0117666666666667,0.00859666666666667,0.00643833333333333,0.012625,0.006205,0.0061,0.00753166666666667,0.00501333333333333,0.00256666666666667,0.0048,0.003435,0.000618333333333333,0.004215,0.00160333333333333,0.002855,0.00110666666666667,0.00128,0,0,0.000808333333333333,0.000461666666666667,0,0,0,0,0.000415,0.000413333333333333,0,0,0,0,0,0,0,0,1,0,0,0,0,0,0,1,1,1,1,1,1,1,1,1,1,1,1,1,1,1,1,1,1,1,1,1,1,1,1,1,1,1,1,1,1,1,1,1,1,1,1,1,1,1,1,1,1,1,1,1,1,1,1,1,1,1,1,1,1,1,1,1,1,1,1,1,1,1,1,1,1,1,1,1,1,1,1,0
2026-06-19 04:00:00,139.141518516667,0,0,0,0,0,0,0.0655066666666667,3.66586,15.7886033333333,22.4798183333333,18.2978983333333,15.5807383333333,15.184975,15.6062683333333,18.304395,6.84297333333333,2.83973833333333,1.46749166666667,0.845131666666667,0.580928333333333,0.488768333333333,0.462585,0.406808333333333,0.21062,0.121393333333333,0.0778383333333333,0.064,0.0604133333333333,0.0495333333333333,0.0489566666666667,0.0405766666666667,0.0312516666666667,0.0332216666666667,0.03021,0.02455,0.0216433333333333,0.018535,0.0177,0.016395,0.0144066666666667,0.0101783333333333,0.0112566666666667,0.00798166666666667,0.00725,0.01516,0.00835666666666667,0.00760333333333333,0.006815,0.00807833333333333,0.00414333333333333,0.00433666666666667,0.00590333333333333,0.00165666666666667,0.00410333333333333,0.00245833333333333,0.00137,0.00255166666666667,0.000428333333333333,0.00103166666666667,0.001535,0,0.001275,0.00085,0,0,0.000421666666666667,0,0,0.000416666666666667,0,0.00016,0.000275,0.0000633333333333333,0.0000683333333333333,0.0000733333333333333,0.0000783333333333333,0.0000833333333333333,0.000025,0,1,0,0,0,0,0,0,1,1,1,1,1,1,1,1,1,1,1,1,1,1,1,1,1,1,1,1,1,1,1,1,1,1,1,1,1,1,1,1,1,1,1,1,1,1,1,1,1,1,1,1,1,1,1,1,1,1,1,1,1,1,1,1,1,1,1,1,1,1,1,1,1,1,1,1,1,1,1,1,0
2026-06-19 05:00:00,91.9032107166667,0,0,0,0,0,0,0.0429033333333333,2.64180166666667,11.1331116666667,15.3692583333333,12.4037733333333,10.2551133333333,9.872195,9.91137833333333,11.09993,4.15004666666667,1.6633,0.851408333333333,0.489423333333333,0.374063333333333,0.310083333333333,0.280381666666667,0.265008333333333,0.146238333333333,0.094835,0.061215,0.0541183333333333,0.04491,0.0450483333333333,0.0416783333333333,0.020695,0.0327183333333333,0.03055,0.0206683333333333,0.0229766666666667,0.0167166666666667,0.014965,0.0145866666666667,0.0154783333333333,0.0106833333333333,0.009205,0.00928666666666667,0.00785666666666667,0.00939666666666667,0.009065,0.006205,0.00571666666666667,0.00429333333333333,0.00572833333333333,0.00477333333333333,0.004455,0.00253,0.00249666666666667,0.00332833333333333,0.00193833333333333,0.00094,0.000573333333333333,0.00154666666666667,0.000778333333333333,0.00135666666666667,0.000853333333333333,0.001275,0.00085,0,0.000346666666666667,0.00078,0.000558333333333333,0.000418333333333333,0,0,0,0,0,0,0,0,0,0,0,1,0,0,0,0,0,0,1,1,1,1,1,1,1,1,1,1,1,1,1,1,1,1,1,1,1,1,1,1,1,1,1,1,1,1,1,1,1,1,1,1,1,1,1,1,1,1,1,1,1,1,1,1,1,1,1,1,1,1,1,1,1,1,1,1,1,1,1,1,1,1,1,1,1,1,1,1,1,1,0
2026-06-19 06:00:00,65.6967319666667,0,0,0,0,0,0,0.0463083333333333,2.122565,8.75420666666667,11.8828216666667,9.26303166666667,7.3968,6.8651,6.61921666666667,6.89838166666667,2.72675333333333,0.98903,0.509598333333333,0.28839,0.223561666666667,0.187326666666667,0.175425,0.174393333333333,0.083835,0.0612183333333333,0.05026,0.0363683333333333,0.0366166666666667,0.0315666666666667,0.0311233333333333,0.0217916666666667,0.0199116666666667,0.0194216666666667,0.021005,0.0120333333333333,0.01541,0.0152583333333333,0.0169916666666667,0.0111333333333333,0.0117766666666667,0.007235,0.00816666666666667,0.0121583333333333,0.00771833333333333,0.006535,0.00426333333333333,0.00549333333333333,0.00804666666666667,0.00351333333333333,0.00322666666666667,0.00548833333333333,0.00209666666666667,0.002065,0.00177833333333333,0.00176166666666667,0.001025,0.00263833333333333,0.000688333333333333,0.001285,0.000428333333333333,0.000426666666666667,0.00107166666666667,0.00059,0.000846666666666667,0.000461666666666667,0.000843333333333333,0.00042,0,0.000416666666666667,0,0,0.0000433333333333333,0.000126666666666667,0.000136666666666667,0.000146666666666667,0.000156666666666667,0.000166666666666667,0.00005,0,1,0,0,0,0,0,0,1,1,1,1,1,1,1,1,1,1,1,1,1,1,1,1,1,1,1,1,1,1,1,1,1,1,1,1,1,1,1,1,1,1,1,1,1,1,1,1,1,1,1,1,1,1,1,1,1,1,1,1,1,1,1,1,1,1,1,1,1,1,1,1,1,1,1,1,1,1,1,1,0
2026-06-19 07:00:00,36.3799731333333,0,0,0,0,0,0,0.022075,1.25105166666667,5.07513833333333,6.89019666666667,5.30332333333333,4.25235333333333,3.80353666666667,3.565385,3.48831833333333,1.489845,0.502031666666667,0.266308333333333,0.164028333333333,0.118405,0.10104,0.0931783333333333,0.0747416666666667,0.0480916666666667,0.0405566666666667,0.0275816666666667,0.0227633333333333,0.02591,0.0161316666666667,0.0186633333333333,0.0183566666666667,0.014795,0.0144183333333333,0.0127383333333333,0.0102866666666667,0.012195,0.0109016666666667,0.00791833333333333,0.01074,0.00741,0.00657666666666667,0.00735333333333333,0.00600333333333333,0.00531666666666667,0.0061,0.006665,0.00571333333333333,0.00636,0.00302833333333333,0.00357666666666667,0.00297166666666667,0.00375833333333333,0.00372166666666667,0.001575,0.00248333333333333,0.00188166666666667,0.00166333333333333,0.001605,0.000888333333333333,0.00135666666666667,0.00104333333333333,0.00226,0.00176333333333333,0.000461666666666667,0.00169,0.000421666666666667,0.00042,0.000836666666666667,0.000416666666666667,0,0.000413333333333333,0.000563333333333333,0.000443333333333333,0.000478333333333333,0.000513333333333333,0.000548333333333333,0.000583333333333333,0.000175,0,1,0,0,0,0,0,0,1,1,1,1,1,1,1,1,1,1,1,1,1,1,1,1,1,1,1,1,1,1,1,1,1,1,1,1,1,1,1,1,1,1,1,1,1,1,1,1,1,1,1,1,1,1,1,1,1,1,1,1,1,1,1,1,1,1,1,1,1,1,1,1,1,1,1,1,1,1,1,1,0
2026-06-19 08:00:00,24.0384446333333,0,0,0,0,0,0,0.0112083333333333,0.733196666666667,3.37301833333333,4.671845,3.523145,2.75793833333333,2.45362833333333,2.366515,2.18912,0.847958333333333,0.31974,0.162173333333333,0.0925316666666667,0.074665,0.0679066666666667,0.0700966666666667,0.0597283333333333,0.0426,0.0310633333333333,0.0239816666666667,0.0180616666666667,0.01798,0.01412,0.0123733333333333,0.0115216666666667,0.0110183333333333,0.0101516666666667,0.00538,0.00761,0.00478333333333333,0.00929333333333333,0.00975,0.00613166666666667,0.00786333333333333,0.00603333333333333,0.006075,0.004805,0.00445666666666667,0.00393333333333333,0.00250833333333333,0.00441166666666667,0.003245,0.00295333333333333,0.00236,0.00334333333333333,0.00253,0.00124833333333333,0.002395,0.00156,0.00217833333333333,0.00272333333333333,0.00234833333333333,0.00194333333333333,0.000678333333333333,0.000426666666666667,0,0.000811666666666667,0.0000383333333333333,0.00077,0.000075,0.000708333333333333,0.000131666666666667,0.00064,0.00102333333333333,0.000826666666666667,0.000065,0.00019,0.000205,0.00022,0.000235,0.00025,0.000075,0,1,0,0,0,0,0,0,1,1,1,1,1,1,1,1,1,1,1,1,1,1,1,1,1,1,1,1,1,1,1,1,1,1,1,1,1,1,1,1,1,1,1,1,1,1,1,1,1,1,1,1,1,1,1,1,1,1,1,1,1,1,1,1,1,1,1,1,1,1,1,1,1,1,1,1,1,1,1,1,0
2026-06-19 09:00:00,43.8447016333333,0,0,0,0,0,0,0.02777,1.59930166666667,7.02333166666667,9.115795,6.38647166666667,4.69688666666667,4.10250166666667,4.014885,3.47347,1.140065,0.486883333333333,0.244435,0.163948333333333,0.13422,0.114593333333333,0.120836666666667,0.0987833333333333,0.06329,0.0437766666666667,0.02682,0.033645,0.0258516666666667,0.018505,0.0202616666666667,0.0216166666666667,0.013595,0.0104983333333333,0.0130366666666667,0.0136633333333333,0.00717333333333333,0.00754166666666667,0.00886166666666667,0.00686833333333333,0.0115066666666667,0.005815,0.00692833333333333,0.00399166666666667,0.00482666666666667,0.005705,0.00344833333333333,0.00245833333333333,0.00456833333333333,0.00351333333333333,0.00161833333333333,0.00406333333333333,0.00127666666666667,0.00534333333333333,0.00293666666666667,0.00245833333333333,0.00225833333333333,0.00114666666666667,0.000946666666666667,0.00103166666666667,0.00110666666666667,0.000426666666666667,0.00085,0.00116,0.000538333333333333,0.000346666666666667,0.000918333333333333,0,0.000418333333333333,0.000416666666666667,0,0.00032,0.000593333333333333,0.000253333333333333,0.000273333333333333,0.000293333333333333,0.000313333333333333,0.000333333333333333,0.0001,0,1,0,0,0,0,0,0,1,1,1,1,1,1,1,1,1,1,1,1,1,1,1,1,1,1,1,1,1,1,1,1,1,1,1,1,1,1,1,1,1,1,1,1,1,1,1,1,1,1,1,1,1,1,1,1,1,1,1,1,1,1,1,1,1,1,1,1,1,1,1,1,1,1,1,1,1,1,1,1,0
2026-06-19 10:00:00,46.4035558833333,0,0,0,0,0,0,0.03906,2.11933166666667,8.36099333333333,10.1157466666667,6.80268833333333,4.86162333333333,4.23769,3.91367,3.25722833333333,1.09180666666667,0.495986666666667,0.251813333333333,0.162113333333333,0.119833333333333,0.0982233333333333,0.106215,0.0851433333333333,0.04945,0.0367666666666667,0.0299083333333333,0.029825,0.0266633333333333,0.01937,0.018985,0.0171733333333333,0.0150016666666667,0.0156316666666667,0.0119566666666667,0.0104283333333333,0.00876166666666667,0.00806833333333333,0.00573666666666667,0.00601666666666667,0.00568333333333333,0.00449166666666667,0.00518,0.00294333333333333,0.00448,0.00574166666666667,0.0072,0.00275,0.00204833333333333,0.00267333333333333,0.00542,0.00334333333333333,0.00376,0.005355,0.00362833333333333,0.000985,0.00094,0.001605,0.00180166666666667,0.000428333333333333,0.00170833333333333,0.000426666666666667,0.000425,0,0.00127,0.00077,0.000075,0.00126,0.000836666666666667,0.00128,0.00056,0.00024,0.000498333333333333,0.000253333333333333,0.000273333333333333,0.000293333333333333,0.000313333333333333,0.000333333333333333,0.0001,0,1,0,0,0,0,0,0,1,1,1,1,1,1,1,1,1,1,1,1,1,1,1,1,1,1,1,1,1,1,1,1,1,1,1,1,1,1,1,1,1,1,1,1,1,1,1,1,1,1,1,1,1,1,1,1,1,1,1,1,1,1,1,1,1,1,1,1,1,1,1,1,1,1,1,1,1,1,1,1,0
2026-06-19 11:00:00,38.3126483166667,0,0,0,0,0,0,0.0315066666666667,1.80348833333333,7.02072333333333,8.43125833333333,5.73958166666667,4.01671833333333,3.44369833333333,3.253475,2.53178666666667,0.874056666666667,0.391298333333333,0.208011666666667,0.134423333333333,0.107985,0.09445,0.0954716666666667,0.077785,0.0498866666666667,0.03908,0.0332633333333333,0.0288983333333333,0.022475,0.0219833333333333,0.0234583333333333,0.0166533333333333,0.01928,0.0180616666666667,0.0133433333333333,0.0102416666666667,0.00820333333333333,0.01036,0.00919333333333333,0.00616666666666667,0.00697666666666667,0.00743333333333333,0.00649666666666667,0.00771333333333333,0.00613166666666667,0.00363833333333333,0.00327,0.00296333333333333,0.00351666666666667,0.00285333333333333,0.00276666666666667,0.00423166666666667,0.00294,0.00117833333333333,0.00367166666666667,0.00435,0.00165666666666667,0.00200666666666667,0.00212333333333333,0.00295166666666667,0.001435,0.000426666666666667,0.001275,0.00085,0.001655,0.00123,0.000075,0.00084,0.001255,0.00125,0.000415,0.00181333333333333,0.000448333333333333,0.00057,0.000613333333333333,0.000658333333333333,0.000705,0.000751666666666667,0.000223333333333333,0,1,0,0,0,0,0,0,1,1,1,1,1,1,1,1,1,1,1,1,1,1,1,1,1,1,1,1,1,1,1,1,1,1,1,1,1,1,1,1,1,1,1,1,1,1,1,1,1,1,1,1,1,1,1,1,1,1,1,1,1,1,1,1,1,1,1,1,1,1,1,1,1,1,1,1,1,1,1,1,0
2026-06-19 12:00:00,31.83749165,0,0,0,0,0,0,0.0465616666666667,1.81655166666667,6.28567,6.94281,4.44658,3.17100166666667,2.589865,2.381275,1.73840666666667,0.652395,0.299076666666667,0.160533333333333,0.0984066666666667,0.0986533333333333,0.0825833333333333,0.0876633333333333,0.0820733333333333,0.0453516666666667,0.037355,0.03038,0.0338416666666667,0.024555,0.0177,0.020085,0.0191233333333333,0.0189183333333333,0.015755,0.0127216666666667,0.00997,0.00955666666666667,0.00987666666666667,0.0108683333333333,0.00691,0.00744,0.00721666666666667,0.00651666666666667,0.004915,0.00550833333333333,0.00229333333333333,0.00198,0.00332833333333333,0.00426,0.00629166666666667,0.002885,0.00334166666666667,0.00253,0.00259,0.00273833333333333,0.004615,0.00266166666666667,0.00100333333333333,0.00223833333333333,0.000593333333333333,0.00170833333333333,0.00104333333333333,0.00130833333333333,0.001865,0.00130833333333333,0.001615,0.000496666666666667,0,0,0,0.000415,0.000413333333333333,0.000108333333333333,0.000316666666666667,0.000341666666666667,0.000366666666666667,0.000391666666666667,0.000416666666666667,0.000125,0,1,0,0,0,0,0,0,1,1,1,1,1,1,1,1,1,1,1,1,1,1,1,1,1,1,1,1,1,1,1,1,1,1,1,1,1,1,1,1,1,1,1,1,1,1,1,1,1,1,1,1,1,1,1,1,1,1,1,1,1,1,1,1,1,1,1,1,1,1,1,1,1,1,1,1,1,1,1,1,0
2026-06-19 13:00:00,35.7097147333333,0,0,0,0,0,0,0.0527133333333333,2.255015,7.648295,7.97439833333333,4.96178166666667,3.53172,2.85637666666667,2.601195,1.70128,0.621981666666667,0.302586666666667,0.14862,0.105936666666667,0.10076,0.09074,0.073325,0.0681683333333333,0.0524183333333333,0.0520966666666667,0.0333683333333333,0.032285,0.0285183333333333,0.0232366666666667,0.0251533333333333,0.0175816666666667,0.017835,0.0155616666666667,0.01259,0.01106,0.0118416666666667,0.0109983333333333,0.00974833333333333,0.00944333333333333,0.00764666666666667,0.00623833333333333,0.00843,0.00511833333333333,0.00404666666666667,0.00484833333333333,0.00494,0.00361166666666667,0.00424,0.00442833333333333,0.00721833333333333,0.00297333333333333,0.00465,0.00523833333333333,0.00472666666666667,0.0026,0.00306666666666667,0.00295333333333333,0.000746666666666667,0.00199833333333333,0.00239,0.00189666666666667,0.00108666666666667,0.00123666666666667,0.000885,0.000423333333333333,0.000705,0.000426666666666667,0.000131666666666667,0.000833333333333333,0.000415,0.000573333333333333,0.000426666666666667,0.000506666666666667,0.000546666666666667,0.000586666666666667,0.000626666666666667,0.000666666666666667,0.0002,0,1,0,0,0,0,0,0,1,1,1,1,1,1,1,1,1,1,1,1,1,1,1,1,1,1,1,1,1,1,1,1,1,1,1,1,1,1,1,1,1,1,1,1,1,1,1,1,1,1,1,1,1,1,1,1,1,1,1,1,1,1,1,1,1,1,1,1,1,1,1,1,1,1,1,1,1,1,1,1,0
2026-06-19 14:00:00,42.9740110833333,0,0,0,0,0,0,0.0504183333333333,2.536795,8.90184833333333,9.66684333333333,6.31484,4.51913833333333,3.59451166666667,3.28253166666667,2.10024666666667,0.729008333333333,0.345106666666667,0.185296666666667,0.111455,0.0977683333333333,0.0894633333333333,0.0805233333333333,0.06454,0.0510083333333333,0.0471266666666667,0.03925,0.0335933333333333,0.028605,0.0258583333333333,0.0255666666666667,0.0123,0.019765,0.0205633333333333,0.01291,0.00951333333333333,0.0128533333333333,0.0113316666666667,0.00835833333333333,0.00646,0.00906,0.00701333333333333,0.009065,0.00662333333333333,0.00743833333333333,0.00600833333333333,0.00317666666666667,0.00492,0.00465833333333333,0.00440833333333333,0.003295,0.00460166666666667,0.00337333333333333,0.00249666666666667,0.00221,0.00133,0.00309166666666667,0.002465,0.00132,0.00134,0.000428333333333333,0.00128,0.000323333333333333,0.000913333333333333,0.00130833333333333,0.00203833333333333,0.000358333333333333,0.000558333333333333,0,0.00064,0.000608333333333333,0.00016,0.00127166666666667,0.00057,0.000615,0.00066,0.000705,0.00075,0.000225,0,1,0,0,0,0,0,0,1,1,1,1,1,1,1,1,1,1,1,1,1,1,1,1,1,1,1,1,1,1,1,1,1,1,1,1,1,1,1,1,1,1,1,1,1,1,1,1,1,1,1,1,1,1,1,1,1,1,1,1,1,1,1,1,1,1,1,1,1,1,1,1,1,1,1,1,1,1,1,1,0
2026-06-19 15:00:00,39.20089,0,0,0,0,0,0,0.0478333333333333,2.073275,7.50069333333333,8.64512166666667,5.96302166666667,4.262955,3.52435166666667,3.16834666666667,1.98452,0.7728,0.384941666666667,0.21401,0.122931666666667,0.116378333333333,0.100205,0.109715,0.096335,0.0776883333333333,0.0640916666666667,0.050785,0.0487866666666667,0.0414966666666667,0.03385,0.0284633333333333,0.0232,0.02324,0.0158666666666667,0.013,0.0119066666666667,0.011605,0.0130566666666667,0.00659666666666667,0.00564333333333333,0.00420333333333333,0.00612333333333333,0.00670833333333333,0.00478,0.00600833333333333,0.00684833333333333,0.00397666666666667,0.00556833333333333,0.00326333333333333,0.004655,0.00547,0.00260333333333333,0.00289333333333333,0.00242666666666667,0.00236833333333333,0.00485833333333333,0.002545,0.00223666666666667,0.00272,0.001395,0.00128166666666667,0.00123333333333333,0.00174833333333333,0.000425,0.00127,0.000768333333333333,0.000496666666666667,0,0.000836666666666667,0.000416666666666667,0.000415,0.000413333333333333,0.000238333333333333,0.000696666666666667,0.00075,0.000805,0.000861666666666667,0.000918333333333333,0.000273333333333333,0,1,0,0,0,0,0,0,1,1,1,1,1,1,1,1,1,1,1,1,1,1,1,1,1,1,1,1,1,1,1,1,1,1,1,1,1,1,1,1,1,1,1,1,1,1,1,1,1,1,1,1,1,1,1,1,1,1,1,1,1,1,1,1,1,1,1,1,1,1,1,1,1,1,1,1,1,1,1,1,0
2026-06-19 16:00:00,32.8668538833333,0,0,0,0,0,0,0.0287816666666667,1.44758833333333,5.59889666666667,7.03180666666667,4.96058666666667,3.62775166666667,3.103395,2.835315,1.75104166666667,0.62271,0.313433333333333,0.15521,0.101306666666667,0.0830283333333333,0.0812233333333333,0.0704216666666667,0.063965,0.0469766666666667,0.047515,0.02637,0.0311166666666667,0.0248266666666667,0.023245,0.0222283333333333,0.0209583333333333,0.0170016666666667,0.0168566666666667,0.010395,0.0110066666666667,0.0100716666666667,0.012405,0.0130383333333333,0.0105216666666667,0.00710333333333333,0.00832,0.00999666666666667,0.00276666666666667,0.00581833333333333,0.00401833333333333,0.00433333333333333,0.003545,0.00420666666666667,0.00483333333333333,0.00548833333333333,0.00460166666666667,0.00289333333333333,0.00376833333333333,0.003055,0.000986666666666667,0.00352,0.00255166666666667,0.000801666666666667,0.00134,0.000853333333333333,0.00213333333333333,0.000425,0.000425,0.00119333333333333,0.000845,0.000496666666666667,0.00042,0.000836666666666667,0.000833333333333333,0.000588333333333333,0.000653333333333333,0.000195,0.00057,0.000613333333333333,0.000658333333333333,0.000705,0.000751666666666667,0.000223333333333333,0,1,0,0,0,0,0,0,1,1,1,1,1,1,1,1,1,1,1,1,1,1,1,1,1,1,1,1,1,1,1,1,1,1,1,1,1,1,1,1,1,1,1,1,1,1,1,1,1,1,1,1,1,1,1,1,1,1,1,1,1,1,1,1,1,1,1,1,1,1,1,1,1,1,1,1,1,1,1,1,0
2026-06-19 17:00:00,40.3399644333333,0,0,0,0,0,0,0.03078,1.41936,6.21707333333333,8.43879166666667,6.24734333333333,4.84,4.15387666666667,3.895145,2.48320166666667,0.83885,0.396688333333333,0.18308,0.123331666666667,0.097075,0.0935666666666667,0.096865,0.08073,0.0690316666666667,0.0528066666666667,0.04355,0.033545,0.0369133333333333,0.03047,0.0284933333333333,0.020545,0.0298816666666667,0.0243666666666667,0.019865,0.0161433333333333,0.0162866666666667,0.018605,0.0143916666666667,0.0124166666666667,0.0100433333333333,0.00646,0.00796666666666667,0.00672833333333333,0.00722,0.00651166666666667,0.00395333333333333,0.00644666666666667,0.00411333333333333,0.00287333333333333,0.00413166666666667,0.00347166666666667,0.00581,0.00256666666666667,0.002985,0.000986666666666667,0.00271666666666667,0.00137666666666667,0.00111833333333333,0.00103166666666667,0.000678333333333333,0.00123333333333333,0.00164666666666667,0.000101666666666667,0.00123166666666667,0.00046,0.000566666666666667,0.00195666666666667,0.000418333333333333,0,0.001245,0.00016,0.00034,0.000253333333333333,0.000273333333333333,0.000293333333333333,0.000313333333333333,0.000333333333333333,0.0001,0,1,0,0,0,0,0,0,1,1,1,1,1,1,1,1,1,1,1,1,1,1,1,1,1,1,1,1,1,1,1,1,1,1,1,1,1,1,1,1,1,1,1,1,1,1,1,1,1,1,1,1,1,1,1,1,1,1,1,1,1,1,1,1,1,1,1,1,1,1,1,1,1,1,1,1,1,1,1,1,0
2026-06-19 18:00:00,42.3793280166667,0,0,0,0,0,0,0.0213216666666667,1.36550833333333,6.04219666666667,8.46471833333333,6.41647166666667,5.07802333333333,4.60794,4.30714833333333,2.97829333333333,1.15447833333333,0.588726666666667,0.274336666666667,0.192831666666667,0.128885,0.12365,0.129201666666667,0.100808333333333,0.0776433333333333,0.0615866666666667,0.0490083333333333,0.048765,0.0402466666666667,0.03824,0.04189,0.0290733333333333,0.03027,0.0170766666666667,0.0205383333333333,0.0179783333333333,0.0163266666666667,0.0145616666666667,0.0104383333333333,0.00988,0.00775666666666667,0.00876,0.00672,0.00460166666666667,0.00840333333333333,0.00558833333333333,0.00748666666666667,0.00252666666666667,0.00436833333333333,0.00606166666666667,0.00238333333333333,0.00342666666666667,0.00209666666666667,0.00168,0.00360166666666667,0.00197333333333333,0.00182333333333333,0.00146166666666667,0.00272,0.000966666666666667,0.00128333333333333,0.00128,0.00107166666666667,0.00059,0.000423333333333333,0.000461666666666667,0.000988333333333333,0.000276666666666667,0.000418333333333333,0.000416666666666667,0.000415,0.000826666666666667,0.0000866666666666667,0.000253333333333333,0.000273333333333333,0.000293333333333333,0.000313333333333333,0.000333333333333333,0.0001,0,1,0,0,0,0,0,0,1,1,1,1,1,1,1,1,1,1,1,1,1,1,1,1,1,1,1,1,1,1,1,1,1,1,1,1,1,1,1,1,1,1,1,1,1,1,1,1,1,1,1,1,1,1,1,1,1,1,1,1,1,1,1,1,1,1,1,1,1,1,1,1,1,1,1,1,1,1,1,1,0
2026-06-19 19:00:00,34.0992266333333,0,0,0,0,0,0,0.017685,1.04227666666667,4.70785833333333,6.57657166666667,4.998995,4.0734,3.61966333333333,3.39946333333333,2.34308166666667,0.969566666666667,0.463423333333333,0.249711666666667,0.172346666666667,0.127093333333333,0.124888333333333,0.120813333333333,0.127178333333333,0.107961666666667,0.0594916666666667,0.0572483333333333,0.0440116666666667,0.0467333333333333,0.03958,0.0396316666666667,0.0358083333333333,0.02934,0.027215,0.02229,0.020155,0.0135883333333333,0.00905,0.00999666666666667,0.006775,0.00732,0.00504,0.00258333333333333,0.006505,0.00519833333333333,0.00276,0.002485,0.004415,0.00291833333333333,0.00183333333333333,0.00275166666666667,0.002085,0.00294,0.002205,0.00155,0.00222666666666667,0.00101833333333333,0.00140666666666667,0.001115,0.00103166666666667,0.001105,0.000426666666666667,0.000425,0,0.000423333333333333,0.000846666666666667,0.000705,0.000978333333333333,0.000398333333333333,0.0000183333333333333,0,0.000413333333333333,0.000065,0.00019,0.000205,0.00022,0.000235,0.00025,0.000075,0,1,0,0,0,0,0,0,1,1,1,1,1,1,1,1,1,1,1,1,1,1,1,1,1,1,1,1,1,1,1,1,1,1,1,1,1,1,1,1,1,1,1,1,1,1,1,1,1,1,1,1,1,1,1,1,1,1,1,1,1,1,1,1,1,1,1,1,1,1,1,1,1,1,1,1,1,1,1,1,0
2026-06-19 20:00:00,31.2830134666667,0,0,0,0,0,0,0.0159116666666667,0.961531666666667,4.28101166666667,6.08329666666667,4.64230666666667,3.62050166666667,3.20591833333333,2.90514833333333,2.23281333333333,1.05737333333333,0.50847,0.287025,0.173866666666667,0.14935,0.1437,0.136681666666667,0.115518333333333,0.0992066666666667,0.08446,0.0628916666666667,0.0549033333333333,0.049085,0.0460966666666667,0.0414766666666667,0.0291666666666667,0.0313116666666667,0.021295,0.020635,0.0165733333333333,0.0149816666666667,0.010875,0.00945333333333333,0.00976333333333333,0.00645,0.00548,0.00303666666666667,0.00346,0.003425,0.003195,0.00539,0.00470333333333333,0.00177666666666667,0.002775,0.00358833333333333,0.00130166666666667,0.00164,0.00156333333333333,0.000985,0.001815,0,0,0,0,0,0,0.000425,0.000425,0.000808333333333333,0.0000383333333333333,0.000421666666666667,0,0.000418333333333333,0,0.000415,0,0.0000216666666666667,0.0000633333333333333,0.0000683333333333333,0.0000733333333333333,0.0000783333333333333,0.0000833333333333333,0.000025,0,1,0,0,0,0,0,0,1,1,1,1,1,1,1,1,1,1,1,1,1,1,1,1,1,1,1,1,1,1,1,1,1,1,1,1,1,1,1,1,1,1,1,1,1,1,1,1,1,1,1,1,1,1,1,1,1,1,1,1,1,1,1,1,1,1,1,1,1,1,1,1,1,1,1,1,1,1,1,1,0
2026-06-19 21:00:00,36.0751252166667,0,0,0,0,0,0,0.0196183333333333,1.03977666666667,4.770575,6.94202166666667,5.40403166666667,4.21180333333333,3.61833,3.34924,2.91518333333333,1.41009833333333,0.516796666666667,0.273153333333333,0.159231666666667,0.137431666666667,0.125661666666667,0.114056666666667,0.101541666666667,0.08772,0.0576666666666667,0.0519633333333333,0.0435033333333333,0.0400866666666667,0.0298766666666667,0.0293416666666667,0.0253116666666667,0.0314283333333333,0.0244033333333333,0.0207083333333333,0.0202866666666667,0.0163033333333333,0.012845,0.01076,0.006225,0.00648,0.00460166666666667,0.00648,0.003735,0.002645,0.00261,0.003495,0.00505666666666667,0.00281,0.00252166666666667,0.002235,0.00214666666666667,0.00164,0.00158666666666667,0.00132833333333333,0.00147166666666667,0.000458333333333333,0.00126166666666667,0.000428333333333333,0.00146,0.00068,0.00128,0,0,0,0.000423333333333333,0,0,0,0,0,0,0.000065,0.00019,0.000205,0.00022,0.000235,0.00025,0.000075,0,1,0,0,0,0,0,0,1,1,1,1,1,1,1,1,1,1,1,1,1,1,1,1,1,1,1,1,1,1,1,1,1,1,1,1,1,1,1,1,1,1,1,1,1,1,1,1,1,1,1,1,1,1,1,1,1,1,1,1,1,1,1,1,1,1,1,1,1,1,1,1,1,1,1,1,1,1,1,1,0
2026-06-19 22:00:00,55.8019526166667,0,0,0,0,0,0,0.0350933333333333,1.81760666666667,7.733465,10.4131833333333,8.370125,6.51108833333333,5.649225,5.153055,4.78858666666667,2.65640333333333,0.842288333333333,0.403733333333333,0.240291666666667,0.179876666666667,0.146713333333333,0.158068333333333,0.1267,0.10144,0.0769533333333333,0.063165,0.05078,0.0498116666666667,0.0362,0.0379716666666667,0.0364766666666667,0.0288583333333333,0.025435,0.033365,0.0218316666666667,0.0165766666666667,0.0156683333333333,0.009975,0.012315,0.00848666666666667,0.00756166666666667,0.005165,0.004535,0.00460333333333333,0.006045,0.00264833333333333,0.00485,0.00261,0.00254833333333333,0.005295,0.000846666666666667,0.00255333333333333,0.00168,0.003435,0.00133,0.000481666666666667,0.000601666666666667,0.001975,0.000175,0.000678333333333333,0.00104333333333333,0.000985,0.000526666666666667,0.000846666666666667,0,0,0,0,0,0,0,0,0,0,0,0,0,0,0,1,0,0,0,0,0,0,1,1,1,1,1,1,1,1,1,1,1,1,1,1,1,1,1,1,1,1,1,1,1,1,1,1,1,1,1,1,1,1,1,1,1,1,1,1,1,1,1,1,1,1,1,1,1,1,1,1,1,1,1,1,1,1,1,1,1,1,1,1,1,1,1,1,1,1,1,1,1,1,0
2026-06-19 23:00:00,59.2506877666667,0,0,0,0,0,0,0.0440083333333333,2.04185666666667,8.41468666666667,11.23644,8.78576333333333,6.83981166666667,5.88281333333333,5.39680666666667,5.197095,2.74277666666667,0.76778,0.398695,0.216705,0.1605,0.14414,0.14856,0.145763333333333,0.100163333333333,0.0698,0.0532066666666667,0.0462816666666667,0.0574316666666667,0.047345,0.0480616666666667,0.0405183333333333,0.042525,0.033585,0.02849,0.0220916666666667,0.025065,0.0152966666666667,0.016195,0.0124716666666667,0.00627666666666667,0.00450166666666667,0.00692833333333333,0.00601666666666667,0.00411166666666667,0.004565,0.00438,0.00310333333333333,0.004385,0.00318166666666667,0.003265,0.00206333333333333,0.00125333333333333,0.00247333333333333,0.001435,0.00172666666666667,0.00174833333333333,0.000401666666666667,0,0.000603333333333333,0.000251666666666667,0.000426666666666667,0,0,0,0.000693333333333333,0.00015,0.00042,0.000418333333333333,0,0,0.000413333333333333,0,0,0,0,0,0,0,0,1,0,0,0,0,0,0,1,1,1,1,1,1,1,1,1,1,1,1,1,1,1,1,1,1,1,1,1,1,1,1,1,1,1,1,1,1,1,1,1,1,1,1,1,1,1,1,1,1,1,1,1,1,1,1,1,1,1,1,1,1,1,1,1,1,1,1,1,1,1,1,1,1,1,1,1,1,1,1,0
2026-06-20,70.3757528333333,0,0,0,0,0,0,0.0507683333333333,2.52572166666667,10.0435633333333,13.3117,10.1767633333333,8.14752,7.05116833333333,6.51983833333333,6.22391166666667,2.86010833333333,0.803065,0.398511666666667,0.234435,0.177443333333333,0.166405,0.157,0.159171666666667,0.106068333333333,0.08585,0.0699883333333333,0.0569166666666667,0.061165,0.0547333333333333,0.060285,0.04764,0.0468833333333333,0.0435033333333333,0.0357883333333333,0.0346233333333333,0.0254833333333333,0.02535,0.0195066666666667,0.018035,0.00905,0.00977166666666667,0.0073,0.00864,0.00780833333333333,0.00617166666666667,0.00337833333333333,0.00266666666666667,0.005475,0.00374,0.00333666666666667,0.00458166666666667,0.00380666666666667,0.00117833333333333,0.00134666666666667,0.00241166666666667,0.00284166666666667,0.00043,0.000373333333333333,0.000483333333333333,0.000426666666666667,0.000806666666666667,0.000473333333333333,0.000425,0.000385,0.0000383333333333333,0,0.000288333333333333,0.000131666666666667,0,0,0,0.0000433333333333333,0.000126666666666667,0.000136666666666667,0.000146666666666667,0.000156666666666667,0.000166666666666667,0.00005,0,1,0,0,0,0,0,0,1,1,1,1,1,1,1,1,1,1,1,1,1,1,1,1,1,1,1,1,1,1,1,1,1,1,1,1,1,1,1,1,1,1,1,1,1,1,1,1,1,1,1,1,1,1,1,1,1,1,1,1,1,1,1,1,1,1,1,1,1,1,1,1,1,1,1,1,1,1,1,1,0
2026-06-20 01:00:00,96.2951535666667,0,0,0,0,0,0,0.0590383333333333,3.23417666666667,13.2314433333333,17.5431083333333,13.7685733333333,11.1095816666667,9.93096333333333,9.62643,9.49415,3.38611666666667,1.25508166666667,0.61645,0.387928333333333,0.26756,0.23654,0.227873333333333,0.218068333333333,0.142673333333333,0.12153,0.0893383333333333,0.09015,0.08564,0.077795,0.0768483333333333,0.0703933333333333,0.059115,0.05813,0.060245,0.0558766666666667,0.05063,0.0429083333333333,0.0358116666666667,0.0250933333333333,0.0129133333333333,0.0139066666666667,0.015295,0.012465,0.00921166666666667,0.010615,0.00605833333333333,0.00767,0.00767,0.00519333333333333,0.00409333333333333,0.002955,0.005015,0.00247333333333333,0.00176,0.00190333333333333,0.00131833333333333,0.00134666666666667,0.00157666666666667,0.000055,0.000426666666666667,0.000616666666666667,0.00130833333333333,0.00059,0.000423333333333333,0.0000383333333333333,0,0,0,0.000416666666666667,0,0.000413333333333333,0,0,0,0,0,0,0,0,1,0,0,0,0,0,0,1,1,1,1,1,1,1,1,1,1,1,1,1,1,1,1,1,1,1,1,1,1,1,1,1,1,1,1,1,1,1,1,1,1,1,1,1,1,1,1,1,1,1,1,1,1,1,1,1,1,1,1,1,1,1,1,1,1,1,1,1,1,1,1,1,1,1,1,1,1,1,1,0
2026-06-20 02:00:00,115.913493216667,0,0,0,0,0,0,0.07344,3.69989,15.1634583333333,20.6393,16.5217766666667,13.4476683333333,12.428555,12.1520766666667,12.4581816666667,4.12986833333333,1.620485,0.80988,0.457313333333333,0.343115,0.298445,0.272291666666667,0.25609,0.167748333333333,0.133255,0.102183333333333,0.0929516666666667,0.09963,0.0898616666666667,0.0814933333333333,0.0772716666666667,0.0701083333333333,0.0684266666666667,0.06102,0.062455,0.0504316666666667,0.04492,0.04089,0.0283616666666667,0.01934,0.0223283333333333,0.0112433333333333,0.0121433333333333,0.0111066666666667,0.00627166666666667,0.00692166666666667,0.00708333333333333,0.00879,0.00391333333333333,0.00637833333333333,0.00258333333333333,0.00506,0.002975,0.00162,0.00265833333333333,0.00489333333333333,0.00209333333333333,0.00086,0.000856666666666667,0.000426666666666667,0.00104333333333333,0.00108666666666667,0.000386666666666667,0.000423333333333333,0.0000383333333333333,0,0,0,0.000223333333333333,0.000608333333333333,0,0.0000216666666666667,0.0000633333333333333,0.0000683333333333333,0.0000733333333333333,0.0000783333333333333,0.0000833333333333333,0.000025,0,1,0,0,0,0,0,0,1,1,1,1,1,1,1,1,1,1,1,1,1,1,1,1,1,1,1,1,1,1,1,1,1,1,1,1,1,1,1,1,1,1,1,1,1,1,1,1,1,1,1,1,1,1,1,1,1,1,1,1,1,1,1,1,1,1,1,1,1,1,1,1,1,1,1,1,1,1,1,1,0
2026-06-20 03:00:00,126.277806,0,0,0,0,0,0,0.0761816666666667,3.88293,16.5643583333333,22.7227833333333,17.891945,14.53459,13.484015,12.92738,13.1711633333333,4.3802,1.68378,0.843688333333333,0.495086666666667,0.362651666666667,0.296893333333333,0.282435,0.268028333333333,0.157936666666667,0.138515,0.085855,0.09507,0.092235,0.081895,0.078675,0.07387,0.077145,0.0712416666666667,0.0590666666666667,0.05003,0.0536433333333333,0.0375666666666667,0.03338,0.0236033333333333,0.0205366666666667,0.0134683333333333,0.0136083333333333,0.012715,0.00840666666666667,0.00567333333333333,0.00600333333333333,0.010485,0.006595,0.00638833333333333,0.004995,0.0031,0.00546833333333333,0.00242666666666667,0.002535,0.00156,0.00217833333333333,0.000831666666666667,0.000428333333333333,0.000175,0.000251666666666667,0.00104333333333333,0.00163166666666667,0.00150333333333333,0.000461666666666667,0.0000383333333333333,0,0,0,0.000446666666666667,0.000386666666666667,0,0,0,0,0,0,0,0,0,1,0,0,0,0,0,0,1,1,1,1,1,1,1,1,1,1,1,1,1,1,1,1,1,1,1,1,1,1,1,1,1,1,1,1,1,1,1,1,1,1,1,1,1,1,1,1,1,1,1,1,1,1,1,1,1,1,1,1,1,1,1,1,1,1,1,1,1,1,1,1,1,1,1,1,1,1,1,1,0
2026-06-20 04:00:00,108.488121166667,0,0,0,0,0,0,0.06096,3.35138,14.7150533333333,20.1072216666667,15.680305,12.5361033333333,11.722535,11.1054133333333,11.48611,3.67749833333333,1.45677,0.698931666666667,0.385731666666667,0.279048333333333,0.254036666666667,0.241905,0.249568333333333,0.14751,0.123558333333333,0.0863383333333333,0.077955,0.074575,0.0694633333333333,0.0749683333333333,0.0655183333333333,0.05402,0.04944,0.0488333333333333,0.0409516666666667,0.0351166666666667,0.0340483333333333,0.0276533333333333,0.0202116666666667,0.0143466666666667,0.0158533333333333,0.0106116666666667,0.00853833333333333,0.00762333333333333,0.00449333333333333,0.00257833333333333,0.00636666666666667,0.00487666666666667,0.00318,0.00312833333333333,0.00219,0.00339666666666667,0.00165666666666667,0.00007,0.00172666666666667,0.00129,0.000343333333333333,0.00169333333333333,0.000285,0.000251666666666667,0.000426666666666667,0,0,0,0,0,0,0,0,0,0,0.0000216666666666667,0.0000633333333333333,0.0000683333333333333,0.0000733333333333333,0.0000783333333333333,0.0000833333333333333,0.000025,0,1,0,0,0,0,0,0,1,1,1,1,1,1,1,1,1,1,1,1,1,1,1,1,1,1,1,1,1,1,1,1,1,1,1,1,1,1,1,1,1,1,1,1,1,1,1,1,1,1,1,1,1,1,1,1,1,1,1,1,1,1,1,1,1,1,1,1,1,1,1,1,1,1,1,1,1,1,1,1,0
2026-06-20 05:00:00,72.1864331833333,0,0,0,0,0,0,0.04299,2.36172166666667,10.00488,13.53741,10.5518316666667,8.292165,7.580615,7.05650333333333,7.17515333333333,2.76465333333333,0.921903333333333,0.46449,0.247141666666667,0.19678,0.167751666666667,0.158776666666667,0.163188333333333,0.09661,0.0829566666666667,0.0596833333333333,0.0626916666666667,0.0494433333333333,0.050275,0.0492533333333333,0.0367433333333333,0.0348516666666667,0.0327133333333333,0.0220316666666667,0.0266283333333333,0.0247716666666667,0.0145266666666667,0.015855,0.00809333333333333,0.00661666666666667,0.00777833333333333,0.00715666666666667,0.00363833333333333,0.00585,0.004965,0.002555,0.003475,0.00335166666666667,0.00264666666666667,0.001505,0.00293,0.00082,0.00168,0.0011,0.001885,0.000103333333333333,0.00129,0.000373333333333333,0.000911666666666667,0,0.000426666666666667,0.000425,0,0,0,0,0,0,0,0,0,0,0,0,0,0,0,0,0,1,0,0,0,0,0,0,1,1,1,1,1,1,1,1,1,1,1,1,1,1,1,1,1,1,1,1,1,1,1,1,1,1,1,1,1,1,1,1,1,1,1,1,1,1,1,1,1,1,1,1,1,1,1,1,1,1,1,1,1,1,1,1,1,1,1,1,1,1,1,1,1,1,1,1,1,1,1,1,0
2026-06-20 06:00:00,64.1169622666667,0,0,0,0,0,0,0.0422516666666667,2.15237,9.09107166666667,12.304895,9.49106,7.32920666666667,6.51619166666667,6.042095,6.12817833333333,2.43927833333333,0.816018333333333,0.383308333333333,0.231191666666667,0.157895,0.142451666666667,0.131888333333333,0.1407,0.095095,0.068055,0.0496116666666667,0.051125,0.051045,0.0438566666666667,0.0352683333333333,0.0388183333333333,0.024645,0.0296683333333333,0.0274966666666667,0.023345,0.0175583333333333,0.01598,0.010655,0.01046,0.00411,0.00416166666666667,0.00406833333333333,0.00527333333333333,0.00376833333333333,0.00241833333333333,0.00205166666666667,0.00195333333333333,0.00177666666666667,0.00234,0.00224666666666667,0.000433333333333333,0.00041,0.00247333333333333,0.000571666666666667,0.00081,0.00051,0.000401666666666667,0.00086,0.00103166666666667,0.000251666666666667,0,0.000425,0,0.000423333333333333,0,0,0,0,0,0,0,0.000411666666666667,0,0,0,0,0,0,0,1,0,0,0,0,0,0,1,1,1,1,1,1,1,1,1,1,1,1,1,1,1,1,1,1,1,1,1,1,1,1,1,1,1,1,1,1,1,1,1,1,1,1,1,1,1,1,1,1,1,1,1,1,1,1,1,1,1,1,1,1,1,1,1,1,1,1,1,1,1,1,1,1,1,1,1,1,1,1,0
2026-06-20 07:00:00,35.2205000833333,0,0,0,0,0,0,0.0293233333333333,1.35851166666667,5.658145,7.2377,5.386885,4.00141333333333,3.30782666666667,2.839225,2.755325,1.34570666666667,0.360151666666667,0.184435,0.107288333333333,0.0733833333333333,0.0680116666666667,0.0690766666666667,0.0605633333333333,0.04989,0.03197,0.0263716666666667,0.0306716666666667,0.023635,0.0209433333333333,0.021765,0.0174233333333333,0.0124583333333333,0.014665,0.0138316666666667,0.0120516666666667,0.0102216666666667,0.0105433333333333,0.00867,0.00297333333333333,0.00319333333333333,0.00317166666666667,0.00192166666666667,0.00212166666666667,0.00283333333333333,0.00433666666666667,0.000978333333333333,0.00261,0.001305,0.00168,0.00182833333333333,0.000846666666666667,0.00082,0.00117833333333333,0.000483333333333333,0.00052,0.00129,0.000601666666666667,0.000258333333333333,0.000856666666666667,0.000426666666666667,0.000426666666666667,0.000425,0,0,0.000346666666666667,0.000496666666666667,0,0,0.000416666666666667,0,0,0,0,0,0,0,0,0,0,1,0,0,0,0,0,0,1,1,1,1,1,1,1,1,1,1,1,1,1,1,1,1,1,1,1,1,1,1,1,1,1,1,1,1,1,1,1,1,1,1,1,1,1,1,1,1,1,1,1,1,1,1,1,1,1,1,1,1,1,1,1,1,1,1,1,1,1,1,1,1,1,1,1,1,1,1,1,1,0
2026-06-20 08:00:00,24.3395224,0,0,0,0,0,0,0.01807,1.01728166666667,4.13988166666667,5.16803833333333,3.82568166666667,2.72848666666667,2.15050166666667,1.78505833333333,1.61349166666667,0.961528333333333,0.264675,0.119116666666667,0.073935,0.0592983333333333,0.045955,0.0471116666666667,0.0478983333333333,0.0330083333333333,0.02961,0.0192333333333333,0.0169683333333333,0.01987,0.020515,0.0168316666666667,0.01754,0.0114083333333333,0.00980333333333333,0.01256,0.00923166666666667,0.007555,0.00843166666666667,0.00751,0.004265,0.00573,0.004825,0.00324333333333333,0.00110333333333333,0.003885,0.002315,0.00504166666666667,0.00311,0.00291833333333333,0.00137333333333333,0.00182833333333333,0.000435,0.00211833333333333,0.000793333333333333,0.00170833333333333,0.000845,0.000963333333333333,0,0.00160333333333333,0.000538333333333333,0,0.000426666666666667,0.000425,0,0,0,0,0,0,0.000416666666666667,0,0,0,0,0,0,0,0,0,0,1,0,0,0,0,0,0,1,1,1,1,1,1,1,1,1,1,1,1,1,1,1,1,1,1,1,1,1,1,1,1,1,1,1,1,1,1,1,1,1,1,1,1,1,1,1,1,1,1,1,1,1,1,1,1,1,1,1,1,1,1,1,1,1,1,1,1,1,1,1,1,1,1,1,1,1,1,1,1,0
2026-06-20 09:00:00,27.65696135,0,0,0,0,0,0,0.0245933333333333,1.244715,5.07199,6.16312,4.18242166666667,3.01274833333333,2.35640333333333,2.00644166666667,1.757705,0.944266666666667,0.244958333333333,0.114933333333333,0.0644883333333333,0.05011,0.0435866666666667,0.036555,0.0454883333333333,0.0278866666666667,0.0195816666666667,0.0213366666666667,0.0160666666666667,0.0134733333333333,0.0108433333333333,0.00935833333333333,0.014475,0.0118216666666667,0.00830833333333333,0.013305,0.012645,0.00949333333333333,0.00648833333333333,0.00427833333333333,0.002925,0.00264666666666667,0.00612333333333333,0.00236833333333333,0.00479,0.005135,0.00366166666666667,0.003285,0.00405,0.00452833333333333,0.00323333333333333,0.00195333333333333,0.00334333333333333,0.00082,0.00201833333333333,0.00100333333333333,0,0.00129,0.00043,0.000803333333333333,0.000055,0.000853333333333333,0,0.00085,0,0,0.000346666666666667,0.000075,0,0,0,0.000173333333333333,0.00024,0,0,0,0,0,0,0,0,1,0,0,0,0,0,0,1,1,1,1,1,1,1,1,1,1,1,1,1,1,1,1,1,1,1,1,1,1,1,1,1,1,1,1,1,1,1,1,1,1,1,1,1,1,1,1,1,1,1,1,1,1,1,1,1,1,1,1,1,1,1,1,1,1,1,1,1,1,1,1,1,1,1,1,1,1,1,1,0
2026-06-20 10:00:00,34.42234545,0,0,0,0,0,0,0.035,1.59851833333333,6.195695,7.64480833333333,5.21456833333333,3.72348833333333,3.095105,2.79141,1.98000666666667,0.712238333333333,0.296808333333333,0.159733333333333,0.0963733333333333,0.0698466666666667,0.0615066666666667,0.062585,0.0524233333333333,0.0400066666666667,0.0310366666666667,0.0134383333333333,0.0157283333333333,0.0184083333333333,0.0158616666666667,0.017605,0.015465,0.0100633333333333,0.0131633333333333,0.00944166666666667,0.00994833333333333,0.00959666666666667,0.0109066666666667,0.00558666666666667,0.00860833333333333,0.00573,0.00480666666666667,0.00519166666666667,0.00606,0.00821833333333333,0.004945,0.001305,0.00449333333333333,0.002465,0.00254666666666667,0.00356166666666667,0.00171333333333333,0.00082,0.00124833333333333,0.000845,0.001815,0.00129,0,0.000373333333333333,0.000833333333333333,0.000931666666666667,0,0,0.000773333333333333,0.0005,0,0.001265,0,0.001235,0.000435,0.00083,0,0.0000216666666666667,0.0000633333333333333,0.0000683333333333333,0.0000733333333333333,0.0000783333333333333,0.0000833333333333333,0.000025,0,1,0,0,0,0,0,0,1,1,1,1,1,1,1,1,1,1,1,1,1,1,1,1,1,1,1,1,1,1,1,1,1,1,1,1,1,1,1,1,1,1,1,1,1,1,1,1,1,1,1,1,1,1,1,1,1,1,1,1,1,1,1,1,1,1,1,1,1,1,1,1,1,1,1,1,1,1,1,1,0
2026-06-20 11:00:00,43.01045825,0,0,0,0,0,0,0.0347883333333333,1.68726333333333,7.277935,9.39169166666667,6.64433166666667,4.79668333333333,4.022415,3.91253333333333,2.40859666666667,0.88674,0.473995,0.219658333333333,0.149775,0.113596666666667,0.112988333333333,0.0913233333333333,0.07833,0.0552866666666667,0.034335,0.0304416666666667,0.0241483333333333,0.0233016666666667,0.0212633333333333,0.01726,0.0127416666666667,0.0142566666666667,0.00999666666666667,0.0124816666666667,0.00854,0.0108416666666667,0.00612666666666667,0.00801333333333333,0.00513166666666667,0.00352,0.00526333333333333,0.00433166666666667,0.00471666666666667,0.0033,0.004305,0.00264833333333333,0.00339666666666667,0.00293666666666667,0.00323333333333333,0.00498666666666667,0.00202166666666667,0.00041,0.000723333333333333,0.00100333333333333,0.00081,0.00223,0.00100333333333333,0.00106166666666667,0.000055,0.000853333333333333,0.000426666666666667,0.000748333333333333,0.000913333333333333,0.000885,0.000843333333333333,0.000421666666666667,0,0,0,0,0.00155833333333333,0.000593333333333333,0.000253333333333333,0.000273333333333333,0.000293333333333333,0.000313333333333333,0.000333333333333333,0.0001,0,1,0,0,0,0,0,0,1,1,1,1,1,1,1,1,1,1,1,1,1,1,1,1,1,1,1,1,1,1,1,1,1,1,1,1,1,1,1,1,1,1,1,1,1,1,1,1,1,1,1,1,1,1,1,1,1,1,1,1,1,1,1,1,1,1,1,1,1,1,1,1,1,1,1,1,1,1,1,1,0
2026-06-20 12:00:00,46.1017407333333,0,0,0,0,0,0,0.037025,1.97211666666667,7.964155,10.4798716666667,7.49088166666667,5.40593333333333,4.40400166666667,4.223495,2.15791166666667,0.779795,0.40169,0.207135,0.119751666666667,0.100211666666667,0.0912433333333333,0.095585,0.0629333333333333,0.039265,0.0312,0.0319233333333333,0.0236366666666667,0.0211366666666667,0.019155,0.018225,0.0192816666666667,0.01643,0.0107183333333333,0.01218,0.00968833333333333,0.00479833333333333,0.00863333333333333,0.00800166666666667,0.00867333333333333,0.00555666666666667,0.00646,0.00583,0.00652666666666667,0.005665,0.00354333333333333,0.001965,0.001515,0.00279,0.00282666666666667,0.00271,0.00126,0.00164,0.000478333333333333,0.00120666666666667,0.00176166666666667,0.0018,0.000401666666666667,0.000803333333333333,0.000055,0.000855,0.000853333333333333,0,0,0,0.000346666666666667,0.000075,0.00112833333333333,0.00055,0.00147333333333333,0.000608333333333333,0,0.000476666666666667,0.00019,0.000205,0.00022,0.000235,0.00025,0.000075,0,1,0,0,0,0,0,0,1,1,1,1,1,1,1,1,1,1,1,1,1,1,1,1,1,1,1,1,1,1,1,1,1,1,1,1,1,1,1,1,1,1,1,1,1,1,1,1,1,1,1,1,1,1,1,1,1,1,1,1,1,1,1,1,1,1,1,1,1,1,1,1,1,1,1,1,1,1,1,1,0
2026-06-20 13:00:00,50.0078746166667,0,0,0,0,0,0,0.0366116666666667,1.79857833333333,7.99023833333333,11.0030816666667,8.24128666666667,5.982055,5.01572666666667,4.868695,2.54690333333333,0.863403333333333,0.474768333333333,0.242373333333333,0.157345,0.136686666666667,0.107453333333333,0.109591666666667,0.0872733333333333,0.0721483333333333,0.0467166666666667,0.0344933333333333,0.0261216666666667,0.022585,0.0207616666666667,0.02635,0.011145,0.0146066666666667,0.0165466666666667,0.0147533333333333,0.013775,0.0115383333333333,0.00573,0.00639166666666667,0.004495,0.0066,0.00372833333333333,0.002575,0.00228,0.00575166666666667,0.00196666666666667,0.00324666666666667,0.00528333333333333,0.0031,0.00122,0.00306,0.000433333333333333,0.000843333333333333,0.00161,0.000571666666666667,0.00172666666666667,0.001775,0.000805,0.000858333333333333,0.00257,0.000428333333333333,0.000616666666666667,0.00056,0.000951666666666667,0.000385,0.000461666666666667,0.000843333333333333,0.00042,0.000418333333333333,0.000223333333333333,0.000608333333333333,0,0.000151666666666667,0.000443333333333333,0.000476666666666667,0.000511666666666667,0.000548333333333333,0.000585,0.000173333333333333,0,1,0,0,0,0,0,0,1,1,1,1,1,1,1,1,1,1,1,1,1,1,1,1,1,1,1,1,1,1,1,1,1,1,1,1,1,1,1,1,1,1,1,1,1,1,1,1,1,1,1,1,1,1,1,1,1,1,1,1,1,1,1,1,1,1,1,1,1,1,1,1,1,1,1,1,1,1,1,1,0
2026-06-20 14:00:00,52.03400685,0,0,0,0,0,0,0.0331983333333333,1.87659333333333,8.07968333333333,11.4824666666667,8.541025,6.39557833333333,5.38442833333333,5.19035833333333,2.57393333333333,0.930665,0.487776666666667,0.25281,0.16142,0.132248333333333,0.124861666666667,0.130506666666667,0.0785,0.0670816666666667,0.0420433333333333,0.0296416666666667,0.030555,0.02579,0.0277266666666667,0.02261,0.0128516666666667,0.0193733333333333,0.010625,0.01113,0.00794166666666667,0.0100383333333333,0.00635166666666667,0.006135,0.00766166666666667,0.00624666666666667,0.00382833333333333,0.00239833333333333,0.002305,0.004635,0.00253333333333333,0.00345,0.00259666666666667,0.00232,0.00124666666666667,0.003995,0.002125,0.00166333333333333,0.00158666666666667,0.000641666666666667,0.00162,0.00274,0.000975,0.000688333333333333,0.000856666666666667,0.000853333333333333,0.00213333333333333,0,0,0.000846666666666667,0.00126833333333333,0.000566666666666667,0.000696666666666667,0.000418333333333333,0.00105666666666667,0.000608333333333333,0,0.000866666666666667,0.000126666666666667,0.000136666666666667,0.000146666666666667,0.000156666666666667,0.000166666666666667,0.00005,0,1,0,0,0,0,0,0,1,1,1,1,1,1,1,1,1,1,1,1,1,1,1,1,1,1,1,1,1,1,1,1,1,1,1,1,1,1,1,1,1,1,1,1,1,1,1,1,1,1,1,1,1,1,1,1,1,1,1,1,1,1,1,1,1,1,1,1,1,1,1,1,1,1,1,1,1,1,1,1,0
2026-06-20 15:00:00,51.4249590666667,0,0,0,0,0,0,0.0435983333333333,1.81896,7.97641666666667,11.015165,8.32256333333333,6.359705,5.23631333333333,4.98435,2.68557166666667,1.07200666666667,0.555208333333333,0.248951666666667,0.158603333333333,0.134663333333333,0.11509,0.10862,0.0883766666666667,0.0654683333333333,0.0478233333333333,0.031305,0.029435,0.0319483333333333,0.02133,0.0182033333333333,0.0162716666666667,0.0171516666666667,0.0140433333333333,0.0158633333333333,0.0112133333333333,0.00808166666666667,0.00812666666666667,0.00567833333333333,0.00824,0.00652666666666667,0.0058,0.00501,0.00373833333333333,0.00355,0.00627166666666667,0.00271,0.00303333333333333,0.00395166666666667,0.0041,0.00230333333333333,0.00342666666666667,0.00212,0.00288333333333333,0.00125833333333333,0.00185,0.000911666666666667,0.00129,0,0,0,0,0.000646666666666667,0.000203333333333333,0.000385,0.00130666666666667,0,0,0,0.00064,0.000781666666666667,0.000653333333333333,0.000065,0.00019,0.000205,0.00022,0.000235,0.00025,0.000075,0,1,0,0,0,0,0,0,1,1,1,1,1,1,1,1,1,1,1,1,1,1,1,1,1,1,1,1,1,1,1,1,1,1,1,1,1,1,1,1,1,1,1,1,1,1,1,1,1,1,1,1,1,1,1,1,1,1,1,1,1,1,1,1,1,1,1,1,1,1,1,1,1,1,1,1,1,1,1,1,0
2026-06-20 16:00:00,46.0557376666667,0,0,0,0,0,0,0.02657,1.415365,6.71135,10.0646616666667,7.611125,5.69738166666667,4.69401333333333,4.59628166666667,2.588775,1.05029333333333,0.510436666666667,0.245785,0.154645,0.117895,0.121596666666667,0.12053,0.09252,0.069645,0.0482133333333333,0.0326983333333333,0.026535,0.0236683333333333,0.0254916666666667,0.0182333333333333,0.0166433333333333,0.0202583333333333,0.0129683333333333,0.0135,0.008015,0.00995333333333333,0.00690333333333333,0.00875833333333333,0.00785166666666667,0.00464,0.00439166666666667,0.00451333333333333,0.00553,0.003955,0.00276833333333333,0.000435,0.00217,0.00253833333333333,0.0043,0.00314,0.0026,0.00041,0.00254333333333333,0.00309166666666667,0.000431666666666667,0.00086,0.00172,0.00123,0.000911666666666667,0.000426666666666667,0.000853333333333333,0,0.000811666666666667,0.000461666666666667,0,0.000421666666666667,0.00042,0,0.00064,0.000608333333333333,0.00016,0.00034,0.000253333333333333,0.000273333333333333,0.000293333333333333,0.000313333333333333,0.000333333333333333,0.0001,0,1,0,0,0,0,0,0,1,1,1,1,1,1,1,1,1,1,1,1,1,1,1,1,1,1,1,1,1,1,1,1,1,1,1,1,1,1,1,1,1,1,1,1,1,1,1,1,1,1,1,1,1,1,1,1,1,1,1,1,1,1,1,1,1,1,1,1,1,1,1,1,1,1,1,1,1,1,1,1,0
2026-06-20 17:00:00,45.3469084,0,0,0,0,0,0,0.0252983333333333,1.36366666666667,6.51153333333333,9.80448333333333,7.44276833333333,5.442585,4.64587666666667,4.444395,2.607395,1.01001666666667,0.49318,0.224676666666667,0.15605,0.12068,0.103816666666667,0.115955,0.084605,0.061975,0.0427566666666667,0.0365183333333333,0.029775,0.0280316666666667,0.022585,0.0198333333333333,0.0150283333333333,0.01259,0.0107733333333333,0.0130233333333333,0.01047,0.00533333333333333,0.00831666666666667,0.006425,0.00451333333333333,0.00472,0.00404833333333333,0.00475833333333333,0.00614,0.00327,0.00429666666666667,0.00266333333333333,0.00202666666666667,0.00194,0.00252,0.00357666666666667,0.00253833333333333,0.00123,0.000478333333333333,0.00111833333333333,0.000986666666666667,0.001885,0.00160666666666667,0.000428333333333333,0.00138166666666667,0.000755,0.000853333333333333,0.000425,0,0.000423333333333333,0,0.000705,0.000426666666666667,0.000131666666666667,0,0.000415,0,0.000108333333333333,0.000316666666666667,0.00034,0.000365,0.000391666666666667,0.000418333333333333,0.000123333333333333,0,1,0,0,0,0,0,0,1,1,1,1,1,1,1,1,1,1,1,1,1,1,1,1,1,1,1,1,1,1,1,1,1,1,1,1,1,1,1,1,1,1,1,1,1,1,1,1,1,1,1,1,1,1,1,1,1,1,1,1,1,1,1,1,1,1,1,1,1,1,1,1,1,1,1,1,1,1,1,1,0
2026-06-20 18:00:00,54.4424021016949,0,0,0,0,0,0,0.0282135593220339,1.74519152542373,8.00227288135593,11.872793220339,8.90778644067797,6.64686610169491,5.45117966101695,5.03021016949153,3.00243898305085,1.24703559322034,0.617816949152542,0.2823,0.201408474576271,0.144057627118644,0.122374576271186,0.137118644067797,0.117269491525424,0.0823338983050848,0.0528491525423729,0.0438915254237288,0.0438728813559322,0.0349762711864407,0.0271423728813559,0.0314796610169491,0.0236254237288136,0.0224305084745763,0.0137779661016949,0.0167898305084746,0.0147389830508475,0.0112610169491525,0.00963050847457627,0.0131389830508475,0.00810508474576271,0.00459322033898305,0.00601186440677966,0.0046135593220339,0.00409491525423729,0.0048728813559322,0.00497118644067797,0.00515084745762712,0.00566779661016949,0.00167796610169492,0.00256271186440678,0.00437457627118644,0.00495084745762712,0.00382372881355932,0.00309661016949153,0.00243559322033898,0.00246271186440678,0.00131186440677966,0.00104915254237288,0.00140169491525424,0.00121694915254237,0.000689830508474576,0.000627118644067797,0.000240677966101695,0.000432203389830508,0.000430508474576271,0.000783050847457627,0.000076271186440678,0,0,0.000423728813559322,0.000844067796610169,0,0.000440677966101695,0.0000644067796610169,0.0000694915254237288,0.0000745762711864407,0.0000796610169491525,0.0000847457627118644,0.0000254237288135593,0,1,0,0,0,0,0,0,1,1,1,1,1,1,1,1,1,1,1,1,1,1,1,1,1,1,1,1,1,1,1,1,1,1,1,1,1,1,1,1,1,1,1,1,1,1,1,1,1,1,1,1,1,1,1,1,1,1,1,1,1,1,1,1,1,1,1,1,1,1,1,1,1,1,1,1,1,1,1,1,0
2026-06-20 19:00:00,87.9418867,0,0,0,0,0,0,0.0588033333333333,3.22823333333333,14.550195,20.4032233333333,14.6518816666667,10.4456016666667,8.25139833333333,6.93338833333333,4.19427333333333,1.75445333333333,0.822546666666667,0.377851666666667,0.243195,0.192825,0.167128333333333,0.178558333333333,0.164985,0.129426666666667,0.101725,0.0697766666666667,0.0670966666666667,0.0552466666666667,0.0473583333333333,0.0501783333333333,0.0402166666666667,0.035955,0.0362883333333333,0.0282316666666667,0.0292966666666667,0.022685,0.0200433333333333,0.01793,0.020055,0.0128333333333333,0.01444,0.007945,0.00711166666666667,0.00662666666666667,0.00553166666666667,0.00573166666666667,0.00694666666666667,0.00610833333333333,0.00644333333333333,0.00547,0.00435833333333333,0.00547,0.00286,0.00193666666666667,0.00253666666666667,0.00182833333333333,0.00209333333333333,0.00043,0.000603333333333333,0.000678333333333333,0.000853333333333333,0.00085,0.00204833333333333,0.000921666666666667,0.000421666666666667,0.00154833333333333,0.00139833333333333,0.000816666666666667,0.0000183333333333333,0.000415,0,0.000108333333333333,0.000316666666666667,0.000341666666666667,0.000366666666666667,0.000391666666666667,0.000416666666666667,0.000125,0,1,0,0,0,0,0,0,1,1,1,1,1,1,1,1,1,1,1,1,1,1,1,1,1,1,1,1,1,1,1,1,1,1,1,1,1,1,1,1,1,1,1,1,1,1,1,1,1,1,1,1,1,1,1,1,1,1,1,1,1,1,1,1,1,1,1,1,1,1,1,1,1,1,1,1,1,1,1,1,0
2026-06-20 20:00:00,71.8654017,0,0,0,0,0,0,0.0439133333333333,2.73022666666667,11.8606133333333,16.3207716666667,11.809395,8.50815333333333,6.89491,5.87712333333333,3.93478833333333,1.61939833333333,0.796931666666667,0.368813333333333,0.23772,0.175126666666667,0.156423333333333,0.165063333333333,0.158085,0.109566666666667,0.0920466666666667,0.0654566666666667,0.0643466666666667,0.0550933333333333,0.0481633333333333,0.057875,0.036065,0.0415083333333333,0.034435,0.0272083333333333,0.029715,0.0254433333333333,0.0244766666666667,0.0186333333333333,0.0204683333333333,0.0147933333333333,0.0111716666666667,0.00911833333333333,0.00681166666666667,0.008775,0.00752166666666667,0.00855833333333333,0.00709,0.00732333333333333,0.00681833333333333,0.00468666666666667,0.00548833333333333,0.00214333333333333,0.00288166666666667,0.00384833333333333,0.00438666666666667,0.00139333333333333,0.00086,0.00332333333333333,0.000966666666666667,0.000428333333333333,0.00166,0.00122166666666667,0.000913333333333333,0.00130833333333333,0.000346666666666667,0.00120166666666667,0.000138333333333333,0,0.000446666666666667,0.000975,0.00024,0.000108333333333333,0.000316666666666667,0.000341666666666667,0.000366666666666667,0.000391666666666667,0.000416666666666667,0.000125,0,1,0,0,0,0,0,0,1,1,1,1,1,1,1,1,1,1,1,1,1,1,1,1,1,1,1,1,1,1,1,1,1,1,1,1,1,1,1,1,1,1,1,1,1,1,1,1,1,1,1,1,1,1,1,1,1,1,1,1,1,1,1,1,1,1,1,1,1,1,1,1,1,1,1,1,1,1,1,1,0
2026-06-20 21:00:00,72.01129285,0,0,0,0,0,0,0.03733,2.119495,10.23188,14.94775,11.4400683333333,8.72207833333333,7.2447,6.31360166666667,4.449995,1.99642166666667,0.98038,0.483718333333333,0.306248333333333,0.245598333333333,0.213115,0.221,0.19825,0.1375,0.105995,0.0836733333333333,0.0738666666666667,0.0625083333333333,0.05722,0.0689083333333333,0.0453566666666667,0.045475,0.0293716666666667,0.0333383333333333,0.0272516666666667,0.02445,0.02265,0.02402,0.0196883333333333,0.01364,0.01314,0.00905833333333333,0.009605,0.006505,0.00509833333333333,0.00726166666666667,0.00715166666666667,0.00877,0.00641833333333333,0.00474333333333333,0.00590333333333333,0.00421666666666667,0.002765,0.00321333333333333,0.00295,0.00445666666666667,0.000686666666666667,0.00317833333333333,0.000603333333333333,0.001535,0,0.00234666666666667,0.000203333333333333,0,0.00077,0.000075,0,0,0.000223333333333333,0.000193333333333333,0.000413333333333333,0.000065,0.00019,0.000205,0.00022,0.000235,0.00025,0.000075,0,1,0,0,0,0,0,0,1,1,1,1,1,1,1,1,1,1,1,1,1,1,1,1,1,1,1,1,1,1,1,1,1,1,1,1,1,1,1,1,1,1,1,1,1,1,1,1,1,1,1,1,1,1,1,1,1,1,1,1,1,1,1,1,1,1,1,1,1,1,1,1,1,1,1,1,1,1,1,1,0
2026-06-20 22:00:00,72.2641039,0,0,0,0,0,0,0.0341033333333333,2.11021333333333,9.99899666666667,14.9571466666667,11.6039466666667,8.93785666666667,7.36360833333333,6.61227833333333,4.854095,2.18097333333333,1.04571666666667,0.530413333333333,0.34834,0.261705,0.232751666666667,0.231015,0.228403333333333,0.163618333333333,0.107346666666667,0.083705,0.0724,0.071115,0.060585,0.0508316666666667,0.04579,0.0440683333333333,0.03744,0.0379916666666667,0.02952,0.0270833333333333,0.0222516666666667,0.0176833333333333,0.0142166666666667,0.0171216666666667,0.0116133333333333,0.0127316666666667,0.00878,0.00653666666666667,0.00816666666666667,0.00807666666666667,0.006865,0.00706833333333333,0.00590833333333333,0.00581166666666667,0.00509666666666667,0.00344166666666667,0.00317333333333333,0.001575,0.00162,0.00276666666666667,0.00163666666666667,0.00252166666666667,0.00194333333333333,0.000678333333333333,0.000616666666666667,0.000236666666666667,0.000773333333333333,0.00173166666666667,0.00123166666666667,0.000496666666666667,0.00042,0.000398333333333333,0.0000183333333333333,0.000415,0.000413333333333333,0.00013,0.00038,0.00041,0.00044,0.00047,0.0005,0.00015,0,1,0,0,0,0,0,0,1,1,1,1,1,1,1,1,1,1,1,1,1,1,1,1,1,1,1,1,1,1,1,1,1,1,1,1,1,1,1,1,1,1,1,1,1,1,1,1,1,1,1,1,1,1,1,1,1,1,1,1,1,1,1,1,1,1,1,1,1,1,1,1,1,1,1,1,1,1,1,1,0
2026-06-20 23:00:00,89.8776247666667,0,0,0,0,0,0,0.041425,2.44774166666667,11.6387316666667,17.5292716666667,14.0504916666667,10.824485,9.18683333333333,8.08633,6.36182666666667,3.33792333333333,1.74528833333333,0.868836666666667,0.514108333333333,0.381493333333333,0.311633333333333,0.344313333333333,0.285028333333333,0.212386666666667,0.151351666666667,0.114565,0.113891666666667,0.0906,0.0660783333333333,0.0694483333333333,0.04778,0.0466366666666667,0.0359383333333333,0.0402433333333333,0.0354433333333333,0.0303583333333333,0.028915,0.02621,0.019405,0.0116016666666667,0.009305,0.00910166666666667,0.0101683333333333,0.00880833333333333,0.00944333333333333,0.00612,0.00672666666666667,0.005545,0.00578166666666667,0.00334833333333333,0.0051,0.00246,0.00226333333333333,0.00440166666666667,0.000696666666666667,0.001375,0.001635,0.000746666666666667,0.000713333333333333,0.000251666666666667,0.000426666666666667,0.000425,0.000811666666666667,0.000846666666666667,0.00122833333333333,0.000496666666666667,0,0,0.000833333333333333,0.000415,0,0.000476666666666667,0.00019,0.000205,0.00022,0.000235,0.00025,0.000075,0,1,0,0,0,0,0,0,1,1,1,1,1,1,1,1,1,1,1,1,1,1,1,1,1,1,1,1,1,1,1,1,1,1,1,1,1,1,1,1,1,1,1,1,1,1,1,1,1,1,1,1,1,1,1,1,1,1,1,1,1,1,1,1,1,1,1,1,1,1,1,1,1,1,1,1,1,1,1,1,0
2026-06-21,89.5689995333333,0,0,0,0,0,0,0.0423733333333333,2.468145,11.7943866666667,17.6705266666667,13.8343233333333,10.599415,9.02611666666667,8.04048,6.57299833333333,3.63770833333333,1.84173833333333,0.870981666666667,0.510243333333333,0.378985,0.305003333333333,0.303215,0.279496666666667,0.210063333333333,0.180861666666667,0.12139,0.095425,0.0830233333333333,0.0798566666666667,0.068505,0.0549683333333333,0.0499633333333333,0.0431266666666667,0.040235,0.0265633333333333,0.0322216666666667,0.023805,0.0247816666666667,0.016425,0.01491,0.014455,0.00888166666666667,0.0071,0.00669333333333333,0.00715,0.00929166666666667,0.00346333333333333,0.00474833333333333,0.00412,0.00543166666666667,0.00297333333333333,0.00164,0.00204166666666667,0.00125833333333333,0.00303833333333333,0.00190333333333333,0.00126166666666667,0.00165833333333333,0.001515,0.00153333333333333,0.00147,0.00130833333333333,0.000628333333333333,0.000385,0.0000383333333333333,0.000283333333333333,0.000426666666666667,0.000131666666666667,0.000223333333333333,0.000608333333333333,0.00032,0.000593333333333333,0.000253333333333333,0.000273333333333333,0.000293333333333333,0.000313333333333333,0.000333333333333333,0.0001,0,1,0,0,0,0,0,0,1,1,1,1,1,1,1,1,1,1,1,1,1,1,1,1,1,1,1,1,1,1,1,1,1,1,1,1,1,1,1,1,1,1,1,1,1,1,1,1,1,1,1,1,1,1,1,1,1,1,1,1,1,1,1,1,1,1,1,1,1,1,1,1,1,1,1,1,1,1,1,1,0
2026-06-21 01:00:00,73.1724725,0,0,0,0,0,0,0.0376666666666667,2.01630333333333,9.737785,14.5333,11.17095,8.68010666666667,7.367195,6.58449,5.29618666666667,2.74981333333333,1.40626166666667,0.657023333333333,0.395383333333333,0.291973333333333,0.269456666666667,0.229848333333333,0.236941666666667,0.176398333333333,0.11585,0.111915,0.0752983333333333,0.0717833333333333,0.0579916666666667,0.062175,0.0332133333333333,0.0510016666666667,0.0445866666666667,0.02984,0.027045,0.0231083333333333,0.0266733333333333,0.0215466666666667,0.0185033333333333,0.0140466666666667,0.0105266666666667,0.0101533333333333,0.00901333333333333,0.006255,0.0103416666666667,0.00981833333333333,0.00426,0.00453166666666667,0.00448,0.00534833333333333,0.00476833333333333,0.00506,0.002765,0.00294,0.002915,0.00185166666666667,0.00100333333333333,0.000686666666666667,0.00103166666666667,0.000251666666666667,0.00019,0.000985,0.000488333333333333,0.000423333333333333,0.000881666666666667,0,0.00042,0,0.00064,0.000193333333333333,0,0.0000216666666666667,0.0000633333333333333,0.0000683333333333333,0.0000733333333333333,0.0000783333333333333,0.0000833333333333333,0.000025,0,1,0,0,0,0,0,0,1,1,1,1,1,1,1,1,1,1,1,1,1,1,1,1,1,1,1,1,1,1,1,1,1,1,1,1,1,1,1,1,1,1,1,1,1,1,1,1,1,1,1,1,1,1,1,1,1,1,1,1,1,1,1,1,1,1,1,1,1,1,1,1,1,1,1,1,1,1,1,1,0
2026-06-21 02:00:00,78.65525195,0,0,0,0,0,0,0.0414816666666667,2.34602666666667,10.8616716666667,15.6818733333333,12.0203333333333,9.17880166666667,7.93910333333333,7.01602666666667,5.66548833333333,3.00981833333333,1.52628666666667,0.739306666666667,0.461271666666667,0.321885,0.296486666666667,0.269378333333333,0.251535,0.172156666666667,0.139831666666667,0.111896666666667,0.0967466666666667,0.0872233333333333,0.067425,0.0634233333333333,0.0433416666666667,0.04865,0.043685,0.0283483333333333,0.03003,0.0243483333333333,0.0203816666666667,0.0182816666666667,0.0143033333333333,0.0122233333333333,0.009755,0.010165,0.00632166666666667,0.006385,0.00495166666666667,0.007395,0.00628833333333333,0.00413166666666667,0.00519333333333333,0.00627166666666667,0.00557333333333333,0.00287,0.00419833333333333,0.00262333333333333,0.002605,0.001445,0.00146166666666667,0.00106166666666667,0.000911666666666667,0.00128166666666667,0.00170666666666667,0,0.00166166666666667,0.0000383333333333333,0.000421666666666667,0.000421666666666667,0,0,0,0.000173333333333333,0.0004,0.000275,0.0000633333333333333,0.0000683333333333333,0.0000733333333333333,0.0000783333333333333,0.0000833333333333333,0.000025,0,1,0,0,0,0,0,0,1,1,1,1,1,1,1,1,1,1,1,1,1,1,1,1,1,1,1,1,1,1,1,1,1,1,1,1,1,1,1,1,1,1,1,1,1,1,1,1,1,1,1,1,1,1,1,1,1,1,1,1,1,1,1,1,1,1,1,1,1,1,1,1,1,1,1,1,1,1,1,1,0
2026-06-21 03:00:00,84.9431339333333,0,0,0,0,0,0,0.0461533333333333,2.74659833333333,12.0398983333333,16.6878816666667,12.7972933333333,9.84427166666667,8.39524,7.52606666666667,6.306025,3.15581,1.56082666666667,0.77422,0.486885,0.343271666666667,0.29716,0.28466,0.253241666666667,0.190218333333333,0.14974,0.104498333333333,0.0894683333333333,0.0825333333333333,0.0758683333333333,0.0638916666666667,0.0397966666666667,0.0488316666666667,0.0445916666666667,0.037455,0.0338083333333333,0.0313983333333333,0.019415,0.0186033333333333,0.016665,0.0137933333333333,0.00964333333333333,0.00905833333333333,0.0111066666666667,0.00610333333333333,0.00727333333333333,0.00762666666666667,0.00839333333333333,0.006485,0.00753833333333333,0.00591833333333333,0.006375,0.00168666666666667,0.00422333333333333,0.00221,0.00219333333333333,0.00134166666666667,0.00111666666666667,0.00215333333333333,0.000595,0.00128166666666667,0,0.00117333333333333,0.000526666666666667,0.000846666666666667,0.000421666666666667,0,0.00183666666666667,0.000263333333333333,0,0,0,0.0000433333333333333,0.000126666666666667,0.000136666666666667,0.000146666666666667,0.000156666666666667,0.000166666666666667,0.00005,0,1,0,0,0,0,0,0,1,1,1,1,1,1,1,1,1,1,1,1,1,1,1,1,1,1,1,1,1,1,1,1,1,1,1,1,1,1,1,1,1,1,1,1,1,1,1,1,1,1,1,1,1,1,1,1,1,1,1,1,1,1,1,1,1,1,1,1,1,1,1,1,1,1,1,1,1,1,1,1,0
2026-06-21 04:00:00,87.4411282833333,0,0,0,0,0,0,0.0405816666666667,2.77417833333333,12.3145333333333,17.292885,13.1131433333333,10.0215316666667,8.737835,7.809815,6.65389333333333,3.15563333333333,1.56211,0.750433333333333,0.441808333333333,0.329403333333333,0.266216666666667,0.265216666666667,0.247045,0.182031666666667,0.147888333333333,0.103946666666667,0.0815033333333333,0.08128,0.0701516666666667,0.0500016666666667,0.0387866666666667,0.0460883333333333,0.0428433333333333,0.037765,0.03571,0.0250333333333333,0.02328,0.0169416666666667,0.016335,0.0156266666666667,0.011705,0.0105716666666667,0.00680166666666667,0.00812333333333333,0.00582333333333333,0.00666333333333333,0.00700833333333333,0.00631,0.00476,0.00583833333333333,0.00427333333333333,0.00380666666666667,0.002905,0.000571666666666667,0.000863333333333333,0.00217833333333333,0.00272333333333333,0.001865,0.00199833333333333,0.00110666666666667,0.000806666666666667,0.000473333333333333,0.000773333333333333,0.000461666666666667,0.000885,0,0,0,0,0,0,0.0000433333333333333,0.000126666666666667,0.000136666666666667,0.000146666666666667,0.000156666666666667,0.000166666666666667,0.00005,0,1,0,0,0,0,0,0,1,1,1,1,1,1,1,1,1,1,1,1,1,1,1,1,1,1,1,1,1,1,1,1,1,1,1,1,1,1,1,1,1,1,1,1,1,1,1,1,1,1,1,1,1,1,1,1,1,1,1,1,1,1,1,1,1,1,1,1,1,1,1,1,1,1,1,1,1,1,1,1,0
2026-06-21 05:00:00,92.3096707666667,0,0,0,0,0,0,0.0422983333333333,2.88951166666667,12.716655,17.9102233333333,13.9357,10.9272333333333,9.55451833333333,8.67280166666667,7.36730833333333,3.46427666666667,1.62362666666667,0.832828333333333,0.513531666666667,0.340075,0.317183333333333,0.27754,0.244966666666667,0.180043333333333,0.13956,0.118043333333333,0.0847683333333333,0.0875533333333333,0.0629616666666667,0.0583666666666667,0.0483433333333333,0.04731,0.0366433333333333,0.0358233333333333,0.0350066666666667,0.029275,0.0223066666666667,0.0172416666666667,0.0190416666666667,0.01258,0.0150916666666667,0.00995833333333333,0.00869166666666667,0.00753166666666667,0.01167,0.00869166666666667,0.00839666666666667,0.00646833333333333,0.00537333333333333,0.00366,0.00377666666666667,0.00337333333333333,0.00394333333333333,0.00292166666666667,0.00127666666666667,0.00182333333333333,0.00103166666666667,0.00106166666666667,0.0028,0.00068,0.00104333333333333,0.001835,0.000488333333333333,0.000846666666666667,0.000885,0.000566666666666667,0.000276666666666667,0,0,0,0,0.000065,0.00019,0.000203333333333333,0.000218333333333333,0.000235,0.000251666666666667,0.0000733333333333333,0,1,0,0,0,0,0,0,1,1,1,1,1,1,1,1,1,1,1,1,1,1,1,1,1,1,1,1,1,1,1,1,1,1,1,1,1,1,1,1,1,1,1,1,1,1,1,1,1,1,1,1,1,1,1,1,1,1,1,1,1,1,1,1,1,1,1,1,1,1,1,1,1,1,1,1,1,1,1,1,0
2026-06-21 06:00:00,95.7002669666667,0,0,0,0,0,0,0.04888,2.89109333333333,12.7746133333333,18.1905783333333,14.16456,11.3712283333333,10.13964,9.365285,7.81451833333333,3.60895833333333,1.76485,0.849883333333333,0.51369,0.372725,0.296605,0.264615,0.24577,0.191288333333333,0.127508333333333,0.0947833333333333,0.0802916666666667,0.0677283333333333,0.066415,0.0579166666666667,0.0496816666666667,0.0525683333333333,0.03313,0.0286883333333333,0.0240166666666667,0.0274983333333333,0.027765,0.0170316666666667,0.014125,0.01185,0.0119366666666667,0.012255,0.00965166666666667,0.00927,0.00763833333333333,0.00706,0.00433333333333333,0.00513,0.006235,0.00298,0.00462166666666667,0.00250666666666667,0.00252,0.00428,0.00314333333333333,0.00137,0.00212166666666667,0.000373333333333333,0.00194333333333333,0.00110666666666667,0.000853333333333333,0.000425,0.00123666666666667,0.000461666666666667,0,0,0,0,0.000416666666666667,0,0,0.000108333333333333,0.000316666666666667,0.000341666666666667,0.000366666666666667,0.000391666666666667,0.000416666666666667,0.000125,0,1,0,0,0,0,0,0,1,1,1,1,1,1,1,1,1,1,1,1,1,1,1,1,1,1,1,1,1,1,1,1,1,1,1,1,1,1,1,1,1,1,1,1,1,1,1,1,1,1,1,1,1,1,1,1,1,1,1,1,1,1,1,1,1,1,1,1,1,1,1,1,1,1,1,1,1,1,1,1,0
2026-06-21 07:00:00,90.8894018666667,0,0,0,0,0,0,0.0444733333333333,2.525515,11.7962233333333,17.174855,13.4354683333333,10.7995366666667,9.67977,9.207955,7.73364666666667,3.05861666666667,1.58713166666667,0.758566666666667,0.460593333333333,0.317571666666667,0.289363333333333,0.271148333333333,0.237405,0.159535,0.12558,0.0884683333333333,0.0769066666666667,0.0712566666666667,0.0522016666666667,0.0559866666666667,0.0485133333333333,0.0454983333333333,0.0318016666666667,0.0391466666666667,0.0234466666666667,0.0292016666666667,0.0194883333333333,0.0222633333333333,0.0183116666666667,0.015835,0.0149883333333333,0.010845,0.00783166666666667,0.00772,0.0115583333333333,0.00692166666666667,0.00346,0.00427833333333333,0.00684666666666667,0.00501,0.00383833333333333,0.00376,0.00379166666666667,0.00184833333333333,0.00338166666666667,0.001445,0.00103166666666667,0.00272166666666667,0.00011,0.000426666666666667,0.00128,0,0,0,0.00119,0.001485,0.000696666666666667,0.001215,0.0000366666666666667,0.000415,0,0.000065,0.00019,0.000205,0.00022,0.000235,0.00025,0.000075,0,1,0,0,0,0,0,0,1,1,1,1,1,1,1,1,1,1,1,1,1,1,1,1,1,1,1,1,1,1,1,1,1,1,1,1,1,1,1,1,1,1,1,1,1,1,1,1,1,1,1,1,1,1,1,1,1,1,1,1,1,1,1,1,1,1,1,1,1,1,1,1,1,1,1,1,1,1,1,1,0
2026-06-21 08:00:00,116.12761325,0,0,0,0,0,0,0.056,2.764655,13.5010666666667,20.7172066666667,16.8093066666667,13.5958333333333,12.57611,12.851415,11.3725783333333,4.05792166666667,2.239725,1.12897333333333,0.695965,0.540141666666667,0.483281666666667,0.46831,0.403763333333333,0.237015,0.151498333333333,0.117146666666667,0.0926616666666667,0.0820766666666667,0.0669233333333333,0.068585,0.0574466666666667,0.0599133333333333,0.0449633333333333,0.0401366666666667,0.0377183333333333,0.03159,0.02783,0.0237933333333333,0.0173983333333333,0.0101233333333333,0.01314,0.0112516666666667,0.00977666666666667,0.0132283333333333,0.00685166666666667,0.00899666666666667,0.004975,0.00514666666666667,0.00468166666666667,0.00439333333333333,0.00452,0.00164,0.00295166666666667,0.003435,0.00429666666666667,0.00185166666666667,0.00169166666666667,0.000803333333333333,0.00348166666666667,0.000426666666666667,0.00147,0.000236666666666667,0.000425,0.00169333333333333,0,0,0.000576666666666667,0.000263333333333333,0,0.000588333333333333,0.00024,0.000065,0.00019,0.000205,0.00022,0.000235,0.00025,0.000075,0,1,0,0,0,0,0,0,1,1,1,1,1,1,1,1,1,1,1,1,1,1,1,1,1,1,1,1,1,1,1,1,1,1,1,1,1,1,1,1,1,1,1,1,1,1,1,1,1,1,1,1,1,1,1,1,1,1,1,1,1,1,1,1,1,1,1,1,1,1,1,1,1,1,1,1,1,1,1,1,0
2026-06-21 09:00:00,153.880912333333,0,0,0,0,0,0,0.0558683333333333,3.27180666666667,16.71471,26.1536066666667,21.2415883333333,17.4651483333333,16.6191183333333,17.78548,16.759475,5.83504666666667,3.452465,1.807615,1.20145166666667,1.01075,0.909511666666667,0.95298,0.766161666666667,0.374558333333333,0.238615,0.1487,0.119191666666667,0.0983116666666667,0.0746666666666667,0.077105,0.0582883333333333,0.0586466666666667,0.05109,0.044945,0.04082,0.0365683333333333,0.0349083333333333,0.0293833333333333,0.0209766666666667,0.01705,0.0169766666666667,0.014865,0.0140433333333333,0.009685,0.00910833333333333,0.0104466666666667,0.00789,0.00808,0.00840166666666667,0.00486833333333333,0.00662333333333333,0.00248333333333333,0.00336166666666667,0.00410333333333333,0.00251,0.00346833333333333,0.00169166666666667,0.00209166666666667,0.000833333333333333,0.00135666666666667,0,0.00085,0.00201,0.000923333333333333,0.00122833333333333,0.000496666666666667,0.00042,0,0,0.000415,0,0.000888333333333333,0.00019,0.000203333333333333,0.000218333333333333,0.000235,0.000251666666666667,0.0000733333333333333,0,1,0,0,0,0,0,0,1,1,1,1,1,1,1,1,1,1,1,1,1,1,1,1,1,1,1,1,1,1,1,1,1,1,1,1,1,1,1,1,1,1,1,1,1,1,1,1,1,1,1,1,1,1,1,1,1,1,1,1,1,1,1,1,1,1,1,1,1,1,1,1,1,1,1,1,1,1,1,1,0
2026-06-21 10:00:00,178.26566495,0,0,0,0,0,0,0.055085,3.81891,19.2765566666667,30.5248683333333,24.978585,21.0677116666667,20.0559483333333,21.4326916666667,19.364065,6.30500166666667,3.52128166666667,1.80894,1.15208333333333,0.882498333333333,0.766641666666667,0.749318333333333,0.582796666666667,0.307973333333333,0.18885,0.135458333333333,0.110436666666667,0.100255,0.0728616666666667,0.07999,0.0553383333333333,0.0603916666666667,0.05341,0.0480383333333333,0.033125,0.0340466666666667,0.035385,0.03066,0.0261883333333333,0.0204966666666667,0.0135833333333333,0.0101066666666667,0.0117266666666667,0.00936333333333333,0.00766333333333333,0.0103466666666667,0.00548833333333333,0.00542166666666667,0.00631666666666667,0.00364166666666667,0.00221166666666667,0.00458,0.00218166666666667,0.00257166666666667,0.003865,0.00139333333333333,0.00043,0.00171666666666667,0.000175,0.00110666666666667,0.00123333333333333,0.00132333333333333,0.000811666666666667,0.0000383333333333333,0.000346666666666667,0.000075,0.000708333333333333,0.000968333333333333,0.000833333333333333,0.000173333333333333,0.0004,0.000318333333333333,0.00019,0.000205,0.00022,0.000235,0.00025,0.000075,0,1,0,0,0,0,0,0,1,1,1,1,1,1,1,1,1,1,1,1,1,1,1,1,1,1,1,1,1,1,1,1,1,1,1,1,1,1,1,1,1,1,1,1,1,1,1,1,1,1,1,1,1,1,1,1,1,1,1,1,1,1,1,1,1,1,1,1,1,1,1,1,1,1,1,1,1,1,1,1,0
2026-06-21 11:00:00,176.684995333333,0,0,0,0,0,0,0.08651,4.77644166666667,23.2399283333333,35.0157833333333,27.0117666666667,21.19695,19.0298383333333,19.4098516666667,16.1269083333333,4.66853166666667,2.50467,1.24192666666667,0.74615,0.583875,0.541426666666667,0.53549,0.394795,0.21002,0.144156666666667,0.0916066666666667,0.092465,0.0748583333333333,0.0581966666666667,0.04665,0.0525266666666667,0.0443783333333333,0.0441733333333333,0.0311283333333333,0.0359066666666667,0.0276866666666667,0.0169983333333333,0.017945,0.0200533333333333,0.0135633333333333,0.0121533333333333,0.00906333333333333,0.008015,0.00628666666666667,0.005705,0.00548333333333333,0.00433333333333333,0.00761166666666667,0.00264666666666667,0.00539333333333333,0.00340833333333333,0.00417,0.00365166666666667,0.00191833333333333,0.00138333333333333,0.000486666666666667,0.00123333333333333,0.000746666666666667,0.00114166666666667,0.001535,0.000426666666666667,0.000425,0.00123666666666667,0.000461666666666667,0,0.00112666666666667,0.000138333333333333,0.000816666666666667,0.000241666666666667,0.00102333333333333,0,0.000108333333333333,0.000316666666666667,0.000341666666666667,0.000366666666666667,0.000391666666666667,0.000416666666666667,0.000125,0,1,0,0,0,0,0,0,1,1,1,1,1,1,1,1,1,1,1,1,1,1,1,1,1,1,1,1,1,1,1,1,1,1,1,1,1,1,1,1,1,1,1,1,1,1,1,1,1,1,1,1,1,1,1,1,1,1,1,1,1,1,1,1,1,1,1,1,1,1,1,1,1,1,1,1,1,1,1,1,0
2026-06-21 12:00:00,136.376365633333,0,0,0,0,0,0,0.107971666666667,5.118935,22.7976666666667,30.0040383333333,21.3337416666667,15.3786183333333,12.8157716666667,12.3384,9.28101833333333,2.72788666666667,1.29637,0.617265,0.37035,0.284598333333333,0.246835,0.248528333333333,0.181405,0.123678333333333,0.0772583333333333,0.0623283333333333,0.0579666666666667,0.0533666666666667,0.0420066666666667,0.0391233333333333,0.03144,0.03443,0.0345666666666667,0.0249433333333333,0.019185,0.022455,0.0146533333333333,0.014255,0.014345,0.015745,0.00952166666666667,0.00600666666666667,0.0072,0.00746833333333333,0.00656166666666667,0.00493166666666667,0.00731166666666667,0.00542,0.00506833333333333,0.00406333333333333,0.00297166666666667,0.00296333333333333,0.00306833333333333,0.00241333333333333,0.000608333333333333,0.000945,0.00180833333333333,0.000688333333333333,0.001285,0.000428333333333333,0.000853333333333333,0.001275,0.00085,0.000808333333333333,0.000883333333333333,0.000703333333333333,0.000138333333333333,0.000398333333333333,0.000435,0.00166,0.000413333333333333,0.000476666666666667,0.00019,0.000205,0.00022,0.000235,0.00025,0.000075,0,1,0,0,0,0,0,0,1,1,1,1,1,1,1,1,1,1,1,1,1,1,1,1,1,1,1,1,1,1,1,1,1,1,1,1,1,1,1,1,1,1,1,1,1,1,1,1,1,1,1,1,1,1,1,1,1,1,1,1,1,1,1,1,1,1,1,1,1,1,1,1,1,1,1,1,1,1,1,1,0
2026-06-21 13:00:00,125.6325951,0,0,0,0,0,0,0.144283333333333,6.45570166666667,24.107345,28.6031533333333,19.2989066666667,13.6279433333333,11.0263083333333,10.02979,7.50314833333333,2.10005333333333,0.907975,0.448275,0.260873333333333,0.19652,0.15681,0.168511666666667,0.128258333333333,0.09197,0.05686,0.0431083333333333,0.0441383333333333,0.0361916666666667,0.0276833333333333,0.0367916666666667,0.0200016666666667,0.0201333333333333,0.0210783333333333,0.0219216666666667,0.0206366666666667,0.0149733333333333,0.0112933333333333,0.0133866666666667,0.0121366666666667,0.0126933333333333,0.00667833333333333,0.00388333333333333,0.00489666666666667,0.00441833333333333,0.00607666666666667,0.00534333333333333,0.00491333333333333,0.00382333333333333,0.00377,0.00272166666666667,0.00089,0.00248333333333333,0.00249666666666667,0.000571666666666667,0.00162,0.000963333333333333,0.00120333333333333,0.00089,0.001515,0.00110666666666667,0.00104333333333333,0.00130833333333333,0.00105333333333333,0.000423333333333333,0,0.000421666666666667,0,0,0,0,0.000413333333333333,0.000065,0.00019,0.000203333333333333,0.000218333333333333,0.000235,0.000251666666666667,0.0000733333333333333,0,1,0,0,0,0,0,0,1,1,1,1,1,1,1,1,1,1,1,1,1,1,1,1,1,1,1,1,1,1,1,1,1,1,1,1,1,1,1,1,1,1,1,1,1,1,1,1,1,1,1,1,1,1,1,1,1,1,1,1,1,1,1,1,1,1,1,1,1,1,1,1,1,1,1,1,1,1,1,1,0
2026-06-21 14:00:00,133.61510655,0,0,0,0,0,0,0.130596666666667,6.17003666666667,24.727535,30.6094916666667,21.112075,14.7170533333333,11.8740616666667,10.5741233333333,8.06346666666667,2.38333833333333,1.04668666666667,0.469491666666667,0.288041666666667,0.203746666666667,0.180536666666667,0.178185,0.14902,0.0886616666666667,0.0695733333333333,0.0455383333333333,0.0459166666666667,0.0388483333333333,0.0278316666666667,0.0259866666666667,0.02563,0.026015,0.017565,0.0147133333333333,0.0121983333333333,0.0112783333333333,0.00862666666666667,0.011775,0.00794,0.00915666666666667,0.00898833333333333,0.00365166666666667,0.0042,0.00740833333333333,0.00470333333333333,0.00427166666666667,0.00411666666666667,0.00380666666666667,0.0028,0.00277833333333333,0.00334166666666667,0.00376,0.000571666666666667,0.00215833333333333,0.000431666666666667,0.00260833333333333,0.00126166666666667,0.000801666666666667,0.00194333333333333,0.000678333333333333,0.00019,0.000661666666666667,0.00085,0.000385,0.000385,0.000496666666666667,0.000576666666666667,0.000681666666666667,0.000833333333333333,0,0.000413333333333333,0.000498333333333333,0.000253333333333333,0.000273333333333333,0.000293333333333333,0.000313333333333333,0.000333333333333333,0.0001,0,1,0,0,0,0,0,0,1,1,1,1,1,1,1,1,1,1,1,1,1,1,1,1,1,1,1,1,1,1,1,1,1,1,1,1,1,1,1,1,1,1,1,1,1,1,1,1,1,1,1,1,1,1,1,1,1,1,1,1,1,1,1,1,1,1,1,1,1,1,1,1,1,1,1,1,1,1,1,1,0
2026-06-21 15:00:00,128.756582833333,0,0,0,0,0,0,0.113195,5.78651333333333,23.6241316666667,29.5895466666667,20.65479,14.5293566666667,11.7784916666667,10.75861,7.77449833333333,2.22755833333333,0.994776666666667,0.4398,0.303225,0.208651666666667,0.182968333333333,0.203018333333333,0.146411666666667,0.0878966666666667,0.0614983333333333,0.0536616666666667,0.0305233333333333,0.0401833333333333,0.0351666666666667,0.0317416666666667,0.0230133333333333,0.0234166666666667,0.019365,0.016735,0.0163683333333333,0.0131333333333333,0.00945666666666667,0.00853166666666667,0.00874666666666667,0.00900333333333333,0.00481833333333333,0.00627333333333333,0.00478,0.00598166666666667,0.00269166666666667,0.00461333333333333,0.002885,0.00427666666666667,0.00432666666666667,0.00189666666666667,0.00214833333333333,0.00207333333333333,0.002765,0.00191833333333333,0.00176166666666667,0.00134166666666667,0.00232166666666667,0.00192,0.001865,0.00246666666666667,0.00189666666666667,0.000661666666666667,0,0.00123166666666667,0.0000383333333333333,0,0.00126,0,0.000833333333333333,0,0.00016,0.00073,0.00019,0.000205,0.00022,0.000235,0.00025,0.000075,0,1,0,0,0,0,0,0,1,1,1,1,1,1,1,1,1,1,1,1,1,1,1,1,1,1,1,1,1,1,1,1,1,1,1,1,1,1,1,1,1,1,1,1,1,1,1,1,1,1,1,1,1,1,1,1,1,1,1,1,1,1,1,1,1,1,1,1,1,1,1,1,1,1,1,1,1,1,1,1,0
2026-06-21 16:00:00,146.71484375,0,0,0,0,0,0,0.115566666666667,6.02873166666667,24.7866833333333,31.8799283333333,22.9543683333333,16.8271516666667,14.0714466666667,13.315175,9.18872666666667,2.67868666666667,1.347125,0.565571666666667,0.339426666666667,0.256568333333333,0.223763333333333,0.227065,0.172551666666667,0.10928,0.0837633333333333,0.060785,0.06011,0.045485,0.0367283333333333,0.033385,0.0232,0.029275,0.0188666666666667,0.0171766666666667,0.01148,0.0197833333333333,0.0169466666666667,0.0139,0.01523,0.00820333333333333,0.00887666666666667,0.00476166666666667,0.00802,0.00858833333333333,0.00470333333333333,0.00601333333333333,0.00281166666666667,0.00306333333333333,0.00354,0.004595,0.00505666666666667,0.00294,0.00233333333333333,0.00226166666666667,0.00147166666666667,0.00131833333333333,0.001605,0.00169166666666667,0.000966666666666667,0.000426666666666667,0.00147,0.00141,0.000101666666666667,0.00123166666666667,0.0000383333333333333,0.000843333333333333,0.00042,0.000836666666666667,0.00064,0.000193333333333333,0.000826666666666667,0.00171166666666667,0.00019,0.000205,0.00022,0.000235,0.00025,0.000075,0,1,0,0,0,0,0,0,1,1,1,1,1,1,1,1,1,1,1,1,1,1,1,1,1,1,1,1,1,1,1,1,1,1,1,1,1,1,1,1,1,1,1,1,1,1,1,1,1,1,1,1,1,1,1,1,1,1,1,1,1,1,1,1,1,1,1,1,1,1,1,1,1,1,1,1,1,1,1,1,0
2026-06-21 17:00:00,143.82421265,0,0,0,0,0,0,0.0975416666666667,5.37205166666667,23.0608383333333,30.5164133333333,22.43053,16.7464466666667,14.413785,13.6717983333333,10.202105,2.87607833333333,1.38166833333333,0.645271666666667,0.397,0.296718333333333,0.243691666666667,0.2488,0.181611666666667,0.148871666666667,0.0801233333333333,0.056435,0.0509033333333333,0.0461883333333333,0.03611,0.0396133333333333,0.03444,0.03429,0.0299,0.01916,0.0187433333333333,0.016625,0.0123233333333333,0.0117116666666667,0.00709166666666667,0.009,0.00985,0.00802,0.00458333333333333,0.00339333333333333,0.00349833333333333,0.00723833333333333,0.00721833333333333,0.00384333333333333,0.00340666666666667,0.004675,0.00328,0.00250666666666667,0.00338333333333333,0.00169,0.00260666666666667,0.00155833333333333,0.00263833333333333,0.000686666666666667,0.002745,0.000251666666666667,0.000426666666666667,0.000323333333333333,0.000526666666666667,0.00077,0.000498333333333333,0.000283333333333333,0.000558333333333333,0.000418333333333333,0.000416666666666667,0.000415,0.000413333333333333,0.000065,0.00019,0.000205,0.00022,0.000235,0.00025,0.000075,0,1,0,0,0,0,0,0,1,1,1,1,1,1,1,1,1,1,1,1,1,1,1,1,1,1,1,1,1,1,1,1,1,1,1,1,1,1,1,1,1,1,1,1,1,1,1,1,1,1,1,1,1,1,1,1,1,1,1,1,1,1,1,1,1,1,1,1,1,1,1,1,1,1,1,1,1,1,1,1,0
2026-06-21 18:00:00,134.278818683333,0,0,0,0,0,0,0.09598,5.00074,21.691575,28.7545216666667,20.9761883333333,15.5261866666667,13.36786,12.7444666666667,9.779755,2.733725,1.28417166666667,0.569473333333333,0.34457,0.271943333333333,0.238843333333333,0.243511666666667,0.187481666666667,0.12856,0.08857,0.0653116666666667,0.0459366666666667,0.0433083333333333,0.0402,0.0343833333333333,0.0277666666666667,0.0256916666666667,0.0149566666666667,0.016315,0.0214983333333333,0.0173866666666667,0.0141383333333333,0.012615,0.009655,0.0109133333333333,0.008005,0.00888166666666667,0.00692333333333333,0.00665833333333333,0.00562666666666667,0.00522833333333333,0.00615166666666667,0.00398666666666667,0.004355,0.00360333333333333,0.003405,0.00207333333333333,0.00245,0.00546833333333333,0.002405,0.00228333333333333,0.000831666666666667,0.000428333333333333,0.000428333333333333,0.000426666666666667,0.000853333333333333,0.000425,0.00085,0.000808333333333333,0.00172666666666667,0.000843333333333333,0.00042,0.000418333333333333,0,0.000415,0.000413333333333333,0.00013,0.00038,0.000408333333333333,0.000438333333333333,0.00047,0.000501666666666667,0.000148333333333333,0,1,0,0,0,0,0,0,1,1,1,1,1,1,1,1,1,1,1,1,1,1,1,1,1,1,1,1,1,1,1,1,1,1,1,1,1,1,1,1,1,1,1,1,1,1,1,1,1,1,1,1,1,1,1,1,1,1,1,1,1,1,1,1,1,1,1,1,1,1,1,1,1,1,1,1,1,1,1,1,0
2026-06-21 19:00:00,137.074238233333,0,0,0,0,0,0,0.08922,4.72224666666667,20.3184833333333,27.4827783333333,20.372605,15.5896116666667,13.89455,13.95329,11.195985,3.482575,1.75114,0.804773333333333,0.4685,0.35361,0.31771,0.322821666666667,0.247901666666667,0.161218333333333,0.124096666666667,0.0963333333333333,0.09098,0.07424,0.0571066666666667,0.0608633333333333,0.043855,0.0448616666666667,0.0377133333333333,0.03426,0.0355466666666667,0.023825,0.02444,0.0219183333333333,0.0191383333333333,0.0136266666666667,0.0101883333333333,0.01055,0.00973833333333333,0.00852833333333333,0.00733666666666667,0.00769833333333333,0.00483333333333333,0.00630666666666667,0.00611333333333333,0.00339333333333333,0.00449833333333333,0.00291666666666667,0.00292833333333333,0.001435,0.00334666666666667,0.00139333333333333,0.00172,0.000373333333333333,0.00169,0.00221333333333333,0.00147,0.00108666666666667,0,0.000846666666666667,0.00203666666666667,0.00120166666666667,0.000978333333333333,0.000418333333333333,0.000416666666666667,0,0,0.000606666666666667,0.00057,0.000615,0.00066,0.000705,0.00075,0.000225,0,1,0,0,0,0,0,0,1,1,1,1,1,1,1,1,1,1,1,1,1,1,1,1,1,1,1,1,1,1,1,1,1,1,1,1,1,1,1,1,1,1,1,1,1,1,1,1,1,1,1,1,1,1,1,1,1,1,1,1,1,1,1,1,1,1,1,1,1,1,1,1,1,1,1,1,1,1,1,1,0
2026-06-21 20:00:00,139.8899717,0,0,0,0,0,0,0.06833,4.24990833333333,18.88951,26.4129333333333,20.535875,16.2794583333333,14.8460566666667,14.7603133333333,12.908585,4.14103,2.02519833333333,0.959141666666667,0.560451666666667,0.437345,0.402863333333333,0.386431666666667,0.323198333333333,0.204366666666667,0.158118333333333,0.114563333333333,0.0960416666666667,0.110421666666667,0.0848916666666667,0.06787,0.0686533333333333,0.0668266666666667,0.05756,0.0565016666666667,0.04298,0.0420866666666667,0.0387883333333333,0.0293066666666667,0.0296233333333333,0.019335,0.0124866666666667,0.0110633333333333,0.0121766666666667,0.0144733333333333,0.00813,0.0114433333333333,0.01091,0.006095,0.008355,0.00396833333333333,0.00349,0.00638166666666667,0.00523833333333333,0.00292166666666667,0.00424333333333333,0.00024,0.00309666666666667,0.00229,0.00242666666666667,0.00196166666666667,0.000806666666666667,0.000796666666666667,0.00133833333333333,0.00130833333333333,0.000845,0,0.00042,0.001215,0.00109333333333333,0.000193333333333333,0.000413333333333333,0.0000216666666666667,0.0000633333333333333,0.0000683333333333333,0.0000733333333333333,0.0000783333333333333,0.0000833333333333333,0.000025,0,1,0,0,0,0,0,0,1,1,1,1,1,1,1,1,1,1,1,1,1,1,1,1,1,1,1,1,1,1,1,1,1,1,1,1,1,1,1,1,1,1,1,1,1,1,1,1,1,1,1,1,1,1,1,1,1,1,1,1,1,1,1,1,1,1,1,1,1,1,1,1,1,1,1,1,1,1,1,1,0
2026-06-21 21:00:00,143.1612274,0,0,0,0,0,0,0.080315,4.07943333333333,18.5797633333333,26.4554233333333,21.089805,16.6758583333333,15.1828266666667,14.6574183333333,13.1881016666667,4.63658333333333,2.33217666666667,1.18332,0.721378333333333,0.52326,0.469138333333333,0.453441666666667,0.425636666666667,0.278501666666667,0.196701666666667,0.143928333333333,0.12492,0.114053333333333,0.0915916666666667,0.100768333333333,0.0692633333333333,0.0728116666666667,0.0591183333333333,0.0541083333333333,0.0498466666666667,0.0569583333333333,0.0413333333333333,0.0366483333333333,0.030055,0.0220066666666667,0.01413,0.0131583333333333,0.0118816666666667,0.0136266666666667,0.00983,0.0108666666666667,0.00693833333333333,0.008915,0.00685166666666667,0.00505166666666667,0.00518333333333333,0.00417,0.00451666666666667,0.003645,0.002465,0.00499833333333333,0.00286666666666667,0.00137333333333333,0.00103166666666667,0.002815,0.00147,0.00300833333333333,0.00144,0.000423333333333333,0.0000383333333333333,0.000705,0.000138333333333333,0.000418333333333333,0,0,0.00016,0.00073,0.00019,0.000205,0.00022,0.000235,0.00025,0.000075,0,1,0,0,0,0,0,0,1,1,1,1,1,1,1,1,1,1,1,1,1,1,1,1,1,1,1,1,1,1,1,1,1,1,1,1,1,1,1,1,1,1,1,1,1,1,1,1,1,1,1,1,1,1,1,1,1,1,1,1,1,1,1,1,1,1,1,1,1,1,1,1,1,1,1,1,1,1,1,1,0
2026-06-21 22:00:00,125.903685916667,0,0,0,0,0,0,0.0591266666666667,3.72999,16.893165,24.194425,18.723285,14.898165,13.4339466666667,12.762995,11.420645,3.935065,1.86511166666667,0.88511,0.527773333333333,0.394255,0.363683333333333,0.35549,0.317363333333333,0.216343333333333,0.157575,0.10929,0.0850583333333333,0.0978366666666667,0.0803833333333333,0.0781783333333333,0.0778716666666667,0.0638233333333333,0.0586616666666667,0.05922,0.0522716666666667,0.0356716666666667,0.0355683333333333,0.0368183333333333,0.02823,0.0271816666666667,0.0205933333333333,0.0158,0.01425,0.00877333333333333,0.00809833333333333,0.00925,0.0089,0.00558,0.00730833333333333,0.00554166666666667,0.00460166666666667,0.00294,0.00480666666666667,0.00335333333333333,0.00316833333333333,0.00466666666666667,0.00146166666666667,0.00234666666666667,0.001515,0.00196166666666667,0.00189666666666667,0.00056,0.00137666666666667,0,0,0.001265,0.000708333333333333,0.000131666666666667,0.000223333333333333,0.000608333333333333,0,0.000476666666666667,0.00019,0.000205,0.00022,0.000235,0.00025,0.000075,0,1,0,0,0,0,0,0,1,1,1,1,1,1,1,1,1,1,1,1,1,1,1,1,1,1,1,1,1,1,1,1,1,1,1,1,1,1,1,1,1,1,1,1,1,1,1,1,1,1,1,1,1,1,1,1,1,1,1,1,1,1,1,1,1,1,1,1,1,1,1,1,1,1,1,1,1,1,1,1,0
2026-06-21 23:00:00,103.24017725,0,0,0,0,0,0,0.0499183333333333,3.02535833333333,14.14002,20.2964533333333,15.9145366666667,12.3274833333333,10.96959,10.3570516666667,9.24928,3.05062666666667,1.27460166666667,0.588538333333333,0.346618333333333,0.264231666666667,0.228625,0.252195,0.2267,0.146221666666667,0.117065,0.0955366666666667,0.088835,0.0852116666666667,0.0807133333333333,0.0769366666666667,0.0642466666666667,0.0660416666666667,0.06199,0.0584083333333333,0.0521683333333333,0.041775,0.03893,0.0382933333333333,0.02954,0.0227466666666667,0.0169633333333333,0.0105666666666667,0.0144216666666667,0.007345,0.00850333333333333,0.00977333333333333,0.00548333333333333,0.006305,0.00473333333333333,0.00283166666666667,0.00384,0.00337333333333333,0.00456333333333333,0.00435,0.00147166666666667,0.00177666666666667,0.00209333333333333,0.000373333333333333,0.000911666666666667,0,0.00019,0.00108666666666667,0.000811666666666667,0.000461666666666667,0.000423333333333333,0,0.00042,0,0,0.000415,0.00032,0.000528333333333333,0.0000633333333333333,0.0000683333333333333,0.0000733333333333333,0.0000783333333333333,0.0000833333333333333,0.000025,0,1,0,0,0,0,0,0,1,1,1,1,1,1,1,1,1,1,1,1,1,1,1,1,1,1,1,1,1,1,1,1,1,1,1,1,1,1,1,1,1,1,1,1,1,1,1,1,1,1,1,1,1,1,1,1,1,1,1,1,1,1,1,1,1,1,1,1,1,1,1,1,1,1,1,1,1,1,1,1,0
2026-06-22,102.9996572,0,0,0,0,0,0,0.05606,2.97603666666667,13.4364516666667,19.6621016666667,15.811035,12.4559383333333,10.857075,10.2054716666667,9.50557,3.00952166666667,1.273795,0.620708333333333,0.392933333333333,0.274001666666667,0.248158333333333,0.245313333333333,0.228076666666667,0.167518333333333,0.12914,0.093475,0.099425,0.088185,0.07427,0.086225,0.0724433333333333,0.08019,0.0622966666666667,0.0651483333333333,0.0599783333333333,0.0593733333333333,0.0428933333333333,0.0374366666666667,0.0387066666666667,0.0189333333333333,0.014665,0.0111916666666667,0.0136116666666667,0.0117033333333333,0.0151666666666667,0.006555,0.00831833333333333,0.00395166666666667,0.005375,0.00293,0.004625,0.00585666666666667,0.0042,0.00176,0.00260666666666667,0.0011,0.00301166666666667,0.00366666666666667,0.000713333333333333,0.00196166666666667,0.00104333333333333,0.00108666666666667,0,0.00123166666666667,0.000385,0.00078,0.000138333333333333,0,0.000416666666666667,0.000415,0.000413333333333333,0.0000433333333333333,0.000126666666666667,0.000136666666666667,0.000146666666666667,0.000156666666666667,0.000166666666666667,0.00005,0,1,0,0,0,0,0,0,1,1,1,1,1,1,1,1,1,1,1,1,1,1,1,1,1,1,1,1,1,1,1,1,1,1,1,1,1,1,1,1,1,1,1,1,1,1,1,1,1,1,1,1,1,1,1,1,1,1,1,1,1,1,1,1,1,1,1,1,1,1,1,1,1,1,1,1,1,1,1,1,0
2026-06-22 01:00:00,116.160470966667,0,0,0,0,0,0,0.0494083333333333,3.21629833333333,15.053365,22.09724,17.454565,13.86189,12.26201,11.7674016666667,11.2821983333333,3.51269,1.490425,0.736413333333333,0.437505,0.310203333333333,0.289916666666667,0.28976,0.282161666666667,0.169736666666667,0.126753333333333,0.104481666666667,0.0987183333333333,0.0995183333333333,0.0791083333333333,0.0880816666666667,0.0811083333333333,0.071615,0.0640416666666667,0.069235,0.0625583333333333,0.0525383333333333,0.0537916666666667,0.0488283333333333,0.0354966666666667,0.0223483333333333,0.018725,0.0144866666666667,0.0161866666666667,0.011205,0.00941,0.00823333333333333,0.00636833333333333,0.007105,0.00443,0.005545,0.00675,0.00414666666666667,0.00179833333333333,0.00198166666666667,0.00184833333333333,0.00228666666666667,0.003355,0.000746666666666667,0.000713333333333333,0.00068,0.000805,0.000898333333333333,0.000811666666666667,0.000808333333333333,0.00119166666666667,0.00015,0.00084,0.000418333333333333,0,0.000415,0.00124,0,0,0,0,0,0,0,0,1,0,0,0,0,0,0,1,1,1,1,1,1,1,1,1,1,1,1,1,1,1,1,1,1,1,1,1,1,1,1,1,1,1,1,1,1,1,1,1,1,1,1,1,1,1,1,1,1,1,1,1,1,1,1,1,1,1,1,1,1,1,1,1,1,1,1,1,1,1,1,1,1,1,1,1,1,1,1,0
2026-06-22 02:00:00,123.520858383333,0,0,0,0,0,0,0.0520333333333333,3.26182666666667,15.3095833333333,22.7198083333333,18.4821183333333,15.030905,13.6278433333333,13.1585933333333,13.1403566666667,3.98607666666667,1.74883833333333,0.907636666666667,0.514423333333333,0.378501666666667,0.3295,0.34277,0.306696666666667,0.174626666666667,0.12725,0.107843333333333,0.096935,0.0913266666666667,0.0776316666666667,0.0762516666666667,0.0733483333333333,0.0729233333333333,0.06328,0.0687966666666667,0.054255,0.0542733333333333,0.049405,0.0426,0.0285966666666667,0.0220716666666667,0.0224183333333333,0.0138566666666667,0.014495,0.013725,0.00562833333333333,0.0109683333333333,0.00504333333333333,0.008355,0.00694666666666667,0.00412833333333333,0.00344666666666667,0.00341833333333333,0.00319666666666667,0.00235,0.00052,0.00177666666666667,0.001835,0.00149166666666667,0.00134,0.000853333333333333,0.00232333333333333,0.00141,0.000951666666666667,0.00169333333333333,0.000421666666666667,0.000421666666666667,0.00112666666666667,0.000131666666666667,0.000223333333333333,0.000193333333333333,0,0.0000216666666666667,0.0000633333333333333,0.0000683333333333333,0.0000733333333333333,0.0000783333333333333,0.0000833333333333333,0.000025,0,1,0,0,0,0,0,0,1,1,1,1,1,1,1,1,1,1,1,1,1,1,1,1,1,1,1,1,1,1,1,1,1,1,1,1,1,1,1,1,1,1,1,1,1,1,1,1,1,1,1,1,1,1,1,1,1,1,1,1,1,1,1,1,1,1,1,1,1,1,1,1,1,1,1,1,1,1,1,1,0
2026-06-22 03:00:00,126.49444365,0,0,0,0,0,0,0.04781,3.01199666666667,14.1424833333333,21.8429566666667,18.0257283333333,15.0691083333333,13.98007,13.9491766666667,14.3126266666667,4.148655,1.92502166666667,0.932493333333333,0.544638333333333,0.40841,0.361776666666667,0.36198,0.321943333333333,0.178013333333333,0.14435,0.0984466666666667,0.0867683333333333,0.0911083333333333,0.0836666666666667,0.08327,0.0798783333333333,0.0745383333333333,0.0691966666666667,0.0717316666666667,0.0621833333333333,0.0616933333333333,0.0426433333333333,0.03874,0.0283366666666667,0.0238516666666667,0.0199333333333333,0.0159933333333333,0.0102933333333333,0.011265,0.0116566666666667,0.00646166666666667,0.00795666666666667,0.00647166666666667,0.00572833333333333,0.00677333333333333,0.00550833333333333,0.00255166666666667,0.00331333333333333,0.002985,0.00303833333333333,0.003595,0.00129,0.00166166666666667,0.00143666666666667,0.00118166666666667,0.000426666666666667,0.000425,0.000425,0.000385,0.000461666666666667,0,0,0,0,0,0,0,0,0,0,0,0,0,0,1,0,0,0,0,0,0,1,1,1,1,1,1,1,1,1,1,1,1,1,1,1,1,1,1,1,1,1,1,1,1,1,1,1,1,1,1,1,1,1,1,1,1,1,1,1,1,1,1,1,1,1,1,1,1,1,1,1,1,1,1,1,1,1,1,1,1,1,1,1,1,1,1,1,1,1,1,1,1,0
2026-06-22 04:00:00,121.9411791,0,0,0,0,0,0,0.0438783333333333,2.76737166666667,13.1402233333333,20.3481566666667,17.3661683333333,14.8739433333333,14.044435,13.82184,14.22524,4.354985,1.90511166666667,0.956756666666667,0.599278333333333,0.447391666666667,0.376726666666667,0.371021666666667,0.366296666666667,0.207416666666667,0.165785,0.11924,0.10505,0.105133333333333,0.0940783333333333,0.0841816666666667,0.09188,0.0875,0.07903,0.0774883333333333,0.0654166666666667,0.0607483333333333,0.0548683333333333,0.0451983333333333,0.0363516666666667,0.03079,0.017,0.016805,0.016375,0.00872,0.00882666666666667,0.00835,0.00672166666666667,0.00757666666666667,0.00462833333333333,0.004565,0.00516166666666667,0.00335,0.00197166666666667,0.00356666666666667,0.002685,0.00217833333333333,0.000745,0.00132,0.00126333333333333,0.00135833333333333,0.00213333333333333,0.00085,0.00166166666666667,0.000846666666666667,0.000385,0.000496666666666667,0.00042,0,0,0,0,0.000065,0.00019,0.000205,0.00022,0.000235,0.00025,0.000075,0,1,0,0,0,0,0,0,1,1,1,1,1,1,1,1,1,1,1,1,1,1,1,1,1,1,1,1,1,1,1,1,1,1,1,1,1,1,1,1,1,1,1,1,1,1,1,1,1,1,1,1,1,1,1,1,1,1,1,1,1,1,1,1,1,1,1,1,1,1,1,1,1,1,1,1,1,1,1,1,0
2026-06-22 05:00:00,109.430490183333,0,0,0,0,0,0,0.045195,2.61518833333333,12.502925,19.2105616666667,16.0714983333333,13.4361483333333,12.4912666666667,11.99663,12.136525,3.82018666666667,1.67330833333333,0.85269,0.505861666666667,0.37697,0.346383333333333,0.318041666666667,0.325166666666667,0.178108333333333,0.147748333333333,0.112286666666667,0.105975,0.10582,0.08822,0.0979666666666667,0.0876716666666667,0.0823,0.0752133333333333,0.0761383333333333,0.06302,0.06858,0.0596366666666667,0.0476183333333333,0.0294183333333333,0.0300716666666667,0.0213433333333333,0.0144466666666667,0.0166333333333333,0.0110233333333333,0.0102733333333333,0.00751,0.00876166666666667,0.00646666666666667,0.00570333333333333,0.00775,0.00412666666666667,0.00212,0.00324333333333333,0.001505,0.003345,0.00274,0.00295333333333333,0,0.001635,0.00135833333333333,0.00104333333333333,0.00141,0.00137666666666667,0.000848333333333333,0.00126666666666667,0,0.00042,0.000418333333333333,0.000416666666666667,0,0,0,0,0,0,0,0,0,0,1,0,0,0,0,0,0,1,1,1,1,1,1,1,1,1,1,1,1,1,1,1,1,1,1,1,1,1,1,1,1,1,1,1,1,1,1,1,1,1,1,1,1,1,1,1,1,1,1,1,1,1,1,1,1,1,1,1,1,1,1,1,1,1,1,1,1,1,1,1,1,1,1,1,1,1,1,1,1,0
2026-06-22 06:00:00,79.71480165,0,0,0,0,0,0,0.0436666666666667,2.18433166666667,10.110065,14.8966033333333,11.9207933333333,9.61224333333333,8.69331666666667,8.36819,7.45407166666667,2.327645,1.004025,0.511941666666667,0.319406666666667,0.251588333333333,0.215071666666667,0.217076666666667,0.209148333333333,0.163361666666667,0.110183333333333,0.0973783333333333,0.0875433333333333,0.097385,0.0878366666666667,0.0839283333333333,0.07872,0.06748,0.0602516666666667,0.066295,0.0580466666666667,0.0535333333333333,0.0467566666666667,0.0448483333333333,0.0306283333333333,0.0216466666666667,0.016425,0.0146816666666667,0.016125,0.01388,0.0121016666666667,0.0126216666666667,0.0114166666666667,0.0118166666666667,0.00855833333333333,0.00386166666666667,0.00598833333333333,0.00460333333333333,0.00247333333333333,0.00332833333333333,0.00307333333333333,0.001095,0.00169166666666667,0.000428333333333333,0.00103166666666667,0.000678333333333333,0.00170666666666667,0.00107166666666667,0.000976666666666667,0.00130833333333333,0.000806666666666667,0.000358333333333333,0.000426666666666667,0.00053,0.0000183333333333333,0,0.000826666666666667,0.0000866666666666667,0.000253333333333333,0.000273333333333333,0.000293333333333333,0.000313333333333333,0.000333333333333333,0.0001,0,1,0,0,0,0,0,0,1,1,1,1,1,1,1,1,1,1,1,1,1,1,1,1,1,1,1,1,1,1,1,1,1,1,1,1,1,1,1,1,1,1,1,1,1,1,1,1,1,1,1,1,1,1,1,1,1,1,1,1,1,1,1,1,1,1,1,1,1,1,1,1,1,1,1,1,1,1,1,1,0
2026-06-22 07:00:00,68.4731978833333,0,0,0,0,0,0,0.0374583333333333,2.13735166666667,9.33876666666667,13.1471166666667,10.3831816666667,8.15134333333333,7.282395,7.29473166666667,5.46184666666667,1.703365,0.811326666666667,0.423985,0.296693333333333,0.243653333333333,0.214476666666667,0.21477,0.202758333333333,0.148545,0.118175,0.0918016666666667,0.0934616666666667,0.100415,0.0838516666666667,0.0993033333333333,0.084535,0.0823883333333333,0.070685,0.0736283333333333,0.0599233333333333,0.0538716666666667,0.0427716666666667,0.0406166666666667,0.0299066666666667,0.026755,0.0227566666666667,0.01297,0.0128583333333333,0.00610166666666667,0.0106433333333333,0.0114433333333333,0.00816333333333333,0.00965666666666667,0.00952666666666667,0.005705,0.005385,0.00294,0.004515,0.003125,0.00422666666666667,0.00636833333333333,0.00137666666666667,0.00111833333333333,0.001635,0.00392,0.00147,0.00141,0.00176333333333333,0.00211666666666667,0.001155,0.00113833333333333,0.001405,0.00055,0.00105666666666667,0.000193333333333333,0.000826666666666667,0.00013,0.00038,0.00041,0.00044,0.00047,0.0005,0.00015,0,1,0,0,0,0,0,0,1,1,1,1,1,1,1,1,1,1,1,1,1,1,1,1,1,1,1,1,1,1,1,1,1,1,1,1,1,1,1,1,1,1,1,1,1,1,1,1,1,1,1,1,1,1,1,1,1,1,1,1,1,1,1,1,1,1,1,1,1,1,1,1,1,1,1,1,1,1,1,1,0
2026-06-22 08:00:00,70.92258385,0,0,0,0,0,0,0.04548,2.28165833333333,9.80352,13.4845333333333,10.492735,8.19017833333333,7.46603666666667,7.43844166666667,5.34640333333333,1.61274,0.823371666666667,0.42841,0.301043333333333,0.22272,0.223743333333333,0.244005,0.197965,0.149088333333333,0.131793333333333,0.09889,0.09962,0.1011,0.0928583333333333,0.10332,0.078515,0.0892466666666667,0.06754,0.06069,0.0583583333333333,0.0548866666666667,0.0539666666666667,0.0397266666666667,0.0293033333333333,0.03165,0.0272633333333333,0.0188866666666667,0.0119316666666667,0.0149383333333333,0.00911,0.00907833333333333,0.00874,0.0101833333333333,0.007465,0.00765166666666667,0.00431666666666667,0.00506,0.00319666666666667,0.00407666666666667,0.00322166666666667,0.00515666666666667,0.00461666666666667,0.00123166666666667,0.00108666666666667,0.00196,0.00166,0.000796666666666667,0.00218833333333333,0.00130833333333333,0.00204,0.000358333333333333,0.001975,0.00108,0.000851666666666667,0.000173333333333333,0.000653333333333333,0.00013,0.00038,0.000408333333333333,0.000438333333333333,0.00047,0.000501666666666667,0.000148333333333333,0,1,0,0,0,0,0,0,1,1,1,1,1,1,1,1,1,1,1,1,1,1,1,1,1,1,1,1,1,1,1,1,1,1,1,1,1,1,1,1,1,1,1,1,1,1,1,1,1,1,1,1,1,1,1,1,1,1,1,1,1,1,1,1,1,1,1,1,1,1,1,1,1,1,1,1,1,1,1,1,0
2026-06-22 09:00:00,69.8147078833333,0,0,0,0,0,0,0.0479616666666667,2.50603333333333,10.666245,14.1891633333333,10.4606333333333,7.99429666666667,7.203665,7.23783833333333,4.92521833333333,1.459325,0.747458333333333,0.38266,0.277268333333333,0.223326666666667,0.191391666666667,0.200786666666667,0.168233333333333,0.138696666666667,0.117761666666667,0.09383,0.0893283333333333,0.0932066666666667,0.0814883333333333,0.0966283333333333,0.0636233333333333,0.0940616666666667,0.071565,0.0706966666666667,0.0627183333333333,0.056785,0.0533733333333333,0.0406066666666667,0.037555,0.021685,0.021575,0.0159966666666667,0.01598,0.0149,0.0117416666666667,0.00837333333333333,0.0107766666666667,0.00759166666666667,0.007995,0.00957833333333333,0.00713833333333333,0.005035,0.00492333333333333,0.00525666666666667,0.00324,0.00441,0.00140666666666667,0.00223666666666667,0.00222833333333333,0.00307,0.00213333333333333,0.00117333333333333,0.001725,0.000461666666666667,0.00046,0,0.000708333333333333,0.000131666666666667,0.000833333333333333,0.00283666666666667,0.00296,0.000563333333333333,0.000443333333333333,0.000478333333333333,0.000513333333333333,0.000548333333333333,0.000583333333333333,0.000175,0,1,0,0,0,0,0,0,1,1,1,1,1,1,1,1,1,1,1,1,1,1,1,1,1,1,1,1,1,1,1,1,1,1,1,1,1,1,1,1,1,1,1,1,1,1,1,1,1,1,1,1,1,1,1,1,1,1,1,1,1,1,1,1,1,1,1,1,1,1,1,1,1,1,1,1,1,1,1,1,0
2026-06-22 10:00:00,72.9765797833333,0,0,0,0,0,0,0.0523966666666667,2.75887166666667,11.607035,15.3343316666667,11.1421416666667,8.41264833333333,7.42276833333333,7.58367,4.59609333333333,1.37569833333333,0.68188,0.335093333333333,0.22909,0.180283333333333,0.156688333333333,0.19277,0.131118333333333,0.112073333333333,0.0926883333333333,0.0749433333333333,0.0727916666666667,0.0844,0.062605,0.0773133333333333,0.0550683333333333,0.0695083333333333,0.052405,0.052215,0.06179,0.0515,0.0444066666666667,0.0367366666666667,0.03691,0.0233433333333333,0.0176233333333333,0.0169266666666667,0.01878,0.0118266666666667,0.0120433333333333,0.0117383333333333,0.0116333333333333,0.007575,0.00564833333333333,0.00707333333333333,0.00764,0.007905,0.00547333333333333,0.00476333333333333,0.00436833333333333,0.00155333333333333,0.00252333333333333,0.00197833333333333,0.003085,0.00221333333333333,0.00147,0.00141166666666667,0.00296166666666667,0.00219333333333333,0.00388666666666667,0.00136333333333333,0.00153666666666667,0.00247,0.00087,0.00166166666666667,0.000413333333333333,0.000888333333333333,0.00019,0.000205,0.00022,0.000235,0.00025,0.000075,0,1,0,0,0,0,0,0,1,1,1,1,1,1,1,1,1,1,1,1,1,1,1,1,1,1,1,1,1,1,1,1,1,1,1,1,1,1,1,1,1,1,1,1,1,1,1,1,1,1,1,1,1,1,1,1,1,1,1,1,1,1,1,1,1,1,1,1,1,1,1,1,1,1,1,1,1,1,1,1,0
2026-06-22 11:00:00,81.1285090833333,0,0,0,0,0,0,0.061515,3.16498833333333,13.26034,17.223505,12.354485,9.455505,8.33376666666667,8.45178833333333,5.16989833333333,1.44872666666667,0.727455,0.326263333333333,0.22909,0.179928333333333,0.175473333333333,0.179175,0.15081,0.110508333333333,0.08001,0.0805533333333333,0.0827016666666667,0.0773833333333333,0.0663916666666667,0.07324,0.0590516666666667,0.0641366666666667,0.049695,0.0502833333333333,0.0485733333333333,0.0516833333333333,0.04762,0.0373933333333333,0.0289683333333333,0.0232933333333333,0.0245216666666667,0.0183583333333333,0.0157033333333333,0.0126066666666667,0.013485,0.00619166666666667,0.00954333333333333,0.00878666666666667,0.00870666666666667,0.00734333333333333,0.00681333333333333,0.00665333333333333,0.004245,0.00271166666666667,0.00538,0.00518333333333333,0.00536166666666667,0.00340666666666667,0.00114166666666667,0.00196,0.00189666666666667,0.00226,0.00211166666666667,0.00257833333333333,0.00246166666666667,0.000855,0.001135,0.00191833333333333,0.000688333333333333,0.00158333333333333,0.00148,0.00155833333333333,0.000948333333333333,0.00102333333333333,0.00109833333333333,0.001175,0.00125166666666667,0.000373333333333333,0,1,0,0,0,0,0,0,1,1,1,1,1,1,1,1,1,1,1,1,1,1,1,1,1,1,1,1,1,1,1,1,1,1,1,1,1,1,1,1,1,1,1,1,1,1,1,1,1,1,1,1,1,1,1,1,1,1,1,1,1,1,1,1,1,1,1,1,1,1,1,1,1,1,1,1,1,1,1,1,0
2026-06-22 12:00:00,87.7528137333333,0,0,0,0,0,0,0.064865,3.49105333333333,14.4179883333333,18.4573666666667,13.3445433333333,9.99128666666667,8.68769833333333,8.65310833333333,5.652795,1.534635,0.738193333333333,0.350176666666667,0.216395,0.172968333333333,0.157728333333333,0.183818333333333,0.13635,0.106043333333333,0.0859,0.076295,0.0764433333333333,0.0647133333333333,0.0651233333333333,0.07486,0.0548766666666667,0.054875,0.04888,0.0421333333333333,0.0513616666666667,0.04244,0.0392883333333333,0.03757,0.0325083333333333,0.0213316666666667,0.0144766666666667,0.0189916666666667,0.013265,0.013095,0.0139166666666667,0.00800833333333333,0.009985,0.00645166666666667,0.00386666666666667,0.00698166666666667,0.00792333333333333,0.005515,0.00762,0.00588833333333333,0.00402333333333333,0.00204,0.00453,0.00303833333333333,0.00289666666666667,0.00271666666666667,0.00232333333333333,0.00278666666666667,0.0034,0.002925,0.00130666666666667,0.000421666666666667,0.000576666666666667,0.00189666666666667,0.000453333333333333,0,0,0.00138666666666667,0.000443333333333333,0.000478333333333333,0.000513333333333333,0.000548333333333333,0.000583333333333333,0.000175,0,1,0,0,0,0,0,0,1,1,1,1,1,1,1,1,1,1,1,1,1,1,1,1,1,1,1,1,1,1,1,1,1,1,1,1,1,1,1,1,1,1,1,1,1,1,1,1,1,1,1,1,1,1,1,1,1,1,1,1,1,1,1,1,1,1,1,1,1,1,1,1,1,1,1,1,1,1,1,1,0
2026-06-22 13:00:00,91.8395828166667,0,0,0,0,0,0,0.0778166666666667,3.63842666666667,15.12606,19.2745366666667,14.0934983333333,10.62343,9.10385833333333,8.97521666666667,5.92527666666667,1.60985833333333,0.773891666666667,0.358771666666667,0.21777,0.187501666666667,0.183196666666667,0.179338333333333,0.138965,0.124335,0.0792316666666667,0.0783383333333333,0.0843366666666667,0.0797216666666667,0.0642783333333333,0.0652683333333333,0.0538033333333333,0.0584133333333333,0.04206,0.040785,0.0416216666666667,0.042515,0.0361166666666667,0.0326416666666667,0.0245883333333333,0.024945,0.0227583333333333,0.0145133333333333,0.0145233333333333,0.01565,0.0113433333333333,0.00800166666666667,0.009765,0.00998833333333333,0.008015,0.00734,0.00527166666666667,0.00788166666666667,0.00413,0.00294833333333333,0.00331833333333333,0.002315,0.00384166666666667,0.00237833333333333,0.00328333333333333,0.00153333333333333,0.00208666666666667,0.00122166666666667,0.000526666666666667,0.00254,0.000693333333333333,0.00015,0.00112833333333333,0.000928333333333333,0.00087,0,0.000413333333333333,0.00108333333333333,0.00076,0.00082,0.00088,0.00094,0.001,0.0003,0,1,0,0,0,0,0,0,1,1,1,1,1,1,1,1,1,1,1,1,1,1,1,1,1,1,1,1,1,1,1,1,1,1,1,1,1,1,1,1,1,1,1,1,1,1,1,1,1,1,1,1,1,1,1,1,1,1,1,1,1,1,1,1,1,1,1,1,1,1,1,1,1,1,1,1,1,1,1,1,0
2026-06-22 14:00:00,99.3179852666667,0,0,0,0,0,0,0.0831,3.96136833333333,16.6863916666667,20.87591,14.9847683333333,11.1718566666667,9.74701833333333,9.37823333333333,6.18539166666667,1.67628333333333,0.733681666666667,0.36376,0.24945,0.18271,0.169856666666667,0.196866666666667,0.162398333333333,0.130361666666667,0.0947666666666667,0.0855366666666667,0.0864233333333333,0.0869733333333333,0.0722216666666667,0.0822966666666667,0.0713866666666667,0.0773083333333333,0.0619366666666667,0.058815,0.0540116666666667,0.0581966666666667,0.0475216666666667,0.04913,0.0379183333333333,0.0230016666666667,0.0230833333333333,0.0247216666666667,0.0148983333333333,0.0147833333333333,0.0188316666666667,0.0130866666666667,0.00823166666666667,0.00908,0.00952166666666667,0.006655,0.0109983333333333,0.00927166666666667,0.00691833333333333,0.004445,0.00469333333333333,0.00532833333333333,0.0041,0.0033,0.00210833333333333,0.00281333333333333,0.00294,0.00387333333333333,0.00239666666666667,0.00269333333333333,0.000421666666666667,0.00085,0.001255,0.00209166666666667,0.00128,0.00121666666666667,0.00165333333333333,0.000388333333333333,0.00113833333333333,0.00122666666666667,0.00131666666666667,0.00141,0.00150333333333333,0.000446666666666667,0,1,0,0,0,0,0,0,1,1,1,1,1,1,1,1,1,1,1,1,1,1,1,1,1,1,1,1,1,1,1,1,1,1,1,1,1,1,1,1,1,1,1,1,1,1,1,1,1,1,1,1,1,1,1,1,1,1,1,1,1,1,1,1,1,1,1,1,1,1,1,1,1,1,1,1,1,1,1,1,0
2026-06-22 15:00:00,105.6856789,0,0,0,0,0,0,0.09147,4.43160833333333,18.0753366666667,22.5997166666667,16.1339133333333,12.3210883333333,10.5494716666667,10.3109466666667,6.58452833333333,1.65418,0.744695,0.362646666666667,0.220063333333333,0.173796666666667,0.16943,0.18354,0.160483333333333,0.125336666666667,0.104103333333333,0.077,0.0870366666666667,0.0797233333333333,0.079005,0.08843,0.06451,0.06702,0.0534566666666667,0.0487366666666667,0.05107,0.0503883333333333,0.047415,0.0383666666666667,0.031595,0.0263366666666667,0.0204516666666667,0.0143083333333333,0.0143966666666667,0.0152116666666667,0.012275,0.0122666666666667,0.0171516666666667,0.0148366666666667,0.01118,0.00780333333333333,0.00638,0.00542333333333333,0.00497,0.00355666666666667,0.00352166666666667,0.00362833333333333,0.00266666666666667,0.00448833333333333,0.00305333333333333,0.002565,0.00341333333333333,0.0016,0.00215,0.00177,0.00119,0.00120833333333333,0.00223333333333333,0,0.00128,0.00121666666666667,0.00165333333333333,0.001495,0.00076,0.00082,0.00088,0.00094,0.001,0.0003,0,1,0,0,0,0,0,0,1,1,1,1,1,1,1,1,1,1,1,1,1,1,1,1,1,1,1,1,1,1,1,1,1,1,1,1,1,1,1,1,1,1,1,1,1,1,1,1,1,1,1,1,1,1,1,1,1,1,1,1,1,1,1,1,1,1,1,1,1,1,1,1,1,1,1,1,1,1,1,1,0
2026-06-22 16:00:00,113.0925004,0,0,0,0,0,0,0.0887783333333333,4.71069,19.396975,23.9325983333333,17.2264,13.00102,11.2048783333333,10.9205883333333,6.854065,1.76824666666667,0.820551666666667,0.380151666666667,0.261763333333333,0.198648333333333,0.173975,0.19825,0.15789,0.12284,0.101036666666667,0.091285,0.0893233333333333,0.0891616666666667,0.066305,0.0802816666666667,0.0592233333333333,0.070005,0.05992,0.05623,0.058355,0.0489033333333333,0.05282,0.0413116666666667,0.0401133333333333,0.0337166666666667,0.022885,0.016665,0.0187683333333333,0.0139383333333333,0.0177383333333333,0.0136716666666667,0.0116383333333333,0.00853833333333333,0.00722666666666667,0.0110183333333333,0.00870666666666667,0.00669833333333333,0.0042,0.005795,0.00349666666666667,0.00618833333333333,0.00332666666666667,0.00375166666666667,0.00131666666666667,0.00221333333333333,0.000853333333333333,0.000323333333333333,0.00176333333333333,0.00130833333333333,0.00330666666666667,0.00344666666666667,0.00154833333333333,0.00053,0.000851666666666667,0,0,0.000216666666666667,0.000633333333333333,0.000681666666666667,0.000731666666666667,0.000783333333333333,0.000835,0.000248333333333333,0,1,0,0,0,0,0,0,1,1,1,1,1,1,1,1,1,1,1,1,1,1,1,1,1,1,1,1,1,1,1,1,1,1,1,1,1,1,1,1,1,1,1,1,1,1,1,1,1,1,1,1,1,1,1,1,1,1,1,1,1,1,1,1,1,1,1,1,1,1,1,1,1,1,1,1,1,1,1,1,0
2026-06-22 17:00:00,113.11279495,0,0,0,0,0,0,0.095405,4.54521333333333,18.6589883333333,23.81658,17.395565,12.9779733333333,11.0393533333333,10.36208,7.68268833333333,2.25050166666667,0.994853333333333,0.471131666666667,0.280375,0.223555,0.200565,0.215196666666667,0.18674,0.154453333333333,0.116101666666667,0.08993,0.099355,0.0897833333333333,0.07481,0.083585,0.058495,0.0651166666666667,0.0590666666666667,0.05728,0.0501516666666667,0.0482383333333333,0.0360933333333333,0.0341816666666667,0.03523,0.01953,0.0245133333333333,0.01575,0.0174333333333333,0.01429,0.0139833333333333,0.0118533333333333,0.0113533333333333,0.00788166666666667,0.00888833333333333,0.00916,0.00668666666666667,0.00587833333333333,0.00650833333333333,0.00402166666666667,0.00607666666666667,0.00423833333333333,0.00260833333333333,0.003295,0.00322833333333333,0.00281833333333333,0.00336666666666667,0.00164666666666667,0.00176333333333333,0.00207833333333333,0.00211166666666667,0.000496666666666667,0.00084,0.000418333333333333,0.00125,0.000415,0.000413333333333333,0.000173333333333333,0.000506666666666667,0.000545,0.000585,0.000626666666666667,0.000668333333333333,0.000198333333333333,0,1,0,0,0,0,0,0,1,1,1,1,1,1,1,1,1,1,1,1,1,1,1,1,1,1,1,1,1,1,1,1,1,1,1,1,1,1,1,1,1,1,1,1,1,1,1,1,1,1,1,1,1,1,1,1,1,1,1,1,1,1,1,1,1,1,1,1,1,1,1,1,1,1,1,1,1,1,1,1,0
2026-06-22 18:00:00,137.915725483333,0,0,0,0,0,0,0.0968166666666667,5.11532333333333,21.8283866666667,28.6119433333333,20.8419183333333,15.6985416666667,13.3054116666667,12.2203766666667,9.71735833333333,4.01229,1.84893833333333,0.808035,0.479953333333333,0.343733333333333,0.302728333333333,0.331555,0.304996666666667,0.226823333333333,0.149093333333333,0.117125,0.118028333333333,0.119358333333333,0.09334,0.0890966666666667,0.084455,0.0785483333333333,0.0699383333333333,0.058165,0.0514616666666667,0.051835,0.0479066666666667,0.0353733333333333,0.0292566666666667,0.02716,0.0179883333333333,0.0225133333333333,0.0126366666666667,0.0146933333333333,0.012165,0.0139983333333333,0.00961166666666667,0.00808333333333333,0.00919,0.00742333333333333,0.00687833333333333,0.00751833333333333,0.00324333333333333,0.00450833333333333,0.00413833333333333,0.00421333333333333,0.00602,0.00558833333333333,0.00539333333333333,0.00264,0.00057,0.00071,0,0.00246333333333333,0.00169,0.00162333333333333,0.001265,0.001745,0.000501666666666667,0.000975,0.00106666666666667,0.00151666666666667,0.000823333333333333,0.000886666666666667,0.000951666666666667,0.00101833333333333,0.001085,0.000323333333333333,0,1,0,0,0,0,0,0,1,1,1,1,1,1,1,1,1,1,1,1,1,1,1,1,1,1,1,1,1,1,1,1,1,1,1,1,1,1,1,1,1,1,1,1,1,1,1,1,1,1,1,1,1,1,1,1,1,1,1,1,1,1,1,1,1,1,1,1,1,1,1,1,1,1,1,1,1,1,1,1,0
2026-06-22 19:00:00,140.1123529,0,0,0,0,0,0,0.108458333333333,5.21945833333333,22.060505,28.8303966666667,21.3109733333333,16.1231616666667,13.6820716666667,12.6624066666667,10.02216,3.66906166666667,1.67042333333333,0.815015,0.491908333333333,0.381333333333333,0.30288,0.295641666666667,0.271116666666667,0.194438333333333,0.152385,0.115915,0.116786666666667,0.114441666666667,0.0903033333333333,0.112968333333333,0.0858933333333333,0.0928016666666667,0.0780483333333333,0.0621716666666667,0.0655416666666667,0.0636433333333333,0.04679,0.0406983333333333,0.0363283333333333,0.0265966666666667,0.02147,0.0174416666666667,0.019015,0.0172716666666667,0.01665,0.0108983333333333,0.00940833333333333,0.00909666666666667,0.01144,0.00781833333333333,0.00683833333333333,0.007475,0.00789833333333333,0.00447166666666667,0.00274833333333333,0.004115,0.00502,0.004075,0.00203,0.00161166666666667,0.00275,0.00056,0.000526666666666667,0.001695,0.000693333333333333,0.001415,0.00112833333333333,0.000968333333333333,0.00125,0.000588333333333333,0.000813333333333333,0.000383333333333333,0.00038,0.000408333333333333,0.000438333333333333,0.00047,0.000501666666666667,0.000148333333333333,0,1,0,0,0,0,0,0,1,1,1,1,1,1,1,1,1,1,1,1,1,1,1,1,1,1,1,1,1,1,1,1,1,1,1,1,1,1,1,1,1,1,1,1,1,1,1,1,1,1,1,1,1,1,1,1,1,1,1,1,1,1,1,1,1,1,1,1,1,1,1,1,1,1,1,1,1,1,1,1,0
2026-06-22 20:00:00,167.679335766667,0,0,0,0,0,0,0.11185,6.033465,25.5768016666667,33.7686283333333,25.1444483333333,19.3301783333333,16.9230416666667,15.7399916666667,14.1804566666667,4.41379833333333,1.84044,0.855276666666667,0.522243333333333,0.379251666666667,0.346715,0.376173333333333,0.329053333333333,0.227233333333333,0.17983,0.136446666666667,0.136501666666667,0.13473,0.112436666666667,0.11665,0.106068333333333,0.0892866666666667,0.0757383333333333,0.0753816666666667,0.0709433333333333,0.06639,0.0591483333333333,0.0459833333333333,0.0367483333333333,0.0300266666666667,0.0277116666666667,0.0194216666666667,0.02038,0.016715,0.0167416666666667,0.0145016666666667,0.0152383333333333,0.0113833333333333,0.01024,0.00936666666666667,0.0109383333333333,0.00585666666666667,0.00497,0.00407666666666667,0.00419166666666667,0.00201333333333333,0.00550333333333333,0.00466833333333333,0.00315,0.00160833333333333,0.00189666666666667,0.00248166666666667,0.00277833333333333,0.000461666666666667,0.00130333333333333,0.00154833333333333,0.00139833333333333,0.000418333333333333,0,0.00166,0.000413333333333333,0.000498333333333333,0.000253333333333333,0.000273333333333333,0.000293333333333333,0.000313333333333333,0.000333333333333333,0.0001,0,1,0,0,0,0,0,0,1,1,1,1,1,1,1,1,1,1,1,1,1,1,1,1,1,1,1,1,1,1,1,1,1,1,1,1,1,1,1,1,1,1,1,1,1,1,1,1,1,1,1,1,1,1,1,1,1,1,1,1,1,1,1,1,1,1,1,1,1,1,1,1,1,1,1,1,1,1,1,1,0
2026-06-22 21:00:00,195.1939498,0,0,0,0,0,0,0.110428333333333,6.37744166666667,28.4310066666667,38.8380283333333,29.4356266666667,22.95219,20.0833566666667,18.9741283333333,17.815365,5.593905,2.18852333333333,0.978703333333333,0.580408333333333,0.43846,0.363315,0.393721666666667,0.344611666666667,0.223251666666667,0.160313333333333,0.14208,0.11802,0.119598333333333,0.10403,0.108181666666667,0.106306666666667,0.08559,0.0809133333333333,0.0741483333333333,0.072455,0.06562,0.0705483333333333,0.054715,0.040925,0.0298816666666667,0.0294466666666667,0.0233366666666667,0.0227783333333333,0.014855,0.013655,0.0119,0.0114866666666667,0.01187,0.00888166666666667,0.00690666666666667,0.007265,0.00506,0.00662666666666667,0.00594666666666667,0.00784,0.00428833333333333,0.00389833333333333,0.00452833333333333,0.00182333333333333,0.000426666666666667,0.00317666666666667,0.00300833333333333,0.00144,0.001655,0.00092,0.000566666666666667,0.000696666666666667,0,0.000416666666666667,0,0.000413333333333333,0.00013,0.00038,0.00041,0.00044,0.00047,0.0005,0.00015,0,1,0,0,0,0,0,0,1,1,1,1,1,1,1,1,1,1,1,1,1,1,1,1,1,1,1,1,1,1,1,1,1,1,1,1,1,1,1,1,1,1,1,1,1,1,1,1,1,1,1,1,1,1,1,1,1,1,1,1,1,1,1,1,1,1,1,1,1,1,1,1,1,1,1,1,1,1,1,1,0
2026-06-22 22:00:00,212.6687749,0,0,0,0,0,0,0.115208333333333,6.49832,29.794585,41.94465,32.1738516666667,24.8578883333333,22.3241916666667,20.699185,20.4071916666667,6.55602833333333,2.44646666666667,1.13620833333333,0.62405,0.456643333333333,0.402498333333333,0.389041666666667,0.361863333333333,0.23198,0.168976666666667,0.142413333333333,0.12575,0.129156666666667,0.100545,0.113241666666667,0.0884466666666667,0.0929366666666667,0.082625,0.0796633333333333,0.0737616666666667,0.06821,0.0583316666666667,0.045265,0.0399583333333333,0.032795,0.02301,0.017425,0.0231816666666667,0.0207916666666667,0.0150683333333333,0.00997333333333333,0.0188766666666667,0.0127216666666667,0.007965,0.00829333333333333,0.00837666666666667,0.00342,0.00699333333333333,0.00612833333333333,0.004315,0.00246666666666667,0.00338333333333333,0.000801666666666667,0.00211833333333333,0.00221,0.00232333333333333,0.000985,0.000951666666666667,0.00123166666666667,0.00123166666666667,0.000496666666666667,0,0.000398333333333333,0.0000183333333333333,0,0.000413333333333333,0.000433333333333333,0.0000633333333333333,0.0000683333333333333,0.0000733333333333333,0.0000783333333333333,0.0000833333333333333,0.000025,0,1,0,0,0,0,0,0,1,1,1,1,1,1,1,1,1,1,1,1,1,1,1,1,1,1,1,1,1,1,1,1,1,1,1,1,1,1,1,1,1,1,1,1,1,1,1,1,1,1,1,1,1,1,1,1,1,1,1,1,1,1,1,1,1,1,1,1,1,1,1,1,1,1,1,1,1,1,1,1,0
2026-06-22 23:00:00,227.804221633333,0,0,0,0,0,0,0.10961,6.50622,30.6136616666667,44.4605916666667,34.0585216666667,26.9404533333333,23.8223133333333,22.42559,22.608695,7.50694833333333,2.7802,1.276445,0.756353333333333,0.560096666666667,0.4465,0.411245,0.377388333333333,0.239301666666667,0.19032,0.1486,0.129615,0.124693333333333,0.120103333333333,0.10571,0.09671,0.11252,0.0898783333333333,0.0765966666666667,0.069705,0.0738183333333333,0.06093,0.05453,0.04404,0.0333216666666667,0.02934,0.0270466666666667,0.019275,0.0182083333333333,0.0179983333333333,0.0195333333333333,0.011995,0.0147683333333333,0.012275,0.00927833333333333,0.00844,0.00715333333333333,0.00590333333333333,0.00649,0.001885,0.0036,0.00209333333333333,0.00166,0.00169,0.00135833333333333,0.00341333333333333,0.00085,0.000425,0.000423333333333333,0.00111666666666667,0.00127666666666667,0.000558333333333333,0,0,0.000415,0,0.000433333333333333,0.0000633333333333333,0.0000683333333333333,0.0000733333333333333,0.0000783333333333333,0.0000833333333333333,0.000025,0,1,0,0,0,0,0,0,1,1,1,1,1,1,1,1,1,1,1,1,1,1,1,1,1,1,1,1,1,1,1,1,1,1,1,1,1,1,1,1,1,1,1,1,1,1,1,1,1,1,1,1,1,1,1,1,1,1,1,1,1,1,1,1,1,1,1,1,1,1,1,1,1,1,1,1,1,1,1,1,0
2026-06-23,248.410585266667,0,0,0,0,0,0,0.109406666666667,6.71797833333333,31.6666083333333,47.3878883333333,36.9063466666667,29.391985,26.23589,25.17899,25.5698033333333,8.42185,3.19628333333333,1.53522666666667,0.797063333333333,0.614916666666667,0.505031666666667,0.503011666666667,0.470976666666667,0.25841,0.187975,0.136583333333333,0.11832,0.143141666666667,0.121096666666667,0.11485,0.09331,0.09226,0.0919966666666667,0.0906233333333333,0.0803133333333333,0.068135,0.0639066666666667,0.0500433333333333,0.0418216666666667,0.036635,0.0336116666666667,0.024415,0.02165,0.019665,0.0175466666666667,0.0141283333333333,0.0139433333333333,0.0146233333333333,0.0111583333333333,0.0107416666666667,0.00774333333333333,0.00583333333333333,0.00669833333333333,0.006235,0.00683333333333333,0.00715,0.00263833333333333,0.00229333333333333,0.00114166666666667,0.00281166666666667,0.00170666666666667,0.0017,0.00085,0,0.00126833333333333,0.000843333333333333,0,0.000398333333333333,0.000241666666666667,0.000193333333333333,0,0,0,0,0,0,0,0,0,1,0,0,0,0,0,0,1,1,1,1,1,1,1,1,1,1,1,1,1,1,1,1,1,1,1,1,1,1,1,1,1,1,1,1,1,1,1,1,1,1,1,1,1,1,1,1,1,1,1,1,1,1,1,1,1,1,1,1,1,1,1,1,1,1,1,1,1,1,1,1,1,1,1,1,1,1,1,1,0
2026-06-23 01:00:00,252.981585433333,0,0,0,0,0,0,0.123816666666667,6.78483333333333,32.6009466666667,48.831285,38.0652333333333,30.1733766666667,27.0173766666667,25.7912,26.197005,8.42159,3.186625,1.50745833333333,0.804793333333333,0.592055,0.52342,0.477356666666667,0.46441,0.278151666666667,0.19966,0.127633333333333,0.133588333333333,0.13111,0.111105,0.106753333333333,0.0943716666666667,0.101238333333333,0.0969566666666667,0.08997,0.08249,0.07667,0.06516,0.0581433333333333,0.0423983333333333,0.031855,0.0280383333333333,0.028795,0.0274116666666667,0.018895,0.0167933333333333,0.0143083333333333,0.0159083333333333,0.00968,0.0134466666666667,0.0122283333333333,0.00902333333333333,0.00674666666666667,0.00862333333333333,0.00367833333333333,0.004315,0.00335333333333333,0.002065,0.000803333333333333,0.00254666666666667,0.00135666666666667,0.00166,0.00207166666666667,0.000488333333333333,0.000461666666666667,0.000423333333333333,0.000705,0.000138333333333333,0.000418333333333333,0,0.000415,0,0.000455,0.000126666666666667,0.000136666666666667,0.000146666666666667,0.000156666666666667,0.000166666666666667,0.00005,0,1,0,0,0,0,0,0,1,1,1,1,1,1,1,1,1,1,1,1,1,1,1,1,1,1,1,1,1,1,1,1,1,1,1,1,1,1,1,1,1,1,1,1,1,1,1,1,1,1,1,1,1,1,1,1,1,1,1,1,1,1,1,1,1,1,1,1,1,1,1,1,1,1,1,1,1,1,1,1,0
2026-06-23 02:00:00,271.094188683333,0,0,0,0,0,0,0.120885,6.80354666666667,32.9117216666667,50.4303583333333,39.8742133333333,32.2520933333333,29.4577783333333,28.26707,29.8782333333333,9.90489333333333,3.763065,1.80403,1.03728333333333,0.764103333333333,0.62339,0.592306666666667,0.558155,0.315385,0.219146666666667,0.161321666666667,0.136915,0.146463333333333,0.132078333333333,0.126796666666667,0.114103333333333,0.110256666666667,0.09626,0.09378,0.083455,0.0723066666666667,0.06552,0.063485,0.0488983333333333,0.040585,0.03436,0.0283483333333333,0.02951,0.0236233333333333,0.0245033333333333,0.0151633333333333,0.0130766666666667,0.0130666666666667,0.01473,0.0138516666666667,0.00347166666666667,0.00580666666666667,0.00731666666666667,0.00341833333333333,0.008275,0.003155,0.00329666666666667,0.00218,0.00322833333333333,0.001535,0.00128,0.00149666666666667,0.001015,0.00211666666666667,0.0000383333333333333,0,0.000288333333333333,0.00055,0,0.00100333333333333,0.00024,0.000845,0.0000633333333333333,0.0000683333333333333,0.0000733333333333333,0.0000783333333333333,0.0000833333333333333,0.000025,0,1,0,0,0,0,0,0,1,1,1,1,1,1,1,1,1,1,1,1,1,1,1,1,1,1,1,1,1,1,1,1,1,1,1,1,1,1,1,1,1,1,1,1,1,1,1,1,1,1,1,1,1,1,1,1,1,1,1,1,1,1,1,1,1,1,1,1,1,1,1,1,1,1,1,1,1,1,1,1,0
2026-06-23 03:00:00,193.1007184,0,0,0,0,0,0,0.0860183333333333,4.97865,23.82897,36.1295516666667,28.4840266666667,22.833225,20.5896883333333,20.142455,21.4525516666667,7.10279,2.769505,1.37836166666667,0.776641666666667,0.57242,0.466451666666667,0.461431666666667,0.446746666666667,0.271981666666667,0.201195,0.146526666666667,0.14189,0.142621666666667,0.118536666666667,0.127198333333333,0.100363333333333,0.112378333333333,0.100853333333333,0.0818866666666667,0.080345,0.084595,0.069105,0.0540416666666667,0.0437083333333333,0.0336616666666667,0.0289183333333333,0.022065,0.016275,0.015865,0.0171366666666667,0.0145033333333333,0.0191033333333333,0.01013,0.008045,0.011255,0.00681166666666667,0.00501333333333333,0.00946333333333333,0.00435666666666667,0.00796833333333333,0.00590333333333333,0.000601666666666667,0.00186333333333333,0.00303,0.00264166666666667,0.00189666666666667,0.00226166666666667,0.00222666666666667,0.000423333333333333,0.000423333333333333,0.000705,0.000426666666666667,0.00055,0,0,0.00016,0.000275,0.0000633333333333333,0.0000683333333333333,0.0000733333333333333,0.0000783333333333333,0.0000833333333333333,0.000025,0,1,0,0,0,0,0,0,1,1,1,1,1,1,1,1,1,1,1,1,1,1,1,1,1,1,1,1,1,1,1,1,1,1,1,1,1,1,1,1,1,1,1,1,1,1,1,1,1,1,1,1,1,1,1,1,1,1,1,1,1,1,1,1,1,1,1,1,1,1,1,1,1,1,1,1,1,1,1,1,0
2026-06-23 04:00:00,108.677122783333,0,0,0,0,0,0,0.0512833333333333,3.10184666666667,14.546055,21.1808933333333,16.2153883333333,12.5194566666667,11.1381283333333,10.496255,10.4108,3.50394666666667,1.30482666666667,0.691206666666667,0.389855,0.326601666666667,0.281298333333333,0.31004,0.284428333333333,0.203923333333333,0.172053333333333,0.116033333333333,0.11065,0.13531,0.112793333333333,0.114686666666667,0.114845,0.0954616666666667,0.084865,0.0902233333333333,0.0693266666666667,0.07315,0.0617133333333333,0.042945,0.0391616666666667,0.03075,0.0225533333333333,0.0242066666666667,0.0213416666666667,0.0168433333333333,0.0169316666666667,0.01832,0.0140983333333333,0.0101216666666667,0.010185,0.00919833333333333,0.00980666666666667,0.00715666666666667,0.006055,0.00609166666666667,0.00605833333333333,0.00577,0.004705,0.00272166666666667,0.00114166666666667,0.00324166666666667,0.00147,0.00226,0.00176333333333333,0.002425,0.000996666666666667,0.000843333333333333,0.00112833333333333,0.000948333333333333,0.0000183333333333333,0.00083,0.000413333333333333,0.0000433333333333333,0.000126666666666667,0.000136666666666667,0.000146666666666667,0.000156666666666667,0.000166666666666667,0.00005,0,1,0,0,0,0,0,0,1,1,1,1,1,1,1,1,1,1,1,1,1,1,1,1,1,1,1,1,1,1,1,1,1,1,1,1,1,1,1,1,1,1,1,1,1,1,1,1,1,1,1,1,1,1,1,1,1,1,1,1,1,1,1,1,1,1,1,1,1,1,1,1,1,1,1,1,1,1,1,1,0
2026-06-23 05:00:00,95.4279238166667,0,0,0,0,0,0,0.0503966666666667,2.818095,13.132765,18.9726783333333,14.1536333333333,10.84591,9.56309166666667,9.08571666666667,8.53747333333333,2.86049,1.110615,0.578391666666667,0.35918,0.264273333333333,0.251341666666667,0.257818333333333,0.270835,0.189333333333333,0.159263333333333,0.126613333333333,0.129471666666667,0.117313333333333,0.128123333333333,0.102651666666667,0.0992616666666667,0.0950733333333333,0.0848133333333333,0.0937366666666667,0.0753016666666667,0.0723766666666667,0.07209,0.0595066666666667,0.0386116666666667,0.039885,0.0305283333333333,0.0239866666666667,0.0242616666666667,0.020015,0.0178566666666667,0.0149933333333333,0.010985,0.0145166666666667,0.00623166666666667,0.00997333333333333,0.00974166666666667,0.00754,0.01383,0.00668166666666667,0.00914666666666667,0.00679333333333333,0.0043,0.00318166666666667,0.00283333333333333,0.00331833333333333,0.00275,0.000883333333333333,0.000203333333333333,0.000385,0.00172833333333333,0.000283333333333333,0.000845,0.00053,0.000435,0,0,0.000541666666666667,0.00038,0.000408333333333333,0.000438333333333333,0.00047,0.000501666666666667,0.000148333333333333,0,1,0,0,0,0,0,0,1,1,1,1,1,1,1,1,1,1,1,1,1,1,1,1,1,1,1,1,1,1,1,1,1,1,1,1,1,1,1,1,1,1,1,1,1,1,1,1,1,1,1,1,1,1,1,1,1,1,1,1,1,1,1,1,1,1,1,1,1,1,1,1,1,1,1,1,1,1,1,1,0
2026-06-23 06:00:00,110.752547883333,0,0,0,0,0,0,0.0632183333333333,3.27227333333333,15.05736,21.4305383333333,16.3417866666667,12.8955416666667,11.3252266666667,10.7266266666667,9.90881833333333,3.11151333333333,1.37995166666667,0.695028333333333,0.440935,0.326248333333333,0.308326666666667,0.313528333333333,0.299533333333333,0.199911666666667,0.133035,0.121956666666667,0.10841,0.112396666666667,0.110946666666667,0.116836666666667,0.089795,0.0943466666666667,0.0887116666666667,0.0787616666666667,0.0787266666666667,0.0762866666666667,0.0642933333333333,0.0515266666666667,0.0525316666666667,0.0468383333333333,0.0333066666666667,0.0316866666666667,0.0266316666666667,0.0212883333333333,0.0222383333333333,0.016025,0.0186616666666667,0.0139733333333333,0.0167116666666667,0.00846833333333333,0.010545,0.006265,0.00626666666666667,0.00811166666666667,0.00799166666666667,0.004135,0.003125,0.00401333333333333,0.00295166666666667,0.00186333333333333,0.00147,0.00130833333333333,0.00140166666666667,0.000885,0.00130666666666667,0.000421666666666667,0.000995,0.000263333333333333,0,0.000588333333333333,0.0004,0.000361666666666667,0.000316666666666667,0.00034,0.000365,0.000391666666666667,0.000418333333333333,0.000123333333333333,0,1,0,0,0,0,0,0,1,1,1,1,1,1,1,1,1,1,1,1,1,1,1,1,1,1,1,1,1,1,1,1,1,1,1,1,1,1,1,1,1,1,1,1,1,1,1,1,1,1,1,1,1,1,1,1,1,1,1,1,1,1,1,1,1,1,1,1,1,1,1,1,1,1,1,1,1,1,1,1,0
2026-06-23 07:00:00,147.842684666667,0,0,0,0,0,0,0.07486,4.3686,19.7525333333333,28.3488916666667,21.89676,17.2438316666667,15.301285,14.70057,13.63167,4.40486666666667,2.05811833333333,1.06436166666667,0.625463333333333,0.492671666666667,0.450856666666667,0.39233,0.386006666666667,0.239765,0.19333,0.14401,0.13103,0.117026666666667,0.11619,0.134655,0.103356666666667,0.108158333333333,0.103675,0.0967766666666667,0.085595,0.08818,0.0833266666666667,0.0713733333333333,0.0589783333333333,0.0435266666666667,0.0427933333333333,0.036745,0.0309883333333333,0.033175,0.02586,0.0217266666666667,0.0232883333333333,0.0123033333333333,0.013625,0.0111666666666667,0.0121533333333333,0.010555,0.01021,0.00801,0.00787333333333333,0.004375,0.00326666666666667,0.00496166666666667,0.00302,0.00196333333333333,0.00166,0.000898333333333333,0.00282166666666667,0.000538333333333333,0.000461666666666667,0.00112666666666667,0.000978333333333333,0,0.00105666666666667,0.000193333333333333,0.000986666666666667,0.000686666666666667,0.0000633333333333333,0.0000683333333333333,0.0000733333333333333,0.0000783333333333333,0.0000833333333333333,0.000025,0,1,0,0,0,0,0,0,1,1,1,1,1,1,1,1,1,1,1,1,1,1,1,1,1,1,1,1,1,1,1,1,1,1,1,1,1,1,1,1,1,1,1,1,1,1,1,1,1,1,1,1,1,1,1,1,1,1,1,1,1,1,1,1,1,1,1,1,1,1,1,1,1,1,1,1,1,1,1,1,0
2026-06-23 08:00:00,130.961214066667,0,0,0,0,0,0,0.0734633333333333,4.26506333333333,18.6474283333333,25.72928,19.580555,15.3585216666667,13.7676783333333,13.2463383333333,11.4539466666667,3.42525833333333,1.424055,0.735335,0.458463333333333,0.342208333333333,0.318961666666667,0.317215,0.278473333333333,0.221705,0.154906666666667,0.13277,0.135971666666667,0.117926666666667,0.114456666666667,0.11219,0.096335,0.110003333333333,0.0898933333333333,0.08075,0.08756,0.0793066666666667,0.07633,0.0630583333333333,0.0596166666666667,0.0537183333333333,0.0492516666666667,0.0449183333333333,0.0381466666666667,0.0258616666666667,0.0363383333333333,0.0296733333333333,0.01702,0.0190466666666667,0.0178216666666667,0.0164133333333333,0.0133383333333333,0.0133983333333333,0.00964666666666667,0.00618,0.006125,0.00464666666666667,0.00473,0.00559166666666667,0.00196666666666667,0.00392333333333333,0.00246666666666667,0.00297,0.00218833333333333,0.00130833333333333,0.00169,0.001265,0.000708333333333333,0.00138666666666667,0.00125,0.00083,0.000413333333333333,0.00013,0.00038,0.00041,0.00044,0.00047,0.0005,0.00015,0,1,0,0,0,0,0,0,1,1,1,1,1,1,1,1,1,1,1,1,1,1,1,1,1,1,1,1,1,1,1,1,1,1,1,1,1,1,1,1,1,1,1,1,1,1,1,1,1,1,1,1,1,1,1,1,1,1,1,1,1,1,1,1,1,1,1,1,1,1,1,1,1,1,1,1,1,1,1,1,0
2026-06-23 09:00:00,136.503611883333,0,0,0,0,0,0,0.0913833333333333,4.54643833333333,19.9810066666667,27.2253516666667,20.940855,15.9936983333333,14.176025,13.6488433333333,11.10963,3.10108333333333,1.23759,0.644113333333333,0.400908333333333,0.298733333333333,0.26376,0.28972,0.242485,0.192495,0.14949,0.132923333333333,0.11218,0.126353333333333,0.112826666666667,0.107311666666667,0.097835,0.0959766666666667,0.088915,0.0846816666666667,0.0883266666666667,0.0789233333333333,0.073015,0.058695,0.059505,0.0439883333333333,0.0423483333333333,0.03673,0.0356016666666667,0.02384,0.0241933333333333,0.0267216666666667,0.01914,0.0182633333333333,0.015905,0.012935,0.0111533333333333,0.0108933333333333,0.00722666666666667,0.00874666666666667,0.00905666666666667,0.00321166666666667,0.005045,0.00386833333333333,0.00284166666666667,0.00485166666666667,0.00298666666666667,0.00117333333333333,0.00133833333333333,0.00200166666666667,0.00203666666666667,0.002195,0.000846666666666667,0.00055,0,0.00100333333333333,0.00024,0.000498333333333333,0.000253333333333333,0.000273333333333333,0.000293333333333333,0.000313333333333333,0.000333333333333333,0.0001,0,1,0,0,0,0,0,0,1,1,1,1,1,1,1,1,1,1,1,1,1,1,1,1,1,1,1,1,1,1,1,1,1,1,1,1,1,1,1,1,1,1,1,1,1,1,1,1,1,1,1,1,1,1,1,1,1,1,1,1,1,1,1,1,1,1,1,1,1,1,1,1,1,1,1,1,1,1,1,1,0
2026-06-23 10:00:00,157.45602165,0,0,0,0,0,0,0.100976666666667,5.32655666666667,23.3606566666667,31.8271,24.180935,18.979825,16.6393683333333,15.8138066666667,12.5942716666667,3.39450333333333,1.29665166666667,0.597488333333333,0.395886666666667,0.298655,0.291258333333333,0.294423333333333,0.22742,0.189385,0.162965,0.128281666666667,0.13203,0.131308333333333,0.120858333333333,0.121131666666667,0.100728333333333,0.109248333333333,0.0947383333333333,0.092315,0.08009,0.09084,0.0789216666666667,0.0693483333333333,0.0690716666666667,0.05579,0.0487,0.0425633333333333,0.041265,0.0321783333333333,0.0315683333333333,0.0291216666666667,0.0239083333333333,0.01877,0.0215266666666667,0.0171333333333333,0.01325,0.0125716666666667,0.00779666666666667,0.00649166666666667,0.00409333333333333,0.00527,0.005015,0.00373166666666667,0.000823333333333333,0.00110833333333333,0.00341166666666667,0.00192166666666667,0.00147833333333333,0.000846666666666667,0,0.000421666666666667,0.00168,0.001255,0.00105666666666667,0.00119666666666667,0.00148,0.000628333333333333,0.000633333333333333,0.000681666666666667,0.000731666666666667,0.000783333333333333,0.000835,0.000248333333333333,0,1,0,0,0,0,0,0,1,1,1,1,1,1,1,1,1,1,1,1,1,1,1,1,1,1,1,1,1,1,1,1,1,1,1,1,1,1,1,1,1,1,1,1,1,1,1,1,1,1,1,1,1,1,1,1,1,1,1,1,1,1,1,1,1,1,1,1,1,1,1,1,1,1,1,1,1,1,1,1,0
2026-06-23 11:00:00,184.17438375,0,0,0,0,0,0,0.11819,5.94650833333333,27.2340966666667,36.7496583333333,28.35971,22.0120983333333,19.80896,18.7745483333333,15.4117316666667,4.061735,1.568925,0.74203,0.438918333333333,0.327218333333333,0.297378333333333,0.327445,0.265756666666667,0.204661666666667,0.189448333333333,0.156226666666667,0.150315,0.134618333333333,0.124466666666667,0.127623333333333,0.11731,0.11732,0.0985566666666667,0.0942916666666667,0.083945,0.0838533333333333,0.0740816666666667,0.0787783333333333,0.0629816666666667,0.0631366666666667,0.058775,0.0470616666666667,0.0441683333333333,0.0368166666666667,0.0288583333333333,0.0312333333333333,0.0275066666666667,0.02309,0.0178583333333333,0.01702,0.0150416666666667,0.010505,0.010585,0.00706166666666667,0.00776666666666667,0.00473166666666667,0.007225,0.00323666666666667,0.00371166666666667,0.00196,0.00383833333333333,0.00149666666666667,0.00147833333333333,0.00119333333333333,0.00092,0.000421666666666667,0.00042,0.001255,0.000833333333333333,0,0.000573333333333333,0.000773333333333333,0.000316666666666667,0.00034,0.000365,0.000391666666666667,0.000418333333333333,0.000123333333333333,0,1,0,0,0,0,0,0,1,1,1,1,1,1,1,1,1,1,1,1,1,1,1,1,1,1,1,1,1,1,1,1,1,1,1,1,1,1,1,1,1,1,1,1,1,1,1,1,1,1,1,1,1,1,1,1,1,1,1,1,1,1,1,1,1,1,1,1,1,1,1,1,1,1,1,1,1,1,1,1,0
2026-06-23 12:00:00,235.51717045,0,0,0,0,0,0,0.144176666666667,7.456365,33.809985,46.8717516666667,35.8938716666667,28.35553,25.219375,23.8349516666667,20.9364566666667,5.75956,2.10157666666667,0.946505,0.569741666666667,0.427796666666667,0.399491666666667,0.357646666666667,0.311101666666667,0.244041666666667,0.190686666666667,0.153993333333333,0.1468,0.15146,0.12691,0.126065,0.106583333333333,0.115095,0.115743333333333,0.101806666666667,0.0888466666666667,0.0992366666666667,0.08722,0.078255,0.0743283333333333,0.0584233333333333,0.0584383333333333,0.043655,0.04725,0.0397666666666667,0.0408816666666667,0.0338566666666667,0.0295516666666667,0.0295166666666667,0.0208616666666667,0.017985,0.0168683333333333,0.0129633333333333,0.011135,0.00546833333333333,0.0100183333333333,0.004715,0.00611,0.00510333333333333,0.003315,0.003745,0.000806666666666667,0.00346666666666667,0.00249333333333333,0.00377166666666667,0.00245833333333333,0.00268666666666667,0.00112333333333333,0.001745,0.00111166666666667,0.000608333333333333,0.000986666666666667,0.00185666666666667,0.00107666666666667,0.00115833333333333,0.00124333333333333,0.00133166666666667,0.00142,0.000421666666666667,0,1,0,0,0,0,0,0,1,1,1,1,1,1,1,1,1,1,1,1,1,1,1,1,1,1,1,1,1,1,1,1,1,1,1,1,1,1,1,1,1,1,1,1,1,1,1,1,1,1,1,1,1,1,1,1,1,1,1,1,1,1,1,1,1,1,1,1,1,1,1,1,1,1,1,1,1,1,1,1,0
2026-06-23 13:00:00,246.6392441,0,0,0,0,0,0,0.16228,7.83783833333333,35.3718433333333,49.13104,37.9619466666667,29.84663,26.5522433333333,24.7412133333333,22.4817366666667,6.173145,2.09987166666667,0.9527,0.554386666666667,0.42338,0.370163333333333,0.37416,0.301848333333333,0.22825,0.17303,0.157658333333333,0.144251666666667,0.142073333333333,0.131178333333333,0.121243333333333,0.120055,0.116296666666667,0.120321666666667,0.101255,0.0833,0.104586666666667,0.0846983333333333,0.08411,0.0732816666666667,0.0658483333333333,0.057665,0.0444083333333333,0.0519583333333333,0.0392716666666667,0.0406716666666667,0.04096,0.0306216666666667,0.027285,0.02188,0.017705,0.0179133333333333,0.01344,0.01184,0.00858333333333333,0.00759833333333333,0.00639333333333333,0.00556166666666667,0.0049,0.00376666666666667,0.00196,0.00403,0.00460833333333333,0.00447833333333333,0.002925,0.00307166666666667,0.00197,0.000846666666666667,0.000928333333333333,0.00128666666666667,0.001245,0.000986666666666667,0.000686666666666667,0.00126666666666667,0.00136666666666667,0.00146666666666667,0.00156666666666667,0.00166666666666667,0.0005,0,1,0,0,0,0,0,0,1,1,1,1,1,1,1,1,1,1,1,1,1,1,1,1,1,1,1,1,1,1,1,1,1,1,1,1,1,1,1,1,1,1,1,1,1,1,1,1,1,1,1,1,1,1,1,1,1,1,1,1,1,1,1,1,1,1,1,1,1,1,1,1,1,1,1,1,1,1,1,1,0
2026-06-23 14:00:00,293.165491216667,0,0,0,0,0,0,0.202193333333333,9.21901666666667,42.0870216666667,58.5855016666667,44.9993583333333,35.108445,31.15567,29.211465,26.610855,7.220035,2.511385,1.11248666666667,0.603858333333333,0.46244,0.383151666666667,0.385005,0.313848333333333,0.225843333333333,0.173698333333333,0.155503333333333,0.158615,0.139928333333333,0.12197,0.133305,0.122646666666667,0.107605,0.107336666666667,0.101428333333333,0.08749,0.0850233333333333,0.086745,0.07559,0.068025,0.06393,0.06686,0.05272,0.0536483333333333,0.04553,0.0319833333333333,0.034705,0.0367633333333333,0.02646,0.0226983333333333,0.0150833333333333,0.017665,0.01349,0.013455,0.0129616666666667,0.00857666666666667,0.00846833333333333,0.00802666666666667,0.00702333333333333,0.00508333333333333,0.00588,0.00199333333333333,0.00249166666666667,0.00147833333333333,0.00250166666666667,0.00115333333333333,0.00240166666666667,0.000696666666666667,0.000836666666666667,0.00166666666666667,0.000415,0.00197333333333333,0.00176333333333333,0.00126666666666667,0.00136166666666667,0.00146166666666667,0.00156666666666667,0.00167166666666667,0.000495,0,1,0,0,0,0,0,0,1,1,1,1,1,1,1,1,1,1,1,1,1,1,1,1,1,1,1,1,1,1,1,1,1,1,1,1,1,1,1,1,1,1,1,1,1,1,1,1,1,1,1,1,1,1,1,1,1,1,1,1,1,1,1,1,1,1,1,1,1,1,1,1,1,1,1,1,1,1,1,1,0
2026-06-23 15:00:00,395.822461516667,0,0,0,0,0,0,0.234521666666667,11.968315,56.63828,80.0629866666667,61.9902333333333,47.2939266666667,41.7755183333333,38.6736033333333,36.1331766666667,10.17398,3.33184833333333,1.44777666666667,0.777218333333333,0.593651666666667,0.452286666666667,0.444066666666667,0.386478333333333,0.258268333333333,0.194865,0.16747,0.15399,0.161798333333333,0.130708333333333,0.132735,0.122655,0.130898333333333,0.105451666666667,0.102673333333333,0.100653333333333,0.0887033333333333,0.0754816666666667,0.0766966666666667,0.0777166666666667,0.0732433333333333,0.0573733333333333,0.0629433333333333,0.0590716666666667,0.0436383333333333,0.0342833333333333,0.034815,0.0274466666666667,0.0234133333333333,0.02805,0.027735,0.0230466666666667,0.0266816666666667,0.0183083333333333,0.00946333333333333,0.00966833333333333,0.00811833333333333,0.00900166666666667,0.004845,0.00725166666666667,0.00453,0.00573666666666667,0.00343333333333333,0.003025,0.00296333333333333,0.00245833333333333,0.00276,0.00238333333333333,0.00134666666666667,0.00192666666666667,0.00285666666666667,0.00189333333333333,0.00143,0.00057,0.000615,0.00066,0.000705,0.00075,0.000225,0,1,0,0,0,0,0,0,1,1,1,1,1,1,1,1,1,1,1,1,1,1,1,1,1,1,1,1,1,1,1,1,1,1,1,1,1,1,1,1,1,1,1,1,1,1,1,1,1,1,1,1,1,1,1,1,1,1,1,1,1,1,1,1,1,1,1,1,1,1,1,1,1,1,1,1,1,1,1,1,0
2026-06-23 16:00:00,401.762901316667,0,0,0,0,0,0,0.232583333333333,11.92795,56.7592966666667,82.1741416666667,63.1627533333333,48.7234066666667,42.1961066666667,38.3396416666667,37.0505883333333,11.1855466666667,3.43700166666667,1.51619666666667,0.795423333333333,0.545688333333333,0.46737,0.454815,0.378033333333333,0.290385,0.210218333333333,0.175496666666667,0.158705,0.153666666666667,0.148421666666667,0.145051666666667,0.113543333333333,0.121701666666667,0.116311666666667,0.0986166666666667,0.0908833333333333,0.0873466666666667,0.099495,0.0859033333333333,0.0849616666666667,0.0709933333333333,0.0603266666666667,0.052855,0.05164,0.0488516666666667,0.0436,0.03899,0.0379616666666667,0.036055,0.0289816666666667,0.0192683333333333,0.023405,0.0167883333333333,0.01781,0.0141466666666667,0.009825,0.0117483333333333,0.009175,0.007105,0.00594333333333333,0.00331833333333333,0.00678,0.00399333333333333,0.00405333333333333,0.00373333333333333,0.00219166666666667,0.000496666666666667,0.00225666666666667,0.000681666666666667,0.00169666666666667,0.00139,0.00122666666666667,0.000946666666666667,0.000823333333333333,0.000888333333333333,0.000953333333333333,0.00101833333333333,0.00108333333333333,0.000325,0,1,0,0,0,0,0,0,1,1,1,1,1,1,1,1,1,1,1,1,1,1,1,1,1,1,1,1,1,1,1,1,1,1,1,1,1,1,1,1,1,1,1,1,1,1,1,1,1,1,1,1,1,1,1,1,1,1,1,1,1,1,1,1,1,1,1,1,1,1,1,1,1,1,1,1,1,1,1,1,0
2026-06-23 17:00:00,415.298757916667,0,0,0,0,0,0,0.214636666666667,12.0103116666667,57.5731916666667,83.55266,64.4982383333333,50.5383716666667,44.514485,41.1629866666667,38.7307616666667,10.6190416666667,3.5649,1.54838,0.823336666666667,0.605586666666667,0.501095,0.489898333333333,0.424351666666667,0.29509,0.232538333333333,0.189086666666667,0.180081666666667,0.166551666666667,0.146796666666667,0.144788333333333,0.118628333333333,0.12986,0.122218333333333,0.113015,0.108988333333333,0.0998616666666667,0.109061666666667,0.09643,0.0928716666666667,0.0722233333333333,0.0661116666666667,0.0548633333333333,0.0559233333333333,0.0458733333333333,0.04683,0.0448116666666667,0.0359716666666667,0.0312783333333333,0.0265616666666667,0.0289083333333333,0.0195716666666667,0.0256466666666667,0.0170166666666667,0.01104,0.01102,0.00944166666666667,0.00823,0.00821833333333333,0.00569666666666667,0.010235,0.004505,0.00541333333333333,0.00447833333333333,0.00211666666666667,0.00295833333333333,0.00373,0.00184333333333333,0.00206833333333333,0.00105666666666667,0.000781666666666667,0.00122666666666667,0.00146666666666667,0.00114,0.00122166666666667,0.00131166666666667,0.00141,0.00150833333333333,0.000441666666666667,0,1,0,0,0,0,0,0,1,1,1,1,1,1,1,1,1,1,1,1,1,1,1,1,1,1,1,1,1,1,1,1,1,1,1,1,1,1,1,1,1,1,1,1,1,1,1,1,1,1,1,1,1,1,1,1,1,1,1,1,1,1,1,1,1,1,1,1,1,1,1,1,1,1,1,1,1,1,1,1,0
2026-06-23 18:00:00,469.9146215,0,0,0,0,0,0,0.243818333333333,13.1434616666667,63.8597633333333,94.1575366666667,73.8349166666667,57.991085,51.2461683333333,47.82484,43.4625183333333,11.4555433333333,4.105595,1.73969666666667,0.931661666666667,0.667863333333333,0.582223333333333,0.521281666666667,0.456545,0.301638333333333,0.223368333333333,0.1854,0.175876666666667,0.167703333333333,0.154316666666667,0.152535,0.143861666666667,0.13353,0.116586666666667,0.119526666666667,0.102971666666667,0.102836666666667,0.098895,0.0945083333333333,0.0799166666666667,0.0640166666666667,0.0671816666666667,0.0595066666666667,0.0590316666666667,0.0475483333333333,0.045985,0.0410233333333333,0.0373,0.03526,0.023915,0.02414,0.0226033333333333,0.020935,0.0214966666666667,0.0136616666666667,0.0152916666666667,0.00832833333333333,0.00808333333333333,0.00854333333333333,0.00519333333333333,0.00417166666666667,0.00545333333333333,0.00276666666666667,0.00525166666666667,0.00300166666666667,0.00392,0.000421666666666667,0.00157333333333333,0.00295666666666667,0.00196333333333333,0.000608333333333333,0.000413333333333333,0.000628333333333333,0.000633333333333333,0.00068,0.00073,0.000783333333333333,0.000836666666666667,0.000246666666666667,0,1,0,0,0,0,0,0,1,1,1,1,1,1,1,1,1,1,1,1,1,1,1,1,1,1,1,1,1,1,1,1,1,1,1,1,1,1,1,1,1,1,1,1,1,1,1,1,1,1,1,1,1,1,1,1,1,1,1,1,1,1,1,1,1,1,1,1,1,1,1,1,1,1,1,1,1,1,1,1,0
2026-06-23 19:00:00,508.260854116667,0,0,0,0,0,0,0.269731666666667,13.4351216666667,66.565375,100.937765,80.2111183333333,63.508605,55.7449683333333,51.699825,49.2168233333333,14.000365,4.56644,1.97045833333333,1.04202,0.737891666666667,0.611061666666667,0.572321666666667,0.501665,0.330081666666667,0.253918333333333,0.208815,0.202463333333333,0.197535,0.148508333333333,0.151845,0.131166666666667,0.13323,0.123523333333333,0.111408333333333,0.108511666666667,0.09695,0.0942483333333333,0.078985,0.085695,0.06552,0.0621716666666667,0.05582,0.0474983333333333,0.04055,0.0416283333333333,0.0313733333333333,0.0329566666666667,0.0333766666666667,0.024325,0.0271316666666667,0.0147566666666667,0.0146283333333333,0.01897,0.0128383333333333,0.0113466666666667,0.00682333333333333,0.00544666666666667,0.00453,0.00483,0.00399833333333333,0.00355666666666667,0.00348166666666667,0.00229,0.002155,0.00126666666666667,0.001265,0.000708333333333333,0.00134666666666667,0.0000366666666666667,0.001245,0.000733333333333333,0.00115666666666667,0.000696666666666667,0.00075,0.000805,0.000861666666666667,0.000918333333333333,0.000273333333333333,0,1,0,0,0,0,0,0,1,1,1,1,1,1,1,1,1,1,1,1,1,1,1,1,1,1,1,1,1,1,1,1,1,1,1,1,1,1,1,1,1,1,1,1,1,1,1,1,1,1,1,1,1,1,1,1,1,1,1,1,1,1,1,1,1,1,1,1,1,1,1,1,1,1,1,1,1,1,1,1,0
2026-06-23 20:00:00,511.266969766667,0,0,0,0,0,0,0.248695,13.00198,64.2295616666667,97.0300216666667,77.678995,62.6086166666667,56.1551966666667,53.0254183333333,52.9937366666667,17.3683,5.78203666666667,2.58384833333333,1.35491666666667,0.955971666666667,0.798866666666667,0.763858333333333,0.634436666666667,0.395618333333333,0.323848333333333,0.238955,0.210988333333333,0.222376666666667,0.192868333333333,0.172573333333333,0.161853333333333,0.137675,0.13198,0.122711666666667,0.110188333333333,0.106271666666667,0.105026666666667,0.095885,0.08582,0.0710716666666667,0.064575,0.061055,0.0669066666666667,0.0462683333333333,0.05443,0.045995,0.033435,0.0334333333333333,0.0334883333333333,0.0291783333333333,0.0217433333333333,0.019235,0.0156383333333333,0.0143266666666667,0.00722666666666667,0.00903833333333333,0.006825,0.00684333333333333,0.00268833333333333,0.00357166666666667,0.00213333333333333,0.00501833333333333,0.00383166666666667,0.002155,0.00242,0.002825,0.00111666666666667,0.00165333333333333,0.00149166666666667,0.00143833333333333,0.00206666666666667,0.00052,0.000316666666666667,0.000341666666666667,0.000366666666666667,0.000391666666666667,0.000416666666666667,0.000125,0,1,0,0,0,0,0,0,1,1,1,1,1,1,1,1,1,1,1,1,1,1,1,1,1,1,1,1,1,1,1,1,1,1,1,1,1,1,1,1,1,1,1,1,1,1,1,1,1,1,1,1,1,1,1,1,1,1,1,1,1,1,1,1,1,1,1,1,1,1,1,1,1,1,1,1,1,1,1,1,0
2026-06-23 21:00:00,464.618422983333,0,0,0,0,0,0,0.202453333333333,11.3818133333333,56.630515,86.5669466666667,69.9226716666667,56.9918,51.5961116666667,49.1594366666667,50.4457716666667,16.8281566666667,5.65100333333333,2.59399333333333,1.39113,0.98384,0.865146666666667,0.789776666666667,0.67226,0.417083333333333,0.309863333333333,0.240401666666667,0.218581666666667,0.203985,0.177175,0.164385,0.152893333333333,0.147413333333333,0.135276666666667,0.11523,0.100043333333333,0.102118333333333,0.10915,0.0925083333333333,0.0882833333333333,0.08057,0.0780266666666667,0.0585566666666667,0.0438266666666667,0.050475,0.0362066666666667,0.03579,0.0272083333333333,0.0311683333333333,0.0216283333333333,0.0225383333333333,0.0248483333333333,0.0168616666666667,0.0152783333333333,0.01177,0.00969833333333333,0.009775,0.007655,0.008965,0.00605,0.004175,0.00294,0.00517,0.002455,0.00211666666666667,0.000423333333333333,0.00078,0.000426666666666667,0.00055,0.00147333333333333,0.000193333333333333,0.000413333333333333,0.000151666666666667,0.000443333333333333,0.000478333333333333,0.000513333333333333,0.000548333333333333,0.000583333333333333,0.000175,0,1,0,0,0,0,0,0,1,1,1,1,1,1,1,1,1,1,1,1,1,1,1,1,1,1,1,1,1,1,1,1,1,1,1,1,1,1,1,1,1,1,1,1,1,1,1,1,1,1,1,1,1,1,1,1,1,1,1,1,1,1,1,1,1,1,1,1,1,1,1,1,1,1,1,1,1,1,1,1,0
2026-06-23 22:00:00,479.476296966667,0,0,0,0,0,0,0.189468333333333,11.62918,57.28861,88.6501616666667,71.8610733333333,58.547055,53.4462166666667,51.3755116666667,52.5350966666667,17.4524216666667,5.97033166666667,2.72780166666667,1.43248166666667,1.04742666666667,0.869738333333333,0.783103333333333,0.716466666666667,0.43535,0.317193333333333,0.242668333333333,0.208371666666667,0.19576,0.176951666666667,0.154943333333333,0.145663333333333,0.136048333333333,0.130355,0.113901666666667,0.114345,0.106665,0.0911383333333333,0.0965383333333333,0.0819933333333333,0.0629166666666667,0.0622,0.05512,0.0531733333333333,0.0419483333333333,0.0367466666666667,0.035605,0.0263616666666667,0.0299533333333333,0.0215866666666667,0.018855,0.021015,0.0175433333333333,0.0152766666666667,0.0127733333333333,0.007705,0.00486,0.00536166666666667,0.00539,0.002085,0.00246666666666667,0.00374666666666667,0.00371833333333333,0.000976666666666667,0.00219333333333333,0.00238,0.00113833333333333,0.000985,0.00134666666666667,0.00128666666666667,0,0.000826666666666667,0.0000866666666666667,0.000253333333333333,0.000273333333333333,0.000293333333333333,0.000313333333333333,0.000333333333333333,0.0001,0,1,0,0,0,0,0,0,1,1,1,1,1,1,1,1,1,1,1,1,1,1,1,1,1,1,1,1,1,1,1,1,1,1,1,1,1,1,1,1,1,1,1,1,1,1,1,1,1,1,1,1,1,1,1,1,1,1,1,1,1,1,1,1,1,1,1,1,1,1,1,1,1,1,1,1,1,1,1,1,0
2026-06-23 23:00:00,480.872095716667,0,0,0,0,0,0,0.17649,11.3544683333333,56.3778116666667,87.2093783333333,71.1797966666667,58.39426,53.65677,51.7620633333333,53.480495,18.2040883333333,6.44673333333333,2.86263166666667,1.528105,1.10190833333333,0.952255,0.860473333333333,0.742168333333333,0.439383333333333,0.344473333333333,0.239633333333333,0.225723333333333,0.211051666666667,0.181486666666667,0.173758333333333,0.161606666666667,0.134441666666667,0.126505,0.10957,0.108471666666667,0.115193333333333,0.092265,0.0867333333333333,0.0820966666666667,0.0734233333333333,0.0740583333333333,0.057905,0.0514216666666667,0.045065,0.04064,0.03772,0.0330016666666667,0.0289083333333333,0.0220466666666667,0.0235783333333333,0.019835,0.0167683333333333,0.01035,0.010855,0.0120333333333333,0.00509833333333333,0.00398666666666667,0.00315,0.002855,0.001535,0.00166,0.002395,0.00225166666666667,0.00130833333333333,0.00215166666666667,0.00112666666666667,0.000558333333333333,0.001235,0.000851666666666667,0.000415,0.000986666666666667,0.000773333333333333,0.000316666666666667,0.000341666666666667,0.000366666666666667,0.000391666666666667,0.000416666666666667,0.000125,0,1,0,0,0,0,0,0,1,1,1,1,1,1,1,1,1,1,1,1,1,1,1,1,1,1,1,1,1,1,1,1,1,1,1,1,1,1,1,1,1,1,1,1,1,1,1,1,1,1,1,1,1,1,1,1,1,1,1,1,1,1,1,1,1,1,1,1,1,1,1,1,1,1,1,1,1,1,1,1,0
2026-06-24,452.219051633333,0,0,0,0,0,0,0.171271666666667,10.4497433333333,51.2539766666667,79.562195,65.18658,54.4651333333333,50.821065,49.67079,53.3628233333333,18.3404916666667,6.72747666666667,3.228435,1.7339,1.30257666666667,1.04835333333333,0.967725,0.861118333333333,0.477085,0.346315,0.25014,0.214061666666667,0.21697,0.172948333333333,0.171338333333333,0.163478333333333,0.148118333333333,0.140468333333333,0.1263,0.12045,0.10192,0.0947666666666667,0.097735,0.0784166666666667,0.07855,0.055805,0.0493583333333333,0.0592916666666667,0.04647,0.04945,0.0375183333333333,0.0328266666666667,0.0256716666666667,0.0267716666666667,0.0174,0.0168283333333333,0.0192716666666667,0.0162233333333333,0.00884833333333333,0.00788166666666667,0.00669333333333333,0.00498833333333333,0.004695,0.00388666666666667,0.00263833333333333,0.00204,0.00297,0.00137666666666667,0.000423333333333333,0.00119,0.00176166666666667,0.00042,0.000418333333333333,0,0.000588333333333333,0.00024,0.00052,0.000316666666666667,0.000341666666666667,0.000366666666666667,0.000391666666666667,0.000416666666666667,0.000125,0,1,0,0,0,0,0,0,1,1,1,1,1,1,1,1,1,1,1,1,1,1,1,1,1,1,1,1,1,1,1,1,1,1,1,1,1,1,1,1,1,1,1,1,1,1,1,1,1,1,1,1,1,1,1,1,1,1,1,1,1,1,1,1,1,1,1,1,1,1,1,1,1,1,1,1,1,1,1,1,0
2026-06-24 01:00:00,456.6871796,0,0,0,0,0,0,0.177701666666667,10.7273983333333,52.4077766666667,80.4808733333333,65.81953,54.4779583333333,50.6694916666667,50.3772133333333,53.8122583333333,17.702675,6.88068166666667,3.3665,1.87717666666667,1.37224666666667,1.11236666666667,1.12826333333333,0.937415,0.48119,0.340236666666667,0.251178333333333,0.222185,0.201551666666667,0.177716666666667,0.163051666666667,0.140148333333333,0.137005,0.129001666666667,0.11496,0.118155,0.109773333333333,0.09523,0.0838816666666667,0.08031,0.0705383333333333,0.0650083333333333,0.05482,0.046485,0.0369316666666667,0.0420533333333333,0.0326266666666667,0.0354366666666667,0.0255283333333333,0.023575,0.0215516666666667,0.0148266666666667,0.0130316666666667,0.011915,0.0120816666666667,0.00761666666666667,0.00353833333333333,0.00556166666666667,0.00446833333333333,0.00326,0.00545166666666667,0.00289166666666667,0.00264833333333333,0.00085,0.00234833333333333,0.00103666666666667,0.002115,0.00183166666666667,0.000263333333333333,0.00125,0.000415,0,0.000065,0.00019,0.000203333333333333,0.000218333333333333,0.000235,0.000251666666666667,0.0000733333333333333,0,1,0,0,0,0,0,0,1,1,1,1,1,1,1,1,1,1,1,1,1,1,1,1,1,1,1,1,1,1,1,1,1,1,1,1,1,1,1,1,1,1,1,1,1,1,1,1,1,1,1,1,1,1,1,1,1,1,1,1,1,1,1,1,1,1,1,1,1,1,1,1,1,1,1,1,1,1,1,1,0
2026-06-24 02:00:00,448.63793235,0,0,0,0,0,0,0.174811666666667,10.5498583333333,51.0934483333333,77.5150666666667,62.78533,52.3596266666667,49.2456083333333,49.5156016666667,54.1956166666667,18.0304583333333,7.86843,3.88339,2.11855,1.65338333333333,1.43366333333333,1.35249666666667,1.16127666666667,0.548151666666667,0.376475,0.26691,0.21885,0.20018,0.177323333333333,0.161313333333333,0.165766666666667,0.133683333333333,0.121906666666667,0.109923333333333,0.104921666666667,0.0978,0.090415,0.06741,0.0696633333333333,0.0601183333333333,0.0494933333333333,0.0452983333333333,0.0415733333333333,0.0373116666666667,0.0304,0.0291433333333333,0.0234066666666667,0.0276316666666667,0.027715,0.0155,0.0143066666666667,0.0146966666666667,0.015635,0.00943,0.00838833333333333,0.00528666666666667,0.00553333333333333,0.00409666666666667,0.00303,0.00221333333333333,0.00128,0.00107166666666667,0.00267666666666667,0.00169333333333333,0.00169166666666667,0.00134,0,0,0.00105666666666667,0.00102333333333333,0,0.0000866666666666667,0.000253333333333333,0.000273333333333333,0.000293333333333333,0.000313333333333333,0.000333333333333333,0.0001,0,1,0,0,0,0,0,0,1,1,1,1,1,1,1,1,1,1,1,1,1,1,1,1,1,1,1,1,1,1,1,1,1,1,1,1,1,1,1,1,1,1,1,1,1,1,1,1,1,1,1,1,1,1,1,1,1,1,1,1,1,1,1,1,1,1,1,1,1,1,1,1,1,1,1,1,1,1,1,1,0
2026-06-24 03:00:00,374.427983116667,0,0,0,0,0,0,0.168008333333333,9.96312166666667,46.7468816666667,68.83039,53.44402,43.126375,39.6149816666667,38.7315283333333,41.834795,13.9097866666667,5.96377333333333,3.05233666666667,1.74888333333333,1.29928333333333,1.1397,1.07774666666667,0.953411666666667,0.467861666666667,0.318923333333333,0.195438333333333,0.154543333333333,0.157638333333333,0.120038333333333,0.12187,0.113281666666667,0.0917033333333333,0.089815,0.0801616666666667,0.0711966666666667,0.0664233333333333,0.058325,0.0596616666666667,0.0503683333333333,0.0327733333333333,0.0340416666666667,0.023,0.02725,0.0196716666666667,0.0213483333333333,0.024115,0.0125016666666667,0.0187,0.0164483333333333,0.0168533333333333,0.0104633333333333,0.00585666666666667,0.00504166666666667,0.007705,0.00421666666666667,0.00389166666666667,0.00275166666666667,0.00596,0.00125166666666667,0.00196166666666667,0.00208666666666667,0.00186833333333333,0.00158,0.00200166666666667,0.000115,0.00197,0.000558333333333333,0.000418333333333333,0.000416666666666667,0.000415,0.000573333333333333,0.000275,0.0000633333333333333,0.0000683333333333333,0.0000733333333333333,0.0000783333333333333,0.0000833333333333333,0.000025,0,1,0,0,0,0,0,0,1,1,1,1,1,1,1,1,1,1,1,1,1,1,1,1,1,1,1,1,1,1,1,1,1,1,1,1,1,1,1,1,1,1,1,1,1,1,1,1,1,1,1,1,1,1,1,1,1,1,1,1,1,1,1,1,1,1,1,1,1,1,1,1,1,1,1,1,1,1,1,1,0
2026-06-24 04:00:00,388.333715833333,0,0,0,0,0,0,0.157378333333333,10.2656633333333,48.7571866666667,71.8404216666667,55.4840883333333,44.1816666666667,40.31975,39.8403,42.7192683333333,14.2923666666667,6.97214,3.64227666666667,2.228885,1.81959833333333,1.51824666666667,1.56298166666667,1.42474666666667,0.631413333333333,0.40462,0.243646666666667,0.216655,0.178081666666667,0.135196666666667,0.111611666666667,0.105808333333333,0.0957566666666667,0.0808066666666667,0.0687733333333333,0.0517583333333333,0.0551283333333333,0.04743,0.0424233333333333,0.035215,0.02877,0.031175,0.0235116666666667,0.0191116666666667,0.0234016666666667,0.0173783333333333,0.0143183333333333,0.0132216666666667,0.0128083333333333,0.0107116666666667,0.00993833333333333,0.0109033333333333,0.00913833333333333,0.00574,0.00360833333333333,0.007335,0.00206666666666667,0.00223666666666667,0.003155,0.00234833333333333,0.00375,0.00298666666666667,0.00182,0.00073,0.00123166666666667,0.00115333333333333,0.000571666666666667,0.00042,0.000418333333333333,0.00064,0.000608333333333333,0,0.000065,0.00019,0.000205,0.00022,0.000235,0.00025,0.000075,0,1,0,0,0,0,0,0,1,1,1,1,1,1,1,1,1,1,1,1,1,1,1,1,1,1,1,1,1,1,1,1,1,1,1,1,1,1,1,1,1,1,1,1,1,1,1,1,1,1,1,1,1,1,1,1,1,1,1,1,1,1,1,1,1,1,1,1,1,1,1,1,1,1,1,1,1,1,1,1,0
2026-06-24 05:00:00,390.687398816667,0,0,0,0,0,0,0.170666666666667,10.2173383333333,48.4520266666667,71.6439716666667,55.63693,43.9204816666667,40.3337416666667,39.5890333333333,42.5724716666667,14.0849933333333,6.95506333333333,3.745285,2.32712833333333,1.82748,1.66321,1.67228666666667,1.48601333333333,0.671166666666667,0.446123333333333,0.25955,0.224428333333333,0.179441666666667,0.136033333333333,0.123038333333333,0.0941516666666667,0.0908666666666667,0.083205,0.06882,0.063995,0.0571433333333333,0.0434933333333333,0.041025,0.0394616666666667,0.025105,0.0269283333333333,0.0244316666666667,0.021055,0.0183033333333333,0.01717,0.0153,0.0175733333333333,0.0165433333333333,0.012425,0.0102666666666667,0.00562166666666667,0.00795666666666667,0.00617333333333333,0.00344166666666667,0.00502,0.00408166666666667,0.00372666666666667,0.00335166666666667,0.00403833333333333,0.00424833333333333,0.00208666666666667,0.00344833333333333,0.00162333333333333,0.0005,0.00119166666666667,0.00176166666666667,0,0.000816666666666667,0.000851666666666667,0,0.00032,0.000961666666666667,0.000126666666666667,0.000136666666666667,0.000146666666666667,0.000156666666666667,0.000166666666666667,0.00005,0,1,0,0,0,0,0,0,1,1,1,1,1,1,1,1,1,1,1,1,1,1,1,1,1,1,1,1,1,1,1,1,1,1,1,1,1,1,1,1,1,1,1,1,1,1,1,1,1,1,1,1,1,1,1,1,1,1,1,1,1,1,1,1,1,1,1,1,1,1,1,1,1,1,1,1,1,1,1,1,0
2026-06-24 06:00:00,362.65805865,0,0,0,0,0,0,0.175266666666667,10.3703383333333,48.7629033333333,70.701945,53.693925,41.5115766666667,36.5459483333333,35.0011533333333,36.245605,12.19149,5.77525333333333,3.00029333333333,1.835805,1.40944666666667,1.27025833333333,1.26420166666667,1.126745,0.50126,0.344961666666667,0.19548,0.167623333333333,0.15836,0.12167,0.11529,0.0935616666666667,0.0802883333333333,0.0775266666666667,0.0578216666666667,0.0632416666666667,0.058965,0.0443033333333333,0.0414083333333333,0.0454866666666667,0.0319816666666667,0.0308416666666667,0.0243966666666667,0.0255133333333333,0.020635,0.0187483333333333,0.0208566666666667,0.0117533333333333,0.0145333333333333,0.008385,0.0144316666666667,0.01187,0.0104316666666667,0.00826,0.0109,0.00536,0.00676666666666667,0.00260833333333333,0.00441166666666667,0.00349,0.00314333333333333,0.002275,0.00242833333333333,0.00280333333333333,0.00261666666666667,0.00119333333333333,0.00127666666666667,0.000978333333333333,0.000816666666666667,0.000435,0.000588333333333333,0.00024,0.00052,0.000316666666666667,0.000341666666666667,0.000366666666666667,0.000391666666666667,0.000416666666666667,0.000125,0,1,0,0,0,0,0,0,1,1,1,1,1,1,1,1,1,1,1,1,1,1,1,1,1,1,1,1,1,1,1,1,1,1,1,1,1,1,1,1,1,1,1,1,1,1,1,1,1,1,1,1,1,1,1,1,1,1,1,1,1,1,1,1,1,1,1,1,1,1,1,1,1,1,1,1,1,1,1,1,0
2026-06-24 07:00:00,305.369305466667,0,0,0,0,0,0,0.184655,10.5326616666667,46.482015,63.6827466666667,46.561855,34.93536,30.01898,27.6978616666667,27.5286033333333,8.51654166666667,3.71943666666667,1.845935,1.05462833333333,0.807071666666667,0.694991666666667,0.666856666666667,0.593521666666667,0.30571,0.22999,0.142398333333333,0.144783333333333,0.126856666666667,0.0999733333333333,0.0909116666666667,0.109701666666667,0.0796633333333333,0.0792533333333333,0.0691133333333333,0.0642783333333333,0.0616283333333333,0.061535,0.0550933333333333,0.049665,0.0351433333333333,0.036665,0.0380816666666667,0.0334066666666667,0.0266366666666667,0.02147,0.0249133333333333,0.01749,0.01573,0.0152816666666667,0.0130333333333333,0.0153183333333333,0.014605,0.00983166666666667,0.00705333333333333,0.00804666666666667,0.00789666666666667,0.008,0.005905,0.00363333333333333,0.003315,0.00464666666666667,0.00132333333333333,0.0034,0.003735,0.00261166666666667,0.002115,0.00196333333333333,0.00260333333333333,0.000676666666666667,0.00102333333333333,0,0.000325,0.00095,0.00102,0.001095,0.001175,0.001255,0.00037,0,1,0,0,0,0,0,0,1,1,1,1,1,1,1,1,1,1,1,1,1,1,1,1,1,1,1,1,1,1,1,1,1,1,1,1,1,1,1,1,1,1,1,1,1,1,1,1,1,1,1,1,1,1,1,1,1,1,1,1,1,1,1,1,1,1,1,1,1,1,1,1,1,1,1,1,1,1,1,1,0
2026-06-24 08:00:00,310.303590866667,0,0,0,0,0,0,0.172068333333333,9.89595,44.200875,60.3575133333333,45.9647083333333,36.2218333333333,32.879835,32.6946683333333,29.2265716666667,7.90527333333333,3.46271833333333,1.65199666666667,0.880375,0.710851666666667,0.609018333333333,0.585303333333333,0.44278,0.247563333333333,0.19318,0.146671666666667,0.146803333333333,0.131765,0.110563333333333,0.11706,0.0976016666666667,0.10064,0.0847016666666667,0.0862316666666667,0.0817016666666667,0.06955,0.0685666666666667,0.0720316666666667,0.0517666666666667,0.052155,0.0476416666666667,0.0355466666666667,0.0414383333333333,0.0319633333333333,0.032935,0.0350633333333333,0.023825,0.0275783333333333,0.0205516666666667,0.0192416666666667,0.0181616666666667,0.0145566666666667,0.00896833333333333,0.00816166666666667,0.00808333333333333,0.00596833333333333,0.006365,0.00501333333333333,0.00357833333333333,0.00374833333333333,0.00275,0.00248166666666667,0.00192833333333333,0.00207833333333333,0.00292,0.00184333333333333,0.00196333333333333,0.001765,0.00087,0.00083,0.000413333333333333,0.0000866666666666667,0.000253333333333333,0.000273333333333333,0.000293333333333333,0.000313333333333333,0.000333333333333333,0.0001,0,1,0,0,0,0,0,0,1,1,1,1,1,1,1,1,1,1,1,1,1,1,1,1,1,1,1,1,1,1,1,1,1,1,1,1,1,1,1,1,1,1,1,1,1,1,1,1,1,1,1,1,1,1,1,1,1,1,1,1,1,1,1,1,1,1,1,1,1,1,1,1,1,1,1,1,1,1,1,1,0
2026-06-24 09:00:00,340.80690915,0,0,0,0,0,0,0.205823333333333,10.8473283333333,48.5735933333333,66.4644566666667,50.710875,40.1089666666667,36.9723283333333,36.8295433333333,31.1431933333333,8.312435,3.74433666666667,1.70217166666667,1.00474333333333,0.762661666666667,0.639576666666667,0.649658333333333,0.44418,0.257083333333333,0.198766666666667,0.169363333333333,0.162628333333333,0.139618333333333,0.120968333333333,0.133795,0.10788,0.115976666666667,0.0912666666666667,0.0903183333333333,0.0886983333333333,0.0892633333333333,0.0738483333333333,0.076735,0.0660166666666667,0.057685,0.054075,0.0527133333333333,0.0448133333333333,0.041015,0.03068,0.0316283333333333,0.0313633333333333,0.0258733333333333,0.0215333333333333,0.02149,0.0199216666666667,0.01634,0.01465,0.0124233333333333,0.0121833333333333,0.00864666666666667,0.00777,0.00841666666666667,0.00496333333333333,0.005205,0.00336666666666667,0.00292166666666667,0.00168666666666667,0.00173166666666667,0.00261166666666667,0.00239166666666667,0.00307833333333333,0.000418333333333333,0,0.00083,0.000413333333333333,0.000151666666666667,0.000443333333333333,0.000476666666666667,0.000511666666666667,0.000548333333333333,0.000585,0.000173333333333333,0,1,0,0,0,0,0,0,1,1,1,1,1,1,1,1,1,1,1,1,1,1,1,1,1,1,1,1,1,1,1,1,1,1,1,1,1,1,1,1,1,1,1,1,1,1,1,1,1,1,1,1,1,1,1,1,1,1,1,1,1,1,1,1,1,1,1,1,1,1,1,1,1,1,1,1,1,1,1,1,0
2026-06-24 10:00:00,338.410070766667,0,0,0,0,0,0,0.21887,11.3292366666667,50.46552,68.4031266666667,51.5666116666667,39.326635,34.8876633333333,33.5833766666667,30.516575,8.60424,3.41458666666667,1.566385,0.897296666666667,0.678043333333333,0.594073333333333,0.562916666666667,0.435938333333333,0.27016,0.197998333333333,0.160331666666667,0.148173333333333,0.129885,0.127381666666667,0.115241666666667,0.108661666666667,0.1023,0.10281,0.08674,0.08511,0.0847133333333333,0.07643,0.0705466666666667,0.0670583333333333,0.056785,0.0531,0.04709,0.0424933333333333,0.0417583333333333,0.0389516666666667,0.0305283333333333,0.0287616666666667,0.0269766666666667,0.0301883333333333,0.0207533333333333,0.0148083333333333,0.0214183333333333,0.013105,0.00881333333333333,0.010865,0.00925,0.00814333333333333,0.006705,0.00521666666666667,0.00580333333333333,0.00635333333333333,0.00122166666666667,0.003,0.00296333333333333,0.00092,0.000843333333333333,0.001705,0.000395,0.00105666666666667,0.00185333333333333,0.00165333333333333,0.000628333333333333,0.000633333333333333,0.000681666666666667,0.000731666666666667,0.000783333333333333,0.000835,0.000248333333333333,0,1,0,0,0,0,0,0,1,1,1,1,1,1,1,1,1,1,1,1,1,1,1,1,1,1,1,1,1,1,1,1,1,1,1,1,1,1,1,1,1,1,1,1,1,1,1,1,1,1,1,1,1,1,1,1,1,1,1,1,1,1,1,1,1,1,1,1,1,1,1,1,1,1,1,1,1,1,1,1,0
2026-06-24 11:00:00,346.309086616667,0,0,0,0,0,0,0.202495,11.168145,51.32335,70.2590066666667,52.97414,40.0824233333333,35.021545,32.5856183333333,31.6453833333333,9.84062166666667,3.518745,1.60590333333333,0.888526666666667,0.63568,0.582035,0.531688333333333,0.410388333333333,0.245791666666667,0.201366666666667,0.151113333333333,0.14052,0.121216666666667,0.12738,0.111086666666667,0.103613333333333,0.11048,0.0927966666666667,0.0921133333333333,0.076105,0.061575,0.0554066666666667,0.0597783333333333,0.059755,0.0493716666666667,0.0507816666666667,0.04216,0.0356766666666667,0.0347233333333333,0.0308466666666667,0.0266433333333333,0.032975,0.0243916666666667,0.02206,0.0172966666666667,0.0141666666666667,0.0167716666666667,0.0132,0.0123816666666667,0.00780333333333333,0.00860833333333333,0.008575,0.00773,0.00437,0.00478,0.00294,0.003875,0.00208666666666667,0.00127,0.00342333333333333,0.00239166666666667,0.000978333333333333,0.00165333333333333,0.001685,0.001245,0,0.00052,0.000316666666666667,0.000341666666666667,0.000366666666666667,0.000391666666666667,0.000416666666666667,0.000125,0,1,0,0,0,0,0,0,1,1,1,1,1,1,1,1,1,1,1,1,1,1,1,1,1,1,1,1,1,1,1,1,1,1,1,1,1,1,1,1,1,1,1,1,1,1,1,1,1,1,1,1,1,1,1,1,1,1,1,1,1,1,1,1,1,1,1,1,1,1,1,1,1,1,1,1,1,1,1,1,0
2026-06-24 12:00:00,344.331911166667,0,0,0,0,0,0,0.192956666666667,10.4720866666667,49.67412,69.430905,52.6775266666667,39.8163466666667,34.84826,31.99942,32.6573383333333,11.5166566666667,3.56992666666667,1.62621666666667,0.820325,0.596835,0.459046666666667,0.421961666666667,0.380263333333333,0.234875,0.171523333333333,0.135155,0.121943333333333,0.111113333333333,0.101703333333333,0.0952583333333333,0.0914216666666667,0.0832683333333333,0.076775,0.0813083333333333,0.0721183333333333,0.0663616666666667,0.0648416666666667,0.0549883333333333,0.048155,0.0421083333333333,0.0411716666666667,0.036295,0.0415166666666667,0.0273583333333333,0.0385716666666667,0.03001,0.0228316666666667,0.0177583333333333,0.01719,0.01864,0.018285,0.0125083333333333,0.0127216666666667,0.0104716666666667,0.00994833333333333,0.0091,0.00524666666666667,0.00261,0.00537833333333333,0.00296666666666667,0.00379333333333333,0.003365,0.00135833333333333,0.00331,0.00119166666666667,0.00198166666666667,0.00237666666666667,0.000398333333333333,0.001075,0.00119666666666667,0.000653333333333333,0.00104,0.000633333333333333,0.00068,0.00073,0.000783333333333333,0.000836666666666667,0.000246666666666667,0,1,0,0,0,0,0,0,1,1,1,1,1,1,1,1,1,1,1,1,1,1,1,1,1,1,1,1,1,1,1,1,1,1,1,1,1,1,1,1,1,1,1,1,1,1,1,1,1,1,1,1,1,1,1,1,1,1,1,1,1,1,1,1,1,1,1,1,1,1,1,1,1,1,1,1,1,1,1,1,0
2026-06-24 13:00:00,364.38530225,0,0,0,0,0,0,0.197011666666667,10.8305116666667,52.4512233333333,74.0613183333333,56.49569,42.6596183333333,36.7950716666667,33.2616416666667,34.4085733333333,12.9099733333333,3.74193166666667,1.71312333333333,0.823058333333333,0.565423333333333,0.457525,0.432561666666667,0.370041666666667,0.23825,0.175756666666667,0.13369,0.117658333333333,0.113196666666667,0.09098,0.09513,0.0855483333333333,0.0925683333333333,0.0653133333333333,0.06413,0.0641583333333333,0.0555033333333333,0.0532683333333333,0.0492,0.05276,0.0416366666666667,0.0481516666666667,0.036835,0.0339416666666667,0.02571,0.0313016666666667,0.0184583333333333,0.0195083333333333,0.0246566666666667,0.0212683333333333,0.0194516666666667,0.0140133333333333,0.0134883333333333,0.00865833333333333,0.00985833333333333,0.00982666666666667,0.00647,0.00799666666666667,0.00636166666666667,0.003085,0.003065,0.00298666666666667,0.00117333333333333,0.00392666666666667,0.000385,0.00046,0.002535,0.00125333333333333,0.000398333333333333,0.000658333333333333,0.00268333333333333,0.00016,0.000816666666666667,0.000443333333333333,0.000478333333333333,0.000513333333333333,0.000548333333333333,0.000583333333333333,0.000175,0,1,0,0,0,0,0,0,1,1,1,1,1,1,1,1,1,1,1,1,1,1,1,1,1,1,1,1,1,1,1,1,1,1,1,1,1,1,1,1,1,1,1,1,1,1,1,1,1,1,1,1,1,1,1,1,1,1,1,1,1,1,1,1,1,1,1,1,1,1,1,1,1,1,1,1,1,1,1,1,0
2026-06-24 14:00:00,361.9768158,0,0,0,0,0,0,0.203763333333333,10.393105,50.9741133333333,74.10421,56.19589,42.8500016666667,36.4556833333333,33.2373466666667,33.8442883333333,13.5466133333333,3.68798333333333,1.64548166666667,0.83726,0.553223333333333,0.46341,0.415813333333333,0.365916666666667,0.220716666666667,0.169213333333333,0.124805,0.105483333333333,0.097345,0.105523333333333,0.0950916666666667,0.0704283333333333,0.0732633333333333,0.065785,0.065245,0.0581166666666667,0.0519766666666667,0.053955,0.0570283333333333,0.0414,0.0457366666666667,0.0370116666666667,0.035205,0.031055,0.0340733333333333,0.0295166666666667,0.0202916666666667,0.0232966666666667,0.020775,0.0214033333333333,0.0167233333333333,0.01418,0.0124833333333333,0.00937666666666667,0.0099,0.00757166666666667,0.00545333333333333,0.00636333333333333,0.004125,0.00333833333333333,0.00538166666666667,0.00275,0.00375666666666667,0.00281666666666667,0.00377166666666667,0.00196166666666667,0.002195,0.00142333333333333,0.00364333333333333,0.00178833333333333,0.00305,0.00106666666666667,0.000173333333333333,0.000506666666666667,0.000546666666666667,0.000586666666666667,0.000626666666666667,0.000666666666666667,0.0002,0,1,0,0,0,0,0,0,1,1,1,1,1,1,1,1,1,1,1,1,1,1,1,1,1,1,1,1,1,1,1,1,1,1,1,1,1,1,1,1,1,1,1,1,1,1,1,1,1,1,1,1,1,1,1,1,1,1,1,1,1,1,1,1,1,1,1,1,1,1,1,1,1,1,1,1,1,1,1,1,0
2026-06-24 15:00:00,367.2829916,0,0,0,0,0,0,0.195655,10.040935,50.8992433333333,74.9249433333333,57.2523883333333,43.832765,37.3607316666667,33.8319033333333,35.0108783333333,14.0133233333333,3.859035,1.73683833333333,0.828478333333333,0.582006666666667,0.452186666666667,0.400463333333333,0.365901666666667,0.234778333333333,0.185025,0.14378,0.10052,0.117265,0.0994733333333333,0.084635,0.0716366666666667,0.07402,0.0721833333333333,0.064725,0.0589916666666667,0.0689566666666667,0.0488383333333333,0.0524466666666667,0.0523516666666667,0.0528266666666667,0.04311,0.0341766666666667,0.0367116666666667,0.0307216666666667,0.0306716666666667,0.0253966666666667,0.0182666666666667,0.01819,0.0248933333333333,0.0182133333333333,0.0188433333333333,0.00925333333333333,0.0117066666666667,0.0123016666666667,0.00609333333333333,0.00548166666666667,0.00599166666666667,0.00601666666666667,0.00599833333333333,0.00459833333333333,0.00251333333333333,0.00271833333333333,0.004015,0.00173166666666667,0.00449666666666667,0.00121333333333333,0.000276666666666667,0.00161333333333333,0.00216833333333333,0.00139,0.00106666666666667,0.00104,0.000633333333333333,0.000683333333333333,0.000733333333333333,0.000783333333333333,0.000833333333333333,0.00025,0,1,0,0,0,0,0,0,1,1,1,1,1,1,1,1,1,1,1,1,1,1,1,1,1,1,1,1,1,1,1,1,1,1,1,1,1,1,1,1,1,1,1,1,1,1,1,1,1,1,1,1,1,1,1,1,1,1,1,1,1,1,1,1,1,1,1,1,1,1,1,1,1,1,1,1,1,1,1,1,0
2026-06-24 16:00:00,376.288716116667,0,0,0,0,0,0,0.192786666666667,10.3946616666667,52.0365783333333,76.99906,58.6629566666667,45.1209883333333,38.5940883333333,34.810095,35.381825,14.0401483333333,3.81781333333333,1.66845333333333,0.821391666666667,0.555641666666667,0.477161666666667,0.40359,0.364838333333333,0.210125,0.16369,0.122115,0.11944,0.10819,0.0911916666666667,0.0939916666666667,0.0854433333333333,0.0974566666666667,0.0735466666666667,0.0715183333333333,0.06561,0.060525,0.0607716666666667,0.0460433333333333,0.0482216666666667,0.0424516666666667,0.0383266666666667,0.0327983333333333,0.03292,0.0326133333333333,0.0312133333333333,0.0273233333333333,0.0253583333333333,0.02265,0.018105,0.0159633333333333,0.013435,0.0147383333333333,0.0132333333333333,0.01481,0.00853333333333333,0.006525,0.00579333333333333,0.004215,0.00462333333333333,0.00409833333333333,0.00336666666666667,0.002395,0.00306333333333333,0.004965,0.00338,0.00205666666666667,0.000696666666666667,0.00251,0.00314,0.00054,0.00162666666666667,0.00169666666666667,0.001075,0.00115666666666667,0.00124166666666667,0.00133166666666667,0.00142166666666667,0.00042,0,1,0,0,0,0,0,0,1,1,1,1,1,1,1,1,1,1,1,1,1,1,1,1,1,1,1,1,1,1,1,1,1,1,1,1,1,1,1,1,1,1,1,1,1,1,1,1,1,1,1,1,1,1,1,1,1,1,1,1,1,1,1,1,1,1,1,1,1,1,1,1,1,1,1,1,1,1,1,1,0
2026-06-24 17:00:00,388.026077766667,0,0,0,0,0,0,0.205483333333333,10.9786966666667,53.7952666666667,78.912685,60.4291616666667,46.5808766666667,39.5505066666667,36.14418,36.5131133333333,13.6591916666667,3.87919666666667,1.70153166666667,0.864805,0.584088333333333,0.499543333333333,0.430023333333333,0.364401666666667,0.218911666666667,0.17266,0.128488333333333,0.120436666666667,0.123935,0.110875,0.0986233333333333,0.07739,0.0639666666666667,0.0662433333333333,0.0709266666666667,0.0630216666666667,0.0587033333333333,0.0500183333333333,0.0566716666666667,0.0467516666666667,0.043675,0.0331666666666667,0.0389116666666667,0.03295,0.02939,0.03082,0.0272716666666667,0.0240033333333333,0.01975,0.0181066666666667,0.0140066666666667,0.0144066666666667,0.016445,0.0151033333333333,0.00846,0.012695,0.00761333333333333,0.00475833333333333,0.00596666666666667,0.003655,0.00613833333333333,0.00422,0.00442,0.00239166666666667,0.00581333333333333,0.0005,0.00078,0.001555,0.00189666666666667,0.0009,0.00139,0.000973333333333333,0.00191333333333333,0.000506666666666667,0.000545,0.000585,0.000626666666666667,0.000668333333333333,0.000198333333333333,0,1,0,0,0,0,0,0,1,1,1,1,1,1,1,1,1,1,1,1,1,1,1,1,1,1,1,1,1,1,1,1,1,1,1,1,1,1,1,1,1,1,1,1,1,1,1,1,1,1,1,1,1,1,1,1,1,1,1,1,1,1,1,1,1,1,1,1,1,1,1,1,1,1,1,1,1,1,1,1,0
2026-06-24 18:00:00,345.422367333333,0,0,0,0,0,0,0.205741666666667,10.29495,49.6370716666667,70.85909,53.4623633333333,41.28568,35.308185,32.2086316666667,31.2841983333333,11.019415,3.44278166666667,1.47670833333333,0.784888333333333,0.523035,0.431936666666667,0.401391666666667,0.351288333333333,0.217931666666667,0.162183333333333,0.116093333333333,0.098085,0.0884216666666667,0.0840516666666667,0.0830183333333333,0.06733,0.07065,0.0706766666666667,0.0611816666666667,0.0624116666666667,0.054055,0.0483033333333333,0.04632,0.0386633333333333,0.0378383333333333,0.0293333333333333,0.0326416666666667,0.026855,0.02969,0.0238483333333333,0.018375,0.0219183333333333,0.0199333333333333,0.0156633333333333,0.0114533333333333,0.01317,0.014765,0.00674333333333333,0.00967166666666667,0.00508833333333333,0.006825,0.00599166666666667,0.00699,0.00374333333333333,0.00460166666666667,0.00488333333333333,0.00173333333333333,0.00229,0.00161666666666667,0.00222666666666667,0.00168666666666667,0.00168,0.00207166666666667,0.001075,0.00102333333333333,0.000893333333333333,0.00169,0.00151833333333333,0.00163333333333333,0.00175333333333333,0.00188,0.00200666666666667,0.000593333333333333,0,1,0,0,0,0,0,0,1,1,1,1,1,1,1,1,1,1,1,1,1,1,1,1,1,1,1,1,1,1,1,1,1,1,1,1,1,1,1,1,1,1,1,1,1,1,1,1,1,1,1,1,1,1,1,1,1,1,1,1,1,1,1,1,1,1,1,1,1,1,1,1,1,1,1,1,1,1,1,1,0
2026-06-24 19:00:00,328.449437483333,0,0,0,0,0,0,0.189588333333333,10.22518,47.70371,67.3054,50.966825,39.468765,33.5135833333333,31.1705583333333,28.7059866666667,10.24069,3.31599833333333,1.46061166666667,0.782431666666667,0.537326666666667,0.45164,0.440116666666667,0.369461666666667,0.22301,0.161761666666667,0.114128333333333,0.101105,0.0963366666666667,0.0782233333333333,0.074785,0.0696216666666667,0.0634983333333333,0.057455,0.06344,0.050275,0.0504566666666667,0.0418916666666667,0.03819,0.0399516666666667,0.03706,0.033705,0.027685,0.0250683333333333,0.02431,0.0238016666666667,0.01956,0.0150866666666667,0.0213683333333333,0.0143033333333333,0.0121483333333333,0.0107766666666667,0.0109366666666667,0.00903166666666667,0.00934166666666667,0.00919666666666667,0.00542666666666667,0.00587666666666667,0.00287,0.003315,0.004175,0.00251333333333333,0.00164666666666667,0.000526666666666667,0.000423333333333333,0.000346666666666667,0.00163,0.00084,0.00220333333333333,0.001685,0.00083,0.0014,0.00166166666666667,0.000506666666666667,0.000546666666666667,0.000586666666666667,0.000626666666666667,0.000666666666666667,0.0002,0,1,0,0,0,0,0,0,1,1,1,1,1,1,1,1,1,1,1,1,1,1,1,1,1,1,1,1,1,1,1,1,1,1,1,1,1,1,1,1,1,1,1,1,1,1,1,1,1,1,1,1,1,1,1,1,1,1,1,1,1,1,1,1,1,1,1,1,1,1,1,1,1,1,1,1,1,1,1,1,0
2026-06-24 20:00:00,273.1035525,0,0,0,0,0,0,0.156063333333333,8.883485,40.2453483333333,54.654675,41.8541033333333,32.5881383333333,28.79046,27.2620266666667,23.65075,7.74989,2.76771666666667,1.23619666666667,0.706158333333333,0.486736666666667,0.430631666666667,0.416786666666667,0.315061666666667,0.218736666666667,0.166916666666667,0.126336666666667,0.122995,0.112156666666667,0.103421666666667,0.111771666666667,0.0810216666666667,0.0920166666666667,0.0821783333333333,0.0756916666666667,0.066075,0.059855,0.0654916666666667,0.0562,0.0450216666666667,0.04167,0.0334816666666667,0.0306416666666667,0.032435,0.0281283333333333,0.023455,0.0210233333333333,0.02213,0.0224483333333333,0.017865,0.0155983333333333,0.0150933333333333,0.0141933333333333,0.0129216666666667,0.009235,0.0117016666666667,0.00660166666666667,0.00496,0.00587666666666667,0.00263333333333333,0.004855,0.00332,0.00382,0.00307666666666667,0.002425,0.00157833333333333,0.00177333333333333,0.00181833333333333,0.00207166666666667,0.000435,0.00100333333333333,0.000653333333333333,0.000303333333333333,0.000886666666666667,0.000953333333333333,0.00102333333333333,0.00109666666666667,0.00117,0.000346666666666667,0,1,0,0,0,0,0,0,1,1,1,1,1,1,1,1,1,1,1,1,1,1,1,1,1,1,1,1,1,1,1,1,1,1,1,1,1,1,1,1,1,1,1,1,1,1,1,1,1,1,1,1,1,1,1,1,1,1,1,1,1,1,1,1,1,1,1,1,1,1,1,1,1,1,1,1,1,1,1,1,0
2026-06-24 21:00:00,240.350791683333,0,0,0,0,0,0,0.134493333333333,7.56149833333333,34.1516916666667,47.4424716666667,36.54895,28.472715,25.0579233333333,23.763905,21.951485,7.59229833333333,2.49528166666667,1.14312,0.612825,0.449393333333333,0.38802,0.388255,0.333688333333333,0.224011666666667,0.172335,0.1459,0.135185,0.12156,0.106526666666667,0.103143333333333,0.0917733333333333,0.0735533333333333,0.0716716666666667,0.07912,0.06397,0.0531716666666667,0.06062,0.05217,0.0452483333333333,0.0413766666666667,0.0318516666666667,0.0330366666666667,0.027525,0.0240566666666667,0.0270233333333333,0.020395,0.016325,0.018885,0.0205516666666667,0.012015,0.012865,0.0116666666666667,0.012465,0.00656666666666667,0.00838,0.00741,0.00650833333333333,0.00652833333333333,0.00283166666666667,0.00246333333333333,0.00445666666666667,0.00375666666666667,0.00362833333333333,0.00127,0.00422666666666667,0.000496666666666667,0.000288333333333333,0.00218333333333333,0.00128666666666667,0,0.000986666666666667,0.00172833333333333,0.000696666666666667,0.000746666666666667,0.000801666666666667,0.000861666666666667,0.000921666666666667,0.00027,0,1,0,0,0,0,0,0,1,1,1,1,1,1,1,1,1,1,1,1,1,1,1,1,1,1,1,1,1,1,1,1,1,1,1,1,1,1,1,1,1,1,1,1,1,1,1,1,1,1,1,1,1,1,1,1,1,1,1,1,1,1,1,1,1,1,1,1,1,1,1,1,1,1,1,1,1,1,1,1,0
2026-06-24 22:00:00,277.337811816667,0,0,0,0,0,0,0.127715,7.66639666666667,36.44616,52.3226933333333,41.7841366666667,33.0375633333333,29.8167483333333,28.4025483333333,27.5952983333333,9.157315,3.148885,1.40014,0.788805,0.608965,0.507193333333333,0.523241666666667,0.433948333333333,0.2965,0.219856666666667,0.171025,0.167291666666667,0.15624,0.126143333333333,0.134691666666667,0.11441,0.116433333333333,0.0962966666666667,0.082175,0.084315,0.0839233333333333,0.0746816666666667,0.0648066666666667,0.0492866666666667,0.0507066666666667,0.047755,0.0432133333333333,0.0435283333333333,0.0402083333333333,0.0368033333333333,0.0270383333333333,0.0292883333333333,0.0250733333333333,0.0169333333333333,0.0163683333333333,0.01313,0.01253,0.00911833333333333,0.00866666666666667,0.00838,0.00801166666666667,0.00677,0.004865,0.003285,0.001105,0.00166,0.003995,0.004015,0.000961666666666667,0.00126666666666667,0.00112666666666667,0.00181833333333333,0.000836666666666667,0.000863333333333333,0.00139,0.000653333333333333,0.000108333333333333,0.000316666666666667,0.000341666666666667,0.000366666666666667,0.000391666666666667,0.000416666666666667,0.000125,0,1,0,0,0,0,0,0,1,1,1,1,1,1,1,1,1,1,1,1,1,1,1,1,1,1,1,1,1,1,1,1,1,1,1,1,1,1,1,1,1,1,1,1,1,1,1,1,1,1,1,1,1,1,1,1,1,1,1,1,1,1,1,1,1,1,1,1,1,1,1,1,1,1,1,1,1,1,1,1,0
2026-06-24 23:00:00,285.5070068,0,0,0,0,0,0,0.139218333333333,7.65977333333333,36.4265483333333,53.0602166666667,42.5934166666667,34.2580983333333,31.6285,30.06641,29.6144416666667,9.292155,3.33624166666667,1.52836666666667,0.862201666666667,0.617046666666667,0.54229,0.52918,0.436271666666667,0.282198333333333,0.231858333333333,0.184261666666667,0.156588333333333,0.161295,0.14074,0.124423333333333,0.12615,0.122181666666667,0.117828333333333,0.106321666666667,0.09322,0.0940433333333333,0.0870083333333333,0.08163,0.0635533333333333,0.0619133333333333,0.0579966666666667,0.0535233333333333,0.0486466666666667,0.0359483333333333,0.0413983333333333,0.0304533333333333,0.025735,0.02363,0.0257766666666667,0.02291,0.0147416666666667,0.01164,0.00977666666666667,0.009915,0.00914666666666667,0.00808666666666667,0.00498833333333333,0.00464166666666667,0.003085,0.001785,0.000616666666666667,0.00193666666666667,0.00208666666666667,0.00334833333333333,0.00196166666666667,0.00149,0.000708333333333333,0.000131666666666667,0.000416666666666667,0.000415,0,0.000065,0.00019,0.000205,0.00022,0.000235,0.00025,0.000075,0,1,0,0,0,0,0,0,1,1,1,1,1,1,1,1,1,1,1,1,1,1,1,1,1,1,1,1,1,1,1,1,1,1,1,1,1,1,1,1,1,1,1,1,1,1,1,1,1,1,1,1,1,1,1,1,1,1,1,1,1,1,1,1,1,1,1,1,1,1,1,1,1,1,1,1,1,1,1,1,0
2026-06-25,270.773191366667,0,0,0,0,0,0,0.118508333333333,7.297295,34.645195,51.0178316666667,40.3480166666667,32.4505566666667,29.3843383333333,28.011605,28.20865,8.72688833333333,3.09881333333333,1.412825,0.77918,0.567293333333333,0.505568333333333,0.485226666666667,0.413545,0.279268333333333,0.229195,0.171588333333333,0.15604,0.141151666666667,0.148103333333333,0.119195,0.116843333333333,0.11611,0.0932116666666667,0.096015,0.0858016666666667,0.0796083333333333,0.08002,0.0674366666666667,0.066285,0.04877,0.0440416666666667,0.0393483333333333,0.0402983333333333,0.0338866666666667,0.0361116666666667,0.031405,0.02168,0.0174083333333333,0.02245,0.0174233333333333,0.016255,0.0158816666666667,0.00753833333333333,0.00956333333333333,0.00742,0.00458666666666667,0.00358333333333333,0.002295,0.00310833333333333,0.00171166666666667,0.00294,0.000898333333333333,0.000811666666666667,0.00211666666666667,0.000461666666666667,0,0.00084,0.000836666666666667,0.00166666666666667,0,0,0.000411666666666667,0,0,0,0,0,0,0,1,0,0,0,0,0,0,1,1,1,1,1,1,1,1,1,1,1,1,1,1,1,1,1,1,1,1,1,1,1,1,1,1,1,1,1,1,1,1,1,1,1,1,1,1,1,1,1,1,1,1,1,1,1,1,1,1,1,1,1,1,1,1,1,1,1,1,1,1,1,1,1,1,1,1,1,1,1,1,0
2026-06-25 01:00:00,266.5943372,0,0,0,0,0,0,0.1369,7.70261333333333,35.7488933333333,51.19304,40.2111983333333,31.717185,28.7338516666667,27.0264433333333,27.1886883333333,8.78893833333333,3.00259833333333,1.34911333333333,0.725138333333333,0.502353333333333,0.468803333333333,0.444883333333333,0.40509,0.247913333333333,0.202166666666667,0.146423333333333,0.146406666666667,0.144551666666667,0.112145,0.127471666666667,0.111558333333333,0.114826666666667,0.0936133333333333,0.0864333333333333,0.081565,0.06593,0.068985,0.0593266666666667,0.04792,0.0374116666666667,0.0367066666666667,0.0332816666666667,0.0304816666666667,0.0289116666666667,0.0293883333333333,0.0267016666666667,0.01836,0.0174283333333333,0.014495,0.0149716666666667,0.0131483333333333,0.00838666666666667,0.0108983333333333,0.00878833333333333,0.00663166666666667,0.00583833333333333,0.00527833333333333,0.005045,0.00372333333333333,0.003395,0.00275,0.00216,0.00229,0.002925,0.0005,0.000283333333333333,0.00168666666666667,0.000131666666666667,0.000416666666666667,0,0.000413333333333333,0.000433333333333333,0.0000633333333333333,0.0000683333333333333,0.0000733333333333333,0.0000783333333333333,0.0000833333333333333,0.000025,0,1,0,0,0,0,0,0,1,1,1,1,1,1,1,1,1,1,1,1,1,1,1,1,1,1,1,1,1,1,1,1,1,1,1,1,1,1,1,1,1,1,1,1,1,1,1,1,1,1,1,1,1,1,1,1,1,1,1,1,1,1,1,1,1,1,1,1,1,1,1,1,1,1,1,1,1,1,1,1,0
2026-06-25 02:00:00,259.485699166667,0,0,0,0,0,0,0.128046666666667,7.64173166666667,35.38618,50.233745,39.1290066666667,30.6663833333333,27.5119933333333,25.5819433333333,26.17814,8.71094666666667,2.91823,1.36869833333333,0.721213333333333,0.516306666666667,0.4647,0.451198333333333,0.421451666666667,0.261736666666667,0.207318333333333,0.153716666666667,0.15119,0.139095,0.130995,0.11297,0.108216666666667,0.108448333333333,0.0998683333333333,0.0860316666666667,0.0830716666666667,0.0804816666666667,0.0727666666666667,0.056195,0.056535,0.0433366666666667,0.0436466666666667,0.0360816666666667,0.03315,0.02262,0.02422,0.0231666666666667,0.017915,0.016925,0.0184433333333333,0.0141333333333333,0.0144283333333333,0.0113933333333333,0.00951166666666667,0.009095,0.008305,0.00485833333333333,0.00364166666666667,0.00475,0.00340333333333333,0.001785,0.00147,0.00238166666666667,0.000793333333333333,0.00161666666666667,0.000115,0.000283333333333333,0.000978333333333333,0.000418333333333333,0.000416666666666667,0,0,0.000065,0.00019,0.000205,0.00022,0.000235,0.00025,0.000075,0,1,0,0,0,0,0,0,1,1,1,1,1,1,1,1,1,1,1,1,1,1,1,1,1,1,1,1,1,1,1,1,1,1,1,1,1,1,1,1,1,1,1,1,1,1,1,1,1,1,1,1,1,1,1,1,1,1,1,1,1,1,1,1,1,1,1,1,1,1,1,1,1,1,1,1,1,1,1,1,0
2026-06-25 03:00:00,252.222833,0,0,0,0,0,0,0.129235,7.55124833333333,34.6615216666667,48.93111,37.9135283333333,29.6540133333333,26.5732216666667,24.6843416666667,24.955695,8.26174166666667,2.79889666666667,1.36899666666667,0.724546666666667,0.520636666666667,0.461235,0.434275,0.39248,0.25463,0.194438333333333,0.161803333333333,0.154061666666667,0.163393333333333,0.126266666666667,0.128543333333333,0.107793333333333,0.116686666666667,0.0979616666666667,0.0910983333333333,0.0785966666666667,0.0796783333333333,0.0743166666666667,0.0553883333333333,0.0519533333333333,0.042,0.0382166666666667,0.0327966666666667,0.0332866666666667,0.0304666666666667,0.02564,0.0233333333333333,0.0182766666666667,0.0158033333333333,0.01123,0.0137283333333333,0.0139533333333333,0.010025,0.01126,0.007535,0.00408666666666667,0.003335,0.00559166666666667,0.00443833333333333,0.00320666666666667,0.002465,0.00275,0.00258333333333333,0.000628333333333333,0.00127,0.000346666666666667,0.000358333333333333,0.000138333333333333,0,0.000416666666666667,0.000173333333333333,0.00024,0.0000866666666666667,0.000253333333333333,0.000273333333333333,0.000293333333333333,0.000313333333333333,0.000333333333333333,0.0001,0,1,0,0,0,0,0,0,1,1,1,1,1,1,1,1,1,1,1,1,1,1,1,1,1,1,1,1,1,1,1,1,1,1,1,1,1,1,1,1,1,1,1,1,1,1,1,1,1,1,1,1,1,1,1,1,1,1,1,1,1,1,1,1,1,1,1,1,1,1,1,1,1,1,1,1,1,1,1,1,0
2026-06-25 04:00:00,231.929740816667,0,0,0,0,0,0,0.113133333333333,6.76221333333333,31.8336266666667,46.0572466666667,35.0647533333333,27.3549116666667,24.05179,22.683745,22.94321,7.42302666666667,2.50277666666667,1.12111666666667,0.627783333333333,0.46609,0.406871666666667,0.390365,0.366245,0.254195,0.208738333333333,0.15502,0.14057,0.144928333333333,0.135071666666667,0.123173333333333,0.10342,0.102538333333333,0.0943283333333333,0.0872866666666667,0.0787283333333333,0.07032,0.0610333333333333,0.061385,0.0431666666666667,0.0313283333333333,0.0385333333333333,0.03337,0.0326233333333333,0.0293116666666667,0.0273733333333333,0.018555,0.02069,0.0175383333333333,0.015275,0.011645,0.0124633333333333,0.007635,0.0108783333333333,0.00817166666666667,0.00455333333333333,0.005455,0.00395666666666667,0.00298333333333333,0.00286333333333333,0.00211166666666667,0.00379333333333333,0.00282,0.00310166666666667,0.00134666666666667,0.00203666666666667,0.00134,0.00084,0.001255,0.00105666666666667,0.000608333333333333,0.000413333333333333,0.000065,0.00019,0.000205,0.00022,0.000235,0.00025,0.000075,0,1,0,0,0,0,0,0,1,1,1,1,1,1,1,1,1,1,1,1,1,1,1,1,1,1,1,1,1,1,1,1,1,1,1,1,1,1,1,1,1,1,1,1,1,1,1,1,1,1,1,1,1,1,1,1,1,1,1,1,1,1,1,1,1,1,1,1,1,1,1,1,1,1,1,1,1,1,1,1,0
2026-06-25 05:00:00,206.191741983333,0,0,0,0,0,0,0.105983333333333,6.36087333333333,29.4013016666667,41.3294616666667,31.3374833333333,24.1158,20.85412,19.5918216666667,19.6505533333333,6.26513666666667,2.260745,1.10288166666667,0.606245,0.453193333333333,0.416318333333333,0.3873,0.350048333333333,0.214653333333333,0.163356666666667,0.14924,0.122258333333333,0.115505,0.103965,0.101095,0.0942916666666667,0.0800816666666667,0.093815,0.076845,0.0783766666666667,0.059685,0.0659183333333333,0.046755,0.0473683333333333,0.04193,0.0296733333333333,0.0285116666666667,0.0283933333333333,0.023495,0.0248283333333333,0.0255233333333333,0.02022,0.022195,0.0169183333333333,0.013725,0.013175,0.013765,0.0124383333333333,0.00800166666666667,0.00633,0.00478333333333333,0.005935,0.002005,0.00511666666666667,0.00691,0.00317666666666667,0.00333166666666667,0.003165,0.000961666666666667,0.00119166666666667,0.00219,0.00196333333333333,0.000968333333333333,0.00105666666666667,0.00102333333333333,0.000826666666666667,0.001365,0.00038,0.00041,0.00044,0.00047,0.0005,0.00015,0,1,0,0,0,0,0,0,1,1,1,1,1,1,1,1,1,1,1,1,1,1,1,1,1,1,1,1,1,1,1,1,1,1,1,1,1,1,1,1,1,1,1,1,1,1,1,1,1,1,1,1,1,1,1,1,1,1,1,1,1,1,1,1,1,1,1,1,1,1,1,1,1,1,1,1,1,1,1,1,0
2026-06-25 06:00:00,182.799364766667,0,0,0,0,0,0,0.105321666666667,5.88528666666667,26.2885616666667,37.0129533333333,27.705195,21.2628533333333,18.5789783333333,17.4388133333333,16.727225,5.008415,1.89577,0.875381666666667,0.519845,0.392666666666667,0.345216666666667,0.328636666666667,0.307446666666667,0.191056666666667,0.154406666666667,0.124986666666667,0.100106666666667,0.101216666666667,0.0910816666666667,0.0964183333333333,0.090915,0.076205,0.081575,0.06839,0.05773,0.05947,0.05861,0.04783,0.0404516666666667,0.0333266666666667,0.0310983333333333,0.0288116666666667,0.027415,0.02347,0.023775,0.01963,0.0179166666666667,0.0158233333333333,0.0113833333333333,0.0139683333333333,0.0128416666666667,0.01121,0.0104166666666667,0.008645,0.00897833333333333,0.00779666666666667,0.00673833333333333,0.00608166666666667,0.00457833333333333,0.006385,0.00232333333333333,0.00290666666666667,0.00235333333333333,0.000923333333333333,0.00223,0.001005,0.00265833333333333,0.000796666666666667,0.00192666666666667,0.000608333333333333,0.000413333333333333,0.000173333333333333,0.000506666666666667,0.000546666666666667,0.000586666666666667,0.000626666666666667,0.000666666666666667,0.0002,0,1,0,0,0,0,0,0,1,1,1,1,1,1,1,1,1,1,1,1,1,1,1,1,1,1,1,1,1,1,1,1,1,1,1,1,1,1,1,1,1,1,1,1,1,1,1,1,1,1,1,1,1,1,1,1,1,1,1,1,1,1,1,1,1,1,1,1,1,1,1,1,1,1,1,1,1,1,1,1,0
2026-06-25 07:00:00,208.6987266,0,0,0,0,0,0,0.0996733333333333,6.56529833333333,29.6390333333333,41.0075416666667,31.35214,24.5587166666667,21.873595,20.9142766666667,19.1319033333333,5.35073333333333,2.19207166666667,1.02801,0.585563333333333,0.433485,0.392458333333333,0.396725,0.326708333333333,0.214981666666667,0.165838333333333,0.128013333333333,0.12358,0.126188333333333,0.11256,0.0999716666666667,0.084125,0.0889066666666667,0.07879,0.0773083333333333,0.0760333333333333,0.06665,0.0524333333333333,0.0553066666666667,0.0451116666666667,0.0380583333333333,0.0367833333333333,0.031275,0.0276033333333333,0.0261016666666667,0.0291516666666667,0.0234733333333333,0.01937,0.0173416666666667,0.0147283333333333,0.0149716666666667,0.012715,0.0113016666666667,0.0115183333333333,0.009055,0.008775,0.00809,0.00725333333333333,0.00532666666666667,0.00404,0.00254,0.00294,0.00261666666666667,0.00369166666666667,0.00511833333333333,0.00211333333333333,0.00191333333333333,0.0014,0.001805,0.00125,0.001835,0.00106666666666667,0.00114833333333333,0.00095,0.00102,0.001095,0.001175,0.001255,0.00037,0,1,0,0,0,0,0,0,1,1,1,1,1,1,1,1,1,1,1,1,1,1,1,1,1,1,1,1,1,1,1,1,1,1,1,1,1,1,1,1,1,1,1,1,1,1,1,1,1,1,1,1,1,1,1,1,1,1,1,1,1,1,1,1,1,1,1,1,1,1,1,1,1,1,1,1,1,1,1,1,0
2026-06-25 08:00:00,268.46399125,0,0,0,0,0,0,0.127141666666667,8.18823333333333,37.1729383333333,51.804995,40.4514966666667,32.30638,29.3041833333333,28.4551733333333,25.2944583333333,6.52078666666667,2.79207166666667,1.257385,0.723588333333333,0.544536666666667,0.464381666666667,0.477941666666667,0.37814,0.23081,0.176816666666667,0.164218333333333,0.135506666666667,0.133161666666667,0.119858333333333,0.115818333333333,0.102481666666667,0.101393333333333,0.09328,0.0812033333333333,0.08015,0.07233,0.067835,0.0621966666666667,0.0615066666666667,0.055835,0.052765,0.0416716666666667,0.0357416666666667,0.0329616666666667,0.032535,0.03134,0.0234783333333333,0.0200766666666667,0.0228333333333333,0.0168066666666667,0.02092,0.01048,0.0106333333333333,0.0101633333333333,0.00887333333333333,0.00819166666666667,0.00636333333333333,0.00647666666666667,0.0104566666666667,0.007475,0.00417166666666667,0.00467,0.00338666666666667,0.002155,0.00261333333333333,0.00169333333333333,0.001255,0.001235,0.000465,0.00139,0.00122666666666667,0.001705,0.000633333333333333,0.00068,0.00073,0.000783333333333333,0.000836666666666667,0.000246666666666667,0,1,0,0,0,0,0,0,1,1,1,1,1,1,1,1,1,1,1,1,1,1,1,1,1,1,1,1,1,1,1,1,1,1,1,1,1,1,1,1,1,1,1,1,1,1,1,1,1,1,1,1,1,1,1,1,1,1,1,1,1,1,1,1,1,1,1,1,1,1,1,1,1,1,1,1,1,1,1,1,0
2026-06-25 09:00:00,314.1228791,0,0,0,0,0,0,0.146545,9.372415,42.6272116666667,59.6258333333333,47.3557733333333,37.9803616666667,35.156395,34.8256216666667,29.0634233333333,7.35236666666667,3.22485166666667,1.440895,0.793873333333333,0.604085,0.526195,0.521528333333333,0.38945,0.248265,0.199641666666667,0.144116666666667,0.152283333333333,0.138035,0.11943,0.129175,0.11866,0.101298333333333,0.101738333333333,0.0997233333333333,0.0954133333333333,0.0889166666666667,0.085295,0.0740616666666667,0.0670016666666667,0.05861,0.0570516666666667,0.0536283333333333,0.0534283333333333,0.0383133333333333,0.04043,0.0353366666666667,0.0299866666666667,0.029515,0.0320183333333333,0.0258683333333333,0.0243766666666667,0.0189066666666667,0.01334,0.0120516666666667,0.0123983333333333,0.0148916666666667,0.0112116666666667,0.00762166666666667,0.007925,0.00646333333333333,0.00654333333333333,0.004775,0.00316,0.00358,0.00184333333333333,0.00317,0.00421333333333333,0.000681666666666667,0.00253,0.00339666666666667,0.00113333333333333,0.00231833333333333,0.00076,0.000816666666666667,0.000876666666666667,0.00094,0.00100333333333333,0.000296666666666667,0,1,0,0,0,0,0,0,1,1,1,1,1,1,1,1,1,1,1,1,1,1,1,1,1,1,1,1,1,1,1,1,1,1,1,1,1,1,1,1,1,1,1,1,1,1,1,1,1,1,1,1,1,1,1,1,1,1,1,1,1,1,1,1,1,1,1,1,1,1,1,1,1,1,1,1,1,1,1,1,0
2026-06-25 10:00:00,362.0435557,0,0,0,0,0,0,0.18088,10.7821816666667,48.3622766666667,68.3397816666667,54.3018883333333,44.4074166666667,41.6368483333333,41.493975,33.276995,8.03648166666667,3.556195,1.59758666666667,0.940823333333333,0.691153333333333,0.589155,0.604051666666667,0.41376,0.265965,0.215551666666667,0.167938333333333,0.155158333333333,0.147166666666667,0.118576666666667,0.137936666666667,0.120753333333333,0.113443333333333,0.0987216666666667,0.100855,0.108675,0.0945916666666667,0.0892883333333333,0.0828916666666667,0.073275,0.0750016666666667,0.0570566666666667,0.0530083333333333,0.0566433333333333,0.0394366666666667,0.0509833333333333,0.0376466666666667,0.0329983333333333,0.0364733333333333,0.0312066666666667,0.0248433333333333,0.0222483333333333,0.018565,0.0269316666666667,0.0170916666666667,0.0136066666666667,0.01435,0.011665,0.00771,0.00551166666666667,0.00545333333333333,0.00540333333333333,0.00591,0.00428166666666667,0.00388666666666667,0.00245833333333333,0.003675,0.00210833333333333,0.002295,0.00214166666666667,0.00384,0.00145333333333333,0.00117833333333333,0.00076,0.00082,0.00088,0.00094,0.001,0.0003,0,1,0,0,0,0,0,0,1,1,1,1,1,1,1,1,1,1,1,1,1,1,1,1,1,1,1,1,1,1,1,1,1,1,1,1,1,1,1,1,1,1,1,1,1,1,1,1,1,1,1,1,1,1,1,1,1,1,1,1,1,1,1,1,1,1,1,1,1,1,1,1,1,1,1,1,1,1,1,1,0
2026-06-25 11:00:00,381.096828833333,0,0,0,0,0,0,0.18321,11.2614183333333,51.541805,72.7164433333333,57.4811516666667,46.953385,43.2595866666667,43.2495,35.1614133333333,8.675435,3.66426833333333,1.60979833333333,0.932133333333333,0.672883333333333,0.572156666666667,0.542575,0.403716666666667,0.261978333333333,0.19317,0.171683333333333,0.178045,0.15823,0.141678333333333,0.15481,0.126368333333333,0.11865,0.11454,0.111726666666667,0.112253333333333,0.111013333333333,0.113258333333333,0.0856,0.0802833333333333,0.070555,0.0638116666666667,0.0632033333333333,0.0613716666666667,0.040305,0.0462683333333333,0.038705,0.0393216666666667,0.037005,0.0330866666666667,0.0241516666666667,0.0253116666666667,0.0153816666666667,0.0127233333333333,0.01981,0.015155,0.0130883333333333,0.008975,0.0105116666666667,0.005965,0.006985,0.00298666666666667,0.00724666666666667,0.00288,0.00304,0.00153666666666667,0.00113833333333333,0.00195666666666667,0.000836666666666667,0.00230666666666667,0.000781666666666667,0.00148,0.00065,0.000696666666666667,0.000751666666666667,0.000806666666666667,0.000861666666666667,0.000916666666666667,0.000275,0,1,0,0,0,0,0,0,1,1,1,1,1,1,1,1,1,1,1,1,1,1,1,1,1,1,1,1,1,1,1,1,1,1,1,1,1,1,1,1,1,1,1,1,1,1,1,1,1,1,1,1,1,1,1,1,1,1,1,1,1,1,1,1,1,1,1,1,1,1,1,1,1,1,1,1,1,1,1,1,0
2026-06-25 12:00:00,361.1907562,0,0,0,0,0,0,0.191125,11.0109633333333,50.23245,69.887965,55.3026666666667,43.864995,39.8366816666667,38.3594166666667,32.63565,8.47223166666667,3.23603166666667,1.41575333333333,0.793808333333333,0.570268333333333,0.539453333333333,0.496895,0.38339,0.258638333333333,0.214541666666667,0.187213333333333,0.175343333333333,0.168268333333333,0.157506666666667,0.15208,0.142355,0.146156666666667,0.118066666666667,0.118051666666667,0.10902,0.117756666666667,0.0945266666666667,0.0948766666666667,0.0818266666666667,0.0777533333333333,0.0741966666666667,0.0662816666666667,0.060795,0.0581283333333333,0.0445416666666667,0.0416316666666667,0.037365,0.042105,0.0297316666666667,0.0254766666666667,0.0274783333333333,0.0233783333333333,0.0220316666666667,0.0169116666666667,0.0137583333333333,0.0131416666666667,0.00980833333333333,0.00642,0.00697166666666667,0.00699333333333333,0.00734833333333333,0.00460166666666667,0.00581666666666667,0.001385,0.00238333333333333,0.00127666666666667,0.001135,0.00149833333333333,0.001685,0.000415,0.00206666666666667,0.000888333333333333,0.00139333333333333,0.00150166666666667,0.00161166666666667,0.00172333333333333,0.001835,0.000548333333333333,0,1,0,0,0,0,0,0,1,1,1,1,1,1,1,1,1,1,1,1,1,1,1,1,1,1,1,1,1,1,1,1,1,1,1,1,1,1,1,1,1,1,1,1,1,1,1,1,1,1,1,1,1,1,1,1,1,1,1,1,1,1,1,1,1,1,1,1,1,1,1,1,1,1,1,1,1,1,1,1,0
2026-06-25 13:00:00,379.053588866667,0,0,0,0,0,0,0.205163333333333,11.3107783333333,52.434875,74.30698,58.9521066666667,46.5192033333333,41.9227166666667,40.2978666666667,33.9272416666667,8.92961333333333,3.48431666666667,1.55466666666667,0.87063,0.633243333333333,0.549866666666667,0.534236666666667,0.373223333333333,0.26935,0.220603333333333,0.176236666666667,0.186051666666667,0.166101666666667,0.13517,0.148811666666667,0.125798333333333,0.132068333333333,0.120496666666667,0.101511666666667,0.100846666666667,0.101038333333333,0.0945433333333333,0.0948566666666667,0.0882383333333333,0.0711583333333333,0.0565,0.0577883333333333,0.0651233333333333,0.04905,0.0475,0.0394266666666667,0.0371766666666667,0.0302766666666667,0.028785,0.0288216666666667,0.0258466666666667,0.0209633333333333,0.0240616666666667,0.0144133333333333,0.0186716666666667,0.0102583333333333,0.010525,0.00873166666666667,0.00705,0.00605833333333333,0.00772666666666667,0.00922666666666667,0.00348333333333333,0.004195,0.000808333333333333,0.00359333333333333,0.001825,0.00220333333333333,0.001075,0.00268333333333333,0.0014,0.000968333333333333,0.000886666666666667,0.000955,0.001025,0.00109666666666667,0.00116833333333333,0.000348333333333333,0,1,0,0,0,0,0,0,1,1,1,1,1,1,1,1,1,1,1,1,1,1,1,1,1,1,1,1,1,1,1,1,1,1,1,1,1,1,1,1,1,1,1,1,1,1,1,1,1,1,1,1,1,1,1,1,1,1,1,1,1,1,1,1,1,1,1,1,1,1,1,1,1,1,1,1,1,1,1,1,0
2026-06-25 14:00:00,402.157420816667,0,0,0,0,0,0,0.210833333333333,11.8634,55.5742983333333,79.0916616666667,62.148865,49.5811216666667,44.677775,42.73063,36.4743283333333,9.97172833333333,3.6522,1.60337166666667,0.85121,0.615648333333333,0.555725,0.523478333333333,0.413126666666667,0.286358333333333,0.230155,0.186805,0.164863333333333,0.158873333333333,0.145033333333333,0.159686666666667,0.133213333333333,0.13735,0.1266,0.124511666666667,0.120676666666667,0.114108333333333,0.110668333333333,0.102821666666667,0.08436,0.0687583333333333,0.07093,0.0641083333333333,0.0589983333333333,0.044625,0.049255,0.0364516666666667,0.0380183333333333,0.041685,0.0350933333333333,0.02736,0.0282333333333333,0.0167266666666667,0.0201566666666667,0.0151416666666667,0.0147116666666667,0.0143316666666667,0.0113566666666667,0.0111383333333333,0.00875333333333333,0.004095,0.00531,0.007705,0.004745,0.00303833333333333,0.00403666666666667,0.002195,0.000846666666666667,0.00343833333333333,0.00276,0.00144,0.000573333333333333,0.00103333333333333,0.00107666666666667,0.00116,0.001245,0.00133166666666667,0.00141833333333333,0.000423333333333333,0,1,0,0,0,0,0,0,1,1,1,1,1,1,1,1,1,1,1,1,1,1,1,1,1,1,1,1,1,1,1,1,1,1,1,1,1,1,1,1,1,1,1,1,1,1,1,1,1,1,1,1,1,1,1,1,1,1,1,1,1,1,1,1,1,1,1,1,1,1,1,1,1,1,1,1,1,1,1,1,0
2026-06-25 15:00:00,428.333986866667,0,0,0,0,0,0,0.230433333333333,12.4956983333333,58.26476,83.4320316666667,66.5217866666667,53.0452783333333,47.7236483333333,44.7875883333333,39.3425416666667,11.1601216666667,3.913515,1.70804666666667,0.925793333333333,0.661686666666667,0.539695,0.529655,0.411053333333333,0.289915,0.239153333333333,0.204266666666667,0.190036666666667,0.174306666666667,0.158006666666667,0.169636666666667,0.147776666666667,0.13916,0.1313,0.126475,0.117371666666667,0.109225,0.108023333333333,0.0912383333333333,0.0875766666666667,0.081305,0.0782416666666667,0.061675,0.0705083333333333,0.0486516666666667,0.0554566666666667,0.0414216666666667,0.0358366666666667,0.034145,0.0319883333333333,0.0274083333333333,0.0255083333333333,0.020505,0.0211683333333333,0.0151216666666667,0.018605,0.0111966666666667,0.00931666666666667,0.00991166666666667,0.00804166666666667,0.00689666666666667,0.00673333333333333,0.00329333333333333,0.004725,0.00415666666666667,0.00204,0.00240833333333333,0.00084,0.00165333333333333,0.002935,0.00224833333333333,0.00106666666666667,0.000845,0.00126666666666667,0.00136,0.00146,0.00156666666666667,0.00167333333333333,0.000493333333333333,0,1,0,0,0,0,0,0,1,1,1,1,1,1,1,1,1,1,1,1,1,1,1,1,1,1,1,1,1,1,1,1,1,1,1,1,1,1,1,1,1,1,1,1,1,1,1,1,1,1,1,1,1,1,1,1,1,1,1,1,1,1,1,1,1,1,1,1,1,1,1,1,1,1,1,1,1,1,1,1,0
2026-06-25 16:00:00,451.030198233333,0,0,0,0,0,0,0.203931666666667,12.9005666666667,60.8165916666667,87.286225,70.23173,56.4303133333333,50.3782066666667,47.0682716666667,41.060085,11.765585,3.979965,1.72704666666667,0.961455,0.656655,0.542506666666667,0.52624,0.417353333333333,0.282881666666667,0.236186666666667,0.189648333333333,0.183918333333333,0.205,0.172421666666667,0.170008333333333,0.142373333333333,0.145318333333333,0.152685,0.131475,0.118151666666667,0.118545,0.115178333333333,0.109171666666667,0.0891083333333333,0.0857566666666667,0.0816916666666667,0.06877,0.0713083333333333,0.0602466666666667,0.052285,0.04238,0.042795,0.0405866666666667,0.032785,0.030815,0.02965,0.020485,0.01862,0.0163933333333333,0.014605,0.01642,0.007915,0.00953666666666667,0.00679333333333333,0.00679333333333333,0.00483666666666667,0.00455333333333333,0.00411666666666667,0.00346333333333333,0.00215166666666667,0.00225333333333333,0.00282166666666667,0.00123166666666667,0.00172666666666667,0.00285,0.00311833333333333,0.00253,0.000823333333333333,0.000888333333333333,0.000953333333333333,0.00101833333333333,0.00108333333333333,0.000325,0,1,0,0,0,0,0,0,1,1,1,1,1,1,1,1,1,1,1,1,1,1,1,1,1,1,1,1,1,1,1,1,1,1,1,1,1,1,1,1,1,1,1,1,1,1,1,1,1,1,1,1,1,1,1,1,1,1,1,1,1,1,1,1,1,1,1,1,1,1,1,1,1,1,1,1,1,1,1,1,0
2026-06-25 17:00:00,466.43392085,0,0,0,0,0,0,0.224976666666667,13.00978,61.6541033333333,89.75674,72.647105,58.57838,52.4082866666667,48.7212133333333,42.1458433333333,14.20729,4.25343,1.90949,0.962901666666667,0.64604,0.563275,0.497096666666667,0.416723333333333,0.30247,0.239891666666667,0.19325,0.173118333333333,0.184006666666667,0.147988333333333,0.168253333333333,0.141628333333333,0.168678333333333,0.130146666666667,0.117931666666667,0.126691666666667,0.120373333333333,0.106538333333333,0.115845,0.0971466666666667,0.0784783333333333,0.08077,0.0645033333333333,0.0684983333333333,0.0617333333333333,0.0521916666666667,0.0436666666666667,0.0443283333333333,0.03605,0.03348,0.0339416666666667,0.032655,0.0246016666666667,0.01494,0.0179383333333333,0.013215,0.011255,0.011615,0.00971,0.00488666666666667,0.00527833333333333,0.00602333333333333,0.00443,0.00314,0.00327166666666667,0.00142333333333333,0.00295166666666667,0.00309666666666667,0.002355,0.00189,0.000608333333333333,0.00114666666666667,0.00133,0.00120333333333333,0.00129333333333333,0.00138833333333333,0.00148833333333333,0.00158833333333333,0.00047,0,1,0,0,0,0,0,0,1,1,1,1,1,1,1,1,1,1,1,1,1,1,1,1,1,1,1,1,1,1,1,1,1,1,1,1,1,1,1,1,1,1,1,1,1,1,1,1,1,1,1,1,1,1,1,1,1,1,1,1,1,1,1,1,1,1,1,1,1,1,1,1,1,1,1,1,1,1,1,1,0
2026-06-25 18:00:00,461.612789466667,0,0,0,0,0,0,0.211698333333333,12.5985216666667,60.2326666666667,88.9060333333333,72.2780616666667,58.2104616666667,51.3293316666667,47.25389,41.930605,16.5115233333333,4.30297333333333,1.91189833333333,0.973336666666667,0.63893,0.52436,0.46526,0.42879,0.29472,0.25722,0.190961666666667,0.170055,0.161308333333333,0.142573333333333,0.172465,0.13462,0.141763333333333,0.127813333333333,0.125215,0.110171666666667,0.0938183333333333,0.103406666666667,0.0925916666666667,0.0947566666666667,0.0839166666666667,0.078725,0.066325,0.0621833333333333,0.0437233333333333,0.0582033333333333,0.048315,0.0460983333333333,0.0369566666666667,0.0355816666666667,0.0340066666666667,0.0281083333333333,0.03092,0.0167966666666667,0.018305,0.0171016666666667,0.00810333333333333,0.00926333333333333,0.00736333333333333,0.00689333333333333,0.00621166666666667,0.00701666666666667,0.00495,0.00456166666666667,0.003425,0.003115,0.00241,0.00294,0.00245,0.000501666666666667,0.00346666666666667,0.00189333333333333,0.00138666666666667,0.00164666666666667,0.00176833333333333,0.00189833333333333,0.00203666666666667,0.002175,0.000641666666666667,0,1,0,0,0,0,0,0,1,1,1,1,1,1,1,1,1,1,1,1,1,1,1,1,1,1,1,1,1,1,1,1,1,1,1,1,1,1,1,1,1,1,1,1,1,1,1,1,1,1,1,1,1,1,1,1,1,1,1,1,1,1,1,1,1,1,1,1,1,1,1,1,1,1,1,1,1,1,1,1,0
2026-06-25 19:00:00,466.97227475,0,0,0,0,0,0,0.222873333333333,13.01345,61.428845,90.28428,73.124415,58.34463,51.674815,47.0564466666667,41.662815,16.9854916666667,4.36439,1.91601,0.942615,0.671976666666667,0.554486666666667,0.487753333333333,0.425355,0.3,0.23456,0.200268333333333,0.184618333333333,0.162423333333333,0.165851666666667,0.139825,0.133701666666667,0.140246666666667,0.120486666666667,0.124841666666667,0.127171666666667,0.12008,0.103355,0.0994833333333333,0.0876383333333333,0.0770866666666667,0.07959,0.06238,0.06686,0.0606183333333333,0.0530766666666667,0.0474283333333333,0.050235,0.038855,0.03615,0.0245216666666667,0.0242133333333333,0.0159483333333333,0.019755,0.0148283333333333,0.0121366666666667,0.00961666666666667,0.0101183333333333,0.00764666666666667,0.00996,0.00732,0.00289333333333333,0.00574333333333333,0.00324166666666667,0.00334833333333333,0.00380166666666667,0.00289333333333333,0.00139333333333333,0.001215,0.00276,0.00202666666666667,0.00106666666666667,0.00145166666666667,0.000633333333333333,0.000683333333333333,0.000733333333333333,0.000783333333333333,0.000833333333333333,0.00025,0,1,0,0,0,0,0,0,1,1,1,1,1,1,1,1,1,1,1,1,1,1,1,1,1,1,1,1,1,1,1,1,1,1,1,1,1,1,1,1,1,1,1,1,1,1,1,1,1,1,1,1,1,1,1,1,1,1,1,1,1,1,1,1,1,1,1,1,1,1,1,1,1,1,1,1,1,1,1,1,0
2026-06-25 20:00:00,472.256445316667,0,0,0,0,0,0,0.220596666666667,13.0070716666667,62.1569083333333,90.9610033333333,73.5729383333333,58.8788716666667,51.65588,47.4187983333333,41.8948433333333,17.952855,4.56065166666667,1.98458166666667,0.997995,0.667216666666667,0.567826666666667,0.50514,0.431196666666667,0.307603333333333,0.236876666666667,0.192393333333333,0.17782,0.18877,0.161976666666667,0.167831666666667,0.134535,0.152176666666667,0.138993333333333,0.115908333333333,0.110206666666667,0.108013333333333,0.0997183333333333,0.0993516666666667,0.0920216666666667,0.0816433333333333,0.0676166666666667,0.0644016666666667,0.0711183333333333,0.0537833333333333,0.0403916666666667,0.0409633333333333,0.0470466666666667,0.0340433333333333,0.033305,0.0274016666666667,0.0182983333333333,0.022195,0.0190533333333333,0.01671,0.0117666666666667,0.009165,0.00980833333333333,0.00854666666666667,0.00663833333333333,0.00605833333333333,0.00602333333333333,0.004855,0.00225166666666667,0.00211666666666667,0.005385,0.00384166666666667,0.00252166666666667,0.00138666666666667,0,0.000415,0.000826666666666667,0.00052,0.000316666666666667,0.00034,0.000365,0.000391666666666667,0.000418333333333333,0.000123333333333333,0,1,0,0,0,0,0,0,1,1,1,1,1,1,1,1,1,1,1,1,1,1,1,1,1,1,1,1,1,1,1,1,1,1,1,1,1,1,1,1,1,1,1,1,1,1,1,1,1,1,1,1,1,1,1,1,1,1,1,1,1,1,1,1,1,1,1,1,1,1,1,1,1,1,1,1,1,1,1,1,0
2026-06-25 21:00:00,474.935763033333,0,0,0,0,0,0,0.217328333333333,13.1108266666667,62.5758533333333,91.885505,74.037555,58.858145,51.54809,46.7397533333333,42.34544,18.60862,4.83792166666667,2.11424666666667,1.09436333333333,0.703806666666667,0.60137,0.529045,0.471633333333333,0.334625,0.26119,0.211915,0.182156666666667,0.183478333333333,0.172645,0.158005,0.139408333333333,0.13641,0.148233333333333,0.121095,0.111546666666667,0.102245,0.104491666666667,0.0951733333333333,0.100508333333333,0.08081,0.07181,0.0614816666666667,0.0653316666666667,0.05038,0.05438,0.04226,0.038585,0.0377066666666667,0.0317966666666667,0.02547,0.0263466666666667,0.0212566666666667,0.0181566666666667,0.0156616666666667,0.0127383333333333,0.00754666666666667,0.00874666666666667,0.00779166666666667,0.005075,0.00520833333333333,0.005925,0.00401333333333333,0.00399666666666667,0.00254,0.00172833333333333,0.00218333333333333,0.00141666666666667,0.00191666666666667,0.001075,0.00137,0.00048,0.000281666666666667,0.000823333333333333,0.000886666666666667,0.000951666666666667,0.00101833333333333,0.001085,0.000323333333333333,0,1,0,0,0,0,0,0,1,1,1,1,1,1,1,1,1,1,1,1,1,1,1,1,1,1,1,1,1,1,1,1,1,1,1,1,1,1,1,1,1,1,1,1,1,1,1,1,1,1,1,1,1,1,1,1,1,1,1,1,1,1,1,1,1,1,1,1,1,1,1,1,1,1,1,1,1,1,1,1,0
2026-06-25 22:00:00,475.483178233333,0,0,0,0,0,0,0.240311666666667,13.7231316666667,65.4625983333333,94.3941816666667,74.8213166666667,58.5187766666667,51.10086,46.1616633333333,40.9614066666667,16.4198133333333,4.580505,1.97342833333333,0.976043333333333,0.68505,0.569738333333333,0.504725,0.438093333333333,0.30396,0.23957,0.17641,0.186185,0.182311666666667,0.158511666666667,0.154443333333333,0.139736666666667,0.1364,0.13382,0.131066666666667,0.110701666666667,0.109228333333333,0.095985,0.0860133333333333,0.0886466666666667,0.0799816666666667,0.0639433333333333,0.0549383333333333,0.0593716666666667,0.0506883333333333,0.046545,0.0401333333333333,0.02616,0.0301616666666667,0.0285683333333333,0.0228066666666667,0.0253016666666667,0.019295,0.0222633333333333,0.01236,0.0107366666666667,0.00521333333333333,0.00799833333333333,0.00455833333333333,0.00771833333333333,0.00485333333333333,0.00403,0.00385833333333333,0.00348833333333333,0.00180833333333333,0.00111666666666667,0.00353,0.002095,0.00163333333333333,0.00131666666666667,0.000975,0.00148,0.000195,0.00057,0.000613333333333333,0.000658333333333333,0.000705,0.000751666666666667,0.000223333333333333,0,1,0,0,0,0,0,0,1,1,1,1,1,1,1,1,1,1,1,1,1,1,1,1,1,1,1,1,1,1,1,1,1,1,1,1,1,1,1,1,1,1,1,1,1,1,1,1,1,1,1,1,1,1,1,1,1,1,1,1,1,1,1,1,1,1,1,1,1,1,1,1,1,1,1,1,1,1,1,1,0
2026-06-25 23:00:00,496.700556383333,0,0,0,0,0,0,0.221068333333333,13.685405,66.0809333333333,98.7944833333333,78.0591516666667,62.1685566666667,54.8165066666667,49.9232066666667,45.207355,14.0911133333333,4.75303833333333,2.08179,1.06197,0.797098333333333,0.63214,0.63503,0.511021666666667,0.288993333333333,0.23504,0.184648333333333,0.17071,0.164336666666667,0.149643333333333,0.160678333333333,0.133295,0.122335,0.116216666666667,0.105996666666667,0.10265,0.0967966666666667,0.10266,0.08103,0.0763,0.0524516666666667,0.0589916666666667,0.0622583333333333,0.0550916666666667,0.0453066666666667,0.0451,0.0401833333333333,0.03838,0.0263483333333333,0.02515,0.0236383333333333,0.0174033333333333,0.0162666666666667,0.0129633333333333,0.0143083333333333,0.0127383333333333,0.0087,0.003555,0.004755,0.00382166666666667,0.00281333333333333,0.00256,0.00277166666666667,0.00144,0.00211666666666667,0.00165333333333333,0.001485,0.00237666666666667,0.000836666666666667,0.000416666666666667,0.000415,0.000826666666666667,0.000108333333333333,0.000316666666666667,0.000341666666666667,0.000366666666666667,0.000391666666666667,0.000416666666666667,0.000125,0,1,0,0,0,0,0,0,1,1,1,1,1,1,1,1,1,1,1,1,1,1,1,1,1,1,1,1,1,1,1,1,1,1,1,1,1,1,1,1,1,1,1,1,1,1,1,1,1,1,1,1,1,1,1,1,1,1,1,1,1,1,1,1,1,1,1,1,1,1,1,1,1,1,1,1,1,1,1,1,0
2026-06-26,529.93236495,0,0,0,0,0,0,0.23111,14.0548433333333,68.5601083333333,103.908363333333,83.0678533333333,66.3027133333333,58.8549116666667,55.1827066666667,50.19094,13.4637683333333,5.17786166666667,2.29849333333333,1.17808166666667,0.86898,0.694396666666667,0.631028333333333,0.530076666666667,0.303025,0.24255,0.179658333333333,0.175465,0.169198333333333,0.14386,0.138886666666667,0.125433333333333,0.123361666666667,0.110956666666667,0.111568333333333,0.107155,0.0812933333333333,0.0854416666666667,0.0822083333333333,0.0665216666666667,0.06375,0.0541266666666667,0.0468233333333333,0.049095,0.0371616666666667,0.0394583333333333,0.0282366666666667,0.026805,0.0335833333333333,0.0237983333333333,0.0179666666666667,0.0173833333333333,0.0192066666666667,0.0153333333333333,0.0108916666666667,0.00916833333333333,0.00829666666666667,0.00493166666666667,0.00389166666666667,0.005895,0.00528166666666667,0.00251333333333333,0.00249833333333333,0.001725,0.00254,0.00092,0.000705,0.00142333333333333,0.000395,0.00208333333333333,0.000415,0,0.00052,0.000316666666666667,0.000341666666666667,0.000366666666666667,0.000391666666666667,0.000416666666666667,0.000125,0,1,0,0,0,0,0,0,1,1,1,1,1,1,1,1,1,1,1,1,1,1,1,1,1,1,1,1,1,1,1,1,1,1,1,1,1,1,1,1,1,1,1,1,1,1,1,1,1,1,1,1,1,1,1,1,1,1,1,1,1,1,1,1,1,1,1,1,1,1,1,1,1,1,1,1,1,1,1,1,0
2026-06-26 01:00:00,546.669886733333,0,0,0,0,0,0,0.22184,14.102615,70.627825,108.402721666667,86.25695,68.7583866666667,60.9402666666667,56.35387,53.4048533333333,15.0563233333333,5.29988166666667,2.382655,1.18662666666667,0.844975,0.69572,0.654331666666667,0.522395,0.293601666666667,0.225256666666667,0.175105,0.165868333333333,0.156191666666667,0.132061666666667,0.129125,0.116723333333333,0.117051666666667,0.10087,0.105251666666667,0.103746666666667,0.086505,0.0862716666666667,0.0741533333333333,0.0619283333333333,0.05502,0.0504583333333333,0.04629,0.0429683333333333,0.0397883333333333,0.0392333333333333,0.0361616666666667,0.02681,0.02728,0.0259183333333333,0.01444,0.0166166666666667,0.01383,0.0154516666666667,0.0105,0.00973833333333333,0.00529,0.00908833333333333,0.00750666666666667,0.00451333333333333,0.002715,0.00208666666666667,0.00377166666666667,0.00261333333333333,0.002155,0.00146333333333333,0.000646666666666667,0.000996666666666667,0.00189666666666667,0.000453333333333333,0.000415,0.000413333333333333,0.00052,0.000316666666666667,0.000341666666666667,0.000366666666666667,0.000391666666666667,0.000416666666666667,0.000125,0,1,0,0,0,0,0,0,1,1,1,1,1,1,1,1,1,1,1,1,1,1,1,1,1,1,1,1,1,1,1,1,1,1,1,1,1,1,1,1,1,1,1,1,1,1,1,1,1,1,1,1,1,1,1,1,1,1,1,1,1,1,1,1,1,1,1,1,1,1,1,1,1,1,1,1,1,1,1,1,0
2026-06-26 02:00:00,582.471528133333,0,0,0,0,0,0,0.236645,14.4251166666667,73.0112766666667,114.156676666667,91.077195,73.843435,64.789685,60.40549,58.1987716666667,16.988075,5.91983166666667,2.64438666666667,1.36216666666667,0.957575,0.743633333333333,0.699095,0.600475,0.318566666666667,0.23101,0.184851666666667,0.17758,0.174948333333333,0.134486666666667,0.131048333333333,0.138351666666667,0.128491666666667,0.116153333333333,0.100251666666667,0.104235,0.0897183333333333,0.080525,0.078455,0.0696783333333333,0.0687783333333333,0.0480566666666667,0.0484666666666667,0.0418583333333333,0.0347383333333333,0.0375333333333333,0.03092,0.0298566666666667,0.0315233333333333,0.0257716666666667,0.0158883333333333,0.01363,0.0158333333333333,0.008085,0.0123983333333333,0.00846833333333333,0.00599,0.004415,0.00621666666666667,0.00451166666666667,0.002715,0.00204,0.001695,0.00388833333333333,0.00169333333333333,0.001305,0.000988333333333333,0.00114166666666667,0.00204833333333333,0.000435,0.000173333333333333,0.000653333333333333,0.0000866666666666667,0.000253333333333333,0.000273333333333333,0.000293333333333333,0.000313333333333333,0.000333333333333333,0.0001,0,1,0,0,0,0,0,0,1,1,1,1,1,1,1,1,1,1,1,1,1,1,1,1,1,1,1,1,1,1,1,1,1,1,1,1,1,1,1,1,1,1,1,1,1,1,1,1,1,1,1,1,1,1,1,1,1,1,1,1,1,1,1,1,1,1,1,1,1,1,1,1,1,1,1,1,1,1,1,1,0
2026-06-26 03:00:00,590.107570383333,0,0,0,0,0,0,0.207906666666667,13.7475433333333,69.03707,109.065351666667,89.494245,73.72,67.3276483333333,64.1072133333333,64.341385,19.1683733333333,7.23264166666667,3.41886166666667,1.75885666666667,1.25974333333333,1.028605,0.959106666666667,0.819348333333333,0.44474,0.30544,0.212651666666667,0.184396666666667,0.185858333333333,0.170198333333333,0.155591666666667,0.14256,0.131851666666667,0.128896666666667,0.119475,0.111255,0.0983483333333333,0.0962716666666667,0.08027,0.081495,0.055715,0.0654333333333333,0.0473466666666667,0.0478433333333333,0.03454,0.03431,0.0266966666666667,0.02733,0.0241816666666667,0.02108,0.0193966666666667,0.0164,0.0150833333333333,0.00785166666666667,0.0107516666666667,0.00813666666666667,0.00817833333333333,0.0106366666666667,0.00647166666666667,0.00288666666666667,0.00374666666666667,0.00360333333333333,0.00385833333333333,0.00144,0.00123166666666667,0.00211333333333333,0.001485,0.002245,0.00053,0.000435,0.001245,0,0.000975,0.000443333333333333,0.000478333333333333,0.000513333333333333,0.000548333333333333,0.000583333333333333,0.000175,0,1,0,0,0,0,0,0,1,1,1,1,1,1,1,1,1,1,1,1,1,1,1,1,1,1,1,1,1,1,1,1,1,1,1,1,1,1,1,1,1,1,1,1,1,1,1,1,1,1,1,1,1,1,1,1,1,1,1,1,1,1,1,1,1,1,1,1,1,1,1,1,1,1,1,1,1,1,1,1,0
2026-06-26 04:00:00,535.213009133333,0,0,0,0,0,0,0.200538333333333,12.57597,62.784725,99.4453583333333,80.93026,66.6615716666667,60.9336883333333,58.0320266666667,58.5757483333333,17.5969633333333,6.65742,3.05441166666667,1.65231,1.17139,0.966525,0.902201666666667,0.768525,0.40413,0.284905,0.235111666666667,0.192325,0.174733333333333,0.157353333333333,0.155188333333333,0.141175,0.13517,0.117661666666667,0.109311666666667,0.11357,0.0932,0.0894633333333333,0.0784433333333333,0.067875,0.0510783333333333,0.0453083333333333,0.0414783333333333,0.0451833333333333,0.0393916666666667,0.0421466666666667,0.0288166666666667,0.0296933333333333,0.0249883333333333,0.0212683333333333,0.0197666666666667,0.01647,0.0125766666666667,0.0105083333333333,0.01032,0.0121316666666667,0.01056,0.00668333333333333,0.0045,0.0046,0.00459666666666667,0.00256,0.00192166666666667,0.001015,0.00169333333333333,0.00207166666666667,0.00120166666666667,0.00126666666666667,0.001785,0.000658333333333333,0.000781666666666667,0.00024,0.000541666666666667,0.00038,0.00041,0.00044,0.00047,0.0005,0.00015,0,1,0,0,0,0,0,0,1,1,1,1,1,1,1,1,1,1,1,1,1,1,1,1,1,1,1,1,1,1,1,1,1,1,1,1,1,1,1,1,1,1,1,1,1,1,1,1,1,1,1,1,1,1,1,1,1,1,1,1,1,1,1,1,1,1,1,1,1,1,1,1,1,1,1,1,1,1,1,1,0
2026-06-26 05:00:00,540.342080716667,0,0,0,0,0,0,0.20085,12.323855,62.1502133333333,98.2217216666667,80.8138266666667,66.346095,60.9480666666667,58.7377066666667,59.7372533333333,18.1814116666667,7.02378,3.26768333333333,1.743865,1.29214,1.09364833333333,1.00336666666667,0.843473333333333,0.43545,0.310576666666667,0.242045,0.205381666666667,0.209895,0.165945,0.18145,0.130598333333333,0.142383333333333,0.127595,0.110141666666667,0.116631666666667,0.09312,0.0887383333333333,0.0833066666666667,0.06438,0.058505,0.05082,0.0501183333333333,0.046885,0.032895,0.0337733333333333,0.0306233333333333,0.0337133333333333,0.0271316666666667,0.0219083333333333,0.0187533333333333,0.0191183333333333,0.0125083333333333,0.011135,0.008815,0.00759833333333333,0.00599166666666667,0.00811333333333333,0.00613333333333333,0.00555333333333333,0.00407166666666667,0.005025,0.004145,0.00190333333333333,0.003195,0.001655,0.000646666666666667,0,0.001255,0.000833333333333333,0.000415,0.0014,0.00166166666666667,0.000506666666666667,0.000545,0.000585,0.000626666666666667,0.000668333333333333,0.000198333333333333,0,1,0,0,0,0,0,0,1,1,1,1,1,1,1,1,1,1,1,1,1,1,1,1,1,1,1,1,1,1,1,1,1,1,1,1,1,1,1,1,1,1,1,1,1,1,1,1,1,1,1,1,1,1,1,1,1,1,1,1,1,1,1,1,1,1,1,1,1,1,1,1,1,1,1,1,1,1,1,1,0
2026-06-26 06:00:00,603.455647766667,0,0,0,0,0,0,0.217695,14.0895166666667,70.5323883333333,110.544978333333,90.5453983333333,75.1127666666667,69.26016,67.1576866666667,66.1834933333333,19.1164316666667,7.53941166666667,3.51025666666667,1.93986333333333,1.36861,1.140795,1.063175,0.873155,0.441455,0.328028333333333,0.229318333333333,0.212941666666667,0.218098333333333,0.180723333333333,0.193081666666667,0.159301666666667,0.158651666666667,0.16411,0.133335,0.118985,0.123173333333333,0.103936666666667,0.0829933333333333,0.0818666666666667,0.075545,0.0585783333333333,0.05446,0.057295,0.0458116666666667,0.0371483333333333,0.0365433333333333,0.0343483333333333,0.0212133333333333,0.025315,0.0254416666666667,0.021735,0.0171083333333333,0.0136633333333333,0.0110833333333333,0.014755,0.00585166666666667,0.00739666666666667,0.00478333333333333,0.00312666666666667,0.00297,0.00355666666666667,0.00358333333333333,0.003,0.00211666666666667,0.00126833333333333,0.00219,0.000703333333333333,0.001765,0.00131666666666667,0.00121666666666667,0,0.000195,0.00057,0.000615,0.00066,0.000705,0.00075,0.000225,0,1,0,0,0,0,0,0,1,1,1,1,1,1,1,1,1,1,1,1,1,1,1,1,1,1,1,1,1,1,1,1,1,1,1,1,1,1,1,1,1,1,1,1,1,1,1,1,1,1,1,1,1,1,1,1,1,1,1,1,1,1,1,1,1,1,1,1,1,1,1,1,1,1,1,1,1,1,1,1,0
2026-06-26 07:00:00,602.813459266667,0,0,0,0,0,0,0.218586666666667,14.3078766666667,71.905445,112.034933333333,91.7471383333333,76.2867466666667,69.36639,67.2950516666667,63.0440033333333,17.4957116666667,6.911895,3.20758,1.733545,1.259255,1.01218666666667,0.985765,0.781033333333333,0.440356666666667,0.324628333333333,0.263213333333333,0.243121666666667,0.244571666666667,0.185518333333333,0.21678,0.180841666666667,0.188111666666667,0.155191666666667,0.153505,0.143728333333333,0.141795,0.123083333333333,0.122418333333333,0.10121,0.0787966666666667,0.0720116666666667,0.0645133333333333,0.062455,0.05219,0.0536783333333333,0.0399866666666667,0.0390366666666667,0.03522,0.0258933333333333,0.0284033333333333,0.0201083333333333,0.0175666666666667,0.0204416666666667,0.0167383333333333,0.00939833333333333,0.0116933333333333,0.00845833333333333,0.009375,0.00505166666666667,0.00442666666666667,0.00379333333333333,0.00292333333333333,0.005435,0.00396333333333333,0.00123166666666667,0.001485,0.001825,0.00136666666666667,0.00126833333333333,0.00100333333333333,0.000813333333333333,0.000448333333333333,0.00057,0.000613333333333333,0.000658333333333333,0.000705,0.000751666666666667,0.000223333333333333,0,1,0,0,0,0,0,0,1,1,1,1,1,1,1,1,1,1,1,1,1,1,1,1,1,1,1,1,1,1,1,1,1,1,1,1,1,1,1,1,1,1,1,1,1,1,1,1,1,1,1,1,1,1,1,1,1,1,1,1,1,1,1,1,1,1,1,1,1,1,1,1,1,1,1,1,1,1,1,1,0
2026-06-26 08:00:00,611.273160816667,0,0,0,0,0,0,0.226768333333333,15.0202133333333,73.6610333333333,113.846495,93.65085,77.8209016666667,71.5237716666667,69.25232,62.8178883333333,16.61355,6.47767666666667,3.00808333333333,1.58048166666667,1.16232166666667,0.991453333333333,0.967886666666667,0.75284,0.418913333333333,0.31077,0.255566666666667,0.256043333333333,0.246516666666667,0.203281666666667,0.22266,0.186535,0.195388333333333,0.156498333333333,0.169471666666667,0.151068333333333,0.15495,0.140416666666667,0.11444,0.107478333333333,0.0875766666666667,0.078915,0.0709783333333333,0.0577783333333333,0.05358,0.051055,0.045325,0.0390166666666667,0.03592,0.0359933333333333,0.0282966666666667,0.0271766666666667,0.0201133333333333,0.0205016666666667,0.01244,0.0134233333333333,0.00797833333333333,0.005475,0.00882166666666667,0.009035,0.00450333333333333,0.00422,0.00429833333333333,0.00208666666666667,0.00211666666666667,0.00123,0.00246666666666667,0.001135,0.00151833333333333,0.00105666666666667,0.00185333333333333,0.000826666666666667,0.000303333333333333,0.000886666666666667,0.000955,0.001025,0.00109666666666667,0.00116833333333333,0.000348333333333333,0,1,0,0,0,0,0,0,1,1,1,1,1,1,1,1,1,1,1,1,1,1,1,1,1,1,1,1,1,1,1,1,1,1,1,1,1,1,1,1,1,1,1,1,1,1,1,1,1,1,1,1,1,1,1,1,1,1,1,1,1,1,1,1,1,1,1,1,1,1,1,1,1,1,1,1,1,1,1,1,0
2026-06-26 09:00:00,629.9954275,0,0,0,0,0,0,0.246365,15.2847033333333,75.371995,115.566681666667,94.9088966666667,80.0958383333333,74.3451583333333,73.5305616666667,62.86638,16.1351366666667,6.61316333333333,2.96794666666667,1.60857,1.13811666666667,0.95989,0.93388,0.69055,0.42053,0.312683333333333,0.251653333333333,0.260461666666667,0.234781666666667,0.197445,0.224033333333333,0.178746666666667,0.202518333333333,0.158116666666667,0.160701666666667,0.150611666666667,0.133988333333333,0.128508333333333,0.12614,0.117251666666667,0.0950383333333333,0.08016,0.0755533333333333,0.0629916666666667,0.052525,0.0555533333333333,0.05208,0.03916,0.0304933333333333,0.033425,0.0287766666666667,0.025945,0.0214183333333333,0.0141416666666667,0.0129883333333333,0.00991833333333333,0.00916,0.00634,0.00570666666666667,0.00323833333333333,0.00553,0.00422,0.004095,0.00267666666666667,0.00127,0.002885,0.001,0.00238333333333333,0.00136666666666667,0.001075,0.000608333333333333,0.0014,0.000925,0.00076,0.000815,0.000875,0.00094,0.001005,0.000295,0,1,0,0,0,0,0,0,1,1,1,1,1,1,1,1,1,1,1,1,1,1,1,1,1,1,1,1,1,1,1,1,1,1,1,1,1,1,1,1,1,1,1,1,1,1,1,1,1,1,1,1,1,1,1,1,1,1,1,1,1,1,1,1,1,1,1,1,1,1,1,1,1,1,1,1,1,1,1,1,0
2026-06-26 10:00:00,595.68565575,0,0,0,0,0,0,0.2559,15.07913,72.1096633333333,109.450923333333,90.2821883333333,76.35985,71.2178533333333,71.4135083333333,58.1197783333333,14.7699816666667,6.17312166666667,2.685955,1.46798666666667,1.078445,0.930111666666667,0.87313,0.624225,0.420555,0.308556666666667,0.2655,0.255473333333333,0.256023333333333,0.227296666666667,0.230406666666667,0.187268333333333,0.185235,0.173066666666667,0.16904,0.168888333333333,0.142996666666667,0.129673333333333,0.119245,0.11637,0.088405,0.0949716666666667,0.0738133333333333,0.0629616666666667,0.068145,0.0608016666666667,0.0482216666666667,0.0397216666666667,0.0318116666666667,0.0346383333333333,0.0321083333333333,0.0254566666666667,0.0209633333333333,0.0235166666666667,0.00813,0.0167966666666667,0.0103733333333333,0.00849,0.00925166666666667,0.00852166666666667,0.006465,0.00464666666666667,0.00282,0.00298666666666667,0.00473333333333333,0.001305,0.002045,0.000978333333333333,0.000816666666666667,0.00129833333333333,0.001805,0.000813333333333333,0.00172666666666667,0.000696666666666667,0.000751666666666667,0.000806666666666667,0.000861666666666667,0.000916666666666667,0.000275,0,1,0,0,0,0,0,0,1,1,1,1,1,1,1,1,1,1,1,1,1,1,1,1,1,1,1,1,1,1,1,1,1,1,1,1,1,1,1,1,1,1,1,1,1,1,1,1,1,1,1,1,1,1,1,1,1,1,1,1,1,1,1,1,1,1,1,1,1,1,1,1,1,1,1,1,1,1,1,1,0
2026-06-26 11:00:00,565.04991505,0,0,0,0,0,0,0.230598333333333,14.199945,68.5257,104.044378333333,85.23595,71.9725383333333,67.2717583333333,66.96953,55.0805683333333,14.3291083333333,5.65466833333333,2.52674,1.40118,1.01673,0.8554,0.80707,0.592513333333333,0.381716666666667,0.31832,0.253533333333333,0.2757,0.251915,0.203613333333333,0.23811,0.190071666666667,0.193895,0.176945,0.153395,0.14991,0.154733333333333,0.137365,0.117568333333333,0.104881666666667,0.0941266666666667,0.095655,0.0762516666666667,0.0690683333333333,0.0547733333333333,0.0502366666666667,0.040395,0.0468233333333333,0.0442,0.0384583333333333,0.0269366666666667,0.0263233333333333,0.0162683333333333,0.01732,0.0156983333333333,0.014215,0.014515,0.00952166666666667,0.00619,0.00521666666666667,0.00709,0.00507333333333333,0.00377333333333333,0.00423666666666667,0.00300166666666667,0.00161666666666667,0.000855,0.00436333333333333,0.00161,0.0000366666666666667,0.00159166666666667,0.00048,0.000585,0.000506666666666667,0.000543333333333333,0.000583333333333333,0.000626666666666667,0.00067,0.000196666666666667,0,1,0,0,0,0,0,0,1,1,1,1,1,1,1,1,1,1,1,1,1,1,1,1,1,1,1,1,1,1,1,1,1,1,1,1,1,1,1,1,1,1,1,1,1,1,1,1,1,1,1,1,1,1,1,1,1,1,1,1,1,1,1,1,1,1,1,1,1,1,1,1,1,1,1,1,1,1,1,1,0
2026-06-26 12:00:00,434.045526083333,0,0,0,0,0,0,0.204485,11.0985116666667,53.0570533333333,80.3038166666667,65.5058266666667,54.73779,50.477635,48.574495,44.2939683333333,13.5759416666667,4.51975333333333,1.96349333333333,1.04889333333333,0.76092,0.61909,0.572725,0.491288333333333,0.333236666666667,0.274788333333333,0.2097,0.20838,0.216075,0.185373333333333,0.176658333333333,0.157396666666667,0.155278333333333,0.143768333333333,0.118225,0.119691666666667,0.112801666666667,0.108831666666667,0.0951433333333333,0.09146,0.0787433333333333,0.0680933333333333,0.0613533333333333,0.0563233333333333,0.0516333333333333,0.04536,0.040385,0.0359983333333333,0.03052,0.02101,0.0184616666666667,0.0207466666666667,0.0210033333333333,0.0175033333333333,0.009965,0.01349,0.00627333333333333,0.0113283333333333,0.008485,0.00439166666666667,0.00331833333333333,0.00436333333333333,0.00268,0.00178833333333333,0.00219333333333333,0.00277,0.00093,0.00168666666666667,0.001785,0.001105,0.00158333333333333,0.00106666666666667,0.00143,0.00057,0.000613333333333333,0.000658333333333333,0.000705,0.000751666666666667,0.000223333333333333,0,1,0,0,0,0,0,0,1,1,1,1,1,1,1,1,1,1,1,1,1,1,1,1,1,1,1,1,1,1,1,1,1,1,1,1,1,1,1,1,1,1,1,1,1,1,1,1,1,1,1,1,1,1,1,1,1,1,1,1,1,1,1,1,1,1,1,1,1,1,1,1,1,1,1,1,1,1,1,1,0
2026-06-26 13:00:00,364.774374883333,0,0,0,0,0,0,0.149925,8.98154,43.8609033333333,66.6620233333333,54.8709166666667,45.2789333333333,41.20504,39.335655,38.1835233333333,14.8508816666667,4.45450166666667,1.91266833333333,0.974125,0.637061666666667,0.572796666666667,0.518801666666667,0.456986666666667,0.335028333333333,0.243746666666667,0.19788,0.183373333333333,0.177201666666667,0.158271666666667,0.172108333333333,0.142156666666667,0.144858333333333,0.12351,0.118395,0.114346666666667,0.100701666666667,0.0891316666666667,0.0827083333333333,0.0748516666666667,0.0722866666666667,0.0636216666666667,0.0515116666666667,0.0460066666666667,0.040235,0.03948,0.0327816666666667,0.03201,0.0249516666666667,0.027395,0.01973,0.0182083333333333,0.0158816666666667,0.0121283333333333,0.00899,0.00896,0.00686666666666667,0.00493166666666667,0.006985,0.00511666666666667,0.00392333333333333,0.00360333333333333,0.00205666666666667,0.00359,0.002155,0.000921666666666667,0.00141,0.00253,0.000263333333333333,0.00211333333333333,0.00056,0.0004,0.001315,0.000696666666666667,0.00075,0.000805,0.000861666666666667,0.000918333333333333,0.000273333333333333,0,1,0,0,0,0,0,0,1,1,1,1,1,1,1,1,1,1,1,1,1,1,1,1,1,1,1,1,1,1,1,1,1,1,1,1,1,1,1,1,1,1,1,1,1,1,1,1,1,1,1,1,1,1,1,1,1,1,1,1,1,1,1,1,1,1,1,1,1,1,1,1,1,1,1,1,1,1,1,1,0
2026-06-26 14:00:00,203.221847233333,0,0,0,0,0,0,0.08658,5.26572,25.386135,37.9728983333333,30.9257633333333,24.94469,22.312665,20.3667316666667,20.010045,9.9994,2.69228333333333,1.15113166666667,0.547736666666667,0.395053333333333,0.323806666666667,0.288645,0.291431666666667,0.212955,0.159195,0.140358333333333,0.11754,0.116748333333333,0.0969616666666667,0.100235,0.08414,0.0982733333333333,0.0813466666666667,0.07549,0.0741133333333333,0.0688416666666667,0.0518883333333333,0.0562333333333333,0.0507916666666667,0.037415,0.0362233333333333,0.0295583333333333,0.0358166666666667,0.02895,0.0244,0.018185,0.018205,0.020635,0.016765,0.01374,0.012175,0.00886333333333333,0.00739,0.00644666666666667,0.00792666666666667,0.003975,0.00481833333333333,0.00526833333333333,0.00383166666666667,0.00349333333333333,0.00298666666666667,0.00256833333333333,0.002455,0.000923333333333333,0.00245666666666667,0.00176166666666667,0,0.000418333333333333,0.00128,0.000801666666666667,0.00016,0.000598333333333333,0.00101166666666667,0.00109,0.00117,0.00125333333333333,0.00133666666666667,0.000396666666666667,0,1,0,0,0,0,0,0,1,1,1,1,1,1,1,1,1,1,1,1,1,1,1,1,1,1,1,1,1,1,1,1,1,1,1,1,1,1,1,1,1,1,1,1,1,1,1,1,1,1,1,1,1,1,1,1,1,1,1,1,1,1,1,1,1,1,1,1,1,1,1,1,1,1,1,1,1,1,1,1,0
2026-06-26 15:00:00,147.8185558,0,0,0,0,0,0,0.0667966666666667,4.020735,19.39674,28.2119566666667,22.3199766666667,18.03643,15.9108083333333,14.6265033333333,13.780545,6.021435,1.62617,0.71841,0.407021666666667,0.310566666666667,0.278123333333333,0.246998333333333,0.268555,0.194033333333333,0.165011666666667,0.130978333333333,0.120386666666667,0.124275,0.116311666666667,0.109053333333333,0.0928883333333333,0.0813433333333333,0.08551,0.0860683333333333,0.082935,0.06354,0.0683416666666667,0.0547233333333333,0.0506883333333333,0.0502466666666667,0.0403766666666667,0.0358016666666667,0.0388566666666667,0.0231866666666667,0.0292066666666667,0.0249433333333333,0.020595,0.016435,0.0183066666666667,0.015185,0.0139933333333333,0.00918166666666667,0.0103483333333333,0.00985333333333333,0.00653166666666667,0.00164,0.00501833333333333,0.002945,0.00392833333333333,0.003825,0.00331833333333333,0.00286833333333333,0.000628333333333333,0.00246333333333333,0.001615,0.00225833333333333,0.00084,0.00207166666666667,0.000851666666666667,0.000415,0.000826666666666667,0.001755,0.00152,0.001635,0.001755,0.00188,0.002005,0.000595,0,1,0,0,0,0,0,0,1,1,1,1,1,1,1,1,1,1,1,1,1,1,1,1,1,1,1,1,1,1,1,1,1,1,1,1,1,1,1,1,1,1,1,1,1,1,1,1,1,1,1,1,1,1,1,1,1,1,1,1,1,1,1,1,1,1,1,1,1,1,1,1,1,1,1,1,1,1,1,1,0
2026-06-26 16:00:00,114.27753205,0,0,0,0,0,0,0.0561416666666667,3.255915,15.3128383333333,22.03574,17.146045,13.63694,12.0441516666667,11.2504733333333,10.128605,4.009965,1.25392166666667,0.605928333333333,0.384908333333333,0.31758,0.25167,0.257793333333333,0.246983333333333,0.204228333333333,0.17014,0.15073,0.133751666666667,0.138701666666667,0.119538333333333,0.116323333333333,0.114016666666667,0.128176666666667,0.09446,0.0854316666666667,0.088195,0.0764133333333333,0.0737166666666667,0.06849,0.061785,0.0577483333333333,0.0487366666666667,0.0442566666666667,0.045485,0.03439,0.0309266666666667,0.0298016666666667,0.0237566666666667,0.0246066666666667,0.0173116666666667,0.0174983333333333,0.01824,0.00963833333333333,0.0107066666666667,0.00614833333333333,0.00875833333333333,0.003565,0.00438833333333333,0.00395333333333333,0.00439166666666667,0.0039,0.00398166666666667,0.00273333333333333,0.00218833333333333,0.00127,0.00207333333333333,0.00162333333333333,0.000558333333333333,0.00163333333333333,0.00109333333333333,0.00102333333333333,0.000413333333333333,0.001125,0.00208833333333333,0.00224333333333333,0.00240833333333333,0.002585,0.00276166666666667,0.000813333333333333,0,1,0,0,0,0,0,0,1,1,1,1,1,1,1,1,1,1,1,1,1,1,1,1,1,1,1,1,1,1,1,1,1,1,1,1,1,1,1,1,1,1,1,1,1,1,1,1,1,1,1,1,1,1,1,1,1,1,1,1,1,1,1,1,1,1,1,1,1,1,1,1,1,1,1,1,1,1,1,1,0
2026-06-26 17:00:00,118.26917945,0,0,0,0,0,0,0.060035,3.42254333333333,16.0084183333333,22.4237183333333,17.892005,14.42861,12.9804783333333,12.5745983333333,9.76956166666667,3.40762333333333,1.30529833333333,0.667773333333333,0.409733333333333,0.331485,0.307328333333333,0.330238333333333,0.284631666666667,0.224908333333333,0.180288333333333,0.160066666666667,0.148438333333333,0.154633333333333,0.136683333333333,0.127066666666667,0.114493333333333,0.134191666666667,0.120768333333333,0.107866666666667,0.0938666666666667,0.0882566666666667,0.0759416666666667,0.0764216666666667,0.07028,0.0587733333333333,0.04783,0.04187,0.0368616666666667,0.0372816666666667,0.0307483333333333,0.02369,0.0304383333333333,0.0233183333333333,0.022235,0.020815,0.0215066666666667,0.0108683333333333,0.00994,0.00848666666666667,0.00739333333333333,0.006345,0.00513166666666667,0.00404,0.00137166666666667,0.00349166666666667,0.00294,0.00132333333333333,0.00204833333333333,0.000923333333333333,0.001615,0.000496666666666667,0.00141666666666667,0.000681666666666667,0.000833333333333333,0,0.000826666666666667,0.000715,0.000886666666666667,0.000955,0.001025,0.00109666666666667,0.00116833333333333,0.000348333333333333,0,1,0,0,0,0,0,0,1,1,1,1,1,1,1,1,1,1,1,1,1,1,1,1,1,1,1,1,1,1,1,1,1,1,1,1,1,1,1,1,1,1,1,1,1,1,1,1,1,1,1,1,1,1,1,1,1,1,1,1,1,1,1,1,1,1,1,1,1,1,1,1,1,1,1,1,1,1,1,1,0
2026-06-26 18:00:00,101.999809133333,0,0,0,0,0,0,0.0455883333333333,2.99073166666667,13.6970616666667,19.4094883333333,15.2285033333333,12.2832433333333,11.0360483333333,10.9522833333333,8.03711666666667,3.00475333333333,1.18643,0.59401,0.371685,0.306601666666667,0.304461666666667,0.32957,0.257881666666667,0.191831666666667,0.158668333333333,0.134971666666667,0.140981666666667,0.130788333333333,0.106903333333333,0.126296666666667,0.102108333333333,0.10839,0.109166666666667,0.0853533333333333,0.0819783333333333,0.0724916666666667,0.0629583333333333,0.05891,0.05116,0.0443483333333333,0.0291383333333333,0.03359,0.0344766666666667,0.0283783333333333,0.0214083333333333,0.0255783333333333,0.0181416666666667,0.0177583333333333,0.0152083333333333,0.014595,0.0104433333333333,0.00667333333333333,0.00679333333333333,0.007195,0.00656,0.00126,0.00450166666666667,0.002235,0.00360166666666667,0.00196,0.00147,0.00141,0.000951666666666667,0.00119333333333333,0.000423333333333333,0.000496666666666667,0.00042,0,0.000833333333333333,0.000415,0.00016,0.000751666666666667,0.000253333333333333,0.000273333333333333,0.000293333333333333,0.000313333333333333,0.000333333333333333,0.0001,0,1,0,0,0,0,0,0,1,1,1,1,1,1,1,1,1,1,1,1,1,1,1,1,1,1,1,1,1,1,1,1,1,1,1,1,1,1,1,1,1,1,1,1,1,1,1,1,1,1,1,1,1,1,1,1,1,1,1,1,1,1,1,1,1,1,1,1,1,1,1,1,1,1,1,1,1,1,1,1,0
2026-06-26 19:00:00,99.8087023666667,0,0,0,0,0,0,0.056815,3.13378,14.1539666666667,19.3781683333333,14.99591,12.0539616666667,11.0845433333333,11.23115,6.32437666666667,2.37885166666667,1.16883166666667,0.642166666666667,0.441791666666667,0.376296666666667,0.350298333333333,0.402875,0.27353,0.24645,0.175145,0.146618333333333,0.15769,0.14082,0.118233333333333,0.134708333333333,0.10608,0.10644,0.10115,0.08892,0.089495,0.066195,0.064785,0.0573566666666667,0.0517883333333333,0.0372466666666667,0.038075,0.0308416666666667,0.0335883333333333,0.0270416666666667,0.0237766666666667,0.0163583333333333,0.0146683333333333,0.0116733333333333,0.0129016666666667,0.0121783333333333,0.01286,0.0100016666666667,0.005635,0.00426166666666667,0.003935,0.001955,0.001605,0.00175,0.001515,0.00153333333333333,0.00170666666666667,0.00117333333333333,0.000488333333333333,0.00130833333333333,0.000846666666666667,0.000566666666666667,0.00127333333333333,0.00151833333333333,0.000223333333333333,0.000608333333333333,0,0.00138666666666667,0.000443333333333333,0.000478333333333333,0.000513333333333333,0.000548333333333333,0.000583333333333333,0.000175,0,1,0,0,0,0,0,0,1,1,1,1,1,1,1,1,1,1,1,1,1,1,1,1,1,1,1,1,1,1,1,1,1,1,1,1,1,1,1,1,1,1,1,1,1,1,1,1,1,1,1,1,1,1,1,1,1,1,1,1,1,1,1,1,1,1,1,1,1,1,1,1,1,1,1,1,1,1,1,1,0
2026-06-26 20:00:00,86.1524827833333,0,0,0,0,0,0,0.0467066666666667,2.742025,12.5228966666667,16.8095883333333,12.78416,9.917595,8.85254,8.815815,5.78987,2.32465666666667,1.12716666666667,0.57387,0.421123333333333,0.347741666666667,0.33452,0.364011666666667,0.297603333333333,0.261808333333333,0.165376666666667,0.156246666666667,0.154351666666667,0.1487,0.11395,0.151296666666667,0.10693,0.11133,0.086065,0.076295,0.0909916666666667,0.067695,0.0636066666666667,0.0565866666666667,0.0468816666666667,0.0407366666666667,0.0291266666666667,0.023565,0.018415,0.0200433333333333,0.0199983333333333,0.0204066666666667,0.0131333333333333,0.011415,0.0138783333333333,0.0136116666666667,0.00805,0.00713166666666667,0.00299833333333333,0.00445666666666667,0.00243,0.002335,0.000573333333333333,0.005555,0.00362333333333333,0.000931666666666667,0.000806666666666667,0.000473333333333333,0.00085,0.00207833333333333,0.000883333333333333,0,0.00084,0.000418333333333333,0,0.00083,0.000573333333333333,0.000275,0.0000633333333333333,0.0000683333333333333,0.0000733333333333333,0.0000783333333333333,0.0000833333333333333,0.000025,0,1,0,0,0,0,0,0,1,1,1,1,1,1,1,1,1,1,1,1,1,1,1,1,1,1,1,1,1,1,1,1,1,1,1,1,1,1,1,1,1,1,1,1,1,1,1,1,1,1,1,1,1,1,1,1,1,1,1,1,1,1,1,1,1,1,1,1,1,1,1,1,1,1,1,1,1,1,1,1,0
2026-06-26 21:00:00,78.50758145,0,0,0,0,0,0,0.0390416666666667,2.57817,11.40729,15.3010616666667,11.5015,8.99408333333333,7.98152166666667,7.93723333333333,5.21368,1.91403666666667,1.02124166666667,0.53754,0.386496666666667,0.330016666666667,0.332898333333333,0.365066666666667,0.296911666666667,0.226345,0.172708333333333,0.151245,0.143353333333333,0.157251666666667,0.122813333333333,0.129293333333333,0.0922633333333333,0.109933333333333,0.093195,0.0799966666666667,0.07811,0.0684333333333333,0.0577633333333333,0.0446416666666667,0.04119,0.0341933333333333,0.0280366666666667,0.024785,0.02224,0.0192666666666667,0.0147616666666667,0.013515,0.00773,0.0104216666666667,0.01062,0.00907333333333333,0.00512,0.00417,0.00547166666666667,0.004605,0.00537166666666667,0.00107166666666667,0.00260833333333333,0.00238,0.00268,0.00128166666666667,0.00274833333333333,0.00141,0.000488333333333333,0.00127,0.0000383333333333333,0,0,0.000398333333333333,0.0000183333333333333,0.000173333333333333,0.00024,0.000476666666666667,0.00019,0.000205,0.00022,0.000235,0.00025,0.000075,0,1,0,0,0,0,0,0,1,1,1,1,1,1,1,1,1,1,1,1,1,1,1,1,1,1,1,1,1,1,1,1,1,1,1,1,1,1,1,1,1,1,1,1,1,1,1,1,1,1,1,1,1,1,1,1,1,1,1,1,1,1,1,1,1,1,1,1,1,1,1,1,1,1,1,1,1,1,1,1,0
2026-06-26 22:00:00,72.3167195,0,0,0,0,0,0,0.034485,2.25408166666667,10.333665,14.2689783333333,10.8166216666667,8.416115,7.574785,7.49968833333333,4.87016333333333,1.50662666666667,0.866993333333333,0.453795,0.323173333333333,0.284471666666667,0.279668333333333,0.301126666666667,0.259251666666667,0.214841666666667,0.152348333333333,0.121315,0.138868333333333,0.139193333333333,0.114973333333333,0.123396666666667,0.10266,0.107403333333333,0.0924416666666667,0.0855533333333333,0.0723283333333333,0.0720866666666667,0.0600633333333333,0.0437783333333333,0.0415583333333333,0.03189,0.0247433333333333,0.0157033333333333,0.0180716666666667,0.0109583333333333,0.00943166666666667,0.00840666666666667,0.0139583333333333,0.0115783333333333,0.00557333333333333,0.00557166666666667,0.00711833333333333,0.00460166666666667,0.00393,0.00214,0.00251833333333333,0.00330833333333333,0.00286833333333333,0.000428333333333333,0,0.000853333333333333,0.000616666666666667,0.00141,0.000526666666666667,0.000423333333333333,0,0.000843333333333333,0,0,0,0.000415,0,0.0000433333333333333,0.000126666666666667,0.000136666666666667,0.000146666666666667,0.000156666666666667,0.000166666666666667,0.00005,0,1,0,0,0,0,0,0,1,1,1,1,1,1,1,1,1,1,1,1,1,1,1,1,1,1,1,1,1,1,1,1,1,1,1,1,1,1,1,1,1,1,1,1,1,1,1,1,1,1,1,1,1,1,1,1,1,1,1,1,1,1,1,1,1,1,1,1,1,1,1,1,1,1,1,1,1,1,1,1,0
2026-06-26 23:00:00,75.8525898166667,0,0,0,0,0,0,0.0388366666666667,2.14433,10.2378783333333,14.7325583333333,11.4820133333333,9.00944,8.05378166666667,7.98986833333333,5.444615,1.98811666666667,1.05813666666667,0.535353333333333,0.37785,0.32531,0.2888,0.320866666666667,0.272868333333333,0.211033333333333,0.157716666666667,0.131121666666667,0.127105,0.136418333333333,0.108648333333333,0.114315,0.0872833333333333,0.110841666666667,0.0893116666666667,0.07711,0.0767416666666667,0.0627116666666667,0.0446416666666667,0.0453133333333333,0.0359133333333333,0.0247066666666667,0.0272583333333333,0.0170966666666667,0.019605,0.010455,0.010485,0.0102983333333333,0.00801,0.00645,0.00389333333333333,0.00687166666666667,0.00625166666666667,0.00508166666666667,0.00424833333333333,0.00359333333333333,0.002105,0.00223,0.00126166666666667,0.00160333333333333,0.000285,0.000678333333333333,0.00170666666666667,0.00117333333333333,0.000526666666666667,0.000846666666666667,0,0.000421666666666667,0,0.000816666666666667,0.000435,0,0.00016,0.000318333333333333,0.00019,0.000205,0.00022,0.000235,0.00025,0.000075,0,1,0,0,0,0,0,0,1,1,1,1,1,1,1,1,1,1,1,1,1,1,1,1,1,1,1,1,1,1,1,1,1,1,1,1,1,1,1,1,1,1,1,1,1,1,1,1,1,1,1,1,1,1,1,1,1,1,1,1,1,1,1,1,1,1,1,1,1,1,1,1,1,1,1,1,1,1,1,1,0
2026-06-27,70.0038083,0,0,0,0,0,0,0.0364566666666667,1.98989166666667,9.47628166666667,13.5979566666667,10.7326733333333,8.30770666666667,7.38136333333333,7.04456333333333,5.19642,2.17044666666667,0.986856666666667,0.509526666666667,0.326428333333333,0.254298333333333,0.241056666666667,0.2549,0.238331666666667,0.188705,0.160933333333333,0.126191666666667,0.117053333333333,0.119283333333333,0.096515,0.11331,0.0807083333333333,0.0907083333333333,0.0693033333333333,0.0702333333333333,0.0783583333333333,0.054375,0.0397266666666667,0.0316616666666667,0.02923,0.0247616666666667,0.0190716666666667,0.0163516666666667,0.0177916666666667,0.00797166666666667,0.0135033333333333,0.00656166666666667,0.008035,0.00817166666666667,0.0042,0.00344666666666667,0.00664333333333333,0.00417,0.002275,0.00301166666666667,0.00302833333333333,0.002235,0.00266666666666667,0.001975,0.000856666666666667,0,0.00104333333333333,0.00151166666666667,0.001585,0.000115,0.000346666666666667,0.000358333333333333,0.000558333333333333,0,0.000223333333333333,0.000193333333333333,0.000826666666666667,0.0000866666666666667,0.000253333333333333,0.000273333333333333,0.000293333333333333,0.000313333333333333,0.000333333333333333,0.0001,0,1,0,0,0,0,0,0,1,1,1,1,1,1,1,1,1,1,1,1,1,1,1,1,1,1,1,1,1,1,1,1,1,1,1,1,1,1,1,1,1,1,1,1,1,1,1,1,1,1,1,1,1,1,1,1,1,1,1,1,1,1,1,1,1,1,1,1,1,1,1,1,1,1,1,1,1,1,1,1,0
2026-06-27 01:00:00,81.0006663166667,0,0,0,0,0,0,0.039625,2.26994666666667,11.02241,15.7577416666667,12.315805,9.472905,8.01612833333333,7.311055,6.461055,3.13857333333333,1.22362333333333,0.602068333333333,0.345308333333333,0.259143333333333,0.239183333333333,0.271285,0.255925,0.194381666666667,0.159698333333333,0.129243333333333,0.12222,0.122883333333333,0.101081666666667,0.116636666666667,0.09318,0.0856666666666667,0.0811016666666667,0.0751716666666667,0.063475,0.05783,0.0444283333333333,0.0434733333333333,0.0278066666666667,0.0239333333333333,0.0235516666666667,0.0164116666666667,0.016015,0.0154066666666667,0.00985833333333333,0.01089,0.00954666666666667,0.00732333333333333,0.005195,0.00414666666666667,0.00592166666666667,0.00253,0.00249666666666667,0.00264166666666667,0.00343333333333333,0.00182333333333333,0.00232166666666667,0.00111666666666667,0.001285,0.00171,0.000616666666666667,0.000236666666666667,0.001275,0.000423333333333333,0.000346666666666667,0.000358333333333333,0.000138333333333333,0,0,0,0,0.0000216666666666667,0.0000633333333333333,0.0000683333333333333,0.0000733333333333333,0.0000783333333333333,0.0000833333333333333,0.000025,0,1,0,0,0,0,0,0,1,1,1,1,1,1,1,1,1,1,1,1,1,1,1,1,1,1,1,1,1,1,1,1,1,1,1,1,1,1,1,1,1,1,1,1,1,1,1,1,1,1,1,1,1,1,1,1,1,1,1,1,1,1,1,1,1,1,1,1,1,1,1,1,1,1,1,1,1,1,1,1,0
2026-06-27 02:00:00,88.0973669666667,0,0,0,0,0,0,0.0455616666666667,2.52183666666667,11.798215,17.3305433333333,13.3143766666667,10.26041,8.59396833333333,7.84566666666667,7.28311666666667,3.95894166666667,1.29523166666667,0.625423333333333,0.381236666666667,0.290921666666667,0.28366,0.287568333333333,0.278481666666667,0.208841666666667,0.164816666666667,0.140896666666667,0.12949,0.125396666666667,0.110996666666667,0.110575,0.0942133333333333,0.101853333333333,0.081455,0.071155,0.0624766666666667,0.061495,0.0470333333333333,0.04137,0.0316133333333333,0.025585,0.025295,0.01789,0.0154166666666667,0.0108566666666667,0.012545,0.0113733333333333,0.00794166666666667,0.00542,0.00374,0.00452333333333333,0.00344833333333333,0.00414666666666667,0.00278833333333333,0.00155666666666667,0.00381166666666667,0.00147333333333333,0.00143333333333333,0.00229333333333333,0.000888333333333333,0.00135833333333333,0.000616666666666667,0.000661666666666667,0.000425,0.00119333333333333,0.000921666666666667,0.000421666666666667,0.00042,0.000418333333333333,0.000833333333333333,0,0,0.0000216666666666667,0.0000633333333333333,0.0000683333333333333,0.0000733333333333333,0.0000783333333333333,0.0000833333333333333,0.000025,0,1,0,0,0,0,0,0,1,1,1,1,1,1,1,1,1,1,1,1,1,1,1,1,1,1,1,1,1,1,1,1,1,1,1,1,1,1,1,1,1,1,1,1,1,1,1,1,1,1,1,1,1,1,1,1,1,1,1,1,1,1,1,1,1,1,1,1,1,1,1,1,1,1,1,1,1,1,1,1,0
2026-06-27 03:00:00,109.366606083333,0,0,0,0,0,0,0.0498266666666667,2.78626333333333,13.8801666666667,21.0805466666667,16.2859033333333,12.5954833333333,10.819255,9.828505,9.734135,5.254515,1.60876333333333,0.865308333333333,0.522491666666667,0.395076666666667,0.368418333333333,0.335265,0.336703333333333,0.277283333333333,0.209948333333333,0.157651666666667,0.167726666666667,0.162485,0.130965,0.140516666666667,0.128736666666667,0.113666666666667,0.098025,0.0887766666666667,0.0865483333333333,0.0721316666666667,0.0558533333333333,0.06231,0.0447466666666667,0.0305083333333333,0.0235283333333333,0.01774,0.0192766666666667,0.0146566666666667,0.0135916666666667,0.012615,0.01251,0.011435,0.005955,0.00389166666666667,0.00666333333333333,0.00335,0.00449166666666667,0.00310666666666667,0.00193833333333333,0.00309166666666667,0.00126166666666667,0.002035,0.001745,0.00178333333333333,0.00170666666666667,0,0,0.000423333333333333,0.00153833333333333,0.00015,0.00042,0,0,0,0,0.000411666666666667,0,0,0,0,0,0,0,1,0,0,0,0,0,0,1,1,1,1,1,1,1,1,1,1,1,1,1,1,1,1,1,1,1,1,1,1,1,1,1,1,1,1,1,1,1,1,1,1,1,1,1,1,1,1,1,1,1,1,1,1,1,1,1,1,1,1,1,1,1,1,1,1,1,1,1,1,1,1,1,1,1,1,1,1,1,1,0
2026-06-27 04:00:00,92.6574077833333,0,0,0,0,0,0,0.0409333333333333,2.30946333333333,11.59848,17.7835533333333,14.0029033333333,10.854745,9.47929,8.48605,8.32843,4.602325,1.42640833333333,0.722316666666667,0.419398333333333,0.320525,0.29332,0.316801666666667,0.323808333333333,0.221273333333333,0.191993333333333,0.137278333333333,0.135191666666667,0.145066666666667,0.123598333333333,0.12419,0.107291666666667,0.0983416666666667,0.084635,0.079195,0.0863416666666667,0.0716733333333333,0.0608283333333333,0.0465116666666667,0.0374466666666667,0.02602,0.0218066666666667,0.0207366666666667,0.01721,0.0148116666666667,0.01675,0.0106883333333333,0.00773,0.00919,0.006775,0.00854833333333333,0.00722333333333333,0.00498833333333333,0.00316166666666667,0.000775,0.00332833333333333,0.000665,0.000831666666666667,0.00331833333333333,0.000713333333333333,0.00110833333333333,0.000853333333333333,0.000425,0.000425,0,0,0,0,0.000836666666666667,0.000833333333333333,0,0.000826666666666667,0,0,0,0,0,0,0,0,1,0,0,0,0,0,0,1,1,1,1,1,1,1,1,1,1,1,1,1,1,1,1,1,1,1,1,1,1,1,1,1,1,1,1,1,1,1,1,1,1,1,1,1,1,1,1,1,1,1,1,1,1,1,1,1,1,1,1,1,1,1,1,1,1,1,1,1,1,1,1,1,1,1,1,1,1,1,1,0
2026-06-27 05:00:00,70.9516743833333,0,0,0,0,0,0,0.0272583333333333,1.813895,8.82611,13.462305,10.65351,8.304515,7.21320166666667,6.54515333333333,6.4108,3.53246333333333,1.11619833333333,0.591126666666667,0.342565,0.253981666666667,0.255583333333333,0.2608,0.266446666666667,0.18697,0.136106666666667,0.10439,0.102423333333333,0.124563333333333,0.0938483333333333,0.114546666666667,0.0954133333333333,0.0945383333333333,0.080865,0.06917,0.06541,0.0634633333333333,0.0528916666666667,0.0424216666666667,0.0314366666666667,0.025645,0.0169766666666667,0.0183983333333333,0.01503,0.0112733333333333,0.0159616666666667,0.007005,0.008965,0.0102416666666667,0.00659333333333333,0.00712333333333333,0.00472666666666667,0.002095,0.002975,0.00127666666666667,0.000951666666666667,0.00220666666666667,0.00166333333333333,0.00043,0.000175,0.001535,0.00170666666666667,0,0,0,0,0,0.000288333333333333,0.00055,0.000416666666666667,0,0,0.000065,0.00019,0.000205,0.00022,0.000235,0.00025,0.000075,0,1,0,0,0,0,0,0,1,1,1,1,1,1,1,1,1,1,1,1,1,1,1,1,1,1,1,1,1,1,1,1,1,1,1,1,1,1,1,1,1,1,1,1,1,1,1,1,1,1,1,1,1,1,1,1,1,1,1,1,1,1,1,1,1,1,1,1,1,1,1,1,1,1,1,1,1,1,1,1,0
2026-06-27 06:00:00,76.39768535,0,0,0,0,0,0,0.0341766666666667,2.09238,10.0610916666667,14.9677733333333,11.7324,9.038315,7.88614833333333,7.17607166666667,6.18990166666667,2.75216,0.932443333333333,0.480323333333333,0.32049,0.251733333333333,0.239201666666667,0.255116666666667,0.235155,0.175498333333333,0.160113333333333,0.122475,0.116588333333333,0.126408333333333,0.103355,0.11451,0.0975016666666667,0.100458333333333,0.0873916666666667,0.0718216666666667,0.0771266666666667,0.0698883333333333,0.06211,0.0492733333333333,0.03737,0.02955,0.02626,0.0175166666666667,0.0182133333333333,0.0125983333333333,0.012545,0.00853833333333333,0.00758666666666667,0.007175,0.009015,0.004785,0.00493,0.00294,0.00360333333333333,0.00328333333333333,0.00052,0.00258,0.000171666666666667,0.00063,0.00134,0.000426666666666667,0,0,0.000425,0.000385,0.000461666666666667,0.000421666666666667,0,0,0,0,0,0,0,0,0,0,0,0,0,1,0,0,0,0,0,0,1,1,1,1,1,1,1,1,1,1,1,1,1,1,1,1,1,1,1,1,1,1,1,1,1,1,1,1,1,1,1,1,1,1,1,1,1,1,1,1,1,1,1,1,1,1,1,1,1,1,1,1,1,1,1,1,1,1,1,1,1,1,1,1,1,1,1,1,1,1,1,1,0
2026-06-27 07:00:00,86.36214905,0,0,0,0,0,0,0.0393316666666667,2.442675,11.4303216666667,17.0266716666667,13.4753666666667,10.5568133333333,9.302455,8.943405,6.58560333333333,2.02954833333333,0.94126,0.502376666666667,0.309488333333333,0.283728333333333,0.262563333333333,0.27175,0.261733333333333,0.196408333333333,0.153021666666667,0.114645,0.120998333333333,0.127588333333333,0.106985,0.113818333333333,0.102426666666667,0.0925166666666667,0.07431,0.0763733333333333,0.073225,0.0595216666666667,0.0537116666666667,0.0450766666666667,0.0363183333333333,0.0319883333333333,0.02933,0.0259083333333333,0.0142783333333333,0.00958666666666667,0.012605,0.016965,0.009525,0.00634166666666667,0.0113316666666667,0.006975,0.00423333333333333,0.00506,0.004495,0.002605,0.00145333333333333,0.00271166666666667,0.00186333333333333,0.00106,0.00108666666666667,0.001105,0.00104333333333333,0.00056,0.000101666666666667,0.000385,0.00046,0,0.00112833333333333,0.000131666666666667,0.000833333333333333,0,0,0.0000216666666666667,0.0000633333333333333,0.0000683333333333333,0.0000733333333333333,0.0000783333333333333,0.0000833333333333333,0.000025,0,1,0,0,0,0,0,0,1,1,1,1,1,1,1,1,1,1,1,1,1,1,1,1,1,1,1,1,1,1,1,1,1,1,1,1,1,1,1,1,1,1,1,1,1,1,1,1,1,1,1,1,1,1,1,1,1,1,1,1,1,1,1,1,1,1,1,1,1,1,1,1,1,1,1,1,1,1,1,1,0
2026-06-27 08:00:00,89.53648275,0,0,0,0,0,0,0.0458616666666667,2.513875,12.00231,17.736025,14.042175,11.2190983333333,10.0220683333333,9.63691833333333,6.23689166666667,1.763995,0.834656666666667,0.447208333333333,0.308256666666667,0.268875,0.24774,0.281646666666667,0.220211666666667,0.163665,0.130058333333333,0.123603333333333,0.10736,0.121051666666667,0.0997083333333333,0.120726666666667,0.0869533333333333,0.103315,0.0779166666666667,0.0688283333333333,0.0654566666666667,0.062595,0.0542883333333333,0.0490866666666667,0.0395583333333333,0.0304983333333333,0.0276866666666667,0.0218683333333333,0.0248066666666667,0.016435,0.0198566666666667,0.0151,0.013885,0.0119966666666667,0.008755,0.00903166666666667,0.00392666666666667,0.00588,0.00564666666666667,0.00559,0.002115,0.00354833333333333,0.00166333333333333,0.00198,0.000593333333333333,0.000855,0.00170666666666667,0,0.000386666666666667,0.0000383333333333333,0,0.000843333333333333,0.00042,0.000398333333333333,0.0000183333333333333,0.000415,0.000413333333333333,0.000931666666666667,0.000316666666666667,0.000341666666666667,0.000366666666666667,0.000391666666666667,0.000416666666666667,0.000125,0,1,0,0,0,0,0,0,1,1,1,1,1,1,1,1,1,1,1,1,1,1,1,1,1,1,1,1,1,1,1,1,1,1,1,1,1,1,1,1,1,1,1,1,1,1,1,1,1,1,1,1,1,1,1,1,1,1,1,1,1,1,1,1,1,1,1,1,1,1,1,1,1,1,1,1,1,1,1,1,0
2026-06-27 09:00:00,91.4935075666667,0,0,0,0,0,0,0.0373666666666667,2.45322333333333,11.791815,17.7097783333333,14.2900833333333,11.6801666666667,10.55311,10.234335,6.24424333333333,1.68358166666667,0.808178333333333,0.41543,0.303928333333333,0.251793333333333,0.228925,0.245841666666667,0.199131666666667,0.147116666666667,0.120153333333333,0.11124,0.108361666666667,0.0987383333333333,0.078435,0.10613,0.0729216666666667,0.0969933333333333,0.0656366666666667,0.0688066666666667,0.0645233333333333,0.0607116666666667,0.0576633333333333,0.0549133333333333,0.040355,0.0331333333333333,0.0319466666666667,0.0205233333333333,0.0228616666666667,0.0181716666666667,0.01758,0.0168983333333333,0.01234,0.013155,0.0112516666666667,0.0106883333333333,0.0105233333333333,0.00583333333333333,0.0042,0.00433166666666667,0.00388333333333333,0.00502,0.00255166666666667,0.00203166666666667,0.001395,0.000853333333333333,0.000853333333333333,0.00107166666666667,0.000203333333333333,0.00119333333333333,0.00168833333333333,0.00078,0.000138333333333333,0.000796666666666667,0.000453333333333333,0,0.000413333333333333,0.0000433333333333333,0.000126666666666667,0.000136666666666667,0.000146666666666667,0.000156666666666667,0.000166666666666667,0.00005,0,1,0,0,0,0,0,0,1,1,1,1,1,1,1,1,1,1,1,1,1,1,1,1,1,1,1,1,1,1,1,1,1,1,1,1,1,1,1,1,1,1,1,1,1,1,1,1,1,1,1,1,1,1,1,1,1,1,1,1,1,1,1,1,1,1,1,1,1,1,1,1,1,1,1,1,1,1,1,1,0
2026-06-27 10:00:00,84.0236327833333,0,0,0,0,0,0,0.0423533333333333,2.27313666666667,11.16415,16.581275,13.3137416666667,10.9007383333333,9.80494666666667,9.62673166666667,5.37815166666667,1.55235,0.741571666666667,0.372981666666667,0.256606666666667,0.210873333333333,0.211758333333333,0.229966666666667,0.186776666666667,0.132403333333333,0.115066666666667,0.088235,0.0929533333333333,0.10007,0.0775733333333333,0.0893983333333333,0.0714716666666667,0.0762833333333333,0.0579566666666667,0.065305,0.0614633333333333,0.0521883333333333,0.0443066666666667,0.0415966666666667,0.03313,0.0395916666666667,0.0249433333333333,0.02022,0.0192416666666667,0.015345,0.0168516666666667,0.00965666666666667,0.0139666666666667,0.00983833333333333,0.0124333333333333,0.00730166666666667,0.00681166666666667,0.005445,0.00333666666666667,0.00530166666666667,0.00176,0.00137,0.00212166666666667,0.000803333333333333,0.00272333333333333,0.00203833333333333,0.00019,0.00056,0.00133833333333333,0.0000383333333333333,0.000423333333333333,0.000421666666666667,0.00126,0.000398333333333333,0.000435,0.000173333333333333,0.00024,0.0000433333333333333,0.000126666666666667,0.000136666666666667,0.000146666666666667,0.000156666666666667,0.000166666666666667,0.00005,0,1,0,0,0,0,0,0,1,1,1,1,1,1,1,1,1,1,1,1,1,1,1,1,1,1,1,1,1,1,1,1,1,1,1,1,1,1,1,1,1,1,1,1,1,1,1,1,1,1,1,1,1,1,1,1,1,1,1,1,1,1,1,1,1,1,1,1,1,1,1,1,1,1,1,1,1,1,1,1,0
2026-06-27 11:00:00,96.263542,0,0,0,0,0,0,0.0407066666666667,2.822795,12.845105,18.814555,15.21764,12.527175,11.3470083333333,11.19809,6.01400166666667,1.72671,0.836086666666667,0.422188333333333,0.292465,0.228196666666667,0.228321666666667,0.238926666666667,0.194801666666667,0.137185,0.118768333333333,0.110995,0.0953333333333333,0.0869866666666667,0.08069,0.0839933333333333,0.0725816666666667,0.0685616666666667,0.0596633333333333,0.0533416666666667,0.065425,0.054755,0.042235,0.03837,0.03706,0.0273283333333333,0.0279116666666667,0.0258983333333333,0.01983,0.0207883333333333,0.0152,0.0129333333333333,0.01606,0.0116566666666667,0.00840166666666667,0.00913,0.005925,0.006675,0.00468,0.00184833333333333,0.00386666666666667,0.00411666666666667,0.00519,0.00106,0.000483333333333333,0.00128166666666667,0.00147,0.000236666666666667,0.00208666666666667,0.000846666666666667,0.00046,0.000421666666666667,0.00042,0,0.000416666666666667,0.000173333333333333,0.000653333333333333,0.000216666666666667,0.000633333333333333,0.000683333333333333,0.000733333333333333,0.000783333333333333,0.000833333333333333,0.00025,0,1,0,0,0,0,0,0,1,1,1,1,1,1,1,1,1,1,1,1,1,1,1,1,1,1,1,1,1,1,1,1,1,1,1,1,1,1,1,1,1,1,1,1,1,1,1,1,1,1,1,1,1,1,1,1,1,1,1,1,1,1,1,1,1,1,1,1,1,1,1,1,1,1,1,1,1,1,1,1,0
2026-06-27 12:00:00,102.688752666667,0,0,0,0,0,0,0.0481466666666667,3.05401666666667,13.78792,19.8571,16.0557366666667,13.3058833333333,12.2290116666667,12.0024833333333,6.68119833333333,1.81296166666667,0.897238333333333,0.436291666666667,0.299308333333333,0.251288333333333,0.23333,0.228946666666667,0.187108333333333,0.1545,0.101371666666667,0.109366666666667,0.0862983333333333,0.0929283333333333,0.07361,0.0891633333333333,0.0532266666666667,0.0731566666666667,0.0561733333333333,0.053845,0.0535916666666667,0.0474316666666667,0.0410083333333333,0.03846,0.0295516666666667,0.0231166666666667,0.0301,0.0191783333333333,0.0200316666666667,0.0180816666666667,0.0180866666666667,0.00967666666666667,0.00816166666666667,0.0100033333333333,0.00914166666666667,0.00989,0.00768166666666667,0.00790666666666667,0.00393166666666667,0.00428,0.00336333333333333,0.00412833333333333,0.00146166666666667,0.00357833333333333,0.00199833333333333,0.00153333333333333,0.000616666666666667,0.00108666666666667,0.000386666666666667,0.00288666666666667,0.00138166666666667,0,0,0.000418333333333333,0.000416666666666667,0.000415,0.000413333333333333,0.000563333333333333,0.000443333333333333,0.000476666666666667,0.000511666666666667,0.000548333333333333,0.000585,0.000173333333333333,0,1,0,0,0,0,0,0,1,1,1,1,1,1,1,1,1,1,1,1,1,1,1,1,1,1,1,1,1,1,1,1,1,1,1,1,1,1,1,1,1,1,1,1,1,1,1,1,1,1,1,1,1,1,1,1,1,1,1,1,1,1,1,1,1,1,1,1,1,1,1,1,1,1,1,1,1,1,1,1,0
2026-06-27 13:00:00,103.000604616667,0,0,0,0,0,0,0.0485766666666667,3.09973666666667,13.97309,19.843875,16.10527,13.1720833333333,12.17098,11.768715,6.84157,1.96171833333333,0.901413333333333,0.480126666666667,0.319058333333333,0.265835,0.248696666666667,0.250815,0.209955,0.1618,0.12888,0.091415,0.100138333333333,0.0938133333333333,0.0791766666666667,0.0943216666666667,0.064505,0.067325,0.061175,0.0495666666666667,0.0466883333333333,0.045365,0.0457116666666667,0.0467633333333333,0.0350283333333333,0.0266583333333333,0.0164133333333333,0.0180583333333333,0.0197133333333333,0.00980333333333333,0.01343,0.0154766666666667,0.0111216666666667,0.00790166666666667,0.009805,0.00868166666666667,0.00631333333333333,0.00672333333333333,0.00458666666666667,0.00379666666666667,0.00545833333333333,0.005485,0.00301166666666667,0.00277833333333333,0.00254666666666667,0.00135833333333333,0.000806666666666667,0.000473333333333333,0.001275,0.000808333333333333,0.000808333333333333,0.000918333333333333,0,0.000418333333333333,0,0,0.00114666666666667,0.000853333333333333,0.00101333333333333,0.00109166666666667,0.00117166666666667,0.00125333333333333,0.001335,0.000398333333333333,0,1,0,0,0,0,0,0,1,1,1,1,1,1,1,1,1,1,1,1,1,1,1,1,1,1,1,1,1,1,1,1,1,1,1,1,1,1,1,1,1,1,1,1,1,1,1,1,1,1,1,1,1,1,1,1,1,1,1,1,1,1,1,1,1,1,1,1,1,1,1,1,1,1,1,1,1,1,1,1,0
2026-06-27 14:00:00,103.674024066667,0,0,0,0,0,0,0.0466433333333333,3.04430166666667,13.8796166666667,19.7199283333333,16.0753016666667,13.3589666666667,12.3071983333333,12.33642,6.61278166666667,1.96158333333333,0.935783333333333,0.467248333333333,0.334515,0.269788333333333,0.265195,0.275451666666667,0.237166666666667,0.170605,0.13144,0.0962833333333333,0.0987,0.10518,0.0873633333333333,0.088475,0.0638816666666667,0.0808333333333333,0.07138,0.0639516666666667,0.0617316666666667,0.0499133333333333,0.0366083333333333,0.0446216666666667,0.03231,0.027315,0.0251716666666667,0.0170816666666667,0.01776,0.015435,0.010965,0.0130166666666667,0.00946833333333333,0.00916666666666667,0.00695,0.0105816666666667,0.00879,0.00501333333333333,0.00531,0.00508,0.00413833333333333,0.002465,0.00329666666666667,0.00298,0.000285,0.00196,0.00185,0.00103333333333333,0.000488333333333333,0.0000383333333333333,0.00111666666666667,0.00113833333333333,0.00153666666666667,0.000418333333333333,0.000833333333333333,0,0.000893333333333333,0.000998333333333333,0.000696666666666667,0.000751666666666667,0.000806666666666667,0.000861666666666667,0.000916666666666667,0.000275,0,1,0,0,0,0,0,0,1,1,1,1,1,1,1,1,1,1,1,1,1,1,1,1,1,1,1,1,1,1,1,1,1,1,1,1,1,1,1,1,1,1,1,1,1,1,1,1,1,1,1,1,1,1,1,1,1,1,1,1,1,1,1,1,1,1,1,1,1,1,1,1,1,1,1,1,1,1,1,1,0
2026-06-27 15:00:00,99.39617535,0,0,0,0,0,0,0.0553716666666667,2.92919666666667,13.682945,19.3921583333333,15.7622666666667,12.8954766666667,11.6545966666667,11.159515,6.22544333333333,1.90049666666667,0.795698333333333,0.421968333333333,0.26971,0.197075,0.20685,0.217401666666667,0.194886666666667,0.129016666666667,0.100696666666667,0.0857983333333333,0.0956783333333333,0.0938466666666667,0.077655,0.0888883333333333,0.0597333333333333,0.0644233333333333,0.0517783333333333,0.0628633333333333,0.0548016666666667,0.0535733333333333,0.042105,0.0310016666666667,0.028525,0.0302416666666667,0.0218983333333333,0.01833,0.02115,0.01366,0.0112633333333333,0.009785,0.0140983333333333,0.0117633333333333,0.0117933333333333,0.00417,0.00563666666666667,0.00597333333333333,0.00548333333333333,0.00565166666666667,0.00553833333333333,0.00279166666666667,0.00252333333333333,0.00166,0.00134,0.00128,0.00104333333333333,0.00141,0.000913333333333333,0.001655,0.00126833333333333,0.000496666666666667,0.00154833333333333,0.00053,0.000241666666666667,0.000781666666666667,0.000653333333333333,0.00039,0.00114,0.00122666666666667,0.00131666666666667,0.00141,0.00150333333333333,0.000446666666666667,0,1,0,0,0,0,0,0,1,1,1,1,1,1,1,1,1,1,1,1,1,1,1,1,1,1,1,1,1,1,1,1,1,1,1,1,1,1,1,1,1,1,1,1,1,1,1,1,1,1,1,1,1,1,1,1,1,1,1,1,1,1,1,1,1,1,1,1,1,1,1,1,1,1,1,1,1,1,1,1,0
2026-06-27 16:00:00,109.588689266667,0,0,0,0,0,0,0.0554733333333333,3.18575,14.8475816666667,21.0744033333333,17.142945,13.9567166666667,12.6591316666667,12.140035,7.41586666666667,2.53921666666667,1.012415,0.450081666666667,0.291211666666667,0.228878333333333,0.210726666666667,0.22416,0.173008333333333,0.143226666666667,0.110751666666667,0.0823083333333333,0.096415,0.102098333333333,0.07717,0.0770766666666667,0.06559,0.0748416666666667,0.052285,0.055915,0.047995,0.0460083333333333,0.036035,0.0369516666666667,0.0245466666666667,0.0280616666666667,0.02517,0.0168533333333333,0.0194216666666667,0.0153433333333333,0.0191466666666667,0.0111066666666667,0.007805,0.011355,0.00962333333333333,0.00830166666666667,0.00722333333333333,0.00424,0.00442166666666667,0.00310666666666667,0.00426166666666667,0.00165666666666667,0.00209333333333333,0.00289666666666667,0.00242666666666667,0.003245,0.00185,0.00232666666666667,0.000508333333333333,0.00127,0.000346666666666667,0.000496666666666667,0,0,0.00147333333333333,0.000608333333333333,0,0.000606666666666667,0.00057,0.000613333333333333,0.000658333333333333,0.000705,0.000751666666666667,0.000223333333333333,0,1,0,0,0,0,0,0,1,1,1,1,1,1,1,1,1,1,1,1,1,1,1,1,1,1,1,1,1,1,1,1,1,1,1,1,1,1,1,1,1,1,1,1,1,1,1,1,1,1,1,1,1,1,1,1,1,1,1,1,1,1,1,1,1,1,1,1,1,1,1,1,1,1,1,1,1,1,1,1,0
2026-06-27 17:00:00,141.17065135,0,0,0,0,0,0,0.0695116666666667,3.96414,18.61258,26.8052983333333,22.04135,18.1563083333333,16.1964016666667,15.9682866666667,10.3788516666667,3.936035,1.50230166666667,0.64296,0.374,0.28845,0.265678333333333,0.285836666666667,0.217608333333333,0.17997,0.119761666666667,0.102815,0.097235,0.100683333333333,0.0836033333333333,0.0991416666666667,0.0683816666666667,0.0702916666666667,0.06324,0.0572383333333333,0.0552316666666667,0.054465,0.041915,0.0469083333333333,0.03856,0.0260066666666667,0.0262833333333333,0.0197233333333333,0.0189133333333333,0.0164983333333333,0.0143583333333333,0.0100333333333333,0.011645,0.00937166666666667,0.00901666666666667,0.00760166666666667,0.00705666666666667,0.00376,0.00446666666666667,0.00362666666666667,0.00303666666666667,0.00147333333333333,0.00272333333333333,0.00197833333333333,0.000875,0.00254333333333333,0.00147,0.000985,0.000951666666666667,0.001155,0.00138166666666667,0.001265,0,0.00207166666666667,0.0000183333333333333,0.000415,0,0.000563333333333333,0.000443333333333333,0.000476666666666667,0.000511666666666667,0.000548333333333333,0.000585,0.000173333333333333,0,1,0,0,0,0,0,0,1,1,1,1,1,1,1,1,1,1,1,1,1,1,1,1,1,1,1,1,1,1,1,1,1,1,1,1,1,1,1,1,1,1,1,1,1,1,1,1,1,1,1,1,1,1,1,1,1,1,1,1,1,1,1,1,1,1,1,1,1,1,1,1,1,1,1,1,1,1,1,1,0
2026-06-27 18:00:00,132.055000683333,0,0,0,0,0,0,0.0627533333333333,3.76441833333333,17.375775,25.0601066666667,20.7206066666667,16.8687916666667,15.3687216666667,14.8381616666667,9.48114833333333,3.67815166666667,1.47189,0.637076666666667,0.399376666666667,0.30288,0.29687,0.285478333333333,0.245428333333333,0.188901666666667,0.15506,0.113105,0.107173333333333,0.101848333333333,0.0930683333333333,0.0917016666666667,0.0737083333333333,0.0805633333333333,0.0677516666666667,0.0550333333333333,0.064445,0.046965,0.0416466666666667,0.0388916666666667,0.0400133333333333,0.0297083333333333,0.02542,0.017685,0.0183583333333333,0.0188683333333333,0.01158,0.00875333333333333,0.0101966666666667,0.00958333333333333,0.0108166666666667,0.00960166666666667,0.00507833333333333,0.00629,0.00544666666666667,0.00536166666666667,0.00458,0.00286833333333333,0.002465,0.00089,0.001515,0.00110666666666667,0.00104333333333333,0.001835,0.0013,0.00130833333333333,0.00277,0.00149666666666667,0.000835,0.000816666666666667,0.001685,0.000415,0.00016,0.000773333333333333,0.000316666666666667,0.000341666666666667,0.000366666666666667,0.000391666666666667,0.000416666666666667,0.000125,0,1,0,0,0,0,0,0,1,1,1,1,1,1,1,1,1,1,1,1,1,1,1,1,1,1,1,1,1,1,1,1,1,1,1,1,1,1,1,1,1,1,1,1,1,1,1,1,1,1,1,1,1,1,1,1,1,1,1,1,1,1,1,1,1,1,1,1,1,1,1,1,1,1,1,1,1,1,1,1,0
2026-06-27 19:00:00,117.189047616667,0,0,0,0,0,0,0.058895,3.52444833333333,15.742785,22.4167133333333,18.3043683333333,14.9947266666667,13.559155,13.3173983333333,7.84767,2.84098833333333,1.17200833333333,0.563625,0.343138333333333,0.287468333333333,0.283535,0.277103333333333,0.202291666666667,0.160005,0.128966666666667,0.113615,0.104021666666667,0.105336666666667,0.0783716666666667,0.0917366666666667,0.0705516666666667,0.0703483333333333,0.0636816666666667,0.0640116666666667,0.0693383333333333,0.0496633333333333,0.0496933333333333,0.05232,0.0302633333333333,0.0288883333333333,0.0248583333333333,0.0191966666666667,0.0174066666666667,0.014625,0.01457,0.0126766666666667,0.01393,0.011705,0.0145316666666667,0.00984833333333333,0.00943333333333333,0.00549166666666667,0.00463166666666667,0.00229833333333333,0.00464,0.00314166666666667,0.00186333333333333,0.00191833333333333,0.00169,0.001785,0.000853333333333333,0.00085,0.00085,0,0.00246,0.000496666666666667,0.00084,0.000418333333333333,0.000833333333333333,0.000415,0.000413333333333333,0.000476666666666667,0.00019,0.000205,0.00022,0.000235,0.00025,0.000075,0,1,0,0,0,0,0,0,1,1,1,1,1,1,1,1,1,1,1,1,1,1,1,1,1,1,1,1,1,1,1,1,1,1,1,1,1,1,1,1,1,1,1,1,1,1,1,1,1,1,1,1,1,1,1,1,1,1,1,1,1,1,1,1,1,1,1,1,1,1,1,1,1,1,1,1,1,1,1,1,0
2026-06-27 20:00:00,120.362259316667,0,0,0,0,0,0,0.0591866666666667,3.44747666666667,16.0298116666667,22.9075766666667,18.36957,14.88571,13.817855,13.5897733333333,8.49214333333333,2.95573333333333,1.33167833333333,0.613625,0.419955,0.32099,0.30399,0.334308333333333,0.257855,0.199423333333333,0.141281666666667,0.116855,0.106093333333333,0.103728333333333,0.105796666666667,0.0939283333333333,0.0711666666666667,0.09112,0.07101,0.065825,0.0571466666666667,0.061355,0.0551516666666667,0.0489933333333333,0.0406416666666667,0.0308466666666667,0.0229,0.0239733333333333,0.0199816666666667,0.0206033333333333,0.0191633333333333,0.0169616666666667,0.0119166666666667,0.00987666666666667,0.01095,0.00980166666666667,0.01001,0.00629,0.006395,0.00228666666666667,0.002755,0.001635,0.00240833333333333,0.00372666666666667,0.003395,0.000251666666666667,0.002085,0.003145,0.00150333333333333,0.000885,0.002075,0.000918333333333333,0.000708333333333333,0.000131666666666667,0.000416666666666667,0.00083,0.000733333333333333,0.000636666666666667,0.00038,0.00041,0.00044,0.00047,0.0005,0.00015,0,1,0,0,0,0,0,0,1,1,1,1,1,1,1,1,1,1,1,1,1,1,1,1,1,1,1,1,1,1,1,1,1,1,1,1,1,1,1,1,1,1,1,1,1,1,1,1,1,1,1,1,1,1,1,1,1,1,1,1,1,1,1,1,1,1,1,1,1,1,1,1,1,1,1,1,1,1,1,1,0
2026-06-27 21:00:00,111.1556215,0,0,0,0,0,0,0.0585133333333333,3.27971666666667,14.9547633333333,21.5360966666667,17.36282,13.7132983333333,12.4284616666667,12.1088833333333,8.15290833333333,2.79151166666667,1.19863833333333,0.622615,0.367066666666667,0.303493333333333,0.298203333333333,0.304385,0.24642,0.179435,0.154743333333333,0.109358333333333,0.111945,0.12239,0.103695,0.09415,0.0740283333333333,0.0891116666666667,0.072935,0.0623083333333333,0.0646833333333333,0.05937,0.0472666666666667,0.0503366666666667,0.0331566666666667,0.03007,0.0300833333333333,0.0256866666666667,0.0238916666666667,0.015965,0.012055,0.0135166666666667,0.0115016666666667,0.00839333333333333,0.010075,0.00753,0.008525,0.00549333333333333,0.00355833333333333,0.003715,0.00257166666666667,0.00193666666666667,0.00384166666666667,0.00334833333333333,0.003095,0.00289,0.00189666666666667,0.000985,0.000488333333333333,0.00123166666666667,0.000845,0.000358333333333333,0.000138333333333333,0.000398333333333333,0.000435,0.000588333333333333,0.00024,0.0000866666666666667,0.000253333333333333,0.000273333333333333,0.000293333333333333,0.000313333333333333,0.000333333333333333,0.0001,0,1,0,0,0,0,0,0,1,1,1,1,1,1,1,1,1,1,1,1,1,1,1,1,1,1,1,1,1,1,1,1,1,1,1,1,1,1,1,1,1,1,1,1,1,1,1,1,1,1,1,1,1,1,1,1,1,1,1,1,1,1,1,1,1,1,1,1,1,1,1,1,1,1,1,1,1,1,1,1,0
2026-06-27 22:00:00,96.0236039833333,0,0,0,0,0,0,0.0460183333333333,2.81565,13.0799816666667,18.7457583333333,14.9435666666667,11.9577266666667,10.51854,10.0870433333333,6.88942666666667,2.36131166666667,0.997558333333333,0.494991666666667,0.331608333333333,0.260611666666667,0.246458333333333,0.261461666666667,0.2251,0.160743333333333,0.131243333333333,0.112078333333333,0.109336666666667,0.10378,0.0882166666666667,0.0851783333333333,0.0723616666666667,0.0737133333333333,0.0678716666666667,0.05463,0.047585,0.0542166666666667,0.040185,0.0378633333333333,0.0336466666666667,0.0318633333333333,0.019495,0.0223566666666667,0.0114,0.016335,0.0167033333333333,0.01457,0.00874666666666667,0.01011,0.00583,0.00719166666666667,0.004295,0.00330333333333333,0.00309333333333333,0.00120666666666667,0.00052,0.00134666666666667,0.00235,0.002265,0.000911666666666667,0.000856666666666667,0.00128,0.00117333333333333,0.000526666666666667,0.000808333333333333,0.00046,0.000421666666666667,0,0.000418333333333333,0,0.000415,0,0.0000866666666666667,0.000253333333333333,0.000273333333333333,0.000293333333333333,0.000313333333333333,0.000333333333333333,0.0001,0,1,0,0,0,0,0,0,1,1,1,1,1,1,1,1,1,1,1,1,1,1,1,1,1,1,1,1,1,1,1,1,1,1,1,1,1,1,1,1,1,1,1,1,1,1,1,1,1,1,1,1,1,1,1,1,1,1,1,1,1,1,1,1,1,1,1,1,1,1,1,1,1,1,1,1,1,1,1,1,0
2026-06-27 23:00:00,83.7810328666667,0,0,0,0,0,0,0.0405366666666667,2.41238833333333,11.52843,16.39759,13.3372733333333,10.5445616666667,9.028175,8.65458833333333,5.86063,1.97913166666667,0.912468333333333,0.45597,0.274301666666667,0.23126,0.227265,0.229056666666667,0.199501666666667,0.157353333333333,0.129308333333333,0.088845,0.08884,0.0954566666666667,0.0815416666666667,0.0803916666666667,0.0771433333333333,0.0711633333333333,0.0563633333333333,0.0628583333333333,0.0548933333333333,0.0534416666666667,0.0411766666666667,0.0398983333333333,0.0258616666666667,0.0266433333333333,0.0209133333333333,0.0160016666666667,0.0133983333333333,0.0107433333333333,0.01289,0.00933166666666667,0.0099,0.0103116666666667,0.00871833333333333,0.00596333333333333,0.00807,0.00506,0.00537833333333333,0.003125,0.00271166666666667,0.00139833333333333,0.00252333333333333,0.001175,0.000966666666666667,0.000853333333333333,0,0.000425,0.000425,0.00123166666666667,0.0000383333333333333,0,0,0.000418333333333333,0,0,0.000413333333333333,0.000433333333333333,0.0000633333333333333,0.0000683333333333333,0.0000733333333333333,0.0000783333333333333,0.0000833333333333333,0.000025,0,1,0,0,0,0,0,0,1,1,1,1,1,1,1,1,1,1,1,1,1,1,1,1,1,1,1,1,1,1,1,1,1,1,1,1,1,1,1,1,1,1,1,1,1,1,1,1,1,1,1,1,1,1,1,1,1,1,1,1,1,1,1,1,1,1,1,1,1,1,1,1,1,1,1,1,1,1,1,1,0
2026-06-28,78.1852786,0,0,0,0,0,0,0.03628,2.32572833333333,10.9167583333333,15.6570533333333,12.5834333333333,9.98997333333333,8.51323833333333,7.94453,5.28553,1.63547166666667,0.79693,0.381998333333333,0.241906666666667,0.22003,0.199341666666667,0.224988333333333,0.195973333333333,0.152725,0.11932,0.112886666666667,0.112553333333333,0.105048333333333,0.0798933333333333,0.0872933333333333,0.0664766666666667,0.074995,0.06852,0.06168,0.0533583333333333,0.0436216666666667,0.04369,0.0371666666666667,0.0338166666666667,0.0213766666666667,0.0215633333333333,0.01749,0.0151983333333333,0.010525,0.013125,0.0128316666666667,0.0125166666666667,0.00590833333333333,0.00926833333333333,0.00449333333333333,0.00394333333333333,0.00419333333333333,0.00319666666666667,0.00276333333333333,0.00255333333333333,0.00201333333333333,0.002495,0.00117666666666667,0.00182333333333333,0.000428333333333333,0.00038,0.00207333333333333,0.000526666666666667,0,0,0.000705,0.000138333333333333,0,0.000416666666666667,0,0,0.0000216666666666667,0.0000633333333333333,0.0000683333333333333,0.0000733333333333333,0.0000783333333333333,0.0000833333333333333,0.000025,0,1,0,0,0,0,0,0,1,1,1,1,1,1,1,1,1,1,1,1,1,1,1,1,1,1,1,1,1,1,1,1,1,1,1,1,1,1,1,1,1,1,1,1,1,1,1,1,1,1,1,1,1,1,1,1,1,1,1,1,1,1,1,1,1,1,1,1,1,1,1,1,1,1,1,1,1,1,1,1,0
2026-06-28 01:00:00,73.0873605,0,0,0,0,0,0,0.0348733333333333,2.13095333333333,10.1462433333333,14.6518866666667,11.8867766666667,9.28000333333333,8.01232166666667,7.222265,4.97055,1.655665,0.713916666666667,0.36595,0.221453333333333,0.198603333333333,0.184706666666667,0.213648333333333,0.19988,0.150215,0.118766666666667,0.109723333333333,0.102806666666667,0.104646666666667,0.0953666666666667,0.102735,0.0907566666666667,0.0879733333333333,0.0690283333333333,0.074455,0.0660133333333333,0.046885,0.0473016666666667,0.0395916666666667,0.0309766666666667,0.0270066666666667,0.023845,0.01532,0.012555,0.013235,0.0112116666666667,0.012505,0.00859666666666667,0.00859,0.00756833333333333,0.00490333333333333,0.00347,0.00457833333333333,0.00290333333333333,0.00236833333333333,0.00253666666666667,0.00094,0.00126166666666667,0.000858333333333333,0.000428333333333333,0.00170833333333333,0,0.000323333333333333,0.000101666666666667,0.000385,0.000881666666666667,0.000283333333333333,0.000558333333333333,0.000418333333333333,0.000223333333333333,0.000608333333333333,0,0,0,0,0,0,0,0,0,1,0,0,0,0,0,0,1,1,1,1,1,1,1,1,1,1,1,1,1,1,1,1,1,1,1,1,1,1,1,1,1,1,1,1,1,1,1,1,1,1,1,1,1,1,1,1,1,1,1,1,1,1,1,1,1,1,1,1,1,1,1,1,1,1,1,1,1,1,1,1,1,1,1,1,1,1,1,1,0
2026-06-28 02:00:00,69.2274920666667,0,0,0,0,0,0,0.02769,1.84015,9.18673833333333,13.7092616666667,11.190075,8.79697,7.41849666666667,6.50010666666667,5.18812,1.99084666666667,0.644091666666667,0.323811666666667,0.204605,0.17601,0.196801666666667,0.216846666666667,0.211246666666667,0.174,0.150831666666667,0.129106666666667,0.121606666666667,0.134118333333333,0.103965,0.115661666666667,0.116698333333333,0.10506,0.0860383333333333,0.0734833333333333,0.0737433333333333,0.0590333333333333,0.048175,0.0386783333333333,0.0380116666666667,0.0300433333333333,0.0228866666666667,0.0183316666666667,0.0160983333333333,0.0176133333333333,0.01251,0.009545,0.00802666666666667,0.00554666666666667,0.00494,0.00553,0.00542666666666667,0.00209666666666667,0.00283666666666667,0.00141666666666667,0.00295,0.001015,0.00129,0.00117666666666667,0.000538333333333333,0,0.00104333333333333,0.000985,0.000526666666666667,0,0,0,0.000708333333333333,0.00055,0,0,0,0.0000216666666666667,0.0000633333333333333,0.0000683333333333333,0.0000733333333333333,0.0000783333333333333,0.0000833333333333333,0.000025,0,1,0,0,0,0,0,0,1,1,1,1,1,1,1,1,1,1,1,1,1,1,1,1,1,1,1,1,1,1,1,1,1,1,1,1,1,1,1,1,1,1,1,1,1,1,1,1,1,1,1,1,1,1,1,1,1,1,1,1,1,1,1,1,1,1,1,1,1,1,1,1,1,1,1,1,1,1,1,1,0
2026-06-28 03:00:00,73.2758211833333,0,0,0,0,0,0,0.027975,1.77135166666667,8.76561333333333,14.051355,11.817955,9.33759,7.87688333333333,6.93072666666667,6.05408833333333,2.71321833333333,0.670161666666667,0.32698,0.217336666666667,0.19689,0.198105,0.232911666666667,0.218101666666667,0.193421666666667,0.163463333333333,0.137806666666667,0.14674,0.140511666666667,0.1283,0.141106666666667,0.116328333333333,0.12598,0.104725,0.087635,0.077545,0.0755383333333333,0.058835,0.0511783333333333,0.04207,0.0354533333333333,0.031295,0.0192083333333333,0.014155,0.0170533333333333,0.01125,0.008365,0.00983833333333333,0.00801,0.00572833333333333,0.00505166666666667,0.00379666666666667,0.000843333333333333,0.003535,0.00242,0.00133,0.0000516666666666667,0,0.000373333333333333,0.000483333333333333,0.000428333333333333,0,0,0,0.000846666666666667,0,0,0,0,0,0,0,0,0,0,0,0,0,0,0,1,0,0,0,0,0,0,1,1,1,1,1,1,1,1,1,1,1,1,1,1,1,1,1,1,1,1,1,1,1,1,1,1,1,1,1,1,1,1,1,1,1,1,1,1,1,1,1,1,1,1,1,1,1,1,1,1,1,1,1,1,1,1,1,1,1,1,1,1,1,1,1,1,1,1,1,1,1,1,0
2026-06-28 04:00:00,72.0242475,0,0,0,0,0,0,0.026705,1.63295666666667,8.44355166666667,13.6333083333333,11.4627183333333,9.183685,7.79845333333333,6.69624833333333,6.02939166666667,2.91270166666667,0.63456,0.345155,0.208361666666667,0.182778333333333,0.191726666666667,0.214896666666667,0.222318333333333,0.185773333333333,0.166795,0.14241,0.125515,0.15161,0.119523333333333,0.112381666666667,0.10775,0.103791666666667,0.104385,0.083855,0.08293,0.0813183333333333,0.0635666666666667,0.0528316666666667,0.0438316666666667,0.0318966666666667,0.0285616666666667,0.019655,0.01912,0.014625,0.0114466666666667,0.01263,0.00989,0.00802833333333333,0.00758833333333333,0.00439333333333333,0.00623166666666667,0.00419333333333333,0.00295333333333333,0.00177833333333333,0.00122333333333333,0.00190333333333333,0.000573333333333333,0.000258333333333333,0,0,0.000853333333333333,0,0,0.000423333333333333,0,0,0,0,0,0,0,0,0,0,0,0,0,0,0,1,0,0,0,0,0,0,1,1,1,1,1,1,1,1,1,1,1,1,1,1,1,1,1,1,1,1,1,1,1,1,1,1,1,1,1,1,1,1,1,1,1,1,1,1,1,1,1,1,1,1,1,1,1,1,1,1,1,1,1,1,1,1,1,1,1,1,1,1,1,1,1,1,1,1,1,1,1,1,0
2026-06-28 05:00:00,43.3172982166667,0,0,0,0,0,0,0.0142616666666667,0.95991,5.053465,8.23031166666667,6.77201,5.53748333333333,4.82801833333333,4.34358333333333,3.85794833333333,1.69788833333333,0.470798333333333,0.221865,0.156445,0.136393333333333,0.139811666666667,0.141576666666667,0.15904,0.118653333333333,0.0950916666666667,0.07777,0.0829716666666667,0.08948,0.07481,0.07095,0.0696433333333333,0.0576833333333333,0.0485366666666667,0.052405,0.0461616666666667,0.0440316666666667,0.0348016666666667,0.0273066666666667,0.0234516666666667,0.018745,0.01314,0.014255,0.0131066666666667,0.00946333333333333,0.00979333333333333,0.00711333333333333,0.00578666666666667,0.00498333333333333,0.00552833333333333,0.00572833333333333,0.00214666666666667,0.00250666666666667,0.00295166666666667,0.00221,0.000951666666666667,0.00043,0.00129,0.000428333333333333,0.00103166666666667,0.001105,0.000426666666666667,0.00085,0.000425,0,0,0,0.000288333333333333,0.000131666666666667,0.000223333333333333,0.000193333333333333,0.000413333333333333,0.000476666666666667,0.00019,0.000205,0.00022,0.000235,0.00025,0.000075,0,1,0,0,0,0,0,0,1,1,1,1,1,1,1,1,1,1,1,1,1,1,1,1,1,1,1,1,1,1,1,1,1,1,1,1,1,1,1,1,1,1,1,1,1,1,1,1,1,1,1,1,1,1,1,1,1,1,1,1,1,1,1,1,1,1,1,1,1,1,1,1,1,1,1,1,1,1,1,1,0
2026-06-28 06:00:00,38.7504926,0,0,0,0,0,0,0.0135833333333333,0.941451666666667,4.45564166666667,7.033835,5.883135,4.93865666666667,4.41862666666667,4.223705,2.98141166666667,0.975955,0.422156666666667,0.207673333333333,0.139085,0.13919,0.12358,0.145551666666667,0.140611666666667,0.105031666666667,0.08571,0.0761366666666667,0.0827033333333333,0.073805,0.0699183333333333,0.0720933333333333,0.0633716666666667,0.057635,0.0548366666666667,0.0415616666666667,0.0357866666666667,0.0343033333333333,0.029335,0.023875,0.019085,0.0156833333333333,0.0145466666666667,0.00796,0.013955,0.010305,0.00830166666666667,0.00682666666666667,0.005125,0.005835,0.00236666666666667,0.00407833333333333,0.00381833333333333,0.00294,0.00372166666666667,0.00107333333333333,0.00118833333333333,0.000103333333333333,0.00129,0.00043,0,0.000853333333333333,0.000853333333333333,0,0,0,0,0.000421666666666667,0,0,0,0.000588333333333333,0.00024,0,0,0,0,0,0,0,0,1,0,0,0,0,0,0,1,1,1,1,1,1,1,1,1,1,1,1,1,1,1,1,1,1,1,1,1,1,1,1,1,1,1,1,1,1,1,1,1,1,1,1,1,1,1,1,1,1,1,1,1,1,1,1,1,1,1,1,1,1,1,1,1,1,1,1,1,1,1,1,1,1,1,1,1,1,1,1,0
2026-06-28 07:00:00,40.2733694,0,0,0,0,0,0,0.012825,0.97531,4.92846833333333,8.01143666666667,6.67003833333333,5.56383666666667,4.83912333333333,4.70619,2.49755333333333,0.675358333333333,0.358023333333333,0.209575,0.141441666666667,0.147761666666667,0.153561666666667,0.168748333333333,0.154491666666667,0.130763333333333,0.108905,0.0985633333333333,0.0822083333333333,0.089625,0.08283,0.0889233333333333,0.0685183333333333,0.071845,0.0553133333333333,0.0513066666666667,0.0454,0.0369416666666667,0.03509,0.023945,0.0229,0.01819,0.0131583333333333,0.010585,0.0112416666666667,0.00980333333333333,0.009075,0.00625333333333333,0.00512666666666667,0.00473166666666667,0.00231333333333333,0.00317,0.00169333333333333,0.00209666666666667,0.00326666666666667,0.00210333333333333,0.00199166666666667,0.00172,0.000601666666666667,0.000258333333333333,0.000856666666666667,0.000855,0.000853333333333333,0,0,0.000423333333333333,0.000346666666666667,0.000918333333333333,0.000288333333333333,0.000131666666666667,0,0,0.000413333333333333,0.0000216666666666667,0.0000633333333333333,0.0000683333333333333,0.0000733333333333333,0.0000783333333333333,0.0000833333333333333,0.000025,0,1,0,0,0,0,0,0,1,1,1,1,1,1,1,1,1,1,1,1,1,1,1,1,1,1,1,1,1,1,1,1,1,1,1,1,1,1,1,1,1,1,1,1,1,1,1,1,1,1,1,1,1,1,1,1,1,1,1,1,1,1,1,1,1,1,1,1,1,1,1,1,1,1,1,1,1,1,1,1,0
2026-06-28 08:00:00,36.11467855,0,0,0,0,0,0,0.0164466666666667,0.970413333333333,4.91350833333333,7.59584833333333,5.95327,4.62835666666667,3.79691,3.47197333333333,1.778935,0.595726666666667,0.328718333333333,0.171121666666667,0.134271666666667,0.0984183333333333,0.1111,0.116306666666667,0.114001666666667,0.0905616666666667,0.0651083333333333,0.073885,0.068095,0.0670383333333333,0.0543933333333333,0.05288,0.0474233333333333,0.0478283333333333,0.0380783333333333,0.03689,0.03231,0.0258666666666667,0.023185,0.01556,0.0178883333333333,0.011895,0.00765666666666667,0.007375,0.00757,0.00647666666666667,0.00554166666666667,0.00616666666666667,0.0028,0.00335166666666667,0.00394666666666667,0.00233,0.00251666666666667,0.00212,0.00256666666666667,0.00127666666666667,0.00095,0.00129,0.00086,0.000373333333333333,0.00194333333333333,0.00110666666666667,0,0.000748333333333333,0.000526666666666667,0.00119333333333333,0.0000766666666666667,0,0.00042,0,0,0.000173333333333333,0.000653333333333333,0.000455,0.000126666666666667,0.000136666666666667,0.000146666666666667,0.000156666666666667,0.000166666666666667,0.00005,0,1,0,0,0,0,0,0,1,1,1,1,1,1,1,1,1,1,1,1,1,1,1,1,1,1,1,1,1,1,1,1,1,1,1,1,1,1,1,1,1,1,1,1,1,1,1,1,1,1,1,1,1,1,1,1,1,1,1,1,1,1,1,1,1,1,1,1,1,1,1,1,1,1,1,1,1,1,1,1,0
2026-06-28 09:00:00,26.1377565666667,0,0,0,0,0,0,0.0162316666666667,0.822025,3.88768666666667,5.56314166666667,4.34475166666667,3.29404,2.64747833333333,2.26261666666667,1.36657333333333,0.618163333333333,0.32021,0.178135,0.140013333333333,0.104291666666667,0.0938166666666667,0.107458333333333,0.100576666666667,0.0743916666666667,0.0630616666666667,0.05017,0.055995,0.04162,0.04285,0.040385,0.036765,0.0370583333333333,0.0325633333333333,0.0292366666666667,0.0238683333333333,0.0193733333333333,0.0162783333333333,0.0122533333333333,0.00810333333333333,0.00704,0.00831833333333333,0.004505,0.00551333333333333,0.002145,0.00411,0.00361166666666667,0.00245833333333333,0.00116,0.00127333333333333,0.00184333333333333,0.00251666666666667,0.00041,0.00211166666666667,0.00334666666666667,0.000933333333333333,0.00102,0.00166333333333333,0.00086,0.000856666666666667,0.000855,0.000851666666666667,0.000425,0,0,0,0.000843333333333333,0.00042,0.00161333333333333,0.000888333333333333,0,0.000573333333333333,0.000383333333333333,0.00038,0.00041,0.00044,0.00047,0.0005,0.00015,0,1,0,0,0,0,0,0,1,1,1,1,1,1,1,1,1,1,1,1,1,1,1,1,1,1,1,1,1,1,1,1,1,1,1,1,1,1,1,1,1,1,1,1,1,1,1,1,1,1,1,1,1,1,1,1,1,1,1,1,1,1,1,1,1,1,1,1,1,1,1,1,1,1,1,1,1,1,1,1,0
2026-06-28 10:00:00,22.1400309,0,0,0,0,0,0,0.0146216666666667,0.79896,3.350815,4.57305666666667,3.48856166666667,2.66553833333333,2.28677166666667,2.05238333333333,0.84566,0.306933333333333,0.199271666666667,0.135745,0.098505,0.100198333333333,0.108216666666667,0.133448333333333,0.102673333333333,0.097615,0.080235,0.0760083333333333,0.074785,0.0728133333333333,0.0651983333333333,0.0683133333333333,0.057775,0.0527933333333333,0.0545033333333333,0.0476083333333333,0.042625,0.0414233333333333,0.0234583333333333,0.0202466666666667,0.0218933333333333,0.01534,0.0106183333333333,0.00733166666666667,0.00829,0.00781166666666667,0.00798166666666667,0.00685,0.00628,0.005565,0.00338833333333333,0.00535166666666667,0.00210666666666667,0.00207333333333333,0.00218166666666667,0.00189333333333333,0.00193833333333333,0.000566666666666667,0.002925,0.00043,0.000428333333333333,0.000856666666666667,0.00170666666666667,0.000425,0.000425,0.000808333333333333,0.000385,0.00134,0,0,0,0,0.000413333333333333,0.0000866666666666667,0.000253333333333333,0.000273333333333333,0.000293333333333333,0.000313333333333333,0.000333333333333333,0.0001,0,1,0,0,0,0,0,0,1,1,1,1,1,1,1,1,1,1,1,1,1,1,1,1,1,1,1,1,1,1,1,1,1,1,1,1,1,1,1,1,1,1,1,1,1,1,1,1,1,1,1,1,1,1,1,1,1,1,1,1,1,1,1,1,1,1,1,1,1,1,1,1,1,1,1,1,1,1,1,1,0
2026-06-28 11:00:00,23.33789775,0,0,0,0,0,0,0.0153766666666667,0.871786666666667,3.75693333333333,4.76563833333333,3.44861166666667,2.64500333333333,2.11308666666667,1.998015,0.914466666666667,0.384471666666667,0.216166666666667,0.150488333333333,0.119706666666667,0.12014,0.127603333333333,0.136313333333333,0.116116666666667,0.118796666666667,0.10624,0.0973616666666667,0.0833083333333333,0.0703016666666667,0.0781366666666667,0.0738866666666667,0.0633383333333333,0.0659766666666667,0.0597766666666667,0.0539666666666667,0.0425483333333333,0.03891,0.0349116666666667,0.035465,0.0248133333333333,0.0189516666666667,0.014775,0.0139683333333333,0.01473,0.00918833333333333,0.0113483333333333,0.00595666666666667,0.00541333333333333,0.00772,0.00534833333333333,0.00409,0.001715,0.00376,0.00446833333333333,0.00397,0.00226333333333333,0.00239,0.00137666666666667,0.000258333333333333,0.00103166666666667,0.00153333333333333,0.000616666666666667,0.000236666666666667,0.00085,0.000423333333333333,0.000423333333333333,0.000283333333333333,0.000558333333333333,0.000418333333333333,0,0,0,0.000476666666666667,0.00019,0.000205,0.00022,0.000235,0.00025,0.000075,0,1,0,0,0,0,0,0,1,1,1,1,1,1,1,1,1,1,1,1,1,1,1,1,1,1,1,1,1,1,1,1,1,1,1,1,1,1,1,1,1,1,1,1,1,1,1,1,1,1,1,1,1,1,1,1,1,1,1,1,1,1,1,1,1,1,1,1,1,1,1,1,1,1,1,1,1,1,1,1,0
2026-06-28 12:00:00,36.4096419666667,0,0,0,0,0,0,0.0261583333333333,1.59646833333333,6.62330833333333,8.30848333333333,5.58764833333333,4.00502666666667,3.15349666666667,2.68406166666667,1.47480833333333,0.694435,0.373661666666667,0.215998333333333,0.189276666666667,0.159475,0.152161666666667,0.173141666666667,0.167395,0.145345,0.120796666666667,0.105991666666667,0.0901033333333333,0.08347,0.0946366666666667,0.094105,0.0689366666666667,0.075135,0.0697483333333333,0.059215,0.0590216666666667,0.0551183333333333,0.049625,0.0439566666666667,0.0391516666666667,0.0284066666666667,0.0245083333333333,0.0164633333333333,0.0190066666666667,0.0121983333333333,0.0105316666666667,0.00931166666666667,0.00576833333333333,0.011835,0.00792333333333333,0.00501333333333333,0.00416666666666667,0.003805,0.00456166666666667,0.00235,0.00214,0.00193666666666667,0.00263833333333333,0.00261,0.00125166666666667,0.00153666666666667,0.00189666666666667,0.000661666666666667,0.001275,0.000423333333333333,0,0.000421666666666667,0.000708333333333333,0.00053,0.0000183333333333333,0.00083,0.000413333333333333,0.000151666666666667,0.000443333333333333,0.000476666666666667,0.000511666666666667,0.000548333333333333,0.000585,0.000173333333333333,0,1,0,0,0,0,0,0,1,1,1,1,1,1,1,1,1,1,1,1,1,1,1,1,1,1,1,1,1,1,1,1,1,1,1,1,1,1,1,1,1,1,1,1,1,1,1,1,1,1,1,1,1,1,1,1,1,1,1,1,1,1,1,1,1,1,1,1,1,1,1,1,1,1,1,1,1,1,1,1,0
2026-06-28 13:00:00,39.5526824666667,0,0,0,0,0,0,0.02515,1.51993833333333,6.584445,8.95616333333333,6.39533,4.49017,3.395575,2.74421166666667,1.51865833333333,0.75565,0.411428333333333,0.252191666666667,0.190891666666667,0.198303333333333,0.191501666666667,0.188513333333333,0.1761,0.164431666666667,0.141965,0.126328333333333,0.10549,0.109138333333333,0.0931666666666667,0.0963716666666667,0.07793,0.09638,0.07354,0.07761,0.06062,0.0576983333333333,0.0502533333333333,0.0407316666666667,0.0323533333333333,0.0302233333333333,0.0237616666666667,0.0170383333333333,0.0174083333333333,0.013255,0.0107716666666667,0.01202,0.00773666666666667,0.00703,0.00484,0.00974166666666667,0.003345,0.00462666666666667,0.00501666666666667,0.00296666666666667,0.00193833333333333,0.00094,0.001605,0.00212333333333333,0.00199833333333333,0.00153333333333333,0,0.00117333333333333,0.000526666666666667,0.000808333333333333,0.0000383333333333333,0.000421666666666667,0.00112833333333333,0.000131666666666667,0.000416666666666667,0,0,0.0000866666666666667,0.000253333333333333,0.000273333333333333,0.000293333333333333,0.000313333333333333,0.000333333333333333,0.0001,0,1,0,0,0,0,0,0,1,1,1,1,1,1,1,1,1,1,1,1,1,1,1,1,1,1,1,1,1,1,1,1,1,1,1,1,1,1,1,1,1,1,1,1,1,1,1,1,1,1,1,1,1,1,1,1,1,1,1,1,1,1,1,1,1,1,1,1,1,1,1,1,1,1,1,1,1,1,1,1,0
2026-06-28 14:00:00,44.4934089833333,0,0,0,0,0,0,0.0467016666666667,2.49033166666667,9.72033833333333,11.13846,6.70365833333333,4.23111666666667,2.84463166666667,2.19010166666667,1.40446666666667,0.737621666666667,0.381833333333333,0.24061,0.197241666666667,0.172863333333333,0.179793333333333,0.1758,0.175913333333333,0.145975,0.130743333333333,0.121148333333333,0.121531666666667,0.10632,0.104328333333333,0.0857016666666667,0.0939966666666667,0.076515,0.0777316666666667,0.076835,0.07141,0.0624116666666667,0.0530316666666667,0.041245,0.036815,0.02939,0.0237533333333333,0.0222266666666667,0.023015,0.0136016666666667,0.013735,0.0111316666666667,0.011425,0.00676333333333333,0.007925,0.00478833333333333,0.00616833333333333,0.00294,0.00358166666666667,0.00362666666666667,0.00222833333333333,0.00233833333333333,0.00378333333333333,0.00241,0.0018,0.000503333333333333,0.000853333333333333,0.00149666666666667,0.00059,0.000846666666666667,0.001305,0.000283333333333333,0.000846666666666667,0.000131666666666667,0,0.000415,0.000413333333333333,0.000606666666666667,0.00057,0.000611666666666667,0.000656666666666667,0.000705,0.000753333333333333,0.000221666666666667,0,1,0,0,0,0,0,0,1,1,1,1,1,1,1,1,1,1,1,1,1,1,1,1,1,1,1,1,1,1,1,1,1,1,1,1,1,1,1,1,1,1,1,1,1,1,1,1,1,1,1,1,1,1,1,1,1,1,1,1,1,1,1,1,1,1,1,1,1,1,1,1,1,1,1,1,1,1,1,1,0
2026-06-28 15:00:00,37.5212173,0,0,0,0,0,0,0.0338566666666667,2.05293833333333,7.94319166666667,9.1831,5.37689166666667,3.36101,2.25727666666667,1.77063333333333,1.23447333333333,0.696443333333333,0.406045,0.261041666666667,0.233486666666667,0.20189,0.189801666666667,0.195475,0.189381666666667,0.157818333333333,0.142108333333333,0.131136666666667,0.123721666666667,0.127856666666667,0.111645,0.116248333333333,0.100903333333333,0.093495,0.09249,0.0805733333333333,0.06827,0.0583033333333333,0.062735,0.053985,0.0464516666666667,0.0353366666666667,0.0305516666666667,0.0213533333333333,0.0242083333333333,0.0152483333333333,0.0110383333333333,0.0140133333333333,0.0141766666666667,0.00840666666666667,0.00743333333333333,0.00538833333333333,0.00905666666666667,0.00546833333333333,0.00211333333333333,0.003505,0.002625,0.00400666666666667,0.00327,0.00212166666666667,0.00260166666666667,0.00221,0.000426666666666667,0.002245,0.00158,0,0.000423333333333333,0.002115,0.001255,0.000418333333333333,0.000416666666666667,0,0.000826666666666667,0.00013,0.00038,0.000408333333333333,0.000438333333333333,0.00047,0.000501666666666667,0.000148333333333333,0,1,0,0,0,0,0,0,1,1,1,1,1,1,1,1,1,1,1,1,1,1,1,1,1,1,1,1,1,1,1,1,1,1,1,1,1,1,1,1,1,1,1,1,1,1,1,1,1,1,1,1,1,1,1,1,1,1,1,1,1,1,1,1,1,1,1,1,1,1,1,1,1,1,1,1,1,1,1,1,0
2026-06-28 16:00:00,33.7157925333333,0,0,0,0,0,0,0.0290133333333333,1.84985333333333,7.11278,8.12198666666667,4.61455833333333,2.71196666666667,1.92608666666667,1.57029,1.16871,0.703075,0.40042,0.288873333333333,0.236086666666667,0.204525,0.193378333333333,0.19105,0.201558333333333,0.17239,0.15451,0.147826666666667,0.131323333333333,0.118678333333333,0.13716,0.112181666666667,0.105856666666667,0.107456666666667,0.093035,0.0842933333333333,0.0607716666666667,0.0775633333333333,0.074915,0.06062,0.049165,0.0365816666666667,0.0324816666666667,0.0177466666666667,0.0167866666666667,0.015805,0.015855,0.01357,0.0101933333333333,0.0115066666666667,0.00672,0.006785,0.00518333333333333,0.00369,0.005215,0.00419833333333333,0.00276333333333333,0.001375,0.002495,0.00197666666666667,0.00205333333333333,0.000251666666666667,0.00313,0.00188333333333333,0.00133833333333333,0.000846666666666667,0.000385,0.000496666666666667,0,0.000418333333333333,0,0,0,0.0000866666666666667,0.000253333333333333,0.000273333333333333,0.000293333333333333,0.000313333333333333,0.000333333333333333,0.0001,0,1,0,0,0,0,0,0,1,1,1,1,1,1,1,1,1,1,1,1,1,1,1,1,1,1,1,1,1,1,1,1,1,1,1,1,1,1,1,1,1,1,1,1,1,1,1,1,1,1,1,1,1,1,1,1,1,1,1,1,1,1,1,1,1,1,1,1,1,1,1,1,1,1,1,1,1,1,1,1,0
2026-06-28 17:00:00,41.1984355833333,0,0,0,0,0,0,0.0343116666666667,2.21904666666667,9.11206333333333,10.4022016666667,6.08777166666667,3.474275,2.27408833333333,1.75596833333333,1.24456166666667,0.752638333333333,0.442941666666667,0.31016,0.263721666666667,0.24587,0.250691666666667,0.260131666666667,0.254255,0.222323333333333,0.176488333333333,0.151715,0.16558,0.141351666666667,0.130751666666667,0.132245,0.116095,0.113643333333333,0.104003333333333,0.0925983333333333,0.0872366666666667,0.073145,0.073675,0.0549433333333333,0.0521433333333333,0.03895,0.0331583333333333,0.03538,0.02839,0.0218166666666667,0.0148033333333333,0.0175183333333333,0.00972833333333333,0.00964,0.00606,0.008955,0.00765666666666667,0.00419333333333333,0.006195,0.00328333333333333,0.00295,0.00408333333333333,0.001835,0.00303833333333333,0.000648333333333333,0.00470333333333333,0.000426666666666667,0.00117333333333333,0.00137666666666667,0.000423333333333333,0.00169166666666667,0,0.000708333333333333,0.00055,0,0.00083,0,0.0000433333333333333,0.000126666666666667,0.000136666666666667,0.000146666666666667,0.000156666666666667,0.000166666666666667,0.00005,0,1,0,0,0,0,0,0,1,1,1,1,1,1,1,1,1,1,1,1,1,1,1,1,1,1,1,1,1,1,1,1,1,1,1,1,1,1,1,1,1,1,1,1,1,1,1,1,1,1,1,1,1,1,1,1,1,1,1,1,1,1,1,1,1,1,1,1,1,1,1,1,1,1,1,1,1,1,1,1,0
2026-06-28 18:00:00,33.5580279827586,0,0,0,0,0,0,0.0391327586206897,1.72300344827586,7.0640775862069,8.03761034482759,4.83657931034483,2.95128965517241,2.05735172413793,1.66261034482759,1.09319137931034,0.622965517241379,0.377112068965517,0.233622413793103,0.208039655172414,0.209081034482759,0.197725862068966,0.204127586206897,0.182148275862069,0.167743103448276,0.161731034482759,0.120948275862069,0.125248275862069,0.118663793103448,0.110729310344828,0.103984482758621,0.080151724137931,0.0944775862068966,0.0730568965517241,0.0632413793103448,0.0684051724137931,0.0536551724137931,0.0521913793103448,0.050151724137931,0.0362258620689655,0.0277379310344828,0.0178931034482759,0.0156206896551724,0.0162879310344828,0.011201724137931,0.0116413793103448,0.0114189655172414,0.00889310344827586,0.00997068965517241,0.00576724137931034,0.00470689655172414,0.00589827586206897,0.00339310344827586,0.00479310344827586,0.00193103448275862,0.00223275862068966,0.00183793103448276,0.00189827586206897,0.0016,0.000805172413793103,0.00140689655172414,0.00132413793103448,0.000879310344827586,0.000439655172413793,0.000836206896551724,0.000398275862068965,0.000370689655172414,0.000875862068965517,0.000136206896551724,0,0.000429310344827586,0,0.000448275862068966,0.0000655172413793103,0.0000706896551724138,0.0000758620689655172,0.0000810344827586207,0.0000862068965517241,0.0000258620689655172,0,1,0,0,0,0,0,0,1,1,1,1,1,1,1,1,1,1,1,1,1,1,1,1,1,1,1,1,1,1,1,1,1,1,1,1,1,1,1,1,1,1,1,1,1,1,1,1,1,1,1,1,1,1,1,1,1,1,1,1,1,1,1,1,1,1,1,1,1,1,1,1,1,1,1,1,1,1,1,1,0
2026-06-28 19:00:00,57.5751755636364,0,0,0,0,0,0,0.0597127272727273,3.38702,13.1106490909091,14.5161690909091,8.02562545454546,4.61633818181818,3.22345272727273,2.49161636363636,1.84971272727273,1.14448545454545,0.675592727272727,0.397023636363636,0.284194545454545,0.274354545454545,0.286327272727273,0.304474545454545,0.279545454545455,0.253267272727273,0.233034545454545,0.18436,0.166947272727273,0.175652727272727,0.150210909090909,0.141354545454545,0.129605454545455,0.127554545454545,0.0977181818181818,0.104049090909091,0.0984909090909091,0.0788436363636364,0.0812163636363636,0.0720963636363636,0.05448,0.0415727272727273,0.0455927272727273,0.0280472727272727,0.0270163636363636,0.0148018181818182,0.0180072727272727,0.0180563636363636,0.00938363636363636,0.00950363636363636,0.00683272727272727,0.00736,0.00835090909090909,0.00504727272727273,0.00452909090909091,0.00313090909090909,0.00359272727272727,0.00170363636363636,0.00381636363636364,0.00203454545454545,0.00171272727272727,0.00260363636363636,0.00139636363636364,0.000352727272727273,0.00192363636363636,0.0000418181818181818,0.000921818181818182,0.00046,0.000314545454545455,0.000578181818181818,0.000474545454545455,0.000452727272727273,0,0.0000709090909090909,0.000207272727272727,0.000223636363636364,0.00024,0.000256363636363636,0.000272727272727273,0.0000818181818181818,0,1,0,0,0,0,0,0,1,1,1,1,1,1,1,1,1,1,1,1,1,1,1,1,1,1,1,1,1,1,1,1,1,1,1,1,1,1,1,1,1,1,1,1,1,1,1,1,1,1,1,1,1,1,1,1,1,1,1,1,1,1,1,1,1,1,1,1,1,1,1,1,1,1,1,1,1,1,1,1,0
2026-06-28 20:00:00,66.0407576842105,0,0,0,0,0,0,0.0507350877192982,3.16100526315789,13.4008210526316,17.0014614035088,10.4324210526316,6.0900649122807,3.9659701754386,2.9325,1.79884210526316,1.04593333333333,0.607773684210526,0.419871929824561,0.356143859649123,0.353510526315789,0.34809298245614,0.382221052631579,0.360619298245614,0.31269649122807,0.276221052631579,0.252343859649123,0.242882456140351,0.215401754385965,0.21049298245614,0.180626315789474,0.157394736842105,0.15930350877193,0.144817543859649,0.130578947368421,0.122282456140351,0.102936842105263,0.102028070175439,0.0789228070175439,0.0708614035087719,0.0497701754385965,0.0465315789473684,0.044280701754386,0.032659649122807,0.0220508771929825,0.0267771929824561,0.0176456140350877,0.0136017543859649,0.0173175438596491,0.0175842105263158,0.0121157894736842,0.00984035087719298,0.00616140350877193,0.00766491228070175,0.0051140350877193,0.00316140350877193,0.00481578947368421,0.00498070175438596,0.00105789473684211,0.00101754385964912,0.00179824561403509,0.000898245614035088,0.00134210526315789,0.000854385964912281,0.000485964912280702,0.000445614035087719,0.000887719298245614,0.000303508771929825,0.000578947368421053,0.00043859649122807,0,0.000168421052631579,0.000745614035087719,0.000133333333333333,0.000143859649122807,0.000154385964912281,0.000164912280701754,0.000175438596491228,0.0000526315789473684,0,1,0,0,0,0,0,0,1,1,1,1,1,1,1,1,1,1,1,1,1,1,1,1,1,1,1,1,1,1,1,1,1,1,1,1,1,1,1,1,1,1,1,1,1,1,1,1,1,1,1,1,1,1,1,1,1,1,1,1,1,1,1,1,1,1,1,1,1,1,1,1,1,1,1,1,1,1,1,1,0
2026-06-28 21:00:00,53.22531635,0,0,0,0,0,0,0.0409366666666667,2.38434,10.472545,13.1162883333333,7.751575,4.57879333333333,3.13728333333333,2.57556666666667,1.76407166666667,1.14404666666667,0.73198,0.464836666666667,0.378496666666667,0.356351666666667,0.405716666666667,0.431948333333333,0.41718,0.345215,0.316461666666667,0.28089,0.250848333333333,0.217768333333333,0.206036666666667,0.20579,0.191906666666667,0.176251666666667,0.158826666666667,0.145336666666667,0.120726666666667,0.126056666666667,0.100206666666667,0.085335,0.0734316666666667,0.0465733333333333,0.0399333333333333,0.03696,0.0432216666666667,0.022475,0.02001,0.0182466666666667,0.0146066666666667,0.0124316666666667,0.0114383333333333,0.00911833333333333,0.0115816666666667,0.00624333333333333,0.00505166666666667,0.00373,0.00364666666666667,0.00583166666666667,0.00412833333333333,0.00260833333333333,0.00264333333333333,0.00254,0.00251333333333333,0.00164666666666667,0.0013,0.000923333333333333,0.00077,0.000075,0.000708333333333333,0.00055,0,0,0,0.0000216666666666667,0.0000633333333333333,0.0000683333333333333,0.0000733333333333333,0.0000783333333333333,0.0000833333333333333,0.000025,0,1,0,0,0,0,0,0,1,1,1,1,1,1,1,1,1,1,1,1,1,1,1,1,1,1,1,1,1,1,1,1,1,1,1,1,1,1,1,1,1,1,1,1,1,1,1,1,1,1,1,1,1,1,1,1,1,1,1,1,1,1,1,1,1,1,1,1,1,1,1,1,1,1,1,1,1,1,1,1,0
2026-06-28 22:00:00,47.2478008666667,0,0,0,0,0,0,0.0253583333333333,1.63028666666667,7.50420833333333,10.3826083333333,6.7283,4.38368833333333,3.22965833333333,2.82416333333333,2.10488666666667,1.41807333333333,0.841768333333333,0.540901666666667,0.420496666666667,0.401466666666667,0.382921666666667,0.370321666666667,0.33912,0.335635,0.291388333333333,0.259821666666667,0.24383,0.239805,0.22466,0.222431666666667,0.18388,0.182705,0.164406666666667,0.1279,0.112203333333333,0.107341666666667,0.0954033333333333,0.069305,0.0645083333333333,0.0541116666666667,0.0449016666666667,0.038505,0.0323366666666667,0.0241183333333333,0.0223283333333333,0.01749,0.0218433333333333,0.0132666666666667,0.00769,0.00987,0.0104666666666667,0.00836333333333333,0.00483166666666667,0.004815,0.00283666666666667,0.00188,0.002265,0.00395166666666667,0.00223,0.00349166666666667,0.000853333333333333,0.000748333333333333,0.00176333333333333,0.000846666666666667,0.0000383333333333333,0.000843333333333333,0,0.000418333333333333,0,0.000588333333333333,0.00024,0,0,0,0,0,0,0,0,1,0,0,0,0,0,0,1,1,1,1,1,1,1,1,1,1,1,1,1,1,1,1,1,1,1,1,1,1,1,1,1,1,1,1,1,1,1,1,1,1,1,1,1,1,1,1,1,1,1,1,1,1,1,1,1,1,1,1,1,1,1,1,1,1,1,1,1,1,1,1,1,1,1,1,1,1,1,1,0
2026-06-28 23:00:00,51.5488197833333,0,0,0,0,0,0,0.0208466666666667,1.50975833333333,7.28858833333333,10.4260083333333,7.38928666666667,5.10522166666667,4.03099666666667,3.59612333333333,2.83886666666667,2.01358666666667,1.226145,0.739335,0.550341666666667,0.454801666666667,0.43318,0.408848333333333,0.410385,0.360708333333333,0.330378333333333,0.27626,0.283436666666667,0.256185,0.214121666666667,0.218296666666667,0.19507,0.190463333333333,0.1819,0.144313333333333,0.12363,0.111805,0.099775,0.0764483333333333,0.051175,0.0504583333333333,0.0422483333333333,0.0315933333333333,0.0318516666666667,0.0208533333333333,0.0265733333333333,0.0146816666666667,0.0157,0.0136433333333333,0.0142316666666667,0.0127733333333333,0.00796333333333333,0.00501333333333333,0.00628833333333333,0.00767833333333333,0.0067,0.00195666666666667,0.00315333333333333,0.00272166666666667,0.00114166666666667,0.000678333333333333,0.00147,0.00056,0.00133833333333333,0.00123166666666667,0.0005,0.000283333333333333,0.000138333333333333,0,0,0,0,0.0000433333333333333,0.000126666666666667,0.000136666666666667,0.000146666666666667,0.000156666666666667,0.000166666666666667,0.00005,0,1,0,0,0,0,0,0,1,1,1,1,1,1,1,1,1,1,1,1,1,1,1,1,1,1,1,1,1,1,1,1,1,1,1,1,1,1,1,1,1,1,1,1,1,1,1,1,1,1,1,1,1,1,1,1,1,1,1,1,1,1,1,1,1,1,1,1,1,1,1,1,1,1,1,1,1,1,1,1,0
2026-06-29,29.5125481833333,0,0,0,0,0,0,0.0127316666666667,0.784631666666667,4.128505,5.92050833333333,4.06870166666667,2.76535666666667,2.03335,1.72737666666667,1.37379666666667,0.804823333333333,0.505121666666667,0.346501666666667,0.305573333333333,0.29132,0.294011666666667,0.318025,0.316948333333333,0.297783333333333,0.280243333333333,0.245388333333333,0.218216666666667,0.213951666666667,0.214053333333333,0.189438333333333,0.173443333333333,0.158418333333333,0.153093333333333,0.13842,0.126961666666667,0.11406,0.082105,0.064395,0.0531166666666667,0.0501133333333333,0.035255,0.03343,0.0259116666666667,0.0204166666666667,0.02806,0.020275,0.01554,0.0171233333333333,0.010925,0.00632166666666667,0.009575,0.00672333333333333,0.00413,0.00381166666666667,0.00283666666666667,0.00182333333333333,0.00163333333333333,0.00341,0.00157,0.001105,0.00104333333333333,0.001835,0.000875,0.000461666666666667,0.000881666666666667,0.000421666666666667,0,0,0,0,0,0.0000216666666666667,0.0000633333333333333,0.0000683333333333333,0.0000733333333333333,0.0000783333333333333,0.0000833333333333333,0.000025,0,1,0,0,0,0,0,0,1,1,1,1,1,1,1,1,1,1,1,1,1,1,1,1,1,1,1,1,1,1,1,1,1,1,1,1,1,1,1,1,1,1,1,1,1,1,1,1,1,1,1,1,1,1,1,1,1,1,1,1,1,1,1,1,1,1,1,1,1,1,1,1,1,1,1,1,1,1,1,1,0
2026-06-29 01:00:00,41.8101629166667,0,0,0,0,0,0,0.0199233333333333,1.28533666666667,5.98794666666667,8.787875,6.07417333333333,4.17466,3.208845,2.686255,2.293565,1.524615,0.863668333333333,0.546578333333333,0.408276666666667,0.335468333333333,0.338088333333333,0.353993333333333,0.342853333333333,0.327661666666667,0.27392,0.242341666666667,0.216531666666667,0.225055,0.195835,0.193203333333333,0.17264,0.187326666666667,0.139048333333333,0.130565,0.114911666666667,0.0967966666666667,0.0803916666666667,0.0654583333333333,0.0570533333333333,0.0439533333333333,0.0388366666666667,0.028975,0.0212016666666667,0.020915,0.0175866666666667,0.0141983333333333,0.0145116666666667,0.0125416666666667,0.0103866666666667,0.00967333333333333,0.00881,0.00542166666666667,0.00636166666666667,0.00321333333333333,0.000951666666666667,0.00086,0.00189166666666667,0.00143333333333333,0.00157,0.00153166666666667,0.000616666666666667,0.00205666666666667,0.001155,0,0.000346666666666667,0.000075,0,0.000418333333333333,0.000416666666666667,0,0,0,0,0,0,0,0,0,0,1,0,0,0,0,0,0,1,1,1,1,1,1,1,1,1,1,1,1,1,1,1,1,1,1,1,1,1,1,1,1,1,1,1,1,1,1,1,1,1,1,1,1,1,1,1,1,1,1,1,1,1,1,1,1,1,1,1,1,1,1,1,1,1,1,1,1,1,1,1,1,1,1,1,1,1,1,1,1,0
2026-06-29 02:00:00,33.4652060333333,0,0,0,0,0,0,0.01196,0.946466666666667,4.74644166666667,7.09323333333333,4.88585333333333,3.26516,2.41776833333333,1.98098166666667,1.76787333333333,1.05251833333333,0.560425,0.37963,0.31134,0.296918333333333,0.312621666666667,0.322436666666667,0.337243333333333,0.306505,0.273263333333333,0.243471666666667,0.227231666666667,0.215405,0.1828,0.177235,0.166905,0.153033333333333,0.140861666666667,0.130635,0.115266666666667,0.08719,0.0868666666666667,0.0697033333333333,0.0561016666666667,0.0417783333333333,0.0390816666666667,0.0282633333333333,0.0229133333333333,0.015315,0.01633,0.0156433333333333,0.0115683333333333,0.00791833333333333,0.00708,0.00857833333333333,0.005385,0.00419333333333333,0.00506333333333333,0.00487,0.00348666666666667,0.00177166666666667,0.00043,0,0.000856666666666667,0.000426666666666667,0.00123333333333333,0.000473333333333333,0,0,0.00127,0,0,0.000796666666666667,0.0000366666666666667,0,0.000413333333333333,0.0000216666666666667,0.0000633333333333333,0.0000683333333333333,0.0000733333333333333,0.0000783333333333333,0.0000833333333333333,0.000025,0,1,0,0,0,0,0,0,1,1,1,1,1,1,1,1,1,1,1,1,1,1,1,1,1,1,1,1,1,1,1,1,1,1,1,1,1,1,1,1,1,1,1,1,1,1,1,1,1,1,1,1,1,1,1,1,1,1,1,1,1,1,1,1,1,1,1,1,1,1,1,1,1,1,1,1,1,1,1,1,0
2026-06-29 03:00:00,45.57235205,0,0,0,0,0,0,0.0187216666666667,1.23909666666667,6.313855,9.41645833333333,6.69532666666667,4.58453166666667,3.50476833333333,2.99910666666667,2.648985,1.79103,0.98093,0.584871666666667,0.436433333333333,0.378151666666667,0.377156666666667,0.369621666666667,0.357016666666667,0.341226666666667,0.27152,0.272911666666667,0.269396666666667,0.238053333333333,0.203426666666667,0.222095,0.172425,0.172355,0.146985,0.148673333333333,0.111685,0.0933216666666667,0.07829,0.0704833333333333,0.0582983333333333,0.0452533333333333,0.0431166666666667,0.0331883333333333,0.0288833333333333,0.02549,0.0168283333333333,0.0210883333333333,0.01728,0.015995,0.008575,0.00407,0.01098,0.00503666666666667,0.00673166666666667,0.00537833333333333,0.002105,0.00228666666666667,0.00283833333333333,0.002235,0.00103166666666667,0.000251666666666667,0.00128,0.00085,0.000811666666666667,0.000885,0.000693333333333333,0.000571666666666667,0.000288333333333333,0.00053,0.0000183333333333333,0,0,0.000411666666666667,0,0,0,0,0,0,0,1,0,0,0,0,0,0,1,1,1,1,1,1,1,1,1,1,1,1,1,1,1,1,1,1,1,1,1,1,1,1,1,1,1,1,1,1,1,1,1,1,1,1,1,1,1,1,1,1,1,1,1,1,1,1,1,1,1,1,1,1,1,1,1,1,1,1,1,1,1,1,1,1,1,1,1,1,1,1,0
2026-06-29 04:00:00,29.9036585333333,0,0,0,0,0,0,0.01687,0.803326666666667,4.15256333333333,5.94863333333333,3.95263833333333,2.58302166666667,1.98509833333333,1.71423666666667,1.59172333333333,1.03702333333333,0.51929,0.400081666666667,0.323905,0.308966666666667,0.34664,0.373396666666667,0.373691666666667,0.349893333333333,0.29086,0.291683333333333,0.271006666666667,0.260688333333333,0.220416666666667,0.208815,0.199263333333333,0.177705,0.167586666666667,0.141783333333333,0.115431666666667,0.0979133333333333,0.0890866666666667,0.0798183333333333,0.0712366666666667,0.04479,0.0399916666666667,0.0359833333333333,0.0313483333333333,0.0259916666666667,0.0269383333333333,0.0157916666666667,0.01236,0.0140116666666667,0.0114866666666667,0.008575,0.0082,0.007065,0.00595333333333333,0.00538,0.00670333333333333,0.00158166666666667,0.00352666666666667,0.00186333333333333,0.001395,0.00170833333333333,0.00232333333333333,0.00108666666666667,0.001275,0.000385,0.0000383333333333333,0.00112666666666667,0.000138333333333333,0,0.000416666666666667,0,0,0.0000216666666666667,0.0000633333333333333,0.0000683333333333333,0.0000733333333333333,0.0000783333333333333,0.0000833333333333333,0.000025,0,1,0,0,0,0,0,0,1,1,1,1,1,1,1,1,1,1,1,1,1,1,1,1,1,1,1,1,1,1,1,1,1,1,1,1,1,1,1,1,1,1,1,1,1,1,1,1,1,1,1,1,1,1,1,1,1,1,1,1,1,1,1,1,1,1,1,1,1,1,1,1,1,1,1,1,1,1,1,1,0
2026-06-29 05:00:00,38.1351285666667,0,0,0,0,0,0,0.0141433333333333,1.03359666666667,5.22526666666667,7.40417666666667,5.17316166666667,3.49243833333333,2.68082,2.35282333333333,2.10799333333333,1.34152166666667,0.742,0.518563333333333,0.438701666666667,0.403208333333333,0.410741666666667,0.46039,0.45695,0.414213333333333,0.3742,0.336408333333333,0.323131666666667,0.292488333333333,0.265723333333333,0.262518333333333,0.222405,0.218165,0.192573333333333,0.14818,0.135471666666667,0.116355,0.100741666666667,0.0859816666666667,0.0619083333333333,0.0529133333333333,0.05057,0.04416,0.033215,0.0204766666666667,0.0233516666666667,0.0220716666666667,0.0170466666666667,0.015795,0.0111533333333333,0.0144666666666667,0.009765,0.00752166666666667,0.00792333333333333,0.00937833333333333,0.00539833333333333,0.00507,0.00349666666666667,0.002065,0.00155666666666667,0.00314333333333333,0.00213333333333333,0.000748333333333333,0.000526666666666667,0.000808333333333333,0.0000383333333333333,0.000421666666666667,0.00084,0,0.000223333333333333,0.000193333333333333,0.000413333333333333,0,0,0,0,0,0,0,0,1,0,0,0,0,0,0,1,1,1,1,1,1,1,1,1,1,1,1,1,1,1,1,1,1,1,1,1,1,1,1,1,1,1,1,1,1,1,1,1,1,1,1,1,1,1,1,1,1,1,1,1,1,1,1,1,1,1,1,1,1,1,1,1,1,1,1,1,1,1,1,1,1,1,1,1,1,1,1,0
2026-06-29 06:00:00,37.7268918166667,0,0,0,0,0,0,0.0171783333333333,1.15229333333333,5.35778166666667,7.40286166666667,5.24165333333333,3.47062166666667,2.728855,2.41651166666667,1.97122666666667,1.28005833333333,0.732916666666667,0.520178333333333,0.41544,0.363543333333333,0.385235,0.41089,0.409098333333333,0.3914,0.35607,0.31307,0.29834,0.267631666666667,0.242255,0.231433333333333,0.20558,0.204885,0.171501666666667,0.160073333333333,0.127848333333333,0.11111,0.0991116666666667,0.0866933333333333,0.0752966666666667,0.0533583333333333,0.04062,0.0397433333333333,0.0308866666666667,0.02216,0.0298383333333333,0.018325,0.019225,0.0161283333333333,0.0138966666666667,0.0142233333333333,0.00963666666666667,0.0067,0.00727,0.007195,0.00450833333333333,0.00279166666666667,0.00200666666666667,0.00255166666666667,0.001395,0.00299,0.00223,0.00235666666666667,0.000526666666666667,0,0.00119166666666667,0.000496666666666667,0.00042,0,0.000416666666666667,0,0,0.0000216666666666667,0.0000633333333333333,0.0000683333333333333,0.0000733333333333333,0.0000783333333333333,0.0000833333333333333,0.000025,0,1,0,0,0,0,0,0,1,1,1,1,1,1,1,1,1,1,1,1,1,1,1,1,1,1,1,1,1,1,1,1,1,1,1,1,1,1,1,1,1,1,1,1,1,1,1,1,1,1,1,1,1,1,1,1,1,1,1,1,1,1,1,1,1,1,1,1,1,1,1,1,1,1,1,1,1,1,1,1,0
2026-06-29 07:00:00,26.4083728833333,0,0,0,0,0,0,0.010225,0.822338333333333,4.03319666666667,5.50615833333333,3.68906,2.36517333333333,1.755525,1.542785,1.10173,0.614686666666667,0.373146666666667,0.277486666666667,0.23955,0.220721666666667,0.235996666666667,0.264183333333333,0.261806666666667,0.244406666666667,0.227063333333333,0.206498333333333,0.184446666666667,0.174735,0.172146666666667,0.13752,0.137311666666667,0.13482,0.11525,0.101143333333333,0.08896,0.0839333333333333,0.0660316666666667,0.04535,0.0529616666666667,0.0390666666666667,0.0333966666666667,0.0276583333333333,0.02199,0.0174283333333333,0.0187733333333333,0.01856,0.0131316666666667,0.012465,0.01159,0.0084,0.00712,0.00751833333333333,0.00529666666666667,0.00558333333333333,0.00544333333333333,0.00283833333333333,0.00103166666666667,0.00444166666666667,0.00217333333333333,0.00221333333333333,0.000853333333333333,0.000748333333333333,0.00133833333333333,0.0000383333333333333,0.00077,0.000075,0,0.000418333333333333,0,0,0,0,0,0,0,0,0,0,0,1,0,0,0,0,0,0,1,1,1,1,1,1,1,1,1,1,1,1,1,1,1,1,1,1,1,1,1,1,1,1,1,1,1,1,1,1,1,1,1,1,1,1,1,1,1,1,1,1,1,1,1,1,1,1,1,1,1,1,1,1,1,1,1,1,1,1,1,1,1,1,1,1,1,1,1,1,1,1,0
2026-06-29 08:00:00,24.64078795,0,0,0,0,0,0,0.0167233333333333,0.82515,4.04734666666667,5.44442166666667,3.55519,2.23055333333333,1.67557166666667,1.41251166666667,0.948873333333333,0.46824,0.3165,0.249923333333333,0.213471666666667,0.195198333333333,0.217726666666667,0.237801666666667,0.223616666666667,0.201535,0.206328333333333,0.164825,0.164263333333333,0.153553333333333,0.153651666666667,0.156215,0.127456666666667,0.115783333333333,0.101116666666667,0.0926566666666667,0.0768166666666667,0.068075,0.05831,0.0388516666666667,0.0363233333333333,0.0390166666666667,0.0228683333333333,0.02081,0.0208666666666667,0.015285,0.0155266666666667,0.0128316666666667,0.010485,0.008935,0.00662,0.008955,0.00637833333333333,0.00585666666666667,0.00472666666666667,0.002985,0.00341666666666667,0.00155333333333333,0.002265,0.00401,0.00199833333333333,0.00110666666666667,0.00019,0.000985,0.000101666666666667,0.00123166666666667,0.0000383333333333333,0,0.00126,0.000836666666666667,0,0,0,0.000065,0.00019,0.000205,0.00022,0.000235,0.00025,0.000075,0,1,0,0,0,0,0,0,1,1,1,1,1,1,1,1,1,1,1,1,1,1,1,1,1,1,1,1,1,1,1,1,1,1,1,1,1,1,1,1,1,1,1,1,1,1,1,1,1,1,1,1,1,1,1,1,1,1,1,1,1,1,1,1,1,1,1,1,1,1,1,1,1,1,1,1,1,1,1,1,0
2026-06-29 09:00:00,23.9844604,0,0,0,0,0,0,0.013085,0.794178333333333,3.93128,5.337695,3.70658166666667,2.280365,1.678775,1.39165166666667,0.936353333333333,0.418955,0.283868333333333,0.21409,0.181648333333333,0.168296666666667,0.189988333333333,0.200865,0.199028333333333,0.163236666666667,0.156735,0.139553333333333,0.126938333333333,0.123768333333333,0.113241666666667,0.117851666666667,0.0928683333333333,0.0930483333333333,0.0746066666666667,0.081905,0.062565,0.0661966666666667,0.0482766666666667,0.0424766666666667,0.03225,0.0277366666666667,0.0228883333333333,0.01858,0.01382,0.0113883333333333,0.0113383333333333,0.00807666666666667,0.00990666666666667,0.00955166666666667,0.00896166666666667,0.00626833333333333,0.00479,0.00460333333333333,0.005855,0.00631333333333333,0.00378666666666667,0.00142166666666667,0.000401666666666667,0.001605,0.00106333333333333,0.00161,0.00147,0.000985,0.000101666666666667,0.00123166666666667,0.0000383333333333333,0,0,0,0.000833333333333333,0,0,0.0000216666666666667,0.0000633333333333333,0.0000683333333333333,0.0000733333333333333,0.0000783333333333333,0.0000833333333333333,0.000025,0,1,0,0,0,0,0,0,1,1,1,1,1,1,1,1,1,1,1,1,1,1,1,1,1,1,1,1,1,1,1,1,1,1,1,1,1,1,1,1,1,1,1,1,1,1,1,1,1,1,1,1,1,1,1,1,1,1,1,1,1,1,1,1,1,1,1,1,1,1,1,1,1,1,1,1,1,1,1,1,0
2026-06-29 10:00:00,30.1465400166667,0,0,0,0,0,0,0.0147933333333333,1.013185,4.90601166666667,6.82131666666667,4.68761166666667,3.04374666666667,2.17194166666667,1.78955666666667,1.24905666666667,0.630873333333333,0.390018333333333,0.255541666666667,0.190773333333333,0.202558333333333,0.227871666666667,0.277636666666667,0.244435,0.197405,0.176145,0.143078333333333,0.14469,0.12981,0.120716666666667,0.117613333333333,0.105161666666667,0.0992983333333333,0.09664,0.0749616666666667,0.070535,0.0542016666666667,0.04719,0.0384316666666667,0.04056,0.0268866666666667,0.0212466666666667,0.0185133333333333,0.0152883333333333,0.011335,0.0117416666666667,0.00858166666666667,0.00853,0.0111066666666667,0.00534666666666667,0.004595,0.00460166666666667,0.00713,0.00336,0.00303666666666667,0.00226333333333333,0.00230666666666667,0.00120333333333333,0.002865,0.000648333333333333,0.00128166666666667,0.000853333333333333,0.001275,0.000386666666666667,0.000461666666666667,0.00126833333333333,0,0.00042,0,0,0.000588333333333333,0.00024,0.0000433333333333333,0.000126666666666667,0.000136666666666667,0.000146666666666667,0.000156666666666667,0.000166666666666667,0.00005,0,1,0,0,0,0,0,0,1,1,1,1,1,1,1,1,1,1,1,1,1,1,1,1,1,1,1,1,1,1,1,1,1,1,1,1,1,1,1,1,1,1,1,1,1,1,1,1,1,1,1,1,1,1,1,1,1,1,1,1,1,1,1,1,1,1,1,1,1,1,1,1,1,1,1,1,1,1,1,1,0
2026-06-29 11:00:00,33.8792278,0,0,0,0,0,0,0.0216666666666667,1.20667833333333,5.71169833333333,7.61004333333333,5.22912166666667,3.48932166666667,2.548725,2.14996666666667,1.476845,0.761106666666667,0.448181666666667,0.297696666666667,0.217165,0.210335,0.22376,0.27819,0.236441666666667,0.201013333333333,0.17216,0.151076666666667,0.150773333333333,0.137528333333333,0.11725,0.114608333333333,0.0939183333333333,0.107893333333333,0.0833216666666667,0.0826716666666667,0.0682933333333333,0.0614283333333333,0.0514766666666667,0.0399283333333333,0.0313733333333333,0.0301166666666667,0.02124,0.0162116666666667,0.01359,0.0135066666666667,0.00911666666666667,0.01036,0.00933166666666667,0.006345,0.00889166666666667,0.00304,0.00761833333333333,0.005375,0.002905,0.00339833333333333,0.00193833333333333,0.00228666666666667,0.00223666666666667,0.00197333333333333,0.00171333333333333,0.00128,0.000616666666666667,0.00141,0.0013,0.00207833333333333,0.000115,0.001265,0.00042,0.000418333333333333,0,0.000588333333333333,0.00024,0.000476666666666667,0.00019,0.000205,0.00022,0.000235,0.00025,0.000075,0,1,0,0,0,0,0,0,1,1,1,1,1,1,1,1,1,1,1,1,1,1,1,1,1,1,1,1,1,1,1,1,1,1,1,1,1,1,1,1,1,1,1,1,1,1,1,1,1,1,1,1,1,1,1,1,1,1,1,1,1,1,1,1,1,1,1,1,1,1,1,1,1,1,1,1,1,1,1,1,0
2026-06-29 12:00:00,35.2071839166667,0,0,0,0,0,0,0.0171016666666667,1.22662166666667,5.85662,8.244025,5.71291833333333,3.84758,2.85559333333333,2.346795,1.73617166666667,0.789986666666667,0.411556666666667,0.236471666666667,0.16444,0.15161,0.151931666666667,0.19864,0.179656666666667,0.157381666666667,0.12137,0.108461666666667,0.11065,0.0886316666666667,0.0801633333333333,0.0807616666666667,0.05993,0.0582916666666667,0.0563216666666667,0.0513533333333333,0.04661,0.0398466666666667,0.0342716666666667,0.0302233333333333,0.02038,0.0179966666666667,0.0151083333333333,0.00997666666666667,0.00891666666666667,0.00684666666666667,0.01112,0.00951666666666667,0.007825,0.00552666666666667,0.00308,0.00453833333333333,0.00423,0.00253,0.00329,0.00391833333333333,0.00141833333333333,0.00134166666666667,0.000601666666666667,0.00315166666666667,0.000713333333333333,0.000678333333333333,0.000426666666666667,0.000646666666666667,0.001865,0.001655,0.000498333333333333,0,0,0.000418333333333333,0.000416666666666667,0,0,0.000065,0.00019,0.000205,0.00022,0.000235,0.00025,0.000075,0,1,0,0,0,0,0,0,1,1,1,1,1,1,1,1,1,1,1,1,1,1,1,1,1,1,1,1,1,1,1,1,1,1,1,1,1,1,1,1,1,1,1,1,1,1,1,1,1,1,1,1,1,1,1,1,1,1,1,1,1,1,1,1,1,1,1,1,1,1,1,1,1,1,1,1,1,1,1,1,0
2026-06-29 13:00:00,37.8465865333333,0,0,0,0,0,0,0.0190583333333333,1.32150666666667,6.39572166666667,8.83318333333333,6.02941333333333,4.13006166666667,3.12310166666667,2.53592166666667,1.87881166666667,0.863248333333333,0.410083333333333,0.23665,0.167405,0.152961666666667,0.16189,0.202033333333333,0.162873333333333,0.144075,0.103641666666667,0.100031666666667,0.10437,0.106096666666667,0.0839866666666667,0.109105,0.07107,0.0705283333333333,0.05147,0.0570366666666667,0.0462683333333333,0.0448183333333333,0.0325566666666667,0.0245683333333333,0.0217683333333333,0.0184966666666667,0.01776,0.0132,0.01225,0.00766333333333333,0.00649666666666667,0.00769833333333333,0.006435,0.00750166666666667,0.00455333333333333,0.00724833333333333,0.003735,0.00294,0.00177333333333333,0.002415,0.00136333333333333,0.00142166666666667,0.00358333333333333,0.00111666666666667,0.00188833333333333,0.000678333333333333,0.00104333333333333,0.000661666666666667,0.000386666666666667,0.0000383333333333333,0.00203833333333333,0.00120166666666667,0.000138333333333333,0.000398333333333333,0.0000183333333333333,0.000415,0,0,0,0,0,0,0,0,0,1,0,0,0,0,0,0,1,1,1,1,1,1,1,1,1,1,1,1,1,1,1,1,1,1,1,1,1,1,1,1,1,1,1,1,1,1,1,1,1,1,1,1,1,1,1,1,1,1,1,1,1,1,1,1,1,1,1,1,1,1,1,1,1,1,1,1,1,1,1,1,1,1,1,1,1,1,1,1,0
2026-06-29 14:00:00,38.8891440166667,0,0,0,0,0,0,0.0195016666666667,1.38325833333333,6.421325,8.55212166666667,6.00311333333333,4.08209666666667,3.31499,3.00978666666667,2.19203666666667,0.952238333333333,0.468216666666667,0.276345,0.206896666666667,0.185756666666667,0.17416,0.241756666666667,0.197658333333333,0.169731666666667,0.13969,0.114381666666667,0.123896666666667,0.121458333333333,0.114036666666667,0.121331666666667,0.0907333333333333,0.090025,0.0741666666666667,0.0622166666666667,0.0548666666666667,0.04388,0.0375216666666667,0.0381533333333333,0.0292683333333333,0.0222766666666667,0.0130366666666667,0.0140533333333333,0.012905,0.00728333333333333,0.00698666666666667,0.00988833333333333,0.00650166666666667,0.00469833333333333,0.00636666666666667,0.00233,0.00258166666666667,0.00296333333333333,0.00288166666666667,0.00221,0.00214,0.000963333333333333,0,0.00117666666666667,0.000538333333333333,0.000428333333333333,0.000853333333333333,0.000748333333333333,0.000951666666666667,0.000846666666666667,0.00119333333333333,0.00078,0.000138333333333333,0,0,0.000415,0,0.000108333333333333,0.000316666666666667,0.000341666666666667,0.000366666666666667,0.000391666666666667,0.000416666666666667,0.000125,0,1,0,0,0,0,0,0,1,1,1,1,1,1,1,1,1,1,1,1,1,1,1,1,1,1,1,1,1,1,1,1,1,1,1,1,1,1,1,1,1,1,1,1,1,1,1,1,1,1,1,1,1,1,1,1,1,1,1,1,1,1,1,1,1,1,1,1,1,1,1,1,1,1,1,1,1,1,1,1,0
2026-06-29 15:00:00,44.7728887333333,0,0,0,0,0,0,0.024745,1.52744166666667,7.15230333333333,9.36321333333333,6.6342,4.76805833333333,3.92471833333333,3.90677,2.64152166666667,1.09311166666667,0.566146666666667,0.335838333333333,0.250866666666667,0.227978333333333,0.238196666666667,0.305101666666667,0.253628333333333,0.207426666666667,0.187475,0.15198,0.183798333333333,0.172318333333333,0.147251666666667,0.138388333333333,0.118355,0.107285,0.09572,0.08,0.0693483333333333,0.0618466666666667,0.053315,0.045585,0.0398633333333333,0.02239,0.020375,0.0172983333333333,0.015545,0.0113016666666667,0.00626666666666667,0.00765833333333333,0.00520166666666667,0.005185,0.00674666666666667,0.00288833333333333,0.00549,0.00460333333333333,0.0042,0.00339833333333333,0.00193833333333333,0.00142666666666667,0.002065,0.00166,0.00108666666666667,0.00153333333333333,0,0.000748333333333333,0.000488333333333333,0.000423333333333333,0.000731666666666667,0.000993333333333333,0.00112833333333333,0.000131666666666667,0.000833333333333333,0,0,0.000498333333333333,0.000253333333333333,0.000273333333333333,0.000293333333333333,0.000313333333333333,0.000333333333333333,0.0001,0,1,0,0,0,0,0,0,1,1,1,1,1,1,1,1,1,1,1,1,1,1,1,1,1,1,1,1,1,1,1,1,1,1,1,1,1,1,1,1,1,1,1,1,1,1,1,1,1,1,1,1,1,1,1,1,1,1,1,1,1,1,1,1,1,1,1,1,1,1,1,1,1,1,1,1,1,1,1,1,0
2026-06-29 16:00:00,50.2940203833333,0,0,0,0,0,0,0.0254816666666667,1.78535333333333,8.29371,10.7990366666667,7.32138333333333,5.02343166666667,3.99762166666667,3.68714166666667,2.644035,1.18569166666667,0.609863333333333,0.395351666666667,0.2818,0.276028333333333,0.27951,0.334575,0.298796666666667,0.240988333333333,0.222233333333333,0.186036666666667,0.206338333333333,0.210825,0.166406666666667,0.179453333333333,0.120713333333333,0.13126,0.114971666666667,0.108458333333333,0.0848783333333333,0.07841,0.063565,0.0523033333333333,0.0398083333333333,0.0295083333333333,0.0246283333333333,0.0167733333333333,0.018725,0.0136366666666667,0.0139666666666667,0.0113866666666667,0.009325,0.00563666666666667,0.00855666666666667,0.00593333333333333,0.00555333333333333,0.00506,0.00408333333333333,0.004245,0.00159333333333333,0.00481,0.00186333333333333,0.000688333333333333,0.000603333333333333,0.000678333333333333,0.00104333333333333,0.00056,0.001725,0.00130833333333333,0.00122833333333333,0.000075,0.000288333333333333,0.00055,0.00064,0.000193333333333333,0,0.00013,0.00038,0.00041,0.00044,0.00047,0.0005,0.00015,0,1,0,0,0,0,0,0,1,1,1,1,1,1,1,1,1,1,1,1,1,1,1,1,1,1,1,1,1,1,1,1,1,1,1,1,1,1,1,1,1,1,1,1,1,1,1,1,1,1,1,1,1,1,1,1,1,1,1,1,1,1,1,1,1,1,1,1,1,1,1,1,1,1,1,1,1,1,1,1,0
2026-06-29 17:00:00,49.8819478166667,0,0,0,0,0,0,0.0337183333333333,1.89929333333333,8.37932166666667,10.893125,7.38078166666667,4.963,3.912505,3.56416166666667,2.59672833333333,1.15711333333333,0.633301666666667,0.40942,0.318166666666667,0.266681666666667,0.300981666666667,0.354596666666667,0.30526,0.272956666666667,0.21455,0.181368333333333,0.207173333333333,0.221376666666667,0.168271666666667,0.206351666666667,0.134761666666667,0.163178333333333,0.130648333333333,0.103073333333333,0.0879116666666667,0.0742183333333333,0.0587266666666667,0.0527883333333333,0.0389583333333333,0.0286333333333333,0.024635,0.02746,0.024845,0.01401,0.01019,0.01106,0.00916666666666667,0.01033,0.00702833333333333,0.00391833333333333,0.004605,0.00412333333333333,0.00483,0.00249,0.004245,0.00451333333333333,0.001405,0.00111666666666667,0.00171333333333333,0.00170833333333333,0.00038,0.000898333333333333,0.001275,0.00123166666666667,0.000808333333333333,0.000496666666666667,0,0.000836666666666667,0,0,0.00016,0.000296666666666667,0.000126666666666667,0.000136666666666667,0.000146666666666667,0.000156666666666667,0.000166666666666667,0.00005,0,1,0,0,0,0,0,0,1,1,1,1,1,1,1,1,1,1,1,1,1,1,1,1,1,1,1,1,1,1,1,1,1,1,1,1,1,1,1,1,1,1,1,1,1,1,1,1,1,1,1,1,1,1,1,1,1,1,1,1,1,1,1,1,1,1,1,1,1,1,1,1,1,1,1,1,1,1,1,1,0
2026-06-29 18:00:00,48.0042491666667,0,0,0,0,0,0,0.02954,1.67584166666667,7.59653666666667,9.74643666666667,6.82258833333333,4.66293333333333,3.86124666666667,3.58267,2.84524333333333,1.63086833333333,0.991651666666667,0.471788333333333,0.330373333333333,0.290208333333333,0.30018,0.384476666666667,0.32604,0.295653333333333,0.222631666666667,0.192178333333333,0.192676666666667,0.216336666666667,0.172721666666667,0.210661666666667,0.14445,0.18032,0.126285,0.106966666666667,0.0736766666666667,0.0636733333333333,0.0607766666666667,0.052435,0.043065,0.0308816666666667,0.0289833333333333,0.0190116666666667,0.0117816666666667,0.00930333333333333,0.0112833333333333,0.00936666666666667,0.00780666666666667,0.00552833333333333,0.00522,0.00322333333333333,0.003015,0.00416833333333333,0.000886666666666667,0.00205166666666667,0.00303833333333333,0.001475,0.00220666666666667,0.001205,0.000603333333333333,0.00196,0.000426666666666667,0.000646666666666667,0.000628333333333333,0.000385,0.000806666666666667,0.000075,0,0.000816666666666667,0.0000183333333333333,0.000415,0,0.000476666666666667,0.00019,0.000205,0.00022,0.000235,0.00025,0.000075,0,1,0,0,0,0,0,0,1,1,1,1,1,1,1,1,1,1,1,1,1,1,1,1,1,1,1,1,1,1,1,1,1,1,1,1,1,1,1,1,1,1,1,1,1,1,1,1,1,1,1,1,1,1,1,1,1,1,1,1,1,1,1,1,1,1,1,1,1,1,1,1,1,1,1,1,1,1,1,1,0
2026-06-29 19:00:00,49.6439392666667,0,0,0,0,0,0,0.0209533333333333,1.669115,7.567765,9.90317833333333,6.992825,4.959875,4.17523333333333,3.87896833333333,3.206865,1.72783,0.916886666666667,0.507155,0.385955,0.362875,0.328086666666667,0.443645,0.355413333333333,0.30594,0.24538,0.209803333333333,0.228086666666667,0.216626666666667,0.161518333333333,0.203965,0.149578333333333,0.173325,0.143621666666667,0.121103333333333,0.10062,0.0780666666666667,0.0678116666666667,0.05071,0.0439183333333333,0.0308466666666667,0.0239766666666667,0.0173883333333333,0.0164266666666667,0.01198,0.0120666666666667,0.00979,0.00961833333333333,0.00540166666666667,0.00610833333333333,0.00423833333333333,0.00470666666666667,0.00291666666666667,0.00444666666666667,0.00294,0.00329333333333333,0.00279333333333333,0.00209333333333333,0.00128833333333333,0.000428333333333333,0.000426666666666667,0.000616666666666667,0.000661666666666667,0.00166166666666667,0.000885,0,0.00239166666666667,0.001555,0.00106,0.0000366666666666667,0,0,0.0000216666666666667,0.0000633333333333333,0.0000683333333333333,0.0000733333333333333,0.0000783333333333333,0.0000833333333333333,0.000025,0,1,0,0,0,0,0,0,1,1,1,1,1,1,1,1,1,1,1,1,1,1,1,1,1,1,1,1,1,1,1,1,1,1,1,1,1,1,1,1,1,1,1,1,1,1,1,1,1,1,1,1,1,1,1,1,1,1,1,1,1,1,1,1,1,1,1,1,1,1,1,1,1,1,1,1,1,1,1,1,0
2026-06-29 20:00:00,60.8138295833333,0,0,0,0,0,0,0.030245,1.892775,8.68729,11.8687083333333,8.62276833333333,6.29851833333333,5.36842333333333,4.93664833333333,4.245285,2.412545,1.24318666666667,0.668228333333333,0.43277,0.38485,0.40638,0.4906,0.392825,0.361788333333333,0.263073333333333,0.226668333333333,0.248563333333333,0.247078333333333,0.178156666666667,0.233376666666667,0.15389,0.187008333333333,0.141866666666667,0.121428333333333,0.0972816666666667,0.0801166666666667,0.0630766666666667,0.0543383333333333,0.0320616666666667,0.0213833333333333,0.0202283333333333,0.0225266666666667,0.0163016666666667,0.0124166666666667,0.0136783333333333,0.00885666666666667,0.00825166666666667,0.00369833333333333,0.00679666666666667,0.00601333333333333,0.00470833333333333,0.00672166666666667,0.00168,0.00100333333333333,0.00161833333333333,0.00440333333333333,0.00215,0.00123333333333333,0.00176833333333333,0.000428333333333333,0.00166,0.00197,0.00147833333333333,0.00169333333333333,0.00104,0.000225,0,0.000418333333333333,0.000416666666666667,0.000415,0,0.000065,0.00019,0.000205,0.00022,0.000235,0.00025,0.000075,0,1,0,0,0,0,0,0,1,1,1,1,1,1,1,1,1,1,1,1,1,1,1,1,1,1,1,1,1,1,1,1,1,1,1,1,1,1,1,1,1,1,1,1,1,1,1,1,1,1,1,1,1,1,1,1,1,1,1,1,1,1,1,1,1,1,1,1,1,1,1,1,1,1,1,1,1,1,1,1,0
2026-06-29 21:00:00,77.8864673333333,0,0,0,0,0,0,0.0390816666666667,2.225265,10.4167566666667,14.5204183333333,10.7407566666667,8.04680166666667,6.860895,6.24885333333333,5.773,3.54953666666667,1.784575,0.983491666666667,0.655908333333333,0.527266666666667,0.491796666666667,0.60298,0.515265,0.427813333333333,0.354373333333333,0.291335,0.281956666666667,0.270495,0.221118333333333,0.26368,0.18017,0.200283333333333,0.130351666666667,0.12126,0.103263333333333,0.076175,0.06341,0.0492033333333333,0.037925,0.0329366666666667,0.0282516666666667,0.0189616666666667,0.0163133333333333,0.011235,0.0148916666666667,0.00922666666666667,0.00722333333333333,0.00717833333333333,0.00679333333333333,0.00471333333333333,0.00377666666666667,0.00291666666666667,0.001365,0.0031,0.00192,0.00233333333333333,0.00229333333333333,0.00197666666666667,0.000428333333333333,0.000853333333333333,0.00104333333333333,0.000661666666666667,0.000425,0,0.000423333333333333,0.000705,0.000138333333333333,0.000418333333333333,0.000416666666666667,0.000415,0.000413333333333333,0.0000216666666666667,0.0000633333333333333,0.0000683333333333333,0.0000733333333333333,0.0000783333333333333,0.0000833333333333333,0.000025,0,1,0,0,0,0,0,0,1,1,1,1,1,1,1,1,1,1,1,1,1,1,1,1,1,1,1,1,1,1,1,1,1,1,1,1,1,1,1,1,1,1,1,1,1,1,1,1,1,1,1,1,1,1,1,1,1,1,1,1,1,1,1,1,1,1,1,1,1,1,1,1,1,1,1,1,1,1,1,1,0
2026-06-29 22:00:00,91.8620828333333,0,0,0,0,0,0,0.0538283333333333,2.7712,12.6089183333333,17.2901383333333,12.87976,9.501675,8.09254166666667,7.28051,6.55083333333333,4.18693666666667,2.06993833333333,1.11673,0.722145,0.604885,0.59748,0.64748,0.56073,0.470491666666667,0.354238333333333,0.289855,0.314898333333333,0.305721666666667,0.236276666666667,0.282411666666667,0.211091666666667,0.19035,0.152651666666667,0.128646666666667,0.107931666666667,0.088565,0.070415,0.05524,0.0438883333333333,0.028365,0.0202566666666667,0.022245,0.020205,0.01034,0.0128866666666667,0.00824833333333333,0.00751,0.00768666666666667,0.00483166666666667,0.00493,0.008735,0.00498833333333333,0.00358166666666667,0.00440166666666667,0.00237,0.00177166666666667,0.000773333333333333,0.00212333333333333,0.001395,0.000855,0.000853333333333333,0.002125,0.000425,0.00119333333333333,0.00119333333333333,0.000993333333333333,0,0,0,0,0.000826666666666667,0.0000433333333333333,0.000126666666666667,0.000136666666666667,0.000146666666666667,0.000156666666666667,0.000166666666666667,0.00005,0,1,0,0,0,0,0,0,1,1,1,1,1,1,1,1,1,1,1,1,1,1,1,1,1,1,1,1,1,1,1,1,1,1,1,1,1,1,1,1,1,1,1,1,1,1,1,1,1,1,1,1,1,1,1,1,1,1,1,1,1,1,1,1,1,1,1,1,1,1,1,1,1,1,1,1,1,1,1,1,0
2026-06-29 23:00:00,88.89129065,0,0,0,0,0,0,0.0494183333333333,2.64953666666667,12.107325,16.8973,12.59858,9.43841166666667,7.99075,7.17875,6.56038,4.18149666666667,2.04680333333333,1.07323333333333,0.71215,0.577591666666667,0.546643333333333,0.627905,0.575685,0.454098333333333,0.344888333333333,0.275193333333333,0.273063333333333,0.25814,0.229181666666667,0.216386666666667,0.174646666666667,0.162783333333333,0.147498333333333,0.117141666666667,0.102065,0.073245,0.062285,0.05306,0.0393916666666667,0.0341566666666667,0.02419,0.0144633333333333,0.0111016666666667,0.0112366666666667,0.0113116666666667,0.00820333333333333,0.011,0.00585,0.00382,0.00531,0.005615,0.00549333333333333,0.00446833333333333,0.00233166666666667,0.00228166666666667,0.00223,0.00143333333333333,0.00149,0.00126166666666667,0.00135833333333333,0.000853333333333333,0.00107166666666667,0.00144,0.000461666666666667,0,0.000283333333333333,0.000426666666666667,0.000131666666666667,0,0,0,0.000455,0.000126666666666667,0.000136666666666667,0.000146666666666667,0.000156666666666667,0.000166666666666667,0.00005,0,1,0,0,0,0,0,0,1,1,1,1,1,1,1,1,1,1,1,1,1,1,1,1,1,1,1,1,1,1,1,1,1,1,1,1,1,1,1,1,1,1,1,1,1,1,1,1,1,1,1,1,1,1,1,1,1,1,1,1,1,1,1,1,1,1,1,1,1,1,1,1,1,1,1,1,1,1,1,1,0
2026-06-30,89.12048445,0,0,0,0,0,0,0.0405766666666667,2.53737666666667,11.9272366666667,16.5671,12.41997,9.34144333333333,7.9218,7.40697666666667,6.93923333333333,4.32372833333333,2.11846,1.14810833333333,0.70897,0.579886666666667,0.565313333333333,0.623153333333333,0.555416666666667,0.438278333333333,0.364098333333333,0.274533333333333,0.274011666666667,0.259198333333333,0.224526666666667,0.237831666666667,0.161011666666667,0.1749,0.1394,0.12273,0.0924666666666667,0.087385,0.0617833333333333,0.0496533333333333,0.04241,0.0274166666666667,0.0209316666666667,0.0255183333333333,0.0179983333333333,0.00924333333333333,0.00924,0.0103016666666667,0.004975,0.00570833333333333,0.00634333333333333,0.00512333333333333,0.00508,0.00713166666666667,0.00406,0.00294,0.00162,0.00225333333333333,0.000171666666666667,0.00192,0.00254666666666667,0.00221,0.00128,0.000748333333333333,0.000101666666666667,0.000423333333333333,0.000421666666666667,0.000421666666666667,0,0,0.000223333333333333,0.000366666666666667,0.00024,0.0000216666666666667,0.0000633333333333333,0.0000683333333333333,0.0000733333333333333,0.0000783333333333333,0.0000833333333333333,0.000025,0,1,0,0,0,0,0,0,1,1,1,1,1,1,1,1,1,1,1,1,1,1,1,1,1,1,1,1,1,1,1,1,1,1,1,1,1,1,1,1,1,1,1,1,1,1,1,1,1,1,1,1,1,1,1,1,1,1,1,1,1,1,1,1,1,1,1,1,1,1,1,1,1,1,1,1,1,1,1,1,0
2026-06-30 01:00:00,87.0818378666667,0,0,0,0,0,0,0.0418633333333333,2.38562,11.298045,16.25143,12.2036016666667,9.199775,7.81292666666667,7.16408666666667,6.85230166666667,4.474865,2.29220333333333,1.13567833333333,0.68676,0.5886,0.508825,0.625531666666667,0.579055,0.443835,0.340481666666667,0.267398333333333,0.264236666666667,0.237268333333333,0.194281666666667,0.210888333333333,0.158288333333333,0.146513333333333,0.122021666666667,0.107678333333333,0.0855733333333333,0.0734433333333333,0.061385,0.0489133333333333,0.0325516666666667,0.0314133333333333,0.02367,0.0157583333333333,0.01043,0.0133883333333333,0.0122166666666667,0.00696833333333333,0.00600333333333333,0.005185,0.00374,0.00182833333333333,0.00388,0.00212,0.00211166666666667,0.00455333333333333,0.00404333333333333,0.000963333333333333,0.00086,0.000856666666666667,0.000856666666666667,0.000426666666666667,0.000426666666666667,0.00117333333333333,0.0013,0.0005,0.000421666666666667,0.000283333333333333,0.000426666666666667,0.000131666666666667,0.000416666666666667,0,0,0.0000216666666666667,0.0000633333333333333,0.0000683333333333333,0.0000733333333333333,0.0000783333333333333,0.0000833333333333333,0.000025,0,1,0,0,0,0,0,0,1,1,1,1,1,1,1,1,1,1,1,1,1,1,1,1,1,1,1,1,1,1,1,1,1,1,1,1,1,1,1,1,1,1,1,1,1,1,1,1,1,1,1,1,1,1,1,1,1,1,1,1,1,1,1,1,1,1,1,1,1,1,1,1,1,1,1,1,1,1,1,1,0
2026-06-30 02:00:00,86.8768053,0,0,0,0,0,0,0.0400233333333333,2.290125,11.2971633333333,16.6749616666667,12.4698,9.36799833333333,7.82167666666667,7.1302,6.740545,4.15103166666667,2.02042,0.995501666666667,0.667151666666667,0.524793333333333,0.512113333333333,0.543638333333333,0.543428333333333,0.425946666666667,0.330228333333333,0.253573333333333,0.254136666666667,0.223405,0.181916666666667,0.180111666666667,0.161283333333333,0.15377,0.107168333333333,0.104866666666667,0.088805,0.076105,0.0618933333333333,0.0451416666666667,0.0355366666666667,0.03069,0.02266,0.0138183333333333,0.0105883333333333,0.00949666666666667,0.00588333333333333,0.00709,0.00724333333333333,0.00538,0.00603333333333333,0.00470166666666667,0.00291333333333333,0.00465,0.00154,0.00366333333333333,0.00167333333333333,0.0018,0.00126166666666667,0.000428333333333333,0.00188833333333333,0.00068,0.00019,0.00056,0.000526666666666667,0.000423333333333333,0,0,0.00042,0,0,0,0,0,0,0,0,0,0,0,0,1,0,0,0,0,0,0,1,1,1,1,1,1,1,1,1,1,1,1,1,1,1,1,1,1,1,1,1,1,1,1,1,1,1,1,1,1,1,1,1,1,1,1,1,1,1,1,1,1,1,1,1,1,1,1,1,1,1,1,1,1,1,1,1,1,1,1,1,1,1,1,1,1,1,1,1,1,1,1,0
2026-06-30 03:00:00,75.1945609166667,0,0,0,0,0,0,0.0307933333333333,2.13532833333333,10.31573,14.8831833333333,10.9051783333333,8.142825,6.885145,6.13126333333333,5.59919,3.40206166666667,1.479935,0.756296666666667,0.518878333333333,0.427198333333333,0.41682,0.469141666666667,0.440115,0.34325,0.291656666666667,0.226183333333333,0.22229,0.229063333333333,0.198446666666667,0.189801666666667,0.144403333333333,0.146728333333333,0.113658333333333,0.097835,0.0794783333333333,0.0750216666666667,0.058195,0.048175,0.0299333333333333,0.0275633333333333,0.0214466666666667,0.014465,0.0141033333333333,0.010645,0.0117516666666667,0.0103083333333333,0.005995,0.007015,0.00634,0.00334833333333333,0.005425,0.000866666666666667,0.00201833333333333,0.00134666666666667,0.00052,0.00303833333333333,0.001175,0.00341,0.000966666666666667,0.000426666666666667,0.00104333333333333,0.00056,0.00133833333333333,0.0000383333333333333,0,0.000705,0.000138333333333333,0.000418333333333333,0.000416666666666667,0,0,0,0,0,0,0,0,0,0,1,0,0,0,0,0,0,1,1,1,1,1,1,1,1,1,1,1,1,1,1,1,1,1,1,1,1,1,1,1,1,1,1,1,1,1,1,1,1,1,1,1,1,1,1,1,1,1,1,1,1,1,1,1,1,1,1,1,1,1,1,1,1,1,1,1,1,1,1,1,1,1,1,1,1,1,1,1,1,0
2026-06-30 04:00:00,68.1860134333333,0,0,0,0,0,0,0.0366833333333333,2.000245,9.652895,13.6594133333333,10.1273716666667,7.120845,5.93235166666667,5.17318,4.84318666666667,2.84303666666667,1.28121666666667,0.712,0.457928333333333,0.398183333333333,0.361165,0.436171666666667,0.432625,0.341035,0.294468333333333,0.230293333333333,0.212596666666667,0.219201666666667,0.183358333333333,0.177185,0.135878333333333,0.145533333333333,0.12133,0.108116666666667,0.09298,0.07165,0.05672,0.0471933333333333,0.0333866666666667,0.0240966666666667,0.0251766666666667,0.01683,0.0148916666666667,0.011825,0.00723666666666667,0.00525,0.00803166666666667,0.00542,0.00553,0.00407833333333333,0.00557333333333333,0.003325,0.00431833333333333,0.00282666666666667,0.003505,0.001955,0.001175,0.00089,0.000911666666666667,0.00128166666666667,0.00232333333333333,0.000985,0.000526666666666667,0.000808333333333333,0.000806666666666667,0.000496666666666667,0,0.000418333333333333,0,0,0.000413333333333333,0.000476666666666667,0.00019,0.000205,0.00022,0.000235,0.00025,0.000075,0,1,0,0,0,0,0,0,1,1,1,1,1,1,1,1,1,1,1,1,1,1,1,1,1,1,1,1,1,1,1,1,1,1,1,1,1,1,1,1,1,1,1,1,1,1,1,1,1,1,1,1,1,1,1,1,1,1,1,1,1,1,1,1,1,1,1,1,1,1,1,1,1,1,1,1,1,1,1,1,0
2026-06-30 05:00:00,73.0895389166667,0,0,0,0,0,0,0.0355366666666667,2.21482333333333,10.574945,14.9319833333333,10.53336,7.66955333333333,6.06618833333333,5.378635,4.91303833333333,2.93856,1.33600666666667,0.698135,0.472536666666667,0.434863333333333,0.44685,0.486715,0.48421,0.390053333333333,0.341476666666667,0.274318333333333,0.262483333333333,0.269305,0.204555,0.229323333333333,0.186413333333333,0.200736666666667,0.151131666666667,0.139056666666667,0.11229,0.0943583333333333,0.0738933333333333,0.06535,0.0514766666666667,0.0341983333333333,0.0319433333333333,0.0232916666666667,0.0176816666666667,0.01627,0.0111833333333333,0.009825,0.006635,0.00906166666666667,0.00939833333333333,0.00657166666666667,0.00757333333333333,0.00335,0.00667333333333333,0.00373333333333333,0.00329333333333333,0.000613333333333333,0.00186333333333333,0.00240666666666667,0.001635,0.00221,0.00147,0.00108666666666667,0.000386666666666667,0.000423333333333333,0.000385,0.000358333333333333,0.000558333333333333,0.001195,0.000055,0.000415,0,0.0000216666666666667,0.0000633333333333333,0.0000683333333333333,0.0000733333333333333,0.0000783333333333333,0.0000833333333333333,0.000025,0,1,0,0,0,0,0,0,1,1,1,1,1,1,1,1,1,1,1,1,1,1,1,1,1,1,1,1,1,1,1,1,1,1,1,1,1,1,1,1,1,1,1,1,1,1,1,1,1,1,1,1,1,1,1,1,1,1,1,1,1,1,1,1,1,1,1,1,1,1,1,1,1,1,1,1,1,1,1,1,0
2026-06-30 06:00:00,74.23445295,0,0,0,0,0,0,0.039895,2.19523,10.8365433333333,15.4705183333333,10.7742633333333,7.56447666666667,6.039915,5.381965,4.84737,2.73057333333333,1.36288,0.67848,0.509641666666667,0.4357,0.430068333333333,0.512133333333333,0.539208333333333,0.434375,0.363775,0.290568333333333,0.291695,0.290696666666667,0.25003,0.249341666666667,0.212401666666667,0.219228333333333,0.179926666666667,0.149561666666667,0.137625,0.121126666666667,0.0876366666666667,0.0788616666666667,0.057175,0.0376916666666667,0.03532,0.02207,0.025845,0.02371,0.0178233333333333,0.0113966666666667,0.010095,0.0159866666666667,0.00804,0.009385,0.00639666666666667,0.00633333333333333,0.00259,0.00332833333333333,0.00614666666666667,0.00198833333333333,0.00255166666666667,0.00114833333333333,0.002625,0.00128333333333333,0,0.001275,0.00123666666666667,0.000461666666666667,0.000845,0.000421666666666667,0.00042,0.000418333333333333,0,0.001245,0.000413333333333333,0.0000866666666666667,0.000253333333333333,0.000271666666666667,0.000291666666666667,0.000313333333333333,0.000335,0.0000983333333333333,0,1,0,0,0,0,0,0,1,1,1,1,1,1,1,1,1,1,1,1,1,1,1,1,1,1,1,1,1,1,1,1,1,1,1,1,1,1,1,1,1,1,1,1,1,1,1,1,1,1,1,1,1,1,1,1,1,1,1,1,1,1,1,1,1,1,1,1,1,1,1,1,1,1,1,1,1,1,1,1,0
2026-06-30 07:00:00,56.4212546666667,0,0,0,0,0,0,0.0248966666666667,1.779755,8.640135,11.7968383333333,8.03302833333333,5.54074166666667,4.38940833333333,3.83078666666667,3.40317166666667,1.69061166666667,0.895416666666667,0.56069,0.443046666666667,0.411496666666667,0.435838333333333,0.490551666666667,0.499365,0.423168333333333,0.360965,0.317766666666667,0.28932,0.287608333333333,0.255715,0.247066666666667,0.236613333333333,0.210736666666667,0.18212,0.164631666666667,0.132836666666667,0.114756666666667,0.109276666666667,0.0832133333333333,0.0623583333333333,0.049565,0.042565,0.034085,0.0282483333333333,0.020045,0.0230616666666667,0.017825,0.0146616666666667,0.0164133333333333,0.0140866666666667,0.00957833333333333,0.00978333333333333,0.00754166666666667,0.00756166666666667,0.00508833333333333,0.00788833333333333,0.00593166666666667,0.00401333333333333,0.00283166666666667,0.000778333333333333,0.00093,0.00317666666666667,0.00141,0.0013,0.00130833333333333,0.000885,0.00112666666666667,0.000558333333333333,0.000816666666666667,0.000435,0.000173333333333333,0.00148166666666667,0.000108333333333333,0.000316666666666667,0.000341666666666667,0.000366666666666667,0.000391666666666667,0.000416666666666667,0.000125,0,1,0,0,0,0,0,0,1,1,1,1,1,1,1,1,1,1,1,1,1,1,1,1,1,1,1,1,1,1,1,1,1,1,1,1,1,1,1,1,1,1,1,1,1,1,1,1,1,1,1,1,1,1,1,1,1,1,1,1,1,1,1,1,1,1,1,1,1,1,1,1,1,1,1,1,1,1,1,1,0
2026-06-30 08:00:00,53.1672271333333,0,0,0,0,0,0,0.0289583333333333,1.65116833333333,8.16176833333333,10.9175766666667,7.28062,4.92338,3.91499,3.52532833333333,2.88608166666667,1.37821166666667,0.780405,0.493841666666667,0.406771666666667,0.423938333333333,0.425743333333333,0.527281666666667,0.509893333333333,0.443835,0.36569,0.330741666666667,0.297821666666667,0.331991666666667,0.270366666666667,0.285841666666667,0.244143333333333,0.244145,0.203833333333333,0.175335,0.167421666666667,0.12818,0.120533333333333,0.102596666666667,0.0815416666666667,0.0473233333333333,0.0449933333333333,0.0386116666666667,0.0348466666666667,0.0237883333333333,0.023705,0.0231916666666667,0.014745,0.01694,0.0124566666666667,0.0061,0.008075,0.00845666666666667,0.00651,0.00507166666666667,0.00295833333333333,0.00626,0.00326833333333333,0.00211833333333333,0.003205,0.00331833333333333,0.00142333333333333,0.00145833333333333,0.000101666666666667,0.00123166666666667,0.00115333333333333,0.00156,0.00237666666666667,0.000398333333333333,0.000435,0.000415,0.000413333333333333,0.000541666666666667,0.00038,0.00041,0.00044,0.00047,0.0005,0.00015,0,1,0,0,0,0,0,0,1,1,1,1,1,1,1,1,1,1,1,1,1,1,1,1,1,1,1,1,1,1,1,1,1,1,1,1,1,1,1,1,1,1,1,1,1,1,1,1,1,1,1,1,1,1,1,1,1,1,1,1,1,1,1,1,1,1,1,1,1,1,1,1,1,1,1,1,1,1,1,1,0
2026-06-30 09:00:00,51.1262731166667,0,0,0,0,0,0,0.0277966666666667,1.77168,8.465335,11.1929033333333,7.62517333333333,5.082705,3.734905,3.38523,2.59585,1.14641333333333,0.671346666666667,0.40268,0.308693333333333,0.33912,0.371991666666667,0.452546666666667,0.411116666666667,0.360126666666667,0.317733333333333,0.279605,0.261533333333333,0.279278333333333,0.249276666666667,0.246653333333333,0.199006666666667,0.194306666666667,0.1593,0.150501666666667,0.13248,0.130281666666667,0.104401666666667,0.0759483333333333,0.0646933333333333,0.04718,0.039845,0.034245,0.0296166666666667,0.023025,0.0222483333333333,0.0128033333333333,0.0133683333333333,0.00996666666666667,0.00713333333333333,0.00601666666666667,0.00629333333333333,0.00419333333333333,0.00629166666666667,0.00235,0.00224666666666667,0.00303833333333333,0.00255166666666667,0.00165833333333333,0.00348166666666667,0.00171,0.00128,0.00149666666666667,0.000203333333333333,0.000385,0.000461666666666667,0.000283333333333333,0.000138333333333333,0,0,0.000415,0,0.000173333333333333,0.000506666666666667,0.000545,0.000585,0.000626666666666667,0.000668333333333333,0.000198333333333333,0,1,0,0,0,0,0,0,1,1,1,1,1,1,1,1,1,1,1,1,1,1,1,1,1,1,1,1,1,1,1,1,1,1,1,1,1,1,1,1,1,1,1,1,1,1,1,1,1,1,1,1,1,1,1,1,1,1,1,1,1,1,1,1,1,1,1,1,1,1,1,1,1,1,1,1,1,1,1,1,0
2026-06-30 10:00:00,55.0764086833333,0,0,0,0,0,0,0.0341316666666667,2.049955,9.53072166666667,12.7550883333333,8.41375833333333,5.33243166666667,4.03340833333333,3.33308166666667,2.29298166666667,1.072745,0.59303,0.372905,0.300971666666667,0.294538333333333,0.36559,0.457501666666667,0.36598,0.330091666666667,0.280873333333333,0.256573333333333,0.265118333333333,0.253225,0.21701,0.23621,0.172928333333333,0.190386666666667,0.163551666666667,0.142131666666667,0.142285,0.106838333333333,0.093675,0.0681366666666667,0.0667533333333333,0.0443366666666667,0.0304283333333333,0.0256666666666667,0.0178533333333333,0.0177066666666667,0.0138416666666667,0.0142333333333333,0.01061,0.0105466666666667,0.005935,0.00716833333333333,0.00332333333333333,0.00458,0.00256666666666667,0.00522166666666667,0.00215,0.00274,0.002695,0.00149166666666667,0.000483333333333333,0,0.000426666666666667,0.000748333333333333,0.000913333333333333,0.00169333333333333,0.001305,0.00085,0.001255,0,0,0,0,0.000563333333333333,0.000443333333333333,0.000478333333333333,0.000513333333333333,0.000548333333333333,0.000583333333333333,0.000175,0,1,0,0,0,0,0,0,1,1,1,1,1,1,1,1,1,1,1,1,1,1,1,1,1,1,1,1,1,1,1,1,1,1,1,1,1,1,1,1,1,1,1,1,1,1,1,1,1,1,1,1,1,1,1,1,1,1,1,1,1,1,1,1,1,1,1,1,1,1,1,1,1,1,1,1,1,1,1,1,0
2026-06-30 11:00:00,58.6315130666667,0,0,0,0,0,0,0.0327816666666667,2.373215,10.6386066666667,13.8863283333333,9.00527666666667,5.76804833333333,4.17682166666667,3.41854833333333,2.27488333333333,1.05170166666667,0.58213,0.373568333333333,0.347228333333333,0.314675,0.331028333333333,0.392261666666667,0.340143333333333,0.311343333333333,0.252321666666667,0.207055,0.255575,0.213231666666667,0.197716666666667,0.218493333333333,0.158186666666667,0.177131666666667,0.143256666666667,0.122383333333333,0.117865,0.0896733333333333,0.0711683333333333,0.07219,0.0616066666666667,0.05079,0.0326233333333333,0.0213233333333333,0.016145,0.0183283333333333,0.0122883333333333,0.0145866666666667,0.010465,0.00962166666666667,0.005855,0.005485,0.003775,0.00298666666666667,0.00170333333333333,0.001365,0.00162,0.00228166666666667,0.000401666666666667,0.00246166666666667,0.000713333333333333,0.000678333333333333,0.000616666666666667,0.000661666666666667,0.00123666666666667,0.0000383333333333333,0,0.000283333333333333,0.000558333333333333,0.001235,0.0000183333333333333,0.000761666666666667,0.00048,0.000173333333333333,0.000506666666666667,0.000546666666666667,0.000586666666666667,0.000626666666666667,0.000666666666666667,0.0002,0,1,0,0,0,0,0,0,1,1,1,1,1,1,1,1,1,1,1,1,1,1,1,1,1,1,1,1,1,1,1,1,1,1,1,1,1,1,1,1,1,1,1,1,1,1,1,1,1,1,1,1,1,1,1,1,1,1,1,1,1,1,1,1,1,1,1,1,1,1,1,1,1,1,1,1,1,1,1,1,0
2026-06-30 12:00:00,62.1225470666667,0,0,0,0,0,0,0.0442416666666667,2.44403833333333,11.312755,15.0851933333333,10.0597083333333,6.415435,4.59193833333333,3.78802,2.37034333333333,1.05912333333333,0.592725,0.387433333333333,0.307248333333333,0.32088,0.334361666666667,0.416805,0.33549,0.288666666666667,0.243835,0.19379,0.221128333333333,0.226601666666667,0.19396,0.237331666666667,0.146511666666667,0.19122,0.136315,0.118208333333333,0.122333333333333,0.10863,0.0897933333333333,0.0759516666666667,0.0503933333333333,0.0441833333333333,0.0375366666666667,0.0271983333333333,0.015425,0.01742,0.019775,0.013205,0.0135216666666667,0.00817333333333333,0.007945,0.00383166666666667,0.00425166666666667,0.00501166666666667,0.00468,0.00271166666666667,0.00267833333333333,0.00312333333333333,0.00461666666666667,0.00129,0.002745,0.00153166666666667,0.00189666666666667,0.000985,0.000526666666666667,0.000846666666666667,0.00119333333333333,0.000496666666666667,0.00084,0.000418333333333333,0.000416666666666667,0,0.000826666666666667,0.00013,0.00038,0.00041,0.00044,0.00047,0.0005,0.00015,0,1,0,0,0,0,0,0,1,1,1,1,1,1,1,1,1,1,1,1,1,1,1,1,1,1,1,1,1,1,1,1,1,1,1,1,1,1,1,1,1,1,1,1,1,1,1,1,1,1,1,1,1,1,1,1,1,1,1,1,1,1,1,1,1,1,1,1,1,1,1,1,1,1,1,1,1,1,1,1,0
2026-06-30 13:00:00,66.8170111,0,0,0,0,0,0,0.0425366666666667,2.57725166666667,11.8131083333333,16.1306133333333,11.1920633333333,7.14479166666667,5.00186333333333,3.906855,2.29352833333333,0.932483333333333,0.565145,0.352531666666667,0.274988333333333,0.283243333333333,0.304,0.394723333333333,0.327438333333333,0.267288333333333,0.22227,0.2092,0.243983333333333,0.220078333333333,0.180036666666667,0.221545,0.13315,0.180105,0.146173333333333,0.131673333333333,0.120041666666667,0.106231666666667,0.0940766666666667,0.0731483333333333,0.0640716666666667,0.0496966666666667,0.041795,0.0250183333333333,0.0260183333333333,0.0210333333333333,0.01344,0.00911833333333333,0.00760333333333333,0.00897,0.0102433333333333,0.00716166666666667,0.003035,0.00383,0.00506333333333333,0.00428,0.00319833333333333,0.00263666666666667,0.00174833333333333,0.001895,0.00222833333333333,0.00263833333333333,0.00123333333333333,0.000796666666666667,0.000951666666666667,0.000846666666666667,0.00126666666666667,0.000421666666666667,0.00112833333333333,0.00055,0,0.000173333333333333,0.00024,0.000108333333333333,0.000316666666666667,0.00034,0.000365,0.000391666666666667,0.000418333333333333,0.000123333333333333,0,1,0,0,0,0,0,0,1,1,1,1,1,1,1,1,1,1,1,1,1,1,1,1,1,1,1,1,1,1,1,1,1,1,1,1,1,1,1,1,1,1,1,1,1,1,1,1,1,1,1,1,1,1,1,1,1,1,1,1,1,1,1,1,1,1,1,1,1,1,1,1,1,1,1,1,1,1,1,1,0
2026-06-30 14:00:00,63.9705853,0,0,0,0,0,0,0.0383783333333333,2.13527166666667,10.5001083333333,15.6798966666667,11.2647716666667,7.40503833333333,5.02872333333333,3.973745,2.27287333333333,0.899451666666667,0.527606666666667,0.302038333333333,0.253075,0.249765,0.265313333333333,0.334881666666667,0.270835,0.240645,0.205673333333333,0.188448333333333,0.187206666666667,0.186678333333333,0.172245,0.18808,0.131176666666667,0.160041666666667,0.120551666666667,0.110468333333333,0.114286666666667,0.101215,0.0838266666666667,0.064525,0.0640816666666667,0.0465933333333333,0.03041,0.0235483333333333,0.023225,0.0180833333333333,0.0145883333333333,0.014355,0.00947166666666667,0.0106916666666667,0.00764333333333333,0.00771166666666667,0.00540666666666667,0.005855,0.00547,0.002605,0.00404166666666667,0.00271166666666667,0.001175,0.00212166666666667,0.00242666666666667,0.00238666666666667,0.00128,0.000748333333333333,0.000913333333333333,0.0000383333333333333,0.001265,0.000988333333333333,0.000985,0.001805,0.000416666666666667,0.001245,0,0.000628333333333333,0.000633333333333333,0.000683333333333333,0.000733333333333333,0.000783333333333333,0.000833333333333333,0.00025,0,1,0,0,0,0,0,0,1,1,1,1,1,1,1,1,1,1,1,1,1,1,1,1,1,1,1,1,1,1,1,1,1,1,1,1,1,1,1,1,1,1,1,1,1,1,1,1,1,1,1,1,1,1,1,1,1,1,1,1,1,1,1,1,1,1,1,1,1,1,1,1,1,1,1,1,1,1,1,1,0
2026-06-30 15:00:00,58.8735219833333,0,0,0,0,0,0,0.0311933333333333,2.04284,9.58399333333333,14.24181,10.7458433333333,7.06155666666667,4.88075333333333,3.63398333333333,2.02926833333333,0.736493333333333,0.41524,0.242171666666667,0.20586,0.201595,0.207715,0.27113,0.233151666666667,0.205541666666667,0.17707,0.142331666666667,0.155211666666667,0.158825,0.133798333333333,0.125735,0.0960083333333333,0.14243,0.100536666666667,0.0875766666666667,0.0845783333333333,0.0750716666666667,0.0575066666666667,0.058305,0.0437533333333333,0.0316766666666667,0.024745,0.021425,0.016525,0.0127933333333333,0.01246,0.00961666666666667,0.00859,0.00992666666666667,0.00733666666666667,0.00642333333333333,0.00674833333333333,0.004555,0.00345333333333333,0.00471166666666667,0.003955,0.00234,0.00283833333333333,0.001375,0.00223833333333333,0.00203833333333333,0.00213333333333333,0.001395,0.002005,0.00119333333333333,0.00219166666666667,0.00141,0.000696666666666667,0,0.00128,0.00204666666666667,0.000733333333333333,0.000875,0.00107666666666667,0.00115666666666667,0.00124166666666667,0.00133166666666667,0.00142166666666667,0.00042,0,1,0,0,0,0,0,0,1,1,1,1,1,1,1,1,1,1,1,1,1,1,1,1,1,1,1,1,1,1,1,1,1,1,1,1,1,1,1,1,1,1,1,1,1,1,1,1,1,1,1,1,1,1,1,1,1,1,1,1,1,1,1,1,1,1,1,1,1,1,1,1,1,1,1,1,1,1,1,1,0
2026-06-30 16:00:00,57.26659835,0,0,0,0,0,0,0.029915,1.927915,8.99207333333333,13.5211133333333,10.26839,6.88260166666667,4.72868833333333,3.42831166666667,2.30637,1.020355,0.47548,0.282935,0.226258333333333,0.227211666666667,0.213173333333333,0.24763,0.24845,0.210303333333333,0.179175,0.160191666666667,0.170715,0.1701,0.14098,0.139126666666667,0.123128333333333,0.112201666666667,0.096485,0.09514,0.084635,0.07387,0.06191,0.054055,0.04193,0.0345483333333333,0.0290133333333333,0.021365,0.0179083333333333,0.0146266666666667,0.01397,0.01137,0.00802833333333333,0.00849833333333333,0.00577833333333333,0.00610333333333333,0.010005,0.00164,0.00454,0.00346833333333333,0.00183166666666667,0.00190333333333333,0.000831666666666667,0.00295,0.0035,0.002115,0.00104333333333333,0.000985,0.00207333333333333,0.000536666666666667,0.000385,0.000075,0,0,0,0.000173333333333333,0.00024,0.000563333333333333,0.000443333333333333,0.000478333333333333,0.000513333333333333,0.000548333333333333,0.000583333333333333,0.000175,0,1,0,0,0,0,0,0,1,1,1,1,1,1,1,1,1,1,1,1,1,1,1,1,1,1,1,1,1,1,1,1,1,1,1,1,1,1,1,1,1,1,1,1,1,1,1,1,1,1,1,1,1,1,1,1,1,1,1,1,1,1,1,1,1,1,1,1,1,1,1,1,1,1,1,1,1,1,1,1,0
2026-06-30 17:00:00,49.1099231666667,0,0,0,0,0,0,0.030385,1.89299,8.25388166666667,11.6536066666667,8.37017666666667,5.586875,3.884855,2.86445166666667,2.20633,0.916875,0.420046666666667,0.265873333333333,0.183086666666667,0.170823333333333,0.170365,0.212728333333333,0.220375,0.170043333333333,0.145963333333333,0.106495,0.115308333333333,0.124163333333333,0.09838,0.105716666666667,0.0930016666666667,0.0862616666666667,0.0754033333333333,0.0571983333333333,0.0583066666666667,0.05165,0.0343616666666667,0.0338616666666667,0.0188866666666667,0.0128333333333333,0.0118266666666667,0.00803333333333333,0.0108833333333333,0.00495333333333333,0.00363166666666667,0.00793166666666667,0.003465,0.003825,0.00417333333333333,0.00374,0.00293166666666667,0.00250666666666667,0.00161,0.00169,0.00190333333333333,0.000888333333333333,0.000573333333333333,0.000258333333333333,0.000603333333333333,0.00110666666666667,0.00019,0.000236666666666667,0.000386666666666667,0.000846666666666667,0.000806666666666667,0.000075,0,0,0,0,0,0.0000433333333333333,0.000126666666666667,0.000136666666666667,0.000146666666666667,0.000156666666666667,0.000166666666666667,0.00005,0,1,0,0,0,0,0,0,1,1,1,1,1,1,1,1,1,1,1,1,1,1,1,1,1,1,1,1,1,1,1,1,1,1,1,1,1,1,1,1,1,1,1,1,1,1,1,1,1,1,1,1,1,1,1,1,1,1,1,1,1,1,1,1,1,1,1,1,1,1,1,1,1,1,1,1,1,1,1,1,0
2026-06-30 18:00:00,49.5578362833333,0,0,0,0,0,0,0.0187083333333333,1.49263833333333,7.33582166666667,11.4360416666667,8.82171333333333,6.14581166666667,4.33053666666667,3.1332,2.34697333333333,1.02541,0.497716666666667,0.275036666666667,0.21956,0.203223333333333,0.20449,0.237271666666667,0.25271,0.208796666666667,0.181831666666667,0.148681666666667,0.13721,0.141005,0.12129,0.14675,0.108446666666667,0.11514,0.0868966666666667,0.0801783333333333,0.062825,0.072505,0.05302,0.0471383333333333,0.03828,0.0251133333333333,0.0254983333333333,0.0190316666666667,0.01207,0.0109266666666667,0.0123466666666667,0.00673333333333333,0.006215,0.00820833333333333,0.005705,0.004075,0.00388,0.00209666666666667,0.00315,0.00397,0.00156,0.001375,0.00309666666666667,0.00149,0.00219666666666667,0.00128166666666667,0.00170666666666667,0.000425,0.000425,0.00123166666666667,0.000385,0.00078,0.000558333333333333,0.000418333333333333,0,0.001245,0,0.0000216666666666667,0.0000633333333333333,0.0000683333333333333,0.0000733333333333333,0.0000783333333333333,0.0000833333333333333,0.000025,0,1,0,0,0,0,0,0,1,1,1,1,1,1,1,1,1,1,1,1,1,1,1,1,1,1,1,1,1,1,1,1,1,1,1,1,1,1,1,1,1,1,1,1,1,1,1,1,1,1,1,1,1,1,1,1,1,1,1,1,1,1,1,1,1,1,1,1,1,1,1,1,1,1,1,1,1,1,1,1,0
2026-06-30 19:00:00,35.5419329666667,0,0,0,0,0,0,0.0231483333333333,1.05810833333333,5.07204333333333,7.75442833333333,6.22581333333333,4.372315,3.21091333333333,2.45944833333333,1.98201166666667,0.990923333333333,0.40808,0.226328333333333,0.17301,0.140071666666667,0.159835,0.17026,0.171253333333333,0.128658333333333,0.113206666666667,0.0890733333333333,0.0823316666666667,0.086975,0.0736366666666667,0.0789733333333333,0.06953,0.0684433333333333,0.059855,0.0530466666666667,0.043105,0.0362033333333333,0.0296183333333333,0.0275233333333333,0.0164466666666667,0.0134866666666667,0.0092,0.00759166666666667,0.00419833333333333,0.00575833333333333,0.00526,0.00492666666666667,0.00512833333333333,0.00644833333333333,0.00340666666666667,0.00329166666666667,0.00295166666666667,0.00166333333333333,0.004925,0.00338,0.00116333333333333,0.00134333333333333,0.000171666666666667,0.00186333333333333,0.000966666666666667,0.000426666666666667,0.00128,0.00117333333333333,0.000913333333333333,0.000885,0.000346666666666667,0.000496666666666667,0,0,0.000223333333333333,0.000193333333333333,0,0.0000216666666666667,0.0000633333333333333,0.0000683333333333333,0.0000733333333333333,0.0000783333333333333,0.0000833333333333333,0.000025,0,1,0,0,0,0,0,0,1,1,1,1,1,1,1,1,1,1,1,1,1,1,1,1,1,1,1,1,1,1,1,1,1,1,1,1,1,1,1,1,1,1,1,1,1,1,1,1,1,1,1,1,1,1,1,1,1,1,1,1,1,1,1,1,1,1,1,1,1,1,1,1,1,1,1,1,1,1,1,1,0
2026-06-30 20:00:00,43.1030684833333,0,0,0,0,0,0,0.0254316666666667,1.274805,6.00579833333333,9.09080666666667,7.02873,5.35013833333333,4.14318166666667,3.30619166666667,2.61184333333333,1.40636,0.585761666666667,0.331993333333333,0.235056666666667,0.190833333333333,0.167591666666667,0.177871666666667,0.178555,0.133186666666667,0.108761666666667,0.0772716666666667,0.0813616666666667,0.0708433333333333,0.0609633333333333,0.0698466666666667,0.05792,0.0400933333333333,0.0348666666666667,0.0359616666666667,0.0347583333333333,0.0316966666666667,0.0207183333333333,0.020635,0.0156766666666667,0.0121916666666667,0.00865833333333333,0.00518666666666667,0.00519333333333333,0.00858833333333333,0.00356,0.00504833333333333,0.00564333333333333,0.00395,0.00404833333333333,0.00452333333333333,0.00253833333333333,0.00212,0.00340833333333333,0.00179666666666667,0.000863333333333333,0.00217833333333333,0.00169166666666667,0.000373333333333333,0.00023,0.000678333333333333,0,0.00085,0.00123666666666667,0.00119333333333333,0.000885,0.000075,0.000288333333333333,0.00055,0.000416666666666667,0,0.00016,0.000275,0.0000633333333333333,0.0000683333333333333,0.0000733333333333333,0.0000783333333333333,0.0000833333333333333,0.000025,0,1,0,0,0,0,0,0,1,1,1,1,1,1,1,1,1,1,1,1,1,1,1,1,1,1,1,1,1,1,1,1,1,1,1,1,1,1,1,1,1,1,1,1,1,1,1,1,1,1,1,1,1,1,1,1,1,1,1,1,1,1,1,1,1,1,1,1,1,1,1,1,1,1,1,1,1,1,1,1,0
2026-06-30 21:00:00,53.6310228666667,0,0,0,0,0,0,0.024235,1.60256333333333,7.54865,11.2567983333333,8.559565,6.445835,5.07814333333333,4.16358833333333,3.586455,2.26886666666667,0.834155,0.46704,0.303076666666667,0.207686666666667,0.173513333333333,0.159573333333333,0.145863333333333,0.124918333333333,0.0962783333333333,0.0718366666666667,0.063005,0.0611366666666667,0.04982,0.05087,0.0409383333333333,0.035465,0.0304733333333333,0.0255516666666667,0.0181566666666667,0.023635,0.0117633333333333,0.0126483333333333,0.009375,0.00772,0.00875666666666667,0.007355,0.00394166666666667,0.005135,0.00268333333333333,0.004995,0.002595,0.00382666666666667,0.00368666666666667,0.004535,0.00132333333333333,0.00460333333333333,0.00124833333333333,0.00289666666666667,0.00112833333333333,0.000458333333333333,0.00169166666666667,0.000858333333333333,0.00103166666666667,0.001105,0.00147,0.000985,0.000101666666666667,0.000423333333333333,0.000421666666666667,0.000421666666666667,0,0.000418333333333333,0,0,0,0.0000433333333333333,0.000126666666666667,0.000136666666666667,0.000146666666666667,0.000156666666666667,0.000166666666666667,0.00005,0,1,0,0,0,0,0,0,1,1,1,1,1,1,1,1,1,1,1,1,1,1,1,1,1,1,1,1,1,1,1,1,1,1,1,1,1,1,1,1,1,1,1,1,1,1,1,1,1,1,1,1,1,1,1,1,1,1,1,1,1,1,1,1,1,1,1,1,1,1,1,1,1,1,1,1,1,1,1,1,0
2026-06-30 22:00:00,60.3888442833333,0,0,0,0,0,0,0.0302716666666667,1.862515,8.76686333333333,12.8235033333333,9.65648333333333,7.20904166666667,5.61251333333333,4.57124166666667,3.96412333333333,2.53378333333333,0.958441666666667,0.47435,0.29046,0.221451666666667,0.192845,0.165453333333333,0.147945,0.113676666666667,0.105541666666667,0.0714733333333333,0.062175,0.0537083333333333,0.0474883333333333,0.0448883333333333,0.04076,0.0377833333333333,0.03528,0.0314133333333333,0.02509,0.01718,0.0179283333333333,0.0117033333333333,0.00886166666666667,0.00834666666666667,0.005045,0.00454333333333333,0.00336,0.00528833333333333,0.00749166666666667,0.00414,0.00339333333333333,0.00377,0.00468833333333333,0.00323833333333333,0.00472833333333333,0.00585666666666667,0.00610333333333333,0.00497333333333333,0.0028,0.00137,0.001175,0.00340833333333333,0.000285,0.00110833333333333,0,0.00117333333333333,0.000526666666666667,0,0,0.000421666666666667,0.00042,0.000816666666666667,0.000435,0,0,0.0000216666666666667,0.0000633333333333333,0.0000683333333333333,0.0000733333333333333,0.0000783333333333333,0.0000833333333333333,0.000025,0,1,0,0,0,0,0,0,1,1,1,1,1,1,1,1,1,1,1,1,1,1,1,1,1,1,1,1,1,1,1,1,1,1,1,1,1,1,1,1,1,1,1,1,1,1,1,1,1,1,1,1,1,1,1,1,1,1,1,1,1,1,1,1,1,1,1,1,1,1,1,1,1,1,1,1,1,1,1,1,0
2026-06-30 23:00:00,49.8268039833333,0,0,0,0,0,0,0.0236133333333333,1.596025,7.30188166666667,10.4619066666667,7.68932166666667,5.66893833333333,4.50043666666667,3.763975,3.24271,2.01547,0.70818,0.417433333333333,0.27675,0.204495,0.159853333333333,0.145426666666667,0.146538333333333,0.115803333333333,0.086925,0.07139,0.0677783333333333,0.0539983333333333,0.05347,0.0474333333333333,0.0417583333333333,0.0356683333333333,0.0220766666666667,0.0259733333333333,0.0258683333333333,0.0233683333333333,0.0128733333333333,0.01523,0.007205,0.00850333333333333,0.00810833333333333,0.00601666666666667,0.00885333333333333,0.00974,0.00560666666666667,0.00470666666666667,0.00788333333333333,0.00382666666666667,0.00333333333333333,0.002805,0.00392666666666667,0.00499,0.003,0.00352333333333333,0.00162,0.000991666666666667,0.00143333333333333,0.001435,0.00295166666666667,0.001435,0.000616666666666667,0.00141,0.000913333333333333,0.000808333333333333,0.000846666666666667,0.000075,0.00084,0.000418333333333333,0,0,0,0,0,0,0,0,0,0,0,1,0,0,0,0,0,0,1,1,1,1,1,1,1,1,1,1,1,1,1,1,1,1,1,1,1,1,1,1,1,1,1,1,1,1,1,1,1,1,1,1,1,1,1,1,1,1,1,1,1,1,1,1,1,1,1,1,1,1,1,1,1,1,1,1,1,1,1,1,1,1,1,1,1,1,1,1,1,1,0
