"datetime","Total_Particle_concentration","0.103730_um","0.111469_um","0.119786_um","0.128723_um","0.138327_um","0.148647_um","0.159737_um","0.171655_um","0.184462_um","0.198224_um","0.213013_um","0.228905_um","0.245984_um","0.264336_um","0.284057_um","0.305250_um","0.328024_um","0.352497_um","0.378797_um","0.407058_um","0.437427_um","0.470063_um","0.505133_um","0.542820_um","0.583319_um","0.626839_um","0.673606_um","0.723862_um","0.777868_um","0.835903_um","0.898268_um","0.965286_um","1.037304_um","1.114695_um","1.197860_um","1.287230_um","1.383267_um","1.486470_um","1.597372_um","1.716548_um","1.844616_um","1.982239_um","2.130130_um","2.289054_um","2.459835_um","2.643358_um","2.840573_um","3.052502_um","3.280243_um","3.524975_um","3.787966_um","4.070578_um","4.374274_um","4.700629_um","5.051333_um","5.428202_um","5.833189_um","6.268390_um","6.736061_um","7.238624_um","7.778682_um","8.359033_um","8.982682_um","9.652861_um","10.373039_um","11.146949_um","11.978599_um","12.872296_um","13.832670_um","14.864696_um","15.973718_um","17.165483_um","18.446161_um","19.822390_um","21.301296_um","22.890539_um","24.598352_um","26.433582_um","0.000000_um","qc_flag_Total_Particle_concentration","qc_flag_0.103730_um","qc_flag_0.111469_um","qc_flag_0.119786_um","qc_flag_0.128723_um","qc_flag_0.138327_um","qc_flag_0.148647_um","qc_flag_0.159737_um","qc_flag_0.171655_um","qc_flag_0.184462_um","qc_flag_0.198224_um","qc_flag_0.213013_um","qc_flag_0.228905_um","qc_flag_0.245984_um","qc_flag_0.264336_um","qc_flag_0.284057_um","qc_flag_0.305250_um","qc_flag_0.328024_um","qc_flag_0.352497_um","qc_flag_0.378797_um","qc_flag_0.407058_um","qc_flag_0.437427_um","qc_flag_0.470063_um","qc_flag_0.505133_um","qc_flag_0.542820_um","qc_flag_0.583319_um","qc_flag_0.626839_um","qc_flag_0.673606_um","qc_flag_0.723862_um","qc_flag_0.777868_um","qc_flag_0.835903_um","qc_flag_0.898268_um","qc_flag_0.965286_um","qc_flag_1.037304_um","qc_flag_1.114695_um","qc_flag_1.197860_um","qc_flag_1.287230_um","qc_flag_1.383267_um","qc_flag_1.486470_um","qc_flag_1.597372_um","qc_flag_1.716548_um","qc_flag_1.844616_um","qc_flag_1.982239_um","qc_flag_2.130130_um","qc_flag_2.289054_um","qc_flag_2.459835_um","qc_flag_2.643358_um","qc_flag_2.840573_um","qc_flag_3.052502_um","qc_flag_3.280243_um","qc_flag_3.524975_um","qc_flag_3.787966_um","qc_flag_4.070578_um","qc_flag_4.374274_um","qc_flag_4.700629_um","qc_flag_5.051333_um","qc_flag_5.428202_um","qc_flag_5.833189_um","qc_flag_6.268390_um","qc_flag_6.736061_um","qc_flag_7.238624_um","qc_flag_7.778682_um","qc_flag_8.359033_um","qc_flag_8.982682_um","qc_flag_9.652861_um","qc_flag_10.373039_um","qc_flag_11.146949_um","qc_flag_11.978599_um","qc_flag_12.872296_um","qc_flag_13.832670_um","qc_flag_14.864696_um","qc_flag_15.973718_um","qc_flag_17.165483_um","qc_flag_18.446161_um","qc_flag_19.822390_um","qc_flag_21.301296_um","qc_flag_22.890539_um","qc_flag_24.598352_um","qc_flag_26.433582_um","qc_flag_0.000000_um"
2026-05-01,217.039617966102,0,0,0,0,0,0,0.0695559322033898,4.99856779661017,25.8120033898305,39.1039508474576,30.7465677966102,24.2237322033898,20.8766661016949,19.3815796610169,18.7640423728814,15.3907949152542,7.04088305084746,2.93481186440678,1.63399661016949,1.04140847457627,0.820818644067797,0.680291525423729,0.622237288135593,0.429150847457627,0.353267796610169,0.251233898305085,0.217961016949153,0.181001694915254,0.148566101694915,0.155386440677966,0.131164406779661,0.130408474576271,0.105333898305085,0.101650847457627,0.0998084745762712,0.0817406779661017,0.0786101694915254,0.0682474576271186,0.0618525423728814,0.0462677966101695,0.0427610169491525,0.0410271186440678,0.0419271186440678,0.0399457627118644,0.0378966101694915,0.0365101694915254,0.0326271186440678,0.031971186440678,0.0267016949152542,0.0277033898305085,0.0270440677966102,0.0272220338983051,0.0211491525423729,0.018035593220339,0.0191864406779661,0.0170491525423729,0.0153406779661017,0.0101186440677966,0.011264406779661,0.00780169491525424,0.0094,0.00817457627118644,0.00647627118644068,0.00273728813559322,0.00430508474576271,0.00303728813559322,0.00386440677966102,0.00293559322033898,0.00383220338983051,0.00144237288135593,0.000664406779661017,0.00381186440677966,0.00135254237288136,0.00145423728813559,0.00156101694915254,0.0016728813559322,0.00178474576271186,0.000528813559322034,0,1,0,0,0,0,0,0,1,1,1,1,1,1,1,1,1,1,1,1,1,1,1,1,1,1,1,1,1,1,1,1,1,1,1,1,1,1,1,1,1,1,1,1,1,1,1,1,1,1,1,1,1,1,1,1,1,1,1,1,1,1,1,1,1,1,1,1,1,1,1,1,1,1,1,1,1,1,1,1,0
2026-05-01 01:00:00,209.231340813559,0,0,0,0,0,0,0.065706779661017,4.61230677966102,24.0973084745763,36.5984576271186,29.3224389830508,23.5148406779661,20.5859050847458,19.2765559322034,18.7522474576271,15.0197898305085,7.02066101694915,2.88521525423729,1.5750593220339,1.00014915254237,0.760457627118644,0.697716949152542,0.570728813559322,0.413976271186441,0.334850847457627,0.245516949152542,0.196479661016949,0.18215593220339,0.149810169491525,0.141454237288136,0.121320338983051,0.116222033898305,0.0958203389830508,0.0997050847457627,0.0911033898305085,0.0766,0.0739406779661017,0.0777830508474576,0.0632796610169492,0.049728813559322,0.0461966101694915,0.0472237288135593,0.0437254237288136,0.044235593220339,0.0374203389830508,0.0347677966101695,0.0395406779661017,0.0389593220338983,0.025264406779661,0.0217728813559322,0.0237050847457627,0.026064406779661,0.0199508474576271,0.0166813559322034,0.0178033898305085,0.0124525423728814,0.0127406779661017,0.0148593220338983,0.0111576271186441,0.0115389830508475,0.00785932203389831,0.00971016949152542,0.00572881355932203,0.00508813559322034,0.0030864406779661,0.00366101694915254,0.00313050847457627,0.00264745762711864,0.00388305084745763,0.00352372881355932,0.00199322033898305,0.00194067796610169,0.000966101694915254,0.00103559322033898,0.00111186440677966,0.00119491525423729,0.00127796610169492,0.000374576271186441,0,1,0,0,0,0,0,0,1,1,1,1,1,1,1,1,1,1,1,1,1,1,1,1,1,1,1,1,1,1,1,1,1,1,1,1,1,1,1,1,1,1,1,1,1,1,1,1,1,1,1,1,1,1,1,1,1,1,1,1,1,1,1,1,1,1,1,1,1,1,1,1,1,1,1,1,1,1,1,1,0
2026-05-01 02:00:00,184.172482929825,0,0,0,0,0,0,0.0591631578947368,4.47022280701754,22.3361385964912,32.8564736842105,25.6107701754386,20.3712701754386,18.0062789473684,17.0035456140351,16.5700456140351,11.5007789473684,5.48231403508772,2.36667719298246,1.33309298245614,0.879671929824561,0.666547368421053,0.614805263157895,0.537615789473684,0.374715789473684,0.287401754385965,0.216959649122807,0.200180701754386,0.166508771929825,0.135756140350877,0.141282456140351,0.114994736842105,0.11540701754386,0.10610350877193,0.10100701754386,0.0953421052631579,0.0899,0.0728666666666667,0.0636,0.0627859649122807,0.0511333333333333,0.0472421052631579,0.0424719298245614,0.0433736842105263,0.0345964912280702,0.0378122807017544,0.0365210526315789,0.0270561403508772,0.0329912280701754,0.0268631578947368,0.0262877192982456,0.0234631578947368,0.0238824561403509,0.0196929824561404,0.0218771929824561,0.0176964912280702,0.0104649122807018,0.0130105263157895,0.0115456140350877,0.0106947368421053,0.00868421052631579,0.00753508771929825,0.00593684210526316,0.00571578947368421,0.00397017543859649,0.00456842105263158,0.000887719298245614,0.00265263157894737,0.00169824561403509,0.00160877192982456,0.00231578947368421,0.00137543859649123,0.0010719298245614,0.0006,0.000647368421052632,0.000694736842105263,0.000742105263157895,0.000789473684210526,0.000236842105263158,0,1,0,0,0,0,0,0,1,1,1,1,1,1,1,1,1,1,1,1,1,1,1,1,1,1,1,1,1,1,1,1,1,1,1,1,1,1,1,1,1,1,1,1,1,1,1,1,1,1,1,1,1,1,1,1,1,1,1,1,1,1,1,1,1,1,1,1,1,1,1,1,1,1,1,1,1,1,1,1,0
2026-05-01 03:00:00,188.478721559322,0,0,0,0,0,0,0.0567135593220339,4.55444237288136,22.6383355932203,32.9617593220339,25.9908220338983,20.7537016949153,18.7804271186441,17.9076016949153,17.9378728813559,11.2564728813559,5.31490338983051,2.57975084745763,1.37529152542373,0.939815254237288,0.741903389830509,0.658361016949152,0.560925423728814,0.432118644067797,0.30961186440678,0.219147457627119,0.198316949152542,0.174691525423729,0.155654237288136,0.140689830508475,0.136972881355932,0.111391525423729,0.107323728813559,0.106862711864407,0.0984847457627119,0.0995762711864407,0.0861949152542373,0.0745033898305085,0.0628576271186441,0.0498050847457627,0.0476474576271186,0.0437406779661017,0.0402694915254237,0.0363983050847458,0.0398372881355932,0.0357406779661017,0.0321830508474576,0.0274322033898305,0.0245745762711864,0.0277033898305085,0.0207423728813559,0.0209440677966102,0.0195135593220339,0.0130084745762712,0.0167372881355932,0.0161745762711864,0.0127118644067797,0.00868474576271186,0.00887627118644068,0.00700677966101695,0.00728135593220339,0.00475084745762712,0.00423050847457627,0.00473389830508475,0.00375423728813559,0.00316610169491525,0.00128813559322034,0.00266610169491525,0.00621016949152542,0.0027,0.0015864406779661,0.00152881355932203,0.000515254237288136,0.000555932203389831,0.000596610169491525,0.00063728813559322,0.000677966101694915,0.000203389830508475,0,1,0,0,0,0,0,0,1,1,1,1,1,1,1,1,1,1,1,1,1,1,1,1,1,1,1,1,1,1,1,1,1,1,1,1,1,1,1,1,1,1,1,1,1,1,1,1,1,1,1,1,1,1,1,1,1,1,1,1,1,1,1,1,1,1,1,1,1,1,1,1,1,1,1,1,1,1,1,1,0
2026-05-01 04:00:00,215.7920197,0,0,0,0,0,0,0.07284,5.43460333333333,26.743365,38.95848,30.132615,23.9551333333333,21.7226333333333,20.7908783333333,20.6927966666667,10.9398783333333,5.32362833333333,2.75992,1.39483666666667,0.93172,0.75718,0.684545,0.644285,0.428453333333333,0.315723333333333,0.2499,0.199705,0.191615,0.157093333333333,0.130965,0.120603333333333,0.121933333333333,0.0999916666666667,0.0896816666666667,0.0815616666666667,0.083095,0.076885,0.0687283333333333,0.0639366666666667,0.0508866666666667,0.05188,0.0494816666666667,0.0406116666666667,0.0391416666666667,0.0362166666666667,0.0282516666666667,0.0335516666666667,0.0315983333333333,0.0287116666666667,0.0268583333333333,0.0271316666666667,0.0228316666666667,0.0179283333333333,0.0132016666666667,0.015665,0.0134916666666667,0.0137333333333333,0.0109433333333333,0.00690833333333333,0.007595,0.01228,0.00606666666666667,0.00280333333333333,0.003925,0.00411166666666667,0.00605833333333333,0.001255,0.00288833333333333,0.00212166666666667,0.00183333333333333,0.00122666666666667,0.001705,0.000633333333333333,0.000681666666666667,0.000731666666666667,0.000783333333333333,0.000835,0.000248333333333333,0,1,0,0,0,0,0,0,1,1,1,1,1,1,1,1,1,1,1,1,1,1,1,1,1,1,1,1,1,1,1,1,1,1,1,1,1,1,1,1,1,1,1,1,1,1,1,1,1,1,1,1,1,1,1,1,1,1,1,1,1,1,1,1,1,1,1,1,1,1,1,1,1,1,1,1,1,1,1,1,0
2026-05-01 05:00:00,226.997478418182,0,0,0,0,0,0,0.0743636363636364,5.97265454545455,29.5187218181818,41.8172727272727,31.8273581818182,25.1896090909091,22.4566309090909,21.6247636363636,21.5374072727273,11.2383054545455,5.12564909090909,2.55698727272727,1.41437818181818,0.990152727272727,0.844003636363636,0.780303636363636,0.661236363636364,0.48664,0.350521818181818,0.268585454545455,0.209956363636364,0.193196363636364,0.165730909090909,0.164901818181818,0.158205454545455,0.138543636363636,0.114223636363636,0.115252727272727,0.111747272727273,0.102030909090909,0.0839545454545454,0.0737818181818182,0.0823618181818182,0.0674436363636364,0.0529981818181818,0.0459072727272727,0.0496563636363636,0.0461309090909091,0.0401309090909091,0.0322309090909091,0.0364145454545455,0.03898,0.0381763636363636,0.0307927272727273,0.0325181818181818,0.0251527272727273,0.0275836363636364,0.0208945454545455,0.0214454545454545,0.0113454545454545,0.0135509090909091,0.01422,0.00966,0.00669454545454545,0.00713636363636364,0.00739818181818182,0.00707818181818182,0.00650727272727273,0.00612363636363636,0.00448727272727273,0.00443818181818182,0.00254727272727273,0.00187090909090909,0.00332727272727273,0.000712727272727273,0.00106363636363636,0.000483636363636364,0.000521818181818182,0.00056,0.000598181818181818,0.000636363636363636,0.000190909090909091,0,1,0,0,0,0,0,0,1,1,1,1,1,1,1,1,1,1,1,1,1,1,1,1,1,1,1,1,1,1,1,1,1,1,1,1,1,1,1,1,1,1,1,1,1,1,1,1,1,1,1,1,1,1,1,1,1,1,1,1,1,1,1,1,1,1,1,1,1,1,1,1,1,1,1,1,1,1,1,1,0
2026-05-01 06:00:00,239.633681949153,0,0,0,0,0,0,0.0922813559322034,6.92259491525424,33.2376745762712,45.8733,34.1932762711864,25.8721033898305,22.5354830508475,20.9786847457627,20.387793220339,12.0914423728814,5.65570508474576,2.68262711864407,1.43975593220339,1.0014186440678,0.814549152542373,0.78265593220339,0.723179661016949,0.502881355932203,0.37715593220339,0.266435593220339,0.240910169491525,0.215154237288136,0.167435593220339,0.169366101694915,0.164489830508475,0.13715593220339,0.132347457627119,0.127084745762712,0.127552542372881,0.111664406779661,0.1022,0.0909593220338983,0.0839203389830508,0.0766067796610169,0.0676610169491525,0.0634118644067797,0.0608864406779661,0.0461406779661017,0.0465983050847458,0.0382677966101695,0.049293220338983,0.0389152542372881,0.0342271186440678,0.0351423728813559,0.028635593220339,0.0221271186440678,0.0250915254237288,0.0229559322033898,0.0215661016949153,0.0179,0.0129186440677966,0.0144779661016949,0.0114694915254237,0.0113406779661017,0.00920508474576271,0.0058728813559322,0.00507627118644068,0.0036,0.00539322033898305,0.00337796610169492,0.00214915254237288,0.00275932203389831,0.00220677966101695,0.00208135593220339,0.00016271186440678,0.00091864406779661,0.000708474576271186,0.000761016949152542,0.000816949152542373,0.000876271186440678,0.000935593220338983,0.000276271186440678,0,1,0,0,0,0,0,0,1,1,1,1,1,1,1,1,1,1,1,1,1,1,1,1,1,1,1,1,1,1,1,1,1,1,1,1,1,1,1,1,1,1,1,1,1,1,1,1,1,1,1,1,1,1,1,1,1,1,1,1,1,1,1,1,1,1,1,1,1,1,1,1,1,1,1,1,1,1,1,1,0
2026-05-01 07:00:00,148.016469933333,0,0,0,0,0,0,0.0632916666666667,4.44942166666667,21.0940466666667,28.9361733333333,20.9909916666667,16.0545533333333,13.9532033333333,12.7132383333333,12.1776116666667,7.982645,3.48739,1.58496666666667,0.905636666666667,0.63921,0.518611666666667,0.476123333333333,0.458688333333333,0.318933333333333,0.254648333333333,0.193875,0.152795,0.15718,0.137688333333333,0.128363333333333,0.104661666666667,0.109826666666667,0.10586,0.08841,0.0831866666666667,0.094355,0.0792216666666667,0.07074,0.058765,0.0551783333333333,0.0472983333333333,0.0427566666666667,0.03961,0.03156,0.02975,0.0271616666666667,0.0228433333333333,0.025055,0.0195783333333333,0.0265016666666667,0.0220483333333333,0.0196166666666667,0.01854,0.01436,0.01124,0.0117083333333333,0.0133083333333333,0.0100833333333333,0.00914666666666667,0.005355,0.004835,0.00734666666666667,0.00774,0.00589,0.004535,0.00374333333333333,0.00153666666666667,0.00207166666666667,0.00315833333333333,0.00202666666666667,0.00230666666666667,0.000648333333333333,0.00189833333333333,0.00203833333333333,0.00218833333333333,0.00235,0.00251166666666667,0.000738333333333333,0,1,0,0,0,0,0,0,1,1,1,1,1,1,1,1,1,1,1,1,1,1,1,1,1,1,1,1,1,1,1,1,1,1,1,1,1,1,1,1,1,1,1,1,1,1,1,1,1,1,1,1,1,1,1,1,1,1,1,1,1,1,1,1,1,1,1,1,1,1,1,1,1,1,1,1,1,1,1,1,0
2026-05-01 08:00:00,112.755184766667,0,0,0,0,0,0,0.044425,3.27181,15.79804,21.88012,16.1355,12.3209433333333,10.4584266666667,9.38127833333333,8.88171833333333,6.0955,2.55579666666667,1.274655,0.731763333333333,0.51107,0.419365,0.398548333333333,0.411326666666667,0.304415,0.261578333333333,0.194843333333333,0.157465,0.157283333333333,0.1453,0.12978,0.114128333333333,0.103183333333333,0.094755,0.0835,0.077755,0.07859,0.0749366666666667,0.0654116666666667,0.0469033333333333,0.0460433333333333,0.0428016666666667,0.0399433333333333,0.0446283333333333,0.0367833333333333,0.0358416666666667,0.0282483333333333,0.0266033333333333,0.0211883333333333,0.0219933333333333,0.0271766666666667,0.0258766666666667,0.0176083333333333,0.0206683333333333,0.0212766666666667,0.0171733333333333,0.0130216666666667,0.0115816666666667,0.00991833333333333,0.00767666666666667,0.007095,0.00791666666666667,0.00679166666666667,0.003565,0.00373333333333333,0.00445833333333333,0.00269166666666667,0.00352166666666667,0.00328333333333333,0.00256666666666667,0.00215166666666667,0.00310666666666667,0.00280166666666667,0.00189833333333333,0.00203833333333333,0.00218833333333333,0.00235,0.00251166666666667,0.000738333333333333,0,1,0,0,0,0,0,0,1,1,1,1,1,1,1,1,1,1,1,1,1,1,1,1,1,1,1,1,1,1,1,1,1,1,1,1,1,1,1,1,1,1,1,1,1,1,1,1,1,1,1,1,1,1,1,1,1,1,1,1,1,1,1,1,1,1,1,1,1,1,1,1,1,1,1,1,1,1,1,1,0
2026-05-01 09:00:00,117.6612054,0,0,0,0,0,0,0.0573566666666667,3.46339666666667,16.9580766666667,23.5130383333333,17.1736516666667,13.0661316666667,10.9353383333333,9.83812,9.15581166666667,6.12895833333333,2.301495,1.05940833333333,0.657068333333333,0.450853333333333,0.384585,0.362555,0.339326666666667,0.279993333333333,0.21112,0.15921,0.136915,0.119638333333333,0.118326666666667,0.107386666666667,0.0991583333333333,0.096045,0.08455,0.0821666666666667,0.0736733333333333,0.0842216666666667,0.0800683333333333,0.0566266666666667,0.05129,0.0459716666666667,0.0387733333333333,0.03516,0.0352116666666667,0.0256416666666667,0.0335116666666667,0.0284,0.0233383333333333,0.02575,0.0303133333333333,0.0248533333333333,0.023015,0.0172216666666667,0.0161383333333333,0.0143416666666667,0.0159333333333333,0.0135466666666667,0.00903333333333333,0.00753833333333333,0.00910333333333333,0.00588666666666667,0.007585,0.00734333333333333,0.008715,0.00719666666666667,0.00272833333333333,0.00253666666666667,0.00196333333333333,0.000968333333333333,0.00192,0.00390166666666667,0.000573333333333333,0.0019,0.00120333333333333,0.001295,0.00139,0.00148833333333333,0.00158666666666667,0.000471666666666667,0,1,0,0,0,0,0,0,1,1,1,1,1,1,1,1,1,1,1,1,1,1,1,1,1,1,1,1,1,1,1,1,1,1,1,1,1,1,1,1,1,1,1,1,1,1,1,1,1,1,1,1,1,1,1,1,1,1,1,1,1,1,1,1,1,1,1,1,1,1,1,1,1,1,1,1,1,1,1,1,0
2026-05-01 10:00:00,147.343225183333,0,0,0,0,0,0,0.0539033333333333,4.194325,20.774965,29.5085416666667,21.6999116666667,16.5482216666667,13.89902,12.829305,11.9836916666667,7.04998833333333,2.54761333333333,1.23552833333333,0.716608333333333,0.502276666666667,0.420246666666667,0.389526666666667,0.358691666666667,0.278686666666667,0.217008333333333,0.162666666666667,0.148831666666667,0.125436666666667,0.114458333333333,0.106035,0.0963916666666667,0.099245,0.09179,0.0824533333333333,0.0763833333333333,0.0717216666666667,0.071325,0.0593283333333333,0.0601566666666667,0.0474583333333333,0.0457666666666667,0.0424983333333333,0.0380233333333333,0.0285016666666667,0.028675,0.0277683333333333,0.0263833333333333,0.03062,0.0246816666666667,0.0270033333333333,0.016745,0.01882,0.0189166666666667,0.0126366666666667,0.01536,0.0111016666666667,0.01359,0.01229,0.00961,0.00714333333333333,0.00389,0.008395,0.00628666666666667,0.00431166666666667,0.00484166666666667,0.00410166666666667,0.00435166666666667,0.00273333333333333,0.00170333333333333,0.001245,0.000573333333333333,0.00233166666666667,0.001265,0.001365,0.001465,0.00156666666666667,0.00166833333333333,0.000498333333333333,0,1,0,0,0,0,0,0,1,1,1,1,1,1,1,1,1,1,1,1,1,1,1,1,1,1,1,1,1,1,1,1,1,1,1,1,1,1,1,1,1,1,1,1,1,1,1,1,1,1,1,1,1,1,1,1,1,1,1,1,1,1,1,1,1,1,1,1,1,1,1,1,1,1,1,1,1,1,1,1,0
2026-05-01 11:00:00,192.85233105,0,0,0,0,0,0,0.0685583333333333,5.33164333333333,27.3812233333333,38.979445,29.1890966666667,22.4697566666667,19.2062016666667,17.8357416666667,16.9703916666667,7.76535666666667,2.89966666666667,1.409325,0.80457,0.597053333333333,0.498095,0.488791666666667,0.394406666666667,0.279815,0.218296666666667,0.157935,0.152305,0.126345,0.11262,0.119263333333333,0.09319,0.104451666666667,0.091975,0.0769533333333333,0.0744183333333333,0.0730516666666667,0.0677133333333333,0.0593783333333333,0.0469316666666667,0.046765,0.044125,0.0442866666666667,0.03264,0.029345,0.0329366666666667,0.0265716666666667,0.0299083333333333,0.028535,0.02322,0.0186316666666667,0.0198133333333333,0.0133966666666667,0.0137016666666667,0.0156816666666667,0.014425,0.0105666666666667,0.00937833333333333,0.0136983333333333,0.00802,0.00638666666666667,0.00587833333333333,0.00416333333333333,0.00555666666666667,0.00384833333333333,0.00523,0.00361666666666667,0.00393833333333333,0.00326333333333333,0.00345,0.002365,0.00401333333333333,0.00229,0.00133,0.00143333333333333,0.00153833333333333,0.001645,0.00175166666666667,0.000523333333333333,0,1,0,0,0,0,0,0,1,1,1,1,1,1,1,1,1,1,1,1,1,1,1,1,1,1,1,1,1,1,1,1,1,1,1,1,1,1,1,1,1,1,1,1,1,1,1,1,1,1,1,1,1,1,1,1,1,1,1,1,1,1,1,1,1,1,1,1,1,1,1,1,1,1,1,1,1,1,1,1,0
2026-05-01 12:00:00,210.7171791,0,0,0,0,0,0,0.0793866666666667,5.93508166666667,29.8464616666667,42.5090116666667,31.9621683333333,24.4240433333333,21.0912833333333,19.7075716666667,18.9341216666667,7.55764,2.89563,1.39199166666667,0.777346666666667,0.555211666666667,0.499795,0.456871666666667,0.415823333333333,0.286895,0.210228333333333,0.154496666666667,0.12839,0.115446666666667,0.102151666666667,0.114095,0.105726666666667,0.08849,0.0844033333333333,0.080215,0.0758366666666667,0.0782466666666667,0.0658516666666667,0.0619083333333333,0.0570183333333333,0.0488016666666667,0.0360066666666667,0.03221,0.0296216666666667,0.0285366666666667,0.0294033333333333,0.0340083333333333,0.0205616666666667,0.0204766666666667,0.0179933333333333,0.0205816666666667,0.0175916666666667,0.01599,0.0149383333333333,0.0131016666666667,0.0146433333333333,0.00776,0.00929,0.00908,0.00919333333333333,0.00562833333333333,0.00317666666666667,0.00675,0.00600666666666667,0.003925,0.00342,0.00359333333333333,0.00350333333333333,0.00136666666666667,0.001685,0.00266333333333333,0.00106666666666667,0.001495,0.00076,0.000818333333333333,0.000878333333333333,0.00094,0.00100166666666667,0.000298333333333333,0,1,0,0,0,0,0,0,1,1,1,1,1,1,1,1,1,1,1,1,1,1,1,1,1,1,1,1,1,1,1,1,1,1,1,1,1,1,1,1,1,1,1,1,1,1,1,1,1,1,1,1,1,1,1,1,1,1,1,1,1,1,1,1,1,1,1,1,1,1,1,1,1,1,1,1,1,1,1,1,0
2026-05-01 13:00:00,219.845279933333,0,0,0,0,0,0,0.0874316666666667,6.40519833333333,32.2944816666667,45.52291,33.35542,25.3074016666667,21.4894466666667,19.8119083333333,19.1137816666667,7.66128666666667,2.86783666666667,1.43729166666667,0.808861666666667,0.588836666666667,0.493493333333333,0.462843333333333,0.449835,0.2962,0.23447,0.158091666666667,0.145728333333333,0.129441666666667,0.105046666666667,0.114113333333333,0.107336666666667,0.105626666666667,0.0875766666666667,0.0792066666666667,0.078875,0.0671433333333333,0.0705633333333333,0.061655,0.0545283333333333,0.052925,0.038665,0.03913,0.0313066666666667,0.029775,0.0319266666666667,0.0335066666666667,0.0282383333333333,0.0215233333333333,0.0203033333333333,0.0171183333333333,0.0173033333333333,0.019275,0.0142916666666667,0.0131883333333333,0.0125883333333333,0.011395,0.012875,0.0138333333333333,0.00719666666666667,0.00656666666666667,0.00654333333333333,0.00445333333333333,0.00761833333333333,0.00504166666666667,0.00380333333333333,0.00254166666666667,0.001555,0.00317166666666667,0.00238333333333333,0.00391,0.00234833333333333,0.00130666666666667,0.00113833333333333,0.00122333333333333,0.00131333333333333,0.00141,0.00150666666666667,0.000443333333333333,0,1,0,0,0,0,0,0,1,1,1,1,1,1,1,1,1,1,1,1,1,1,1,1,1,1,1,1,1,1,1,1,1,1,1,1,1,1,1,1,1,1,1,1,1,1,1,1,1,1,1,1,1,1,1,1,1,1,1,1,1,1,1,1,1,1,1,1,1,1,1,1,1,1,1,1,1,1,1,1,0
2026-05-01 14:00:00,244.318141216667,0,0,0,0,0,0,0.0930333333333333,7.34047666666667,36.83727,51.512995,37.2190966666667,27.807305,23.6846333333333,21.570735,20.4600783333333,8.01928333333333,3.08132833333333,1.45018833333333,0.863383333333333,0.614706666666667,0.548628333333333,0.505013333333333,0.481703333333333,0.311651666666667,0.235068333333333,0.17505,0.15486,0.140548333333333,0.111056666666667,0.113403333333333,0.0969033333333333,0.097095,0.0882433333333333,0.0790516666666667,0.0814133333333333,0.0730916666666667,0.0717533333333333,0.0661183333333333,0.0608266666666667,0.0463783333333333,0.042365,0.0350233333333333,0.0385583333333333,0.0329283333333333,0.0329916666666667,0.0304933333333333,0.0249966666666667,0.02462,0.0228533333333333,0.022405,0.0211183333333333,0.0171566666666667,0.0179833333333333,0.01481,0.0100366666666667,0.00979166666666667,0.008085,0.00576,0.007895,0.00981,0.0055,0.00302333333333333,0.00664666666666667,0.004695,0.00222666666666667,0.00210833333333333,0.00294,0.00286833333333333,0.00153,0.00285666666666667,0.00148166666666667,0.00125666666666667,0.00126666666666667,0.00136166666666667,0.00146166666666667,0.00156666666666667,0.00167166666666667,0.000495,0,1,0,0,0,0,0,0,1,1,1,1,1,1,1,1,1,1,1,1,1,1,1,1,1,1,1,1,1,1,1,1,1,1,1,1,1,1,1,1,1,1,1,1,1,1,1,1,1,1,1,1,1,1,1,1,1,1,1,1,1,1,1,1,1,1,1,1,1,1,1,1,1,1,1,1,1,1,1,1,0
2026-05-01 15:00:00,263.515729966667,0,0,0,0,0,0,0.0991066666666667,7.89550833333333,38.8720233333333,53.95188,39.0910983333333,29.635415,25.3634266666667,23.915085,22.0508116666667,8.66428833333333,3.718535,1.85445833333333,1.11534166666667,0.8037,0.724431666666667,0.680136666666667,0.61698,0.386818333333333,0.26414,0.195866666666667,0.183013333333333,0.169166666666667,0.143555,0.139678333333333,0.122175,0.122295,0.117351666666667,0.10089,0.104735,0.0971333333333333,0.0929666666666667,0.08244,0.0723966666666667,0.06268,0.0551433333333333,0.03852,0.039455,0.0411683333333333,0.029135,0.028915,0.026295,0.0272183333333333,0.032095,0.0247683333333333,0.020705,0.013395,0.019125,0.013725,0.0172383333333333,0.0151016666666667,0.0140833333333333,0.00647,0.006995,0.00692,0.008485,0.00634166666666667,0.00425666666666667,0.00489,0.00314833333333333,0.00359333333333333,0.00437,0.00299666666666667,0.00087,0.00166166666666667,0.00181333333333333,0.00181,0.00215,0.00230833333333333,0.00248,0.00266333333333333,0.00284833333333333,0.000836666666666667,0,1,0,0,0,0,0,0,1,1,1,1,1,1,1,1,1,1,1,1,1,1,1,1,1,1,1,1,1,1,1,1,1,1,1,1,1,1,1,1,1,1,1,1,1,1,1,1,1,1,1,1,1,1,1,1,1,1,1,1,1,1,1,1,1,1,1,1,1,1,1,1,1,1,1,1,1,1,1,1,0
2026-05-01 16:00:00,254.576858483333,0,0,0,0,0,0,0.09906,7.65847,37.5870816666667,51.2094883333333,36.9686116666667,27.96965,24.4212033333333,23.3146716666667,20.7742183333333,8.72864333333333,4.14024166666667,2.11366666666667,1.32496166666667,0.963876666666667,0.852831666666667,0.84914,0.713118333333333,0.46414,0.340908333333333,0.250205,0.210686666666667,0.188345,0.158411666666667,0.160335,0.149273333333333,0.154595,0.136885,0.129403333333333,0.119061666666667,0.103925,0.105913333333333,0.0956083333333333,0.08823,0.06985,0.0581366666666667,0.0515733333333333,0.0501883333333333,0.0328016666666667,0.0397183333333333,0.0288816666666667,0.0234816666666667,0.024965,0.0253766666666667,0.0246383333333333,0.0208266666666667,0.0134233333333333,0.0159983333333333,0.009585,0.0132566666666667,0.00984,0.00980666666666667,0.00681833333333333,0.00776333333333333,0.00674166666666667,0.00531,0.00388,0.00432,0.00388666666666667,0.00403666666666667,0.00093,0.000978333333333333,0.001235,0.001715,0.00121666666666667,0.0014,0.000513333333333333,0.00076,0.000818333333333333,0.000878333333333333,0.00094,0.00100166666666667,0.000298333333333333,0,1,0,0,0,0,0,0,1,1,1,1,1,1,1,1,1,1,1,1,1,1,1,1,1,1,1,1,1,1,1,1,1,1,1,1,1,1,1,1,1,1,1,1,1,1,1,1,1,1,1,1,1,1,1,1,1,1,1,1,1,1,1,1,1,1,1,1,1,1,1,1,1,1,1,1,1,1,1,1,0
2026-05-01 17:00:00,263.126621766667,0,0,0,0,0,0,0.0830933333333333,6.55442666666667,33.8986033333333,49.6250116666667,38.0429166666667,29.7090983333333,26.941875,26.5032633333333,25.660975,9.51631833333333,4.80662333333333,2.54631833333333,1.54286,1.19705833333333,1.0021,0.990003333333333,0.881453333333333,0.47723,0.354731666666667,0.242915,0.217538333333333,0.20411,0.158276666666667,0.170253333333333,0.149235,0.146363333333333,0.13843,0.121795,0.121438333333333,0.112761666666667,0.0844483333333333,0.0855183333333333,0.075265,0.0534783333333333,0.0420333333333333,0.0315366666666667,0.0321066666666667,0.0261766666666667,0.0255,0.0172683333333333,0.0188016666666667,0.014495,0.014005,0.01222,0.0135416666666667,0.0104616666666667,0.00890166666666667,0.00449,0.00681666666666667,0.00427,0.003985,0.00435833333333333,0.00192,0.002465,0.00341333333333333,0.000323333333333333,0.000526666666666667,0.000808333333333333,0.0000383333333333333,0.000988333333333333,0.00111666666666667,0,0.00147333333333333,0.000193333333333333,0,0.000065,0.00019,0.000205,0.00022,0.000235,0.00025,0.000075,0,1,0,0,0,0,0,0,1,1,1,1,1,1,1,1,1,1,1,1,1,1,1,1,1,1,1,1,1,1,1,1,1,1,1,1,1,1,1,1,1,1,1,1,1,1,1,1,1,1,1,1,1,1,1,1,1,1,1,1,1,1,1,1,1,1,1,1,1,1,1,1,1,1,1,1,1,1,1,1,0
2026-05-01 18:00:00,254.832332816667,0,0,0,0,0,0,0.0921216666666667,7.33160333333333,35.2335733333333,48.6609,36.56317,28.0615783333333,25.2549266666667,23.897855,23.7394433333333,9.89568666666667,4.92518,2.615835,1.639555,1.233515,1.057095,0.971223333333333,0.89588,0.514175,0.386911666666667,0.28496,0.217163333333333,0.220635,0.193623333333333,0.197593333333333,0.177095,0.151406666666667,0.152965,0.145346666666667,0.122095,0.12726,0.106578333333333,0.092005,0.0761383333333333,0.0576,0.0468633333333333,0.041275,0.0324966666666667,0.029685,0.0264083333333333,0.0248216666666667,0.0227416666666667,0.02019,0.0148766666666667,0.0132083333333333,0.0153333333333333,0.00881666666666667,0.00599666666666667,0.00728333333333333,0.00452833333333333,0.00185666666666667,0.00481666666666667,0.00272166666666667,0.00371166666666667,0.00281666666666667,0.00147,0.00108666666666667,0,0.00207833333333333,0.000883333333333333,0.000421666666666667,0.00042,0,0.000833333333333333,0.000415,0,0.0000866666666666667,0.000253333333333333,0.000273333333333333,0.000293333333333333,0.000313333333333333,0.000333333333333333,0.0001,0,1,0,0,0,0,0,0,1,1,1,1,1,1,1,1,1,1,1,1,1,1,1,1,1,1,1,1,1,1,1,1,1,1,1,1,1,1,1,1,1,1,1,1,1,1,1,1,1,1,1,1,1,1,1,1,1,1,1,1,1,1,1,1,1,1,1,1,1,1,1,1,1,1,1,1,1,1,1,1,0
2026-05-01 19:00:00,258.556140866667,0,0,0,0,0,0,0.09414,7.51451,36.108235,49.7332566666667,37.1448633333333,28.6146233333333,25.2393966666667,23.6860983333333,23.6581216666667,9.80879,4.749995,2.50874166666667,1.55849833333333,1.17749166666667,0.955713333333333,0.895561666666667,0.8267,0.451391666666667,0.339005,0.249305,0.191891666666667,0.18181,0.144446666666667,0.150445,0.1242,0.107436666666667,0.114926666666667,0.0902333333333333,0.09603,0.0818033333333333,0.0734616666666667,0.0676733333333333,0.05018,0.0380616666666667,0.0332716666666667,0.0245566666666667,0.02231,0.0174933333333333,0.0190816666666667,0.0172316666666667,0.0136566666666667,0.0112533333333333,0.00958,0.007035,0.008445,0.00752,0.00760833333333333,0.00485166666666667,0.00557333333333333,0.00333,0.00238,0.00169333333333333,0.00199833333333333,0.00110833333333333,0.00317666666666667,0.00236166666666667,0.00201,0.000115,0,0.000421666666666667,0.000288333333333333,0.000948333333333333,0.000435,0,0.000413333333333333,0.0000216666666666667,0.0000633333333333333,0.0000683333333333333,0.0000733333333333333,0.0000783333333333333,0.0000833333333333333,0.000025,0,1,0,0,0,0,0,0,1,1,1,1,1,1,1,1,1,1,1,1,1,1,1,1,1,1,1,1,1,1,1,1,1,1,1,1,1,1,1,1,1,1,1,1,1,1,1,1,1,1,1,1,1,1,1,1,1,1,1,1,1,1,1,1,1,1,1,1,1,1,1,1,1,1,1,1,1,1,1,1,0
2026-05-01 20:00:00,316.02449995,0,0,0,0,0,0,0.111336666666667,8.728515,41.8791133333333,59.113715,45.4726833333333,35.4326666666667,31.7500666666667,29.9686266666667,30.5667766666667,13.1276483333333,6.254795,3.36178833333333,2.01863333333333,1.51922666666667,1.33575833333333,1.27088,1.13909833333333,0.680263333333333,0.4587,0.322163333333333,0.269365,0.217146666666667,0.16845,0.161075,0.13587,0.124095,0.10938,0.097985,0.08488,0.0726633333333333,0.0672116666666667,0.0579466666666667,0.045845,0.0366616666666667,0.0290183333333333,0.0269883333333333,0.02042,0.014285,0.018925,0.0130183333333333,0.0129316666666667,0.01444,0.0103916666666667,0.00843166666666667,0.00758,0.0108016666666667,0.00429166666666667,0.003645,0.00257166666666667,0.00271333333333333,0.00177666666666667,0.00226833333333333,0.00314,0.002215,0.00189666666666667,0.000661666666666667,0.000425,0.000808333333333333,0.00123,0.00078,0.000846666666666667,0.000131666666666667,0,0,0,0.0000216666666666667,0.0000633333333333333,0.0000683333333333333,0.0000733333333333333,0.0000783333333333333,0.0000833333333333333,0.000025,0,1,0,0,0,0,0,0,1,1,1,1,1,1,1,1,1,1,1,1,1,1,1,1,1,1,1,1,1,1,1,1,1,1,1,1,1,1,1,1,1,1,1,1,1,1,1,1,1,1,1,1,1,1,1,1,1,1,1,1,1,1,1,1,1,1,1,1,1,1,1,1,1,1,1,1,1,1,1,1,0
2026-05-01 21:00:00,477.876535033333,0,0,0,0,0,0,0.139535,11.1184533333333,55.6638116666667,81.9863833333333,65.9605016666667,53.32269,48.8916816666667,46.8790083333333,47.55751,24.63127,12.2170833333333,7.3033,4.747605,3.65882166666667,2.95668666666667,2.67948166666667,2.37899666666667,1.51336166666667,1.08551833333333,0.82058,0.649798333333333,0.530395,0.41696,0.352013333333333,0.284343333333333,0.238816666666667,0.19984,0.17326,0.138335,0.114291666666667,0.10007,0.0781833333333333,0.0693983333333333,0.0372166666666667,0.042655,0.0339716666666667,0.0252683333333333,0.02309,0.0180633333333333,0.01598,0.0172883333333333,0.0145133333333333,0.0152116666666667,0.012065,0.00745833333333333,0.00836333333333333,0.005975,0.005575,0.00271333333333333,0.00486666666666667,0.00404166666666667,0.00301166666666667,0.00119666666666667,0.001105,0.000806666666666667,0.00122166666666667,0.000526666666666667,0.00123166666666667,0.0000383333333333333,0.000421666666666667,0.000288333333333333,0.000131666666666667,0.000223333333333333,0.000193333333333333,0,0.000433333333333333,0.0000633333333333333,0.0000683333333333333,0.0000733333333333333,0.0000783333333333333,0.0000833333333333333,0.000025,0,1,0,0,0,0,0,0,1,1,1,1,1,1,1,1,1,1,1,1,1,1,1,1,1,1,1,1,1,1,1,1,1,1,1,1,1,1,1,1,1,1,1,1,1,1,1,1,1,1,1,1,1,1,1,1,1,1,1,1,1,1,1,1,1,1,1,1,1,1,1,1,1,1,1,1,1,1,1,1,0
2026-05-01 22:00:00,467.442476416667,0,0,0,0,0,0,0.129705,10.76054,53.150405,79.4810966666667,64.9255066666667,52.7966083333333,48.739645,46.6465833333333,47.546675,24.13662,12.0594133333333,7.15324833333333,4.60475666666667,3.48822833333333,2.83863,2.61509833333333,2.36577166666667,1.508445,1.09646,0.803051666666667,0.618463333333333,0.534435,0.42184,0.338945,0.256548333333333,0.240098333333333,0.184585,0.164131666666667,0.121633333333333,0.114656666666667,0.0837233333333333,0.070985,0.05855,0.0430433333333333,0.0317333333333333,0.02179,0.02397,0.0159733333333333,0.0115516666666667,0.0160266666666667,0.0110366666666667,0.010055,0.013555,0.00666666666666667,0.008875,0.00417,0.00632333333333333,0.00390666666666667,0.00611166666666667,0.00357166666666667,0.00229333333333333,0.00148666666666667,0.00194333333333333,0.00110666666666667,0.00256,0,0.000425,0.000808333333333333,0.001575,0.000433333333333333,0.000558333333333333,0,0.000416666666666667,0,0,0.000433333333333333,0.0000633333333333333,0.0000683333333333333,0.0000733333333333333,0.0000783333333333333,0.0000833333333333333,0.000025,0,1,0,0,0,0,0,0,1,1,1,1,1,1,1,1,1,1,1,1,1,1,1,1,1,1,1,1,1,1,1,1,1,1,1,1,1,1,1,1,1,1,1,1,1,1,1,1,1,1,1,1,1,1,1,1,1,1,1,1,1,1,1,1,1,1,1,1,1,1,1,1,1,1,1,1,1,1,1,1,0
2026-05-01 23:00:00,334.294802866667,0,0,0,0,0,0,0.092475,7.47526666666667,37.5217983333333,56.4894383333333,46.539755,38.2524883333333,35.7798116666667,34.9317133333333,36.7864916666667,15.9336916666667,7.53820333333333,4.11361666666667,2.55909833333333,1.91446,1.64872166666667,1.47136666666667,1.35800333333333,0.783123333333333,0.562188333333333,0.372828333333333,0.313378333333333,0.258753333333333,0.206913333333333,0.181313333333333,0.155733333333333,0.109885,0.09952,0.0999466666666667,0.0778566666666667,0.0558633333333333,0.0553516666666667,0.0370916666666667,0.0286566666666667,0.0197483333333333,0.01491,0.0159533333333333,0.01403,0.006505,0.0117283333333333,0.01072,0.00808333333333333,0.00658,0.00458,0.00333333333333333,0.00555333333333333,0.00424,0.00396666666666667,0.00121333333333333,0.00280833333333333,0.00278666666666667,0.000773333333333333,0.00212,0.00114166666666667,0.00153333333333333,0,0.000748333333333333,0.000101666666666667,0.000808333333333333,0.00046,0,0,0,0.000416666666666667,0.000173333333333333,0.00024,0.0000433333333333333,0.000126666666666667,0.000136666666666667,0.000146666666666667,0.000156666666666667,0.000166666666666667,0.00005,0,1,0,0,0,0,0,0,1,1,1,1,1,1,1,1,1,1,1,1,1,1,1,1,1,1,1,1,1,1,1,1,1,1,1,1,1,1,1,1,1,1,1,1,1,1,1,1,1,1,1,1,1,1,1,1,1,1,1,1,1,1,1,1,1,1,1,1,1,1,1,1,1,1,1,1,1,1,1,1,0
2026-05-02,276.227411816667,0,0,0,0,0,0,0.06699,6.14890833333333,32.14257,49.6110216666667,40.698795,32.8972866666667,30.0386,28.6179083333333,29.12213,11.0180616666667,4.52251333333333,2.435745,1.430565,1.07187666666667,1.00147333333333,0.955231666666667,0.912288333333333,0.545696666666667,0.423205,0.303868333333333,0.299611666666667,0.249238333333333,0.23463,0.208936666666667,0.209371666666667,0.176008333333333,0.168193333333333,0.146138333333333,0.124255,0.115588333333333,0.0903766666666667,0.0814883333333333,0.0563833333333333,0.0394183333333333,0.0293333333333333,0.01882,0.0187033333333333,0.0123283333333333,0.0129216666666667,0.0107666666666667,0.00932666666666667,0.0104,0.0084,0.007135,0.00390166666666667,0.00291666666666667,0.00410666666666667,0.00217333333333333,0.00231666666666667,0.000563333333333333,0.00100333333333333,0.000631666666666667,0.00126166666666667,0.000503333333333333,0.000853333333333333,0.00085,0,0.000385,0.000385,0.000075,0,0.000836666666666667,0,0,0,0.0000433333333333333,0.000126666666666667,0.000136666666666667,0.000146666666666667,0.000156666666666667,0.000166666666666667,0.00005,0,1,0,0,0,0,0,0,1,1,1,1,1,1,1,1,1,1,1,1,1,1,1,1,1,1,1,1,1,1,1,1,1,1,1,1,1,1,1,1,1,1,1,1,1,1,1,1,1,1,1,1,1,1,1,1,1,1,1,1,1,1,1,1,1,1,1,1,1,1,1,1,1,1,1,1,1,1,1,1,0
2026-05-02 01:00:00,301.80390165,0,0,0,0,0,0,0.0792933333333333,6.45736833333333,33.6863366666667,52.7069483333333,44.2839783333333,36.0487116666667,33.0174233333333,31.38976,32.41331,13.0098633333333,5.22833,2.78239333333333,1.67373,1.24634833333333,1.08384166666667,0.999395,0.998443333333333,0.57723,0.463296666666667,0.29852,0.256931666666667,0.25994,0.230716666666667,0.226393333333333,0.190781666666667,0.175125,0.161136666666667,0.139118333333333,0.126045,0.103115,0.0843083333333333,0.0639266666666667,0.0495083333333333,0.0366483333333333,0.0258416666666667,0.0223133333333333,0.010965,0.0107016666666667,0.0132783333333333,0.0135683333333333,0.0100466666666667,0.0100416666666667,0.005375,0.004105,0.00431666666666667,0.004555,0.00398,0.00223666666666667,0.00116333333333333,0.00225833333333333,0.001835,0.000688333333333333,0.00103166666666667,0.00068,0,0.000323333333333333,0.000526666666666667,0.000808333333333333,0.0000383333333333333,0.000421666666666667,0,0.000398333333333333,0.0000183333333333333,0,0,0,0,0,0,0,0,0,0,1,0,0,0,0,0,0,1,1,1,1,1,1,1,1,1,1,1,1,1,1,1,1,1,1,1,1,1,1,1,1,1,1,1,1,1,1,1,1,1,1,1,1,1,1,1,1,1,1,1,1,1,1,1,1,1,1,1,1,1,1,1,1,1,1,1,1,1,1,1,1,1,1,1,1,1,1,1,1,0
2026-05-02 02:00:00,371.8046824,0,0,0,0,0,0,0.0851116666666667,7.56393,40.32279,63.450025,53.99003,44.634335,41.2602416666667,39.2509916666667,40.660405,16.9824583333333,7.31634833333333,4.08197666666667,2.4497,1.78249333333333,1.50698333333333,1.395505,1.30349333333333,0.798216666666667,0.58777,0.42665,0.375173333333333,0.309618333333333,0.287606666666667,0.244445,0.217496666666667,0.180425,0.166106666666667,0.148801666666667,0.119215,0.10524,0.0896866666666667,0.0725483333333333,0.05779,0.0366666666666667,0.03402,0.0200766666666667,0.0192333333333333,0.0168433333333333,0.0160816666666667,0.0172066666666667,0.0072,0.007015,0.00802333333333333,0.006785,0.003905,0.00585666666666667,0.00446833333333333,0.00310666666666667,0.00237,0.00309,0.002035,0.002065,0.000593333333333333,0.000426666666666667,0.000616666666666667,0.00056,0.000101666666666667,0.001655,0.00046,0.000421666666666667,0.00042,0,0,0,0,0.0000216666666666667,0.0000633333333333333,0.0000683333333333333,0.0000733333333333333,0.0000783333333333333,0.0000833333333333333,0.000025,0,1,0,0,0,0,0,0,1,1,1,1,1,1,1,1,1,1,1,1,1,1,1,1,1,1,1,1,1,1,1,1,1,1,1,1,1,1,1,1,1,1,1,1,1,1,1,1,1,1,1,1,1,1,1,1,1,1,1,1,1,1,1,1,1,1,1,1,1,1,1,1,1,1,1,1,1,1,1,1,0
2026-05-02 03:00:00,347.2275386,0,0,0,0,0,0,0.075815,6.93143166666667,37.5016916666667,59.89372,51.1357633333333,42.30498,38.8460583333333,36.8963283333333,38.0384366666667,15.577875,5.920515,3.21650166666667,1.84183,1.41329666666667,1.19765666666667,1.08406333333333,1.09814166666667,0.65625,0.52228,0.370696666666667,0.324238333333333,0.296076666666667,0.287223333333333,0.255861666666667,0.239606666666667,0.201593333333333,0.181971666666667,0.166386666666667,0.139751666666667,0.118041666666667,0.110115,0.0863866666666667,0.0496533333333333,0.0348816666666667,0.0282433333333333,0.0256833333333333,0.0244083333333333,0.0186316666666667,0.012665,0.0121166666666667,0.00931166666666667,0.00833666666666667,0.00687333333333333,0.00735833333333333,0.00586333333333333,0.00294166666666667,0.00338333333333333,0.00317,0.00197333333333333,0.000991666666666667,0.000573333333333333,0.00192166666666667,0.000483333333333333,0.00128166666666667,0.00128,0.000425,0.001275,0,0.000423333333333333,0,0.00042,0,0,0,0,0.0000216666666666667,0.0000633333333333333,0.0000683333333333333,0.0000733333333333333,0.0000783333333333333,0.0000833333333333333,0.000025,0,1,0,0,0,0,0,0,1,1,1,1,1,1,1,1,1,1,1,1,1,1,1,1,1,1,1,1,1,1,1,1,1,1,1,1,1,1,1,1,1,1,1,1,1,1,1,1,1,1,1,1,1,1,1,1,1,1,1,1,1,1,1,1,1,1,1,1,1,1,1,1,1,1,1,1,1,1,1,1,0
2026-05-02 04:00:00,321.035784433333,0,0,0,0,0,0,0.06861,6.49675,35.198645,56.764555,48.43624,39.8022633333333,36.497025,33.9072033333333,34.4848833333333,13.7020983333333,4.52745833333333,2.37638666666667,1.38485333333333,1.0185,0.884988333333333,0.841208333333333,0.83445,0.58005,0.407561666666667,0.320021666666667,0.293631666666667,0.302713333333333,0.253751666666667,0.250461666666667,0.23854,0.218515,0.20327,0.16959,0.149513333333333,0.119408333333333,0.109106666666667,0.0760833333333333,0.056235,0.03816,0.0353283333333333,0.0233183333333333,0.0253133333333333,0.0197283333333333,0.0200516666666667,0.0103833333333333,0.014255,0.00950833333333333,0.00787166666666667,0.00593333333333333,0.00421,0.00332666666666667,0.005205,0.00248333333333333,0.00265833333333333,0.00191,0.002065,0.00197833333333333,0.000595,0.000426666666666667,0.00128,0.000425,0.00085,0.000846666666666667,0,0.000283333333333333,0.000138333333333333,0,0.000416666666666667,0,0,0.0000216666666666667,0.0000633333333333333,0.0000683333333333333,0.0000733333333333333,0.0000783333333333333,0.0000833333333333333,0.000025,0,1,0,0,0,0,0,0,1,1,1,1,1,1,1,1,1,1,1,1,1,1,1,1,1,1,1,1,1,1,1,1,1,1,1,1,1,1,1,1,1,1,1,1,1,1,1,1,1,1,1,1,1,1,1,1,1,1,1,1,1,1,1,1,1,1,1,1,1,1,1,1,1,1,1,1,1,1,1,1,0
2026-05-02 05:00:00,311.702325866667,0,0,0,0,0,0,0.0752583333333333,6.09597333333333,33.2730266666667,54.0470683333333,46.7237816666667,38.5681333333333,35.3587683333333,33.3931083333333,34.5086066666667,14.1434983333333,4.185915,2.04325166666667,1.18694833333333,0.889021666666667,0.726946666666667,0.67374,0.757106666666667,0.477318333333333,0.381035,0.269955,0.2577,0.281158333333333,0.245971666666667,0.2249,0.229671666666667,0.193915,0.189196666666667,0.174966666666667,0.143251666666667,0.117708333333333,0.101753333333333,0.072465,0.0499833333333333,0.0334966666666667,0.03842,0.0284833333333333,0.02101,0.01923,0.0154616666666667,0.01377,0.01345,0.01229,0.00873,0.00536666666666667,0.00623166666666667,0.00506,0.00266,0.00198166666666667,0.00271333333333333,0.000511666666666667,0.00100333333333333,0.001115,0.00214166666666667,0.00128166666666667,0.000853333333333333,0,0,0.000846666666666667,0.000423333333333333,0,0.0021,0.000398333333333333,0.0000183333333333333,0,0.000413333333333333,0,0,0,0,0,0,0,0,1,0,0,0,0,0,0,1,1,1,1,1,1,1,1,1,1,1,1,1,1,1,1,1,1,1,1,1,1,1,1,1,1,1,1,1,1,1,1,1,1,1,1,1,1,1,1,1,1,1,1,1,1,1,1,1,1,1,1,1,1,1,1,1,1,1,1,1,1,1,1,1,1,1,1,1,1,1,1,0
2026-05-02 06:00:00,304.255422016667,0,0,0,0,0,0,0.0608766666666667,6.03995833333333,32.7779516666667,52.9257916666667,45.7664733333333,37.9765516666667,34.8161616666667,32.8921,33.7806766666667,12.6019033333333,3.87702,1.86574333333333,1.05560333333333,0.773736666666667,0.678435,0.618703333333333,0.682196666666667,0.444595,0.387056666666667,0.285911666666667,0.268671666666667,0.26754,0.23178,0.227918333333333,0.226493333333333,0.180488333333333,0.177205,0.152538333333333,0.119426666666667,0.11851,0.102066666666667,0.0767,0.0612633333333333,0.0393433333333333,0.03188,0.0251866666666667,0.0224533333333333,0.0159966666666667,0.018,0.015615,0.0104033333333333,0.00947666666666667,0.00973,0.0121366666666667,0.00625,0.00296333333333333,0.00324333333333333,0.00217333333333333,0.00274666666666667,0.002255,0.00197666666666667,0.00312333333333333,0.000911666666666667,0.00128166666666667,0.000853333333333333,0.000323333333333333,0.00168666666666667,0.000538333333333333,0.000421666666666667,0.000843333333333333,0.000288333333333333,0.00138666666666667,0,0.000415,0,0,0,0,0,0,0,0,0,1,0,0,0,0,0,0,1,1,1,1,1,1,1,1,1,1,1,1,1,1,1,1,1,1,1,1,1,1,1,1,1,1,1,1,1,1,1,1,1,1,1,1,1,1,1,1,1,1,1,1,1,1,1,1,1,1,1,1,1,1,1,1,1,1,1,1,1,1,1,1,1,1,1,1,1,1,1,1,0
2026-05-02 07:00:00,278.587274233333,0,0,0,0,0,0,0.072705,6.14,32.5830233333333,51.320595,43.2393433333333,35.2268466666667,32.2249433333333,29.8366483333333,27.953265,8.56626,3.02069,1.43926833333333,0.872073333333333,0.644498333333333,0.56651,0.546173333333333,0.566158333333333,0.380593333333333,0.325088333333333,0.268731666666667,0.250951666666667,0.294061666666667,0.272023333333333,0.232091666666667,0.22909,0.200096666666667,0.192516666666667,0.161253333333333,0.158593333333333,0.155395,0.124086666666667,0.0935816666666667,0.0664816666666667,0.0530883333333333,0.038765,0.0324683333333333,0.026535,0.0189916666666667,0.0200983333333333,0.0118066666666667,0.0134466666666667,0.00891333333333333,0.01026,0.006055,0.00988833333333333,0.00416833333333333,0.004925,0.006225,0.001825,0.002665,0.002925,0.000858333333333333,0.000428333333333333,0.00128333333333333,0.000426666666666667,0.00159833333333333,0.000951666666666667,0.000423333333333333,0.000423333333333333,0,0.00084,0.000418333333333333,0.000416666666666667,0.000415,0,0.0000433333333333333,0.000126666666666667,0.000136666666666667,0.000146666666666667,0.000156666666666667,0.000166666666666667,0.00005,0,1,0,0,0,0,0,0,1,1,1,1,1,1,1,1,1,1,1,1,1,1,1,1,1,1,1,1,1,1,1,1,1,1,1,1,1,1,1,1,1,1,1,1,1,1,1,1,1,1,1,1,1,1,1,1,1,1,1,1,1,1,1,1,1,1,1,1,1,1,1,1,1,1,1,1,1,1,1,1,0
2026-05-02 08:00:00,251.375748966667,0,0,0,0,0,0,0.0706616666666667,6.3822,32.5662683333333,49.5751433333333,40.39296,32.2601883333333,28.2807083333333,25.972835,21.4812966666667,5.30192,2.15451,1.07917666666667,0.641581666666667,0.56014,0.49566,0.544786666666667,0.546105,0.387081666666667,0.333848333333333,0.28403,0.258246666666667,0.279703333333333,0.256678333333333,0.264711666666667,0.2385,0.226261666666667,0.196225,0.193101666666667,0.16695,0.152385,0.132296666666667,0.11138,0.0821416666666667,0.0619016666666667,0.0442316666666667,0.0332316666666667,0.03217,0.0195483333333333,0.0197716666666667,0.0230983333333333,0.0204583333333333,0.0137333333333333,0.0140116666666667,0.01088,0.00930666666666667,0.00462666666666667,0.00865,0.00256,0.00332833333333333,0.003245,0.00212166666666667,0.00209,0.00194333333333333,0.00110833333333333,0.00147,0.000661666666666667,0.000425,0.00169333333333333,0.000845,0,0.00084,0,0,0,0,0.0000216666666666667,0.0000633333333333333,0.0000683333333333333,0.0000733333333333333,0.0000783333333333333,0.0000833333333333333,0.000025,0,1,0,0,0,0,0,0,1,1,1,1,1,1,1,1,1,1,1,1,1,1,1,1,1,1,1,1,1,1,1,1,1,1,1,1,1,1,1,1,1,1,1,1,1,1,1,1,1,1,1,1,1,1,1,1,1,1,1,1,1,1,1,1,1,1,1,1,1,1,1,1,1,1,1,1,1,1,1,1,0
2026-05-02 09:00:00,221.419575,0,0,0,0,0,0,0.061245,5.4535,29.6573633333333,46.4597133333333,36.8241233333333,28.4203316666667,24.0922866666667,21.6434683333333,16.0730016666667,3.65484,1.67128833333333,0.78642,0.511283333333333,0.479251666666667,0.414906666666667,0.461515,0.444675,0.348303333333333,0.303753333333333,0.238103333333333,0.264248333333333,0.264015,0.23713,0.261568333333333,0.228728333333333,0.217411666666667,0.196636666666667,0.19308,0.186163333333333,0.172971666666667,0.141818333333333,0.124791666666667,0.0997833333333333,0.0667683333333333,0.045755,0.0344933333333333,0.0250416666666667,0.0243383333333333,0.0221866666666667,0.019415,0.0119783333333333,0.0108366666666667,0.01388,0.007195,0.00881166666666667,0.00672333333333333,0.004295,0.00531,0.00411,0.00416166666666667,0.00240833333333333,0.00223333333333333,0.000428333333333333,0.00128333333333333,0.00019,0.00108833333333333,0.000425,0,0.001615,0.00078,0.000138333333333333,0,0.000223333333333333,0.000608333333333333,0,0.000065,0.00019,0.000205,0.00022,0.000235,0.00025,0.000075,0,1,0,0,0,0,0,0,1,1,1,1,1,1,1,1,1,1,1,1,1,1,1,1,1,1,1,1,1,1,1,1,1,1,1,1,1,1,1,1,1,1,1,1,1,1,1,1,1,1,1,1,1,1,1,1,1,1,1,1,1,1,1,1,1,1,1,1,1,1,1,1,1,1,1,1,1,1,1,1,0
2026-05-02 10:00:00,249.074905633333,0,0,0,0,0,0,0.0628216666666667,5.61425666666667,31.27101,50.6248533333333,41.5016116666667,32.8629583333333,28.2382866666667,26.2508466666667,18.3593933333333,4.09060166666667,1.87002833333333,0.911935,0.56072,0.522801666666667,0.483373333333333,0.567405,0.501518333333333,0.362263333333333,0.322278333333333,0.262733333333333,0.258501666666667,0.286176666666667,0.24288,0.304661666666667,0.24324,0.253658333333333,0.207453333333333,0.20731,0.197358333333333,0.177995,0.151191666666667,0.129281666666667,0.09334,0.07118,0.060055,0.0405616666666667,0.034735,0.0281733333333333,0.0227066666666667,0.0218833333333333,0.0159816666666667,0.0143666666666667,0.0126033333333333,0.011365,0.00824666666666667,0.0116183333333333,0.00479666666666667,0.00548666666666667,0.005125,0.00429666666666667,0.00246666666666667,0.00043,0.00188833333333333,0.00110666666666667,0.000996666666666667,0.001135,0.000425,0.00127,0.000421666666666667,0.000421666666666667,0.00112833333333333,0.00053,0.000851666666666667,0,0.000413333333333333,0.00013,0.00038,0.00041,0.00044,0.00047,0.0005,0.00015,0,1,0,0,0,0,0,0,1,1,1,1,1,1,1,1,1,1,1,1,1,1,1,1,1,1,1,1,1,1,1,1,1,1,1,1,1,1,1,1,1,1,1,1,1,1,1,1,1,1,1,1,1,1,1,1,1,1,1,1,1,1,1,1,1,1,1,1,1,1,1,1,1,1,1,1,1,1,1,1,0
2026-05-02 11:00:00,252.959839428571,0,0,0,0,0,0,0.0649964285714286,5.51468571428571,30.9333767857143,50.3346089285714,42.2110660714286,34.1657839285714,29.6213,27.9007607142857,19.8452803571429,4.52525178571429,2.01917321428571,0.979523214285714,0.596703571428571,0.508785714285714,0.457657142857143,0.537108928571429,0.497851785714286,0.348814285714286,0.289903571428571,0.2536625,0.246948214285714,0.281851785714286,0.234783928571429,0.259155357142857,0.2172,0.239182142857143,0.189767857142857,0.183782142857143,0.179419642857143,0.167955357142857,0.134610714285714,0.115483928571429,0.0779232142857143,0.0705535714285714,0.0433946428571429,0.0334785714285714,0.028725,0.0273017857142857,0.0203857142857143,0.0191517857142857,0.0185089285714286,0.0132821428571429,0.00785892857142857,0.0111946428571429,0.00619107142857143,0.0031,0.0036,0.00402857142857143,0.00294464285714286,0.0042875,0.00310178571428571,0.00285,0.00183571428571429,0.001375,0.00294642857142857,0.00151071428571429,0.00143392857142857,0.00222678571428571,0.0018125,0.0000803571428571429,0,0.000448214285714286,0.000239285714285714,0.000651785714285714,0,0.0000232142857142857,0.0000678571428571429,0.0000732142857142857,0.0000785714285714286,0.0000839285714285714,0.0000892857142857143,0.0000267857142857143,0,1,0,0,0,0,0,0,1,1,1,1,1,1,1,1,1,1,1,1,1,1,1,1,1,1,1,1,1,1,1,1,1,1,1,1,1,1,1,1,1,1,1,1,1,1,1,1,1,1,1,1,1,1,1,1,1,1,1,1,1,1,1,1,1,1,1,1,1,1,1,1,1,1,1,1,1,1,1,1,0
2026-05-02 12:00:00,244.226569333333,0,0,0,0,0,0,0.06235,5.64858333333333,30.9577666666667,49.7302933333333,40.8987783333333,32.45909,27.6944733333333,25.678895,18.208465,4.35923166666667,1.998665,0.96398,0.637835,0.494136666666667,0.459336666666667,0.509526666666667,0.47851,0.38148,0.297876666666667,0.242346666666667,0.234273333333333,0.259448333333333,0.220985,0.260151666666667,0.192475,0.232526666666667,0.170668333333333,0.181318333333333,0.157896666666667,0.151553333333333,0.131731666666667,0.098275,0.0831083333333333,0.0591433333333333,0.043885,0.0367983333333333,0.0283733333333333,0.0150116666666667,0.022,0.0200733333333333,0.0172583333333333,0.013975,0.013205,0.00460333333333333,0.003405,0.00166333333333333,0.004585,0.00391833333333333,0.001795,0.002255,0.00163333333333333,0.00266333333333333,0.000175,0.00196,0.00256,0.00202333333333333,0.000526666666666667,0.00123166666666667,0.000731666666666667,0.000433333333333333,0.000138333333333333,0,0.000863333333333333,0.000801666666666667,0,0.00101833333333333,0.00057,0.000615,0.00066,0.000705,0.00075,0.000225,0,1,0,0,0,0,0,0,1,1,1,1,1,1,1,1,1,1,1,1,1,1,1,1,1,1,1,1,1,1,1,1,1,1,1,1,1,1,1,1,1,1,1,1,1,1,1,1,1,1,1,1,1,1,1,1,1,1,1,1,1,1,1,1,1,1,1,1,1,1,1,1,1,1,1,1,1,1,1,1,0
2026-05-02 13:00:00,207.4341365,0,0,0,0,0,0,0.0539433333333333,5.17583333333333,28.2232,44.241205,35.016625,26.5260666666667,21.918565,19.468725,13.771465,4.004525,1.69341666666667,0.827206666666667,0.573148333333333,0.44271,0.43446,0.456746666666667,0.444351666666667,0.326576666666667,0.272661666666667,0.22058,0.224075,0.239316666666667,0.18198,0.244656666666667,0.194655,0.219193333333333,0.15716,0.167183333333333,0.153676666666667,0.132506666666667,0.111651666666667,0.0882316666666667,0.0719033333333333,0.0516516666666667,0.0412516666666667,0.0302233333333333,0.0277883333333333,0.0206383333333333,0.0205366666666667,0.014115,0.0133866666666667,0.0117966666666667,0.0113566666666667,0.00570166666666667,0.00544666666666667,0.0059,0.00533166666666667,0.00283333333333333,0.00368833333333333,0.00259833333333333,0.00240833333333333,0.002495,0.00145,0,0.00256,0,0.000386666666666667,0.0000383333333333333,0.000346666666666667,0.000496666666666667,0.00084,0.000418333333333333,0,0.000415,0.00016,0.00114166666666667,0.00019,0.000205,0.00022,0.000235,0.00025,0.000075,0,1,0,0,0,0,0,0,1,1,1,1,1,1,1,1,1,1,1,1,1,1,1,1,1,1,1,1,1,1,1,1,1,1,1,1,1,1,1,1,1,1,1,1,1,1,1,1,1,1,1,1,1,1,1,1,1,1,1,1,1,1,1,1,1,1,1,1,1,1,1,1,1,1,1,1,1,1,1,1,0
2026-05-02 14:00:00,207.650308403509,0,0,0,0,0,0,0.0575929824561403,5.22384035087719,28.1094438596491,44.7363631578947,35.3285333333333,26.9545877192982,22.2238368421053,19.9234105263158,13.6560929824561,4.03410526315789,1.65443333333333,0.846336842105263,0.531549122807017,0.438542105263158,0.406054385964912,0.490384210526316,0.429282456140351,0.350040350877193,0.285726315789474,0.208243859649123,0.239063157894737,0.236191228070175,0.197857894736842,0.231322807017544,0.192247368421053,0.203731578947368,0.176266666666667,0.158389473684211,0.150989473684211,0.136933333333333,0.120257894736842,0.113270175438596,0.0919859649122807,0.0637017543859649,0.0466438596491228,0.0322982456140351,0.0305508771929825,0.0284649122807018,0.0172333333333333,0.0105052631578947,0.0154578947368421,0.014359649122807,0.0123298245614035,0.00679824561403509,0.00550175438596491,0.0052280701754386,0.00356140350877193,0.00314210526315789,0.00291052631578947,0.000935087719298246,0.00277543859649123,0.00295614035087719,0.00210350877192982,0.00206491228070175,0.00224561403508772,0.00123508771929825,0.00144912280701754,0.000445614035087719,0.00169824561403509,0.0000789473684210526,0.00193333333333333,0.00027719298245614,0.00043859649122807,0.000619298245614035,0.000252631578947368,0.0000684210526315789,0.0002,0.000215789473684211,0.000231578947368421,0.000247368421052632,0.000263157894736842,0.0000789473684210526,0,1,0,0,0,0,0,0,1,1,1,1,1,1,1,1,1,1,1,1,1,1,1,1,1,1,1,1,1,1,1,1,1,1,1,1,1,1,1,1,1,1,1,1,1,1,1,1,1,1,1,1,1,1,1,1,1,1,1,1,1,1,1,1,1,1,1,1,1,1,1,1,1,1,1,1,1,1,1,1,0
2026-05-02 15:00:00,227.633605142857,0,0,0,0,0,0,0.0637482142857143,5.325575,29.643225,47.8012607142857,38.7397285714286,30.1299910714286,24.9839357142857,22.7556035714286,14.6977446428571,3.97616428571429,1.88886607142857,0.958894642857143,0.589482142857143,0.495175,0.455521428571429,0.515716071428571,0.429617857142857,0.343278571428571,0.295969642857143,0.241557142857143,0.242380357142857,0.264746428571429,0.207105357142857,0.247223214285714,0.184655357142857,0.208366071428571,0.178369642857143,0.157842857142857,0.160464285714286,0.143551785714286,0.1158375,0.102196428571429,0.0793375,0.0562839285714286,0.0560410714285714,0.0439589285714286,0.025475,0.0189428571428571,0.0231160714285714,0.0203732142857143,0.0161178571428571,0.0147375,0.0123089285714286,0.0101857142857143,0.006925,0.00625,0.0058875,0.00244285714285714,0.00183035714285714,0.00477857142857143,0.00279464285714286,0.00335,0.00217678571428571,0.00309821428571429,0.00111785714285714,0.000253571428571429,0.000414285714285714,0.000948214285714286,0.00247142857142857,0.000544642857142857,0.000148214285714286,0,0.000446428571428571,0,0,0.0000928571428571429,0.000271428571428571,0.000292857142857143,0.000314285714285714,0.000335714285714286,0.000357142857142857,0.000107142857142857,0,1,0,0,0,0,0,0,1,1,1,1,1,1,1,1,1,1,1,1,1,1,1,1,1,1,1,1,1,1,1,1,1,1,1,1,1,1,1,1,1,1,1,1,1,1,1,1,1,1,1,1,1,1,1,1,1,1,1,1,1,1,1,1,1,1,1,1,1,1,1,1,1,1,1,1,1,1,1,1,0
2026-05-02 16:00:00,232.83639837931,0,0,0,0,0,0,0.066598275862069,5.49375689655172,30.9011672413793,49.3442396551724,39.4608620689655,30.5728103448276,25.4708051724138,22.8427155172414,14.8752793103448,4.20246034482759,1.96691551724138,0.980946551724138,0.622751724137931,0.504029310344828,0.471112068965517,0.549039655172414,0.466743103448276,0.349598275862069,0.2874,0.242293103448276,0.239218965517241,0.251175862068966,0.213098275862069,0.252741379310345,0.181829310344828,0.216451724137931,0.170581034482759,0.17245,0.165286206896552,0.147487931034483,0.112889655172414,0.0978206896551724,0.0763103448275862,0.0561431034482759,0.0439362068965517,0.0362534482758621,0.0301637931034483,0.0278775862068966,0.0163068965517241,0.0193810344827586,0.0181,0.0147310344827586,0.0131465517241379,0.0099051724137931,0.00707068965517241,0.00605862068965517,0.00441724137931034,0.00407241379310345,0.00271551724137931,0.00551034482758621,0.00352931034482759,0.00157413793103448,0.00232931034482759,0.00088448275862069,0.00196034482758621,0.00212758620689655,0.00251379310344828,0.00131379310344828,0.000358620689655172,0.000513793103448276,0.000868965517241379,0.000432758620689655,0.000862068965517241,0.000179310344827586,0.000248275862068966,0.0000672413793103448,0.000196551724137931,0.000212068965517241,0.000227586206896552,0.000243103448275862,0.000258620689655172,0.0000775862068965517,0,1,0,0,0,0,0,0,1,1,1,1,1,1,1,1,1,1,1,1,1,1,1,1,1,1,1,1,1,1,1,1,1,1,1,1,1,1,1,1,1,1,1,1,1,1,1,1,1,1,1,1,1,1,1,1,1,1,1,1,1,1,1,1,1,1,1,1,1,1,1,1,1,1,1,1,1,1,1,1,0
2026-05-02 17:00:00,277.600930333333,0,0,0,0,0,0,0.0697166666666667,6.52034166666667,35.1958633333333,56.3497333333333,46.3690133333333,36.2875133333333,31.1334316666667,27.9251833333333,20.14716,5.96004166666667,2.80251,1.46539,0.887145,0.679008333333333,0.624881666666667,0.664666666666667,0.598305,0.469296666666667,0.383786666666667,0.30857,0.288465,0.284873333333333,0.254721666666667,0.278101666666667,0.211328333333333,0.24754,0.178453333333333,0.18337,0.166706666666667,0.163338333333333,0.113416666666667,0.113265,0.0957633333333333,0.063595,0.0507733333333333,0.037885,0.03915,0.0307516666666667,0.025355,0.0213983333333333,0.0287066666666667,0.017105,0.0181566666666667,0.00986333333333333,0.00842333333333333,0.00713333333333333,0.00913666666666667,0.005235,0.0037,0.00664,0.00352666666666667,0.00266666666666667,0.00154666666666667,0.00246666666666667,0.000806666666666667,0.00174833333333333,0.00119833333333333,0.002925,0.000461666666666667,0.0012,0.00139833333333333,0.000418333333333333,0.00105666666666667,0.000608333333333333,0.00016,0.000751666666666667,0.000253333333333333,0.000273333333333333,0.000293333333333333,0.000313333333333333,0.000333333333333333,0.0001,0,1,0,0,0,0,0,0,1,1,1,1,1,1,1,1,1,1,1,1,1,1,1,1,1,1,1,1,1,1,1,1,1,1,1,1,1,1,1,1,1,1,1,1,1,1,1,1,1,1,1,1,1,1,1,1,1,1,1,1,1,1,1,1,1,1,1,1,1,1,1,1,1,1,1,1,1,1,1,1,0
2026-05-02 18:00:00,341.596271766667,0,0,0,0,0,0,0.099555,7.88583,39.2527883333333,61.21369,53.4631966666667,43.9869016666667,39.1954516666667,35.4741033333333,32.2541816666667,10.7991,4.19531666666667,2.21785666666667,1.36162833333333,1.03360333333333,0.871386666666667,0.897718333333333,0.817148333333333,0.59083,0.505333333333333,0.373373333333333,0.355143333333333,0.36286,0.310046666666667,0.306441666666667,0.284791666666667,0.257193333333333,0.229261666666667,0.203156666666667,0.176546666666667,0.162786666666667,0.125986666666667,0.0988316666666667,0.0786366666666667,0.0495166666666667,0.0407183333333333,0.0371933333333333,0.0348516666666667,0.0253966666666667,0.0188916666666667,0.0156333333333333,0.0169083333333333,0.0153166666666667,0.0147916666666667,0.012885,0.0135583333333333,0.0105016666666667,0.00614833333333333,0.004375,0.002915,0.00362833333333333,0.00309666666666667,0.00315166666666667,0.000635,0.00289333333333333,0.00104333333333333,0.00173333333333333,0.000203333333333333,0.000423333333333333,0.000346666666666667,0.000075,0.000288333333333333,0.000131666666666667,0.000416666666666667,0.000415,0,0,0,0,0,0,0,0,0,1,0,0,0,0,0,0,1,1,1,1,1,1,1,1,1,1,1,1,1,1,1,1,1,1,1,1,1,1,1,1,1,1,1,1,1,1,1,1,1,1,1,1,1,1,1,1,1,1,1,1,1,1,1,1,1,1,1,1,1,1,1,1,1,1,1,1,1,1,1,1,1,1,1,1,1,1,1,1,0
2026-05-02 19:00:00,438.357427033333,0,0,0,0,0,0,0.132381666666667,10.14082,48.0104166666667,72.0237883333333,63.7955866666667,55.9111383333333,52.70224,49.235305,48.5196916666667,17.0144216666667,6.71672833333333,3.43604,2.026205,1.442135,1.20029666666667,1.12051666666667,1.049105,0.73599,0.564685,0.42537,0.402943333333333,0.357646666666667,0.341188333333333,0.337205,0.274053333333333,0.26311,0.233388333333333,0.210128333333333,0.183351666666667,0.166503333333333,0.119861666666667,0.0958133333333333,0.081375,0.0460333333333333,0.0341483333333333,0.0296383333333333,0.0262416666666667,0.0186433333333333,0.0203183333333333,0.0178366666666667,0.02025,0.00996666666666667,0.0100566666666667,0.01089,0.00542666666666667,0.00426166666666667,0.00586833333333333,0.00684,0.003505,0.001525,0.00306666666666667,0.00200666666666667,0.00108666666666667,0.001535,0,0.00149666666666667,0.00059,0.000461666666666667,0.00126666666666667,0.000421666666666667,0.00042,0.000418333333333333,0,0.000415,0,0.000065,0.00019,0.000205,0.00022,0.000235,0.00025,0.000075,0,1,0,0,0,0,0,0,1,1,1,1,1,1,1,1,1,1,1,1,1,1,1,1,1,1,1,1,1,1,1,1,1,1,1,1,1,1,1,1,1,1,1,1,1,1,1,1,1,1,1,1,1,1,1,1,1,1,1,1,1,1,1,1,1,1,1,1,1,1,1,1,1,1,1,1,1,1,1,1,0
2026-05-02 20:00:00,391.036484283333,0,0,0,0,0,0,0.101203333333333,8.55487666666667,41.5617266666667,63.0376033333333,56.374315,50.0070083333333,47.4609966666667,45.6672966666667,45.8148483333333,15.1065466666667,5.48666333333333,2.75311,1.56596166666667,1.12194166666667,0.963643333333333,0.921951666666667,0.911281666666667,0.58587,0.46334,0.34096,0.317863333333333,0.323878333333333,0.276655,0.284008333333333,0.25721,0.224703333333333,0.205903333333333,0.162341666666667,0.156676666666667,0.147193333333333,0.134956666666667,0.104366666666667,0.0740783333333333,0.047855,0.038195,0.0250483333333333,0.02526,0.0152216666666667,0.0142533333333333,0.01252,0.008235,0.00862833333333333,0.00560333333333333,0.00438166666666667,0.0084,0.00371333333333333,0.00439833333333333,0.00464833333333333,0.00257166666666667,0.00368666666666667,0.00433,0.000688333333333333,0.000603333333333333,0.00196166666666667,0.000853333333333333,0,0.00162333333333333,0.0000766666666666667,0.000346666666666667,0.000075,0.00042,0,0,0,0,0.0000433333333333333,0.000126666666666667,0.000136666666666667,0.000146666666666667,0.000156666666666667,0.000166666666666667,0.00005,0,1,0,0,0,0,0,0,1,1,1,1,1,1,1,1,1,1,1,1,1,1,1,1,1,1,1,1,1,1,1,1,1,1,1,1,1,1,1,1,1,1,1,1,1,1,1,1,1,1,1,1,1,1,1,1,1,1,1,1,1,1,1,1,1,1,1,1,1,1,1,1,1,1,1,1,1,1,1,1,0
2026-05-02 21:00:00,386.68516545,0,0,0,0,0,0,0.121311666666667,8.55588333333333,41.5067366666667,61.91952,54.654855,48.7790416666667,47.0365716666667,45.98603,46.886515,14.6361066666667,5.21542666666667,2.54511833333333,1.395425,1.01645,0.820261666666667,0.817105,0.805768333333333,0.489696666666667,0.392291666666667,0.280518333333333,0.275883333333333,0.266906666666667,0.23675,0.224565,0.233521666666667,0.187753333333333,0.188405,0.162763333333333,0.132665,0.127101666666667,0.105841666666667,0.0893616666666667,0.06136,0.0327633333333333,0.0328283333333333,0.0245716666666667,0.0243633333333333,0.0135666666666667,0.01197,0.01197,0.00976,0.01247,0.00572666666666667,0.00432833333333333,0.00879,0.00460166666666667,0.00182,0.00396333333333333,0.00121666666666667,0.00217833333333333,0.00255166666666667,0.000746666666666667,0.00114166666666667,0.00110666666666667,0.000853333333333333,0.00224666666666667,0.00073,0.00077,0.0000766666666666667,0.000421666666666667,0.00042,0,0.000416666666666667,0,0,0.0000216666666666667,0.0000633333333333333,0.0000683333333333333,0.0000733333333333333,0.0000783333333333333,0.0000833333333333333,0.000025,0,1,0,0,0,0,0,0,1,1,1,1,1,1,1,1,1,1,1,1,1,1,1,1,1,1,1,1,1,1,1,1,1,1,1,1,1,1,1,1,1,1,1,1,1,1,1,1,1,1,1,1,1,1,1,1,1,1,1,1,1,1,1,1,1,1,1,1,1,1,1,1,1,1,1,1,1,1,1,1,0
2026-05-02 22:00:00,369.986854083333,0,0,0,0,0,0,0.0998066666666667,8.17339833333333,39.3893716666667,58.8578966666667,51.3378683333333,45.55306,44.6628133333333,44.847715,47.075565,14.4030166666667,5.25011166666667,2.56720333333333,1.38295333333333,0.969565,0.852666666666667,0.766158333333333,0.739701666666667,0.47137,0.328955,0.226571666666667,0.211966666666667,0.228131666666667,0.180498333333333,0.182528333333333,0.157841666666667,0.148123333333333,0.13601,0.12161,0.106996666666667,0.0845816666666667,0.0630866666666667,0.050575,0.039035,0.02474,0.023735,0.01317,0.0163666666666667,0.009865,0.01135,0.00980333333333333,0.0114233333333333,0.0112733333333333,0.00997666666666667,0.00828666666666667,0.00516333333333333,0.00629,0.00288166666666667,0.00348666666666667,0.00228166666666667,0.00306166666666667,0.00215,0.00043,0.000856666666666667,0.002565,0.00166,0.00174833333333333,0.000386666666666667,0.0000383333333333333,0.00126666666666667,0.000566666666666667,0.000696666666666667,0,0,0,0,0.0000216666666666667,0.0000633333333333333,0.0000683333333333333,0.0000733333333333333,0.0000783333333333333,0.0000833333333333333,0.000025,0,1,0,0,0,0,0,0,1,1,1,1,1,1,1,1,1,1,1,1,1,1,1,1,1,1,1,1,1,1,1,1,1,1,1,1,1,1,1,1,1,1,1,1,1,1,1,1,1,1,1,1,1,1,1,1,1,1,1,1,1,1,1,1,1,1,1,1,1,1,1,1,1,1,1,1,1,1,1,1,0
2026-05-02 23:00:00,298.536235583333,0,0,0,0,0,0,0.0819333333333333,6.55034333333333,31.2250733333333,46.2786966666667,40.9414383333333,36.5998,36.7336066666667,37.0386716666667,40.3034233333333,12.277525,4.36322166666667,2.09438166666667,1.11757,0.806323333333333,0.658355,0.634916666666667,0.575663333333333,0.368048333333333,0.239388333333333,0.187073333333333,0.165045,0.144775,0.13794,0.125446666666667,0.115145,0.104753333333333,0.08665,0.08187,0.0715416666666667,0.0617433333333333,0.0443933333333333,0.0334633333333333,0.0205333333333333,0.019495,0.014235,0.0151166666666667,0.0128983333333333,0.0112616666666667,0.00913,0.0111933333333333,0.00911833333333333,0.00592666666666667,0.00714833333333333,0.00457333333333333,0.00179833333333333,0.00291666666666667,0.004155,0.00296666666666667,0.00307333333333333,0.00192833333333333,0.00129,0.000858333333333333,0.00120666666666667,0.00221166666666667,0.000616666666666667,0.00215833333333333,0.00144,0.00211666666666667,0.000808333333333333,0.000496666666666667,0.00154833333333333,0.001785,0.000851666666666667,0.000415,0,0.0000216666666666667,0.0000633333333333333,0.0000683333333333333,0.0000733333333333333,0.0000783333333333333,0.0000833333333333333,0.000025,0,1,0,0,0,0,0,0,1,1,1,1,1,1,1,1,1,1,1,1,1,1,1,1,1,1,1,1,1,1,1,1,1,1,1,1,1,1,1,1,1,1,1,1,1,1,1,1,1,1,1,1,1,1,1,1,1,1,1,1,1,1,1,1,1,1,1,1,1,1,1,1,1,1,1,1,1,1,1,1,0
2026-05-03,313.557998683333,0,0,0,0,0,0,0.090375,6.210625,30.1470883333333,45.141855,40.223885,36.5308616666667,37.89663,40.19691,46.65129,14.759515,5.49381666666667,2.62154333333333,1.332655,0.946168333333333,0.79988,0.707971666666667,0.663298333333333,0.353946666666667,0.230175,0.157218333333333,0.13305,0.1235,0.103485,0.109775,0.0950233333333333,0.0768433333333333,0.067135,0.06479,0.0510283333333333,0.0380733333333333,0.0321166666666667,0.02425,0.0136166666666667,0.0128333333333333,0.012245,0.00520333333333333,0.00479166666666667,0.005945,0.00660666666666667,0.005345,0.004765,0.00422166666666667,0.003895,0.006325,0.00349333333333333,0.00494333333333333,0.00124666666666667,0.00264166666666667,0.00257166666666667,0.00142166666666667,0.00151833333333333,0.001405,0.000833333333333333,0.00093,0.000853333333333333,0,0.00123666666666667,0.00246333333333333,0.00130666666666667,0.001485,0.000696666666666667,0.000836666666666667,0.000833333333333333,0.00100333333333333,0.00024,0,0,0,0,0,0,0,0,1,0,0,0,0,0,0,1,1,1,1,1,1,1,1,1,1,1,1,1,1,1,1,1,1,1,1,1,1,1,1,1,1,1,1,1,1,1,1,1,1,1,1,1,1,1,1,1,1,1,1,1,1,1,1,1,1,1,1,1,1,1,1,1,1,1,1,1,1,1,1,1,1,1,1,1,1,1,1,0
2026-05-03 01:00:00,375.919076,0,0,0,0,0,0,0.0914683333333333,6.77162666666667,33.3922466666667,51.2206416666667,46.04703,42.69367,45.2953766666667,49.5795016666667,59.752325,20.4650533333333,8.115445,3.94854666666667,2.06228833333333,1.44591,1.18741,1.04141833333333,0.961576666666667,0.494825,0.318861666666667,0.215341666666667,0.183883333333333,0.1786,0.154205,0.130851666666667,0.125691666666667,0.11449,0.0968783333333333,0.085195,0.0618883333333333,0.0530383333333333,0.04697,0.0300066666666667,0.0231083333333333,0.0133266666666667,0.01315,0.0110216666666667,0.0101216666666667,0.00613166666666667,0.008805,0.00636833333333333,0.00513833333333333,0.00474666666666667,0.002845,0.00458,0.006355,0.00209666666666667,0.00235666666666667,0.00287,0.00156666666666667,0.00233333333333333,0.001605,0.002065,0.00119666666666667,0.000678333333333333,0.00170666666666667,0.000748333333333333,0.000951666666666667,0.000423333333333333,0.000845,0,0.00042,0,0.000223333333333333,0.000193333333333333,0,0.0000216666666666667,0.0000633333333333333,0.0000683333333333333,0.0000733333333333333,0.0000783333333333333,0.0000833333333333333,0.000025,0,1,0,0,0,0,0,0,1,1,1,1,1,1,1,1,1,1,1,1,1,1,1,1,1,1,1,1,1,1,1,1,1,1,1,1,1,1,1,1,1,1,1,1,1,1,1,1,1,1,1,1,1,1,1,1,1,1,1,1,1,1,1,1,1,1,1,1,1,1,1,1,1,1,1,1,1,1,1,1,0
2026-05-03 02:00:00,400.4215912,0,0,0,0,0,0,0.085815,6.42129833333333,32.3660933333333,50.2972916666667,46.6426866666667,44.4110866666667,48.5181983333333,54.2452983333333,67.9051316666667,24.0318116666667,9.946665,4.83040833333333,2.48464833333333,1.802665,1.41507833333333,1.25461666666667,1.11814,0.553113333333333,0.325916666666667,0.225211666666667,0.191408333333333,0.187926666666667,0.157813333333333,0.15087,0.140533333333333,0.121585,0.102225,0.092295,0.080305,0.06293,0.05706,0.0375083333333333,0.02274,0.017295,0.014995,0.00949333333333333,0.015305,0.00750333333333333,0.00847833333333333,0.00887,0.00469833333333333,0.004695,0.00249333333333333,0.00498666666666667,0.00425333333333333,0.00380666666666667,0.00281166666666667,0.00503666666666667,0.00121666666666667,0.00172,0.000601666666666667,0.001115,0,0.000428333333333333,0.000426666666666667,0.000323333333333333,0.000526666666666667,0,0,0.000283333333333333,0.000138333333333333,0,0.000416666666666667,0,0,0,0,0,0,0,0,0,0,1,0,0,0,0,0,0,1,1,1,1,1,1,1,1,1,1,1,1,1,1,1,1,1,1,1,1,1,1,1,1,1,1,1,1,1,1,1,1,1,1,1,1,1,1,1,1,1,1,1,1,1,1,1,1,1,1,1,1,1,1,1,1,1,1,1,1,1,1,1,1,1,1,1,1,1,1,1,1,0
2026-05-03 03:00:00,327.450976516667,0,0,0,0,0,0,0.05806,5.00110333333333,25.7721416666667,40.9705616666667,38.209455,36.8281183333333,40.329715,45.1503666666667,56.7475533333333,19.112065,7.970625,3.70869166666667,1.92244166666667,1.35416,1.03937,0.886106666666667,0.7485,0.351266666666667,0.205356666666667,0.129881666666667,0.106073333333333,0.10697,0.0766683333333333,0.0887283333333333,0.0694233333333333,0.0571083333333333,0.05598,0.04754,0.0452866666666667,0.0303366666666667,0.0284166666666667,0.0173083333333333,0.0144383333333333,0.00756666666666667,0.00481833333333333,0.00604333333333333,0.00575833333333333,0.00532,0.00466333333333333,0.00449666666666667,0.005285,0.004965,0.00282833333333333,0.00279333333333333,0.003365,0.00250666666666667,0.00528666666666667,0.001645,0.000863333333333333,0.00258166666666667,0.00043,0.00252,0.000483333333333333,0.000853333333333333,0.000426666666666667,0.00085,0,0.000846666666666667,0.000421666666666667,0.000421666666666667,0,0,0,0,0.000413333333333333,0,0,0,0,0,0,0,0,1,0,0,0,0,0,0,1,1,1,1,1,1,1,1,1,1,1,1,1,1,1,1,1,1,1,1,1,1,1,1,1,1,1,1,1,1,1,1,1,1,1,1,1,1,1,1,1,1,1,1,1,1,1,1,1,1,1,1,1,1,1,1,1,1,1,1,1,1,1,1,1,1,1,1,1,1,1,1,0
2026-05-03 04:00:00,372.554900583333,0,0,0,0,0,0,0.05258,4.45813333333333,23.23915,38.3190766666667,37.5844066666667,38.0178166666667,44.2092616666667,52.4927233333333,70.926125,28.73408,13.660995,6.93355833333333,3.67138,2.63509833333333,2.08100166666667,1.82830333333333,1.52006833333333,0.630393333333333,0.31496,0.173286666666667,0.13157,0.131241666666667,0.102871666666667,0.0930116666666667,0.0852133333333333,0.0683566666666667,0.0620016666666667,0.0551983333333333,0.0391033333333333,0.0354966666666667,0.0295916666666667,0.016835,0.0103616666666667,0.00913833333333333,0.0128116666666667,0.00950833333333333,0.008655,0.00547833333333333,0.00363,0.004155,0.00390666666666667,0.006905,0.00358666666666667,0.00418833333333333,0.00375666666666667,0.00335,0.00170333333333333,0.000501666666666667,0.00215833333333333,0.00086,0.000601666666666667,0.00106166666666667,0.000911666666666667,0.000426666666666667,0.00128,0.000323333333333333,0.000913333333333333,0.0000383333333333333,0,0,0.00042,0,0.000416666666666667,0.000173333333333333,0.00024,0,0,0,0,0,0,0,0,1,0,0,0,0,0,0,1,1,1,1,1,1,1,1,1,1,1,1,1,1,1,1,1,1,1,1,1,1,1,1,1,1,1,1,1,1,1,1,1,1,1,1,1,1,1,1,1,1,1,1,1,1,1,1,1,1,1,1,1,1,1,1,1,1,1,1,1,1,1,1,1,1,1,1,1,1,1,1,0
2026-05-03 05:00:00,447.909204083333,0,0,0,0,0,0,0.0514266666666667,4.38112166666667,22.991315,38.14403,38.5611766666667,40.490705,49.0284366666667,60.2139033333333,87.0884,45.1423066666667,21.7583866666667,11.65158,6.46680833333333,4.608515,3.73070333333333,3.371945,3.043845,1.27095666666667,0.668865,0.351233333333333,0.262211666666667,0.219683333333333,0.190365,0.172376666666667,0.157656666666667,0.141283333333333,0.144201666666667,0.11101,0.107753333333333,0.078675,0.0526716666666667,0.050635,0.0447183333333333,0.0213483333333333,0.017855,0.01554,0.00933666666666667,0.00924666666666667,0.0118166666666667,0.00943666666666667,0.00802166666666667,0.00926,0.00513666666666667,0.00618833333333333,0.00305666666666667,0.0054,0.00232166666666667,0.00103166666666667,0.00188333333333333,0.00145,0.000975,0.00363333333333333,0.00169,0.00135833333333333,0,0.000748333333333333,0.000526666666666667,0.001655,0.00123,0.000075,0,0.000418333333333333,0,0.000173333333333333,0.00024,0,0,0,0,0,0,0,0,1,0,0,0,0,0,0,1,1,1,1,1,1,1,1,1,1,1,1,1,1,1,1,1,1,1,1,1,1,1,1,1,1,1,1,1,1,1,1,1,1,1,1,1,1,1,1,1,1,1,1,1,1,1,1,1,1,1,1,1,1,1,1,1,1,1,1,1,1,1,1,1,1,1,1,1,1,1,1,0
2026-05-03 06:00:00,404.810491933333,0,0,0,0,0,0,0.0652933333333333,4.84766,24.8681316666667,41.3476766666667,40.888555,40.4951116666667,46.269405,53.4544266666667,72.4672833333333,37.84433,15.6471916666667,8.343125,4.543335,3.20512333333333,2.66259833333333,2.45874333333333,2.19758666666667,1.003855,0.549883333333333,0.322493333333333,0.235858333333333,0.195781666666667,0.170785,0.152636666666667,0.139191666666667,0.126818333333333,0.116678333333333,0.0996766666666667,0.0869233333333333,0.082715,0.0604733333333333,0.0399,0.03193,0.01995,0.01523,0.0114733333333333,0.0114516666666667,0.00887333333333333,0.00886666666666667,0.00426333333333333,0.00694666666666667,0.00498166666666667,0.00336,0.003645,0.00427333333333333,0.00250666666666667,0.004715,0.00367833333333333,0.001885,0.00314166666666667,0.00349666666666667,0.00163166666666667,0.000856666666666667,0.00299166666666667,0,0.000748333333333333,0.000488333333333333,0.000423333333333333,0.0000383333333333333,0,0.00042,0,0,0,0.00016,0.000253333333333333,0,0,0,0,0,0,0,1,0,0,0,0,0,0,1,1,1,1,1,1,1,1,1,1,1,1,1,1,1,1,1,1,1,1,1,1,1,1,1,1,1,1,1,1,1,1,1,1,1,1,1,1,1,1,1,1,1,1,1,1,1,1,1,1,1,1,1,1,1,1,1,1,1,1,1,1,1,1,1,1,1,1,1,1,1,1,0
2026-05-03 07:00:00,286.976977283333,0,0,0,0,0,0,0.059775,5.024455,24.8678966666667,38.6400566666667,35.07973,32.783235,34.3094566666667,36.6315283333333,44.2944983333333,18.7617416666667,6.62345,3.43186666666667,1.77433,1.26497833333333,1.00974833333333,0.942478333333333,0.875415,0.437418333333333,0.276565,0.168975,0.15162,0.143943333333333,0.114953333333333,0.094485,0.116376666666667,0.0859233333333333,0.0718783333333333,0.0786716666666667,0.06857,0.0491333333333333,0.0358916666666667,0.03076,0.0224283333333333,0.0149833333333333,0.012705,0.011455,0.00991666666666667,0.00616166666666667,0.00686833333333333,0.00792333333333333,0.00635333333333333,0.00326333333333333,0.004355,0.00317,0.00165,0.00296333333333333,0.003885,0.00127666666666667,0.000898333333333333,0.00223,0.00126166666666667,0.00043,0.000428333333333333,0.000855,0.00213333333333333,0,0.000811666666666667,0.0000383333333333333,0.000421666666666667,0,0.00084,0.000418333333333333,0,0,0,0.0000216666666666667,0.0000633333333333333,0.0000683333333333333,0.0000733333333333333,0.0000783333333333333,0.0000833333333333333,0.000025,0,1,0,0,0,0,0,0,1,1,1,1,1,1,1,1,1,1,1,1,1,1,1,1,1,1,1,1,1,1,1,1,1,1,1,1,1,1,1,1,1,1,1,1,1,1,1,1,1,1,1,1,1,1,1,1,1,1,1,1,1,1,1,1,1,1,1,1,1,1,1,1,1,1,1,1,1,1,1,1,0
2026-05-03 08:00:00,214.976711766667,0,0,0,0,0,0,0.057515,4.44613,21.6885766666667,32.2439533333333,28.37235,25.5164983333333,25.405205,26.10491,29.9821883333333,11.2298316666667,3.93714666666667,1.876055,0.984406666666667,0.670746666666667,0.573516666666667,0.519531666666667,0.462166666666667,0.251255,0.181453333333333,0.110431666666667,0.112943333333333,0.10474,0.0976566666666667,0.0948133333333333,0.0911283333333333,0.06909,0.0734883333333333,0.0644683333333333,0.0494333333333333,0.0565266666666667,0.03728,0.0300383333333333,0.0210016666666667,0.0132333333333333,0.00943,0.00991666666666667,0.00778833333333333,0.00868,0.00970833333333333,0.00600333333333333,0.00448,0.00583666666666667,0.00328666666666667,0.00355,0.00253833333333333,0.00298666666666667,0.002905,0.002465,0.00150666666666667,0.000481666666666667,0.000773333333333333,0.000516666666666667,0.000603333333333333,0.00196,0.000426666666666667,0.000425,0,0.000385,0.000461666666666667,0,0.00042,0.000398333333333333,0.0000183333333333333,0,0,0.0000216666666666667,0.0000633333333333333,0.0000683333333333333,0.0000733333333333333,0.0000783333333333333,0.0000833333333333333,0.000025,0,1,0,0,0,0,0,0,1,1,1,1,1,1,1,1,1,1,1,1,1,1,1,1,1,1,1,1,1,1,1,1,1,1,1,1,1,1,1,1,1,1,1,1,1,1,1,1,1,1,1,1,1,1,1,1,1,1,1,1,1,1,1,1,1,1,1,1,1,1,1,1,1,1,1,1,1,1,1,1,0
2026-05-03 09:00:00,167.547771166667,0,0,0,0,0,0,0.0550566666666667,3.97782,18.750425,27.4874333333333,23.3234883333333,20.071635,19.55877,19.7844216666667,21.1830666666667,7.66532666666667,2.68352166666667,1.30866333333333,0.688448333333333,0.478843333333333,0.39076,0.371768333333333,0.330063333333333,0.17034,0.120886666666667,0.0938566666666667,0.08713,0.0694316666666667,0.0623583333333333,0.0710133333333333,0.0526866666666667,0.0517366666666667,0.051565,0.0381333333333333,0.0356316666666667,0.0378433333333333,0.027035,0.0219466666666667,0.0186583333333333,0.00962333333333333,0.00875666666666667,0.00651333333333333,0.00630666666666667,0.004325,0.006915,0.00330833333333333,0.00506,0.00322666666666667,0.00318,0.00287333333333333,0.00377666666666667,0.00373666666666667,0.00256666666666667,0.00255333333333333,0.00179666666666667,0.00142166666666667,0.000401666666666667,0.00117666666666667,0.00242666666666667,0.00068,0.00128,0,0,0.000385,0.000806666666666667,0.000075,0,0,0,0,0,0.0000216666666666667,0.0000633333333333333,0.0000683333333333333,0.0000733333333333333,0.0000783333333333333,0.0000833333333333333,0.000025,0,1,0,0,0,0,0,0,1,1,1,1,1,1,1,1,1,1,1,1,1,1,1,1,1,1,1,1,1,1,1,1,1,1,1,1,1,1,1,1,1,1,1,1,1,1,1,1,1,1,1,1,1,1,1,1,1,1,1,1,1,1,1,1,1,1,1,1,1,1,1,1,1,1,1,1,1,1,1,1,0
2026-05-03 10:00:00,128.845645416667,0,0,0,0,0,0,0.043075,3.57290833333333,16.614215,23.366175,19.0799533333333,15.6902366666667,14.45562,13.7449133333333,13.632635,4.64054333333333,1.60471666666667,0.749201666666667,0.40933,0.264061666666667,0.228428333333333,0.211208333333333,0.185563333333333,0.120673333333333,0.0830283333333333,0.0648116666666667,0.05105,0.044895,0.0521366666666667,0.0376983333333333,0.0409066666666667,0.0331816666666667,0.02985,0.0264283333333333,0.0227233333333333,0.0206333333333333,0.0163466666666667,0.0169183333333333,0.014945,0.00691,0.00723333333333333,0.003665,0.00435666666666667,0.00295833333333333,0.00371833333333333,0.006345,0.00485,0.00192166666666667,0.00326,0.00361833333333333,0.00466333333333333,0.00123,0.00322,0.00200666666666667,0.002105,0.0018,0.00108833333333333,0.00146333333333333,0,0.00128,0.000426666666666667,0,0.000811666666666667,0.000423333333333333,0.000461666666666667,0.000705,0.000558333333333333,0,0,0,0,0.0000433333333333333,0.000126666666666667,0.000136666666666667,0.000146666666666667,0.000156666666666667,0.000166666666666667,0.00005,0,1,0,0,0,0,0,0,1,1,1,1,1,1,1,1,1,1,1,1,1,1,1,1,1,1,1,1,1,1,1,1,1,1,1,1,1,1,1,1,1,1,1,1,1,1,1,1,1,1,1,1,1,1,1,1,1,1,1,1,1,1,1,1,1,1,1,1,1,1,1,1,1,1,1,1,1,1,1,1,0
2026-05-03 11:00:00,131.827516666667,0,0,0,0,0,0,0.04769,3.94807,18.2710366666667,25.5660666666667,20.59442,16.62832,14.5884033333333,13.2990816666667,11.9866683333333,3.35102833333333,1.16127333333333,0.549475,0.313916666666667,0.239678333333333,0.175683333333333,0.180761666666667,0.16237,0.0976383333333333,0.083165,0.0557,0.047325,0.0489233333333333,0.0439616666666667,0.0448083333333333,0.0367183333333333,0.03038,0.0263833333333333,0.024395,0.0219683333333333,0.0258416666666667,0.01589,0.0108183333333333,0.0103166666666667,0.00699333333333333,0.00450666666666667,0.00649666666666667,0.003885,0.00691,0.00480333333333333,0.00504833333333333,0.00389833333333333,0.00407666666666667,0.00226666666666667,0.00236,0.00243333333333333,0.000433333333333333,0.00360666666666667,0.001575,0.00172666666666667,0.00263666666666667,0.000975,0.001435,0.000966666666666667,0.000426666666666667,0.000426666666666667,0,0,0,0.000846666666666667,0,0,0,0.000416666666666667,0,0,0.0000433333333333333,0.000126666666666667,0.000136666666666667,0.000146666666666667,0.000156666666666667,0.000166666666666667,0.00005,0,1,0,0,0,0,0,0,1,1,1,1,1,1,1,1,1,1,1,1,1,1,1,1,1,1,1,1,1,1,1,1,1,1,1,1,1,1,1,1,1,1,1,1,1,1,1,1,1,1,1,1,1,1,1,1,1,1,1,1,1,1,1,1,1,1,1,1,1,1,1,1,1,1,1,1,1,1,1,1,0
2026-05-03 12:00:00,161.819129816667,0,0,0,0,0,0,0.0364183333333333,2.823125,14.6959216666667,23.45097,21.3384033333333,19.5879133333333,20.8618583333333,23.60377,21.2371566666667,6.25805833333333,2.76969166666667,1.29384666666667,0.72966,0.497276666666667,0.399215,0.375816666666667,0.290171666666667,0.149111666666667,0.0861816666666667,0.0602583333333333,0.0474216666666667,0.04697,0.02975,0.033255,0.0249733333333333,0.0276133333333333,0.027975,0.0173666666666667,0.0198166666666667,0.00968666666666667,0.01219,0.01212,0.0112133333333333,0.00481,0.00690166666666667,0.00582333333333333,0.00521833333333333,0.00604,0.00322666666666667,0.002415,0.00376333333333333,0.001595,0.00208666666666667,0.00402166666666667,0.004335,0.00123,0.00247333333333333,0.00255333333333333,0.00266,0.00354333333333333,0.00043,0.00123333333333333,0.00108666666666667,0.000678333333333333,0.000426666666666667,0.000425,0.000811666666666667,0.0000383333333333333,0.000421666666666667,0.000283333333333333,0.000558333333333333,0.000398333333333333,0.0000183333333333333,0,0.000413333333333333,0.000108333333333333,0.000316666666666667,0.000341666666666667,0.000366666666666667,0.000391666666666667,0.000416666666666667,0.000125,0,1,0,0,0,0,0,0,1,1,1,1,1,1,1,1,1,1,1,1,1,1,1,1,1,1,1,1,1,1,1,1,1,1,1,1,1,1,1,1,1,1,1,1,1,1,1,1,1,1,1,1,1,1,1,1,1,1,1,1,1,1,1,1,1,1,1,1,1,1,1,1,1,1,1,1,1,1,1,1,0
2026-05-03 13:00:00,159.397284466667,0,0,0,0,0,0,0.02063,2.17729166666667,12.6695583333333,22.094865,20.9266516666667,20.175365,22.12289,26.9526783333333,20.3455083333333,5.656115,2.93622833333333,1.3672,0.834276666666667,0.631178333333333,0.503026666666667,0.492635,0.29892,0.142443333333333,0.0785033333333333,0.05252,0.04163,0.0285333333333333,0.0303483333333333,0.0287816666666667,0.0188683333333333,0.0139183333333333,0.0151416666666667,0.0178066666666667,0.0136233333333333,0.01029,0.007005,0.00774,0.00652833333333333,0.00553,0.007115,0.00367166666666667,0.00407666666666667,0.00286333333333333,0.005175,0.00511833333333333,0.00325,0.003535,0.00292666666666667,0.00182833333333333,0.001735,0.00212,0.000863333333333333,0.002325,0.00226333333333333,0.001445,0.000601666666666667,0.000686666666666667,0.000856666666666667,0,0.00019,0.000661666666666667,0,0.000423333333333333,0,0.000843333333333333,0,0,0,0,0,0.0000216666666666667,0.0000633333333333333,0.0000683333333333333,0.0000733333333333333,0.0000783333333333333,0.0000833333333333333,0.000025,0,1,0,0,0,0,0,0,1,1,1,1,1,1,1,1,1,1,1,1,1,1,1,1,1,1,1,1,1,1,1,1,1,1,1,1,1,1,1,1,1,1,1,1,1,1,1,1,1,1,1,1,1,1,1,1,1,1,1,1,1,1,1,1,1,1,1,1,1,1,1,1,1,1,1,1,1,1,1,1,0
2026-05-03 14:00:00,157.953539733333,0,0,0,0,0,0,0.0229133333333333,2.17742166666667,12.2967683333333,21.2826666666667,19.78964,19.4041316666667,21.6064083333333,27.7679233333333,19.3283533333333,5.67595833333333,3.04992833333333,1.39911666666667,0.882516666666667,0.681041666666667,0.531746666666667,0.539868333333333,0.309825,0.149528333333333,0.0775766666666667,0.0573533333333333,0.03666,0.0320366666666667,0.024615,0.0276683333333333,0.022095,0.0119616666666667,0.01625,0.0156316666666667,0.0145266666666667,0.00924,0.00605666666666667,0.00491666666666667,0.00507166666666667,0.00434666666666667,0.00645666666666667,0.00343333333333333,0.00263333333333333,0.00392,0.00122833333333333,0.00257833333333333,0.00332833333333333,0.00451166666666667,0.00351333333333333,0.000988333333333333,0.00132333333333333,0.00337333333333333,0.00204166666666667,0.002985,0.00141833333333333,0.0018,0.00100333333333333,0.000258333333333333,0.000856666666666667,0.00128,0.000426666666666667,0.00117333333333333,0.000101666666666667,0.000423333333333333,0,0,0,0,0,0,0,0.0000216666666666667,0.0000633333333333333,0.0000683333333333333,0.0000733333333333333,0.0000783333333333333,0.0000833333333333333,0.000025,0,1,0,0,0,0,0,0,1,1,1,1,1,1,1,1,1,1,1,1,1,1,1,1,1,1,1,1,1,1,1,1,1,1,1,1,1,1,1,1,1,1,1,1,1,1,1,1,1,1,1,1,1,1,1,1,1,1,1,1,1,1,1,1,1,1,1,1,1,1,1,1,1,1,1,1,1,1,1,1,0
2026-05-03 15:00:00,206.48210395,0,0,0,0,0,0,0.01825,2.1978,12.5324583333333,22.6549866666667,22.5012083333333,23.8874033333333,29.0638633333333,39.937895,33.096025,9.05163666666667,4.7856,2.100505,1.15100333333333,0.85068,0.708046666666667,0.639815,0.386656666666667,0.179816666666667,0.104688333333333,0.063955,0.0501266666666667,0.0393816666666667,0.0270766666666667,0.0286183333333333,0.0202616666666667,0.017755,0.0150966666666667,0.01283,0.01488,0.0118566666666667,0.00819333333333333,0.0112433333333333,0.00632166666666667,0.00487333333333333,0.00383333333333333,0.00409166666666667,0.00553166666666667,0.004915,0.002565,0.00315333333333333,0.00245666666666667,0.002935,0.00285333333333333,0.00433333333333333,0.000065,0.00419333333333333,0.00179666666666667,0.00146166666666667,0.001075,0.0018,0.00143333333333333,0.00106166666666667,0.000911666666666667,0.000426666666666667,0.000853333333333333,0.000748333333333333,0.000526666666666667,0.000423333333333333,0,0,0,0,0,0,0,0.000476666666666667,0.00019,0.000205,0.00022,0.000235,0.00025,0.000075,0,1,0,0,0,0,0,0,1,1,1,1,1,1,1,1,1,1,1,1,1,1,1,1,1,1,1,1,1,1,1,1,1,1,1,1,1,1,1,1,1,1,1,1,1,1,1,1,1,1,1,1,1,1,1,1,1,1,1,1,1,1,1,1,1,1,1,1,1,1,1,1,1,1,1,1,1,1,1,1,0
2026-05-03 16:00:00,255.233376,0,0,0,0,0,0,0.0236883333333333,2.207305,12.9041033333333,23.9785233333333,24.9048916666667,28.2862883333333,36.4010866666667,51.9940716666667,46.5220266666667,13.20393,6.99587666666667,2.93689833333333,1.64778166666667,1.20225333333333,0.940306666666667,0.882176666666667,0.514118333333333,0.2438,0.140503333333333,0.0869816666666667,0.070285,0.045275,0.030445,0.0386916666666667,0.0290983333333333,0.0248966666666667,0.0203016666666667,0.0168583333333333,0.0138116666666667,0.0156716666666667,0.00959833333333333,0.008595,0.00634833333333333,0.00542,0.005485,0.00754833333333333,0.00583166666666667,0.00466666666666667,0.00253333333333333,0.00403833333333333,0.00403333333333333,0.00556333333333333,0.00376833333333333,0.00402166666666667,0.00342333333333333,0.00125333333333333,0.00249666666666667,0.000571666666666667,0.001295,0.000458333333333333,0.000401666666666667,0.00043,0,0.000426666666666667,0.000616666666666667,0.000236666666666667,0.000386666666666667,0.0000383333333333333,0.000423333333333333,0,0,0.000418333333333333,0,0,0.000413333333333333,0.0000216666666666667,0.0000633333333333333,0.0000683333333333333,0.0000733333333333333,0.0000783333333333333,0.0000833333333333333,0.000025,0,1,0,0,0,0,0,0,1,1,1,1,1,1,1,1,1,1,1,1,1,1,1,1,1,1,1,1,1,1,1,1,1,1,1,1,1,1,1,1,1,1,1,1,1,1,1,1,1,1,1,1,1,1,1,1,1,1,1,1,1,1,1,1,1,1,1,1,1,1,1,1,1,1,1,1,1,1,1,1,0
2026-05-03 17:00:00,284.911900066667,0,0,0,0,0,0,0.0264133333333333,2.604255,15.7575766666667,29.4346516666667,29.76466,31.37094,38.2217433333333,50.9830333333333,53.012045,15.184505,7.80014833333333,3.471575,1.90139166666667,1.35192833333333,1.09286833333333,1.047985,0.704735,0.295623333333333,0.170035,0.0971583333333333,0.0700616666666667,0.058885,0.0481166666666667,0.0450933333333333,0.03078,0.027545,0.0220983333333333,0.0210366666666667,0.02008,0.01579,0.0129183333333333,0.0104166666666667,0.01007,0.00811333333333333,0.00646166666666667,0.00537,0.00599,0.00488666666666667,0.002815,0.003595,0.00513833333333333,0.00190333333333333,0.00432666666666667,0.00195,0.00214833333333333,0.00253,0.001225,0.000845,0.00251833333333333,0.003165,0.00232166666666667,0.000686666666666667,0.000856666666666667,0.000426666666666667,0.000616666666666667,0.00056,0.000101666666666667,0,0.000421666666666667,0,0.00042,0,0,0,0.000413333333333333,0.0000433333333333333,0.000126666666666667,0.000136666666666667,0.000146666666666667,0.000156666666666667,0.000166666666666667,0.00005,0,1,0,0,0,0,0,0,1,1,1,1,1,1,1,1,1,1,1,1,1,1,1,1,1,1,1,1,1,1,1,1,1,1,1,1,1,1,1,1,1,1,1,1,1,1,1,1,1,1,1,1,1,1,1,1,1,1,1,1,1,1,1,1,1,1,1,1,1,1,1,1,1,1,1,1,1,1,1,1,0
2026-05-03 18:00:00,267.124792483333,0,0,0,0,0,0,0.042215,4.29436666666667,24.1680333333333,41.0249733333333,36.4161583333333,31.9056533333333,32.965455,36.008335,37.885815,10.817205,4.874715,2.20009666666667,1.159845,0.832273333333333,0.654186666666667,0.60919,0.473225,0.220018333333333,0.143271666666667,0.0921583333333333,0.068725,0.0660066666666667,0.042535,0.0446333333333333,0.0312133333333333,0.030035,0.0268733333333333,0.017485,0.015795,0.0121666666666667,0.00887666666666667,0.00674333333333333,0.00566666666666667,0.00551333333333333,0.00484,0.00693833333333333,0.00425,0.00414333333333333,0.00583666666666667,0.00379,0.00296666666666667,0.00406,0.00338666666666667,0.00406333333333333,0.00208333333333333,0.00125333333333333,0.00242666666666667,0.001505,0.000431666666666667,0.000513333333333333,0.00120666666666667,0.00043,0.00103166666666667,0.000678333333333333,0.000426666666666667,0.000425,0,0,0.000693333333333333,0.000571666666666667,0,0,0,0,0,0.0000216666666666667,0.0000633333333333333,0.0000683333333333333,0.0000733333333333333,0.0000783333333333333,0.0000833333333333333,0.000025,0,1,0,0,0,0,0,0,1,1,1,1,1,1,1,1,1,1,1,1,1,1,1,1,1,1,1,1,1,1,1,1,1,1,1,1,1,1,1,1,1,1,1,1,1,1,1,1,1,1,1,1,1,1,1,1,1,1,1,1,1,1,1,1,1,1,1,1,1,1,1,1,1,1,1,1,1,1,1,1,0
2026-05-03 19:00:00,278.579983066667,0,0,0,0,0,0,0.06524,5.78841666666667,30.0887916666667,47.185475,40.0128533333333,33.8896516666667,32.82831,33.4230716666667,34.4460733333333,10.1265583333333,4.51344833333333,2.18714166666667,1.19790666666667,0.862345,0.71592,0.66998,0.571281666666667,0.273113333333333,0.187003333333333,0.105005,0.0907083333333333,0.075535,0.0531833333333333,0.04892,0.035725,0.0279616666666667,0.02047,0.02309,0.013525,0.016015,0.0116533333333333,0.00485,0.00858,0.00738,0.00657333333333333,0.00731666666666667,0.00911666666666667,0.00504166666666667,0.005205,0.00381333333333333,0.004115,0.00502166666666667,0.00404666666666667,0.00182833333333333,0.00299166666666667,0.00168666666666667,0.00213666666666667,0.00162,0.000986666666666667,0.00094,0.00212166666666667,0.001175,0.000713333333333333,0.00068,0.000616666666666667,0.00108666666666667,0.000811666666666667,0.000461666666666667,0,0.000283333333333333,0.000138333333333333,0,0.00064,0.000193333333333333,0,0.0000216666666666667,0.0000633333333333333,0.0000683333333333333,0.0000733333333333333,0.0000783333333333333,0.0000833333333333333,0.000025,0,1,0,0,0,0,0,0,1,1,1,1,1,1,1,1,1,1,1,1,1,1,1,1,1,1,1,1,1,1,1,1,1,1,1,1,1,1,1,1,1,1,1,1,1,1,1,1,1,1,1,1,1,1,1,1,1,1,1,1,1,1,1,1,1,1,1,1,1,1,1,1,1,1,1,1,1,1,1,1,0
2026-05-03 20:00:00,266.071924366667,0,0,0,0,0,0,0.048925,4.32356166666667,23.4717233333333,38.8092966666667,35.2705116666667,31.7807233333333,32.91349,34.735445,37.935675,11.7589266666667,5.65055666666667,2.87861,1.63747,1.22223833333333,1.08598833333333,1.02249333333333,0.959676666666667,0.448386666666667,0.273173333333333,0.150641666666667,0.119073333333333,0.0974883333333333,0.0823366666666667,0.057815,0.047655,0.0343666666666667,0.0257083333333333,0.0203866666666667,0.0185483333333333,0.01533,0.0140383333333333,0.0104816666666667,0.0118283333333333,0.00922,0.00942333333333333,0.007355,0.00533166666666667,0.00525666666666667,0.00567333333333333,0.00381333333333333,0.004995,0.00105166666666667,0.00320666666666667,0.00272166666666667,0.000846666666666667,0.00164,0.00208833333333333,0.000571666666666667,0.00081,0.00134166666666667,0.00129,0.00123333333333333,0.00134,0,0.000616666666666667,0.000236666666666667,0,0,0,0,0,0,0,0,0,0.0000433333333333333,0.000126666666666667,0.000136666666666667,0.000146666666666667,0.000156666666666667,0.000166666666666667,0.00005,0,1,0,0,0,0,0,0,1,1,1,1,1,1,1,1,1,1,1,1,1,1,1,1,1,1,1,1,1,1,1,1,1,1,1,1,1,1,1,1,1,1,1,1,1,1,1,1,1,1,1,1,1,1,1,1,1,1,1,1,1,1,1,1,1,1,1,1,1,1,1,1,1,1,1,1,1,1,1,1,0
2026-05-03 21:00:00,328.0975286,0,0,0,0,0,0,0.055535,4.06326,23.238015,40.0380133333333,38.83554,37.1670633333333,40.93028,46.3701916666667,54.3708266666667,17.77877,8.73702333333333,4.37016,2.49122,1.82193333333333,1.55795333333333,1.46384833333333,1.31590333333333,0.59818,0.389216666666667,0.240026666666667,0.181518333333333,0.147655,0.120228333333333,0.102783333333333,0.0718066666666667,0.0547366666666667,0.0510366666666667,0.041885,0.0293666666666667,0.0304116666666667,0.016545,0.0116416666666667,0.009905,0.0129933333333333,0.00875833333333333,0.00716166666666667,0.004915,0.00753166666666667,0.00506,0.00459166666666667,0.00376333333333333,0.00320833333333333,0.00522333333333333,0.00239833333333333,0.002475,0.000866666666666667,0.00201833333333333,0.00134666666666667,0.000951666666666667,0.000458333333333333,0.000401666666666667,0.00043,0.000603333333333333,0.001105,0,0,0,0,0.000421666666666667,0,0,0,0,0,0,0,0,0,0,0,0,0,0,1,0,0,0,0,0,0,1,1,1,1,1,1,1,1,1,1,1,1,1,1,1,1,1,1,1,1,1,1,1,1,1,1,1,1,1,1,1,1,1,1,1,1,1,1,1,1,1,1,1,1,1,1,1,1,1,1,1,1,1,1,1,1,1,1,1,1,1,1,1,1,1,1,1,1,1,1,1,1,0
2026-05-03 22:00:00,364.001135266667,0,0,0,0,0,0,0.0392183333333333,3.88904333333333,21.5376616666667,38.49841,38.41996,38.3052333333333,44.190085,52.37979,65.9972366666667,23.1024683333333,12.434195,6.567785,3.85560166666667,3.004585,2.59587333333333,2.54150833333333,2.35364833333333,1.08515,0.695121666666667,0.393321666666667,0.302068333333333,0.282708333333333,0.199536666666667,0.156915,0.12414,0.0980116666666667,0.081815,0.070445,0.0607983333333333,0.0438316666666667,0.0336216666666667,0.0244933333333333,0.0188833333333333,0.015195,0.0135616666666667,0.008435,0.00619833333333333,0.00485666666666667,0.00415166666666667,0.00824166666666667,0.00397333333333333,0.00513,0.00547333333333333,0.00235666666666667,0.00167166666666667,0.00041,0.000863333333333333,0.001295,0.00162,0.00145,0.00123333333333333,0,0.000856666666666667,0,0,0.000425,0,0,0,0,0.00042,0,0.000223333333333333,0.000608333333333333,0,0,0,0,0,0,0,0,0,1,0,0,0,0,0,0,1,1,1,1,1,1,1,1,1,1,1,1,1,1,1,1,1,1,1,1,1,1,1,1,1,1,1,1,1,1,1,1,1,1,1,1,1,1,1,1,1,1,1,1,1,1,1,1,1,1,1,1,1,1,1,1,1,1,1,1,1,1,1,1,1,1,1,1,1,1,1,1,0
2026-05-03 23:00:00,391.562204433333,0,0,0,0,0,0,0.0436083333333333,4.05932,23.21193,41.100405,41.061635,40.50808,47.1702066666667,55.8892716666667,70.3636733333333,26.072195,14.016615,7.61293,4.46046666666667,3.553465,3.07465666666667,3.04473833333333,2.85811333333333,1.30967333333333,0.806906666666667,0.514263333333333,0.399913333333333,0.344571666666667,0.25588,0.20952,0.182618333333333,0.149158333333333,0.138443333333333,0.112045,0.0811833333333333,0.0660816666666667,0.0514783333333333,0.03993,0.032025,0.0212533333333333,0.0198133333333333,0.01559,0.01023,0.01241,0.0118433333333333,0.0119883333333333,0.00888666666666667,0.00540166666666667,0.00700333333333333,0.006895,0.00499166666666667,0.00250666666666667,0.00390833333333333,0.00162,0.00271333333333333,0.00231666666666667,0.00238,0.00175,0.00151666666666667,0.00110666666666667,0.000426666666666667,0,0,0,0,0,0,0.000418333333333333,0,0,0,0,0,0,0,0,0,0,0,1,0,0,0,0,0,0,1,1,1,1,1,1,1,1,1,1,1,1,1,1,1,1,1,1,1,1,1,1,1,1,1,1,1,1,1,1,1,1,1,1,1,1,1,1,1,1,1,1,1,1,1,1,1,1,1,1,1,1,1,1,1,1,1,1,1,1,1,1,1,1,1,1,1,1,1,1,1,1,0
2026-05-04,305.454692616667,0,0,0,0,0,0,0.05302,4.23709166666667,23.2638466666667,38.9439616666667,35.9402833333333,33.2741866666667,35.7522883333333,39.73525,47.7874433333333,17.07407,8.82463666666667,4.75992333333333,2.94275666666667,2.332055,2.17694666666667,2.21161333333333,2.08911666666667,1.122995,0.741153333333333,0.437923333333333,0.359763333333333,0.29759,0.233953333333333,0.200266666666667,0.16756,0.142263333333333,0.111563333333333,0.0904966666666667,0.08273,0.0612833333333333,0.052835,0.0347066666666667,0.0313183333333333,0.0225966666666667,0.016965,0.0194816666666667,0.0106483333333333,0.00980333333333333,0.0069,0.00973166666666667,0.00686333333333333,0.00523833333333333,0.00522166666666667,0.00109833333333333,0.00381833333333333,0.00209666666666667,0.00117833333333333,0.00186666666666667,0.00167333333333333,0.000623333333333333,0.00347,0.000688333333333333,0.00103166666666667,0.000678333333333333,0.000426666666666667,0,0,0,0.000423333333333333,0,0,0,0,0,0,0.0000216666666666667,0.0000633333333333333,0.0000683333333333333,0.0000733333333333333,0.0000783333333333333,0.0000833333333333333,0.000025,0,1,0,0,0,0,0,0,1,1,1,1,1,1,1,1,1,1,1,1,1,1,1,1,1,1,1,1,1,1,1,1,1,1,1,1,1,1,1,1,1,1,1,1,1,1,1,1,1,1,1,1,1,1,1,1,1,1,1,1,1,1,1,1,1,1,1,1,1,1,1,1,1,1,1,1,1,1,1,1,0
2026-05-04 01:00:00,334.181386333333,0,0,0,0,0,0,0.0457783333333333,4.71154,25.978695,43.8837266666667,40.968745,37.3902316666667,39.67024,43.3506016666667,50.7485533333333,17.3860016666667,8.63344166666667,4.67452166666667,2.76788333333333,2.23994,2.06824333333333,2.031895,2.04860166666667,1.04856666666667,0.720268333333333,0.447305,0.360251666666667,0.31244,0.244338333333333,0.196326666666667,0.18885,0.135636666666667,0.135718333333333,0.103601666666667,0.101545,0.08156,0.0652566666666667,0.0511183333333333,0.0369633333333333,0.0294,0.0227616666666667,0.0146933333333333,0.0155733333333333,0.0151216666666667,0.00986333333333333,0.0126316666666667,0.00496166666666667,0.00618,0.00947166666666667,0.00476666666666667,0.00425333333333333,0.00375833333333333,0.002135,0.00205166666666667,0.003795,0.00243666666666667,0.000746666666666667,0.000516666666666667,0.000428333333333333,0,0.000853333333333333,0,0.000425,0,0.000423333333333333,0,0,0,0.000223333333333333,0.000193333333333333,0,0,0,0,0,0,0,0,0,1,0,0,0,0,0,0,1,1,1,1,1,1,1,1,1,1,1,1,1,1,1,1,1,1,1,1,1,1,1,1,1,1,1,1,1,1,1,1,1,1,1,1,1,1,1,1,1,1,1,1,1,1,1,1,1,1,1,1,1,1,1,1,1,1,1,1,1,1,1,1,1,1,1,1,1,1,1,1,0
2026-05-04 02:00:00,375.009176633333,0,0,0,0,0,0,0.0551216666666667,4.62318833333333,26.302715,46.1213316666667,44.1150833333333,42.02636,45.7273266666667,51.2509183333333,61.36057,21.3609966666667,10.5509383333333,5.61887166666667,3.35029333333333,2.62835333333333,2.34107833333333,2.31519166666667,2.22064,1.09486666666667,0.721786666666667,0.405595,0.32825,0.268165,0.257636666666667,0.178405,0.17201,0.136783333333333,0.132783333333333,0.113145,0.112231666666667,0.09314,0.076935,0.0540233333333333,0.0346816666666667,0.0269533333333333,0.0307266666666667,0.0135833333333333,0.0177116666666667,0.0126683333333333,0.00988,0.00946,0.00903666666666667,0.008335,0.0104016666666667,0.00462166666666667,0.00466666666666667,0.00419333333333333,0.00240333333333333,0.00193666666666667,0.002915,0.00188,0.00166333333333333,0.000801666666666667,0.00194333333333333,0.00153333333333333,0.000426666666666667,0.000425,0.001275,0.000385,0.0000383333333333333,0.000421666666666667,0,0.000398333333333333,0.000435,0,0,0.000433333333333333,0.0000633333333333333,0.0000683333333333333,0.0000733333333333333,0.0000783333333333333,0.0000833333333333333,0.000025,0,1,0,0,0,0,0,0,1,1,1,1,1,1,1,1,1,1,1,1,1,1,1,1,1,1,1,1,1,1,1,1,1,1,1,1,1,1,1,1,1,1,1,1,1,1,1,1,1,1,1,1,1,1,1,1,1,1,1,1,1,1,1,1,1,1,1,1,1,1,1,1,1,1,1,1,1,1,1,1,0
2026-05-04 03:00:00,370.14443815,0,0,0,0,0,0,0.0521,4.37914,25.0280866666667,43.6814083333333,42.0730916666667,40.0054716666667,44.207675,49.9162766666667,61.154515,22.84651,11.5473816666667,6.21724666666667,3.78273166666667,3.03501166666667,2.69106333333333,2.68486833333333,2.59431833333333,1.31682666666667,0.828798333333333,0.47542,0.375686666666667,0.31168,0.250071666666667,0.22387,0.188896666666667,0.145191666666667,0.132066666666667,0.126448333333333,0.101628333333333,0.0939166666666667,0.069065,0.0560133333333333,0.0358966666666667,0.033125,0.01656,0.0192066666666667,0.01681,0.0157483333333333,0.018995,0.0135066666666667,0.009465,0.0102216666666667,0.006795,0.00553833333333333,0.00470666666666667,0.00287,0.005215,0.00609166666666667,0.00249166666666667,0.003975,0.00103166666666667,0.00186333333333333,0.000538333333333333,0,0.000853333333333333,0.000425,0,0,0,0,0.00042,0,0,0,0,0,0,0,0,0,0,0,0,1,0,0,0,0,0,0,1,1,1,1,1,1,1,1,1,1,1,1,1,1,1,1,1,1,1,1,1,1,1,1,1,1,1,1,1,1,1,1,1,1,1,1,1,1,1,1,1,1,1,1,1,1,1,1,1,1,1,1,1,1,1,1,1,1,1,1,1,1,1,1,1,1,1,1,1,1,1,1,0
2026-05-04 04:00:00,321.606312616667,0,0,0,0,0,0,0.0427483333333333,4.070075,22.8995233333333,39.714675,37.272525,34.8224183333333,37.63258,41.6353433333333,50.0267683333333,18.4682366666667,10.1568916666667,5.635795,3.53558,2.90372166666667,2.71422333333333,2.82336166666667,2.78627166666667,1.34931,0.896523333333333,0.502658333333333,0.387728333333333,0.335766666666667,0.242946666666667,0.201711666666667,0.176496666666667,0.126688333333333,0.11696,0.09968,0.082615,0.0631166666666667,0.0512916666666667,0.04128,0.0325883333333333,0.02614,0.0174233333333333,0.0197166666666667,0.00895833333333333,0.0117283333333333,0.0141783333333333,0.0114583333333333,0.010115,0.00745166666666667,0.00552833333333333,0.005295,0.00349,0.00373666666666667,0.00427,0.00289666666666667,0.00102166666666667,0.00185166666666667,0.00100333333333333,0.000258333333333333,0.000428333333333333,0.00128,0.000426666666666667,0.000425,0.000386666666666667,0.0000383333333333333,0,0,0.00042,0,0.000223333333333333,0.000193333333333333,0,0.0000216666666666667,0.0000633333333333333,0.0000683333333333333,0.0000733333333333333,0.0000783333333333333,0.0000833333333333333,0.000025,0,1,0,0,0,0,0,0,1,1,1,1,1,1,1,1,1,1,1,1,1,1,1,1,1,1,1,1,1,1,1,1,1,1,1,1,1,1,1,1,1,1,1,1,1,1,1,1,1,1,1,1,1,1,1,1,1,1,1,1,1,1,1,1,1,1,1,1,1,1,1,1,1,1,1,1,1,1,1,1,0
2026-05-04 05:00:00,251.670389283333,0,0,0,0,0,0,0.0493983333333333,4.44785166666667,24.2994466666667,39.743965,34.9537483333333,30.010525,29.1201266666667,29.3075216666667,31.211915,10.37864,5.085905,2.77792333333333,1.76137166666667,1.41194666666667,1.31375166666667,1.30733166666667,1.21803666666667,0.612923333333333,0.385923333333333,0.226823333333333,0.17697,0.146001666666667,0.100246666666667,0.0945,0.07399,0.05534,0.0385966666666667,0.034275,0.027725,0.0263233333333333,0.0159433333333333,0.0168566666666667,0.0144716666666667,0.00864,0.00842833333333333,0.00711666666666667,0.00673666666666667,0.00202333333333333,0.00601333333333333,0.00344833333333333,0.00202333333333333,0.00134166666666667,0.00231333333333333,0.00188166666666667,0.000825,0,0.000431666666666667,0.000431666666666667,0.000431666666666667,0,0,0,0.000428333333333333,0,0,0,0,0.000385,0.00046,0,0,0,0,0,0,0,0,0,0,0,0,0,0,1,0,0,0,0,0,0,1,1,1,1,1,1,1,1,1,1,1,1,1,1,1,1,1,1,1,1,1,1,1,1,1,1,1,1,1,1,1,1,1,1,1,1,1,1,1,1,1,1,1,1,1,1,1,1,1,1,1,1,1,1,1,1,1,1,1,1,1,1,1,1,1,1,1,1,1,1,1,1,0
2026-05-04 06:00:00,216.49677065,0,0,0,0,0,0,0.0448083333333333,4.03770833333333,21.81567,35.7328033333333,31.1466416666667,26.2209716666667,25.3672866666667,24.9214783333333,25.4212916666667,7.97887166666667,3.61085833333333,1.91617666666667,1.16961666666667,0.955236666666667,0.893905,0.90938,0.870423333333333,0.495943333333333,0.300201666666667,0.184498333333333,0.143175,0.11038,0.0890766666666667,0.0671183333333333,0.0541966666666667,0.03858,0.0329783333333333,0.0313283333333333,0.0202533333333333,0.0154083333333333,0.0106533333333333,0.011065,0.00809333333333333,0.00517,0.00372666666666667,0.00497833333333333,0.00435333333333333,0.00218,0.00253333333333333,0.000978333333333333,0.00420166666666667,0.00058,0.002115,0.00135333333333333,0.00179833333333333,0.00207333333333333,0.00175,0.000863333333333333,0.000431666666666667,0,0.00043,0.00043,0.000603333333333333,0.000251666666666667,0,0,0,0.000385,0.0000383333333333333,0,0,0,0,0,0.000413333333333333,0,0,0,0,0,0,0,0,1,0,0,0,0,0,0,1,1,1,1,1,1,1,1,1,1,1,1,1,1,1,1,1,1,1,1,1,1,1,1,1,1,1,1,1,1,1,1,1,1,1,1,1,1,1,1,1,1,1,1,1,1,1,1,1,1,1,1,1,1,1,1,1,1,1,1,1,1,1,1,1,1,1,1,1,1,1,1,0
2026-05-04 07:00:00,178.7083023,0,0,0,0,0,0,0.03799,3.32245,18.1247233333333,29.1286316666667,25.587175,21.98802,21.14524,21.17648,21.55439,6.67576,3.00993666666667,1.66424166666667,1.01737833333333,0.805971666666667,0.777348333333333,0.80147,0.832446666666667,0.48732,0.332206666666667,0.186948333333333,0.142055,0.108791666666667,0.0910683333333333,0.0613466666666667,0.05653,0.042075,0.0354083333333333,0.0260533333333333,0.0194983333333333,0.0189916666666667,0.0169516666666667,0.0105466666666667,0.00610333333333333,0.008345,0.00372166666666667,0.00216833333333333,0.00312666666666667,0.00102666666666667,0.00174,0.00087,0.00087,0.000435,0,0.0000416666666666667,0.00214666666666667,0.00125333333333333,0.00131833333333333,0.000775,0.001815,0.0000283333333333333,0.00143333333333333,0.00106166666666667,0.000055,0.000853333333333333,0.000853333333333333,0,0,0,0,0,0,0,0,0,0,0,0,0,0,0,0,0,0,1,0,0,0,0,0,0,1,1,1,1,1,1,1,1,1,1,1,1,1,1,1,1,1,1,1,1,1,1,1,1,1,1,1,1,1,1,1,1,1,1,1,1,1,1,1,1,1,1,1,1,1,1,1,1,1,1,1,1,1,1,1,1,1,1,1,1,1,1,1,1,1,1,1,1,1,1,1,1,0
2026-05-04 08:00:00,173.554882083333,0,0,0,0,0,0,0.03576,3.06684333333333,16.6598683333333,27.348985,24.5266583333333,21.3083716666667,20.98495,21.31301,22.267745,6.92858166666667,2.98857833333333,1.605455,0.93864,0.789235,0.698076666666667,0.72831,0.699051666666667,0.38914,0.26543,0.147628333333333,0.115731666666667,0.0936916666666667,0.08429,0.0677183333333333,0.0483833333333333,0.03801,0.0343,0.028345,0.023745,0.01945,0.014455,0.01388,0.00634666666666667,0.00465333333333333,0.00449833333333333,0.00410833333333333,0.00276666666666667,0.00417,0.00185666666666667,0.00205166666666667,0.003115,0.00204833333333333,0.00226666666666667,0.000935,0.000825,0,0.001225,0.000933333333333333,0.00081,0.00051,0.000831666666666667,0.00123,0.000055,0,0.00019,0.000236666666666667,0,0,0,0,0,0,0,0.000415,0.00032,0.000506666666666667,0,0,0,0,0,0,0,1,0,0,0,0,0,0,1,1,1,1,1,1,1,1,1,1,1,1,1,1,1,1,1,1,1,1,1,1,1,1,1,1,1,1,1,1,1,1,1,1,1,1,1,1,1,1,1,1,1,1,1,1,1,1,1,1,1,1,1,1,1,1,1,1,1,1,1,1,1,1,1,1,1,1,1,1,1,1,0
2026-05-04 09:00:00,158.0273287,0,0,0,0,0,0,0.028365,3.00791833333333,15.7775233333333,24.5864716666667,21.4327716666667,18.5788666666667,18.6351583333333,19.591805,20.071815,6.52328333333333,2.82569833333333,1.501515,0.84879,0.655126666666667,0.602156666666667,0.61285,0.620941666666667,0.352598333333333,0.237038333333333,0.167708333333333,0.121236666666667,0.103061666666667,0.082185,0.067175,0.06782,0.0419433333333333,0.0397233333333333,0.030485,0.0259433333333333,0.023065,0.0153133333333333,0.009555,0.00571833333333333,0.00612,0.006475,0.005635,0.00559,0.00280333333333333,0.002465,0.00260166666666667,0.002885,0.002175,0.00127333333333333,0.00184333333333333,0.00126,0.00123,0.00168,0.000413333333333333,0.000466666666666667,0.00008,0.000745,0.00131833333333333,0.000055,0.000853333333333333,0.000426666666666667,0,0,0.000808333333333333,0.0000383333333333333,0,0,0.000418333333333333,0.00064,0.000193333333333333,0,0,0,0,0,0,0,0,0,1,0,0,0,0,0,0,1,1,1,1,1,1,1,1,1,1,1,1,1,1,1,1,1,1,1,1,1,1,1,1,1,1,1,1,1,1,1,1,1,1,1,1,1,1,1,1,1,1,1,1,1,1,1,1,1,1,1,1,1,1,1,1,1,1,1,1,1,1,1,1,1,1,1,1,1,1,1,1,0
2026-05-04 10:00:00,159.729839366667,0,0,0,0,0,0,0.037565,3.15876666666667,16.34589,25.569845,21.6136666666667,18.6656816666667,18.563785,20.161505,20.082485,5.74168833333333,2.91119166666667,1.50753,0.952226666666667,0.720313333333333,0.664655,0.682648333333333,0.649251666666667,0.361685,0.260498333333333,0.165905,0.131415,0.122378333333333,0.094145,0.0677416666666667,0.0553533333333333,0.0396066666666667,0.0283883333333333,0.0231116666666667,0.01962,0.0118766666666667,0.0139316666666667,0.0101533333333333,0.00655333333333333,0.00465666666666667,0.00471,0.00304333333333333,0.00187,0.00373333333333333,0.00196666666666667,0.00230666666666667,0.00289166666666667,0.00134166666666667,0.00066,0.00227666666666667,0.00123833333333333,0.00171,0,0.000863333333333333,0.001945,0.000666666666666667,0.00100333333333333,0.000631666666666667,0.00134,0,0,0,0.00085,0,0.000423333333333333,0,0,0,0,0,0,0,0,0,0,0,0,0,0,1,0,0,0,0,0,0,1,1,1,1,1,1,1,1,1,1,1,1,1,1,1,1,1,1,1,1,1,1,1,1,1,1,1,1,1,1,1,1,1,1,1,1,1,1,1,1,1,1,1,1,1,1,1,1,1,1,1,1,1,1,1,1,1,1,1,1,1,1,1,1,1,1,1,1,1,1,1,1,0
2026-05-04 11:00:00,180.554599816667,0,0,0,0,0,0,0.02872,3.06498166666667,16.8170183333333,27.2064216666667,23.18952,20.44058,21.197025,24.73312,23.921265,6.88444333333333,3.92215833333333,1.93863333333333,1.22947666666667,1.01883666666667,0.931263333333333,0.965711666666667,0.779948333333333,0.421448333333333,0.286158333333333,0.170191666666667,0.144001666666667,0.117606666666667,0.09682,0.0753733333333333,0.054395,0.0538883333333333,0.0354233333333333,0.0315833333333333,0.0217383333333333,0.0203,0.0160866666666667,0.0102866666666667,0.00751666666666667,0.00324,0.00458833333333333,0.002375,0.00582166666666667,0.00292333333333333,0.00119666666666667,0.00228333333333333,0.00362333333333333,0.00116,0.00208666666666667,0.000163333333333333,0.00121666666666667,0.00041,0.000886666666666667,0.00163833333333333,0.000951666666666667,0.00086,0.000343333333333333,0.000516666666666667,0,0,0.000616666666666667,0.000661666666666667,0.00085,0,0.000423333333333333,0.000705,0.000138333333333333,0,0.000416666666666667,0.000173333333333333,0.00024,0.0000433333333333333,0.000126666666666667,0.000136666666666667,0.000146666666666667,0.000156666666666667,0.000166666666666667,0.00005,0,1,0,0,0,0,0,0,1,1,1,1,1,1,1,1,1,1,1,1,1,1,1,1,1,1,1,1,1,1,1,1,1,1,1,1,1,1,1,1,1,1,1,1,1,1,1,1,1,1,1,1,1,1,1,1,1,1,1,1,1,1,1,1,1,1,1,1,1,1,1,1,1,1,1,1,1,1,1,1,0
2026-05-04 12:00:00,185.6545799,0,0,0,0,0,0,0.0370866666666667,3.34283666666667,18.4965183333333,30.01865,25.004545,21.323435,21.3155833333333,23.9569233333333,23.5042233333333,6.82789,3.83369,1.90470833333333,1.18389666666667,0.888148333333333,0.81959,0.855798333333333,0.668506666666667,0.339821666666667,0.248326666666667,0.14664,0.131418333333333,0.10919,0.0886633333333333,0.0646466666666667,0.053625,0.0415833333333333,0.0309483333333333,0.0231433333333333,0.0243833333333333,0.01968,0.01469,0.0102033333333333,0.00759166666666667,0.00632,0.00483166666666667,0.00410166666666667,0.00317,0.00411333333333333,0.00293166666666667,0.00267166666666667,0.00122333333333333,0.000906666666666667,0.00109333333333333,0.00184333333333333,0.00169333333333333,0.00209666666666667,0.000385,0.001365,0.000431666666666667,0.000486666666666667,0.000803333333333333,0.00086,0.000428333333333333,0.000426666666666667,0,0.000646666666666667,0.000203333333333333,0.000423333333333333,0.000346666666666667,0.000075,0.00042,0.000816666666666667,0.0000183333333333333,0,0,0,0,0,0,0,0,0,0,1,0,0,0,0,0,0,1,1,1,1,1,1,1,1,1,1,1,1,1,1,1,1,1,1,1,1,1,1,1,1,1,1,1,1,1,1,1,1,1,1,1,1,1,1,1,1,1,1,1,1,1,1,1,1,1,1,1,1,1,1,1,1,1,1,1,1,1,1,1,1,1,1,1,1,1,1,1,1,0
2026-05-04 13:00:00,223.117923766667,0,0,0,0,0,0,0.04458,3.97374,21.88271,36.1227266666667,30.843015,26.3575216666667,25.653725,28.23333,27.9331466666667,8.20282333333333,4.562125,2.31802666666667,1.41165833333333,1.142075,0.970375,1.01064333333333,0.800471666666667,0.387363333333333,0.260711666666667,0.16368,0.149456666666667,0.13108,0.0950133333333333,0.091785,0.07446,0.0646083333333333,0.0459583333333333,0.0343633333333333,0.0280866666666667,0.027935,0.0203633333333333,0.018125,0.01119,0.00623,0.007445,0.006045,0.00338,0.00395166666666667,0.003225,0.00292,0.00209666666666667,0.00194,0.00168,0.00264166666666667,0.000868333333333333,0.00212,0.00238,0.00107333333333333,0.00118833333333333,0.000535,0.000601666666666667,0.00106166666666667,0.000483333333333333,0,0.000853333333333333,0.00085,0,0,0.000845,0.000283333333333333,0.000138333333333333,0,0,0.000415,0,0.0000216666666666667,0.0000633333333333333,0.0000683333333333333,0.0000733333333333333,0.0000783333333333333,0.0000833333333333333,0.000025,0,1,0,0,0,0,0,0,1,1,1,1,1,1,1,1,1,1,1,1,1,1,1,1,1,1,1,1,1,1,1,1,1,1,1,1,1,1,1,1,1,1,1,1,1,1,1,1,1,1,1,1,1,1,1,1,1,1,1,1,1,1,1,1,1,1,1,1,1,1,1,1,1,1,1,1,1,1,1,1,0
2026-05-04 14:00:00,192.389547966667,0,0,0,0,0,0,0.048135,3.74169666666667,20.6288666666667,32.8911683333333,26.7212166666667,22.1690233333333,21.54181,23.7638883333333,21.826365,6.56967166666667,3.8496,1.943055,1.17923333333333,0.955125,0.82014,0.885521666666667,0.646451666666667,0.366596666666667,0.238946666666667,0.147846666666667,0.128415,0.104245,0.0754616666666667,0.068915,0.0608316666666667,0.059055,0.0408166666666667,0.0385716666666667,0.0254316666666667,0.0255533333333333,0.0192966666666667,0.01373,0.0105066666666667,0.00767666666666667,0.00536666666666667,0.00235333333333333,0.00458666666666667,0.0038,0.003965,0.00264833333333333,0.00268,0.002665,0.00376666666666667,0.00142166666666667,0.00132333333333333,0.00253,0.001225,0.000501666666666667,0.00118833333333333,0.000533333333333333,0.000601666666666667,0.000631666666666667,0.000055,0.000426666666666667,0.000616666666666667,0.000236666666666667,0.000386666666666667,0.0000383333333333333,0,0,0,0,0,0,0,0.000065,0.00019,0.000205,0.00022,0.000235,0.00025,0.000075,0,1,0,0,0,0,0,0,1,1,1,1,1,1,1,1,1,1,1,1,1,1,1,1,1,1,1,1,1,1,1,1,1,1,1,1,1,1,1,1,1,1,1,1,1,1,1,1,1,1,1,1,1,1,1,1,1,1,1,1,1,1,1,1,1,1,1,1,1,1,1,1,1,1,1,1,1,1,1,1,0
2026-05-04 15:00:00,223.5805209,0,0,0,0,0,0,0.0487316666666667,4.33007,23.4947083333333,38.2164583333333,31.5069533333333,26.3651233333333,25.210045,27.151515,25.4102883333333,7.87844166666667,4.561045,2.34288,1.40535333333333,1.12933333333333,0.995668333333333,1.00466333333333,0.765631666666667,0.389748333333333,0.25771,0.16714,0.133856666666667,0.118343333333333,0.095665,0.0797366666666667,0.063345,0.0554066666666667,0.0455333333333333,0.0351366666666667,0.025585,0.02458,0.02408,0.0134983333333333,0.011125,0.00629333333333333,0.00614166666666667,0.00521166666666667,0.00405333333333333,0.00410833333333333,0.00339,0.00145166666666667,0.002675,0.00415,0.00188,0.00277833333333333,0.00295166666666667,0.00125333333333333,0.001225,0.00007,0.00124166666666667,0.000481666666666667,0.00043,0.000803333333333333,0.000658333333333333,0.00153333333333333,0,0.000323333333333333,0.000101666666666667,0,0,0,0,0,0,0.000588333333333333,0.00024,0,0,0,0,0,0,0,0,1,0,0,0,0,0,0,1,1,1,1,1,1,1,1,1,1,1,1,1,1,1,1,1,1,1,1,1,1,1,1,1,1,1,1,1,1,1,1,1,1,1,1,1,1,1,1,1,1,1,1,1,1,1,1,1,1,1,1,1,1,1,1,1,1,1,1,1,1,1,1,1,1,1,1,1,1,1,1,0
2026-05-04 16:00:00,228.332896466667,0,0,0,0,0,0,0.0525833333333333,4.568645,25.3633416666667,40.7381616666667,33.6041766666667,27.4691166666667,25.5537666666667,26.403965,24.49486,7.472645,4.07440833333333,2.06492833333333,1.21548666666667,0.990771666666667,0.867288333333333,0.882121666666667,0.682848333333333,0.384438333333333,0.248261666666667,0.159825,0.126888333333333,0.114066666666667,0.0884783333333333,0.0714666666666667,0.0552216666666667,0.0549116666666667,0.045875,0.0315966666666667,0.0248783333333333,0.019765,0.01886,0.013715,0.00998333333333333,0.00406333333333333,0.005365,0.00584666666666667,0.00601833333333333,0.00466833333333333,0.00487166666666667,0.00292,0.00340166666666667,0.00237333333333333,0.001655,0.00136833333333333,0.00175666666666667,0.00330333333333333,0.000956666666666667,0.000863333333333333,0.00151333333333333,0.00106666666666667,0.00043,0.00043,0.000428333333333333,0.000426666666666667,0.000616666666666667,0.000236666666666667,0.000425,0.000846666666666667,0.000421666666666667,0,0,0,0.000833333333333333,0,0,0.000065,0.00019,0.000205,0.00022,0.000235,0.00025,0.000075,0,1,0,0,0,0,0,0,1,1,1,1,1,1,1,1,1,1,1,1,1,1,1,1,1,1,1,1,1,1,1,1,1,1,1,1,1,1,1,1,1,1,1,1,1,1,1,1,1,1,1,1,1,1,1,1,1,1,1,1,1,1,1,1,1,1,1,1,1,1,1,1,1,1,1,1,1,1,1,1,0
2026-05-04 17:00:00,239.980659216667,0,0,0,0,0,0,0.0447566666666667,4.65376833333333,25.62335,41.81262,34.5448833333333,28.8793883333333,27.24024,28.1424033333333,27.8615666666667,8.04775833333333,4.34309333333333,2.233025,1.32611,1.03687666666667,0.912171666666667,0.924901666666667,0.756635,0.382431666666667,0.246803333333333,0.146161666666667,0.125843333333333,0.107915,0.0851116666666667,0.0712183333333333,0.0571383333333333,0.062955,0.048105,0.044795,0.033445,0.0337533333333333,0.02155,0.0169116666666667,0.011605,0.00954333333333333,0.00251833333333333,0.00607333333333333,0.005615,0.00416833333333333,0.00707833333333333,0.00502666666666667,0.00434166666666667,0.004115,0.00382,0.002235,0.00214666666666667,0.000843333333333333,0.000431666666666667,0.001895,0.00183,0.0011,0.00180666666666667,0.001005,0.00011,0,0.000426666666666667,0.00117333333333333,0.000101666666666667,0,0.000421666666666667,0,0.00084,0.000418333333333333,0.000223333333333333,0.000193333333333333,0,0.0000433333333333333,0.000126666666666667,0.000136666666666667,0.000146666666666667,0.000156666666666667,0.000166666666666667,0.00005,0,1,0,0,0,0,0,0,1,1,1,1,1,1,1,1,1,1,1,1,1,1,1,1,1,1,1,1,1,1,1,1,1,1,1,1,1,1,1,1,1,1,1,1,1,1,1,1,1,1,1,1,1,1,1,1,1,1,1,1,1,1,1,1,1,1,1,1,1,1,1,1,1,1,1,1,1,1,1,1,0
2026-05-04 18:00:00,237.945056183333,0,0,0,0,0,0,0.0446783333333333,4.65804,25.8364566666667,42.051705,35.2099383333333,28.710425,26.6952233333333,27.6589,27.2769133333333,7.688165,4.05349333333333,2.05076166666667,1.21618833333333,0.99469,0.868995,0.884691666666667,0.709286666666667,0.373981666666667,0.234135,0.161295,0.131176666666667,0.119411666666667,0.100461666666667,0.0977516666666667,0.07693,0.0714116666666667,0.057065,0.043185,0.03717,0.02932,0.0256383333333333,0.019205,0.0177466666666667,0.00854666666666667,0.00864833333333333,0.00755333333333333,0.00947666666666667,0.002335,0.007155,0.00383666666666667,0.00759166666666667,0.00386166666666667,0.00190666666666667,0.00236,0.002455,0.00127666666666667,0.000863333333333333,0.000775,0.000898333333333333,0.000481666666666667,0.00129,0.00128833333333333,0.00103166666666667,0.000251666666666667,0.000426666666666667,0,0.00162333333333333,0.0005,0,0,0,0,0,0.000415,0.000413333333333333,0.0000216666666666667,0.0000633333333333333,0.0000683333333333333,0.0000733333333333333,0.0000783333333333333,0.0000833333333333333,0.000025,0,1,0,0,0,0,0,0,1,1,1,1,1,1,1,1,1,1,1,1,1,1,1,1,1,1,1,1,1,1,1,1,1,1,1,1,1,1,1,1,1,1,1,1,1,1,1,1,1,1,1,1,1,1,1,1,1,1,1,1,1,1,1,1,1,1,1,1,1,1,1,1,1,1,1,1,1,1,1,1,0
2026-05-04 19:00:00,248.611767883333,0,0,0,0,0,0,0.0464166666666667,4.45170166666667,25.0772783333333,41.9972033333333,35.8129433333333,29.9189983333333,28.2755483333333,29.6096816666667,29.9384183333333,8.57651666666667,4.41799833333333,2.25080333333333,1.438395,1.07585666666667,0.95695,0.964475,0.847055,0.419596666666667,0.28807,0.18634,0.149075,0.137921666666667,0.112371666666667,0.112146666666667,0.0937066666666667,0.076495,0.0645116666666667,0.0585666666666667,0.04544,0.04004,0.03947,0.0298866666666667,0.0144883333333333,0.0157566666666667,0.0116116666666667,0.00886833333333333,0.00783166666666667,0.00902833333333333,0.00813166666666667,0.00410166666666667,0.003615,0.00514666666666667,0.00392166666666667,0.00395333333333333,0.000888333333333333,0.00337333333333333,0.00417666666666667,0.00167166666666667,0.00145166666666667,0.000563333333333333,0.00186333333333333,0.000258333333333333,0.00171333333333333,0.000426666666666667,0.00208666666666667,0.000473333333333333,0,0,0,0,0,0,0,0,0.000413333333333333,0,0,0,0,0,0,0,0,1,0,0,0,0,0,0,1,1,1,1,1,1,1,1,1,1,1,1,1,1,1,1,1,1,1,1,1,1,1,1,1,1,1,1,1,1,1,1,1,1,1,1,1,1,1,1,1,1,1,1,1,1,1,1,1,1,1,1,1,1,1,1,1,1,1,1,1,1,1,1,1,1,1,1,1,1,1,1,0
2026-05-04 20:00:00,270.444017766667,0,0,0,0,0,0,0.0469783333333333,4.48991666666667,25.5503383333333,43.8397966666667,38.4018233333333,33.1493783333333,31.9950816666667,32.92249,34.534535,10.1866716666667,5.1007,2.559545,1.50040666666667,1.16926833333333,1.03741,1.02865833333333,0.887595,0.469005,0.315813333333333,0.204363333333333,0.195401666666667,0.161378333333333,0.127553333333333,0.129236666666667,0.0937066666666667,0.0958,0.0804066666666667,0.0691116666666667,0.0463783333333333,0.0463083333333333,0.0395683333333333,0.0261583333333333,0.02037,0.0174683333333333,0.0113983333333333,0.0110466666666667,0.00743333333333333,0.00905666666666667,0.00670666666666667,0.006485,0.00490666666666667,0.00686833333333333,0.00509333333333333,0.00286166666666667,0.0038,0.00248333333333333,0.00208833333333333,0.00127666666666667,0.00219333333333333,0.00225833333333333,0.00114666666666667,0.00137333333333333,0.000428333333333333,0.00128166666666667,0,0,0,0.000385,0.0000383333333333333,0,0.00042,0.000398333333333333,0.000435,0,0,0.0000216666666666667,0.0000633333333333333,0.0000683333333333333,0.0000733333333333333,0.0000783333333333333,0.0000833333333333333,0.000025,0,1,0,0,0,0,0,0,1,1,1,1,1,1,1,1,1,1,1,1,1,1,1,1,1,1,1,1,1,1,1,1,1,1,1,1,1,1,1,1,1,1,1,1,1,1,1,1,1,1,1,1,1,1,1,1,1,1,1,1,1,1,1,1,1,1,1,1,1,1,1,1,1,1,1,1,1,1,1,1,0
2026-05-04 21:00:00,283.37585095,0,0,0,0,0,0,0.0622283333333333,5.79715833333333,30.108915,47.1598783333333,40.402505,33.8442833333333,31.9715433333333,31.4345316666667,34.406785,11.95101,5.40698833333333,2.730645,1.613275,1.17520166666667,0.985135,0.925861666666667,0.895991666666667,0.500098333333333,0.343886666666667,0.204021666666667,0.189905,0.158526666666667,0.120968333333333,0.116598333333333,0.101883333333333,0.0751816666666667,0.0785416666666667,0.066475,0.04769,0.0349833333333333,0.0337133333333333,0.02056,0.0187016666666667,0.0136266666666667,0.0123566666666667,0.0073,0.00985666666666667,0.00641333333333333,0.00736833333333333,0.00559166666666667,0.00245,0.003225,0.00193333333333333,0.00407833333333333,0.00293,0.00209666666666667,0.00242666666666667,0.000985,0.00133,0.00223,0.00143333333333333,0.00180666666666667,0.00187833333333333,0,0.000426666666666667,0.000425,0,0.000385,0.0000383333333333333,0.000421666666666667,0,0,0.000416666666666667,0,0,0.000065,0.00019,0.000205,0.00022,0.000235,0.00025,0.000075,0,1,0,0,0,0,0,0,1,1,1,1,1,1,1,1,1,1,1,1,1,1,1,1,1,1,1,1,1,1,1,1,1,1,1,1,1,1,1,1,1,1,1,1,1,1,1,1,1,1,1,1,1,1,1,1,1,1,1,1,1,1,1,1,1,1,1,1,1,1,1,1,1,1,1,1,1,1,1,1,0
2026-05-04 22:00:00,380.396722416667,0,0,0,0,0,0,0.0763933333333333,6.55531166666667,34.8994366666667,55.7444216666667,48.9466866666667,43.0434283333333,42.7713583333333,44.07857,51.072525,20.7870733333333,10.0323666666667,5.84033333333333,3.49336833333333,2.31765,1.88204333333333,1.75752,1.65198833333333,0.946205,0.610498333333333,0.369178333333333,0.303603333333333,0.254551666666667,0.192566666666667,0.157516666666667,0.143645,0.103293333333333,0.0943166666666667,0.0876466666666667,0.0692866666666667,0.0526133333333333,0.0446966666666667,0.041225,0.0205966666666667,0.02021,0.0207916666666667,0.01167,0.010005,0.0129133333333333,0.00852166666666667,0.00907833333333333,0.00584666666666667,0.00456833333333333,0.00343333333333333,0.00434,0.00493166666666667,0.00419166666666667,0.00467833333333333,0.001945,0.00164666666666667,0.00131833333333333,0.00126166666666667,0.00086,0,0,0,0.000748333333333333,0.000101666666666667,0.000385,0.0000383333333333333,0,0,0,0,0,0,0.0000216666666666667,0.0000633333333333333,0.0000683333333333333,0.0000733333333333333,0.0000783333333333333,0.0000833333333333333,0.000025,0,1,0,0,0,0,0,0,1,1,1,1,1,1,1,1,1,1,1,1,1,1,1,1,1,1,1,1,1,1,1,1,1,1,1,1,1,1,1,1,1,1,1,1,1,1,1,1,1,1,1,1,1,1,1,1,1,1,1,1,1,1,1,1,1,1,1,1,1,1,1,1,1,1,1,1,1,1,1,1,0
2026-05-04 23:00:00,420.543570483333,0,0,0,0,0,0,0.0732333333333333,6.219955,33.9128016666667,56.35154,51.736875,47.39957,49.643985,54.2325216666667,63.9393233333333,24.0817633333333,12.4931866666667,6.3322,3.480525,2.45105,2.00867833333333,1.87915166666667,1.68246,0.845621666666667,0.56231,0.353866666666667,0.296498333333333,0.234851666666667,0.19476,0.18592,0.150938333333333,0.117716666666667,0.10077,0.0856533333333333,0.0726383333333333,0.06029,0.0450833333333333,0.0356683333333333,0.02478,0.020355,0.0128133333333333,0.0138083333333333,0.0131816666666667,0.0109883333333333,0.00749833333333333,0.00753666666666667,0.00918833333333333,0.006615,0.00358666666666667,0.00323833333333333,0.002605,0.00583166666666667,0.00247333333333333,0.00107333333333333,0.00167333333333333,0.00137,0.00100333333333333,0.00192166666666667,0.000483333333333333,0.000855,0.000853333333333333,0.00117333333333333,0.000101666666666667,0,0.000768333333333333,0.000496666666666667,0,0,0,0,0,0.000065,0.00019,0.000205,0.00022,0.000235,0.00025,0.000075,0,1,0,0,0,0,0,0,1,1,1,1,1,1,1,1,1,1,1,1,1,1,1,1,1,1,1,1,1,1,1,1,1,1,1,1,1,1,1,1,1,1,1,1,1,1,1,1,1,1,1,1,1,1,1,1,1,1,1,1,1,1,1,1,1,1,1,1,1,1,1,1,1,1,1,1,1,1,1,1,0
2026-05-05,347.117083683333,0,0,0,0,0,0,0.0570316666666667,4.911885,27.28968,45.6342616666667,43.0802383333333,40.3252483333333,42.7665583333333,46.9336683333333,54.99202,18.3850366666667,9.437845,4.39907,2.22862166666667,1.54989833333333,1.259285,1.122055,0.960841666666667,0.468,0.313403333333333,0.210831666666667,0.182935,0.168463333333333,0.145496666666667,0.131713333333333,0.131656666666667,0.118786666666667,0.09231,0.0762183333333333,0.0731183333333333,0.05438,0.05343,0.028545,0.0264366666666667,0.0125233333333333,0.01968,0.0113916666666667,0.009745,0.0100833333333333,0.00554166666666667,0.00622166666666667,0.00607333333333333,0.00685166666666667,0.00412666666666667,0.007085,0.003385,0.00455666666666667,0.000956666666666667,0.000501666666666667,0.00205166666666667,0.00317166666666667,0.000975,0.000686666666666667,0.00146,0.000678333333333333,0.00189666666666667,0.000236666666666667,0.001585,0.000538333333333333,0,0,0,0,0,0.000173333333333333,0.00024,0,0,0,0,0,0,0,0,1,0,0,0,0,0,0,1,1,1,1,1,1,1,1,1,1,1,1,1,1,1,1,1,1,1,1,1,1,1,1,1,1,1,1,1,1,1,1,1,1,1,1,1,1,1,1,1,1,1,1,1,1,1,1,1,1,1,1,1,1,1,1,1,1,1,1,1,1,1,1,1,1,1,1,1,1,1,1,0
2026-05-05 01:00:00,245.509668966667,0,0,0,0,0,0,0.0422266666666667,3.67771666666667,20.5598683333333,34.51006,31.8351416666667,29.035685,29.9913983333333,31.71079,36.3022616666667,12.31157,5.867375,2.71663666666667,1.440135,0.962,0.767358333333333,0.696675,0.629448333333333,0.358605,0.247631666666667,0.176885,0.165021666666667,0.153983333333333,0.156836666666667,0.144,0.135313333333333,0.113425,0.0997,0.0902333333333333,0.070385,0.0673633333333333,0.0562783333333333,0.0433566666666667,0.0386166666666667,0.0251966666666667,0.0236333333333333,0.0142033333333333,0.01435,0.0115166666666667,0.009465,0.0126783333333333,0.00794666666666667,0.00672166666666667,0.00636833333333333,0.00363,0.002625,0.00417,0.00365166666666667,0.00278166666666667,0.0000883333333333333,0.00183333333333333,0.00238,0.00255,0.00114333333333333,0.00068,0.000426666666666667,0,0.00085,0,0.000421666666666667,0.000421666666666667,0.00042,0.000418333333333333,0,0,0,0.0000216666666666667,0.0000633333333333333,0.0000683333333333333,0.0000733333333333333,0.0000783333333333333,0.0000833333333333333,0.000025,0,1,0,0,0,0,0,0,1,1,1,1,1,1,1,1,1,1,1,1,1,1,1,1,1,1,1,1,1,1,1,1,1,1,1,1,1,1,1,1,1,1,1,1,1,1,1,1,1,1,1,1,1,1,1,1,1,1,1,1,1,1,1,1,1,1,1,1,1,1,1,1,1,1,1,1,1,1,1,1,0
2026-05-05 02:00:00,144.3758976,0,0,0,0,0,0,0.034225,2.50375,14.0662866666667,23.131085,20.9918733333333,18.053755,17.2847766666667,16.67147,17.4407683333333,6.07951833333333,2.51566833333333,1.156755,0.632596666666667,0.461545,0.401926666666667,0.394718333333333,0.397188333333333,0.259145,0.238161666666667,0.174016666666667,0.149231666666667,0.154075,0.150241666666667,0.145826666666667,0.124768333333333,0.119273333333333,0.099365,0.0890983333333333,0.0820866666666667,0.0734183333333333,0.0682933333333333,0.0538633333333333,0.0498383333333333,0.0375933333333333,0.0306616666666667,0.0234933333333333,0.0223866666666667,0.01575,0.014255,0.015575,0.0129416666666667,0.0089,0.00895666666666667,0.00664,0.00755333333333333,0.00585666666666667,0.00379333333333333,0.005125,0.00274666666666667,0.00268333333333333,0.00189166666666667,0.00154666666666667,0.00146,0.00153333333333333,0,0.000425,0.00123666666666667,0.000461666666666667,0.000421666666666667,0.000421666666666667,0,0.000836666666666667,0,0,0.00016,0.000318333333333333,0.00019,0.000205,0.00022,0.000235,0.00025,0.000075,0,1,0,0,0,0,0,0,1,1,1,1,1,1,1,1,1,1,1,1,1,1,1,1,1,1,1,1,1,1,1,1,1,1,1,1,1,1,1,1,1,1,1,1,1,1,1,1,1,1,1,1,1,1,1,1,1,1,1,1,1,1,1,1,1,1,1,1,1,1,1,1,1,1,1,1,1,1,1,1,0
2026-05-05 03:00:00,174.911855483333,0,0,0,0,0,0,0.0276016666666667,2.57291,13.99752,23.5871966666667,22.066325,20.3859416666667,21.3721966666667,22.6198183333333,25.7983366666667,8.97319333333333,4.14789333333333,1.99632333333333,1.09978666666667,0.737036666666667,0.63395,0.620845,0.57756,0.323833333333333,0.246328333333333,0.178686666666667,0.19614,0.193035,0.166035,0.15019,0.1535,0.140466666666667,0.118651666666667,0.105273333333333,0.101071666666667,0.0818066666666667,0.0601066666666667,0.0621133333333333,0.0491733333333333,0.0369916666666667,0.0304466666666667,0.0294166666666667,0.0230316666666667,0.0196683333333333,0.0116116666666667,0.0144983333333333,0.0138733333333333,0.0105433333333333,0.010575,0.00691,0.004625,0.00761166666666667,0.00547333333333333,0.00753833333333333,0.00249166666666667,0.00193666666666667,0.00221,0.001005,0.000966666666666667,0,0.000616666666666667,0.00056,0.000526666666666667,0.000423333333333333,0,0,0,0,0,0,0,0,0,0,0,0,0,0,0,1,0,0,0,0,0,0,1,1,1,1,1,1,1,1,1,1,1,1,1,1,1,1,1,1,1,1,1,1,1,1,1,1,1,1,1,1,1,1,1,1,1,1,1,1,1,1,1,1,1,1,1,1,1,1,1,1,1,1,1,1,1,1,1,1,1,1,1,1,1,1,1,1,1,1,1,1,1,1,0
2026-05-05 04:00:00,213.410224883333,0,0,0,0,0,0,0.0337266666666667,2.81762,14.6403733333333,23.9482316666667,22.0415033333333,21.477875,24.9791983333333,30.11554,39.3599033333333,14.3122233333333,7.86155333333333,3.859205,1.94722833333333,1.37711333333333,1.10444166666667,0.956946666666667,0.864151666666667,0.423971666666667,0.30059,0.225785,0.229206666666667,0.231046666666667,0.196566666666667,0.183366666666667,0.179173333333333,0.157488333333333,0.138138333333333,0.137406666666667,0.122058333333333,0.0930216666666667,0.0663466666666667,0.05066,0.0490516666666667,0.0399033333333333,0.02946,0.0243366666666667,0.0247633333333333,0.0153516666666667,0.0167,0.01371,0.009095,0.012325,0.0102583333333333,0.00774333333333333,0.00349166666666667,0.00633333333333333,0.00545,0.00469333333333333,0.003125,0.000183333333333333,0.00100333333333333,0.00272333333333333,0.00114166666666667,0.00110666666666667,0.00147,0.000236666666666667,0,0,0.000421666666666667,0.000421666666666667,0,0,0,0.000415,0,0.0000216666666666667,0.0000633333333333333,0.0000683333333333333,0.0000733333333333333,0.0000783333333333333,0.0000833333333333333,0.000025,0,1,0,0,0,0,0,0,1,1,1,1,1,1,1,1,1,1,1,1,1,1,1,1,1,1,1,1,1,1,1,1,1,1,1,1,1,1,1,1,1,1,1,1,1,1,1,1,1,1,1,1,1,1,1,1,1,1,1,1,1,1,1,1,1,1,1,1,1,1,1,1,1,1,1,1,1,1,1,1,0
2026-05-05 05:00:00,193.5797928,0,0,0,0,0,0,0.0404216666666667,2.98365166666667,15.81874,25.1347516666667,22.5681016666667,21.0949233333333,23.3132766666667,26.5299933333333,31.589455,10.929875,5.2378,2.384455,1.24247666666667,0.841573333333333,0.671611666666667,0.657206666666667,0.608621666666667,0.36349,0.28878,0.2212,0.21026,0.204373333333333,0.176311666666667,0.166421666666667,0.170723333333333,0.143966666666667,0.144955,0.130341666666667,0.10406,0.093155,0.0752383333333333,0.0544916666666667,0.0509,0.0340866666666667,0.0255016666666667,0.0140316666666667,0.0200633333333333,0.020855,0.012995,0.013885,0.01583,0.00973166666666667,0.00820333333333333,0.00751,0.00757833333333333,0.00583333333333333,0.00333666666666667,0.00505666666666667,0.00350333333333333,0.003245,0.00255166666666667,0.00197833333333333,0.00215,0.00143333333333333,0.00147,0.000985,0.000526666666666667,0,0,0,0,0.000398333333333333,0.0000183333333333333,0,0,0.000476666666666667,0.00019,0.000205,0.00022,0.000235,0.00025,0.000075,0,1,0,0,0,0,0,0,1,1,1,1,1,1,1,1,1,1,1,1,1,1,1,1,1,1,1,1,1,1,1,1,1,1,1,1,1,1,1,1,1,1,1,1,1,1,1,1,1,1,1,1,1,1,1,1,1,1,1,1,1,1,1,1,1,1,1,1,1,1,1,1,1,1,1,1,1,1,1,1,0
2026-05-05 06:00:00,150.719300316667,0,0,0,0,0,0,0.030165,2.68412166666667,13.612055,21.6725483333333,19.1291566666667,17.2042983333333,17.9698033333333,19.5735183333333,21.8688216666667,7.328125,3.32474166666667,1.53933333333333,0.86933,0.589373333333333,0.52143,0.468551666666667,0.438738333333333,0.312895,0.234561666666667,0.192085,0.175976666666667,0.183613333333333,0.169906666666667,0.159363333333333,0.139403333333333,0.12443,0.118835,0.115581666666667,0.0950566666666667,0.0781466666666667,0.0789116666666667,0.0580616666666667,0.050075,0.0346433333333333,0.0307733333333333,0.0225316666666667,0.0160433333333333,0.0169,0.016025,0.0151483333333333,0.0108283333333333,0.010925,0.008,0.005245,0.00588333333333333,0.00419333333333333,0.00578833333333333,0.003125,0.002335,0.00177666666666667,0.00243666666666667,0.00131833333333333,0.00237166666666667,0.000251666666666667,0.00147,0.00163166666666667,0.000305,0.00077,0.0000766666666666667,0,0,0.000418333333333333,0.000833333333333333,0.000588333333333333,0.00024,0.0000433333333333333,0.000126666666666667,0.000136666666666667,0.000146666666666667,0.000156666666666667,0.000166666666666667,0.00005,0,1,0,0,0,0,0,0,1,1,1,1,1,1,1,1,1,1,1,1,1,1,1,1,1,1,1,1,1,1,1,1,1,1,1,1,1,1,1,1,1,1,1,1,1,1,1,1,1,1,1,1,1,1,1,1,1,1,1,1,1,1,1,1,1,1,1,1,1,1,1,1,1,1,1,1,1,1,1,1,0
2026-05-05 07:00:00,97.2947238666667,0,0,0,0,0,0,0.0239333333333333,2.16317833333333,10.7603866666667,16.4579516666667,13.7366433333333,11.389915,10.8575416666667,10.9101566666667,11.5759683333333,3.65848333333333,1.54811833333333,0.721935,0.42068,0.29518,0.25554,0.256505,0.282241666666667,0.205581666666667,0.162008333333333,0.12081,0.125828333333333,0.126315,0.113008333333333,0.120206666666667,0.101221666666667,0.110863333333333,0.0920533333333333,0.0914666666666667,0.0815133333333333,0.0685083333333333,0.0598783333333333,0.0395633333333333,0.0385333333333333,0.0264033333333333,0.0234366666666667,0.02229,0.0176883333333333,0.0153133333333333,0.0129783333333333,0.012245,0.00939333333333333,0.00614166666666667,0.009735,0.00650333333333333,0.00583833333333333,0.00419333333333333,0.00336,0.00271166666666667,0.00391833333333333,0.00220166666666667,0.00086,0.00086,0.00103166666666667,0.00196166666666667,0.000853333333333333,0,0.00123666666666667,0.00169333333333333,0.000461666666666667,0.000421666666666667,0,0.000398333333333333,0.000435,0,0.000826666666666667,0.000151666666666667,0.000443333333333333,0.000478333333333333,0.000513333333333333,0.000548333333333333,0.000583333333333333,0.000175,0,1,0,0,0,0,0,0,1,1,1,1,1,1,1,1,1,1,1,1,1,1,1,1,1,1,1,1,1,1,1,1,1,1,1,1,1,1,1,1,1,1,1,1,1,1,1,1,1,1,1,1,1,1,1,1,1,1,1,1,1,1,1,1,1,1,1,1,1,1,1,1,1,1,1,1,1,1,1,1,0
2026-05-05 08:00:00,82.8984195818182,0,0,0,0,0,0,0.0211072727272727,1.92872363636364,10.2026309090909,15.8675745454545,12.6437145454545,10.0602272727273,8.88960363636364,8.79389272727273,7.81558,2.09972545454545,1.07154,0.478234545454545,0.284956363636364,0.240501818181818,0.206998181818182,0.225812727272727,0.19988,0.133534545454545,0.126507272727273,0.0891745454545455,0.102707272727273,0.104029090909091,0.0906763636363636,0.0880109090909091,0.0733036363636364,0.0787636363636364,0.0726254545454545,0.0639763636363636,0.0538854545454545,0.0602363636363636,0.0480981818181818,0.0414490909090909,0.0294636363636364,0.0199381818181818,0.0200563636363636,0.0165109090909091,0.0157763636363636,0.0143290909090909,0.01314,0.0131072727272727,0.00875272727272727,0.00464727272727273,0.00641636363636364,0.00449090909090909,0.00522909090909091,0.00405272727272727,0.00448,0.00171818181818182,0.00229636363636364,0.00196363636363636,0.000438181818181818,0.00134363636363636,0.000718181818181818,0.00120727272727273,0.000930909090909091,0.00116909090909091,0.00110727272727273,0.000923636363636364,0.00134,0.0000818181818181818,0.000916363636363636,0.00178181818181818,0.000949090909090909,0.000189090909090909,0.000261818181818182,0.00052,0.000207272727272727,0.000223636363636364,0.00024,0.000256363636363636,0.000272727272727273,0.0000818181818181818,0,1,0,0,0,0,0,0,1,1,1,1,1,1,1,1,1,1,1,1,1,1,1,1,1,1,1,1,1,1,1,1,1,1,1,1,1,1,1,1,1,1,1,1,1,1,1,1,1,1,1,1,1,1,1,1,1,1,1,1,1,1,1,1,1,1,1,1,1,1,1,1,1,1,1,1,1,1,1,1,0
2026-05-05 09:00:00,146.413080673469,0,0,0,0,0,0,0.0333122448979592,3.28388367346939,17.2495571428571,26.4976959183673,21.2721816326531,16.5484346938775,14.3529857142857,12.9420306122449,11.5602224489796,8.05484285714286,4.03864285714286,1.69638571428571,1.02521020408163,0.677528571428571,0.570395918367347,0.556089795918367,0.523116326530612,0.384577551020408,0.277885714285714,0.196551020408163,0.164732653061224,0.128532653061224,0.112028571428571,0.1052,0.0762755102040816,0.0803142857142857,0.0634061224489796,0.060669387755102,0.0508265306122449,0.0381163265306122,0.036065306122449,0.0306979591836735,0.0346551020408163,0.0215142857142857,0.0161142857142857,0.0169775510204082,0.00871428571428571,0.0108571428571429,0.00948775510204082,0.00780816326530612,0.00494489795918367,0.00665510204081633,0.00576530612244898,0.00403061224489796,0.00467551020408163,0.00457551020408163,0.0057,0.00184285714285714,0.00152040816326531,0.0000979591836734694,0.00249183673469388,0.00214081632653061,0.000591836734693878,0.00104489795918367,0.000522448979591837,0.00195714285714286,0.000644897959183673,0.0020265306122449,0.0000469387755102041,0,0.00138163265306122,0.000161224489795918,0,0.000212244897959184,0.000293877551020408,0.0000530612244897959,0.000155102040816327,0.00016734693877551,0.000179591836734694,0.000191836734693878,0.000204081632653061,0.0000612244897959184,0,1,0,0,0,0,0,0,1,1,1,1,1,1,1,1,1,1,1,1,1,1,1,1,1,1,1,1,1,1,1,1,1,1,1,1,1,1,1,1,1,1,1,1,1,1,1,1,1,1,1,1,1,1,1,1,1,1,1,1,1,1,1,1,1,1,1,1,1,1,1,1,1,1,1,1,1,1,1,1,0
2026-05-05 10:00:00,348.515416701754,0,0,0,0,0,0,0.100738596491228,9.26186842105263,46.1007315789474,68.1022912280702,53.1654807017544,41.1725736842105,35.0006947368421,31.1370631578947,27.8490649122807,23.4347421052632,12.2517070175439,4.38889824561404,2.15824210526316,1.30950350877193,1.00280701754386,0.909957894736842,0.815112280701754,0.587242105263158,0.388542105263158,0.252157894736842,0.150605263157895,0.13799298245614,0.104650877192982,0.0863631578947368,0.0722035087719298,0.0671771929824561,0.0443491228070175,0.0382263157894737,0.0346859649122807,0.0318508771929825,0.0284368421052632,0.0277438596491228,0.0200368421052632,0.0168210526315789,0.0119789473684211,0.0113491228070175,0.0118438596491228,0.008,0.00721754385964912,0.0102842105263158,0.00546491228070175,0.00413859649122807,0.00372631578947368,0.00333684210526316,0.00223859649122807,0.00218245614035088,0.00171929824561404,0.00196491228070175,0.00215964912280702,0.0023719298245614,0.000180701754385965,0.0016280701754386,0.000901754385964912,0.0009,0.00179649122807018,0.00168245614035088,0.00096140350877193,0.0000403508771929825,0.000445614035087719,0.000443859649122807,0.000745614035087719,0.000998245614035088,0.000489473684210526,0.000407017543859649,0.000603508771929825,0.000859649122807018,0.000466666666666667,0.0005,0.000536842105263158,0.00057719298245614,0.000617543859649123,0.000180701754385965,0,1,0,0,0,0,0,0,1,1,1,1,1,1,1,1,1,1,1,1,1,1,1,1,1,1,1,1,1,1,1,1,1,1,1,1,1,1,1,1,1,1,1,1,1,1,1,1,1,1,1,1,1,1,1,1,1,1,1,1,1,1,1,1,1,1,1,1,1,1,1,1,1,1,1,1,1,1,1,1,0
2026-05-05 11:00:00,114.892289105263,0,0,0,0,0,0,0.042219298245614,3.5993350877193,17.6105280701754,24.9750210526316,18.2809052631579,13.2218754385965,10.5422526315789,8.7237649122807,7.19608771929825,4.79428771929825,2.36520877192982,0.941194736842105,0.516001754385965,0.355917543859649,0.284389473684211,0.284257894736842,0.2825,0.202684210526316,0.161456140350877,0.114794736842105,0.0915087719298246,0.0858877192982456,0.0702350877192982,0.0718315789473684,0.0520561403508772,0.0609263157894737,0.0397385964912281,0.0391877192982456,0.0372052631578947,0.0308877192982456,0.0264964912280702,0.0215438596491228,0.0155578947368421,0.0180017543859649,0.0106122807017544,0.0122140350877193,0.0110140350877193,0.0103175438596491,0.00583508771929825,0.00931052631578947,0.00912631578947369,0.00524561403508772,0.00758947368421053,0.00576140350877193,0.00625614035087719,0.00220701754385965,0.00252982456140351,0.00312280701754386,0.00289298245614035,0.00246315789473684,0.00371228070175439,0.00331578947368421,0.00120175438596491,0.00251052631578947,0.00154736842105263,0.00103684210526316,0.000514035087719298,0.00174210526315789,0.00133508771929825,0.000821052631578947,0.000587719298245614,0.00171929824561404,0.0000385964912280702,0.000436842105263158,0,0.000296491228070175,0.000866666666666667,0.000935087719298246,0.00100350877192982,0.0010719298245614,0.00114035087719298,0.000342105263157895,0,1,0,0,0,0,0,0,1,1,1,1,1,1,1,1,1,1,1,1,1,1,1,1,1,1,1,1,1,1,1,1,1,1,1,1,1,1,1,1,1,1,1,1,1,1,1,1,1,1,1,1,1,1,1,1,1,1,1,1,1,1,1,1,1,1,1,1,1,1,1,1,1,1,1,1,1,1,1,1,0
2026-05-05 12:00:00,72.610570245614,0,0,0,0,0,0,0.0281263157894737,2.48251228070175,11.9810456140351,16.0005842105263,11.3591245614035,8.25502105263158,6.72824035087719,5.65978245614035,4.43021929824561,2.02835263157895,1.07179298245614,0.527519298245614,0.303838596491228,0.243754385964912,0.209375438596491,0.241838596491228,0.196724561403509,0.173031578947368,0.131940350877193,0.0940122807017544,0.0825421052631579,0.0763771929824561,0.0668280701754386,0.0561929824561404,0.0432666666666667,0.043921052631579,0.0341263157894737,0.0324666666666667,0.0335052631578947,0.0222666666666667,0.0186087719298246,0.0156614035087719,0.0124491228070175,0.0149824561403509,0.0142964912280702,0.0116035087719298,0.0087280701754386,0.00776315789473684,0.00639649122807018,0.00637719298245614,0.0050280701754386,0.00505614035087719,0.00418421052631579,0.00483684210526316,0.00436491228070175,0.000887719298245614,0.00334035087719298,0.00465263157894737,0.0024,0.00152982456140351,0.00323157894736842,0.00111754385964912,0.00186140350877193,0.000449122807017544,0.000898245614035088,0.00157543859649123,0.00106842105263158,0.000485964912280702,0,0.0011859649122807,0.00102982456140351,0,0.00043859649122807,0.00105614035087719,0.000252631578947368,0.0000912280701754386,0.000266666666666667,0.000285964912280702,0.000307017543859649,0.000329824561403509,0.000352631578947368,0.000103508771929825,0,1,0,0,0,0,0,0,1,1,1,1,1,1,1,1,1,1,1,1,1,1,1,1,1,1,1,1,1,1,1,1,1,1,1,1,1,1,1,1,1,1,1,1,1,1,1,1,1,1,1,1,1,1,1,1,1,1,1,1,1,1,1,1,1,1,1,1,1,1,1,1,1,1,1,1,1,1,1,1,0
2026-05-05 13:00:00,78.0704947192982,0,0,0,0,0,0,0.0366052631578947,2.59995964912281,12.3591964912281,16.4341315789474,12.0776596491228,9.09015614035088,7.79916315789474,7.28902807017544,5.75121228070175,1.95721929824561,1.02923859649123,0.4856,0.289933333333333,0.228357894736842,0.211587719298246,0.216908771929825,0.217098245614035,0.131759649122807,0.0995,0.0702421052631579,0.0812649122807017,0.0708052631578947,0.0501842105263158,0.0608771929824561,0.0425421052631579,0.0420280701754386,0.0425894736842105,0.0323964912280702,0.0338245614035088,0.0230614035087719,0.0205526315789474,0.0204842105263158,0.0129859649122807,0.0138035087719298,0.0119842105263158,0.00957894736842105,0.0128894736842105,0.00701228070175439,0.0077140350877193,0.00797017543859649,0.00639473684210526,0.00385087719298246,0.00657017543859649,0.00377719298245614,0.00410701754385965,0.00311929824561404,0.00434912280701754,0.00103684210526316,0.00230877192982456,0.0028,0.00196140350877193,0.00190350877192982,0.000808771929824561,0.000715789473684211,0.000898245614035088,0.00134210526315789,0.000447368421052632,0.000445614035087719,0.000889473684210526,0.000443859649122807,0.000745614035087719,0.00013859649122807,0.00043859649122807,0.000364912280701754,0.000505263157894737,0.000547368421052632,0.000333333333333333,0.000359649122807018,0.000385964912280702,0.000412280701754386,0.00043859649122807,0.000131578947368421,0,1,0,0,0,0,0,0,1,1,1,1,1,1,1,1,1,1,1,1,1,1,1,1,1,1,1,1,1,1,1,1,1,1,1,1,1,1,1,1,1,1,1,1,1,1,1,1,1,1,1,1,1,1,1,1,1,1,1,1,1,1,1,1,1,1,1,1,1,1,1,1,1,1,1,1,1,1,1,1,0
2026-05-05 14:00:00,74.2530854363636,0,0,0,0,0,0,0.0199181818181818,2.05068363636364,10.5087890909091,14.8279672727273,11.3699672727273,8.7965,7.92026181818182,7.56154,6.13025090909091,1.68872727272727,0.822949090909091,0.395927272727273,0.264632727272727,0.197089090909091,0.151150909090909,0.174665454545455,0.162830909090909,0.111243636363636,0.0847527272727273,0.0709072727272727,0.0668981818181818,0.06532,0.0555272727272727,0.0479545454545455,0.0434727272727273,0.0417472727272727,0.0386890909090909,0.0312290909090909,0.0341581818181818,0.0272781818181818,0.0222836363636364,0.01894,0.0157145454545455,0.0108581818181818,0.0125381818181818,0.00895272727272727,0.0103909090909091,0.00970545454545454,0.00450363636363636,0.00722727272727273,0.00299090909090909,0.00259090909090909,0.00591636363636364,0.00267454545454545,0.00272363636363636,0.00223636363636364,0.00364,0.00295818181818182,0.00186363636363636,0.000707272727272727,0.00175272727272727,0,0.00178363636363636,0.00148181818181818,0.000465454545454545,0.00128,0.00146,0.0000418181818181818,0.00176181818181818,0.0000818181818181818,0.000916363636363636,0.000456363636363636,0.000909090909090909,0,0,0.000118181818181818,0.000345454545454545,0.000372727272727273,0.0004,0.000427272727272727,0.000454545454545455,0.000136363636363636,0,1,0,0,0,0,0,0,1,1,1,1,1,1,1,1,1,1,1,1,1,1,1,1,1,1,1,1,1,1,1,1,1,1,1,1,1,1,1,1,1,1,1,1,1,1,1,1,1,1,1,1,1,1,1,1,1,1,1,1,1,1,1,1,1,1,1,1,1,1,1,1,1,1,1,1,1,1,1,1,0
2026-05-05 15:00:00,80.16428148,0,0,0,0,0,0,0.023512,2.019096,10.761582,15.686838,12.458886,9.796672,8.83485,8.51771,6.8411,1.87053,0.922754,0.464796,0.274756,0.192922,0.173908,0.181592,0.147256,0.09901,0.08797,0.06675,0.062456,0.054968,0.043936,0.042618,0.043608,0.042682,0.028524,0.0328,0.03106,0.023556,0.019534,0.018892,0.011812,0.01672,0.01039,0.009372,0.008514,0.005044,0.006732,0.005788,0.007558,0.005416,0.003144,0.004388,0.002032,0.003992,0.004172,0.001838,0.00317,0.002346,0.001204,0.003266,0.000342,0.001326,0.001764,0.000672,0.000122,0.003464,0.000598,0.001012,0.001038,0.000474,0.0005,0,0,0.000052,0.000152,0.000164,0.000176,0.000188,0.0002,0.00006,0,1,0,0,0,0,0,0,1,1,1,1,1,1,1,1,1,1,1,1,1,1,1,1,1,1,1,1,1,1,1,1,1,1,1,1,1,1,1,1,1,1,1,1,1,1,1,1,1,1,1,1,1,1,1,1,1,1,1,1,1,1,1,1,1,1,1,1,1,1,1,1,1,1,1,1,1,1,1,1,0
2026-05-05 16:00:00,81.6826589491525,0,0,0,0,0,0,0.0230152542372881,2.20344745762712,11.4394677966102,16.3599830508475,12.5563644067797,9.70966949152542,8.64845593220339,8.20540847457627,6.85795593220339,1.87128305084746,0.932903389830508,0.461179661016949,0.265940677966102,0.212762711864407,0.19134406779661,0.175313559322034,0.152045762711864,0.110396610169492,0.0695406779661017,0.0607186440677966,0.0608305084745763,0.0556847457627119,0.0540440677966102,0.0474474576271186,0.0377915254237288,0.0371135593220339,0.0270491525423729,0.0316898305084746,0.0272271186440678,0.0266762711864407,0.0250186440677966,0.0167220338983051,0.0116491525423729,0.00986779661016949,0.00812033898305085,0.00946271186440678,0.00973220338983051,0.0135135593220339,0.00994576271186441,0.00564745762711864,0.00595932203389831,0.00341016949152542,0.00183728813559322,0.00339322033898305,0.00468135593220339,0.0055135593220339,0.00371186440677966,0.00456610169491525,0.00144237288135593,0.00183050847457627,0.00102033898305085,0.00151525423728814,0.0015406779661017,0.00155932203389831,0.00216949152542373,0.00195423728813559,0.000638983050847458,0.00172203389830508,0,0.000288135593220339,0.000140677966101695,0,0,0,0.000420338983050847,0.0000661016949152542,0.000193220338983051,0.000208474576271186,0.000223728813559322,0.000238983050847458,0.000254237288135593,0.000076271186440678,0,1,0,0,0,0,0,0,1,1,1,1,1,1,1,1,1,1,1,1,1,1,1,1,1,1,1,1,1,1,1,1,1,1,1,1,1,1,1,1,1,1,1,1,1,1,1,1,1,1,1,1,1,1,1,1,1,1,1,1,1,1,1,1,1,1,1,1,1,1,1,1,1,1,1,1,1,1,1,1,0
2026-05-05 17:00:00,89.5016531636364,0,0,0,0,0,0,0.0295836363636364,2.47084545454545,12.2449854545455,17.96686,13.7617981818182,10.5803218181818,9.39072,8.94600909090909,7.53452727272727,2.37872545454545,1.21303090909091,0.604205454545455,0.349874545454545,0.25554,0.223596363636364,0.237867272727273,0.213058181818182,0.148178181818182,0.123670909090909,0.0831709090909091,0.0761145454545454,0.0741472727272727,0.0515563636363636,0.0525618181818182,0.0560527272727273,0.04682,0.0407381818181818,0.0349472727272727,0.0314327272727273,0.0225654545454545,0.0304909090909091,0.0216109090909091,0.0189818181818182,0.0137272727272727,0.0171872727272727,0.00989454545454545,0.00870727272727273,0.00832363636363636,0.0111527272727273,0.00500727272727273,0.00520545454545455,0.00591272727272727,0.00733272727272727,0.00314727272727273,0.00416545454545455,0.00275818181818182,0.00395818181818182,0.00256363636363636,0.00321818181818182,0.00310727272727273,0.00316,0.00175090909090909,0.00012,0.000930909090909091,0.000672727272727273,0.00153818181818182,0.000532727272727273,0.000923636363636364,0.000503636363636364,0.00092,0.000314545454545455,0.000143636363636364,0.000487272727272727,0.000421818181818182,0,0.0000236363636363636,0.0000690909090909091,0.0000745454545454546,0.00008,0.0000854545454545455,0.0000909090909090909,0.0000272727272727273,0,1,0,0,0,0,0,0,1,1,1,1,1,1,1,1,1,1,1,1,1,1,1,1,1,1,1,1,1,1,1,1,1,1,1,1,1,1,1,1,1,1,1,1,1,1,1,1,1,1,1,1,1,1,1,1,1,1,1,1,1,1,1,1,1,1,1,1,1,1,1,1,1,1,1,1,1,1,1,1,0
2026-05-05 18:00:00,88.3952016785714,0,0,0,0,0,0,0.0280982142857143,2.20786428571429,11.7696214285714,17.7460517857143,13.7918589285714,10.8253910714286,9.57713392857143,9.23842678571429,7.41492321428571,2.34308035714286,1.24449821428571,0.556105357142857,0.352930357142857,0.273369642857143,0.230233928571429,0.227091071428571,0.212092857142857,0.154782142857143,0.109819642857143,0.0780392857142857,0.0820642857142857,0.0587928571428571,0.0568535714285714,0.0571589285714286,0.0444607142857143,0.0434517857142857,0.0364892857142857,0.0313160714285714,0.0295589285714286,0.0251857142857143,0.0204732142857143,0.0204160714285714,0.0128785714285714,0.008975,0.00984821428571429,0.00737678571428571,0.00636607142857143,0.00596964285714286,0.008175,0.00804642857142857,0.00534642857142857,0.00458214285714286,0.00458035714285714,0.00496428571428571,0.00355892857142857,0.00227142857142857,0.002575,0.00115,0.000925,0.00190357142857143,0.00196607142857143,0.00199821428571429,0.00186964285714286,0.0019125,0.000914285714285714,0.0017125,0.000564285714285714,0.00181428571428571,0.00172857142857143,0.000532142857142857,0,0.000448214285714286,0.000446428571428571,0.000889285714285714,0.000442857142857143,0.0000696428571428571,0.000203571428571429,0.000219642857142857,0.000235714285714286,0.000251785714285714,0.000267857142857143,0.0000803571428571429,0,1,0,0,0,0,0,0,1,1,1,1,1,1,1,1,1,1,1,1,1,1,1,1,1,1,1,1,1,1,1,1,1,1,1,1,1,1,1,1,1,1,1,1,1,1,1,1,1,1,1,1,1,1,1,1,1,1,1,1,1,1,1,1,1,1,1,1,1,1,1,1,1,1,1,1,1,1,1,1,0
2026-05-05 19:00:00,75.5901000185185,0,0,0,0,0,0,0.0228592592592593,2.1082,10.5271018518519,15.6513185185185,11.8202592592593,8.81190925925926,7.42896481481481,6.73621851851852,5.68689259259259,2.13056481481481,1.10902222222222,0.577661111111111,0.317224074074074,0.261794444444444,0.210822222222222,0.217114814814815,0.204557407407407,0.155259259259259,0.121227777777778,0.0881259259259259,0.0695166666666667,0.0577240740740741,0.0493462962962963,0.0534777777777778,0.0401777777777778,0.0498777777777778,0.0322407407407407,0.031387037037037,0.0295333333333333,0.0171574074074074,0.0205037037037037,0.0187518518518519,0.0160962962962963,0.0135648148148148,0.0104666666666667,0.0110648148148148,0.00719259259259259,0.00663703703703704,0.00638148148148148,0.0032462962962963,0.00442222222222222,0.00648148148148148,0.00365185185185185,0.000481481481481481,0.00154074074074074,0.00412592592592593,0.00259074074074074,0.00249259259259259,0.00215185185185185,0.00394444444444444,0.00270740740740741,0.00152962962962963,0.000951851851851852,0.00095,0.0018962962962963,0.000944444444444444,0.000472222222222222,0.000427777777777778,0.000896296296296296,0.000398148148148148,0.0015537037037037,0.000464814814814815,0,0,0,0.000553703703703704,0.000281481481481481,0.000303703703703704,0.000325925925925926,0.000348148148148148,0.00037037037037037,0.000111111111111111,0,1,0,0,0,0,0,0,1,1,1,1,1,1,1,1,1,1,1,1,1,1,1,1,1,1,1,1,1,1,1,1,1,1,1,1,1,1,1,1,1,1,1,1,1,1,1,1,1,1,1,1,1,1,1,1,1,1,1,1,1,1,1,1,1,1,1,1,1,1,1,1,1,1,1,1,1,1,1,1,0
2026-05-05 20:00:00,125.789644616667,0,0,0,0,0,0,0.04105,3.11632666666667,15.7209766666667,23.1838583333333,18.4649633333333,15.426525,14.5332016666667,14.1998566666667,12.646325,3.09002,1.37852166666667,0.688865,0.403711666666667,0.318458333333333,0.291211666666667,0.275055,0.25524,0.18252,0.164903333333333,0.122613333333333,0.112736666666667,0.120836666666667,0.117801666666667,0.100185,0.102718333333333,0.0908683333333333,0.082295,0.07459,0.0611383333333333,0.0497966666666667,0.0412033333333333,0.036155,0.0310783333333333,0.0256316666666667,0.0251566666666667,0.0138333333333333,0.0148616666666667,0.01503,0.00947833333333333,0.00669666666666667,0.00976166666666667,0.0118516666666667,0.00832666666666667,0.00447333333333333,0.006255,0.003305,0.00338333333333333,0.00349666666666667,0.00511333333333333,0.004455,0.000773333333333333,0.00372833333333333,0.00142666666666667,0.000931666666666667,0.00213333333333333,0.00202333333333333,0.000951666666666667,0.00123166666666667,0.0000383333333333333,0.000283333333333333,0.000558333333333333,0.001235,0.000435,0.000173333333333333,0.00122666666666667,0.000665,0,0,0,0,0,0,0,1,0,0,0,0,0,0,1,1,1,1,1,1,1,1,1,1,1,1,1,1,1,1,1,1,1,1,1,1,1,1,1,1,1,1,1,1,1,1,1,1,1,1,1,1,1,1,1,1,1,1,1,1,1,1,1,1,1,1,1,1,1,1,1,1,1,1,1,1,1,1,1,1,1,1,1,1,1,1,0
2026-05-05 21:00:00,98.4521552833333,0,0,0,0,0,0,0.0377916666666667,3.12350333333333,14.516865,19.76883,15.185375,11.69576,10.19666,9.20157333333333,8.01177333333333,2.23257333333333,0.980981666666667,0.530031666666667,0.303401666666667,0.250211666666667,0.218881666666667,0.247341666666667,0.245953333333333,0.197453333333333,0.162323333333333,0.122086666666667,0.136291666666667,0.128706666666667,0.132218333333333,0.130071666666667,0.112585,0.0982633333333333,0.0852183333333333,0.0913516666666667,0.0696433333333333,0.0624983333333333,0.0512883333333333,0.0437783333333333,0.0305716666666667,0.029875,0.018745,0.017505,0.016015,0.0136666666666667,0.00941833333333333,0.00894166666666667,0.00728333333333333,0.00817333333333333,0.0110616666666667,0.00470166666666667,0.005035,0.00501333333333333,0.00295333333333333,0.00443833333333333,0.00127666666666667,0.00319833333333333,0.00240833333333333,0.00126333333333333,0.00199833333333333,0.00281666666666667,0.000806666666666667,0.000473333333333333,0.001275,0.00127,0.000845,0.000421666666666667,0.000288333333333333,0.000968333333333333,0,0.000415,0.000413333333333333,0.000216666666666667,0.000633333333333333,0.000681666666666667,0.000731666666666667,0.000783333333333333,0.000835,0.000248333333333333,0,1,0,0,0,0,0,0,1,1,1,1,1,1,1,1,1,1,1,1,1,1,1,1,1,1,1,1,1,1,1,1,1,1,1,1,1,1,1,1,1,1,1,1,1,1,1,1,1,1,1,1,1,1,1,1,1,1,1,1,1,1,1,1,1,1,1,1,1,1,1,1,1,1,1,1,1,1,1,1,0
2026-05-05 22:00:00,97.8298963666667,0,0,0,0,0,0,0.0282916666666667,2.09894833333333,10.9949,16.9115466666667,14.5702166666667,12.4606816666667,11.78201,11.5555366666667,9.77317833333333,2.432565,0.817825,0.461961666666667,0.289791666666667,0.228815,0.220318333333333,0.271146666666667,0.269505,0.205356666666667,0.184961666666667,0.167625,0.167261666666667,0.164508333333333,0.134185,0.154061666666667,0.134761666666667,0.135166666666667,0.113835,0.103195,0.0829166666666667,0.07503,0.05838,0.0511116666666667,0.0330333333333333,0.0333866666666667,0.0271733333333333,0.0240433333333333,0.0144083333333333,0.0113316666666667,0.01078,0.0152716666666667,0.00815666666666667,0.008625,0.00644333333333333,0.00484166666666667,0.00744666666666667,0.00501333333333333,0.00528666666666667,0.00463,0.00271333333333333,0.00223,0.00220666666666667,0.00232333333333333,0.00291,0.000678333333333333,0.00189666666666667,0.00130833333333333,0.00105333333333333,0,0.000423333333333333,0,0.000708333333333333,0.00055,0.00125,0.000415,0,0.000541666666666667,0.00038,0.00041,0.00044,0.00047,0.0005,0.00015,0,1,0,0,0,0,0,0,1,1,1,1,1,1,1,1,1,1,1,1,1,1,1,1,1,1,1,1,1,1,1,1,1,1,1,1,1,1,1,1,1,1,1,1,1,1,1,1,1,1,1,1,1,1,1,1,1,1,1,1,1,1,1,1,1,1,1,1,1,1,1,1,1,1,1,1,1,1,1,1,0
2026-05-05 23:00:00,105.342018816667,0,0,0,0,0,0,0.0254683333333333,2.058815,10.9557816666667,17.5668516666667,15.75172,13.9746216666667,13.604695,13.4183966666667,11.0661916666667,2.32643833333333,0.889266666666667,0.500221666666667,0.29944,0.256776666666667,0.250403333333333,0.298643333333333,0.318876666666667,0.244845,0.224603333333333,0.186038333333333,0.174241666666667,0.174846666666667,0.162521666666667,0.161543333333333,0.128543333333333,0.141153333333333,0.129135,0.108113333333333,0.0884916666666667,0.0836866666666667,0.074365,0.0610466666666667,0.0483383333333333,0.0332866666666667,0.0323916666666667,0.027475,0.0186633333333333,0.0126016666666667,0.0146416666666667,0.0140216666666667,0.010615,0.0117383333333333,0.007815,0.00649166666666667,0.006295,0.00717666666666667,0.00340833333333333,0.00428,0.00503666666666667,0.00162833333333333,0.00263833333333333,0.00163333333333333,0.00146,0.00153166666666667,0.00147,0.000236666666666667,0.00166166666666667,0.00169333333333333,0.000883333333333333,0,0,0.000398333333333333,0.0000183333333333333,0,0,0,0,0,0,0,0,0,0,1,0,0,0,0,0,0,1,1,1,1,1,1,1,1,1,1,1,1,1,1,1,1,1,1,1,1,1,1,1,1,1,1,1,1,1,1,1,1,1,1,1,1,1,1,1,1,1,1,1,1,1,1,1,1,1,1,1,1,1,1,1,1,1,1,1,1,1,1,1,1,1,1,1,1,1,1,1,1,0
2026-05-06,71.9208180166667,0,0,0,0,0,0,0.016755,1.43355,7.322505,11.5583116666667,10.5780716666667,9.69630666666667,9.483625,9.36618166666667,7.65107166666667,1.70947166666667,0.651715,0.349621666666667,0.221643333333333,0.187516666666667,0.206283333333333,0.230393333333333,0.22979,0.206683333333333,0.171001666666667,0.140823333333333,0.13288,0.13102,0.133628333333333,0.129856666666667,0.105866666666667,0.109713333333333,0.087785,0.0758583333333333,0.0669066666666667,0.0666833333333333,0.0436333333333333,0.0415966666666667,0.0305233333333333,0.0288866666666667,0.01743,0.0183733333333333,0.0160516666666667,0.0119833333333333,0.01188,0.0087,0.00889333333333333,0.00556666666666667,0.005095,0.00841166666666667,0.00475166666666667,0.00499166666666667,0.00478333333333333,0.00307,0.002115,0.00309,0.001175,0.00212333333333333,0.00106333333333333,0.00118166666666667,0.000426666666666667,0.00085,0.00247333333333333,0.0000766666666666667,0.000845,0,0,0.000836666666666667,0.000223333333333333,0.000193333333333333,0,0.0000433333333333333,0.000126666666666667,0.000136666666666667,0.000146666666666667,0.000156666666666667,0.000166666666666667,0.00005,0,1,0,0,0,0,0,0,1,1,1,1,1,1,1,1,1,1,1,1,1,1,1,1,1,1,1,1,1,1,1,1,1,1,1,1,1,1,1,1,1,1,1,1,1,1,1,1,1,1,1,1,1,1,1,1,1,1,1,1,1,1,1,1,1,1,1,1,1,1,1,1,1,1,1,1,1,1,1,1,0
2026-05-06 01:00:00,61.1701970833333,0,0,0,0,0,0,0.0114233333333333,1.146185,5.95109166666667,9.75416666666667,8.98086666666667,8.19171166666667,7.85541,7.74126333333333,6.27574166666667,1.39253333333333,0.60076,0.321885,0.197765,0.169346666666667,0.162565,0.200776666666667,0.204236666666667,0.149983333333333,0.132483333333333,0.11344,0.105998333333333,0.0993883333333333,0.09631,0.0950133333333333,0.0880716666666667,0.0903116666666667,0.0684916666666667,0.0672483333333333,0.0615133333333333,0.0564483333333333,0.0409966666666667,0.0325983333333333,0.02818,0.0165066666666667,0.018595,0.0148833333333333,0.0128516666666667,0.0105783333333333,0.00955333333333333,0.009055,0.00918666666666667,0.005675,0.00542,0.003295,0.005145,0.00756666666666667,0.00324333333333333,0.00269333333333333,0.001365,0.00102,0.000803333333333333,0.00246333333333333,0.00225166666666667,0.002135,0.000853333333333333,0,0.00085,0.000423333333333333,0.000421666666666667,0,0,0.000398333333333333,0.0000183333333333333,0.000415,0,0.0000216666666666667,0.0000633333333333333,0.0000683333333333333,0.0000733333333333333,0.0000783333333333333,0.0000833333333333333,0.000025,0,1,0,0,0,0,0,0,1,1,1,1,1,1,1,1,1,1,1,1,1,1,1,1,1,1,1,1,1,1,1,1,1,1,1,1,1,1,1,1,1,1,1,1,1,1,1,1,1,1,1,1,1,1,1,1,1,1,1,1,1,1,1,1,1,1,1,1,1,1,1,1,1,1,1,1,1,1,1,1,0
2026-05-06 02:00:00,59.1652452666667,0,0,0,0,0,0,0.0144316666666667,1.10822,5.78320333333333,9.56465666666667,8.84375833333333,7.94228333333333,7.56472333333333,7.33370666666667,6.18201666666667,1.52329,0.660408333333333,0.356291666666667,0.210015,0.165398333333333,0.166636666666667,0.183626666666667,0.185598333333333,0.155065,0.128175,0.0954583333333333,0.103276666666667,0.117201666666667,0.0900383333333333,0.0899666666666667,0.0815816666666667,0.07486,0.06356,0.0607633333333333,0.05054,0.044725,0.041265,0.03063,0.0235383333333333,0.0185733333333333,0.0154233333333333,0.0135933333333333,0.0121483333333333,0.0102416666666667,0.00660666666666667,0.00744833333333333,0.0112116666666667,0.00628833333333333,0.0093,0.00186166666666667,0.00660166666666667,0.00294,0.00508666666666667,0.00229833333333333,0.00118833333333333,0.00182333333333333,0.00189166666666667,0.000686666666666667,0.00120666666666667,0.000503333333333333,0.000853333333333333,0.00159833333333333,0.00137666666666667,0.000808333333333333,0.000806666666666667,0.000496666666666667,0.00084,0.000836666666666667,0,0,0.00016,0.000253333333333333,0,0,0,0,0,0,0,1,0,0,0,0,0,0,1,1,1,1,1,1,1,1,1,1,1,1,1,1,1,1,1,1,1,1,1,1,1,1,1,1,1,1,1,1,1,1,1,1,1,1,1,1,1,1,1,1,1,1,1,1,1,1,1,1,1,1,1,1,1,1,1,1,1,1,1,1,1,1,1,1,1,1,1,1,1,1,0
2026-05-06 03:00:00,56.1280580666667,0,0,0,0,0,0,0.0142466666666667,1.07801833333333,5.52268666666667,9.16239666666667,8.38993,7.48149833333333,7.10434833333333,6.85665333333333,5.88771,1.47187333333333,0.634196666666667,0.342365,0.205508333333333,0.158786666666667,0.167856666666667,0.19426,0.19035,0.15294,0.128548333333333,0.104676666666667,0.0936033333333333,0.102125,0.0897966666666667,0.0863266666666667,0.0856866666666667,0.0756,0.0674566666666667,0.0601983333333333,0.04395,0.0412666666666667,0.036175,0.037235,0.0276983333333333,0.0168166666666667,0.0172933333333333,0.0138916666666667,0.00963666666666667,0.00973333333333333,0.00985166666666667,0.00900333333333333,0.00382333333333333,0.00675833333333333,0.00737833333333333,0.00386166666666667,0.00384333333333333,0.00580833333333333,0.002975,0.00169,0.00368833333333333,0.000848333333333333,0.00157666666666667,0.000888333333333333,0.000833333333333333,0.00306833333333333,0.00038,0.000473333333333333,0.000773333333333333,0.000461666666666667,0.000883333333333333,0,0.000288333333333333,0.000131666666666667,0.000416666666666667,0,0.000573333333333333,0.000275,0.0000633333333333333,0.0000683333333333333,0.0000733333333333333,0.0000783333333333333,0.0000833333333333333,0.000025,0,1,0,0,0,0,0,0,1,1,1,1,1,1,1,1,1,1,1,1,1,1,1,1,1,1,1,1,1,1,1,1,1,1,1,1,1,1,1,1,1,1,1,1,1,1,1,1,1,1,1,1,1,1,1,1,1,1,1,1,1,1,1,1,1,1,1,1,1,1,1,1,1,1,1,1,1,1,1,1,0
2026-05-06 04:00:00,65.8426829166667,0,0,0,0,0,0,0.00931666666666667,1.09733333333333,5.98686333333333,10.187335,9.47962666666667,8.706245,8.50915166666667,8.40067166666667,7.647285,2.03631166666667,0.766843333333333,0.3969,0.234345,0.202535,0.186351666666667,0.202188333333333,0.210578333333333,0.142783333333333,0.128675,0.12305,0.102758333333333,0.111665,0.111178333333333,0.109908333333333,0.0950083333333333,0.0943283333333333,0.0768666666666667,0.0687416666666667,0.0630266666666667,0.0585933333333333,0.036415,0.0401166666666667,0.0281333333333333,0.01578,0.0154216666666667,0.0121016666666667,0.01181,0.009895,0.0126416666666667,0.0106183333333333,0.00751333333333333,0.00668666666666667,0.00440833333333333,0.00797833333333333,0.00340666666666667,0.00588,0.004795,0.000413333333333333,0.00219333333333333,0.000538333333333333,0.00303833333333333,0.002005,0.000911666666666667,0.00128333333333333,0.00128,0.000425,0.000811666666666667,0.000885,0,0.000705,0.000138333333333333,0,0.00105666666666667,0.000193333333333333,0,0.0000216666666666667,0.0000633333333333333,0.0000683333333333333,0.0000733333333333333,0.0000783333333333333,0.0000833333333333333,0.000025,0,1,0,0,0,0,0,0,1,1,1,1,1,1,1,1,1,1,1,1,1,1,1,1,1,1,1,1,1,1,1,1,1,1,1,1,1,1,1,1,1,1,1,1,1,1,1,1,1,1,1,1,1,1,1,1,1,1,1,1,1,1,1,1,1,1,1,1,1,1,1,1,1,1,1,1,1,1,1,1,0
2026-05-06 05:00:00,66.00428525,0,0,0,0,0,0,0.0161333333333333,1.23814166666667,6.81204,11.427385,10.3515416666667,9.03047666666667,8.21522166666667,7.32958833333333,6.44632166666667,1.90478333333333,0.690535,0.350781666666667,0.246785,0.189558333333333,0.18092,0.203,0.217461666666667,0.163833333333333,0.156531666666667,0.119336666666667,0.115691666666667,0.114611666666667,0.121946666666667,0.0985116666666667,0.09337,0.111576666666667,0.0810766666666667,0.065285,0.06861,0.0641266666666667,0.0500683333333333,0.0360466666666667,0.03436,0.0279666666666667,0.01929,0.01821,0.0146566666666667,0.00917833333333333,0.00753166666666667,0.00723833333333333,0.006145,0.00529333333333333,0.006495,0.005055,0.00421166666666667,0.00542333333333333,0.00624333333333333,0.00353833333333333,0.00150666666666667,0.002285,0.00198,0.000946666666666667,0.00103166666666667,0.001105,0,0.000425,0.000425,0.000423333333333333,0.000768333333333333,0.000496666666666667,0,0,0.000416666666666667,0,0.000573333333333333,0.000275,0.0000633333333333333,0.0000683333333333333,0.0000733333333333333,0.0000783333333333333,0.0000833333333333333,0.000025,0,1,0,0,0,0,0,0,1,1,1,1,1,1,1,1,1,1,1,1,1,1,1,1,1,1,1,1,1,1,1,1,1,1,1,1,1,1,1,1,1,1,1,1,1,1,1,1,1,1,1,1,1,1,1,1,1,1,1,1,1,1,1,1,1,1,1,1,1,1,1,1,1,1,1,1,1,1,1,1,0
2026-05-06 06:00:00,67.5168311333333,0,0,0,0,0,0,0.0180466666666667,1.54806833333333,8.27369333333333,13.4117033333333,11.3513733333333,9.028375,7.51443333333333,6.27123833333333,5.01231833333333,1.63602333333333,0.618571666666667,0.365885,0.221531666666667,0.181935,0.17966,0.199783333333333,0.222581666666667,0.156425,0.14156,0.114988333333333,0.113936666666667,0.116595,0.10082,0.108931666666667,0.0884833333333333,0.0872883333333333,0.0797366666666667,0.0771116666666667,0.061555,0.05794,0.050965,0.045715,0.03431,0.020945,0.0244116666666667,0.0201516666666667,0.01589,0.0169316666666667,0.0125616666666667,0.0125616666666667,0.008745,0.009915,0.0118866666666667,0.00402166666666667,0.00637833333333333,0.00378333333333333,0.00888,0.00383,0.001885,0.00147833333333333,0.002495,0.00209333333333333,0.00469,0.001785,0.000426666666666667,0,0,0.001155,0.00130833333333333,0.000358333333333333,0.000846666666666667,0.00053,0.00210166666666667,0.00083,0.000826666666666667,0.000065,0.00019,0.000205,0.00022,0.000235,0.00025,0.000075,0,1,0,0,0,0,0,0,1,1,1,1,1,1,1,1,1,1,1,1,1,1,1,1,1,1,1,1,1,1,1,1,1,1,1,1,1,1,1,1,1,1,1,1,1,1,1,1,1,1,1,1,1,1,1,1,1,1,1,1,1,1,1,1,1,1,1,1,1,1,1,1,1,1,1,1,1,1,1,1,0
2026-05-06 07:00:00,79.2617843333333,0,0,0,0,0,0,0.016875,1.82801833333333,9.70056,15.5281316666667,13.5263283333333,10.7958083333333,9.10762333333333,7.48962,5.81657666666667,1.75675833333333,0.757335,0.432561666666667,0.269886666666667,0.202326666666667,0.201908333333333,0.21395,0.266006666666667,0.197448333333333,0.16093,0.12434,0.126401666666667,0.128803333333333,0.121176666666667,0.114076666666667,0.0926616666666667,0.101591666666667,0.081825,0.0666083333333333,0.0733833333333333,0.062335,0.048075,0.0369083333333333,0.0369416666666667,0.0322783333333333,0.0301033333333333,0.0229316666666667,0.0192133333333333,0.0165616666666667,0.012115,0.0106116666666667,0.0116533333333333,0.0100183333333333,0.00745666666666667,0.00992833333333333,0.00598833333333333,0.00455666666666667,0.00699833333333333,0.00532333333333333,0.00317833333333333,0.00365666666666667,0.00306833333333333,0.000258333333333333,0.00231666666666667,0.00281333333333333,0.00104333333333333,0.00248166666666667,0.00243,0.000423333333333333,0.000846666666666667,0.000705,0.00126666666666667,0.000948333333333333,0.0000183333333333333,0.000415,0,0.00013,0.00038,0.000408333333333333,0.000438333333333333,0.00047,0.000501666666666667,0.000148333333333333,0,1,0,0,0,0,0,0,1,1,1,1,1,1,1,1,1,1,1,1,1,1,1,1,1,1,1,1,1,1,1,1,1,1,1,1,1,1,1,1,1,1,1,1,1,1,1,1,1,1,1,1,1,1,1,1,1,1,1,1,1,1,1,1,1,1,1,1,1,1,1,1,1,1,1,1,1,1,1,1,0
2026-05-06 08:00:00,79.2441930555556,0,0,0,0,0,0,0.017787037037037,1.9626037037037,10.1868722222222,16.1803259259259,13.962937037037,11.1548518518519,8.83959444444444,7.05059444444444,4.99373518518519,1.30739259259259,0.608790740740741,0.354981481481482,0.225477777777778,0.175618518518519,0.160598148148148,0.209790740740741,0.207759259259259,0.173411111111111,0.147601851851852,0.111201851851852,0.119509259259259,0.110566666666667,0.107059259259259,0.0900740740740741,0.0880111111111111,0.0947888888888889,0.0839851851851852,0.0741740740740741,0.0562074074074074,0.062862962962963,0.053212962962963,0.0416537037037037,0.0436888888888889,0.0322537037037037,0.032337037037037,0.0240314814814815,0.0178555555555556,0.0152148148148148,0.0177722222222222,0.00996851851851852,0.00875,0.012962962962963,0.00911296296296296,0.00704444444444444,0.00417222222222222,0.00374814814814815,0.00847962962962963,0.00415740740740741,0.00351296296296296,0.0040537037037037,0.000955555555555556,0.00398333333333333,0.00221111111111111,0.00095,0.00210740740740741,0.00120740740740741,0.00141666666666667,0.00136851851851852,0.00183518518518519,0.00118148148148148,0.00156111111111111,0.000588888888888889,0.00119444444444444,0.000675925925925926,0.000459259259259259,0.000192592592592593,0.000562962962962963,0.000607407407407407,0.000651851851851852,0.000696296296296296,0.000740740740740741,0.000222222222222222,0,1,0,0,0,0,0,0,1,1,1,1,1,1,1,1,1,1,1,1,1,1,1,1,1,1,1,1,1,1,1,1,1,1,1,1,1,1,1,1,1,1,1,1,1,1,1,1,1,1,1,1,1,1,1,1,1,1,1,1,1,1,1,1,1,1,1,1,1,1,1,1,1,1,1,1,1,1,1,1,0
2026-05-06 09:00:00,71.67588455,0,0,0,0,0,0,0.0197083333333333,1.73195333333333,9.59392333333333,15.1731166666667,12.6833016666667,9.65441666666667,7.59992333333333,6.02382666666667,4.24319666666667,1.27669833333333,0.61023,0.31777,0.245465,0.194261666666667,0.183916666666667,0.204386666666667,0.21276,0.165123333333333,0.127326666666667,0.102255,0.100675,0.09324,0.0895,0.0877566666666667,0.07594,0.0724216666666667,0.0622733333333333,0.061295,0.0459783333333333,0.0542133333333333,0.0414616666666667,0.0375916666666667,0.0336533333333333,0.0221366666666667,0.0164333333333333,0.0175433333333333,0.0154733333333333,0.0104216666666667,0.0116566666666667,0.00894666666666667,0.00909833333333333,0.00627166666666667,0.00654333333333333,0.00471333333333333,0.00418833333333333,0.00332666666666667,0.00674333333333333,0.002605,0.00188333333333333,0.00271333333333333,0.00220666666666667,0.003295,0.002295,0.003745,0.000853333333333333,0.00085,0.000425,0.000423333333333333,0.000845,0.00112666666666667,0.00139833333333333,0.000418333333333333,0.00147333333333333,0.00102333333333333,0.00124,0.000888333333333333,0.00019,0.000205,0.00022,0.000235,0.00025,0.000075,0,1,0,0,0,0,0,0,1,1,1,1,1,1,1,1,1,1,1,1,1,1,1,1,1,1,1,1,1,1,1,1,1,1,1,1,1,1,1,1,1,1,1,1,1,1,1,1,1,1,1,1,1,1,1,1,1,1,1,1,1,1,1,1,1,1,1,1,1,1,1,1,1,1,1,1,1,1,1,1,0
2026-05-06 10:00:00,74.415716754386,0,0,0,0,0,0,0.0189122807017544,1.77246666666667,9.16071578947368,14.7822789473684,12.5124035087719,10.126650877193,8.37576842105263,7.00721929824561,5.27256140350877,1.46534561403509,0.651182456140351,0.366036842105263,0.216659649122807,0.185991228070175,0.192319298245614,0.217985964912281,0.223531578947368,0.147843859649123,0.129749122807018,0.106012280701754,0.0875842105263158,0.10199649122807,0.0952368421052632,0.0943,0.0710912280701754,0.0703614035087719,0.0638701754385965,0.0582070175438597,0.0566210526315789,0.0473175438596491,0.0355929824561403,0.0438473684210526,0.0254140350877193,0.0201280701754386,0.0184315789473684,0.0163315789473684,0.0146,0.0143140350877193,0.00863859649122807,0.00841578947368421,0.00859649122807018,0.0060280701754386,0.00595263157894737,0.00831052631578947,0.00499649122807018,0.00263859649122807,0.00416315789473684,0.00371754385964912,0.0028719298245614,0.00248070175438596,0.00153859649122807,0.00365263157894737,0.00330526315789474,0.00142982456140351,0.00269473684210526,0.00257719298245614,0.00100175438596491,0.00129649122807018,0.00165964912280702,0.00104561403508772,0.000442105263157895,0.000440350877192982,0,0.000436842105263158,0.000435087719298246,0.000957894736842105,0.000266666666666667,0.000287719298245614,0.000308771929824561,0.000329824561403509,0.000350877192982456,0.000105263157894737,0,1,0,0,0,0,0,0,1,1,1,1,1,1,1,1,1,1,1,1,1,1,1,1,1,1,1,1,1,1,1,1,1,1,1,1,1,1,1,1,1,1,1,1,1,1,1,1,1,1,1,1,1,1,1,1,1,1,1,1,1,1,1,1,1,1,1,1,1,1,1,1,1,1,1,1,1,1,1,1,0
2026-05-06 11:00:00,69.429548137931,0,0,0,0,0,0,0.0207224137931034,1.63145862068966,8.37176034482759,13.3001362068966,11.4911775862069,9.5180224137931,8.15019310344828,6.91814137931035,5.17256379310345,1.52943448275862,0.677077586206897,0.318298275862069,0.19918275862069,0.161998275862069,0.147393103448276,0.156058620689655,0.181806896551724,0.141994827586207,0.105498275862069,0.0863413793103448,0.0867844827586207,0.089098275862069,0.0724103448275862,0.0717775862068965,0.05155,0.0672051724137931,0.0562344827586207,0.0478896551724138,0.0417103448275862,0.0383362068965517,0.036148275862069,0.0287844827586207,0.0228396551724138,0.0175258620689655,0.0183431034482759,0.015648275862069,0.0125827586206897,0.0113672413793103,0.00997068965517241,0.00668448275862069,0.00673275862068966,0.00773965517241379,0.00677068965517241,0.00738103448275862,0.00316206896551724,0.00565862068965517,0.00487586206896552,0.00343103448275862,0.00373620689655172,0.0028051724137931,0.00148275862068966,0.0031448275862069,0.000851724137931035,0.00202758620689655,0.00220689655172414,0.00110862068965517,0.000610344827586207,0.000875862068965517,0.00198965517241379,0.000668965517241379,0.000868965517241379,0.000432758620689655,0.000693103448275862,0.00102931034482759,0,0.000537931034482759,0.000327586206896552,0.000353448275862069,0.000379310344827586,0.000405172413793103,0.000431034482758621,0.000129310344827586,0,1,0,0,0,0,0,0,1,1,1,1,1,1,1,1,1,1,1,1,1,1,1,1,1,1,1,1,1,1,1,1,1,1,1,1,1,1,1,1,1,1,1,1,1,1,1,1,1,1,1,1,1,1,1,1,1,1,1,1,1,1,1,1,1,1,1,1,1,1,1,1,1,1,1,1,1,1,1,1,0
2026-05-06 12:00:00,71.5435990909091,0,0,0,0,0,0,0.0227327272727273,1.67529454545455,8.83902909090909,13.6903890909091,11.6119436363636,9.71917454545455,8.37506727272727,7.28141636363636,5.53404909090909,1.58686727272727,0.654412727272727,0.340558181818182,0.20388,0.155554545454545,0.151094545454545,0.157843636363636,0.184041818181818,0.128841818181818,0.101592727272727,0.0834109090909091,0.0836072727272727,0.0788527272727273,0.0655109090909091,0.0676745454545455,0.0583181818181818,0.0574072727272727,0.0544909090909091,0.0452581818181818,0.0437018181818182,0.0318236363636364,0.03508,0.0325090909090909,0.0260927272727273,0.0157272727272727,0.0157763636363636,0.0179,0.0165854545454545,0.00747454545454546,0.0124418181818182,0.0121290909090909,0.00763818181818182,0.00943090909090909,0.00622181818181818,0.00647272727272727,0.00643636363636364,0.00328363636363636,0.00324545454545455,0.00514909090909091,0.00334363636363636,0.00343272727272727,0.00215818181818182,0.00371636363636364,0.00143636363636364,0.00474363636363636,0.00186181818181818,0.00128181818181818,0.00103818181818182,0.000923636363636364,0.00084,0.0000818181818181818,0.000458181818181818,0.00317272727272727,0.00002,0.000452727272727273,0.000174545454545455,0.000465454545454545,0.000552727272727273,0.000596363636363636,0.00064,0.000683636363636364,0.000727272727272727,0.000218181818181818,0,1,0,0,0,0,0,0,1,1,1,1,1,1,1,1,1,1,1,1,1,1,1,1,1,1,1,1,1,1,1,1,1,1,1,1,1,1,1,1,1,1,1,1,1,1,1,1,1,1,1,1,1,1,1,1,1,1,1,1,1,1,1,1,1,1,1,1,1,1,1,1,1,1,1,1,1,1,1,1,0
2026-05-06 13:00:00,71.9510020363636,0,0,0,0,0,0,0.0241036363636364,1.88873090909091,9.66153636363636,14.4730763636364,11.8402418181818,9.29243272727273,7.97988727272727,6.77627818181818,5.28945090909091,1.68451272727273,0.624263636363636,0.303492727272727,0.180494545454545,0.147792727272727,0.139881818181818,0.149885454545455,0.152125454545455,0.111952727272727,0.101067272727273,0.06552,0.0640054545454545,0.0715218181818182,0.0636854545454545,0.0639436363636364,0.04196,0.0447090909090909,0.0371090909090909,0.0432436363636364,0.0308309090909091,0.0285509090909091,0.0240018181818182,0.0232290909090909,0.0211054545454545,0.0165763636363636,0.0145618181818182,0.0132181818181818,0.0112054545454545,0.00713090909090909,0.0142454545454545,0.00465454545454545,0.00742181818181818,0.00620727272727273,0.00669454545454545,0.00558545454545455,0.00222909090909091,0.00318181818181818,0.00495090909090909,0.00321636363636364,0.00309454545454545,0.00155090909090909,0.00250181818181818,0.00168727272727273,0.000849090909090909,0.00148,0.000672727272727273,0.00281818181818182,0.00114909090909091,0.00126,0.00104909090909091,0.00046,0,0,0.000454545454545455,0,0,0.000165454545454545,0.000483636363636364,0.000521818181818182,0.00056,0.000598181818181818,0.000636363636363636,0.000190909090909091,0,1,0,0,0,0,0,0,1,1,1,1,1,1,1,1,1,1,1,1,1,1,1,1,1,1,1,1,1,1,1,1,1,1,1,1,1,1,1,1,1,1,1,1,1,1,1,1,1,1,1,1,1,1,1,1,1,1,1,1,1,1,1,1,1,1,1,1,1,1,1,1,1,1,1,1,1,1,1,1,0
2026-05-06 14:00:00,72.8812741111111,0,0,0,0,0,0,0.0216592592592593,1.72145740740741,8.87993333333333,13.8584518518519,11.5981666666667,9.61232037037037,8.61954074074074,7.78257222222222,6.03538703703704,1.71956481481481,0.697559259259259,0.337957407407407,0.206090740740741,0.160853703703704,0.135372222222222,0.148222222222222,0.15982962962963,0.126942592592593,0.0943203703703704,0.0701055555555556,0.0798277777777778,0.0773166666666667,0.0590777777777778,0.0563333333333333,0.0540666666666667,0.0590185185185185,0.0422777777777778,0.0423388888888889,0.0301962962962963,0.0307814814814815,0.030937037037037,0.0210462962962963,0.0223925925925926,0.0174,0.0167925925925926,0.0146833333333333,0.00878703703703704,0.00920185185185185,0.0092462962962963,0.0109092592592593,0.0102018518518519,0.00879814814814815,0.00910740740740741,0.00685,0.00451481481481481,0.00324074074074074,0.00474444444444444,0.00513703703703704,0.00491111111111111,0.00542777777777778,0.00181481481481481,0.00318518518518518,0.00206296296296296,0.00103333333333333,0.00142222222222222,0.00141851851851852,0.0018462962962963,0.00192407407407407,0.00179259259259259,0.0018037037037037,0.000940740740740741,0.000611111111111111,0.00163703703703704,0.000868518518518518,0.000266666666666667,0.000312962962962963,0.000914814814814815,0.000983333333333333,0.00105555555555556,0.00113148148148148,0.00120740740740741,0.000357407407407407,0,1,0,0,0,0,0,0,1,1,1,1,1,1,1,1,1,1,1,1,1,1,1,1,1,1,1,1,1,1,1,1,1,1,1,1,1,1,1,1,1,1,1,1,1,1,1,1,1,1,1,1,1,1,1,1,1,1,1,1,1,1,1,1,1,1,1,1,1,1,1,1,1,1,1,1,1,1,1,1,0
2026-05-06 15:00:00,85.6176145185185,0,0,0,0,0,0,0.0249074074074074,1.99721296296296,10.185187037037,15.947987037037,13.2532333333333,11.10495,10.2122222222222,9.46017222222222,7.36215,1.99602407407407,0.785285185185185,0.380005555555556,0.227701851851852,0.168303703703704,0.15572962962963,0.158683333333333,0.17725,0.116488888888889,0.108564814814815,0.0812333333333333,0.0749037037037037,0.0746944444444444,0.0746277777777778,0.0847555555555556,0.0620074074074074,0.0507277777777778,0.0514407407407407,0.0391351851851852,0.0400111111111111,0.0342277777777778,0.0310574074074074,0.0214240740740741,0.0235888888888889,0.0194814814814815,0.0155574074074074,0.0112611111111111,0.0147111111111111,0.0138277777777778,0.0120444444444444,0.0061537037037037,0.00964814814814815,0.00604259259259259,0.00435555555555556,0.00939259259259259,0.00657962962962963,0.00281111111111111,0.00453518518518519,0.00203333333333333,0.00625185185185185,0.00405925925925926,0.00137037037037037,0.00273703703703704,0.00126851851851852,0.00122962962962963,0.00158148148148148,0.00197962962962963,0.000698148148148148,0.00141111111111111,0.000468518518518519,0.000783333333333333,0.00062037037037037,0,0,0,0.0010962962962963,0.000811111111111111,0.000211111111111111,0.000227777777777778,0.000244444444444444,0.000261111111111111,0.000277777777777778,0.0000833333333333333,0,1,0,0,0,0,0,0,1,1,1,1,1,1,1,1,1,1,1,1,1,1,1,1,1,1,1,1,1,1,1,1,1,1,1,1,1,1,1,1,1,1,1,1,1,1,1,1,1,1,1,1,1,1,1,1,1,1,1,1,1,1,1,1,1,1,1,1,1,1,1,1,1,1,1,1,1,1,1,1,0
2026-05-06 16:00:00,107.126265910714,0,0,0,0,0,0,0.0348,2.87534642857143,14.5163589285714,21.3657928571429,16.9298178571429,13.9806642857143,12.3172910714286,11.1112357142857,8.1107625,1.92370178571429,0.799146428571429,0.411973214285714,0.225401785714286,0.1894,0.175992857142857,0.190892857142857,0.186625,0.141592857142857,0.119805357142857,0.0838017857142857,0.0842535714285714,0.101755357142857,0.0816767857142857,0.0888482142857143,0.0655803571428571,0.06945,0.0609285714285714,0.0589446428571429,0.0486375,0.0346696428571429,0.0388303571428571,0.0291642857142857,0.0282214285714286,0.0192357142857143,0.0190910714285714,0.0150767857142857,0.0130767857142857,0.00973928571428571,0.00984107142857143,0.012175,0.00906785714285714,0.00941785714285714,0.00698035714285714,0.00362857142857143,0.00362857142857143,0.00493214285714286,0.0048625,0.00251785714285714,0.00368035714285714,0.00155357142857143,0.00491428571428571,0.00227321428571429,0.000492857142857143,0.000539285714285714,0.000914285714285714,0.00136607142857143,0.001325,0.000907142857142857,0.0004125,0.000532142857142857,0.0009,0.000875,0.000705357142857143,0.000651785714285714,0.000171428571428571,0.000341071428571429,0.000203571428571429,0.000219642857142857,0.000235714285714286,0.000251785714285714,0.000267857142857143,0.0000803571428571429,0,1,0,0,0,0,0,0,1,1,1,1,1,1,1,1,1,1,1,1,1,1,1,1,1,1,1,1,1,1,1,1,1,1,1,1,1,1,1,1,1,1,1,1,1,1,1,1,1,1,1,1,1,1,1,1,1,1,1,1,1,1,1,1,1,1,1,1,1,1,1,1,1,1,1,1,1,1,1,1,0
2026-05-06 17:00:00,104.674684836364,0,0,0,0,0,0,0.0262072727272727,2.47081454545455,12.9739781818182,20.7082854545455,17.86144,14.5356581818182,12.7553854545455,11.4364345454545,7.82300181818182,1.63644,0.731118181818182,0.379269090909091,0.232254545454545,0.16222,0.1854,0.18126,0.171321818181818,0.118549090909091,0.0951363636363636,0.0785145454545455,0.0776090909090909,0.0748163636363636,0.0707927272727273,0.0780127272727273,0.0662927272727273,0.0711109090909091,0.0525545454545455,0.05226,0.04688,0.0398654545454545,0.03106,0.0260127272727273,0.0214363636363636,0.0208981818181818,0.0157654545454545,0.0177127272727273,0.0106727272727273,0.01222,0.00869636363636364,0.00931090909090909,0.00638,0.00397272727272727,0.00622727272727273,0.00435818181818182,0.00328727272727273,0.00370545454545455,0.00131090909090909,0.00316,0.00464909090909091,0.00368545454545455,0.00181454545454545,0.00128181818181818,0.00105454545454545,0,0.00139636363636364,0.000352727272727273,0.00103818181818182,0.000461818181818182,0.00222181818181818,0.000541818181818182,0.000458181818181818,0,0.00136363636363636,0.000189090909090909,0.000887272727272727,0.000938181818181818,0.000621818181818182,0.000669090909090909,0.000718181818181818,0.000769090909090909,0.00082,0.000243636363636364,0,1,0,0,0,0,0,0,1,1,1,1,1,1,1,1,1,1,1,1,1,1,1,1,1,1,1,1,1,1,1,1,1,1,1,1,1,1,1,1,1,1,1,1,1,1,1,1,1,1,1,1,1,1,1,1,1,1,1,1,1,1,1,1,1,1,1,1,1,1,1,1,1,1,1,1,1,1,1,1,0
2026-05-06 18:00:00,92.6564248275862,0,0,0,0,0,0,0.0211758620689655,1.99874827586207,11.290975862069,18.6552879310345,15.9798862068966,12.9739172413793,10.8337655172414,9.3953,6.23803275862069,1.7072775862069,0.914631034482759,0.462418965517241,0.290634482758621,0.243137931034483,0.197970689655172,0.223984482758621,0.207013793103448,0.157796551724138,0.118110344827586,0.09475,0.0997086206896552,0.099551724137931,0.0775775862068965,0.0796637931034483,0.0644379310344828,0.0599724137931034,0.0501206896551724,0.0537120689655172,0.0366379310344828,0.0412034482758621,0.0309810344827586,0.0243206896551724,0.0171724137931034,0.0167137931034483,0.0152655172413793,0.0136603448275862,0.0106689655172414,0.0117275862068966,0.00757241379310345,0.00679655172413793,0.00358793103448276,0.00255,0.0044,0.00326379310344828,0.00448448275862069,0.00344137931034483,0.00270344827586207,0.0023051724137931,0.00167586206896552,0.00188620689655172,0.00195689655172414,0.00109827586206897,0.000237931034482759,0.000701724137931034,0.00083448275862069,0.000824137931034483,0.00182413793103448,0.00135344827586207,0.000794827586206897,0.000806896551724138,0.000577586206896552,0,0.000431034482758621,0.000429310344827586,0,0.000112068965517241,0.000327586206896552,0.000353448275862069,0.000379310344827586,0.000405172413793103,0.000431034482758621,0.000129310344827586,0,1,0,0,0,0,0,0,1,1,1,1,1,1,1,1,1,1,1,1,1,1,1,1,1,1,1,1,1,1,1,1,1,1,1,1,1,1,1,1,1,1,1,1,1,1,1,1,1,1,1,1,1,1,1,1,1,1,1,1,1,1,1,1,1,1,1,1,1,1,1,1,1,1,1,1,1,1,1,1,0
2026-05-06 19:00:00,80.6972313,0,0,0,0,0,0,0.018855,1.91162333333333,10.4935533333333,16.837405,13.94636,10.7099516666667,8.52540833333333,7.09264166666667,5.05416333333333,1.76221666666667,0.940181666666667,0.507843333333333,0.319361666666667,0.254808333333333,0.24343,0.249261666666667,0.247983333333333,0.195003333333333,0.143073333333333,0.11451,0.0958433333333333,0.0993933333333333,0.0880933333333333,0.0807133333333333,0.0711716666666667,0.062905,0.05495,0.0459383333333333,0.0487083333333333,0.0394716666666667,0.0282883333333333,0.02938,0.0175216666666667,0.0124383333333333,0.0125933333333333,0.01251,0.00790333333333333,0.006535,0.00985166666666667,0.00392166666666667,0.00484666666666667,0.004115,0.00460833333333333,0.00365666666666667,0.001715,0.00460333333333333,0.00326833333333333,0.00200666666666667,0.00118833333333333,0.00142166666666667,0.000916666666666667,0.00114666666666667,0.00126166666666667,0.000503333333333333,0.000426666666666667,0,0.000386666666666667,0.000423333333333333,0.0000383333333333333,0.000283333333333333,0.000138333333333333,0,0.000223333333333333,0.000193333333333333,0,0.000065,0.00019,0.000203333333333333,0.000218333333333333,0.000235,0.000251666666666667,0.0000733333333333333,0,1,0,0,0,0,0,0,1,1,1,1,1,1,1,1,1,1,1,1,1,1,1,1,1,1,1,1,1,1,1,1,1,1,1,1,1,1,1,1,1,1,1,1,1,1,1,1,1,1,1,1,1,1,1,1,1,1,1,1,1,1,1,1,1,1,1,1,1,1,1,1,1,1,1,1,1,1,1,1,0
2026-05-06 20:00:00,86.94084115,0,0,0,0,0,0,0.0222783333333333,2.31642666666667,11.9496033333333,18.03033,14.6579033333333,11.11012,8.80564,7.199105,5.66669,2.07968166666667,1.06557833333333,0.605613333333333,0.370878333333333,0.262991666666667,0.255715,0.278171666666667,0.282958333333333,0.197221666666667,0.168075,0.133415,0.122943333333333,0.107536666666667,0.108486666666667,0.08443,0.075445,0.0800966666666667,0.06169,0.056435,0.05806,0.03922,0.0268133333333333,0.0257016666666667,0.02001,0.0158566666666667,0.0155433333333333,0.011225,0.00950333333333333,0.00775,0.007735,0.00568666666666667,0.00368166666666667,0.00454833333333333,0.00455333333333333,0.00371,0.00214833333333333,0.00253,0.001225,0.00127666666666667,0.00219333333333333,0.0018,0.00126166666666667,0,0.000856666666666667,0.000853333333333333,0.000853333333333333,0.000748333333333333,0.000951666666666667,0.000423333333333333,0.001615,0.000496666666666667,0,0,0.000416666666666667,0,0,0.0000433333333333333,0.000126666666666667,0.000136666666666667,0.000146666666666667,0.000156666666666667,0.000166666666666667,0.00005,0,1,0,0,0,0,0,0,1,1,1,1,1,1,1,1,1,1,1,1,1,1,1,1,1,1,1,1,1,1,1,1,1,1,1,1,1,1,1,1,1,1,1,1,1,1,1,1,1,1,1,1,1,1,1,1,1,1,1,1,1,1,1,1,1,1,1,1,1,1,1,1,1,1,1,1,1,1,1,1,0
2026-05-06 21:00:00,74.6300845833333,0,0,0,0,0,0,0.022485,1.88155333333333,9.739885,15.1113033333333,12.401015,9.61410166666667,7.868205,6.51606,5.44534833333333,1.94791333333333,0.921821666666667,0.504496666666667,0.313538333333333,0.226003333333333,0.219483333333333,0.23071,0.238411666666667,0.171601666666667,0.130538333333333,0.1086,0.102033333333333,0.0926,0.0843683333333333,0.0802316666666667,0.07303,0.0544883333333333,0.0550516666666667,0.05508,0.0451583333333333,0.0312566666666667,0.0280566666666667,0.01654,0.0206883333333333,0.0125966666666667,0.0103933333333333,0.00665833333333333,0.00514166666666667,0.00491666666666667,0.00675166666666667,0.00143666666666667,0.00390666666666667,0.00424166666666667,0.00361333333333333,0.00279,0.00299333333333333,0.00248166666666667,0.00215833333333333,0.00127666666666667,0.00176166666666667,0.00137166666666667,0.000401666666666667,0.000746666666666667,0.000966666666666667,0.000426666666666667,0.000426666666666667,0.000425,0.00085,0,0.000423333333333333,0.00112666666666667,0.000138333333333333,0.000418333333333333,0,0,0,0.000065,0.00019,0.000205,0.00022,0.000235,0.00025,0.000075,0,1,0,0,0,0,0,0,1,1,1,1,1,1,1,1,1,1,1,1,1,1,1,1,1,1,1,1,1,1,1,1,1,1,1,1,1,1,1,1,1,1,1,1,1,1,1,1,1,1,1,1,1,1,1,1,1,1,1,1,1,1,1,1,1,1,1,1,1,1,1,1,1,1,1,1,1,1,1,1,0
2026-05-06 22:00:00,87.5494628,0,0,0,0,0,0,0.0202466666666667,2.011165,10.7719116666667,17.7054766666667,15.1280966666667,11.876655,9.58739833333333,7.72893166666667,6.433595,2.19888333333333,0.884258333333333,0.497705,0.29117,0.235558333333333,0.244301666666667,0.265926666666667,0.27789,0.188361666666667,0.160863333333333,0.127465,0.121343333333333,0.123576666666667,0.103505,0.10208,0.0876333333333333,0.09119,0.0753183333333333,0.0635783333333333,0.054295,0.0452216666666667,0.0356266666666667,0.02978,0.021255,0.018605,0.0145616666666667,0.00969166666666667,0.00816,0.00622333333333333,0.00732833333333333,0.00640833333333333,0.00535166666666667,0.00641666666666667,0.00369333333333333,0.00236,0.00418833333333333,0.00125333333333333,0.00161,0.00255333333333333,0.00190333333333333,0.00131833333333333,0.000831666666666667,0.000803333333333333,0.000483333333333333,0.00128,0.000426666666666667,0,0.000386666666666667,0.0000383333333333333,0,0,0,0.000418333333333333,0.000416666666666667,0,0,0,0,0,0,0,0,0,0,1,0,0,0,0,0,0,1,1,1,1,1,1,1,1,1,1,1,1,1,1,1,1,1,1,1,1,1,1,1,1,1,1,1,1,1,1,1,1,1,1,1,1,1,1,1,1,1,1,1,1,1,1,1,1,1,1,1,1,1,1,1,1,1,1,1,1,1,1,1,1,1,1,1,1,1,1,1,1,0
2026-05-06 23:00:00,106.058074683333,0,0,0,0,0,0,0.028695,2.25764833333333,12.1216283333333,19.5777833333333,17.48471,14.637035,12.5026216666667,10.572785,8.80933833333333,2.93596833333333,1.10777333333333,0.59256,0.36769,0.281788333333333,0.270411666666667,0.282376666666667,0.286833333333333,0.217005,0.2015,0.146891666666667,0.123133333333333,0.125273333333333,0.110551666666667,0.11087,0.102041666666667,0.0905016666666667,0.0769116666666667,0.0618583333333333,0.061835,0.0542733333333333,0.044705,0.028135,0.0225533333333333,0.0205233333333333,0.0181866666666667,0.014455,0.00942,0.010765,0.00791166666666667,0.00772833333333333,0.00556833333333333,0.00277333333333333,0.00226666666666667,0.00496,0.00676666666666667,0.00171,0.00261333333333333,0,0.00280833333333333,0.00278666666666667,0.00103166666666667,0.000258333333333333,0.000856666666666667,0,0.000996666666666667,0.00071,0,0,0,0,0,0,0,0,0,0,0,0,0,0,0,0,0,1,0,0,0,0,0,0,1,1,1,1,1,1,1,1,1,1,1,1,1,1,1,1,1,1,1,1,1,1,1,1,1,1,1,1,1,1,1,1,1,1,1,1,1,1,1,1,1,1,1,1,1,1,1,1,1,1,1,1,1,1,1,1,1,1,1,1,1,1,1,1,1,1,1,1,1,1,1,1,0
2026-05-07,107.37655,0,0,0,0,0,0,0.02612,2.16561666666667,11.6871416666667,19.3557483333333,17.4701233333333,14.797985,13.0811116666667,11.122115,9.504705,3.05447833333333,1.12755666666667,0.571133333333333,0.367431666666667,0.304093333333333,0.281845,0.298013333333333,0.333285,0.2449,0.194076666666667,0.153163333333333,0.138598333333333,0.127138333333333,0.11843,0.117743333333333,0.101148333333333,0.0891466666666667,0.07929,0.0752616666666667,0.0646916666666667,0.0452133333333333,0.0339483333333333,0.0319583333333333,0.0296283333333333,0.0168616666666667,0.0134666666666667,0.0132466666666667,0.0153516666666667,0.00865833333333333,0.00919333333333333,0.00793833333333333,0.00512166666666667,0.00473166666666667,0.005675,0.005135,0.00375666666666667,0.004625,0.00252166666666667,0.00134666666666667,0.00332833333333333,0.000638333333333333,0,0.00166,0.001515,0.000678333333333333,0,0.000748333333333333,0.000101666666666667,0.000423333333333333,0.000843333333333333,0,0.00084,0,0,0,0,0,0,0,0,0,0,0,0,1,0,0,0,0,0,0,1,1,1,1,1,1,1,1,1,1,1,1,1,1,1,1,1,1,1,1,1,1,1,1,1,1,1,1,1,1,1,1,1,1,1,1,1,1,1,1,1,1,1,1,1,1,1,1,1,1,1,1,1,1,1,1,1,1,1,1,1,1,1,1,1,1,1,1,1,1,1,1,0
2026-05-07 01:00:00,116.633809666667,0,0,0,0,0,0,0.030385,2.42521166666667,12.70105,20.9017083333333,18.8956083333333,16.1970766666667,14.4879266666667,12.5517683333333,10.4697033333333,3.062165,1.10533,0.604173333333333,0.379473333333333,0.269375,0.27389,0.272148333333333,0.309251666666667,0.225111666666667,0.210083333333333,0.15985,0.144565,0.139156666666667,0.123223333333333,0.139003333333333,0.118448333333333,0.117468333333333,0.0903283333333333,0.07964,0.0813716666666667,0.0616083333333333,0.053155,0.040555,0.0301166666666667,0.02205,0.02122,0.0170416666666667,0.0121883333333333,0.00843333333333333,0.008245,0.0100066666666667,0.0106216666666667,0.00866166666666667,0.00506666666666667,0.00461,0.00547,0.00581,0.00434166666666667,0.00134666666666667,0.000951666666666667,0.000888333333333333,0.000573333333333333,0.000688333333333333,0.002745,0.000251666666666667,0.000853333333333333,0,0.000425,0,0.000346666666666667,0.000918333333333333,0,0,0,0,0,0.0000216666666666667,0.0000633333333333333,0.0000683333333333333,0.0000733333333333333,0.0000783333333333333,0.0000833333333333333,0.000025,0,1,0,0,0,0,0,0,1,1,1,1,1,1,1,1,1,1,1,1,1,1,1,1,1,1,1,1,1,1,1,1,1,1,1,1,1,1,1,1,1,1,1,1,1,1,1,1,1,1,1,1,1,1,1,1,1,1,1,1,1,1,1,1,1,1,1,1,1,1,1,1,1,1,1,1,1,1,1,1,0
2026-05-07 02:00:00,141.883354728814,0,0,0,0,0,0,0.0323508474576271,2.62840338983051,14.4980847457627,24.5158474576271,22.2078050847458,19.3188474576271,17.9118101694915,16.4782016949153,14.8919203389831,4.24661016949153,1.16341525423729,0.625105084745763,0.354166101694915,0.272571186440678,0.273477966101695,0.283396610169492,0.332122033898305,0.249215254237288,0.212894915254237,0.184206779661017,0.169672881355932,0.140327118644068,0.143964406779661,0.138915254237288,0.128876271186441,0.126923728813559,0.106213559322034,0.0929135593220339,0.0826423728813559,0.0712474576271186,0.0485050847457627,0.0484864406779661,0.0338474576271186,0.0285813559322034,0.0272474576271186,0.0226610169491525,0.0203271186440678,0.0142762711864407,0.00936949152542373,0.00906779661016949,0.00844745762711864,0.00864406779661017,0.00538305084745763,0.00781186440677966,0.00514237288135593,0.00338474576271186,0.00498305084745763,0.00246101694915254,0.00179152542372881,0.000927118644067797,0,0.0016864406779661,0.000669491525423729,0.00112542372881356,0,0,0.000864406779661017,0,0.000859322033898305,0.000857627118644068,0,0,0,0,0,0.0000220338983050847,0.0000644067796610169,0.0000694915254237288,0.0000745762711864407,0.0000796610169491525,0.0000847457627118644,0.0000254237288135593,0,1,0,0,0,0,0,0,1,1,1,1,1,1,1,1,1,1,1,1,1,1,1,1,1,1,1,1,1,1,1,1,1,1,1,1,1,1,1,1,1,1,1,1,1,1,1,1,1,1,1,1,1,1,1,1,1,1,1,1,1,1,1,1,1,1,1,1,1,1,1,1,1,1,1,1,1,1,1,1,0
2026-05-07 03:00:00,166.672611216667,0,0,0,0,0,0,0.0384433333333333,3.05596833333333,17.0718616666667,29.6785066666667,27.3444016666667,23.3258666666667,21.2987616666667,19.3270366666667,17.0026833333333,4.334825,1.15273166666667,0.58389,0.321148333333333,0.260971666666667,0.26082,0.286445,0.331371666666667,0.25508,0.21892,0.168498333333333,0.153936666666667,0.155933333333333,0.131805,0.135615,0.129421666666667,0.110383333333333,0.09819,0.095615,0.0822983333333333,0.0638316666666667,0.05818,0.048295,0.0377433333333333,0.0249483333333333,0.0190516666666667,0.0213766666666667,0.01926,0.00890833333333333,0.0111666666666667,0.0126933333333333,0.010625,0.0106033333333333,0.00618,0.008335,0.007945,0.00583,0.00483,0.00308,0.00118833333333333,0.00145,0.00295333333333333,0.00246333333333333,0.000966666666666667,0.000426666666666667,0.000853333333333333,0.00085,0,0,0,0,0,0,0.000223333333333333,0.000193333333333333,0,0.0000216666666666667,0.0000633333333333333,0.0000683333333333333,0.0000733333333333333,0.0000783333333333333,0.0000833333333333333,0.000025,0,1,0,0,0,0,0,0,1,1,1,1,1,1,1,1,1,1,1,1,1,1,1,1,1,1,1,1,1,1,1,1,1,1,1,1,1,1,1,1,1,1,1,1,1,1,1,1,1,1,1,1,1,1,1,1,1,1,1,1,1,1,1,1,1,1,1,1,1,1,1,1,1,1,1,1,1,1,1,1,0
2026-05-07 04:00:00,171.434418266667,0,0,0,0,0,0,0.0351633333333333,3.110455,17.6729866666667,30.8859333333333,28.71757,24.3653966666667,22.0021416666667,19.9435116666667,17.1617583333333,3.95518166666667,1.07488,0.527005,0.311923333333333,0.254273333333333,0.245245,0.235458333333333,0.284738333333333,0.215085,0.186283333333333,0.144016666666667,0.15134,0.153813333333333,0.125188333333333,0.130965,0.114243333333333,0.122813333333333,0.104243333333333,0.0912166666666667,0.0747316666666667,0.0698816666666667,0.05707,0.0515566666666667,0.0354866666666667,0.02332,0.0205966666666667,0.0160016666666667,0.0155933333333333,0.0102066666666667,0.009195,0.0136633333333333,0.00940166666666667,0.0079,0.00646833333333333,0.00607333333333333,0.006665,0.00467333333333333,0.00621833333333333,0.0039,0.00388333333333333,0.00243833333333333,0.000831666666666667,0.00117666666666667,0.000713333333333333,0.00196333333333333,0.00038,0.000473333333333333,0.000386666666666667,0.000461666666666667,0.00111666666666667,0.00015,0,0,0,0,0,0.0000216666666666667,0.0000633333333333333,0.0000683333333333333,0.0000733333333333333,0.0000783333333333333,0.0000833333333333333,0.000025,0,1,0,0,0,0,0,0,1,1,1,1,1,1,1,1,1,1,1,1,1,1,1,1,1,1,1,1,1,1,1,1,1,1,1,1,1,1,1,1,1,1,1,1,1,1,1,1,1,1,1,1,1,1,1,1,1,1,1,1,1,1,1,1,1,1,1,1,1,1,1,1,1,1,1,1,1,1,1,1,0
2026-05-07 05:00:00,164.750037683333,0,0,0,0,0,0,0.0363983333333333,3.0481,17.4146516666667,30.1794966666667,26.874965,22.7162566666667,20.2903333333333,18.6263583333333,16.958015,4.62341166666667,1.29888666666667,0.61253,0.38747,0.286445,0.280046666666667,0.306145,0.331626666666667,0.24918,0.21083,0.170848333333333,0.16081,0.172088333333333,0.145545,0.155533333333333,0.13754,0.13828,0.1054,0.0995466666666667,0.0988,0.0763583333333333,0.0599466666666667,0.04852,0.0378183333333333,0.018205,0.019165,0.017895,0.013025,0.01428,0.01326,0.0105,0.00657333333333333,0.00483833333333333,0.006695,0.00516166666666667,0.00499166666666667,0.00214166666666667,0.00240333333333333,0.00184833333333333,0.000466666666666667,0.00148166666666667,0.00364333333333333,0.001805,0.00171333333333333,0,0.000426666666666667,0,0,0,0,0,0,0,0,0,0,0.000411666666666667,0,0,0,0,0,0,0,1,0,0,0,0,0,0,1,1,1,1,1,1,1,1,1,1,1,1,1,1,1,1,1,1,1,1,1,1,1,1,1,1,1,1,1,1,1,1,1,1,1,1,1,1,1,1,1,1,1,1,1,1,1,1,1,1,1,1,1,1,1,1,1,1,1,1,1,1,1,1,1,1,1,1,1,1,1,1,0
2026-05-07 06:00:00,160.053180133333,0,0,0,0,0,0,0.038435,3.03811666666667,16.8338933333333,28.096425,24.202325,20.666675,19.000185,18.35961,18.6274833333333,5.87250833333333,1.57934666666667,0.73435,0.394965,0.32742,0.281086666666667,0.297291666666667,0.327918333333333,0.236253333333333,0.235051666666667,0.174546666666667,0.159948333333333,0.173405,0.153323333333333,0.16163,0.147056666666667,0.131451666666667,0.115941666666667,0.09912,0.0943533333333333,0.0796283333333333,0.0664983333333333,0.0506,0.0389333333333333,0.0269916666666667,0.0244233333333333,0.0150733333333333,0.0121533333333333,0.00812666666666667,0.0106783333333333,0.006205,0.00629,0.00558333333333333,0.00478833333333333,0.00715333333333333,0.0033,0.00173333333333333,0.00389666666666667,0.00283333333333333,0.00384666666666667,0.001125,0.00166333333333333,0.00149333333333333,0.00125166666666667,0.000251666666666667,0.000426666666666667,0.000323333333333333,0.000101666666666667,0.00127,0.000423333333333333,0,0,0,0.000416666666666667,0.000415,0.000413333333333333,0.0000216666666666667,0.0000633333333333333,0.0000683333333333333,0.0000733333333333333,0.0000783333333333333,0.0000833333333333333,0.000025,0,1,0,0,0,0,0,0,1,1,1,1,1,1,1,1,1,1,1,1,1,1,1,1,1,1,1,1,1,1,1,1,1,1,1,1,1,1,1,1,1,1,1,1,1,1,1,1,1,1,1,1,1,1,1,1,1,1,1,1,1,1,1,1,1,1,1,1,1,1,1,1,1,1,1,1,1,1,1,1,0
2026-05-07 07:00:00,167.118832616667,0,0,0,0,0,0,0.03586,3.21866333333333,17.4237866666667,28.5546433333333,25.039655,21.3417933333333,19.9602616666667,19.2384533333333,19.3129516666667,5.81184666666667,1.67620166666667,0.751163333333333,0.423653333333333,0.337353333333333,0.308966666666667,0.340408333333333,0.354326666666667,0.244963333333333,0.228998333333333,0.160638333333333,0.174245,0.168675,0.15338,0.1636,0.145425,0.126235,0.113585,0.110735,0.08948,0.081275,0.0709866666666667,0.0601316666666667,0.0392216666666667,0.025205,0.0233066666666667,0.0195133333333333,0.014195,0.011695,0.0127983333333333,0.008295,0.00643,0.00540166666666667,0.00578,0.00192333333333333,0.002625,0.00496666666666667,0.00329,0.00174166666666667,0.00355833333333333,0.002795,0.00200666666666667,0.00174666666666667,0.000405,0.001785,0.000853333333333333,0,0,0,0.000421666666666667,0,0,0.000836666666666667,0.000416666666666667,0,0.000413333333333333,0.000433333333333333,0.0000633333333333333,0.0000683333333333333,0.0000733333333333333,0.0000783333333333333,0.0000833333333333333,0.000025,0,1,0,0,0,0,0,0,1,1,1,1,1,1,1,1,1,1,1,1,1,1,1,1,1,1,1,1,1,1,1,1,1,1,1,1,1,1,1,1,1,1,1,1,1,1,1,1,1,1,1,1,1,1,1,1,1,1,1,1,1,1,1,1,1,1,1,1,1,1,1,1,1,1,1,1,1,1,1,1,0
2026-05-07 08:00:00,167.7201599,0,0,0,0,0,0,0.0377716666666667,3.35032666666667,17.93793,28.5769383333333,25.3285583333333,21.710415,20.220045,19.4774516666667,18.3607866666667,5.20746166666667,1.913725,0.917451666666667,0.543416666666667,0.425321666666667,0.399826666666667,0.404736666666667,0.419018333333333,0.308801666666667,0.283893333333333,0.22794,0.224451666666667,0.225151666666667,0.208358333333333,0.193968333333333,0.176906666666667,0.156668333333333,0.144241666666667,0.122481666666667,0.111366666666667,0.0912583333333333,0.0769733333333333,0.05928,0.044175,0.03079,0.027885,0.0233683333333333,0.02403,0.01905,0.012025,0.01462,0.010615,0.0116166666666667,0.00839833333333333,0.00599,0.00672666666666667,0.003805,0.00386666666666667,0.00325833333333333,0.004905,0.00357333333333333,0.00306666666666667,0.00323833333333333,0.00277666666666667,0.00161166666666667,0.00227666666666667,0.00273333333333333,0.000951666666666667,0.00123166666666667,0.000385,0.000075,0.00042,0.000418333333333333,0.000833333333333333,0,0,0.000106666666666667,0.000315,0.00034,0.000365,0.000391666666666667,0.000418333333333333,0.000123333333333333,0,1,0,0,0,0,0,0,1,1,1,1,1,1,1,1,1,1,1,1,1,1,1,1,1,1,1,1,1,1,1,1,1,1,1,1,1,1,1,1,1,1,1,1,1,1,1,1,1,1,1,1,1,1,1,1,1,1,1,1,1,1,1,1,1,1,1,1,1,1,1,1,1,1,1,1,1,1,1,1,0
2026-05-07 09:00:00,173.268074533333,0,0,0,0,0,0,0.0351983333333333,3.41594,17.9081316666667,28.9577366666667,25.9657016666667,22.62201,22.0744383333333,22.24521,18.7748366666667,4.08198666666667,1.92878,0.891508333333333,0.495305,0.381146666666667,0.335263333333333,0.368813333333333,0.339853333333333,0.241451666666667,0.205713333333333,0.16579,0.144701666666667,0.179498333333333,0.142475,0.163603333333333,0.118518333333333,0.122151666666667,0.116895,0.116823333333333,0.0851033333333333,0.0753883333333333,0.0629716666666667,0.0483366666666667,0.040385,0.0267433333333333,0.02003,0.017945,0.0161933333333333,0.00812666666666667,0.00745333333333333,0.0101133333333333,0.00816666666666667,0.00902333333333333,0.00705666666666667,0.006325,0.00340666666666667,0.00332666666666667,0.00222833333333333,0.00207,0.00332833333333333,0.00106666666666667,0.00146166666666667,0.001005,0.001395,0.000428333333333333,0.000853333333333333,0.000425,0,0,0.000843333333333333,0.00225333333333333,0.000696666666666667,0,0,0.000415,0.000413333333333333,0.000065,0.00019,0.000205,0.00022,0.000235,0.00025,0.000075,0,1,0,0,0,0,0,0,1,1,1,1,1,1,1,1,1,1,1,1,1,1,1,1,1,1,1,1,1,1,1,1,1,1,1,1,1,1,1,1,1,1,1,1,1,1,1,1,1,1,1,1,1,1,1,1,1,1,1,1,1,1,1,1,1,1,1,1,1,1,1,1,1,1,1,1,1,1,1,1,0
2026-05-07 10:00:00,150.526260666667,0,0,0,0,0,0,0.037221568627451,2.97795490196078,15.8227392156863,25.8936529411765,22.8147078431373,19.7412058823529,18.9317176470588,19.1759019607843,15.2433764705882,3.30555882352941,1.62932941176471,0.703178431372549,0.419823529411765,0.30686862745098,0.286890196078431,0.301201960784314,0.259539215686275,0.19891568627451,0.167249019607843,0.140925490196078,0.1314,0.135113725490196,0.102450980392157,0.13293137254902,0.100282352941176,0.110896078431373,0.088578431372549,0.0851411764705882,0.0758823529411765,0.0644333333333333,0.0550509803921569,0.0490941176470588,0.0329098039215686,0.0218137254901961,0.0204823529411765,0.0157882352941176,0.0103098039215686,0.00706470588235294,0.00980980392156863,0.00665098039215686,0.0039843137254902,0.00294313725490196,0.00380392156862745,0.0047,0.00566078431372549,0.00343137254901961,0.00197647058823529,0.00251764705882353,0.000611764705882353,0.00101176470588235,0.000505882352941176,0.000505882352941176,0.0010078431372549,0.000503921568627451,0.000670588235294118,0.00233529411764706,0.0005,0.000498039215686275,0,0,0,0,0,0,0,0.000586274509803922,0.000298039215686275,0.00032156862745098,0.000345098039215686,0.000368627450980392,0.000392156862745098,0.000117647058823529,0,1,0,0,0,0,0,0,1,1,1,1,1,1,1,1,1,1,1,1,1,1,1,1,1,1,1,1,1,1,1,1,1,1,1,1,1,1,1,1,1,1,1,1,1,1,1,1,1,1,1,1,1,1,1,1,1,1,1,1,1,1,1,1,1,1,1,1,1,1,1,1,1,1,1,1,1,1,1,1,0
2026-05-07 11:00:00,141.762083111111,0,0,0,0,0,0,0.0422185185185185,2.93051111111111,15.2310055555556,24.1174,20.818687037037,18.1933962962963,17.9128037037037,18.2390277777778,15.8417314814815,3.54480925925926,1.58207222222222,0.727140740740741,0.40317962962963,0.295568518518519,0.263303703703704,0.279888888888889,0.240035185185185,0.177761111111111,0.143359259259259,0.117927777777778,0.111992592592593,0.103794444444444,0.10025,0.10227037037037,0.0788666666666667,0.0834944444444444,0.0700722222222222,0.0583,0.0634648148148148,0.0547814814814815,0.0537481481481481,0.0384796296296296,0.0275518518518519,0.0242018518518519,0.0152203703703704,0.00961481481481482,0.00994259259259259,0.00432407407407407,0.00562962962962963,0.00604074074074074,0.0059537037037037,0.00646481481481481,0.00486666666666667,0.00258888888888889,0.00233888888888889,0.00331851851851852,0.00234814814814815,0.00132037037037037,0.000675925925925926,0.00286666666666667,0.000955555555555556,0.000890740740740741,0.00101296296296296,0.00095,0.000896296296296296,0.00147037037037037,0.00133148148148148,0.000940740740740741,0.00047037037037037,0.0018037037037037,0.00062037037037037,0.00137222222222222,0.00119444444444444,0.000675925925925926,0.000459259259259259,0.0000962962962962963,0.000281481481481481,0.000303703703703704,0.000325925925925926,0.000348148148148148,0.00037037037037037,0.000111111111111111,0,1,0,0,0,0,0,0,1,1,1,1,1,1,1,1,1,1,1,1,1,1,1,1,1,1,1,1,1,1,1,1,1,1,1,1,1,1,1,1,1,1,1,1,1,1,1,1,1,1,1,1,1,1,1,1,1,1,1,1,1,1,1,1,1,1,1,1,1,1,1,1,1,1,1,1,1,1,1,1,0
2026-05-07 12:00:00,111.411474813559,0,0,0,0,0,0,0.0386271186440678,2.61673389830508,13.2320949152542,20.3666389830508,16.9923627118644,14.1904237288136,13.3126949152542,13.0835118644068,11.6324474576271,3.0618,1.25253220338983,0.583349152542373,0.3129,0.236125423728814,0.208671186440678,0.208469491525424,0.201940677966102,0.138823728813559,0.109022033898305,0.0939440677966102,0.0768237288135593,0.0787627118644068,0.0702661016949153,0.0804694915254237,0.0727949152542373,0.0655203389830508,0.0503796610169491,0.0481661016949153,0.0451610169491525,0.0394525423728814,0.0411983050847458,0.0240745762711864,0.0216813559322034,0.0128593220338983,0.010035593220339,0.0116779661016949,0.00752542372881356,0.00753220338983051,0.00897118644067797,0.00763728813559322,0.0042406779661017,0.00593389830508475,0.00326101694915254,0.00417457627118644,0.00165762711864407,0.00173898305084746,0.000367796610169492,0.00129830508474576,0.00140677966101695,0.00177796610169492,0.00128305084745763,0.000872881355932203,0.00148474576271186,0.00112542372881356,0.000193220338983051,0.00110508474576271,0.000825423728813559,0.000861016949152542,0.0000389830508474576,0.000288135593220339,0.000433898305084746,0.000559322033898305,0,0.000422033898305085,0,0.000132203389830508,0.000386440677966102,0.000416949152542373,0.000447457627118644,0.000477966101694915,0.000508474576271186,0.000152542372881356,0,1,0,0,0,0,0,0,1,1,1,1,1,1,1,1,1,1,1,1,1,1,1,1,1,1,1,1,1,1,1,1,1,1,1,1,1,1,1,1,1,1,1,1,1,1,1,1,1,1,1,1,1,1,1,1,1,1,1,1,1,1,1,1,1,1,1,1,1,1,1,1,1,1,1,1,1,1,1,1,0
2026-05-07 13:00:00,97.0489674727273,0,0,0,0,0,0,0.0305181818181818,2.44675454545455,12.0713927272727,18.1031145454545,14.65654,11.9444854545455,10.7511363636364,10.4412181818182,9.20716181818182,2.67834363636364,1.06510181818182,0.494336363636364,0.251101818181818,0.226338181818182,0.216052727272727,0.189029090909091,0.181023636363636,0.136530909090909,0.0978563636363636,0.0732727272727273,0.0753509090909091,0.0818381818181818,0.0671527272727273,0.0582363636363636,0.0554763636363636,0.0597654545454545,0.0468527272727273,0.0403636363636364,0.0493563636363636,0.04498,0.02862,0.0243563636363636,0.0155036363636364,0.0138109090909091,0.0137436363636364,0.00896181818181818,0.0110781818181818,0.00798727272727273,0.00694545454545455,0.00405818181818182,0.00521090909090909,0.00428909090909091,0.00433454545454545,0.00316727272727273,0.00592,0.00184,0.00314363636363636,0.00146909090909091,0.00150909090909091,0.00140727272727273,0.000656363636363636,0.000281818181818182,0,0,0.000672727272727273,0.000963636363636364,0.000221818181818182,0.00138545454545455,0,0.00092,0.000458181818181818,0.000456363636363636,0,0,0,0.0000472727272727273,0.000138181818181818,0.000149090909090909,0.00016,0.000170909090909091,0.000181818181818182,0.0000545454545454545,0,1,0,0,0,0,0,0,1,1,1,1,1,1,1,1,1,1,1,1,1,1,1,1,1,1,1,1,1,1,1,1,1,1,1,1,1,1,1,1,1,1,1,1,1,1,1,1,1,1,1,1,1,1,1,1,1,1,1,1,1,1,1,1,1,1,1,1,1,1,1,1,1,1,1,1,1,1,1,1,0
2026-05-07 14:00:00,110.451304944444,0,0,0,0,0,0,0.0316092592592593,2.69433518518519,13.3225166666667,20.0202611111111,16.0303907407407,13.2758925925926,12.5792814814815,12.5068759259259,12.2205944444444,3.6618462962963,1.41299259259259,0.672581481481481,0.397875925925926,0.295062962962963,0.25777037037037,0.258022222222222,0.216916666666667,0.15532037037037,0.101990740740741,0.0831388888888889,0.0933851851851852,0.0963,0.0692092592592593,0.0665462962962963,0.0636962962962963,0.0557240740740741,0.048162962962963,0.0480203703703704,0.0460333333333333,0.0464722222222222,0.0315092592592593,0.027612962962963,0.0169240740740741,0.0141185185185185,0.00999814814814815,0.0144462962962963,0.00930740740740741,0.00642777777777778,0.00707962962962963,0.00766296296296296,0.00465185185185185,0.00324259259259259,0.00393333333333333,0.00501296296296296,0.00515740740740741,0.00235555555555556,0.00189259259259259,0.00237777777777778,0.00513703703703704,0.00166296296296296,0.00152777777777778,0.00222962962962963,0.000925925925925926,0.00103518518518519,0.00142222222222222,0.000472222222222222,0.000472222222222222,0.000898148148148148,0.0000425925925925926,0.000468518518518519,0.000933333333333333,0,0,0.000461111111111111,0,0.000553703703703704,0.000281481481481481,0.000303703703703704,0.000325925925925926,0.000348148148148148,0.00037037037037037,0.000111111111111111,0,1,0,0,0,0,0,0,1,1,1,1,1,1,1,1,1,1,1,1,1,1,1,1,1,1,1,1,1,1,1,1,1,1,1,1,1,1,1,1,1,1,1,1,1,1,1,1,1,1,1,1,1,1,1,1,1,1,1,1,1,1,1,1,1,1,1,1,1,1,1,1,1,1,1,1,1,1,1,1,0
2026-05-07 15:00:00,107.363146296296,0,0,0,0,0,0,0.0303388888888889,2.76152592592593,13.6870648148148,20.363087037037,16.1513166666667,13.0133592592593,11.90645,11.3000611111111,10.4296351851852,3.0733037037037,1.24652407407407,0.613322222222222,0.35907037037037,0.255122222222222,0.227557407407407,0.230731481481481,0.202905555555556,0.135807407407407,0.121031481481481,0.0855314814814815,0.0867740740740741,0.0769166666666667,0.0632555555555556,0.0751703703703704,0.0583592592592593,0.0623444444444444,0.0442611111111111,0.0581574074074074,0.0452166666666667,0.0425722222222222,0.0309703703703704,0.0277148148148148,0.0202055555555556,0.0157851851851852,0.00948518518518519,0.0149037037037037,0.011362962962963,0.0102722222222222,0.00885555555555556,0.00648888888888889,0.00755925925925926,0.00438888888888889,0.00359259259259259,0.00217037037037037,0.00320925925925926,0.00184814814814815,0.00421296296296296,0.00187777777777778,0.000616666666666667,0.00206296296296296,0.00229444444444444,0.00190925925925926,0.00209814814814815,0.00122777777777778,0.000685185185185185,0.000262962962962963,0.000472222222222222,0.00136851851851852,0.0000425925925925926,0,0.000933333333333333,0.000885185185185185,0.000503703703703704,0,0.000177777777777778,0.000859259259259259,0.000351851851851852,0.00037962962962963,0.000407407407407407,0.000435185185185185,0.000462962962962963,0.000138888888888889,0,1,0,0,0,0,0,0,1,1,1,1,1,1,1,1,1,1,1,1,1,1,1,1,1,1,1,1,1,1,1,1,1,1,1,1,1,1,1,1,1,1,1,1,1,1,1,1,1,1,1,1,1,1,1,1,1,1,1,1,1,1,1,1,1,1,1,1,1,1,1,1,1,1,1,1,1,1,1,1,0
2026-05-07 16:00:00,117.982327745455,0,0,0,0,0,0,0.0335672727272727,3.07951454545455,14.9880581818182,21.8790163636364,17.4193745454545,14.0323781818182,12.8397,12.5493563636364,11.6363563636364,3.49932363636364,1.45021090909091,0.742258181818182,0.400949090909091,0.307689090909091,0.259763636363636,0.267410909090909,0.256272727272727,0.156890909090909,0.112796363636364,0.0906436363636364,0.0807909090909091,0.0880436363636364,0.0662309090909091,0.0731981818181818,0.0686345454545454,0.0694945454545455,0.0507963636363636,0.0508836363636364,0.0468509090909091,0.0392218181818182,0.0357472727272727,0.0318818181818182,0.0289090909090909,0.0202163636363636,0.0169436363636364,0.0122236363636364,0.0135527272727273,0.00726727272727273,0.00979454545454546,0.00675272727272727,0.00725636363636364,0.00814545454545455,0.00613818181818182,0.00447818181818182,0.00274727272727273,0.00417818181818182,0.00356363636363636,0.00323636363636364,0.00258545454545455,0.00149454545454545,0.00128181818181818,0.000970909090909091,0.00118545454545455,0.00167272727272727,0.00160363636363636,0.00107454545454545,0.00150181818181818,0.00084,0.00100545454545455,0.00046,0.000314545454545455,0.00149090909090909,0.000474545454545455,0,0,0.0000709090909090909,0.000207272727272727,0.000223636363636364,0.00024,0.000256363636363636,0.000272727272727273,0.0000818181818181818,0,1,0,0,0,0,0,0,1,1,1,1,1,1,1,1,1,1,1,1,1,1,1,1,1,1,1,1,1,1,1,1,1,1,1,1,1,1,1,1,1,1,1,1,1,1,1,1,1,1,1,1,1,1,1,1,1,1,1,1,1,1,1,1,1,1,1,1,1,1,1,1,1,1,1,1,1,1,1,1,0
2026-05-07 17:00:00,133.360104980769,0,0,0,0,0,0,0.0428307692307692,3.35509807692308,16.6079596153846,24.5753423076923,19.4892961538462,15.5379288461538,14.2839730769231,13.9031538461538,13.1673980769231,5.11227884615385,2.04147692307692,0.971780769230769,0.560776923076923,0.381661538461538,0.3231,0.309509615384615,0.272059615384615,0.195286538461538,0.154092307692308,0.102830769230769,0.0958480769230769,0.0852192307692308,0.0877961538461538,0.0771,0.064975,0.0614134615384615,0.0574019230769231,0.0561884615384615,0.0566461538461538,0.0480711538461538,0.0437538461538462,0.0384538461538462,0.0245846153846154,0.0183961538461538,0.0196961538461538,0.0122134615384615,0.0133980769230769,0.0119557692307692,0.00849038461538461,0.00665,0.00690961538461538,0.008975,0.00657692307692308,0.00484615384615385,0.00580769230769231,0.001,0.00308269230769231,0.00159230769230769,0.00317115384615385,0.00124230769230769,0.00185384615384615,0.000988461538461539,0.002875,0.00255384615384615,0.00196923076923077,0.000746153846153846,0.00161730769230769,0.00106538461538462,0.0004,0.0009,0.00161346153846154,0.000919230769230769,0.000523076923076923,0,0,0.0001,0.000292307692307692,0.000315384615384615,0.000338461538461538,0.000361538461538462,0.000384615384615385,0.000115384615384615,0,1,0,0,0,0,0,0,1,1,1,1,1,1,1,1,1,1,1,1,1,1,1,1,1,1,1,1,1,1,1,1,1,1,1,1,1,1,1,1,1,1,1,1,1,1,1,1,1,1,1,1,1,1,1,1,1,1,1,1,1,1,1,1,1,1,1,1,1,1,1,1,1,1,1,1,1,1,1,1,0
2026-05-07 18:00:00,154.638522125,0,0,0,0,0,0,0.0588678571428571,4.3087125,21.0977035714286,30.1680928571429,23.1432178571429,17.7884714285714,16.0529892857143,15.3328589285714,14.2806178571429,5.4067625,2.30263392857143,1.11675714285714,0.659446428571429,0.454669642857143,0.369717857142857,0.357739285714286,0.322864285714286,0.219473214285714,0.1715375,0.134167857142857,0.106475,0.0985428571428571,0.107825,0.102828571428571,0.0909214285714286,0.08915,0.0730589285714286,0.0727839285714286,0.0671982142857143,0.065775,0.0590267857142857,0.0358642857142857,0.0321607142857143,0.0260910714285714,0.0251,0.0192625,0.0142910714285714,0.0115410714285714,0.0129339285714286,0.00924642857142857,0.00603392857142857,0.00693392857142857,0.00851607142857143,0.007575,0.00367142857142857,0.00410178571428571,0.0038125,0.00157321428571429,0.00285,0.00158392857142857,0.00239642857142857,0.00205535714285714,0.00254107142857143,0.00209821428571429,0.000457142857142857,0.000346428571428571,0.000978571428571428,0.000948214285714286,0.0021,0.0006125,0.00045,0.000875,0.000466071428571429,0,0.000171428571428571,0.000364285714285714,0.000271428571428571,0.000292857142857143,0.000314285714285714,0.000335714285714286,0.000357142857142857,0.000107142857142857,0,1,0,0,0,0,0,0,1,1,1,1,1,1,1,1,1,1,1,1,1,1,1,1,1,1,1,1,1,1,1,1,1,1,1,1,1,1,1,1,1,1,1,1,1,1,1,1,1,1,1,1,1,1,1,1,1,1,1,1,1,1,1,1,1,1,1,1,1,1,1,1,1,1,1,1,1,1,1,1,0
2026-05-07 19:00:00,167.447908140351,0,0,0,0,0,0,0.0509385964912281,4.64365263157895,22.2757175438596,31.8528859649123,24.4445,19.1269333333333,17.3645877192982,16.8796701754386,16.1739842105263,6.02909824561404,2.45502456140351,1.16015789473684,0.625977192982456,0.484068421052632,0.398042105263158,0.389738596491228,0.368040350877193,0.240268421052632,0.178957894736842,0.14269298245614,0.129031578947368,0.118689473684211,0.102233333333333,0.10270701754386,0.0912719298245614,0.0910754385964912,0.0955350877192983,0.0817333333333333,0.0753421052631579,0.071640350877193,0.0651508771929825,0.0473070175438597,0.0367122807017544,0.0284701754385965,0.0250017543859649,0.0200824561403509,0.0119140350877193,0.0176526315789474,0.0110964912280702,0.0101754385964912,0.00912105263157895,0.00824035087719298,0.00828070175438596,0.00632105263157895,0.00610175438596491,0.00350175438596491,0.00346140350877193,0.00355789473684211,0.00394912280701754,0.00280175438596491,0.00123859649122807,0.000936842105263158,0.00204561403508772,0.00116666666666667,0.00224561403508772,0.00134210526315789,0.00223684210526316,0.000850877192982456,0.00174035087719298,0.00126491228070175,0.0014719298245614,0.000440350877192982,0.00087719298245614,0,0,0.0000684210526315789,0.0002,0.000215789473684211,0.000231578947368421,0.000247368421052632,0.000263157894736842,0.0000789473684210526,0,1,0,0,0,0,0,0,1,1,1,1,1,1,1,1,1,1,1,1,1,1,1,1,1,1,1,1,1,1,1,1,1,1,1,1,1,1,1,1,1,1,1,1,1,1,1,1,1,1,1,1,1,1,1,1,1,1,1,1,1,1,1,1,1,1,1,1,1,1,1,1,1,1,1,1,1,1,1,1,0
2026-05-07 20:00:00,188.031134810345,0,0,0,0,0,0,0.0571758620689655,4.92733793103448,24.0937068965517,34.8042672413793,27.197424137931,21.5455310344828,20.07275,20.0568465517241,18.9341603448276,6.5728724137931,2.96799482758621,1.33543448275862,0.802279310344828,0.557056896551724,0.479287931034483,0.45288275862069,0.412174137931034,0.273074137931034,0.208306896551724,0.149551724137931,0.122094827586207,0.120334482758621,0.104748275862069,0.0986793103448276,0.0994172413793104,0.0947448275862069,0.091201724137931,0.0772844827586207,0.0706551724137931,0.0693913793103448,0.0624862068965517,0.0520224137931034,0.0416293103448276,0.0295827586206897,0.0216344827586207,0.0167879310344828,0.0154655172413793,0.0128206896551724,0.00804655172413793,0.00795,0.00912758620689655,0.00961551724137931,0.0054,0.00713620689655172,0.00601896551724138,0.00261724137931034,0.00218448275862069,0.00275172413793103,0.0034051724137931,0.00291896551724138,0.00249137931034483,0.00213793103448276,0.00194310344827586,0.00132586206896552,0.00176551724137931,0.000774137931034483,0.0013448275862069,0.00218965517241379,0.000517241379310345,0.00116551724137931,0.000143103448275862,0.000412068965517241,0.0000189655172413793,0.000429310344827586,0.000855172413793103,0.00132241379310345,0.000131034482758621,0.000141379310344828,0.000151724137931034,0.000162068965517241,0.000172413793103448,0.0000517241379310345,0,1,0,0,0,0,0,0,1,1,1,1,1,1,1,1,1,1,1,1,1,1,1,1,1,1,1,1,1,1,1,1,1,1,1,1,1,1,1,1,1,1,1,1,1,1,1,1,1,1,1,1,1,1,1,1,1,1,1,1,1,1,1,1,1,1,1,1,1,1,1,1,1,1,1,1,1,1,1,1,0
2026-05-07 21:00:00,197.236116086207,0,0,0,0,0,0,0.066251724137931,5.04034310344828,24.9865982758621,36.9585034482759,28.7052086206897,23.1929448275862,20.9390810344828,20.8850344827586,19.461975862069,6.81167586206897,3.21463793103448,1.54366896551724,0.828429310344828,0.632379310344828,0.512355172413793,0.510975862068966,0.457248275862069,0.295074137931034,0.234703448275862,0.175844827586207,0.13548275862069,0.137393103448276,0.117891379310345,0.120406896551724,0.107741379310345,0.0890844827586207,0.0903672413793103,0.0835431034482759,0.0791655172413793,0.0566258620689655,0.0614137931034483,0.0523672413793103,0.0457827586206897,0.0301189655172414,0.026498275862069,0.0208068965517241,0.015601724137931,0.0150327586206897,0.0165396551724138,0.00817068965517241,0.00972586206896552,0.0113793103448276,0.00961034482758621,0.00555172413793103,0.00738793103448276,0.00737931034482759,0.00474310344827586,0.00233965517241379,0.00308620689655172,0.00383103448275862,0.00181034482758621,0.00335172413793103,0.00295344827586207,0.00202758620689655,0,0.000774137931034483,0.0013448275862069,0.000955172413793103,0.000436206896551724,0.000436206896551724,0.000868965517241379,0.000432758620689655,0.000431034482758621,0.000429310344827586,0.000427586206896552,0.000470689655172414,0.000131034482758621,0.000141379310344828,0.000151724137931034,0.000162068965517241,0.000172413793103448,0.0000517241379310345,0,1,0,0,0,0,0,0,1,1,1,1,1,1,1,1,1,1,1,1,1,1,1,1,1,1,1,1,1,1,1,1,1,1,1,1,1,1,1,1,1,1,1,1,1,1,1,1,1,1,1,1,1,1,1,1,1,1,1,1,1,1,1,1,1,1,1,1,1,1,1,1,1,1,1,1,1,1,1,1,0
2026-05-07 22:00:00,235.999248716667,0,0,0,0,0,0,0.0607266666666667,5.68473666666667,28.452425,43.1636333333333,34.03104,27.4022066666667,25.5088733333333,25.92018,25.3050216666667,8.22332,4.094435,1.95991333333333,1.16209166666667,0.868658333333333,0.724228333333333,0.691483333333333,0.61435,0.373958333333333,0.273196666666667,0.201286666666667,0.168175,0.148058333333333,0.136863333333333,0.123848333333333,0.113696666666667,0.111863333333333,0.08978,0.0860666666666667,0.0782616666666667,0.0738233333333333,0.0665383333333333,0.0463416666666667,0.04007,0.033285,0.0217133333333333,0.0248816666666667,0.016945,0.012385,0.01398,0.00764333333333333,0.011215,0.00788333333333333,0.00891666666666667,0.0062,0.002665,0.003395,0.00180833333333333,0.00388166666666667,0.00202666666666667,0.00309,0.00100333333333333,0.00143333333333333,0.00225166666666667,0,0.00128,0.000748333333333333,0.000101666666666667,0.000423333333333333,0.000423333333333333,0,0.00042,0.001235,0.000658333333333333,0.000366666666666667,0.00024,0.000498333333333333,0.000253333333333333,0.000273333333333333,0.000293333333333333,0.000313333333333333,0.000333333333333333,0.0001,0,1,0,0,0,0,0,0,1,1,1,1,1,1,1,1,1,1,1,1,1,1,1,1,1,1,1,1,1,1,1,1,1,1,1,1,1,1,1,1,1,1,1,1,1,1,1,1,1,1,1,1,1,1,1,1,1,1,1,1,1,1,1,1,1,1,1,1,1,1,1,1,1,1,1,1,1,1,1,1,0
2026-05-07 23:00:00,227.5704249,0,0,0,0,0,0,0.0673583333333333,5.77278,28.5705833333333,42.1363416666667,32.8492166666667,26.3858283333333,24.6959083333333,24.5793316666667,25.0057383333333,7.73287166666667,3.69921666666667,1.742845,1.00966833333333,0.670065,0.615166666666667,0.575205,0.456405,0.301726666666667,0.213676666666667,0.154773333333333,0.139305,0.131906666666667,0.109671666666667,0.115528333333333,0.09463,0.0946316666666667,0.07862,0.0927933333333333,0.0847166666666667,0.0730766666666667,0.0643783333333333,0.0558433333333333,0.04313,0.0379716666666667,0.0253966666666667,0.018105,0.0164033333333333,0.01295,0.010585,0.0131033333333333,0.0107683333333333,0.00982,0.009545,0.008245,0.00427333333333333,0.00499,0.00259,0.005055,0.00577,0.00357166666666667,0.001605,0.00335333333333333,0.00154666666666667,0.00160833333333333,0.00104333333333333,0.000661666666666667,0.000811666666666667,0.000885,0,0.000421666666666667,0,0.000836666666666667,0,0,0.00016,0.000253333333333333,0,0,0,0,0,0,0,1,0,0,0,0,0,0,1,1,1,1,1,1,1,1,1,1,1,1,1,1,1,1,1,1,1,1,1,1,1,1,1,1,1,1,1,1,1,1,1,1,1,1,1,1,1,1,1,1,1,1,1,1,1,1,1,1,1,1,1,1,1,1,1,1,1,1,1,1,1,1,1,1,1,1,1,1,1,1,0
2026-05-08,237.4366442,0,0,0,0,0,0,0.0655216666666667,5.97295333333333,29.86124,44.301245,34.4120716666667,27.2800266666667,25.4070266666667,25.5871816666667,26.1601766666667,8.085445,3.79784333333333,1.79790833333333,1.012585,0.715861666666667,0.623825,0.577678333333333,0.477225,0.268048333333333,0.20387,0.15589,0.140986666666667,0.137866666666667,0.101326666666667,0.106315,0.08546,0.100235,0.0903583333333333,0.087855,0.08526,0.067585,0.0634216666666667,0.049285,0.0424733333333333,0.03129,0.028,0.0172633333333333,0.02082,0.0150016666666667,0.0125733333333333,0.014195,0.00903166666666667,0.00920666666666667,0.00649833333333333,0.00639666666666667,0.00798333333333333,0.00296333333333333,0.00396666666666667,0.00205833333333333,0.00451666666666667,0.00265833333333333,0.00504666666666667,0.00329166666666667,0.001515,0.00111,0.00127833333333333,0.000425,0.000425,0.00127,0.000421666666666667,0.000843333333333333,0.00126,0.000418333333333333,0.000416666666666667,0,0,0.0000866666666666667,0.000253333333333333,0.000273333333333333,0.000293333333333333,0.000313333333333333,0.000333333333333333,0.0001,0,1,0,0,0,0,0,0,1,1,1,1,1,1,1,1,1,1,1,1,1,1,1,1,1,1,1,1,1,1,1,1,1,1,1,1,1,1,1,1,1,1,1,1,1,1,1,1,1,1,1,1,1,1,1,1,1,1,1,1,1,1,1,1,1,1,1,1,1,1,1,1,1,1,1,1,1,1,1,1,0
2026-05-08 01:00:00,241.963888033333,0,0,0,0,0,0,0.08427,6.229835,31.05488,45.403915,35.2568683333333,27.7697266666667,25.632395,25.0321533333333,26.1191,8.115315,3.68431166666667,1.72554666666667,0.977105,0.715255,0.5569,0.552545,0.446313333333333,0.290141666666667,0.19535,0.138121666666667,0.134653333333333,0.135741666666667,0.113301666666667,0.109018333333333,0.0994533333333333,0.0913433333333333,0.083095,0.086715,0.06536,0.0782466666666667,0.05566,0.05048,0.042685,0.0269016666666667,0.0219183333333333,0.022475,0.0232466666666667,0.0157216666666667,0.0165083333333333,0.0101616666666667,0.0101283333333333,0.00933666666666667,0.007235,0.00592166666666667,0.00984666666666667,0.00460333333333333,0.00590333333333333,0.00391833333333333,0.003145,0.00263166666666667,0.00163333333333333,0.00137333333333333,0.00299833333333333,0.00128,0.00166,0.000898333333333333,0.000425,0.000385,0.000461666666666667,0,0,0,0.000223333333333333,0.000193333333333333,0.000573333333333333,0.000318333333333333,0.00019,0.000205,0.00022,0.000235,0.00025,0.000075,0,1,0,0,0,0,0,0,1,1,1,1,1,1,1,1,1,1,1,1,1,1,1,1,1,1,1,1,1,1,1,1,1,1,1,1,1,1,1,1,1,1,1,1,1,1,1,1,1,1,1,1,1,1,1,1,1,1,1,1,1,1,1,1,1,1,1,1,1,1,1,1,1,1,1,1,1,1,1,1,0
2026-05-08 02:00:00,247.534411366667,0,0,0,0,0,0,0.094375,7.36408833333333,34.0484433333333,46.9832216666667,35.6048866666667,28.2575066666667,25.7783533333333,25.061875,26.20941,8.34570166666667,3.60006666666667,1.71153,0.971366666666667,0.669513333333333,0.562963333333333,0.516351666666667,0.46794,0.280891666666667,0.195311666666667,0.139716666666667,0.137776666666667,0.132016666666667,0.104946666666667,0.109738333333333,0.0904783333333333,0.098075,0.085155,0.078405,0.0711283333333333,0.0689366666666667,0.0597116666666667,0.044875,0.0376216666666667,0.0285883333333333,0.0195016666666667,0.0197316666666667,0.0150833333333333,0.0137566666666667,0.01475,0.011535,0.006775,0.00993333333333333,0.00690166666666667,0.00729,0.00547,0.00378333333333333,0.00190166666666667,0.00330166666666667,0.00172666666666667,0.00220666666666667,0.001835,0.00363666666666667,0.00023,0.00110666666666667,0.000616666666666667,0.000661666666666667,0.00085,0.000808333333333333,0.000385,0.000496666666666667,0.00042,0.000398333333333333,0.0000183333333333333,0,0,0.0000433333333333333,0.000126666666666667,0.000136666666666667,0.000146666666666667,0.000156666666666667,0.000166666666666667,0.00005,0,1,0,0,0,0,0,0,1,1,1,1,1,1,1,1,1,1,1,1,1,1,1,1,1,1,1,1,1,1,1,1,1,1,1,1,1,1,1,1,1,1,1,1,1,1,1,1,1,1,1,1,1,1,1,1,1,1,1,1,1,1,1,1,1,1,1,1,1,1,1,1,1,1,1,1,1,1,1,1,0
2026-05-08 03:00:00,254.852683466667,0,0,0,0,0,0,0.09952,7.39194833333333,34.4715466666667,48.1162733333333,37.05201,29.13007,26.2584133333333,25.4724883333333,26.873115,8.80700333333333,3.64511166666667,1.81606666666667,0.976665,0.690186666666667,0.540215,0.52085,0.468865,0.294561666666667,0.19658,0.151755,0.128658333333333,0.124266666666667,0.112676666666667,0.116095,0.105098333333333,0.101068333333333,0.0961416666666667,0.0913266666666667,0.0714633333333333,0.077195,0.061515,0.0519816666666667,0.0404533333333333,0.0326166666666667,0.02614,0.0148466666666667,0.0198883333333333,0.0156183333333333,0.01411,0.0114683333333333,0.0109933333333333,0.0101333333333333,0.00761166666666667,0.005455,0.00431333333333333,0.00337166666666667,0.005625,0.00497333333333333,0.004095,0.00392333333333333,0.00146166666666667,0.00191666666666667,0.000483333333333333,0.000426666666666667,0,0.00107166666666667,0.00144,0.0000383333333333333,0.000845,0.00112666666666667,0.000138333333333333,0.000418333333333333,0,0.000588333333333333,0.00024,0.0000433333333333333,0.000126666666666667,0.000136666666666667,0.000146666666666667,0.000156666666666667,0.000166666666666667,0.00005,0,1,0,0,0,0,0,0,1,1,1,1,1,1,1,1,1,1,1,1,1,1,1,1,1,1,1,1,1,1,1,1,1,1,1,1,1,1,1,1,1,1,1,1,1,1,1,1,1,1,1,1,1,1,1,1,1,1,1,1,1,1,1,1,1,1,1,1,1,1,1,1,1,1,1,1,1,1,1,1,0
2026-05-08 04:00:00,241.818765533333,0,0,0,0,0,0,0.089285,6.56968333333333,31.343915,45.1008016666667,35.4328133333333,28.206155,25.4912283333333,24.461025,25.2068616666667,7.81636166666667,3.12739666666667,1.53120333333333,0.80602,0.605228333333333,0.50193,0.467383333333333,0.404545,0.263841666666667,0.20673,0.150213333333333,0.14921,0.145243333333333,0.148146666666667,0.128916666666667,0.1299,0.113366666666667,0.122198333333333,0.109445,0.101453333333333,0.09384,0.0840716666666667,0.0592766666666667,0.05633,0.038655,0.0374433333333333,0.0256333333333333,0.0276533333333333,0.0199816666666667,0.0204366666666667,0.0152916666666667,0.0140216666666667,0.0127383333333333,0.00807,0.00602833333333333,0.007245,0.00836333333333333,0.002085,0.00665666666666667,0.00258,0.00271166666666667,0.00298166666666667,0.000858333333333333,0.00257,0.000426666666666667,0.00189666666666667,0.00193666666666667,0.000386666666666667,0.000846666666666667,0.00046,0.000283333333333333,0.000138333333333333,0.000418333333333333,0,0.000346666666666667,0.000893333333333333,0.0000216666666666667,0.0000633333333333333,0.0000683333333333333,0.0000733333333333333,0.0000783333333333333,0.0000833333333333333,0.000025,0,1,0,0,0,0,0,0,1,1,1,1,1,1,1,1,1,1,1,1,1,1,1,1,1,1,1,1,1,1,1,1,1,1,1,1,1,1,1,1,1,1,1,1,1,1,1,1,1,1,1,1,1,1,1,1,1,1,1,1,1,1,1,1,1,1,1,1,1,1,1,1,1,1,1,1,1,1,1,1,0
2026-05-08 05:00:00,249.98262175,0,0,0,0,0,0,0.0830216666666667,6.38052833333333,30.7833316666667,45.5905633333333,37.0160816666667,29.7714316666667,27.4680783333333,26.5976716666667,27.2389683333333,7.75563666666667,3.18368333333333,1.54814166666667,0.829976666666667,0.624641666666667,0.548633333333333,0.506385,0.494565,0.287556666666667,0.245473333333333,0.175738333333333,0.169431666666667,0.187731666666667,0.17115,0.15759,0.166795,0.145761666666667,0.154526666666667,0.131211666666667,0.122418333333333,0.130246666666667,0.108051666666667,0.09076,0.0735666666666667,0.0554166666666667,0.0331766666666667,0.0324916666666667,0.0290933333333333,0.0238716666666667,0.0229733333333333,0.0261483333333333,0.0177733333333333,0.011905,0.014695,0.00702833333333333,0.00681166666666667,0.00635666666666667,0.006825,0.00202166666666667,0.00442,0.004485,0.00143333333333333,0.00218166666666667,0.00168,0.00110666666666667,0,0.00192166666666667,0.000628333333333333,0.000808333333333333,0.000461666666666667,0,0.00042,0.000398333333333333,0.000658333333333333,0.000608333333333333,0.00016,0.000253333333333333,0,0,0,0,0,0,0,1,0,0,0,0,0,0,1,1,1,1,1,1,1,1,1,1,1,1,1,1,1,1,1,1,1,1,1,1,1,1,1,1,1,1,1,1,1,1,1,1,1,1,1,1,1,1,1,1,1,1,1,1,1,1,1,1,1,1,1,1,1,1,1,1,1,1,1,1,1,1,1,1,1,1,1,1,1,1,0
2026-05-08 06:00:00,256.72594425,0,0,0,0,0,0,0.075035,6.14579333333333,30.2718733333333,45.1984483333333,37.7951533333333,31.2923166666667,29.7733683333333,29.0796483333333,28.37243,7.42188,3.32628333333333,1.563325,0.869803333333333,0.658483333333333,0.567443333333333,0.542245,0.524476666666667,0.299356666666667,0.261123333333333,0.191343333333333,0.18822,0.207535,0.174765,0.174073333333333,0.174578333333333,0.166145,0.157268333333333,0.15773,0.139746666666667,0.129125,0.133923333333333,0.098595,0.0663966666666667,0.0556533333333333,0.055025,0.0312,0.028835,0.0294283333333333,0.03243,0.0262866666666667,0.0192233333333333,0.015655,0.0132666666666667,0.0133033333333333,0.008315,0.00546833333333333,0.00449166666666667,0.001645,0.00329333333333333,0.00402833333333333,0,0.000746666666666667,0.00114166666666667,0.000678333333333333,0.00147,0.000236666666666667,0.000425,0.000423333333333333,0,0,0.00042,0,0.000416666666666667,0.000415,0,0.000065,0.00019,0.000205,0.00022,0.000235,0.00025,0.000075,0,1,0,0,0,0,0,0,1,1,1,1,1,1,1,1,1,1,1,1,1,1,1,1,1,1,1,1,1,1,1,1,1,1,1,1,1,1,1,1,1,1,1,1,1,1,1,1,1,1,1,1,1,1,1,1,1,1,1,1,1,1,1,1,1,1,1,1,1,1,1,1,1,1,1,1,1,1,1,1,0
2026-05-08 07:00:00,339.173868333333,0,0,0,0,0,0,0.0985466666666667,7.40609833333333,36.3566366666667,54.697945,46.573905,40.690435,40.5600266666667,42.79893,41.6652016666667,10.8999183333333,5.65386,2.68782,1.55967833333333,1.13290833333333,0.957255,0.916406666666667,0.752248333333333,0.378076666666667,0.280213333333333,0.196416666666667,0.192361666666667,0.199915,0.193765,0.175738333333333,0.156915,0.168115,0.168526666666667,0.161505,0.137061666666667,0.151646666666667,0.133513333333333,0.106841666666667,0.0965966666666667,0.065445,0.051005,0.0380333333333333,0.038505,0.0248133333333333,0.025585,0.024205,0.01653,0.015275,0.01229,0.01059,0.0082,0.00884333333333333,0.00333666666666667,0.00419166666666667,0.00409666666666667,0.00094,0.000573333333333333,0.00272,0.00157,0.00110666666666667,0,0.000323333333333333,0.000101666666666667,0,0.000843333333333333,0.000421666666666667,0.000288333333333333,0.00053,0.0000183333333333333,0.000415,0,0.000195,0.00057,0.000613333333333333,0.000658333333333333,0.000705,0.000751666666666667,0.000223333333333333,0,1,0,0,0,0,0,0,1,1,1,1,1,1,1,1,1,1,1,1,1,1,1,1,1,1,1,1,1,1,1,1,1,1,1,1,1,1,1,1,1,1,1,1,1,1,1,1,1,1,1,1,1,1,1,1,1,1,1,1,1,1,1,1,1,1,1,1,1,1,1,1,1,1,1,1,1,1,1,1,0
2026-05-08 08:00:00,325.28450065,0,0,0,0,0,0,0.0808733333333333,7.23525166666667,36.4819733333333,56.3742983333333,47.6174466666667,40.1918783333333,38.712595,40.56484,35.4730033333333,8.53836,4.29500833333333,2.00579333333333,1.15229833333333,0.831365,0.73551,0.681641666666667,0.554505,0.315793333333333,0.24235,0.188501666666667,0.189171666666667,0.18565,0.140635,0.173835,0.151128333333333,0.152156666666667,0.15112,0.145801666666667,0.145363333333333,0.134468333333333,0.143171666666667,0.115723333333333,0.0796866666666667,0.0624616666666667,0.0513133333333333,0.0385616666666667,0.0358316666666667,0.032145,0.0238183333333333,0.0200316666666667,0.0246616666666667,0.021905,0.014075,0.0105133333333333,0.0066,0.00426333333333333,0.008215,0.00454166666666667,0.00388333333333333,0.00157666666666667,0.00143333333333333,0.00192,0.00108666666666667,0.00238666666666667,0.00128,0.00159833333333333,0.000526666666666667,0.000846666666666667,0,0,0.000288333333333333,0.000131666666666667,0,0,0,0.000108333333333333,0.000316666666666667,0.000341666666666667,0.000366666666666667,0.000391666666666667,0.000416666666666667,0.000125,0,1,0,0,0,0,0,0,1,1,1,1,1,1,1,1,1,1,1,1,1,1,1,1,1,1,1,1,1,1,1,1,1,1,1,1,1,1,1,1,1,1,1,1,1,1,1,1,1,1,1,1,1,1,1,1,1,1,1,1,1,1,1,1,1,1,1,1,1,1,1,1,1,1,1,1,1,1,1,1,0
2026-05-08 09:00:00,353.2160945,0,0,0,0,0,0,0.0882516666666667,7.43710166666667,39.0949033333333,61.3939216666667,51.3767783333333,42.959775,41.7647883333333,44.801865,37.700275,9.25320666666667,4.849655,2.224195,1.30047166666667,0.949491666666667,0.843953333333333,0.823888333333333,0.669713333333333,0.383268333333333,0.290295,0.223046666666667,0.21579,0.233593333333333,0.197435,0.21126,0.197406666666667,0.20133,0.184296666666667,0.185646666666667,0.174063333333333,0.171101666666667,0.141328333333333,0.12905,0.10848,0.0776416666666667,0.060525,0.0457516666666667,0.0453766666666667,0.0343033333333333,0.0299216666666667,0.0291583333333333,0.024935,0.0185,0.0185933333333333,0.0151583333333333,0.014535,0.010345,0.00863333333333333,0.00693,0.00526,0.00193666666666667,0.00590666666666667,0.00363666666666667,0.00168166666666667,0.00281333333333333,0.00256,0.000748333333333333,0.000913333333333333,0.00246333333333333,0.00257333333333333,0.000918333333333333,0.00042,0.001235,0.00210166666666667,0.001245,0.000413333333333333,0.000821666666666667,0.00120166666666667,0.001295,0.00139,0.00148833333333333,0.00158666666666667,0.000471666666666667,0,1,0,0,0,0,0,0,1,1,1,1,1,1,1,1,1,1,1,1,1,1,1,1,1,1,1,1,1,1,1,1,1,1,1,1,1,1,1,1,1,1,1,1,1,1,1,1,1,1,1,1,1,1,1,1,1,1,1,1,1,1,1,1,1,1,1,1,1,1,1,1,1,1,1,1,1,1,1,1,0
2026-05-08 10:00:00,376.471213233333,0,0,0,0,0,0,0.0906116666666667,8.05798166666667,41.7849666666667,65.375205,54.6850933333333,46.027645,44.9863783333333,48.11818,41.15058,10.34332,5.54434166666667,2.46233833333333,1.44255,1.09819333333333,0.894218333333333,0.896053333333333,0.718438333333333,0.388861666666667,0.26952,0.20048,0.1854,0.19055,0.171921666666667,0.195918333333333,0.1676,0.192095,0.179623333333333,0.1623,0.150498333333333,0.148715,0.138166666666667,0.111166666666667,0.0906933333333333,0.0687766666666667,0.0583066666666667,0.04166,0.0389683333333333,0.0259516666666667,0.0304216666666667,0.0223366666666667,0.0188583333333333,0.0175216666666667,0.0124716666666667,0.0101333333333333,0.00720666666666667,0.00747333333333333,0.00856333333333333,0.00503666666666667,0.00407833333333333,0.00193333333333333,0.00338333333333333,0.00209,0.001515,0.00239,0.00185,0.001985,0.00166166666666667,0.000423333333333333,0.000881666666666667,0,0.00084,0.000418333333333333,0,0,0,0.00013,0.00038,0.00041,0.00044,0.00047,0.0005,0.00015,0,1,0,0,0,0,0,0,1,1,1,1,1,1,1,1,1,1,1,1,1,1,1,1,1,1,1,1,1,1,1,1,1,1,1,1,1,1,1,1,1,1,1,1,1,1,1,1,1,1,1,1,1,1,1,1,1,1,1,1,1,1,1,1,1,1,1,1,1,1,1,1,1,1,1,1,1,1,1,1,0
2026-05-08 11:00:00,289.423685962963,0,0,0,0,0,0,0.088362962962963,7.27424074074074,36.6954740740741,55.2399444444444,43.9444574074074,35.2159574074074,32.8302574074074,33.8672537037037,28.1822148148148,6.9336037037037,3.48543888888889,1.66858888888889,0.955842592592593,0.67995,0.622998148148148,0.628198148148148,0.485753703703704,0.281018518518519,0.218425925925926,0.148498148148148,0.154690740740741,0.170598148148148,0.137942592592593,0.159562962962963,0.1337,0.142201851851852,0.131844444444444,0.127446296296296,0.127101851851852,0.117937037037037,0.102955555555556,0.0863111111111111,0.0793166666666667,0.058787037037037,0.0396555555555556,0.0341648148148148,0.0277981481481481,0.0242055555555556,0.0262611111111111,0.0200777777777778,0.0145185185185185,0.0148259259259259,0.012,0.00862407407407407,0.00898888888888889,0.00701481481481481,0.00789814814814815,0.00671111111111111,0.00315185185185185,0.00301666666666667,0.00159259259259259,0.00296296296296296,0.00180555555555556,0.00122962962962963,0.0018962962962963,0,0.000901851851851852,0.000512962962962963,0.00140740740740741,0.00156666666666667,0.00202592592592593,0.000611111111111111,0.00138888888888889,0,0.000459259259259259,0.000144444444444444,0.000422222222222222,0.000455555555555556,0.000488888888888889,0.000522222222222222,0.000555555555555556,0.000166666666666667,0,1,0,0,0,0,0,0,1,1,1,1,1,1,1,1,1,1,1,1,1,1,1,1,1,1,1,1,1,1,1,1,1,1,1,1,1,1,1,1,1,1,1,1,1,1,1,1,1,1,1,1,1,1,1,1,1,1,1,1,1,1,1,1,1,1,1,1,1,1,1,1,1,1,1,1,1,1,1,1,0
2026-05-08 12:00:00,215.382353052632,0,0,0,0,0,0,0.0781333333333333,6.13333157894737,30.087998245614,43.6208298245614,33.3357754385965,25.7816701754386,23.1845929824561,22.7130719298246,18.3409087719298,4.34865789473684,2.06726842105263,0.980512280701754,0.538433333333333,0.429340350877193,0.380414035087719,0.370250877192982,0.308875438596491,0.181498245614035,0.148398245614035,0.118424561403509,0.10570701754386,0.123954385964912,0.104449122807018,0.118715789473684,0.102050877192982,0.112714035087719,0.0940140350877193,0.0893614035087719,0.0968578947368421,0.0937912280701754,0.0730245614035088,0.0669684210526316,0.0548877192982456,0.0402894736842105,0.0349035087719298,0.0298105263157895,0.0196736842105263,0.0180210526315789,0.0170263157894737,0.0158175438596491,0.0175842105263158,0.0111614035087719,0.00769122807017544,0.00853859649122807,0.0059578947368421,0.00707543859649123,0.00346315789473684,0.00312280701754386,0.00470701754385965,0.0016140350877193,0.00347368421052632,0.00304736842105263,0.0024719298245614,0.00214385964912281,0.000898245614035088,0.00146842105263158,0.00117543859649123,0.000485964912280702,0.000364912280701754,0.0000789473684210526,0.000442105263157895,0.000440350877192982,0.00043859649122807,0.000619298245614035,0.000252631578947368,0.0000684210526315789,0.0002,0.000215789473684211,0.000231578947368421,0.000247368421052632,0.000263157894736842,0.0000789473684210526,0,1,0,0,0,0,0,0,1,1,1,1,1,1,1,1,1,1,1,1,1,1,1,1,1,1,1,1,1,1,1,1,1,1,1,1,1,1,1,1,1,1,1,1,1,1,1,1,1,1,1,1,1,1,1,1,1,1,1,1,1,1,1,1,1,1,1,1,1,1,1,1,1,1,1,1,1,1,1,1,0
2026-05-08 13:00:00,243.452268821429,0,0,0,0,0,0,0.0869535714285714,6.99946785714286,33.8834071428571,48.6765482142857,37.3331964285714,29.0174589285714,26.0362964285714,25.6900482142857,21.1591410714286,5.21956785714286,2.66916071428571,1.24062321428571,0.713532142857143,0.5463875,0.475828571428571,0.476164285714286,0.363383928571429,0.230173214285714,0.173308928571429,0.116914285714286,0.132351785714286,0.142771428571429,0.122416071428571,0.124926785714286,0.113571428571429,0.114730357142857,0.105776785714286,0.102060714285714,0.103221428571429,0.102023214285714,0.0920696428571429,0.0820517857142857,0.0612660714285714,0.0456339285714286,0.0348517857142857,0.0323803571428571,0.0296160714285714,0.0268482142857143,0.0262089285714286,0.0183035714285714,0.0168875,0.0160357142857143,0.0126553571428571,0.010975,0.00898035714285714,0.0095,0.00774107142857143,0.00456785714285714,0.00560178571428571,0.00587321428571429,0.00761785714285714,0.00536785714285714,0.00336607142857143,0.00145714285714286,0.00203214285714286,0.00151071428571429,0.00139285714285714,0.00189821428571429,0.00263392857142857,0.00144107142857143,0.00165178571428571,0.000567857142857143,0.000258928571428571,0.000207142857142857,0.0023875,0.00106071428571429,0.00101785714285714,0.00109285714285714,0.00117321428571429,0.00125892857142857,0.00134464285714286,0.000396428571428571,0,1,0,0,0,0,0,0,1,1,1,1,1,1,1,1,1,1,1,1,1,1,1,1,1,1,1,1,1,1,1,1,1,1,1,1,1,1,1,1,1,1,1,1,1,1,1,1,1,1,1,1,1,1,1,1,1,1,1,1,1,1,1,1,1,1,1,1,1,1,1,1,1,1,1,1,1,1,1,1,0
2026-05-08 14:00:00,298.718428145455,0,0,0,0,0,0,0.105858181818182,8.4371,40.9993818181818,58.5464654545455,45.0306454545455,35.2113618181818,32.0052745454545,32.5549418181818,27.92186,7.15440909090909,3.71656181818182,1.82052727272727,1.05674727272727,0.839089090909091,0.720743636363636,0.716038181818182,0.53854,0.285174545454545,0.202121818181818,0.147214545454545,0.128307272727273,0.145401818181818,0.122292727272727,0.121694545454545,0.110652727272727,0.114441818181818,0.0974454545454545,0.0920072727272727,0.0814654545454545,0.0923509090909091,0.0829363636363636,0.0632709090909091,0.0551654545454545,0.0430854545454545,0.0342654545454545,0.0221381818181818,0.0277472727272727,0.02312,0.0128727272727273,0.0144581818181818,0.0151581818181818,0.0132818181818182,0.00657090909090909,0.00984,0.00605818181818182,0.00688727272727273,0.00505272727272727,0.00380363636363636,0.00207636363636364,0.00475272727272727,0.00341090909090909,0.00121636363636364,0.000934545454545455,0.00186363636363636,0.00113818181818182,0.00107454545454545,0.00103818181818182,0.00314909090909091,0.00192727272727273,0.00046,0.000458181818181818,0,0.000243636363636364,0.000210909090909091,0,0.00106363636363636,0.000483636363636364,0.000521818181818182,0.00056,0.000598181818181818,0.000636363636363636,0.000190909090909091,0,1,0,0,0,0,0,0,1,1,1,1,1,1,1,1,1,1,1,1,1,1,1,1,1,1,1,1,1,1,1,1,1,1,1,1,1,1,1,1,1,1,1,1,1,1,1,1,1,1,1,1,1,1,1,1,1,1,1,1,1,1,1,1,1,1,1,1,1,1,1,1,1,1,1,1,1,1,1,1,0
2026-05-08 15:00:00,162.710564538462,0,0,0,0,0,0,0.0566865384615385,4.15324038461538,21.6018596153846,31.7812942307692,24.9966057692308,19.8179365384615,17.690525,17.5891923076923,14.6595019230769,3.79723461538462,1.77905769230769,0.76425,0.4358,0.323282692307692,0.280757692307692,0.2839,0.232061538461538,0.144128846153846,0.0962538461538461,0.0892211538461539,0.091775,0.0863192307692308,0.0719269230769231,0.0833826923076923,0.0782615384615385,0.073875,0.0655846153846154,0.0623673076923077,0.0533634615384615,0.0599038461538462,0.0624461538461538,0.0411634615384615,0.0314423076923077,0.0305288461538462,0.0216019230769231,0.0186576923076923,0.0217365384615385,0.0112769230769231,0.0156692307692308,0.00897115384615385,0.00674423076923077,0.0123557692307692,0.00740192307692308,0.00645961538461538,0.00423846153846154,0.00528269230769231,0.00238269230769231,0.000638461538461538,0.00551538461538462,0.002575,0.00195192307692308,0.00234615384615385,0.00160961538461538,0,0.000492307692307692,0,0,0,0.000886538461538462,0.0000865384615384615,0,0.000482692307692308,0.000738461538461539,0.000223076923076923,0.000846153846153846,0.00110961538461538,0.000146153846153846,0.000157692307692308,0.000169230769230769,0.000180769230769231,0.000192307692307692,0.0000576923076923077,0,1,0,0,0,0,0,0,1,1,1,1,1,1,1,1,1,1,1,1,1,1,1,1,1,1,1,1,1,1,1,1,1,1,1,1,1,1,1,1,1,1,1,1,1,1,1,1,1,1,1,1,1,1,1,1,1,1,1,1,1,1,1,1,1,1,1,1,1,1,1,1,1,1,1,1,1,1,1,1,0
2026-05-08 16:00:00,235.483532711864,0,0,0,0,0,0,0.0809406779661017,5.98791694915254,30.0116305084746,44.5069983050847,35.179186440678,28.0148372881356,25.8648169491525,26.0055762711864,22.6261423728814,6.11028983050847,3.09899152542373,1.52821016949153,0.873593220338983,0.628986440677966,0.555305084745763,0.552491525423729,0.407466101694915,0.237159322033898,0.188276271186441,0.12055593220339,0.11815593220339,0.117796610169492,0.0983423728813559,0.115081355932203,0.100361016949153,0.0941254237288136,0.0810779661016949,0.0952898305084746,0.0878322033898305,0.0812474576271186,0.0617610169491525,0.0600983050847458,0.0441457627118644,0.0390016949152542,0.0295118644067797,0.0219593220338983,0.0188677966101695,0.0138389830508475,0.0169084745762712,0.0155305084745763,0.0103593220338983,0.00827457627118644,0.0102271186440678,0.0069271186440678,0.00654915254237288,0.00467966101694915,0.00390338983050847,0.00259661016949153,0.00429830508474576,0.00250677966101695,0.00291525423728814,0.00378813559322034,0.0012728813559322,0.000689830508474576,0.000867796610169492,0,0.000786440677966102,0.0000779661016949153,0,0.00114576271186441,0.000140677966101695,0.000405084745762712,0.0000186440677966102,0,0.000420338983050847,0.0000661016949152542,0.000193220338983051,0.000208474576271186,0.000223728813559322,0.000238983050847458,0.000254237288135593,0.000076271186440678,0,1,0,0,0,0,0,0,1,1,1,1,1,1,1,1,1,1,1,1,1,1,1,1,1,1,1,1,1,1,1,1,1,1,1,1,1,1,1,1,1,1,1,1,1,1,1,1,1,1,1,1,1,1,1,1,1,1,1,1,1,1,1,1,1,1,1,1,1,1,1,1,1,1,1,1,1,1,1,1,0
2026-05-08 17:00:00,280.635835844828,0,0,0,0,0,0,0.0850948275862069,7.00479655172414,35.5050172413793,53.2255448275862,42.1733827586207,33.8312775862069,31.0607275862069,30.887775862069,27.0275517241379,7.91601551724138,3.99475,1.90985517241379,1.03109137931034,0.789075862068966,0.616670689655172,0.625555172413793,0.491305172413793,0.273206896551724,0.2083,0.144858620689655,0.138012068965517,0.14426724137931,0.099401724137931,0.123512068965517,0.101194827586207,0.110872413793103,0.097651724137931,0.10271724137931,0.08975,0.0858534482758621,0.0779827586206897,0.0696344827586207,0.046748275862069,0.03735,0.0331793103448276,0.0290672413793103,0.0262051724137931,0.0225051724137931,0.0159758620689655,0.0128724137931034,0.0163758620689655,0.00971034482758621,0.00868965517241379,0.00791551724137931,0.00354655172413793,0.00344137931034483,0.00385172413793103,0.00538275862068965,0.00153103448275862,0.00269827586206897,0.000860344827586207,0.00216206896551724,0.0005,0.00176551724137931,0.00107931034482759,0.00068448275862069,0.00131896551724138,0.000836206896551724,0.000836206896551724,0.00182241379310345,0,0,0.000431034482758621,0.00146724137931034,0.000248275862068966,0.00051551724137931,0.000262068965517241,0.000282758620689655,0.000303448275862069,0.000324137931034483,0.000344827586206897,0.000103448275862069,0,1,0,0,0,0,0,0,1,1,1,1,1,1,1,1,1,1,1,1,1,1,1,1,1,1,1,1,1,1,1,1,1,1,1,1,1,1,1,1,1,1,1,1,1,1,1,1,1,1,1,1,1,1,1,1,1,1,1,1,1,1,1,1,1,1,1,1,1,1,1,1,1,1,1,1,1,1,1,1,0
2026-05-08 18:00:00,271.887560964286,0,0,0,0,0,0,0.0773,6.73968214285714,34.31215,51.2892875,40.5161446428571,32.4257232142857,29.8443107142857,30.0781857142857,25.7911178571429,7.25221964285714,3.72813035714286,1.71764285714286,1.00004642857143,0.739028571428571,0.626273214285714,0.595423214285714,0.460410714285714,0.254880357142857,0.208558928571429,0.151458928571429,0.142214285714286,0.127925,0.125141071428571,0.136641071428571,0.0976053571428571,0.103725,0.0953375,0.0933017857142857,0.0911642857142857,0.0887982142857143,0.0635785714285714,0.0686464285714286,0.0525875,0.0352053571428571,0.0340107142857143,0.0302607142857143,0.0249178571428571,0.0164053571428571,0.0158875,0.0126089285714286,0.0149482142857143,0.0137071428571429,0.00635,0.00641785714285714,0.00537321428571429,0.00402857142857143,0.0067125,0.00298035714285714,0.00483928571428571,0.00454285714285714,0.00334821428571429,0.00159642857142857,0.00143571428571429,0.00137678571428571,0.00137142857142857,0,0.000455357142857143,0.00131964285714286,0.0000410714285714286,0.000303571428571429,0.000598214285714286,0.00177142857142857,0.0000196428571428571,0.000889285714285714,0,0.0000696428571428571,0.000203571428571429,0.000219642857142857,0.000235714285714286,0.000251785714285714,0.000267857142857143,0.0000803571428571429,0,1,0,0,0,0,0,0,1,1,1,1,1,1,1,1,1,1,1,1,1,1,1,1,1,1,1,1,1,1,1,1,1,1,1,1,1,1,1,1,1,1,1,1,1,1,1,1,1,1,1,1,1,1,1,1,1,1,1,1,1,1,1,1,1,1,1,1,1,1,1,1,1,1,1,1,1,1,1,1,0
2026-05-08 19:00:00,310.03608159322,0,0,0,0,0,0,0.0970050847457627,8.04734745762712,40.1886474576271,59.8289813559322,47.3543440677966,37.2179508474576,33.8048983050847,33.1043847457627,28.1861288135593,8.44703728813559,4.12362372881356,1.98009661016949,1.15558644067797,0.820077966101695,0.719062711864407,0.692967796610169,0.565518644067797,0.319806779661017,0.248484745762712,0.18131186440678,0.147677966101695,0.145562711864407,0.138261016949153,0.126042372881356,0.102283050847458,0.105635593220339,0.100718644067797,0.0990796610169491,0.087935593220339,0.0826457627118644,0.0728813559322034,0.0703033898305085,0.0506881355932203,0.0466084745762712,0.0352084745762712,0.0303813559322034,0.0259220338983051,0.0207966101694915,0.0115525423728814,0.0133322033898305,0.0160322033898305,0.0125694915254237,0.0100237288135593,0.00919152542372881,0.00902372881355932,0.00556271186440678,0.00471016949152542,0.00354576271186441,0.00468305084745763,0.00258983050847458,0.00402372881355932,0.00151525423728814,0.00171864406779661,0.00312033898305085,0.000867796610169492,0.00119322033898305,0.000103389830508475,0.000822033898305085,0.0000389830508474576,0.000716949152542373,0.000994915254237288,0.000850847457627119,0,0,0,0.000110169491525424,0.000322033898305085,0.000345762711864407,0.000371186440677966,0.000398305084745763,0.000425423728813559,0.000125423728813559,0,1,0,0,0,0,0,0,1,1,1,1,1,1,1,1,1,1,1,1,1,1,1,1,1,1,1,1,1,1,1,1,1,1,1,1,1,1,1,1,1,1,1,1,1,1,1,1,1,1,1,1,1,1,1,1,1,1,1,1,1,1,1,1,1,1,1,1,1,1,1,1,1,1,1,1,1,1,1,1,0
2026-05-08 20:00:00,352.667446383333,0,0,0,0,0,0,0.0956266666666667,8.72009,44.192415,66.7550816666667,53.0701683333333,42.29517,38.8020983333333,38.8816433333333,35.0467983333333,10.2551183333333,5.09286,2.45646166666667,1.46579833333333,1.107965,0.900995,0.843438333333333,0.70163,0.398545,0.281461666666667,0.215445,0.180585,0.154973333333333,0.135791666666667,0.130355,0.103066666666667,0.112736666666667,0.0954166666666667,0.10127,0.0867833333333333,0.0932133333333333,0.06887,0.0723866666666667,0.0496633333333333,0.0373583333333333,0.026615,0.0220616666666667,0.0220066666666667,0.0135433333333333,0.0179916666666667,0.0135933333333333,0.00888333333333333,0.00984166666666667,0.00983,0.00726,0.00514333333333333,0.00376166666666667,0.00391,0.00250166666666667,0.00467666666666667,0.00239,0.00395666666666667,0.00235,0.00176833333333333,0.00170833333333333,0.00038,0.00207166666666667,0.00176333333333333,0.000461666666666667,0.00154,0.000571666666666667,0.00042,0.000398333333333333,0.0000183333333333333,0,0,0.0000216666666666667,0.0000633333333333333,0.0000683333333333333,0.0000733333333333333,0.0000783333333333333,0.0000833333333333333,0.000025,0,1,0,0,0,0,0,0,1,1,1,1,1,1,1,1,1,1,1,1,1,1,1,1,1,1,1,1,1,1,1,1,1,1,1,1,1,1,1,1,1,1,1,1,1,1,1,1,1,1,1,1,1,1,1,1,1,1,1,1,1,1,1,1,1,1,1,1,1,1,1,1,1,1,1,1,1,1,1,1,0
2026-05-08 21:00:00,261.179923333333,0,0,0,0,0,0,0.07377,6.6715,33.9143933333333,50.613915,39.8766916666667,31.4755633333333,28.27818,27.8721133333333,26.2023466666667,7.55177833333333,3.71564833333333,1.79762,1.03383,0.76094,0.62719,0.565308333333333,0.44165,0.257585,0.174658333333333,0.125378333333333,0.11384,0.103868333333333,0.0949983333333333,0.077425,0.073925,0.075,0.0624783333333333,0.06357,0.0521883333333333,0.0438766666666667,0.04154,0.041145,0.0261933333333333,0.0172833333333333,0.0196933333333333,0.01577,0.0132266666666667,0.008995,0.00806666666666667,0.00556166666666667,0.00505666666666667,0.00306333333333333,0.00224,0.00230333333333333,0.00390333333333333,0.00335,0.00240333333333333,0.00107333333333333,0.00243,0.000613333333333333,0.000745,0.00266166666666667,0.00120666666666667,0.00093,0.00256,0.000425,0.00085,0.000385,0.0000383333333333333,0.000421666666666667,0,0,0.000416666666666667,0.000588333333333333,0.0004,0.000296666666666667,0.000126666666666667,0.000136666666666667,0.000146666666666667,0.000156666666666667,0.000166666666666667,0.00005,0,1,0,0,0,0,0,0,1,1,1,1,1,1,1,1,1,1,1,1,1,1,1,1,1,1,1,1,1,1,1,1,1,1,1,1,1,1,1,1,1,1,1,1,1,1,1,1,1,1,1,1,1,1,1,1,1,1,1,1,1,1,1,1,1,1,1,1,1,1,1,1,1,1,1,1,1,1,1,1,0
2026-05-08 22:00:00,114.7978988,0,0,0,0,0,0,0.0498033333333333,3.736875,17.51162,23.8184133333333,18.0977516666667,13.448445,11.3363333333333,10.2065166666667,9.54427833333333,3.469265,1.43033666666667,0.714971666666667,0.39835,0.288118333333333,0.244658333333333,0.224308333333333,0.186636666666667,0.125333333333333,0.10528,0.078605,0.0619333333333333,0.0655166666666667,0.04277,0.0455016666666667,0.034775,0.0353083333333333,0.0266383333333333,0.0277833333333333,0.022045,0.0211283333333333,0.014025,0.013045,0.01282,0.0121333333333333,0.009745,0.00619166666666667,0.0112716666666667,0.00492,0.00593666666666667,0.00602833333333333,0.00593,0.00483833333333333,0.00287333333333333,0.004915,0.00130166666666667,0.00125333333333333,0.000863333333333333,0,0.00118833333333333,0.00016,0.00123333333333333,0.000428333333333333,0.000856666666666667,0.000428333333333333,0.00170666666666667,0,0.000425,0.000385,0.0000383333333333333,0,0,0,0,0.000415,0.00016,0.000253333333333333,0,0,0,0,0,0,0,1,0,0,0,0,0,0,1,1,1,1,1,1,1,1,1,1,1,1,1,1,1,1,1,1,1,1,1,1,1,1,1,1,1,1,1,1,1,1,1,1,1,1,1,1,1,1,1,1,1,1,1,1,1,1,1,1,1,1,1,1,1,1,1,1,1,1,1,1,1,1,1,1,1,1,1,1,1,1,0
2026-05-08 23:00:00,159.684832016667,0,0,0,0,0,0,0.0709466666666667,4.78765666666667,22.989215,33.1194033333333,24.8813833333333,18.8593866666667,16.221965,14.6286933333333,14.74193,4.73185833333333,1.72367333333333,0.833966666666667,0.442791666666667,0.313593333333333,0.257541666666667,0.230536666666667,0.224251666666667,0.139933333333333,0.10607,0.072085,0.0690683333333333,0.0596166666666667,0.050355,0.0516316666666667,0.040905,0.04059,0.0278416666666667,0.039685,0.031305,0.02992,0.01877,0.01942,0.0159833333333333,0.0138266666666667,0.00941833333333333,0.00731666666666667,0.00821166666666667,0.00890333333333333,0.007205,0.00815666666666667,0.00628833333333333,0.00233833333333333,0.00440666666666667,0.00372833333333333,0.003735,0.00209666666666667,0.00254333333333333,0.00162,0.00141833333333333,0.00137,0.000916666666666667,0.001205,0,0,0,0,0.000425,0,0,0,0,0,0,0,0,0.0000216666666666667,0.0000633333333333333,0.0000683333333333333,0.0000733333333333333,0.0000783333333333333,0.0000833333333333333,0.000025,0,1,0,0,0,0,0,0,1,1,1,1,1,1,1,1,1,1,1,1,1,1,1,1,1,1,1,1,1,1,1,1,1,1,1,1,1,1,1,1,1,1,1,1,1,1,1,1,1,1,1,1,1,1,1,1,1,1,1,1,1,1,1,1,1,1,1,1,1,1,1,1,1,1,1,1,1,1,1,1,0
2026-05-09,211.591558283333,0,0,0,0,0,0,0.074555,5.76783833333333,28.3514433333333,42.6908966666667,32.6114683333333,25.4790666666667,22.457635,20.734145,21.0579933333333,6.62958666666667,2.47497333333333,1.22175,0.622373333333333,0.434455,0.361443333333333,0.304718333333333,0.286326666666667,0.157466666666667,0.115178333333333,0.0792133333333333,0.070605,0.07138,0.0574933333333333,0.055575,0.0410733333333333,0.042815,0.0375733333333333,0.0336133333333333,0.032755,0.024825,0.0207433333333333,0.0208483333333333,0.0129783333333333,0.0150683333333333,0.00702166666666667,0.00755833333333333,0.00834666666666667,0.00747,0.00293333333333333,0.00427166666666667,0.00295833333333333,0.00260833333333333,0.00252,0.000988333333333333,0.000846666666666667,0.00205,0.002545,0.001435,0.00167333333333333,0.000538333333333333,0.000803333333333333,0,0,0.000426666666666667,0,0.000425,0.000386666666666667,0.0000383333333333333,0.000423333333333333,0.000283333333333333,0.000138333333333333,0,0,0,0,0,0,0,0,0,0,0,0,1,0,0,0,0,0,0,1,1,1,1,1,1,1,1,1,1,1,1,1,1,1,1,1,1,1,1,1,1,1,1,1,1,1,1,1,1,1,1,1,1,1,1,1,1,1,1,1,1,1,1,1,1,1,1,1,1,1,1,1,1,1,1,1,1,1,1,1,1,1,1,1,1,1,1,1,1,1,1,0
2026-05-09 01:00:00,295.8820231,0,0,0,0,0,0,0.0922266666666667,7.17912166666667,36.0874383333333,56.29515,45.2973483333333,36.2171866666667,32.4277433333333,30.5236533333333,31.145655,9.85268833333333,4.18911166666667,2.07410333333333,1.14991666666667,0.839668333333333,0.671596666666667,0.600188333333333,0.505706666666667,0.272631666666667,0.171781666666667,0.127051666666667,0.0976933333333333,0.0961716666666667,0.070615,0.0665466666666667,0.06841,0.0563316666666667,0.0460816666666667,0.03811,0.02952,0.0320633333333333,0.0311766666666667,0.0179,0.0171566666666667,0.009155,0.010725,0.00901666666666667,0.00844666666666667,0.00494833333333333,0.00400166666666667,0.004155,0.002745,0.002175,0.000433333333333333,0.00225,0.002105,0.00166333333333333,0.00120166666666667,0.00186666666666667,0.000431666666666667,0,0.00043,0.000428333333333333,0.000603333333333333,0.001105,0.000616666666666667,0.000236666666666667,0,0,0,0,0.00042,0,0,0.000415,0,0,0,0,0,0,0,0,0,1,0,0,0,0,0,0,1,1,1,1,1,1,1,1,1,1,1,1,1,1,1,1,1,1,1,1,1,1,1,1,1,1,1,1,1,1,1,1,1,1,1,1,1,1,1,1,1,1,1,1,1,1,1,1,1,1,1,1,1,1,1,1,1,1,1,1,1,1,1,1,1,1,1,1,1,1,1,1,0
2026-05-09 02:00:00,393.647309366667,0,0,0,0,0,0,0.103008333333333,8.31195166666667,44.0271233333333,71.2158616666667,59.30209,48.96261,44.5806383333333,42.8981083333333,44.4655066666667,14.7079133333333,6.751495,3.37040666666667,1.98918,1.42077666666667,1.15956333333333,1.069795,0.89931,0.49036,0.335793333333333,0.219255,0.171051666666667,0.154046666666667,0.122755,0.105183333333333,0.08435,0.07345,0.0639483333333333,0.0618183333333333,0.04131,0.04258,0.0378316666666667,0.028805,0.0231333333333333,0.0137166666666667,0.0132366666666667,0.00929833333333333,0.00631666666666667,0.01117,0.00636666666666667,0.00692,0.0052,0.00458666666666667,0.00318,0.00486166666666667,0.00128,0.00255333333333333,0.00240333333333333,0.00184833333333333,0.00219333333333333,0.00051,0.00212166666666667,0.00123333333333333,0.000055,0.00128,0.00104333333333333,0.000236666666666667,0,0,0,0,0,0,0,0,0,0,0,0,0,0,0,0,0,1,0,0,0,0,0,0,1,1,1,1,1,1,1,1,1,1,1,1,1,1,1,1,1,1,1,1,1,1,1,1,1,1,1,1,1,1,1,1,1,1,1,1,1,1,1,1,1,1,1,1,1,1,1,1,1,1,1,1,1,1,1,1,1,1,1,1,1,1,1,1,1,1,1,1,1,1,1,1,0
2026-05-09 03:00:00,528.408168,0,0,0,0,0,0,0.121355,9.93720833333333,53.4846016666667,89.5966583333333,77.3139633333333,65.5305233333333,60.61788,59.1603416666667,62.2081933333333,22.1998833333333,10.3668766666667,5.26557833333333,3.00280166666667,2.09769333333333,1.72101166666667,1.506885,1.33847333333333,0.715436666666667,0.484298333333333,0.330865,0.261645,0.223323333333333,0.169468333333333,0.143485,0.126401666666667,0.103128333333333,0.0819,0.06855,0.0637816666666667,0.0594866666666667,0.0445366666666667,0.037245,0.0301516666666667,0.02205,0.0175183333333333,0.0159166666666667,0.0155433333333333,0.006285,0.00869666666666667,0.00931166666666667,0.00694,0.00583666666666667,0.00364166666666667,0.00272166666666667,0.00262333333333333,0.00123,0.003605,0.001575,0.00199833333333333,0.00325166666666667,0.00206666666666667,0.00123166666666667,0.00237166666666667,0.000251666666666667,0.000426666666666667,0.00159833333333333,0.000488333333333333,0.0000383333333333333,0,0.000283333333333333,0.000138333333333333,0,0.000416666666666667,0,0,0.000455,0.000126666666666667,0.000136666666666667,0.000146666666666667,0.000156666666666667,0.000166666666666667,0.00005,0,1,0,0,0,0,0,0,1,1,1,1,1,1,1,1,1,1,1,1,1,1,1,1,1,1,1,1,1,1,1,1,1,1,1,1,1,1,1,1,1,1,1,1,1,1,1,1,1,1,1,1,1,1,1,1,1,1,1,1,1,1,1,1,1,1,1,1,1,1,1,1,1,1,1,1,1,1,1,1,0
2026-05-09 04:00:00,576.996682766667,0,0,0,0,0,0,0.144438333333333,11.6674766666667,62.2200833333333,101.662956666667,85.6372566666667,71.1006216666667,65.97778,63.8113966666667,65.5391083333333,21.3605883333333,9.75049,4.92198666666667,2.72424,1.96871166666667,1.64410833333333,1.52391166666667,1.33743333333333,0.655993333333333,0.404046666666667,0.282476666666667,0.225373333333333,0.179621666666667,0.153558333333333,0.138935,0.124976666666667,0.0971433333333333,0.0879033333333333,0.083625,0.0850383333333333,0.05983,0.0609083333333333,0.04752,0.0352183333333333,0.0290633333333333,0.0249533333333333,0.0216483333333333,0.0169216666666667,0.0140983333333333,0.0113466666666667,0.00893166666666667,0.00911,0.00558166666666667,0.00646833333333333,0.00417333333333333,0.00546666666666667,0.00253,0.00518166666666667,0.00196333333333333,0.00183166666666667,0.001015,0.000601666666666667,0.00111833333333333,0.000778333333333333,0.00093,0.00166,0.00207333333333333,0.000951666666666667,0.000423333333333333,0.000423333333333333,0,0,0,0,0.000415,0,0,0,0,0,0,0,0,0,1,0,0,0,0,0,0,1,1,1,1,1,1,1,1,1,1,1,1,1,1,1,1,1,1,1,1,1,1,1,1,1,1,1,1,1,1,1,1,1,1,1,1,1,1,1,1,1,1,1,1,1,1,1,1,1,1,1,1,1,1,1,1,1,1,1,1,1,1,1,1,1,1,1,1,1,1,1,1,0
2026-05-09 05:00:00,657.817487583333,0,0,0,0,0,0,0.173096666666667,13.8754983333333,72.5121433333333,117.305405,97.254605,80.804435,74.02593,72.167405,73.2524216666667,22.3715983333333,10.46174,5.29713333333333,2.998145,2.264985,1.935715,1.848915,1.64635666666667,0.781363333333333,0.493573333333333,0.289916666666667,0.243366666666667,0.210985,0.168131666666667,0.136023333333333,0.128241666666667,0.122391666666667,0.107981666666667,0.108146666666667,0.0948266666666667,0.0880666666666667,0.0718583333333333,0.0650033333333333,0.0503183333333333,0.03287,0.0308783333333333,0.0247766666666667,0.01623,0.01574,0.0131166666666667,0.0128483333333333,0.00910833333333333,0.0119066666666667,0.00914,0.00573166666666667,0.006685,0.00289166666666667,0.00449166666666667,0.00414666666666667,0.00133,0.00309166666666667,0.000831666666666667,0.000373333333333333,0.000405,0.00178666666666667,0.00170666666666667,0.000425,0.00166166666666667,0.000461666666666667,0.000845,0.000283333333333333,0.000138333333333333,0,0.000416666666666667,0.000588333333333333,0.00024,0.0000433333333333333,0.000126666666666667,0.000136666666666667,0.000146666666666667,0.000156666666666667,0.000166666666666667,0.00005,0,1,0,0,0,0,0,0,1,1,1,1,1,1,1,1,1,1,1,1,1,1,1,1,1,1,1,1,1,1,1,1,1,1,1,1,1,1,1,1,1,1,1,1,1,1,1,1,1,1,1,1,1,1,1,1,1,1,1,1,1,1,1,1,1,1,1,1,1,1,1,1,1,1,1,1,1,1,1,1,0
2026-05-09 06:00:00,793.482892833333,0,0,0,0,0,0,0.222533333333333,17.837785,90.83934,141.064686666667,117.291318333333,96.7915016666667,89.7579483333333,86.7481533333333,86.3051383333333,25.61579,12.8444066666667,6.654655,3.88456333333333,2.96044,2.60674333333333,2.52377333333333,2.42383,1.112575,0.676068333333333,0.399245,0.308035,0.271883333333333,0.221346666666667,0.189426666666667,0.158213333333333,0.148501666666667,0.148855,0.150226666666667,0.126565,0.107318333333333,0.105361666666667,0.09934,0.0724316666666667,0.0600483333333333,0.038215,0.0311316666666667,0.0271516666666667,0.02347,0.020795,0.0194416666666667,0.0193183333333333,0.0159816666666667,0.0104966666666667,0.00734333333333333,0.00716,0.00424,0.00783,0.00524666666666667,0.00359333333333333,0.00373333333333333,0.002925,0.000803333333333333,0.00211833333333333,0.00221,0.000853333333333333,0.00085,0.00085,0.000846666666666667,0.00161333333333333,0.00120166666666667,0.000138333333333333,0.000418333333333333,0,0.000415,0.000413333333333333,0.0000866666666666667,0.000253333333333333,0.000271666666666667,0.000291666666666667,0.000313333333333333,0.000335,0.0000983333333333333,0,1,0,0,0,0,0,0,1,1,1,1,1,1,1,1,1,1,1,1,1,1,1,1,1,1,1,1,1,1,1,1,1,1,1,1,1,1,1,1,1,1,1,1,1,1,1,1,1,1,1,1,1,1,1,1,1,1,1,1,1,1,1,1,1,1,1,1,1,1,1,1,1,1,1,1,1,1,1,1,0
2026-05-09 07:00:00,769.30752865,0,0,0,0,0,0,0.219101666666667,17.4279983333333,86.956845,133.251843333333,112.511373333333,94.6227,88.5713516666667,88.1033516666667,84.3720266666667,23.87116,12.71382,6.60423166666667,3.95755,3.10324166666667,2.782055,2.74705666666667,2.50796166666667,1.11489,0.714028333333333,0.394195,0.321943333333333,0.29147,0.21312,0.186508333333333,0.151463333333333,0.165776666666667,0.149415,0.133001666666667,0.128023333333333,0.11307,0.108001666666667,0.086385,0.0766433333333333,0.0504016666666667,0.04106,0.032025,0.0268683333333333,0.026075,0.0182716666666667,0.0239116666666667,0.016545,0.0185133333333333,0.0126883333333333,0.00717166666666667,0.0122166666666667,0.00376,0.00369833333333333,0.003055,0.00352333333333333,0.00271166666666667,0.001605,0.00217833333333333,0.00219833333333333,0.00170666666666667,0.00166,0.00112,0.00105333333333333,0.000846666666666667,0.000423333333333333,0.000283333333333333,0.00168666666666667,0.00055,0.000416666666666667,0.000588333333333333,0.000653333333333333,0.000108333333333333,0.000316666666666667,0.00034,0.000365,0.000391666666666667,0.000418333333333333,0.000123333333333333,0,1,0,0,0,0,0,0,1,1,1,1,1,1,1,1,1,1,1,1,1,1,1,1,1,1,1,1,1,1,1,1,1,1,1,1,1,1,1,1,1,1,1,1,1,1,1,1,1,1,1,1,1,1,1,1,1,1,1,1,1,1,1,1,1,1,1,1,1,1,1,1,1,1,1,1,1,1,1,1,0
2026-05-09 08:00:00,669.847600614035,0,0,0,0,0,0,0.153133333333333,13.736301754386,72.9457684210526,117.973368421053,100.413810526316,83.9507614035088,79.1606929824561,81.0688561403509,70.4933894736842,19.1289315789474,11.0718403508772,5.59654035087719,3.48740701754386,2.76449122807018,2.42940175438596,2.52095263157895,2.07635087719298,0.9641,0.599591228070175,0.325838596491228,0.296591228070175,0.233071929824561,0.212031578947368,0.192135087719298,0.160722807017544,0.149887719298246,0.133933333333333,0.142875438596491,0.138522807017544,0.124161403508772,0.110177192982456,0.0874526315789474,0.0792842105263158,0.0579350877192982,0.0432105263157895,0.0405087719298246,0.0331701754385965,0.0281140350877193,0.0236561403508772,0.0152280701754386,0.0128543859649123,0.0173,0.0158771929824561,0.00684561403508772,0.00530175438596491,0.00705087719298246,0.00318070175438596,0.00141754385964912,0.00230877192982456,0.00509473684210526,0.00175087719298246,0.00162982456140351,0.000992982456140351,0.00323333333333333,0.00224385964912281,0.00123508771929825,0.00144912280701754,0.00129649122807018,0.00262982456140351,0.000821052631578947,0.000587719298245614,0.000859649122807018,0.000896491228070176,0,0.000435087719298246,0.000114035087719298,0.000333333333333333,0.000357894736842105,0.000384210526315789,0.000412280701754386,0.000440350877192982,0.000129824561403509,0,1,0,0,0,0,0,0,1,1,1,1,1,1,1,1,1,1,1,1,1,1,1,1,1,1,1,1,1,1,1,1,1,1,1,1,1,1,1,1,1,1,1,1,1,1,1,1,1,1,1,1,1,1,1,1,1,1,1,1,1,1,1,1,1,1,1,1,1,1,1,1,1,1,1,1,1,1,1,1,0
2026-05-09 09:00:00,476.909977216667,0,0,0,0,0,0,0.1141,10.6390533333333,56.189985,88.602265,72.73128,58.5370083333333,54.1442716666667,54.2626716666667,47.5360166666667,12.8052266666667,7.161785,3.57004,2.206895,1.78114333333333,1.56139333333333,1.60746666666667,1.370685,0.680775,0.45732,0.288465,0.255445,0.210141666666667,0.169701666666667,0.168505,0.148816666666667,0.138171666666667,0.113885,0.130043333333333,0.11754,0.1117,0.08327,0.0786616666666667,0.06562,0.03809,0.0343716666666667,0.0270166666666667,0.0212816666666667,0.017845,0.0231783333333333,0.0218816666666667,0.0134216666666667,0.0168583333333333,0.0109416666666667,0.010035,0.00460333333333333,0.00332833333333333,0.005135,0.00367166666666667,0.00359166666666667,0.00204166666666667,0.00315333333333333,0.002265,0.00365666666666667,0.00324166666666667,0.00104333333333333,0.00193666666666667,0,0.000423333333333333,0.000421666666666667,0.00112666666666667,0.000426666666666667,0.00053,0.000435,0,0,0.00052,0.000316666666666667,0.000341666666666667,0.000366666666666667,0.000391666666666667,0.000416666666666667,0.000125,0,1,0,0,0,0,0,0,1,1,1,1,1,1,1,1,1,1,1,1,1,1,1,1,1,1,1,1,1,1,1,1,1,1,1,1,1,1,1,1,1,1,1,1,1,1,1,1,1,1,1,1,1,1,1,1,1,1,1,1,1,1,1,1,1,1,1,1,1,1,1,1,1,1,1,1,1,1,1,1,0
2026-05-09 10:00:00,356.90469015,0,0,0,0,0,0,0.102833333333333,8.40109833333333,43.9084633333333,67.2803116666667,53.3504966666667,42.0836783333333,38.18466,37.8027316666667,35.2485116666667,10.0223816666667,5.27789166666667,2.68021833333333,1.67137666666667,1.26424,1.188165,1.20426833333333,1.023035,0.50705,0.347348333333333,0.242481666666667,0.188946666666667,0.188401666666667,0.136995,0.147026666666667,0.111721666666667,0.108468333333333,0.0998016666666667,0.099115,0.089105,0.0890683333333333,0.07364,0.06031,0.0467833333333333,0.0350766666666667,0.0285666666666667,0.0257,0.024275,0.0147516666666667,0.0182983333333333,0.0143233333333333,0.0162783333333333,0.00924166666666667,0.0109533333333333,0.00644666666666667,0.00852166666666667,0.00166166666666667,0.00372333333333333,0.0028,0.00162,0.003225,0.00178,0.00320666666666667,0.001515,0.00367166666666667,0.00170666666666667,0.00192166666666667,0.00105333333333333,0.000423333333333333,0,0.00154833333333333,0.00139833333333333,0.000418333333333333,0,0,0.000413333333333333,0.00052,0.000316666666666667,0.000341666666666667,0.000366666666666667,0.000391666666666667,0.000416666666666667,0.000125,0,1,0,0,0,0,0,0,1,1,1,1,1,1,1,1,1,1,1,1,1,1,1,1,1,1,1,1,1,1,1,1,1,1,1,1,1,1,1,1,1,1,1,1,1,1,1,1,1,1,1,1,1,1,1,1,1,1,1,1,1,1,1,1,1,1,1,1,1,1,1,1,1,1,1,1,1,1,1,1,0
2026-05-09 11:00:00,347.437593016667,0,0,0,0,0,0,0.10656,8.26023333333333,42.9216966666667,65.82459,52.7889433333333,41.869805,38.0806433333333,37.6690483333333,35.4145883333333,10.201195,5.17107833333333,2.611005,1.59388,1.231825,1.09658666666667,1.02997666666667,0.875925,0.457358333333333,0.30303,0.183505,0.142545,0.147965,0.123401666666667,0.114451666666667,0.0959416666666667,0.09454,0.0794483333333333,0.0765216666666667,0.072015,0.0740566666666667,0.06254,0.0562383333333333,0.05387,0.0354016666666667,0.032175,0.0226383333333333,0.02237,0.0168933333333333,0.0131033333333333,0.0165916666666667,0.014895,0.0118716666666667,0.00847666666666667,0.00613833333333333,0.00677333333333333,0.00501166666666667,0.00336,0.00203333333333333,0.00323333333333333,0.00223,0.000831666666666667,0.00172,0.00188833333333333,0.000678333333333333,0.00128,0.000851666666666667,0.00123666666666667,0.001655,0.00126833333333333,0.00120166666666667,0.000558333333333333,0.000836666666666667,0.000416666666666667,0.00100333333333333,0.00024,0.00013,0.00038,0.00041,0.00044,0.00047,0.0005,0.00015,0,1,0,0,0,0,0,0,1,1,1,1,1,1,1,1,1,1,1,1,1,1,1,1,1,1,1,1,1,1,1,1,1,1,1,1,1,1,1,1,1,1,1,1,1,1,1,1,1,1,1,1,1,1,1,1,1,1,1,1,1,1,1,1,1,1,1,1,1,1,1,1,1,1,1,1,1,1,1,1,0
2026-05-09 12:00:00,245.300225916667,0,0,0,0,0,0,0.0741166666666667,6.328835,32.1933266666667,47.8331516666667,37.197685,28.665215,25.5231066666667,24.3070133333333,23.8458916666667,8.30385666666667,3.89633166666667,1.87948166666667,1.08434666666667,0.834476666666667,0.666556666666667,0.60329,0.516483333333333,0.300818333333333,0.20697,0.14556,0.13059,0.113716666666667,0.0863783333333333,0.0968216666666667,0.0719,0.0749866666666667,0.0754616666666667,0.05915,0.0554366666666667,0.06159,0.0508366666666667,0.0470333333333333,0.0368083333333333,0.03258,0.0216966666666667,0.0205883333333333,0.0188516666666667,0.015375,0.0135533333333333,0.0111116666666667,0.0136033333333333,0.00866166666666667,0.008375,0.00819666666666667,0.00590166666666667,0.00376,0.00442166666666667,0.00412833333333333,0.002985,0.00198333333333333,0.00243666666666667,0.003465,0.000911666666666667,0.00170833333333333,0.00189666666666667,0.000236666666666667,0.00166166666666667,0.000885,0,0.000421666666666667,0.000996666666666667,0.000681666666666667,0.000833333333333333,0,0,0.000108333333333333,0.000316666666666667,0.00034,0.000365,0.000391666666666667,0.000418333333333333,0.000123333333333333,0,1,0,0,0,0,0,0,1,1,1,1,1,1,1,1,1,1,1,1,1,1,1,1,1,1,1,1,1,1,1,1,1,1,1,1,1,1,1,1,1,1,1,1,1,1,1,1,1,1,1,1,1,1,1,1,1,1,1,1,1,1,1,1,1,1,1,1,1,1,1,1,1,1,1,1,1,1,1,1,0
2026-05-09 13:00:00,170.6392657,0,0,0,0,0,0,0.060175,4.97787666666667,24.43622,34.38897,25.694265,19.3175183333333,16.75896,15.9566683333333,15.8712933333333,5.48731833333333,2.18965333333333,1.11447,0.648945,0.483133333333333,0.373353333333333,0.379436666666667,0.366078333333333,0.219446666666667,0.158183333333333,0.100588333333333,0.08927,0.077865,0.0810416666666667,0.0649966666666667,0.0674483333333333,0.0574033333333333,0.060465,0.057195,0.0472466666666667,0.0439516666666667,0.0427683333333333,0.033825,0.027075,0.01829,0.01874,0.016665,0.01491,0.00790333333333333,0.0103283333333333,0.00913,0.00868333333333333,0.005255,0.0054,0.00247,0.00287,0.00460333333333333,0.003675,0.00355666666666667,0.00228166666666667,0.0000516666666666667,0.000601666666666667,0.00191666666666667,0.00194333333333333,0.00196333333333333,0.00170666666666667,0.00117333333333333,0.00133833333333333,0.0000383333333333333,0,0.000843333333333333,0.00042,0.000418333333333333,0.00105666666666667,0.000193333333333333,0.00206666666666667,0.000108333333333333,0.000316666666666667,0.000341666666666667,0.000366666666666667,0.000391666666666667,0.000416666666666667,0.000125,0,1,0,0,0,0,0,0,1,1,1,1,1,1,1,1,1,1,1,1,1,1,1,1,1,1,1,1,1,1,1,1,1,1,1,1,1,1,1,1,1,1,1,1,1,1,1,1,1,1,1,1,1,1,1,1,1,1,1,1,1,1,1,1,1,1,1,1,1,1,1,1,1,1,1,1,1,1,1,1,0
2026-05-09 14:00:00,161.171344516667,0,0,0,0,0,0,0.06667,4.94976833333333,24.2403233333333,33.446805,24.1431166666667,17.92518,15.2842983333333,14.2055366666667,14.11543,5.05208833333333,2.05141166666667,1.01757333333333,0.594258333333333,0.443083333333333,0.36206,0.351508333333333,0.331115,0.204106666666667,0.130301666666667,0.10342,0.0961866666666667,0.085585,0.0712,0.0813116666666667,0.06323,0.0626383333333333,0.05095,0.05602,0.0536833333333333,0.051975,0.0457666666666667,0.03593,0.0284733333333333,0.0269466666666667,0.0151283333333333,0.0181866666666667,0.010845,0.00961166666666667,0.0153016666666667,0.0125416666666667,0.00765833333333333,0.00817166666666667,0.005475,0.00295666666666667,0.00499333333333333,0.00125333333333333,0.00417666666666667,0.002465,0.00237,0.00137,0.00229333333333333,0.00197666666666667,0.00103166666666667,0.00195833333333333,0.00147,0.00141,0.000951666666666667,0,0.00077,0.000075,0,0,0.000416666666666667,0.000173333333333333,0.000653333333333333,0.0000866666666666667,0.000253333333333333,0.000273333333333333,0.000293333333333333,0.000313333333333333,0.000333333333333333,0.0001,0,1,0,0,0,0,0,0,1,1,1,1,1,1,1,1,1,1,1,1,1,1,1,1,1,1,1,1,1,1,1,1,1,1,1,1,1,1,1,1,1,1,1,1,1,1,1,1,1,1,1,1,1,1,1,1,1,1,1,1,1,1,1,1,1,1,1,1,1,1,1,1,1,1,1,1,1,1,1,1,0
2026-05-09 15:00:00,199.8050474,0,0,0,0,0,0,0.0779883333333333,6.16668833333333,29.88291,41.4959,30.289675,22.3777283333333,19.3043366666667,18.1159916666667,17.6648316666667,5.88853333333333,2.599135,1.29446833333333,0.758425,0.547015,0.44773,0.413291666666667,0.372485,0.227348333333333,0.157295,0.110058333333333,0.115713333333333,0.0990416666666667,0.0844766666666667,0.0791166666666667,0.0621416666666667,0.0717533333333333,0.05796,0.0538333333333333,0.0565366666666667,0.0440066666666667,0.04405,0.0400916666666667,0.027475,0.02625,0.024075,0.0188316666666667,0.0132633333333333,0.0101733333333333,0.0100333333333333,0.00874,0.00954166666666667,0.007085,0.004655,0.00680166666666667,0.00808833333333333,0.00166333333333333,0.00415333333333333,0.00271166666666667,0.00295,0.00150166666666667,0.001835,0.001975,0.001285,0,0.00232333333333333,0.000236666666666667,0,0.000808333333333333,0.000731666666666667,0.000571666666666667,0.00042,0.000836666666666667,0.00125,0.000173333333333333,0.00024,0.000108333333333333,0.000316666666666667,0.000341666666666667,0.000366666666666667,0.000391666666666667,0.000416666666666667,0.000125,0,1,0,0,0,0,0,0,1,1,1,1,1,1,1,1,1,1,1,1,1,1,1,1,1,1,1,1,1,1,1,1,1,1,1,1,1,1,1,1,1,1,1,1,1,1,1,1,1,1,1,1,1,1,1,1,1,1,1,1,1,1,1,1,1,1,1,1,1,1,1,1,1,1,1,1,1,1,1,1,0
2026-05-09 16:00:00,518.447478438596,0,0,0,0,0,0,0.113531578947368,9.90897894736842,51.8724561403509,81.7340368421053,69.2681649122807,59.8464403508772,60.2820789473684,67.9981473684211,55.8621368421053,18.2559701754386,11.6645561403509,6.3372350877193,4.24433859649123,3.54186666666667,3.21378596491228,3.5211350877193,2.4417701754386,1.1661350877193,0.697685964912281,0.390933333333333,0.287571929824561,0.253161403508772,0.152185964912281,0.1442,0.120243859649123,0.107794736842105,0.0898561403508772,0.080819298245614,0.0849175438596491,0.0827456140350877,0.0726228070175439,0.0629368421052632,0.0570982456140351,0.0409824561403509,0.028019298245614,0.0220280701754386,0.0322578947368421,0.0184491228070175,0.0124210526315789,0.016180701754386,0.0102508771929825,0.0114245614035088,0.00897719298245614,0.00644912280701754,0.0088859649122807,0.00618947368421053,0.00492631578947368,0.00486666666666667,0.00414385964912281,0.00574210526315789,0.00326140350877193,0.00196140350877193,0.00255438596491228,0.00296315789473684,0.00174736842105263,0.00162631578947368,0.00289824561403509,0.000850877192982456,0.00181754385964912,0.00207368421052632,0.000587719298245614,0.000440350877192982,0.00087719298245614,0.000182456140350877,0.000252631578947368,0.000205263157894737,0.0006,0.000647368421052632,0.000694736842105263,0.000742105263157895,0.000789473684210526,0.000236842105263158,0,1,0,0,0,0,0,0,1,1,1,1,1,1,1,1,1,1,1,1,1,1,1,1,1,1,1,1,1,1,1,1,1,1,1,1,1,1,1,1,1,1,1,1,1,1,1,1,1,1,1,1,1,1,1,1,1,1,1,1,1,1,1,1,1,1,1,1,1,1,1,1,1,1,1,1,1,1,1,1,0
2026-05-09 17:00:00,775.9264455,0,0,0,0,0,0,0.130575,11.401585,63.7370283333333,108.455093333333,99.0358483333333,90.5142416666667,95.7596466666667,112.219048333333,96.6432933333333,31.4451066666667,20.6794516666667,11.3294633333333,7.38091166666667,6.23898833333333,5.796105,6.21406833333333,4.66958833333333,2.09896833333333,1.23956333333333,0.663015,0.482821666666667,0.401063333333333,0.272368333333333,0.234938333333333,0.148358333333333,0.151115,0.127798333333333,0.1226,0.102043333333333,0.106453333333333,0.0878716666666667,0.07087,0.0728783333333333,0.046615,0.0332983333333333,0.0291416666666667,0.0277383333333333,0.02206,0.018915,0.0163683333333333,0.0123616666666667,0.016415,0.00755333333333333,0.0106383333333333,0.01044,0.00458,0.00603166666666667,0.00625,0.00456333333333333,0.00532166666666667,0.00338166666666667,0.00343833333333333,0.003095,0.00289333333333333,0.00275,0.000661666666666667,0.00166166666666667,0.00161666666666667,0.00123166666666667,0.00156,0.000985,0.00262166666666667,0.000435,0.000415,0.000986666666666667,0.000621666666666667,0.00107666666666667,0.00115666666666667,0.00124166666666667,0.00133166666666667,0.00142166666666667,0.00042,0,1,0,0,0,0,0,0,1,1,1,1,1,1,1,1,1,1,1,1,1,1,1,1,1,1,1,1,1,1,1,1,1,1,1,1,1,1,1,1,1,1,1,1,1,1,1,1,1,1,1,1,1,1,1,1,1,1,1,1,1,1,1,1,1,1,1,1,1,1,1,1,1,1,1,1,1,1,1,1,0
2026-05-09 18:00:00,685.922499616667,0,0,0,0,0,0,0.109421666666667,10.04586,56.8856866666667,98.778755,90.9184066666667,83.1589666666667,86.09574,95.1231733333333,88.5983833333333,25.671025,15.5517483333333,8.16714666666667,5.11304666666667,4.179935,3.76638,3.94435,3.21094333333333,1.41329333333333,0.87148,0.493373333333333,0.362205,0.30328,0.201211666666667,0.19689,0.138551666666667,0.122023333333333,0.12168,0.103315,0.0967683333333333,0.08792,0.082875,0.0716166666666667,0.0510066666666667,0.0317333333333333,0.0316266666666667,0.0263583333333333,0.0193533333333333,0.0158733333333333,0.0173066666666667,0.0151933333333333,0.00974666666666667,0.0122866666666667,0.00975666666666667,0.007415,0.0105883333333333,0.00499,0.00728166666666667,0.00642666666666667,0.004815,0.00500666666666667,0.00430166666666667,0.00272166666666667,0.00252333333333333,0.00186166666666667,0.00208666666666667,0.00132333333333333,0.00371,0.00134666666666667,0.00046,0.00197,0.000558333333333333,0.00165333333333333,0.00126833333333333,0.00083,0.000573333333333333,0.00133666666666667,0.00076,0.000816666666666667,0.000876666666666667,0.00094,0.00100333333333333,0.000296666666666667,0,1,0,0,0,0,0,0,1,1,1,1,1,1,1,1,1,1,1,1,1,1,1,1,1,1,1,1,1,1,1,1,1,1,1,1,1,1,1,1,1,1,1,1,1,1,1,1,1,1,1,1,1,1,1,1,1,1,1,1,1,1,1,1,1,1,1,1,1,1,1,1,1,1,1,1,1,1,1,1,0
2026-05-09 19:00:00,583.731985,0,0,0,0,0,0,0.0944516666666667,8.30194333333333,47.572695,82.5893716666667,76.34518,68.6329083333333,70.8394316666667,77.0081266666667,80.25379,25.27378,14.8906483333333,8.077665,4.89880666666667,3.93909666666667,3.61458333333333,3.642645,3.19631333333333,1.38784333333333,0.851856666666667,0.453556666666667,0.336186666666667,0.252696666666667,0.214631666666667,0.161391666666667,0.135495,0.126731666666667,0.0969066666666667,0.0892016666666667,0.083125,0.0867566666666667,0.0793466666666667,0.0625316666666667,0.044195,0.0357416666666667,0.0305666666666667,0.0219983333333333,0.0177916666666667,0.0178016666666667,0.013525,0.0115966666666667,0.00939666666666667,0.0121233333333333,0.00572833333333333,0.00252333333333333,0.00676833333333333,0.00501333333333333,0.00470333333333333,0.00255333333333333,0.00390166666666667,0.00279166666666667,0.001405,0.000688333333333333,0.000603333333333333,0.00153166666666667,0.00166,0.00112,0.00144,0.000808333333333333,0.000921666666666667,0.000705,0.000138333333333333,0.001235,0.0000183333333333333,0,0,0.00026,0.00076,0.000816666666666667,0.000876666666666667,0.00094,0.00100333333333333,0.000296666666666667,0,1,0,0,0,0,0,0,1,1,1,1,1,1,1,1,1,1,1,1,1,1,1,1,1,1,1,1,1,1,1,1,1,1,1,1,1,1,1,1,1,1,1,1,1,1,1,1,1,1,1,1,1,1,1,1,1,1,1,1,1,1,1,1,1,1,1,1,1,1,1,1,1,1,1,1,1,1,1,1,0
2026-05-09 20:00:00,467.760189233333,0,0,0,0,0,0,0.0762083333333333,7.18923333333333,40.941685,71.14474,65.0091533333333,56.8843966666667,56.1456266666667,57.4607566666667,59.9623366666667,19.6757333333333,10.8436066666667,6.00468166666667,3.61141666666667,2.809655,2.506335,2.48189333333333,2.23920333333333,1.059965,0.661046666666667,0.350691666666667,0.275293333333333,0.22452,0.180481666666667,0.15239,0.136683333333333,0.113425,0.110363333333333,0.0946983333333333,0.0788416666666667,0.06547,0.054055,0.049385,0.0370516666666667,0.0258166666666667,0.02144,0.015985,0.01639,0.010365,0.0151983333333333,0.0110383333333333,0.00932833333333333,0.00500333333333333,0.00639,0.00732833333333333,0.00514333333333333,0.00665166666666667,0.00322,0.00440166666666667,0.001075,0.0018,0.00169166666666667,0.000746666666666667,0.00114166666666667,0.00110666666666667,0,0.000748333333333333,0.000488333333333333,0.00123166666666667,0.0000766666666666667,0,0.00042,0,0,0.000415,0.000413333333333333,0.0000866666666666667,0.000253333333333333,0.000273333333333333,0.000293333333333333,0.000313333333333333,0.000333333333333333,0.0001,0,1,0,0,0,0,0,0,1,1,1,1,1,1,1,1,1,1,1,1,1,1,1,1,1,1,1,1,1,1,1,1,1,1,1,1,1,1,1,1,1,1,1,1,1,1,1,1,1,1,1,1,1,1,1,1,1,1,1,1,1,1,1,1,1,1,1,1,1,1,1,1,1,1,1,1,1,1,1,1,0
2026-05-09 21:00:00,396.679657033333,0,0,0,0,0,0,0.0795916666666667,7.00645166666667,37.0953633333333,61.72419,56.5814,49.9821266666667,47.95404,47.1965566666667,48.423765,15.5364433333333,7.92935,4.32759166666667,2.57955666666667,2.04039833333333,1.82899,1.74470333333333,1.69124166666667,0.737015,0.481875,0.262925,0.183131666666667,0.163008333333333,0.14547,0.117208333333333,0.0968366666666667,0.087125,0.0743383333333333,0.068865,0.0692333333333333,0.0603183333333333,0.0499933333333333,0.0406366666666667,0.03169,0.0231466666666667,0.02201,0.0114266666666667,0.0116783333333333,0.009615,0.00891,0.00678166666666667,0.00679333333333333,0.00549166666666667,0.006035,0.00490333333333333,0.00477,0.00455666666666667,0.00170333333333333,0.002465,0.00226166666666667,0.00368166666666667,0.00309666666666667,0.00149,0.000483333333333333,0.00128166666666667,0.00147,0.000985,0.000913333333333333,0.000461666666666667,0.000421666666666667,0.000283333333333333,0.000715,0.000681666666666667,0,0,0,0.000606666666666667,0.00057,0.000615,0.00066,0.000705,0.00075,0.000225,0,1,0,0,0,0,0,0,1,1,1,1,1,1,1,1,1,1,1,1,1,1,1,1,1,1,1,1,1,1,1,1,1,1,1,1,1,1,1,1,1,1,1,1,1,1,1,1,1,1,1,1,1,1,1,1,1,1,1,1,1,1,1,1,1,1,1,1,1,1,1,1,1,1,1,1,1,1,1,1,0
2026-05-09 22:00:00,375.8876765,0,0,0,0,0,0,0.0702316666666667,6.47709333333333,34.302595,57.828745,54.36745,47.850565,45.9915933333333,44.7060866666667,46.366055,15.3130416666667,6.86492,3.651115,2.20527833333333,1.63290833333333,1.41954,1.43795666666667,1.39047333333333,0.58943,0.399923333333333,0.21547,0.182206666666667,0.139558333333333,0.13118,0.105918333333333,0.100516666666667,0.0833433333333333,0.0740433333333333,0.073085,0.0607133333333333,0.0579266666666667,0.0604333333333333,0.0429583333333333,0.0275266666666667,0.0204766666666667,0.0169666666666667,0.0110183333333333,0.0155016666666667,0.0120116666666667,0.0111816666666667,0.0127316666666667,0.00736333333333333,0.00643166666666667,0.005935,0.00453833333333333,0.00384,0.00207333333333333,0.002765,0.00398833333333333,0.000608333333333333,0.000916666666666667,0.000803333333333333,0.000373333333333333,0.00108666666666667,0.000251666666666667,0.000616666666666667,0.00141,0.000101666666666667,0.000808333333333333,0.0000383333333333333,0.000421666666666667,0,0.000836666666666667,0,0,0,0,0,0,0,0,0,0,0,1,0,0,0,0,0,0,1,1,1,1,1,1,1,1,1,1,1,1,1,1,1,1,1,1,1,1,1,1,1,1,1,1,1,1,1,1,1,1,1,1,1,1,1,1,1,1,1,1,1,1,1,1,1,1,1,1,1,1,1,1,1,1,1,1,1,1,1,1,1,1,1,1,1,1,1,1,1,1,0
2026-05-09 23:00:00,307.89548875,0,0,0,0,0,0,0.0550133333333333,4.81398,25.8590433333333,43.9903483333333,42.8232466666667,39.86842,39.43992,38.883285,39.9163016666667,13.0604616666667,5.99726833333333,3.33252833333333,2.00328166666667,1.60936333333333,1.41797,1.42086,1.40439666666667,0.722813333333333,0.450845,0.25434,0.20288,0.186605,0.146195,0.115971666666667,0.102898333333333,0.0898833333333333,0.0814683333333333,0.0710066666666667,0.064795,0.0592933333333333,0.0485916666666667,0.0449866666666667,0.0303483333333333,0.01809,0.0192466666666667,0.0142916666666667,0.0112666666666667,0.00936666666666667,0.0116883333333333,0.00580166666666667,0.00673333333333333,0.00407833333333333,0.00611333333333333,0.00367166666666667,0.00425166666666667,0.00296333333333333,0.00197166666666667,0.00184833333333333,0.00257166666666667,0.000963333333333333,0,0.00166166666666667,0.000658333333333333,0.000251666666666667,0,0,0.000386666666666667,0.000461666666666667,0,0.000705,0.000558333333333333,0,0,0,0,0.0000216666666666667,0.0000633333333333333,0.0000683333333333333,0.0000733333333333333,0.0000783333333333333,0.0000833333333333333,0.000025,0,1,0,0,0,0,0,0,1,1,1,1,1,1,1,1,1,1,1,1,1,1,1,1,1,1,1,1,1,1,1,1,1,1,1,1,1,1,1,1,1,1,1,1,1,1,1,1,1,1,1,1,1,1,1,1,1,1,1,1,1,1,1,1,1,1,1,1,1,1,1,1,1,1,1,1,1,1,1,1,0
2026-05-10,217.995642833333,0,0,0,0,0,0,0.0530766666666667,4.18011666666667,23.9327816666667,41.080525,36.623625,29.276935,24.8527566666667,21.7134633333333,20.4176716666667,6.47707,2.75824666666667,1.46528666666667,0.907138333333333,0.69995,0.626356666666667,0.66541,0.657281666666667,0.376448333333333,0.250576666666667,0.182021666666667,0.171298333333333,0.157763333333333,0.129815,0.126285,0.103911666666667,0.102438333333333,0.08987,0.07632,0.0585883333333333,0.05265,0.0387183333333333,0.03338,0.0243183333333333,0.0240383333333333,0.0186016666666667,0.0112316666666667,0.00753166666666667,0.0113566666666667,0.0115766666666667,0.00780666666666667,0.006865,0.00514833333333333,0.004735,0.00495666666666667,0.00344833333333333,0.00287,0.00247333333333333,0.00141666666666667,0.000466666666666667,0.00051,0.00134666666666667,0.00114833333333333,0.000405,0.00135833333333333,0.000426666666666667,0.00107166666666667,0.000628333333333333,0,0,0,0,0.000398333333333333,0.0000183333333333333,0,0,0.0000216666666666667,0.0000633333333333333,0.0000683333333333333,0.0000733333333333333,0.0000783333333333333,0.0000833333333333333,0.000025,0,1,0,0,0,0,0,0,1,1,1,1,1,1,1,1,1,1,1,1,1,1,1,1,1,1,1,1,1,1,1,1,1,1,1,1,1,1,1,1,1,1,1,1,1,1,1,1,1,1,1,1,1,1,1,1,1,1,1,1,1,1,1,1,1,1,1,1,1,1,1,1,1,1,1,1,1,1,1,1,0
2026-05-10 01:00:00,190.435474066667,0,0,0,0,0,0,0.0372533333333333,3.62371666666667,20.066425,34.6493583333333,30.6454466666667,24.7866583333333,21.64438,19.593105,19.343445,6.63415666666667,2.58737166666667,1.36008333333333,0.74193,0.610513333333333,0.576038333333333,0.556218333333333,0.570301666666667,0.337683333333333,0.274611666666667,0.193951666666667,0.166888333333333,0.136056666666667,0.141186666666667,0.123031666666667,0.107833333333333,0.104368333333333,0.0800733333333333,0.07176,0.0614066666666667,0.0456983333333333,0.0463583333333333,0.03029,0.0290733333333333,0.0218966666666667,0.01991,0.0162233333333333,0.0129083333333333,0.00952,0.00654333333333333,0.00729333333333333,0.00469833333333333,0.00736,0.0029,0.00314333333333333,0.00386166666666667,0.00250833333333333,0.002355,0.001575,0.000378333333333333,0.00177166666666667,0.00103166666666667,0.000688333333333333,0.000428333333333333,0.000426666666666667,0.000426666666666667,0,0.00123666666666667,0.000423333333333333,0.000806666666666667,0.000496666666666667,0.00084,0.000418333333333333,0,0,0,0.0000433333333333333,0.000126666666666667,0.000136666666666667,0.000146666666666667,0.000156666666666667,0.000166666666666667,0.00005,0,1,0,0,0,0,0,0,1,1,1,1,1,1,1,1,1,1,1,1,1,1,1,1,1,1,1,1,1,1,1,1,1,1,1,1,1,1,1,1,1,1,1,1,1,1,1,1,1,1,1,1,1,1,1,1,1,1,1,1,1,1,1,1,1,1,1,1,1,1,1,1,1,1,1,1,1,1,1,1,0
2026-05-10 02:00:00,163.890269466667,0,0,0,0,0,0,0.0379166666666667,3.13483666666667,16.9364316666667,27.3046633333333,23.3435266666667,19.3469333333333,18.3506583333333,18.348405,19.787385,7.20327666666667,2.68599333333333,1.41095333333333,0.784606666666667,0.615928333333333,0.569256666666667,0.598405,0.585273333333333,0.376715,0.285483333333333,0.203111666666667,0.178866666666667,0.170145,0.150745,0.151063333333333,0.126681666666667,0.124673333333333,0.106045,0.0807166666666667,0.0606216666666667,0.062605,0.0487633333333333,0.04146,0.026765,0.02085,0.0163283333333333,0.01558,0.01547,0.0107983333333333,0.005195,0.00806166666666667,0.00694,0.00626833333333333,0.00496666666666667,0.00273666666666667,0.003015,0.00164,0.00197166666666667,0.00391833333333333,0.000176666666666667,0.00172,0.00086,0,0.000428333333333333,0.000426666666666667,0.00128,0,0,0,0.000845,0,0,0,0,0,0,0,0,0,0,0,0,0,0,1,0,0,0,0,0,0,1,1,1,1,1,1,1,1,1,1,1,1,1,1,1,1,1,1,1,1,1,1,1,1,1,1,1,1,1,1,1,1,1,1,1,1,1,1,1,1,1,1,1,1,1,1,1,1,1,1,1,1,1,1,1,1,1,1,1,1,1,1,1,1,1,1,1,1,1,1,1,1,0
2026-05-10 03:00:00,137.521924083333,0,0,0,0,0,0,0.0374716666666667,2.90017166666667,15.2502066666667,23.2871933333333,19.4333816666667,16.0706966666667,14.99091,15.014,16.1648666666667,6.19882666666667,2.03500166666667,1.087985,0.602923333333333,0.481453333333333,0.43839,0.467233333333333,0.45622,0.312816666666667,0.260351666666667,0.193535,0.184351666666667,0.185031666666667,0.171405,0.163948333333333,0.127861666666667,0.12808,0.117285,0.104946666666667,0.0792883333333333,0.0674616666666667,0.0608483333333333,0.0516266666666667,0.0358283333333333,0.0313016666666667,0.026285,0.0257,0.0204833333333333,0.0167483333333333,0.0178433333333333,0.0112583333333333,0.0145483333333333,0.00766833333333333,0.00685,0.00473166666666667,0.00588166666666667,0.00458,0.000863333333333333,0.00222833333333333,0.002915,0.00320166666666667,0.00223666666666667,0.000688333333333333,0.000428333333333333,0,0,0,0.000425,0,0.000421666666666667,0,0,0,0,0,0,0,0,0,0,0,0,0,0,1,0,0,0,0,0,0,1,1,1,1,1,1,1,1,1,1,1,1,1,1,1,1,1,1,1,1,1,1,1,1,1,1,1,1,1,1,1,1,1,1,1,1,1,1,1,1,1,1,1,1,1,1,1,1,1,1,1,1,1,1,1,1,1,1,1,1,1,1,1,1,1,1,1,1,1,1,1,1,0
2026-05-10 04:00:00,121.302899066667,0,0,0,0,0,0,0.0252583333333333,2.10954333333333,11.0966766666667,18.0896183333333,16.3039016666667,14.64349,14.7590833333333,15.0636483333333,16.4323916666667,6.68304333333333,1.71378666666667,0.819673333333333,0.449038333333333,0.343126666666667,0.34486,0.349983333333333,0.370743333333333,0.284876666666667,0.1999,0.169293333333333,0.171008333333333,0.155451666666667,0.14179,0.128721666666667,0.110595,0.131083333333333,0.0938833333333333,0.076645,0.08311,0.0698383333333333,0.0560416666666667,0.043805,0.0357333333333333,0.0280933333333333,0.0286783333333333,0.0202833333333333,0.0159733333333333,0.0137833333333333,0.0128166666666667,0.00702833333333333,0.0157716666666667,0.0110183333333333,0.00817,0.00748,0.00716333333333333,0.00710833333333333,0.00631166666666667,0.00269333333333333,0.00293166666666667,0.00198333333333333,0.00103166666666667,0.001865,0.000285,0.000678333333333333,0.00104333333333333,0.000236666666666667,0.00085,0,0,0.000705,0.000138333333333333,0,0.000416666666666667,0,0.000573333333333333,0.000296666666666667,0.000126666666666667,0.000136666666666667,0.000146666666666667,0.000156666666666667,0.000166666666666667,0.00005,0,1,0,0,0,0,0,0,1,1,1,1,1,1,1,1,1,1,1,1,1,1,1,1,1,1,1,1,1,1,1,1,1,1,1,1,1,1,1,1,1,1,1,1,1,1,1,1,1,1,1,1,1,1,1,1,1,1,1,1,1,1,1,1,1,1,1,1,1,1,1,1,1,1,1,1,1,1,1,1,0
2026-05-10 05:00:00,98.6111355166667,0,0,0,0,0,0,0.0226366666666667,1.63943,8.93783333333333,15.4836616666667,14.5708033333333,13.2413766666667,12.57595,11.7959183333333,11.08787,4.62659333333333,0.946998333333333,0.530428333333333,0.303871666666667,0.268965,0.258688333333333,0.261676666666667,0.310753333333333,0.227265,0.18779,0.159071666666667,0.152506666666667,0.15452,0.137866666666667,0.138468333333333,0.120965,0.122245,0.088855,0.0738533333333333,0.07299,0.0648116666666667,0.0557283333333333,0.0511116666666667,0.03388,0.03507,0.0249483333333333,0.01943,0.018755,0.0124866666666667,0.0129866666666667,0.015775,0.0122866666666667,0.00734166666666667,0.00944333333333333,0.00830166666666667,0.00720166666666667,0.00369,0.003265,0.003715,0.00127666666666667,0.00274,0.00209333333333333,0.001605,0.00114166666666667,0.001105,0.00251333333333333,0.00132333333333333,0.000386666666666667,0.000423333333333333,0.0000383333333333333,0,0,0,0,0,0,0.0000216666666666667,0.0000633333333333333,0.0000683333333333333,0.0000733333333333333,0.0000783333333333333,0.0000833333333333333,0.000025,0,1,0,0,0,0,0,0,1,1,1,1,1,1,1,1,1,1,1,1,1,1,1,1,1,1,1,1,1,1,1,1,1,1,1,1,1,1,1,1,1,1,1,1,1,1,1,1,1,1,1,1,1,1,1,1,1,1,1,1,1,1,1,1,1,1,1,1,1,1,1,1,1,1,1,1,1,1,1,1,0
2026-05-10 06:00:00,83.4392386333333,0,0,0,0,0,0,0.0209783333333333,1.82424666666667,9.80926,16.209265,14.152975,11.422855,9.32870333333333,7.69925,6.36651833333333,2.58185166666667,0.557726666666667,0.322645,0.218433333333333,0.1922,0.216001666666667,0.233071666666667,0.25239,0.204931666666667,0.18927,0.156701666666667,0.144593333333333,0.153311666666667,0.13409,0.124538333333333,0.116713333333333,0.119625,0.0957983333333333,0.080105,0.076735,0.0567033333333333,0.0537233333333333,0.03926,0.0368683333333333,0.0325416666666667,0.0249616666666667,0.01557,0.0135333333333333,0.0168966666666667,0.0120166666666667,0.0148583333333333,0.0101666666666667,0.0108383333333333,0.0105716666666667,0.00686833333333333,0.00733333333333333,0.00752166666666667,0.00694333333333333,0.00445333333333333,0.00499333333333333,0.00319833333333333,0.00223666666666667,0.00283166666666667,0.00257,0.000426666666666667,0.00128,0.000748333333333333,0.000951666666666667,0.000423333333333333,0.000423333333333333,0,0,0,0.000223333333333333,0.000193333333333333,0,0.000476666666666667,0.00019,0.000205,0.00022,0.000235,0.00025,0.000075,0,1,0,0,0,0,0,0,1,1,1,1,1,1,1,1,1,1,1,1,1,1,1,1,1,1,1,1,1,1,1,1,1,1,1,1,1,1,1,1,1,1,1,1,1,1,1,1,1,1,1,1,1,1,1,1,1,1,1,1,1,1,1,1,1,1,1,1,1,1,1,1,1,1,1,1,1,1,1,1,0
2026-05-10 07:00:00,47.8119440333333,0,0,0,0,0,0,0.01871,1.758935,8.05761833333333,11.303555,7.82856833333333,5.37161166666667,3.95763166666667,2.88641333333333,2.35578666666667,1.003175,0.379858333333333,0.22869,0.178198333333333,0.15503,0.162511666666667,0.19021,0.216913333333333,0.194743333333333,0.155945,0.140753333333333,0.131486666666667,0.126555,0.10937,0.112331666666667,0.0964583333333333,0.107001666666667,0.0991516666666667,0.0794966666666667,0.0555983333333333,0.0576333333333333,0.0438933333333333,0.0365433333333333,0.03637,0.0247816666666667,0.0201666666666667,0.01861,0.01411,0.0110483333333333,0.00919166666666667,0.00734666666666667,0.00484166666666667,0.00813833333333333,0.00845333333333333,0.004245,0.010585,0.00291833333333333,0.00461,0.00435,0.00260666666666667,0.00285,0.00349833333333333,0.00149166666666667,0.00365666666666667,0.000678333333333333,0.00128,0.000425,0.00085,0.000423333333333333,0.000346666666666667,0.000496666666666667,0.00084,0.000418333333333333,0.000416666666666667,0,0,0.0000216666666666667,0.0000633333333333333,0.0000683333333333333,0.0000733333333333333,0.0000783333333333333,0.0000833333333333333,0.000025,0,1,0,0,0,0,0,0,1,1,1,1,1,1,1,1,1,1,1,1,1,1,1,1,1,1,1,1,1,1,1,1,1,1,1,1,1,1,1,1,1,1,1,1,1,1,1,1,1,1,1,1,1,1,1,1,1,1,1,1,1,1,1,1,1,1,1,1,1,1,1,1,1,1,1,1,1,1,1,1,0
2026-05-10 08:00:00,66.4429205333333,0,0,0,0,0,0,0.0348266666666667,2.69593333333333,12.4479133333333,16.648915,11.318565,7.24265833333333,4.97963333333333,3.64064666666667,2.515315,0.88907,0.392415,0.261953333333333,0.165698333333333,0.172323333333333,0.180205,0.220206666666667,0.23738,0.192448333333333,0.161236666666667,0.145155,0.14361,0.123973333333333,0.109448333333333,0.109125,0.0864266666666667,0.102986666666667,0.087345,0.0695916666666667,0.0622383333333333,0.059625,0.0510283333333333,0.0370066666666667,0.024835,0.0214266666666667,0.0194883333333333,0.0192316666666667,0.014805,0.0134166666666667,0.01407,0.00903333333333333,0.00773833333333333,0.00582,0.00611666666666667,0.005055,0.00423333333333333,0.00291666666666667,0.00497,0.00348666666666667,0.00303833333333333,0.003195,0.00126166666666667,0.00192333333333333,0.00150666666666667,0.000428333333333333,0.00128,0.00234666666666667,0.000203333333333333,0.000385,0.000806666666666667,0.000918333333333333,0.00084,0.000816666666666667,0.000851666666666667,0.000415,0.00016,0.000773333333333333,0.000316666666666667,0.000341666666666667,0.000366666666666667,0.000391666666666667,0.000416666666666667,0.000125,0,1,0,0,0,0,0,0,1,1,1,1,1,1,1,1,1,1,1,1,1,1,1,1,1,1,1,1,1,1,1,1,1,1,1,1,1,1,1,1,1,1,1,1,1,1,1,1,1,1,1,1,1,1,1,1,1,1,1,1,1,1,1,1,1,1,1,1,1,1,1,1,1,1,1,1,1,1,1,1,0
2026-05-10 09:00:00,78.46970625,0,0,0,0,0,0,0.0307214285714286,2.98099107142857,13.9906196428571,19.5925107142857,13.7384392857143,9.32115535714286,6.57485535714286,4.79668392857143,3.08612142857143,0.866573214285714,0.440164285714286,0.2574625,0.191555357142857,0.180226785714286,0.190355357142857,0.225828571428571,0.218946428571429,0.187344642857143,0.165957142857143,0.126375,0.129098214285714,0.110332142857143,0.1111625,0.1060375,0.0990732142857143,0.0931928571428571,0.0846214285714286,0.0720875,0.0677482142857143,0.0486375,0.0452303571428571,0.0334982142857143,0.030575,0.0217464285714286,0.0151375,0.0176089285714286,0.0150642857142857,0.0102696428571429,0.00827857142857143,0.00851428571428571,0.00736428571428571,0.00988214285714286,0.00799642857142857,0.009025,0.00364821428571429,0.00451785714285714,0.0031125,0.00512321428571429,0.00111428571428571,0.00184285714285714,0.00110535714285714,0.00159642857142857,0.000705357142857143,0.000728571428571429,0.000457142857142857,0.000692857142857143,0.0010875,0.000907142857142857,0.000494642857142857,0.000451785714285714,0.00045,0,0.000446428571428571,0.000444642857142857,0,0.0000928571428571429,0.000271428571428571,0.000292857142857143,0.000314285714285714,0.000335714285714286,0.000357142857142857,0.000107142857142857,0,1,0,0,0,0,0,0,1,1,1,1,1,1,1,1,1,1,1,1,1,1,1,1,1,1,1,1,1,1,1,1,1,1,1,1,1,1,1,1,1,1,1,1,1,1,1,1,1,1,1,1,1,1,1,1,1,1,1,1,1,1,1,1,1,1,1,1,1,1,1,1,1,1,1,1,1,1,1,1,0
2026-05-10 10:00:00,80.8541875689655,0,0,0,0,0,0,0.0392206896551724,2.91174655172414,13.7591189655172,19.3392603448276,14.4571206896552,10.0792482758621,7.45895689655172,5.52345689655172,3.35291724137931,0.865594827586207,0.44976724137931,0.279610344827586,0.188622413793103,0.165415517241379,0.178729310344828,0.240322413793103,0.225591379310345,0.197887931034483,0.143741379310345,0.123363793103448,0.142953448275862,0.138103448275862,0.110206896551724,0.106186206896552,0.0886896551724138,0.0856103448275862,0.0786913793103448,0.0764758620689655,0.0647672413793104,0.0543034482758621,0.0452431034482759,0.0350396551724138,0.0290810344827586,0.0269689655172414,0.0185672413793103,0.0165810344827586,0.0153155172413793,0.0131103448275862,0.00923965517241379,0.00592068965517241,0.00627068965517241,0.00815862068965517,0.00558103448275862,0.00448620689655172,0.00518793103448276,0.00346551724137931,0.00258275862068966,0.00148448275862069,0.00452586206896552,0.00218275862068965,0.00192758620689655,0.000710344827586207,0.000443103448275862,0.000882758620689655,0.00152068965517241,0.000579310344827586,0.000505172413793103,0.00131379310344828,0.000398275862068965,0.000513793103448276,0.00043448275862069,0.000432758620689655,0.000862068965517241,0,0,0.000224137931034483,0.000655172413793103,0.000705172413793104,0.000756896551724138,0.000810344827586207,0.000863793103448276,0.000256896551724138,0,1,0,0,0,0,0,0,1,1,1,1,1,1,1,1,1,1,1,1,1,1,1,1,1,1,1,1,1,1,1,1,1,1,1,1,1,1,1,1,1,1,1,1,1,1,1,1,1,1,1,1,1,1,1,1,1,1,1,1,1,1,1,1,1,1,1,1,1,1,1,1,1,1,1,1,1,1,1,1,0
2026-05-10 11:00:00,59.15419495,0,0,0,0,0,0,0.0156266666666667,1.66606,8.84587333333333,13.5026083333333,10.4730466666667,7.496065,5.69017,4.485615,3.01191,0.969783333333333,0.42258,0.238118333333333,0.174826666666667,0.166808333333333,0.18716,0.199623333333333,0.231705,0.176475,0.157983333333333,0.115405,0.12068,0.13776,0.111641666666667,0.113611666666667,0.089655,0.09928,0.0836666666666667,0.074485,0.0571066666666667,0.0521166666666667,0.0439216666666667,0.033995,0.0241233333333333,0.02259,0.015015,0.0109666666666667,0.0129783333333333,0.0084,0.00787166666666667,0.00957,0.00889333333333333,0.00810333333333333,0.00511333333333333,0.00590666666666667,0.00464333333333333,0.00337333333333333,0.004445,0.00301833333333333,0.00192,0.00147333333333333,0.00126166666666667,0.001175,0.00182333333333333,0.000428333333333333,0.00147,0.000883333333333333,0.00105333333333333,0.000846666666666667,0,0,0.000288333333333333,0.00134666666666667,0.0000366666666666667,0.00100333333333333,0.0004,0.000751666666666667,0.000253333333333333,0.000271666666666667,0.000291666666666667,0.000313333333333333,0.000335,0.0000983333333333333,0,1,0,0,0,0,0,0,1,1,1,1,1,1,1,1,1,1,1,1,1,1,1,1,1,1,1,1,1,1,1,1,1,1,1,1,1,1,1,1,1,1,1,1,1,1,1,1,1,1,1,1,1,1,1,1,1,1,1,1,1,1,1,1,1,1,1,1,1,1,1,1,1,1,1,1,1,1,1,1,0
2026-05-10 12:00:00,69.142258245614,0,0,0,0,0,0,0.0263245614035088,2.27963684210526,10.995898245614,15.9710684210526,11.9418894736842,8.26987894736842,6.2242701754386,4.83795789473684,3.43022456140351,1.11982280701754,0.550091228070175,0.312608771929825,0.227826315789474,0.200533333333333,0.21069298245614,0.253180701754386,0.260282456140351,0.191126315789474,0.180105263157895,0.138440350877193,0.147668421052632,0.149482456140351,0.146915789473684,0.13170701754386,0.111615789473684,0.102078947368421,0.0959631578947368,0.0737964912280702,0.0731631578947368,0.0622964912280702,0.0554964912280702,0.0425280701754386,0.036959649122807,0.0274912280701754,0.0208964912280702,0.0220368421052632,0.0208754385964912,0.0164491228070175,0.00767543859649123,0.0126491228070175,0.00951228070175439,0.00524736842105263,0.00536315789473684,0.00479298245614035,0.00358771929824561,0.00532631578947368,0.00434736842105263,0.0043,0.00563684210526316,0.00304912280701754,0.00238421052631579,0.000271929824561403,0.00315614035087719,0.0009,0.000898245614035088,0.000894736842105263,0.000894736842105263,0.000405263157894737,0.00137543859649123,0,0.000745614035087719,0.00013859649122807,0,0,0,0.000570175438596491,0.0004,0.000431578947368421,0.000463157894736842,0.000494736842105263,0.000526315789473684,0.000157894736842105,0,1,0,0,0,0,0,0,1,1,1,1,1,1,1,1,1,1,1,1,1,1,1,1,1,1,1,1,1,1,1,1,1,1,1,1,1,1,1,1,1,1,1,1,1,1,1,1,1,1,1,1,1,1,1,1,1,1,1,1,1,1,1,1,1,1,1,1,1,1,1,1,1,1,1,1,1,1,1,1,0
2026-05-10 13:00:00,60.7021154385965,0,0,0,0,0,0,0.026959649122807,2.03661578947368,9.58587719298246,13.4894210526316,9.92021403508772,6.89832105263158,5.21133859649123,4.05938596491228,3.31144035087719,1.34785964912281,0.530398245614035,0.326710526315789,0.21530701754386,0.205529824561404,0.208454385964912,0.266926315789474,0.256047368421053,0.214842105263158,0.178473684210526,0.157019298245614,0.158526315789474,0.151664912280702,0.146631578947368,0.135385964912281,0.107854385964912,0.0869263157894737,0.0793421052631579,0.076219298245614,0.0666894736842105,0.0606543859649123,0.0532385964912281,0.0439561403508772,0.0319491228070175,0.0269333333333333,0.0227087719298246,0.0205456140350877,0.0156070175438596,0.012619298245614,0.015240350877193,0.011480701754386,0.00874736842105263,0.00905964912280702,0.00745087719298246,0.00722631578947368,0.00502456140350877,0.00662105263157895,0.00523157894736842,0.00156491228070175,0.00139824561403509,0.00144210526315789,0.000784210526315789,0.000996491228070175,0.0010859649122807,0.000264912280701754,0,0.00123508771929825,0.000921052631578947,0.00133684210526316,0.0000807017543859649,0.000742105263157895,0.000145614035087719,0,0.00043859649122807,0.000182456140350877,0.000252631578947368,0.00195964912280702,0.000664912280701754,0.000717543859649123,0.000770175438596491,0.000824561403508772,0.000878947368421053,0.00026140350877193,0,1,0,0,0,0,0,0,1,1,1,1,1,1,1,1,1,1,1,1,1,1,1,1,1,1,1,1,1,1,1,1,1,1,1,1,1,1,1,1,1,1,1,1,1,1,1,1,1,1,1,1,1,1,1,1,1,1,1,1,1,1,1,1,1,1,1,1,1,1,1,1,1,1,1,1,1,1,1,1,0
2026-05-10 14:00:00,69.3282577,0,0,0,0,0,0,0.0377616666666667,2.68637333333333,12.0602816666667,16.015255,11.13094,7.64064833333333,5.58856333333333,4.44975833333333,3.57591,1.664335,0.612871666666667,0.362876666666667,0.226713333333333,0.230885,0.216718333333333,0.255238333333333,0.282446666666667,0.22524,0.18499,0.16352,0.149771666666667,0.160223333333333,0.137276666666667,0.123291666666667,0.106406666666667,0.09762,0.0952583333333333,0.0755783333333333,0.0656833333333333,0.0704633333333333,0.048225,0.0446683333333333,0.0423716666666667,0.0327933333333333,0.0242883333333333,0.0211566666666667,0.0187783333333333,0.0155616666666667,0.0171383333333333,0.0107033333333333,0.0101283333333333,0.0108183333333333,0.00909333333333333,0.0105133333333333,0.00584166666666667,0.00412333333333333,0.00709333333333333,0.00284,0.00419166666666667,0.00106666666666667,0.00249333333333333,0.000945,0.000603333333333333,0.00195833333333333,0.00294,0.000796666666666667,0.000951666666666667,0,0.000421666666666667,0.000421666666666667,0.00042,0.000816666666666667,0.000241666666666667,0.000608333333333333,0.000573333333333333,0.000751666666666667,0.000253333333333333,0.000273333333333333,0.000293333333333333,0.000313333333333333,0.000333333333333333,0.0001,0,1,0,0,0,0,0,0,1,1,1,1,1,1,1,1,1,1,1,1,1,1,1,1,1,1,1,1,1,1,1,1,1,1,1,1,1,1,1,1,1,1,1,1,1,1,1,1,1,1,1,1,1,1,1,1,1,1,1,1,1,1,1,1,1,1,1,1,1,1,1,1,1,1,1,1,1,1,1,1,0
2026-05-10 15:00:00,68.6365437358491,0,0,0,0,0,0,0.0274716981132075,2.24810188679245,11.1614811320755,15.8932301886792,11.2950169811321,7.61005094339623,5.62872641509434,4.37557924528302,3.64520943396226,1.75415471698113,0.674437735849057,0.387492452830189,0.265296226415094,0.227094339622642,0.238616981132075,0.256943396226415,0.283458490566038,0.228166037735849,0.185477358490566,0.163079245283019,0.148092452830189,0.162883018867925,0.12038679245283,0.128501886792453,0.107879245283019,0.0965830188679245,0.0856320754716981,0.0773735849056604,0.0673245283018868,0.0639377358490566,0.0579188679245283,0.0487509433962264,0.0443566037735849,0.0357094339622641,0.0275132075471698,0.0229660377358491,0.0174962264150943,0.0154301886792453,0.0171320754716981,0.00980566037735849,0.0103188679245283,0.00694905660377358,0.00804150943396226,0.00748679245283019,0.00764339622641509,0.00655094339622642,0.00421320754716981,0.0037377358490566,0.00354716981132075,0.00486037735849057,0.00279433962264151,0.0018188679245283,0.000609433962264151,0.000967924528301887,0.00193207547169811,0.000962264150943396,0.0018377358490566,0.000566037735849057,0.000477358490566038,0.000320754716981132,0.000632075471698113,0,0.000471698113207547,0.000469811320754717,0,0.000122641509433962,0.000358490566037736,0.000386792452830189,0.000415094339622642,0.000443396226415094,0.000471698113207547,0.000141509433962264,0,1,0,0,0,0,0,0,1,1,1,1,1,1,1,1,1,1,1,1,1,1,1,1,1,1,1,1,1,1,1,1,1,1,1,1,1,1,1,1,1,1,1,1,1,1,1,1,1,1,1,1,1,1,1,1,1,1,1,1,1,1,1,1,1,1,1,1,1,1,1,1,1,1,1,1,1,1,1,1,0
2026-05-10 16:00:00,60.7510595689655,0,0,0,0,0,0,0.0273310344827586,2.02850517241379,10.0632206896552,13.6621982758621,9.58921034482759,6.39290344827586,4.96964655172414,4.07150344827586,3.75570172413793,1.93422931034483,0.710827586206897,0.386498275862069,0.260129310344828,0.219791379310345,0.226006896551724,0.233075862068966,0.249822413793103,0.235396551724138,0.1976,0.148829310344828,0.160156896551724,0.146694827586207,0.12211724137931,0.127698275862069,0.110372413793103,0.0942465517241379,0.0785396551724138,0.0717258620689655,0.0561534482758621,0.0637534482758621,0.0579603448275862,0.0483275862068966,0.0423758620689655,0.0337758620689655,0.0261672413793103,0.0259379310344828,0.0144206896551724,0.020698275862069,0.0177879310344828,0.00871724137931034,0.0103862068965517,0.00976896551724138,0.00795344827586207,0.00817068965517241,0.00828275862068966,0.00608275862068965,0.00415,0.00345862068965517,0.0039,0.00160689655172414,0.00278793103448276,0.00192931034482759,0.000556896551724138,0.000882758620689655,0.00107931034482759,0.00145862068965517,0.000544827586206897,0,0.00211034482758621,0.000513793103448276,0,0,0.000862068965517241,0.000429310344827586,0.000427586206896552,0.000224137931034483,0.000655172413793103,0.000705172413793104,0.000756896551724138,0.000810344827586207,0.000863793103448276,0.000256896551724138,0,1,0,0,0,0,0,0,1,1,1,1,1,1,1,1,1,1,1,1,1,1,1,1,1,1,1,1,1,1,1,1,1,1,1,1,1,1,1,1,1,1,1,1,1,1,1,1,1,1,1,1,1,1,1,1,1,1,1,1,1,1,1,1,1,1,1,1,1,1,1,1,1,1,1,1,1,1,1,1,0
2026-05-10 17:00:00,59.5359525932203,0,0,0,0,0,0,0.0294457627118644,2.05128644067797,9.65648474576271,13.0458728813559,8.90832372881356,6.06283050847458,4.83158813559322,4.2409,3.96172711864407,2.10959322033898,0.755630508474576,0.413461016949153,0.254896610169491,0.217301694915254,0.204272881355932,0.232252542372881,0.244230508474576,0.213479661016949,0.173150847457627,0.137516949152542,0.14694406779661,0.135901694915254,0.119889830508475,0.131903389830508,0.102023728813559,0.0872779661016949,0.0827118644067797,0.0675203389830508,0.0621830508474576,0.0603881355932203,0.0538457627118644,0.0483762711864407,0.0444118644067797,0.0295898305084746,0.025306779661017,0.0281508474576271,0.0116508474576271,0.017564406779661,0.0134186440677966,0.0119525423728814,0.0105796610169492,0.00987796610169491,0.00791864406779661,0.00887457627118644,0.00728474576271186,0.0063728813559322,0.00339322033898305,0.00344745762711864,0.00291186440677966,0.00230169491525424,0.00207118644067797,0.00201186440677966,0.00165254237288136,0.00112372881355932,0.00236271186440678,0.00110508474576271,0.000825423728813559,0.00129152542372881,0.0000389830508474576,0.000288135593220339,0.000567796610169492,0.000425423728813559,0.000227118644067797,0.00061864406779661,0,0.00046271186440678,0.000128813559322034,0.000138983050847458,0.000149152542372881,0.000159322033898305,0.000169491525423729,0.0000508474576271186,0,1,0,0,0,0,0,0,1,1,1,1,1,1,1,1,1,1,1,1,1,1,1,1,1,1,1,1,1,1,1,1,1,1,1,1,1,1,1,1,1,1,1,1,1,1,1,1,1,1,1,1,1,1,1,1,1,1,1,1,1,1,1,1,1,1,1,1,1,1,1,1,1,1,1,1,1,1,1,1,0
2026-05-10 18:00:00,59.4708187037037,0,0,0,0,0,0,0.0249055555555556,2.13054444444444,10.1847222222222,13.2207592592593,9.11121296296296,6.12798148148148,4.9647962962963,4.27984074074074,3.96544814814815,2.14261666666667,0.748227777777778,0.415687037037037,0.254807407407407,0.225740740740741,0.194162962962963,0.22887962962963,0.235640740740741,0.188811111111111,0.170685185185185,0.137427777777778,0.129216666666667,0.138262962962963,0.121983333333333,0.1318,0.111572222222222,0.0979055555555556,0.0879740740740741,0.077762962962963,0.0478907407407407,0.0520611111111111,0.0495796296296296,0.0416444444444444,0.0434277777777778,0.0302814814814815,0.0243222222222222,0.022612962962963,0.0167259259259259,0.0167351851851852,0.0098037037037037,0.0118148148148148,0.00897592592592593,0.00801296296296296,0.00930740740740741,0.00495740740740741,0.00791296296296296,0.00506111111111111,0.00375925925925926,0.00245555555555556,0.00333703703703704,0.00164259259259259,0.00229444444444444,0.00178333333333333,0.00118148148148148,0.00226481481481481,0.000948148148148148,0.00141666666666667,0,0.00141111111111111,0.000853703703703704,0.000551851851851852,0,0,0.000925925925925926,0,0,0.0000240740740740741,0.0000703703703703704,0.0000759259259259259,0.0000814814814814815,0.000087037037037037,0.0000925925925925926,0.0000277777777777778,0,1,0,0,0,0,0,0,1,1,1,1,1,1,1,1,1,1,1,1,1,1,1,1,1,1,1,1,1,1,1,1,1,1,1,1,1,1,1,1,1,1,1,1,1,1,1,1,1,1,1,1,1,1,1,1,1,1,1,1,1,1,1,1,1,1,1,1,1,1,1,1,1,1,1,1,1,1,1,1,0
2026-05-10 19:00:00,63.9643523898305,0,0,0,0,0,0,0.0258186440677966,2.15051016949153,10.2945915254237,13.8275881355932,9.51220508474576,6.64958644067797,5.27058644067797,4.57972881355932,4.29484745762712,2.49965762711864,0.97205593220339,0.496605084745763,0.296967796610169,0.248876271186441,0.238393220338983,0.251598305084746,0.268703389830508,0.198605084745763,0.174230508474576,0.140789830508475,0.136267796610169,0.152876271186441,0.123977966101695,0.130350847457627,0.106679661016949,0.10781186440678,0.0749847457627119,0.0692966101694915,0.0681406779661017,0.0485864406779661,0.0503779661016949,0.0567389830508475,0.0367322033898305,0.0284610169491525,0.0292983050847458,0.0284186440677966,0.0185932203389831,0.017564406779661,0.0132847457627119,0.0103237288135593,0.00926101694915254,0.00715084745762712,0.00861694915254237,0.00749152542372881,0.00741016949152542,0.00382372881355932,0.00334576271186441,0.00336779661016949,0.00200508474576271,0.00325254237288136,0.0021,0.00131186440677966,0.000871186440677966,0.000867796610169492,0.000867796610169492,0.000761016949152542,0.00214745762711864,0.000547457627118644,0.000857627118644068,0.000857627118644068,0,0,0.000423728813559322,0.000422033898305085,0,0.000154237288135593,0.000450847457627119,0.000486440677966102,0.000522033898305085,0.000557627118644068,0.000593220338983051,0.000177966101694915,0,1,0,0,0,0,0,0,1,1,1,1,1,1,1,1,1,1,1,1,1,1,1,1,1,1,1,1,1,1,1,1,1,1,1,1,1,1,1,1,1,1,1,1,1,1,1,1,1,1,1,1,1,1,1,1,1,1,1,1,1,1,1,1,1,1,1,1,1,1,1,1,1,1,1,1,1,1,1,1,0
2026-05-10 20:00:00,89.7347935689655,0,0,0,0,0,0,0.0321637931034483,2.82774482758621,13.8531482758621,19.4394017241379,13.812275862069,9.46034482758621,7.54623275862069,6.41421896551724,5.86474137931034,3.53882586206897,1.57276034482759,0.820544827586207,0.468801724137931,0.383636206896552,0.313572413793103,0.354025862068966,0.33946724137931,0.267918965517241,0.196970689655172,0.169106896551724,0.157358620689655,0.153260344827586,0.141308620689655,0.137577586206897,0.107701724137931,0.0959896551724138,0.0834189655172414,0.0727413793103448,0.0736931034482759,0.051701724137931,0.0562568965517241,0.0446620689655172,0.0405551724137931,0.032698275862069,0.0321568965517241,0.0232913793103448,0.0211120689655172,0.0182206896551724,0.0155931034482759,0.0141413793103448,0.00874310344827586,0.00963448275862069,0.0102465517241379,0.00543448275862069,0.00482758620689655,0.00341724137931034,0.00263103448275862,0.00228620689655172,0.00271551724137931,0.00328275862068966,0.00299827586206897,0.000386206896551724,0.000681034482758621,0.000260344827586207,0,0.000439655172413793,0,0.000875862068965517,0.000436206896551724,0.000872413793103448,0,0,0.000231034482758621,0.0002,0,0.0000672413793103448,0.000196551724137931,0.000212068965517241,0.000227586206896552,0.000243103448275862,0.000258620689655172,0.0000775862068965517,0,1,0,0,0,0,0,0,1,1,1,1,1,1,1,1,1,1,1,1,1,1,1,1,1,1,1,1,1,1,1,1,1,1,1,1,1,1,1,1,1,1,1,1,1,1,1,1,1,1,1,1,1,1,1,1,1,1,1,1,1,1,1,1,1,1,1,1,1,1,1,1,1,1,1,1,1,1,1,1,0
2026-05-10 21:00:00,107.40970559322,0,0,0,0,0,0,0.0410508474576271,3.32660169491525,16.2619,23.0664525423729,16.5909186440678,11.6059457627119,9.22476949152542,7.8288406779661,6.88227627118644,4.40921694915254,2.01657796610169,1.04909322033898,0.607976271186441,0.468079661016949,0.433974576271186,0.41214406779661,0.410496610169492,0.313623728813559,0.255952542372881,0.197386440677966,0.169605084745763,0.18033220338983,0.158803389830508,0.148093220338983,0.112203389830508,0.105330508474576,0.0992305084745763,0.0883610169491525,0.0643372881355932,0.0548694915254237,0.044628813559322,0.0441762711864407,0.033164406779661,0.0307830508474576,0.0287423728813559,0.0239491525423729,0.0214779661016949,0.0165593220338983,0.0156525423728814,0.0111305084745763,0.00853559322033898,0.0100033898305085,0.00817966101694915,0.00615762711864407,0.00600169491525424,0.00384745762711864,0.0051271186440678,0.00319661016949153,0.00223050847457627,0.00185932203389831,0.00212881355932203,0.00168983050847458,0.00128305084745763,0.00311694915254237,0.00106101694915254,0.00143389830508475,0.000967796610169491,0.000430508474576271,0,0.000288135593220339,0.000140677966101695,0,0.000847457627118644,0,0,0,0,0,0,0,0,0,0,1,0,0,0,0,0,0,1,1,1,1,1,1,1,1,1,1,1,1,1,1,1,1,1,1,1,1,1,1,1,1,1,1,1,1,1,1,1,1,1,1,1,1,1,1,1,1,1,1,1,1,1,1,1,1,1,1,1,1,1,1,1,1,1,1,1,1,1,1,1,1,1,1,1,1,1,1,1,1,0
2026-05-10 22:00:00,117.073382648148,0,0,0,0,0,0,0.0487833333333333,3.64964814814815,17.6744722222222,24.8202055555556,18.0631592592593,12.8179018518519,10.2395203703704,8.71480185185185,7.66195555555556,5.07595740740741,2.53343888888889,1.29720740740741,0.808624074074074,0.562916666666667,0.481440740740741,0.481868518518519,0.447168518518519,0.35877037037037,0.271375925925926,0.209746296296296,0.193068518518519,0.184688888888889,0.161861111111111,0.158166666666667,0.122044444444444,0.109575925925926,0.0935148148148148,0.0953611111111111,0.0721666666666667,0.0675722222222222,0.0553685185185185,0.0465962962962963,0.0380018518518518,0.0292148148148148,0.0205407407407407,0.0237703703703704,0.0231981481481481,0.0123814814814815,0.0158574074074074,0.00958148148148148,0.00987777777777778,0.00533518518518518,0.0067962962962963,0.00407962962962963,0.00327962962962963,0.00283703703703704,0.00408333333333333,0.00319814814814815,0.00171296296296296,0.00256666666666667,0.00137037037037037,0.000477777777777778,0.00067037037037037,0.000755555555555556,0.00237037037037037,0,0.00137407407407407,0.000512962962962963,0,0,0.000466666666666667,0,0.000462962962962963,0.000461111111111111,0.000459259259259259,0,0,0,0,0,0,0,0,1,0,0,0,0,0,0,1,1,1,1,1,1,1,1,1,1,1,1,1,1,1,1,1,1,1,1,1,1,1,1,1,1,1,1,1,1,1,1,1,1,1,1,1,1,1,1,1,1,1,1,1,1,1,1,1,1,1,1,1,1,1,1,1,1,1,1,1,1,1,1,1,1,1,1,1,1,1,1,0
2026-05-10 23:00:00,65.4326980344828,0,0,0,0,0,0,0.0211758620689655,1.73925862068966,8.60388448275862,12.7478534482759,9.82193103448276,7.55379827586207,6.32985689655172,5.69483448275862,5.1300224137931,2.82215,1.34748620689655,0.715381034482759,0.423093103448276,0.308660344827586,0.29795,0.26733275862069,0.287705172413793,0.234063793103448,0.176775862068966,0.147913793103448,0.123979310344828,0.138751724137931,0.107753448275862,0.114862068965517,0.0949137931034483,0.0908310344827586,0.0707706896551724,0.0661034482758621,0.0607137931034483,0.0548672413793103,0.040501724137931,0.0353172413793103,0.0346206896551724,0.0155275862068966,0.0188120689655172,0.0164862068965517,0.00872241379310345,0.0116241379310345,0.0101172413793103,0.00912758620689655,0.0106241379310345,0.00541896551724138,0.00357931034482759,0.00372413793103448,0.00452758620689655,0.00528103448275862,0.00354827586206897,0.00203103448275862,0.00245172413793103,0.000556896551724138,0.00163103448275862,0.00225172413793103,0.000943103448275862,0,0,0.000879310344827586,0.000439655172413793,0,0.000437931034482759,0.000729310344827586,0.000143103448275862,0,0,0,0,0,0,0,0,0,0,0,0,1,0,0,0,0,0,0,1,1,1,1,1,1,1,1,1,1,1,1,1,1,1,1,1,1,1,1,1,1,1,1,1,1,1,1,1,1,1,1,1,1,1,1,1,1,1,1,1,1,1,1,1,1,1,1,1,1,1,1,1,1,1,1,1,1,1,1,1,1,1,1,1,1,1,1,1,1,1,1,0
2026-05-11,77.2933557333333,0,0,0,0,0,0,0.0221566666666667,2.02746333333333,10.0602483333333,14.8092666666667,11.7565233333333,9.05080666666667,7.74858833333333,6.75178333333333,6.29149333333333,3.08360666666667,1.32844166666667,0.696956666666667,0.436186666666667,0.346243333333333,0.320235,0.314506666666667,0.354821666666667,0.257678333333333,0.2235,0.178126666666667,0.162198333333333,0.157431666666667,0.12886,0.139063333333333,0.115971666666667,0.102193333333333,0.0910066666666667,0.0811233333333333,0.059405,0.06422,0.04632,0.0438866666666667,0.032155,0.0269116666666667,0.0194716666666667,0.0133966666666667,0.01069,0.0142516666666667,0.009305,0.00556833333333333,0.00492,0.006325,0.00442666666666667,0.00235666666666667,0.00557166666666667,0.000843333333333333,0.00281166666666667,0.000985,0.00224666666666667,0.000486666666666667,0.002265,0.00106166666666667,0.000483333333333333,0,0.000853333333333333,0.000323333333333333,0.000913333333333333,0.0000383333333333333,0.000768333333333333,0.000918333333333333,0,0,0.000416666666666667,0,0,0,0,0,0,0,0,0,0,1,0,0,0,0,0,0,1,1,1,1,1,1,1,1,1,1,1,1,1,1,1,1,1,1,1,1,1,1,1,1,1,1,1,1,1,1,1,1,1,1,1,1,1,1,1,1,1,1,1,1,1,1,1,1,1,1,1,1,1,1,1,1,1,1,1,1,1,1,1,1,1,1,1,1,1,1,1,1,0
2026-05-11 01:00:00,51.4885472333333,0,0,0,0,0,0,0.0182716666666667,1.46665166666667,7.022985,10.1576666666667,7.85753666666667,5.87419166666667,4.84691833333333,4.16148,4.04800833333333,2.28786333333333,0.871036666666667,0.472753333333333,0.299373333333333,0.235563333333333,0.226285,0.241243333333333,0.254263333333333,0.215548333333333,0.183566666666667,0.135111666666667,0.125968333333333,0.129771666666667,0.112631666666667,0.108453333333333,0.0966333333333333,0.0936183333333333,0.0804833333333333,0.0753116666666667,0.0647983333333333,0.0579433333333333,0.04418,0.0378666666666667,0.0274033333333333,0.0207166666666667,0.0142333333333333,0.0142283333333333,0.0134083333333333,0.011735,0.00980166666666667,0.00710166666666667,0.00875333333333333,0.00599833333333333,0.00501333333333333,0.00316666666666667,0.002665,0.00417,0.00218333333333333,0.00300333333333333,0.000898333333333333,0.00180166666666667,0.000831666666666667,0.000373333333333333,0.000055,0.000428333333333333,0.00019,0.000985,0.000913333333333333,0.00130833333333333,0,0,0,0.000398333333333333,0.000435,0,0.000413333333333333,0.000455,0.000126666666666667,0.000136666666666667,0.000146666666666667,0.000156666666666667,0.000166666666666667,0.00005,0,1,0,0,0,0,0,0,1,1,1,1,1,1,1,1,1,1,1,1,1,1,1,1,1,1,1,1,1,1,1,1,1,1,1,1,1,1,1,1,1,1,1,1,1,1,1,1,1,1,1,1,1,1,1,1,1,1,1,1,1,1,1,1,1,1,1,1,1,1,1,1,1,1,1,1,1,1,1,1,0
2026-05-11 02:00:00,33.4576814666667,0,0,0,0,0,0,0.0184433333333333,0.967883333333333,4.747775,6.48787666666667,4.85026666666667,3.62412166666667,2.94121166666667,2.513975,2.44596333333333,1.45282666666667,0.57081,0.315478333333333,0.21307,0.186901666666667,0.201135,0.206465,0.22706,0.187305,0.182191666666667,0.128786666666667,0.119855,0.131206666666667,0.12091,0.113121666666667,0.107536666666667,0.0894666666666667,0.0963233333333333,0.075605,0.0712066666666667,0.0553666666666667,0.0459933333333333,0.04005,0.0293216666666667,0.0324466666666667,0.0249616666666667,0.01623,0.0112,0.0110516666666667,0.0118116666666667,0.00508666666666667,0.0114966666666667,0.00915166666666667,0.00736333333333333,0.007625,0.005595,0.00378333333333333,0.00369833333333333,0.00228,0.001815,0.00086,0.00129,0.00160333333333333,0.001395,0.000855,0.000616666666666667,0.000236666666666667,0,0,0.000423333333333333,0.000421666666666667,0,0,0.000416666666666667,0,0,0.000065,0.00019,0.000205,0.00022,0.000235,0.00025,0.000075,0,1,0,0,0,0,0,0,1,1,1,1,1,1,1,1,1,1,1,1,1,1,1,1,1,1,1,1,1,1,1,1,1,1,1,1,1,1,1,1,1,1,1,1,1,1,1,1,1,1,1,1,1,1,1,1,1,1,1,1,1,1,1,1,1,1,1,1,1,1,1,1,1,1,1,1,1,1,1,1,0
2026-05-11 03:00:00,29.57134415,0,0,0,0,0,0,0.011865,0.871798333333333,4.10468666666667,5.66097333333333,4.14125333333333,3.060505,2.39286333333333,2.08809333333333,2.00603,1.19532666666667,0.468713333333333,0.269405,0.196158333333333,0.1729,0.163058333333333,0.203951666666667,0.20473,0.202735,0.17289,0.139533333333333,0.128548333333333,0.135011666666667,0.116471666666667,0.123861666666667,0.0968,0.10187,0.08788,0.0776866666666667,0.0737683333333333,0.0626166666666667,0.057835,0.0484933333333333,0.0387166666666667,0.02239,0.0216883333333333,0.0250866666666667,0.0207133333333333,0.011945,0.012535,0.0121883333333333,0.010115,0.0110016666666667,0.0107,0.00596,0.00429833333333333,0.00667666666666667,0.00480666666666667,0.00256,0.00348833333333333,0.00306166666666667,0.000773333333333333,0.00292166666666667,0.00265833333333333,0.00135666666666667,0.000853333333333333,0.000323333333333333,0.000526666666666667,0,0,0,0,0,0,0,0.000413333333333333,0.000173333333333333,0.000506666666666667,0.000545,0.000585,0.000626666666666667,0.000668333333333333,0.000198333333333333,0,1,0,0,0,0,0,0,1,1,1,1,1,1,1,1,1,1,1,1,1,1,1,1,1,1,1,1,1,1,1,1,1,1,1,1,1,1,1,1,1,1,1,1,1,1,1,1,1,1,1,1,1,1,1,1,1,1,1,1,1,1,1,1,1,1,1,1,1,1,1,1,1,1,1,1,1,1,1,1,0
2026-05-11 04:00:00,36.4297533166667,0,0,0,0,0,0,0.0127416666666667,1.075225,5.34422833333333,7.44033166666667,5.58455,3.93421833333333,3.07802666666667,2.56184,2.33775166666667,1.34835333333333,0.52746,0.336625,0.218106666666667,0.176598333333333,0.187473333333333,0.192558333333333,0.236278333333333,0.18777,0.170243333333333,0.153488333333333,0.13611,0.134075,0.127015,0.113275,0.111751666666667,0.104526666666667,0.0922583333333333,0.0774633333333333,0.0724966666666667,0.0544566666666667,0.0460766666666667,0.0407316666666667,0.0330316666666667,0.0231366666666667,0.0194983333333333,0.0146933333333333,0.018685,0.0141616666666667,0.0123983333333333,0.01034,0.0124383333333333,0.00527166666666667,0.0101933333333333,0.006435,0.005035,0.00380666666666667,0.00472833333333333,0.00162,0.00190333333333333,0.00134666666666667,0.001835,0.00106166666666667,0.00134,0.000856666666666667,0.00128,0.000323333333333333,0.000101666666666667,0.000423333333333333,0,0.000421666666666667,0.000288333333333333,0.000131666666666667,0,0,0,0.0000433333333333333,0.000126666666666667,0.000136666666666667,0.000146666666666667,0.000156666666666667,0.000166666666666667,0.00005,0,1,0,0,0,0,0,0,1,1,1,1,1,1,1,1,1,1,1,1,1,1,1,1,1,1,1,1,1,1,1,1,1,1,1,1,1,1,1,1,1,1,1,1,1,1,1,1,1,1,1,1,1,1,1,1,1,1,1,1,1,1,1,1,1,1,1,1,1,1,1,1,1,1,1,1,1,1,1,1,0
2026-05-11 05:00:00,37.9399708833333,0,0,0,0,0,0,0.0133433333333333,1.14665,5.648295,7.97323166666667,6.07343666666667,4.26063666666667,3.28594833333333,2.56461,2.214405,1.26316,0.527551666666667,0.305755,0.193868333333333,0.195626666666667,0.169193333333333,0.181055,0.192193333333333,0.179556666666667,0.149093333333333,0.122635,0.107821666666667,0.119825,0.113206666666667,0.113615,0.0866283333333333,0.0804166666666667,0.0812916666666667,0.0701,0.05973,0.05129,0.0434933333333333,0.0358916666666667,0.0285083333333333,0.0187316666666667,0.0218083333333333,0.0151083333333333,0.012525,0.00753166666666667,0.0115166666666667,0.0105583333333333,0.0116633333333333,0.00599833333333333,0.00626,0.00303666666666667,0.00542666666666667,0.00250666666666667,0.00285833333333333,0.00210333333333333,0.003935,0.00235666666666667,0.00103166666666667,0.001435,0.000966666666666667,0.000853333333333333,0.000426666666666667,0,0,0.00123166666666667,0.000881666666666667,0,0,0,0,0,0,0.000065,0.00019,0.000205,0.00022,0.000235,0.00025,0.000075,0,1,0,0,0,0,0,0,1,1,1,1,1,1,1,1,1,1,1,1,1,1,1,1,1,1,1,1,1,1,1,1,1,1,1,1,1,1,1,1,1,1,1,1,1,1,1,1,1,1,1,1,1,1,1,1,1,1,1,1,1,1,1,1,1,1,1,1,1,1,1,1,1,1,1,1,1,1,1,1,0
2026-05-11 06:00:00,47.42993195,0,0,0,0,0,0,0.0213583333333333,1.38369166666667,7.03932166666667,10.1101016666667,7.87458166666667,5.66529,4.3205,3.34345166666667,2.75440833333333,1.40158166666667,0.672008333333333,0.379361666666667,0.23296,0.1832,0.189793333333333,0.18509,0.194723333333333,0.172155,0.149256666666667,0.115411666666667,0.117858333333333,0.110568333333333,0.0981733333333333,0.103293333333333,0.085565,0.08271,0.0680816666666667,0.05904,0.052215,0.0417416666666667,0.03932,0.0303233333333333,0.0265983333333333,0.0194933333333333,0.0181916666666667,0.0101333333333333,0.0133666666666667,0.00657166666666667,0.009705,0.00862833333333333,0.00852833333333333,0.00413333333333333,0.00473333333333333,0.004215,0.0051,0.00792666666666667,0.00263666666666667,0.002985,0.00309166666666667,0.00145,0.00166333333333333,0.00166333333333333,0.00169,0.001785,0.00256,0.00085,0.000811666666666667,0.000846666666666667,0.000806666666666667,0.000075,0,0,0.000223333333333333,0.000193333333333333,0,0.00013,0.00038,0.00041,0.00044,0.00047,0.0005,0.00015,0,1,0,0,0,0,0,0,1,1,1,1,1,1,1,1,1,1,1,1,1,1,1,1,1,1,1,1,1,1,1,1,1,1,1,1,1,1,1,1,1,1,1,1,1,1,1,1,1,1,1,1,1,1,1,1,1,1,1,1,1,1,1,1,1,1,1,1,1,1,1,1,1,1,1,1,1,1,1,1,0
2026-05-11 07:00:00,41.8136657333333,0,0,0,0,0,0,0.0192466666666667,1.36690333333333,6.61354833333333,9.44917,7.18041166666667,4.98287166666667,3.691165,2.70234166666667,1.94685666666667,0.859393333333333,0.462135,0.264486666666667,0.189908333333333,0.159721666666667,0.157148333333333,0.161608333333333,0.172903333333333,0.136288333333333,0.14382,0.108426666666667,0.100103333333333,0.105018333333333,0.0946683333333333,0.09401,0.0792516666666667,0.0736,0.0668066666666667,0.05508,0.057025,0.0462533333333333,0.0357816666666667,0.02726,0.024585,0.0199933333333333,0.019065,0.0152966666666667,0.01182,0.00825166666666667,0.00959,0.00752166666666667,0.00882666666666667,0.00413166666666667,0.00644166666666667,0.00519166666666667,0.00412833333333333,0.00457833333333333,0.00138833333333333,0.00172666666666667,0.00248166666666667,0.000563333333333333,0.00194833333333333,0.00301166666666667,0.00102333333333333,0.000426666666666667,0.00128,0.000748333333333333,0.000913333333333333,0.000846666666666667,0.00123,0.000918333333333333,0.000288333333333333,0.00055,0.000416666666666667,0,0.000573333333333333,0.00168333333333333,0.00057,0.000615,0.00066,0.000705,0.00075,0.000225,0,1,0,0,0,0,0,0,1,1,1,1,1,1,1,1,1,1,1,1,1,1,1,1,1,1,1,1,1,1,1,1,1,1,1,1,1,1,1,1,1,1,1,1,1,1,1,1,1,1,1,1,1,1,1,1,1,1,1,1,1,1,1,1,1,1,1,1,1,1,1,1,1,1,1,1,1,1,1,1,0
2026-05-11 08:00:00,31.7707429833333,0,0,0,0,0,0,0.0137266666666667,0.93771,4.57757166666667,6.76711166666667,5.22467666666667,3.72319333333333,2.88682333333333,2.317095,1.837915,0.817378333333333,0.411908333333333,0.247928333333333,0.165598333333333,0.154996666666667,0.147776666666667,0.181756666666667,0.172711666666667,0.143448333333333,0.137796666666667,0.113176666666667,0.11233,0.105921666666667,0.0956033333333333,0.0930783333333333,0.0820316666666667,0.07746,0.06061,0.0499683333333333,0.0492983333333333,0.03635,0.030285,0.022445,0.02404,0.0207166666666667,0.0135933333333333,0.00970333333333333,0.0142116666666667,0.0113316666666667,0.00944666666666667,0.004955,0.00556666666666667,0.00482166666666667,0.00662333333333333,0.00368333333333333,0.00253833333333333,0.00166333333333333,0.00322,0.00114333333333333,0.00172666666666667,0.00260833333333333,0.00186333333333333,0.001435,0.000538333333333333,0.00213666666666667,0.000426666666666667,0,0,0,0.000693333333333333,0.00015,0.00042,0.000836666666666667,0,0,0,0.0000216666666666667,0.0000633333333333333,0.0000683333333333333,0.0000733333333333333,0.0000783333333333333,0.0000833333333333333,0.000025,0,1,0,0,0,0,0,0,1,1,1,1,1,1,1,1,1,1,1,1,1,1,1,1,1,1,1,1,1,1,1,1,1,1,1,1,1,1,1,1,1,1,1,1,1,1,1,1,1,1,1,1,1,1,1,1,1,1,1,1,1,1,1,1,1,1,1,1,1,1,1,1,1,1,1,1,1,1,1,1,0
2026-05-11 09:00:00,58.12445675,0,0,0,0,0,0,0.01198,1.08719833333333,5.97484333333333,10.2523416666667,9.269955,7.93929666666667,7.06259666666667,6.31179833333333,5.55818,1.87232166666667,0.523933333333333,0.297646666666667,0.191086666666667,0.147875,0.137791666666667,0.14432,0.145933333333333,0.133448333333333,0.108345,0.099895,0.0761016666666667,0.081305,0.0645933333333333,0.0611633333333333,0.05964,0.0561733333333333,0.0416883333333333,0.0397633333333333,0.0282466666666667,0.021365,0.0233833333333333,0.02127,0.0138533333333333,0.0106,0.00952333333333333,0.00844833333333333,0.004095,0.00248833333333333,0.00516666666666667,0.00419333333333333,0.00454833333333333,0.005835,0.00236666666666667,0.00226166666666667,0.00128,0.00209666666666667,0.002065,0.000571666666666667,0.00329166666666667,0.000641666666666667,0.001405,0.000688333333333333,0.000428333333333333,0.000428333333333333,0.000426666666666667,0,0,0.000385,0.00046,0,0.00042,0,0,0,0,0,0,0,0,0,0,0,0,1,0,0,0,0,0,0,1,1,1,1,1,1,1,1,1,1,1,1,1,1,1,1,1,1,1,1,1,1,1,1,1,1,1,1,1,1,1,1,1,1,1,1,1,1,1,1,1,1,1,1,1,1,1,1,1,1,1,1,1,1,1,1,1,1,1,1,1,1,1,1,1,1,1,1,1,1,1,1,0
2026-05-11 10:00:00,66.73845795,0,0,0,0,0,0,0.0135783333333333,1.32800666666667,6.62235666666667,10.8131383333333,9.72839666666667,8.72754,8.43724333333333,8.05175666666667,7.65733833333333,2.55216166666667,0.642568333333333,0.337771666666667,0.214361666666667,0.153076666666667,0.160383333333333,0.166618333333333,0.173291666666667,0.142825,0.110185,0.0866416666666667,0.0922266666666667,0.07957,0.0766233333333333,0.0672733333333333,0.04773,0.05027,0.0427633333333333,0.0343766666666667,0.0280616666666667,0.02495,0.0199016666666667,0.00921,0.01318,0.01043,0.00678833333333333,0.00389333333333333,0.005505,0.00233666666666667,0.00383833333333333,0.00221333333333333,0.00281833333333333,0.00190333333333333,0.00142666666666667,0.00138333333333333,0.00123833333333333,0.00082,0.00124833333333333,0.00170833333333333,0.000898333333333333,0.00094,0.00212166666666667,0,0,0.000426666666666667,0.00019,0.000236666666666667,0,0,0.000768333333333333,0.000075,0.000865,0.000395,0,0,0.000573333333333333,0.000253333333333333,0,0,0,0,0,0,0,1,0,0,0,0,0,0,1,1,1,1,1,1,1,1,1,1,1,1,1,1,1,1,1,1,1,1,1,1,1,1,1,1,1,1,1,1,1,1,1,1,1,1,1,1,1,1,1,1,1,1,1,1,1,1,1,1,1,1,1,1,1,1,1,1,1,1,1,1,1,1,1,1,1,1,1,1,1,1,0
2026-05-11 11:00:00,54.9246012166667,0,0,0,0,0,0,0.0160633333333333,1.34166666666667,6.56720333333333,9.89954833333333,8.47646333333333,7.15985333333333,6.55725,6.01374,5.21527166666667,1.57577833333333,0.464226666666667,0.23365,0.159046666666667,0.111533333333333,0.130168333333333,0.140583333333333,0.137658333333333,0.10003,0.089425,0.069195,0.05592,0.060435,0.0533916666666667,0.05281,0.041445,0.0428466666666667,0.0387683333333333,0.0295266666666667,0.0260333333333333,0.0299833333333333,0.021555,0.013885,0.014105,0.00769333333333333,0.00745,0.00715833333333333,0.004635,0.004075,0.00226166666666667,0.00358,0.00346833333333333,0.002465,0.00344,0.00306,0.000888333333333333,0.00127666666666667,0.00144666666666667,0.00183,0.000986666666666667,0.000481666666666667,0.00043,0,0.000175,0.000251666666666667,0,0,0.000425,0,0.000421666666666667,0,0,0,0,0,0.000573333333333333,0.000275,0.0000633333333333333,0.0000683333333333333,0.0000733333333333333,0.0000783333333333333,0.0000833333333333333,0.000025,0,1,0,0,0,0,0,0,1,1,1,1,1,1,1,1,1,1,1,1,1,1,1,1,1,1,1,1,1,1,1,1,1,1,1,1,1,1,1,1,1,1,1,1,1,1,1,1,1,1,1,1,1,1,1,1,1,1,1,1,1,1,1,1,1,1,1,1,1,1,1,1,1,1,1,1,1,1,1,1,0
2026-05-11 12:00:00,65.9469635686275,0,0,0,0,0,0,0.0252,1.97253921568627,9.25854117647059,13.2190588235294,10.7424,8.26483137254902,7.09455882352941,6.22978823529412,4.74944509803922,1.24361960784314,0.505227450980392,0.281933333333333,0.182496078431373,0.157227450980392,0.145562745098039,0.168460784313725,0.168041176470588,0.122280392156863,0.123590196078431,0.097821568627451,0.0937803921568627,0.0940039215686275,0.0730058823529412,0.089256862745098,0.0632490196078431,0.0595411764705882,0.0521176470588235,0.0397980392156863,0.0460039215686275,0.0322509803921569,0.0313039215686274,0.0209176470588235,0.0129450980392157,0.0109333333333333,0.0109490196078431,0.00608627450980392,0.00683725490196078,0.0039921568627451,0.00620588235294118,0.00351764705882353,0.0068156862745098,0.00479803921568627,0.00560392156862745,0.00275490196078431,0.00359607843137255,0.00337647058823529,0.00197647058823529,0.0026,0.00105686274509804,0.0020843137254902,0.000505882352941176,0,0.000915686274509804,0.00159803921568627,0,0.001,0.001,0,0,0,0.00033921568627451,0.000154901960784314,0,0,0,0.00017843137254902,0.00052156862745098,0.00056078431372549,0.000601960784313726,0.000645098039215686,0.000688235294117647,0.000203921568627451,0,1,0,0,0,0,0,0,1,1,1,1,1,1,1,1,1,1,1,1,1,1,1,1,1,1,1,1,1,1,1,1,1,1,1,1,1,1,1,1,1,1,1,1,1,1,1,1,1,1,1,1,1,1,1,1,1,1,1,1,1,1,1,1,1,1,1,1,1,1,1,1,1,1,1,1,1,1,1,1,0
2026-05-11 13:00:00,74.0997535344828,0,0,0,0,0,0,0.0306155172413793,2.25058448275862,10.6524931034483,15.3736775862069,12.303724137931,9.76401379310345,8.17039482758621,6.8620724137931,4.55716034482759,1.06961034482759,0.528710344827586,0.269451724137931,0.175387931034483,0.166331034482759,0.157553448275862,0.195784482758621,0.174427586206897,0.143744827586207,0.124684482758621,0.0940879310344828,0.107318965517241,0.0979379310344828,0.0974034482758621,0.0843241379310345,0.0714534482758621,0.074698275862069,0.0682224137931035,0.054551724137931,0.0455327586206897,0.0418603448275862,0.0319086206896552,0.0263724137931034,0.0204724137931034,0.0178620689655172,0.012801724137931,0.0154586206896552,0.00730344827586207,0.0104293103448276,0.00832068965517241,0.00422586206896552,0.00621034482758621,0.00318620689655172,0.00466551724137931,0.0051,0.00137068965517241,0.00299310344827586,0.0042,0.00198448275862069,0.00221379310344828,0.00144137931034483,0.000355172413793103,0.00142413793103448,0.00151034482758621,0.000701724137931034,0,0,0.000439655172413793,0.000437931034482759,0.000875862068965517,0,0.00043448275862069,0.000844827586206897,0.00045,0.000429310344827586,0,0.00013448275862069,0.000393103448275862,0.000424137931034483,0.000455172413793103,0.000486206896551724,0.000517241379310345,0.000155172413793103,0,1,0,0,0,0,0,0,1,1,1,1,1,1,1,1,1,1,1,1,1,1,1,1,1,1,1,1,1,1,1,1,1,1,1,1,1,1,1,1,1,1,1,1,1,1,1,1,1,1,1,1,1,1,1,1,1,1,1,1,1,1,1,1,1,1,1,1,1,1,1,1,1,1,1,1,1,1,1,1,0
2026-05-11 14:00:00,79.8542089642857,0,0,0,0,0,0,0.0334660714285714,2.36606071428571,11.46945,16.2321375,13.3716607142857,10.6016321428571,9.00650357142857,7.45487678571429,5.48031785714286,1.43310535714286,0.596632142857143,0.319878571428571,0.192542857142857,0.167058928571429,0.1636875,0.194883928571429,0.198094642857143,0.151783928571429,0.136651785714286,0.113892857142857,0.114041071428571,0.113482142857143,0.0815017857142857,0.0977517857142857,0.0740892857142857,0.0748464285714286,0.0587821428571429,0.0529910714285714,0.0467660714285714,0.0378446428571429,0.0300964285714286,0.0286589285714286,0.0187160714285714,0.0153821428571429,0.0138589285714286,0.0181303571428571,0.0105625,0.0080375,0.0054375,0.00644107142857143,0.00254107142857143,0.00600178571428571,0.004775,0.00245178571428571,0.0027875,0.00268571428571429,0.001825,0.00266071428571429,0.00157678571428571,0.000951785714285714,0.00135178571428571,0,0,0.000916071428571429,0.000457142857142857,0.000346428571428571,0.000564285714285714,0.000907142857142857,0.000905357142857143,0.000451785714285714,0.0009,0.000448214285714286,0,0.000444642857142857,0,0.0000232142857142857,0.0000678571428571429,0.0000732142857142857,0.0000785714285714286,0.0000839285714285714,0.0000892857142857143,0.0000267857142857143,0,1,0,0,0,0,0,0,1,1,1,1,1,1,1,1,1,1,1,1,1,1,1,1,1,1,1,1,1,1,1,1,1,1,1,1,1,1,1,1,1,1,1,1,1,1,1,1,1,1,1,1,1,1,1,1,1,1,1,1,1,1,1,1,1,1,1,1,1,1,1,1,1,1,1,1,1,1,1,1,0
2026-05-11 15:00:00,82.18427595,0,0,0,0,0,0,0.0414,2.69956666666667,12.77828,17.7285466666667,13.8005533333333,10.3994416666667,8.32638166666667,6.61164166666667,4.77169166666667,1.39794666666667,0.555633333333333,0.285335,0.183008333333333,0.172255,0.17327,0.184813333333333,0.194405,0.164336666666667,0.14245,0.113623333333333,0.103075,0.11337,0.0851983333333333,0.10335,0.08254,0.07103,0.0621783333333333,0.05538,0.04042,0.0460566666666667,0.0374266666666667,0.0281816666666667,0.019305,0.0167533333333333,0.0131533333333333,0.00962666666666667,0.0122066666666667,0.006385,0.00645666666666667,0.01048,0.00983166666666667,0.00500333333333333,0.00606166666666667,0.00249666666666667,0.00503666666666667,0.00417,0.00245,0.00193666666666667,0.00172666666666667,0.00220666666666667,0.00286666666666667,0.00137666666666667,0.001285,0,0.000426666666666667,0.00107166666666667,0.00059,0.000461666666666667,0.000346666666666667,0.000778333333333333,0.000138333333333333,0,0.000416666666666667,0,0.000413333333333333,0.000108333333333333,0.000316666666666667,0.000341666666666667,0.000366666666666667,0.000391666666666667,0.000416666666666667,0.000125,0,1,0,0,0,0,0,0,1,1,1,1,1,1,1,1,1,1,1,1,1,1,1,1,1,1,1,1,1,1,1,1,1,1,1,1,1,1,1,1,1,1,1,1,1,1,1,1,1,1,1,1,1,1,1,1,1,1,1,1,1,1,1,1,1,1,1,1,1,1,1,1,1,1,1,1,1,1,1,1,0
2026-05-11 16:00:00,68.3707427,0,0,0,0,0,0,0.0315833333333333,2.20005,10.829665,15.8328716666667,11.6697416666667,8.46520166666667,6.459795,4.88922833333333,3.70517666666667,1.35297,0.624205,0.333735,0.211913333333333,0.169595,0.182903333333333,0.188443333333333,0.206235,0.156915,0.135693333333333,0.111815,0.103103333333333,0.0999483333333333,0.0913033333333333,0.09414,0.0756866666666667,0.0711283333333333,0.0710116666666667,0.0520216666666667,0.04419,0.0358716666666667,0.0286866666666667,0.02312,0.02487,0.0132533333333333,0.0154416666666667,0.0138116666666667,0.00811333333333333,0.00641333333333333,0.0122083333333333,0.00684166666666667,0.007085,0.00628833333333333,0.003335,0.002105,0.00454,0.00542333333333333,0.00215833333333333,0.00169,0.00352333333333333,0.00228333333333333,0.00289666666666667,0.002605,0.00219666666666667,0.000426666666666667,0.000806666666666667,0.000898333333333333,0,0.000423333333333333,0.00077,0.000496666666666667,0,0.000418333333333333,0,0,0,0.000953333333333333,0.00038,0.000408333333333333,0.000438333333333333,0.00047,0.000501666666666667,0.000148333333333333,0,1,0,0,0,0,0,0,1,1,1,1,1,1,1,1,1,1,1,1,1,1,1,1,1,1,1,1,1,1,1,1,1,1,1,1,1,1,1,1,1,1,1,1,1,1,1,1,1,1,1,1,1,1,1,1,1,1,1,1,1,1,1,1,1,1,1,1,1,1,1,1,1,1,1,1,1,1,1,1,0
2026-05-11 17:00:00,56.3949796428571,0,0,0,0,0,0,0.0371607142857143,1.944675,9.39486964285714,13.2946767857143,9.83832678571429,6.81958035714286,4.95190714285714,3.79344821428571,2.91780178571429,1.10029285714286,0.509880357142857,0.293583928571429,0.182492857142857,0.151675,0.145005357142857,0.161526785714286,0.181264285714286,0.133414285714286,0.129825,0.0952125,0.0887107142857143,0.1043875,0.0863303571428571,0.0862517857142857,0.0725571428571429,0.0710125,0.047975,0.0536767857142857,0.0339589285714286,0.0397767857142857,0.0350285714285714,0.0267428571428571,0.0230767857142857,0.0185982142857143,0.011625,0.0122982142857143,0.0103089285714286,0.0116732142857143,0.00749285714285714,0.00444464285714286,0.00634464285714286,0.00646607142857143,0.00433571428571429,0.004325,0.00274285714285714,0.00271071428571429,0.002575,0.00327321428571429,0.00244464285714286,0.00100714285714286,0.000891071428571429,0.00131964285714286,0.0000589285714285714,0,0.000457142857142857,0.00136607142857143,0,0,0,0,0.00045,0.000426785714285714,0.0000196428571428571,0,0.000442857142857143,0.000116071428571429,0.000339285714285714,0.000366071428571429,0.000392857142857143,0.000419642857142857,0.000446428571428571,0.000133928571428571,0,1,0,0,0,0,0,0,1,1,1,1,1,1,1,1,1,1,1,1,1,1,1,1,1,1,1,1,1,1,1,1,1,1,1,1,1,1,1,1,1,1,1,1,1,1,1,1,1,1,1,1,1,1,1,1,1,1,1,1,1,1,1,1,1,1,1,1,1,1,1,1,1,1,1,1,1,1,1,1,0
2026-05-11 18:00:00,54.9954766101695,0,0,0,0,0,0,0.0321677966101695,2.03432881355932,9.4519593220339,12.9983355932203,9.04977966101695,6.06647796610169,4.3021,3.4340813559322,2.83547118644068,1.39929830508475,0.687784745762712,0.353340677966102,0.220874576271186,0.190261016949153,0.166672881355932,0.180515254237288,0.182783050847458,0.165074576271186,0.130133898305085,0.109413559322034,0.0913254237288136,0.103077966101695,0.0917593220338983,0.0904576271186441,0.0723440677966102,0.0828542372881356,0.0516491525423729,0.0609610169491525,0.0467593220338983,0.0308016949152542,0.0265135593220339,0.0239084745762712,0.0189118644067797,0.0184372881355932,0.0138033898305085,0.0180881355932203,0.0150542372881356,0.010064406779661,0.0083,0.0064,0.00807796610169492,0.00549491525423729,0.00505084745762712,0.00494406779661017,0.00229322033898305,0.00630169491525424,0.00456779661016949,0.00297118644067797,0.00338474576271186,0.00114237288135593,0.000991525423728814,0.00194915254237288,0.000847457627118644,0.000513559322033898,0.00106101694915254,0.000240677966101695,0,0,0,0.000428813559322034,0.000427118644067797,0,0.000423728813559322,0.000422033898305085,0.000420338983050847,0.0000220338983050847,0.0000644067796610169,0.0000694915254237288,0.0000745762711864407,0.0000796610169491525,0.0000847457627118644,0.0000254237288135593,0,1,0,0,0,0,0,0,1,1,1,1,1,1,1,1,1,1,1,1,1,1,1,1,1,1,1,1,1,1,1,1,1,1,1,1,1,1,1,1,1,1,1,1,1,1,1,1,1,1,1,1,1,1,1,1,1,1,1,1,1,1,1,1,1,1,1,1,1,1,1,1,1,1,1,1,1,1,1,1,0
2026-05-11 19:00:00,56.9693705423729,0,0,0,0,0,0,0.0337525423728814,2.13360847457627,9.93860847457627,13.284513559322,9.16211694915254,6.14827966101695,4.39046610169492,3.40148813559322,2.87166779661017,1.53307627118644,0.805903389830508,0.400008474576271,0.250783050847458,0.193777966101695,0.187727118644068,0.191472881355932,0.223513559322034,0.156583050847458,0.134613559322034,0.094106779661017,0.100491525423729,0.112384745762712,0.0797016949152542,0.0993118644067797,0.0652813559322034,0.074706779661017,0.0529610169491525,0.0576983050847458,0.0559542372881356,0.0341830508474576,0.0322152542372881,0.0303627118644068,0.022135593220339,0.0213661016949153,0.0190186440677966,0.0109830508474576,0.0109779661016949,0.00953050847457627,0.0113661016949153,0.00808135593220339,0.00655254237288136,0.00711016949152542,0.00450338983050847,0.00566271186440678,0.00333559322033898,0.00166779661016949,0.00249152542372881,0.00135084745762712,0.00352881355932203,0.00155593220338983,0.00166271186440678,0.000759322033898305,0.000983050847457627,0.000435593220338983,0.00130169491525424,0,0,0.000430508474576271,0.000428813559322034,0,0,0.000425423728813559,0.000423728813559322,0,0.00016271186440678,0.000279661016949153,0.0000644067796610169,0.0000694915254237288,0.0000745762711864407,0.0000796610169491525,0.0000847457627118644,0.0000254237288135593,0,1,0,0,0,0,0,0,1,1,1,1,1,1,1,1,1,1,1,1,1,1,1,1,1,1,1,1,1,1,1,1,1,1,1,1,1,1,1,1,1,1,1,1,1,1,1,1,1,1,1,1,1,1,1,1,1,1,1,1,1,1,1,1,1,1,1,1,1,1,1,1,1,1,1,1,1,1,1,1,0
2026-05-11 20:00:00,107.394854719298,0,0,0,0,0,0,0.0411385964912281,2.85171052631579,14.5321385964912,21.3547421052632,16.6830456140351,12.9742298245614,10.9132298245614,9.28878596491228,7.62430175438597,3.62399298245614,1.83118070175439,0.924770175438597,0.5559,0.392456140350877,0.321856140350877,0.298556140350877,0.306440350877193,0.228612280701754,0.194733333333333,0.133771929824561,0.125059649122807,0.126882456140351,0.110642105263158,0.105350877192982,0.110529824561404,0.0847298245614035,0.0688175438596491,0.0587719298245614,0.0523491228070175,0.041359649122807,0.0397157894736842,0.0241719298245614,0.0238964912280702,0.0230701754385965,0.0192578947368421,0.0186754385964912,0.0140315789473684,0.0115350877192982,0.00715789473684211,0.00591052631578947,0.00592280701754386,0.0110263157894737,0.00803508771929825,0.00657017543859649,0.00465438596491228,0.00479649122807018,0.00394385964912281,0.00285438596491228,0.00321754385964912,0.00107894736842105,0.00368245614035088,0.0024719298245614,0.00231228070175439,0.000449122807017544,0.00244561403508772,0.000696491228070175,0.000894736842105263,0.00174210526315789,0.00166140350877193,0.00104561403508772,0.00088421052631579,0.00132105263157895,0,0.000436842105263158,0.000435087719298246,0.000182456140350877,0.000533333333333333,0.000575438596491228,0.000617543859649123,0.000659649122807018,0.000701754385964912,0.000210526315789474,0,1,0,0,0,0,0,0,1,1,1,1,1,1,1,1,1,1,1,1,1,1,1,1,1,1,1,1,1,1,1,1,1,1,1,1,1,1,1,1,1,1,1,1,1,1,1,1,1,1,1,1,1,1,1,1,1,1,1,1,1,1,1,1,1,1,1,1,1,1,1,1,1,1,1,1,1,1,1,1,0
2026-05-11 21:00:00,102.73276315,0,0,0,0,0,0,0.0371166666666667,2.40314166666667,12.60724,19.7483183333333,16.659885,13.3935683333333,11.5469716666667,10.0470433333333,8.174555,2.98533833333333,1.46429833333333,0.74692,0.425438333333333,0.316308333333333,0.271303333333333,0.289003333333333,0.253873333333333,0.206926666666667,0.169803333333333,0.118095,0.12302,0.12064,0.105523333333333,0.09856,0.0741983333333333,0.0739016666666667,0.068535,0.068635,0.0514,0.0462433333333333,0.0380183333333333,0.0302166666666667,0.030175,0.0152966666666667,0.015765,0.01366,0.01117,0.011325,0.00924833333333333,0.00825,0.00808833333333333,0.00804833333333333,0.0056,0.00547333333333333,0.00382,0.00414666666666667,0.00485333333333333,0.00153833333333333,0.00179666666666667,0.00182333333333333,0.000601666666666667,0.000688333333333333,0.000856666666666667,0.00170833333333333,0.00275,0.000985,0.000526666666666667,0.000385,0.00046,0.000421666666666667,0,0.000816666666666667,0.000435,0,0.00016,0.000383333333333333,0.00038,0.00041,0.00044,0.00047,0.0005,0.00015,0,1,0,0,0,0,0,0,1,1,1,1,1,1,1,1,1,1,1,1,1,1,1,1,1,1,1,1,1,1,1,1,1,1,1,1,1,1,1,1,1,1,1,1,1,1,1,1,1,1,1,1,1,1,1,1,1,1,1,1,1,1,1,1,1,1,1,1,1,1,1,1,1,1,1,1,1,1,1,1,0
2026-05-11 22:00:00,88.1567308666667,0,0,0,0,0,0,0.03115,2.07572833333333,11.00351,17.4904533333333,14.3432966666667,11.3478166666667,9.50031166666667,8.08658166666667,6.65214,2.65288166666667,1.28608166666667,0.681738333333333,0.382151666666667,0.293993333333333,0.227023333333333,0.227995,0.238225,0.175383333333333,0.145733333333333,0.114541666666667,0.0904833333333333,0.0992916666666667,0.0901416666666667,0.0952833333333333,0.082325,0.088085,0.067545,0.058075,0.0478433333333333,0.04409,0.0309183333333333,0.0271483333333333,0.0209766666666667,0.0149833333333333,0.0127083333333333,0.0106033333333333,0.00926833333333333,0.00936666666666667,0.0120683333333333,0.0104316666666667,0.00491166666666667,0.00603666666666667,0.00659166666666667,0.00369833333333333,0.00206333333333333,0.00291666666666667,0.002975,0.00186666666666667,0.00248333333333333,0.00190833333333333,0.003785,0.000858333333333333,0.001285,0.000853333333333333,0.00128,0.001275,0.000811666666666667,0.000885,0.000843333333333333,0.00127166666666667,0.000415,0,0,0,0,0.0000866666666666667,0.000253333333333333,0.000273333333333333,0.000293333333333333,0.000313333333333333,0.000333333333333333,0.0001,0,1,0,0,0,0,0,0,1,1,1,1,1,1,1,1,1,1,1,1,1,1,1,1,1,1,1,1,1,1,1,1,1,1,1,1,1,1,1,1,1,1,1,1,1,1,1,1,1,1,1,1,1,1,1,1,1,1,1,1,1,1,1,1,1,1,1,1,1,1,1,1,1,1,1,1,1,1,1,1,0
2026-05-11 23:00:00,125.742521783333,0,0,0,0,0,0,0.0336966666666667,3.19998166666667,15.8359033333333,24.3911783333333,19.754685,15.8185833333333,13.7894866666667,11.6039966666667,10.267505,4.64873333333333,2.25294,1.22243166666667,0.697226666666667,0.481248333333333,0.381493333333333,0.337448333333333,0.33606,0.249808333333333,0.195451666666667,0.14799,0.130345,0.137815,0.111391666666667,0.111711666666667,0.0988483333333333,0.0813983333333333,0.074605,0.067475,0.0573133333333333,0.0406333333333333,0.04015,0.0317066666666667,0.0257933333333333,0.017065,0.0184016666666667,0.0186183333333333,0.010905,0.0108,0.007095,0.009135,0.00714833333333333,0.00581833333333333,0.00351333333333333,0.00453833333333333,0.00342833333333333,0.00419166666666667,0.00285833333333333,0.00314333333333333,0.00170666666666667,0.000963333333333333,0.00129,0.00171833333333333,0.00188833333333333,0.001105,0,0.001275,0.000811666666666667,0.000885,0.000421666666666667,0.000283333333333333,0.000138333333333333,0,0.000416666666666667,0.000588333333333333,0.00024,0,0,0,0,0,0,0,0,1,0,0,0,0,0,0,1,1,1,1,1,1,1,1,1,1,1,1,1,1,1,1,1,1,1,1,1,1,1,1,1,1,1,1,1,1,1,1,1,1,1,1,1,1,1,1,1,1,1,1,1,1,1,1,1,1,1,1,1,1,1,1,1,1,1,1,1,1,1,1,1,1,1,1,1,1,1,1,0
2026-05-12,102.709925733333,0,0,0,0,0,0,0.0413433333333333,3.02131166666667,14.0354383333333,20.2176866666667,15.7119483333333,12.4542783333333,10.574935,9.020805,7.96380833333333,3.58859833333333,1.545185,0.823746666666667,0.490046666666667,0.387618333333333,0.301363333333333,0.29844,0.279215,0.218086666666667,0.16684,0.12671,0.119413333333333,0.114235,0.0957116666666667,0.09947,0.0859766666666667,0.0782083333333333,0.0628033333333333,0.064205,0.0612066666666667,0.04462,0.03407,0.02995,0.0199316666666667,0.0188233333333333,0.0149933333333333,0.00709666666666667,0.007305,0.00719666666666667,0.00725833333333333,0.00533666666666667,0.00832166666666667,0.0058,0.00387333333333333,0.00219333333333333,0.00262166666666667,0.00164,0.003815,0.000826666666666667,0.00190333333333333,0.00086,0.00129,0.00129,0.00171333333333333,0.00128166666666667,0.00118666666666667,0.00137166666666667,0,0,0,0,0,0,0,0.000415,0,0.000411666666666667,0,0,0,0,0,0,0,1,0,0,0,0,0,0,1,1,1,1,1,1,1,1,1,1,1,1,1,1,1,1,1,1,1,1,1,1,1,1,1,1,1,1,1,1,1,1,1,1,1,1,1,1,1,1,1,1,1,1,1,1,1,1,1,1,1,1,1,1,1,1,1,1,1,1,1,1,1,1,1,1,1,1,1,1,1,1,0
2026-05-12 01:00:00,89.2486355666667,0,0,0,0,0,0,0.04052,2.597895,12.4007566666667,17.52947,13.7829,10.7037016666667,9.002795,7.76857,6.868485,3.14855,1.27931333333333,0.680731666666667,0.409946666666667,0.267678333333333,0.257828333333333,0.257975,0.256005,0.18195,0.149505,0.114926666666667,0.10602,0.109305,0.104571666666667,0.0898533333333333,0.08088,0.0774966666666667,0.06164,0.0517516666666667,0.043875,0.03409,0.0294583333333333,0.02632,0.0218866666666667,0.00922333333333333,0.010735,0.00797,0.00913833333333333,0.008995,0.0058,0.00628333333333333,0.00440166666666667,0.00438666666666667,0.003995,0.00331833333333333,0.00293,0.00209666666666667,0.00213666666666667,0.00282666666666667,0.000643333333333333,0.000481666666666667,0.00043,0.000428333333333333,0.000428333333333333,0,0.000853333333333333,0,0,0.000385,0.0000383333333333333,0,0,0,0,0.000415,0,0,0,0,0,0,0,0,0,1,0,0,0,0,0,0,1,1,1,1,1,1,1,1,1,1,1,1,1,1,1,1,1,1,1,1,1,1,1,1,1,1,1,1,1,1,1,1,1,1,1,1,1,1,1,1,1,1,1,1,1,1,1,1,1,1,1,1,1,1,1,1,1,1,1,1,1,1,1,1,1,1,1,1,1,1,1,1,0
2026-05-12 02:00:00,95.852564,0,0,0,0,0,0,0.0467233333333333,2.83492,13.4760266666667,18.86955,14.56489,11.2667016666667,9.70624833333333,8.427195,7.500015,3.56553333333333,1.46472333333333,0.768406666666667,0.463293333333333,0.311981666666667,0.271715,0.265861666666667,0.267803333333333,0.195876666666667,0.157643333333333,0.117716666666667,0.11133,0.109963333333333,0.101501666666667,0.094545,0.0874233333333333,0.0695366666666667,0.0752233333333333,0.0544516666666667,0.0453516666666667,0.0450216666666667,0.0270933333333333,0.02472,0.0216083333333333,0.0172566666666667,0.0107366666666667,0.008845,0.0117783333333333,0.00563333333333333,0.00711166666666667,0.00626,0.00571666666666667,0.00393333333333333,0.003595,0.00311666666666667,0.00126,0.00125333333333333,0.00201833333333333,0.001435,0.001295,0.001375,0.00240833333333333,0.00089,0.001515,0.00110666666666667,0.000853333333333333,0.000323333333333333,0.000488333333333333,0.0000383333333333333,0.000423333333333333,0.000421666666666667,0,0,0,0,0,0,0,0,0,0,0,0,0,1,0,0,0,0,0,0,1,1,1,1,1,1,1,1,1,1,1,1,1,1,1,1,1,1,1,1,1,1,1,1,1,1,1,1,1,1,1,1,1,1,1,1,1,1,1,1,1,1,1,1,1,1,1,1,1,1,1,1,1,1,1,1,1,1,1,1,1,1,1,1,1,1,1,1,1,1,1,1,0
2026-05-12 03:00:00,74.2423253833333,0,0,0,0,0,0,0.0305983333333333,2.18703833333333,10.4365533333333,14.8824833333333,11.2645366666667,8.66105833333333,7.437725,6.42348666666667,5.97556333333333,2.81928,1.13322666666667,0.57127,0.335636666666667,0.226345,0.220961666666667,0.210303333333333,0.21961,0.162868333333333,0.138473333333333,0.0963383333333333,0.0922883333333333,0.0930633333333333,0.0736333333333333,0.0851783333333333,0.0743083333333333,0.064615,0.051435,0.0423783333333333,0.0395233333333333,0.03276,0.03439,0.0276216666666667,0.021885,0.00922333333333333,0.01138,0.007785,0.00740333333333333,0.007285,0.00677,0.00532,0.00143666666666667,0.003625,0.0026,0.0058,0.00247666666666667,0.00293833333333333,0.00127166666666667,0.00214,0.00176166666666667,0.00263166666666667,0.00146166666666667,0.001005,0.00114166666666667,0.000678333333333333,0.000616666666666667,0.000236666666666667,0.000425,0,0.000421666666666667,0,0,0,0,0.000415,0,0,0,0,0,0,0,0,0,1,0,0,0,0,0,0,1,1,1,1,1,1,1,1,1,1,1,1,1,1,1,1,1,1,1,1,1,1,1,1,1,1,1,1,1,1,1,1,1,1,1,1,1,1,1,1,1,1,1,1,1,1,1,1,1,1,1,1,1,1,1,1,1,1,1,1,1,1,1,1,1,1,1,1,1,1,1,1,0
2026-05-12 04:00:00,68.5914364166667,0,0,0,0,0,0,0.025445,2.07509333333333,9.70908,13.836395,10.7037016666667,8.211645,6.857745,6.02750666666667,5.49817,2.55699333333333,1.01895166666667,0.520733333333333,0.306638333333333,0.248675,0.209451666666667,0.193176666666667,0.195863333333333,0.152398333333333,0.127305,0.10816,0.0888333333333333,0.0754116666666667,0.08088,0.0745033333333333,0.0775133333333333,0.0587316666666667,0.0590616666666667,0.0456466666666667,0.0425466666666667,0.0347033333333333,0.0319266666666667,0.028235,0.0178483333333333,0.00959333333333333,0.00920166666666667,0.0114816666666667,0.00949833333333333,0.00467166666666667,0.00637166666666667,0.00399166666666667,0.00622,0.00465833333333333,0.00446,0.00225,0.00165,0.000843333333333333,0.00197166666666667,0.00176,0.001365,0.000533333333333333,0.00232166666666667,0.00175166666666667,0.00022,0.000428333333333333,0.000426666666666667,0.000425,0.00085,0,0,0,0,0,0,0,0.000826666666666667,0,0,0,0,0,0,0,0,1,0,0,0,0,0,0,1,1,1,1,1,1,1,1,1,1,1,1,1,1,1,1,1,1,1,1,1,1,1,1,1,1,1,1,1,1,1,1,1,1,1,1,1,1,1,1,1,1,1,1,1,1,1,1,1,1,1,1,1,1,1,1,1,1,1,1,1,1,1,1,1,1,1,1,1,1,1,1,0
2026-05-12 05:00:00,55.1662512166667,0,0,0,0,0,0,0.0268866666666667,1.78974166666667,8.32107833333333,11.4726033333333,8.76413666666667,6.43371,5.281765,4.58501666666667,4.05293833333333,1.99805666666667,0.785856666666667,0.420163333333333,0.264756666666667,0.185215,0.166075,0.16811,0.160905,0.124706666666667,0.12076,0.08296,0.079975,0.0788733333333333,0.06546,0.0575283333333333,0.0618833333333333,0.0677133333333333,0.0634216666666667,0.0507016666666667,0.03901,0.0328716666666667,0.03059,0.0280433333333333,0.0213933333333333,0.0174133333333333,0.0146733333333333,0.01057,0.00983166666666667,0.00554166666666667,0.00589833333333333,0.00742666666666667,0.006,0.00279166666666667,0.00402166666666667,0.00424166666666667,0.00369166666666667,0.00173333333333333,0.001225,0.000933333333333333,0.000378333333333333,0.00051,0.002035,0.00180166666666667,0.000856666666666667,0.000428333333333333,0.000853333333333333,0,0,0.000423333333333333,0.000421666666666667,0,0.000288333333333333,0.00055,0,0.000415,0,0.0000433333333333333,0.000126666666666667,0.000136666666666667,0.000146666666666667,0.000156666666666667,0.000166666666666667,0.00005,0,1,0,0,0,0,0,0,1,1,1,1,1,1,1,1,1,1,1,1,1,1,1,1,1,1,1,1,1,1,1,1,1,1,1,1,1,1,1,1,1,1,1,1,1,1,1,1,1,1,1,1,1,1,1,1,1,1,1,1,1,1,1,1,1,1,1,1,1,1,1,1,1,1,1,1,1,1,1,1,0
2026-05-12 06:00:00,45.24531705,0,0,0,0,0,0,0.0255733333333333,1.62181,7.35407833333333,9.872875,7.17637166666667,5.08783666666667,3.89858833333333,3.27089333333333,2.80518,1.40181833333333,0.571271666666667,0.298703333333333,0.189731666666667,0.143335,0.129411666666667,0.144976666666667,0.145015,0.104608333333333,0.094585,0.0680683333333333,0.0756883333333333,0.0667266666666667,0.0626583333333333,0.0648016666666667,0.059,0.0449183333333333,0.0493433333333333,0.0407433333333333,0.0367966666666667,0.0277433333333333,0.017135,0.019165,0.0166816666666667,0.0103733333333333,0.013355,0.010555,0.007645,0.00476833333333333,0.00371666666666667,0.004535,0.00651166666666667,0.00492833333333333,0.00254666666666667,0.004595,0.00458,0.00168666666666667,0.00161,0.00134666666666667,0.00214,0.00185166666666667,0.00212166666666667,0.002035,0.000713333333333333,0.00196333333333333,0.00019,0.00056,0.000951666666666667,0,0.000845,0,0,0.000836666666666667,0.000223333333333333,0.000193333333333333,0,0.000433333333333333,0.0000633333333333333,0.0000683333333333333,0.0000733333333333333,0.0000783333333333333,0.0000833333333333333,0.000025,0,1,0,0,0,0,0,0,1,1,1,1,1,1,1,1,1,1,1,1,1,1,1,1,1,1,1,1,1,1,1,1,1,1,1,1,1,1,1,1,1,1,1,1,1,1,1,1,1,1,1,1,1,1,1,1,1,1,1,1,1,1,1,1,1,1,1,1,1,1,1,1,1,1,1,1,1,1,1,1,0
2026-05-12 07:00:00,50.5269427678571,0,0,0,0,0,0,0.0229482142857143,1.70893392857143,8.09719642857143,11.1864035714286,8.25649107142857,6.03258214285714,4.74736071428571,3.92219285714286,3.19549285714286,1.07594285714286,0.507951785714286,0.275948214285714,0.169341071428571,0.134328571428571,0.123064285714286,0.117128571428571,0.1251125,0.101151785714286,0.0853071428571429,0.0661267857142857,0.0657089285714286,0.0568928571428571,0.0527571428571429,0.0563053571428571,0.0537285714285714,0.0442053571428571,0.0440339285714286,0.0370017857142857,0.0355303571428571,0.0326410714285714,0.023525,0.0256607142857143,0.018225,0.0164214285714286,0.0108,0.0108660714285714,0.0102357142857143,0.00636785714285714,0.00764107142857143,0.0079,0.00518392857142857,0.00588571428571429,0.00550892857142857,0.00249642857142857,0.00364821428571429,0.00134285714285714,0.002725,0.00293571428571429,0.00251785714285714,0.00246964285714286,0.000644642857142857,0.00113571428571429,0.000705357142857143,0.000728571428571429,0.000457142857142857,0,0.000455357142857143,0.000453571428571429,0,0.000303571428571429,0.000148214285714286,0.00132321428571429,0.000498214285714286,0.000414285714285714,0,0.0000464285714285714,0.000135714285714286,0.000146428571428571,0.000157142857142857,0.000167857142857143,0.000178571428571429,0.0000535714285714286,0,1,0,0,0,0,0,0,1,1,1,1,1,1,1,1,1,1,1,1,1,1,1,1,1,1,1,1,1,1,1,1,1,1,1,1,1,1,1,1,1,1,1,1,1,1,1,1,1,1,1,1,1,1,1,1,1,1,1,1,1,1,1,1,1,1,1,1,1,1,1,1,1,1,1,1,1,1,1,1,0
2026-05-12 08:00:00,63.9604834489796,0,0,0,0,0,0,0.0221448979591837,1.75592448979592,8.93602448979592,13.2624102040816,10.3184367346939,8.12098571428571,6.56099795918367,5.83888775510204,4.57821632653061,1.37794489795918,0.693055102040816,0.354322448979592,0.226357142857143,0.141816326530612,0.155508163265306,0.160269387755102,0.143230612244898,0.101265306122449,0.0794040816326531,0.0658836734693878,0.0570836734693878,0.0747244897959184,0.0638428571428571,0.0620877551020408,0.0593530612244898,0.0564612244897959,0.0509816326530612,0.0513163265306122,0.0440877551020408,0.0379061224489796,0.0434795918367347,0.0269265306122449,0.0275102040816327,0.0244489795918367,0.0182142857142857,0.00735714285714286,0.0147204081632653,0.00487959183673469,0.0114571428571429,0.00808367346938776,0.00655510204081633,0.00971836734693877,0.00826530612244898,0.00348571428571429,0.00462448979591837,0.00357142857142857,0.00352857142857143,0.00215510204081633,0.00120816326530612,0.00216938775510204,0.0010530612244898,0.00157755102040816,0.000524489795918367,0,0.000755102040816327,0.000289795918367347,0.000520408163265306,0.000989795918367347,0.00056530612244898,0,0.000514285714285714,0.000512244897959184,0,0,0.000391836734693878,0.000673469387755102,0.000155102040816327,0.00016734693877551,0.000179591836734694,0.000191836734693878,0.000204081632653061,0.0000612244897959184,0,1,0,0,0,0,0,0,1,1,1,1,1,1,1,1,1,1,1,1,1,1,1,1,1,1,1,1,1,1,1,1,1,1,1,1,1,1,1,1,1,1,1,1,1,1,1,1,1,1,1,1,1,1,1,1,1,1,1,1,1,1,1,1,1,1,1,1,1,1,1,1,1,1,1,1,1,1,1,1,0
2026-05-12 09:00:00,86.8205687884615,0,0,0,0,0,0,0.0322461538461538,2.54774230769231,12.871975,18.9363403846154,14.6911115384615,10.9843615384615,8.94603846153846,7.48401730769231,5.44777692307692,1.41131538461538,0.763988461538462,0.363734615384615,0.242709615384615,0.177884615384615,0.179301923076923,0.173015384615385,0.172232692307692,0.121584615384615,0.105826923076923,0.097475,0.0842115384615385,0.0924596153846154,0.0888057692307692,0.0801865384615385,0.074625,0.0807615384615385,0.0744788461538462,0.0690634615384615,0.0569884615384615,0.0562807692307692,0.0441980769230769,0.0367288461538462,0.0285038461538462,0.0224865384615385,0.0141423076923077,0.0149807692307692,0.0127538461538462,0.00973076923076923,0.0112346153846154,0.0107980769230769,0.00882884615384615,0.00815576923076923,0.00522692307692308,0.00689423076923077,0.00580961538461538,0.00441730769230769,0.00568076923076923,0.00200961538461538,0.00167692307692308,0.00124230769230769,0.00453269230769231,0.000794230769230769,0.000201923076923077,0.000782692307692308,0.000492307692307692,0,0.000446153846153846,0.00146538461538462,0.0000442307692307692,0,0,0.000942307692307692,0.0000211538461538462,0.000478846153846154,0.000476923076923077,0.000075,0.000219230769230769,0.000236538461538462,0.000253846153846154,0.000271153846153846,0.000288461538461538,0.0000865384615384615,0,1,0,0,0,0,0,0,1,1,1,1,1,1,1,1,1,1,1,1,1,1,1,1,1,1,1,1,1,1,1,1,1,1,1,1,1,1,1,1,1,1,1,1,1,1,1,1,1,1,1,1,1,1,1,1,1,1,1,1,1,1,1,1,1,1,1,1,1,1,1,1,1,1,1,1,1,1,1,1,0
2026-05-12 10:00:00,82.7869629423077,0,0,0,0,0,0,0.033425,2.47513653846154,12.4582788461538,18.3434596153846,14.0038730769231,10.4266826923077,8.48094807692308,7.02285769230769,4.85690961538462,1.33974423076923,0.640292307692308,0.341451923076923,0.203303846153846,0.163230769230769,0.1626,0.163336538461538,0.158569230769231,0.120234615384615,0.0965115384615385,0.0834115384615385,0.0777230769230769,0.0869211538461538,0.0829788461538462,0.0715692307692308,0.0650807692307692,0.0643980769230769,0.0530557692307692,0.0629384615384615,0.0621096153846154,0.0372673076923077,0.0406269230769231,0.0376788461538462,0.0282192307692308,0.0207615384615385,0.0228519230769231,0.0157230769230769,0.0100730769230769,0.0108461538461538,0.0150365384615385,0.00936538461538462,0.00850384615384615,0.00788461538461538,0.00602884615384615,0.00595961538461538,0.00616346153846154,0.00141923076923077,0.00656923076923077,0.00316730769230769,0.00279615384615385,0.00148846153846154,0.000496153846153846,0.00148653846153846,0.00217884615384615,0.001275,0.00120384615384615,0.000763461538461538,0.00187307692307692,0.00102115384615385,0.000532692307692308,0.000653846153846154,0.000319230769230769,0.000965384615384615,0.000480769230769231,0,0.00113846153846154,0.000942307692307692,0.000511538461538461,0.000551923076923077,0.000592307692307692,0.000632692307692308,0.000673076923076923,0.000201923076923077,0,1,0,0,0,0,0,0,1,1,1,1,1,1,1,1,1,1,1,1,1,1,1,1,1,1,1,1,1,1,1,1,1,1,1,1,1,1,1,1,1,1,1,1,1,1,1,1,1,1,1,1,1,1,1,1,1,1,1,1,1,1,1,1,1,1,1,1,1,1,1,1,1,1,1,1,1,1,1,1,0
2026-05-12 11:00:00,81.1445290689655,0,0,0,0,0,0,0.0340896551724138,2.44776724137931,12.3018534482759,18.125975862069,13.8468931034483,10.2778172413793,8.28953448275862,6.78227931034483,4.55128620689655,1.3230224137931,0.653855172413793,0.357018965517241,0.246727586206897,0.181905172413793,0.173174137931034,0.184913793103448,0.174872413793103,0.133734482758621,0.11675,0.093948275862069,0.0953,0.0897241379310345,0.0843086206896552,0.0941965517241379,0.0571431034482759,0.0707327586206897,0.0623827586206897,0.0588603448275862,0.0656379310344828,0.0498827586206897,0.0422534482758621,0.0342137931034483,0.0255948275862069,0.0182862068965517,0.0200327586206897,0.0176172413793103,0.0170189655172414,0.0118189655172414,0.0111672413793103,0.0104293103448276,0.00709137931034483,0.0117879310344828,0.0085051724137931,0.00487586206896552,0.00348103448275862,0.00303965517241379,0.00218448275862069,0.00461896551724138,0.00421724137931034,0.00238448275862069,0.000889655172413793,0.00160344827586207,0.00141896551724138,0.00228965517241379,0.00083448275862069,0.000929310344827586,0.00167931034482759,0.00091551724137931,0.00127241379310345,0.000370689655172414,0.000875862068965517,0.0023,0.00109310344827586,0.0002,0.000427586206896552,0.000156896551724138,0.000458620689655172,0.000493103448275862,0.000529310344827586,0.000567241379310345,0.000605172413793103,0.000179310344827586,0,1,0,0,0,0,0,0,1,1,1,1,1,1,1,1,1,1,1,1,1,1,1,1,1,1,1,1,1,1,1,1,1,1,1,1,1,1,1,1,1,1,1,1,1,1,1,1,1,1,1,1,1,1,1,1,1,1,1,1,1,1,1,1,1,1,1,1,1,1,1,1,1,1,1,1,1,1,1,1,0
2026-05-12 12:00:00,56.0762358166667,0,0,0,0,0,0,0.01847,1.64402666666667,8.45106833333333,12.5055466666667,9.30686,6.91469833333333,5.55811833333333,4.49859833333333,2.81729333333333,0.979106666666667,0.515951666666667,0.289248333333333,0.224805,0.192438333333333,0.197348333333333,0.21409,0.220886666666667,0.187663333333333,0.1642,0.125033333333333,0.146468333333333,0.136813333333333,0.114381666666667,0.130776666666667,0.09153,0.0904383333333333,0.084835,0.0662166666666667,0.0634166666666667,0.0477466666666667,0.0399916666666667,0.03597,0.0298033333333333,0.02284,0.01894,0.0186016666666667,0.01386,0.0108,0.0122233333333333,0.00760333333333333,0.00998833333333333,0.006925,0.0058,0.00761,0.00643833333333333,0.00380333333333333,0.00324333333333333,0.00381166666666667,0.00278333333333333,0.002305,0.00301,0.00278333333333333,0.00142833333333333,0.00221333333333333,0.00128,0.00192166666666667,0.000628333333333333,0.00123166666666667,0.000731666666666667,0.000571666666666667,0.00042,0.001215,0.000676666666666667,0.000608333333333333,0,0.000301666666666667,0.000885,0.000953333333333333,0.00102333333333333,0.00109666666666667,0.00117,0.000346666666666667,0,1,0,0,0,0,0,0,1,1,1,1,1,1,1,1,1,1,1,1,1,1,1,1,1,1,1,1,1,1,1,1,1,1,1,1,1,1,1,1,1,1,1,1,1,1,1,1,1,1,1,1,1,1,1,1,1,1,1,1,1,1,1,1,1,1,1,1,1,1,1,1,1,1,1,1,1,1,1,1,0
2026-05-12 13:00:00,45.03471335,0,0,0,0,0,0,0.02127,1.45071166666667,6.9855,9.70144333333333,7.117615,5.15709833333333,4.249405,3.58632666666667,2.34714833333333,0.76089,0.470231666666667,0.276275,0.233683333333333,0.194478333333333,0.21202,0.240986666666667,0.242815,0.195883333333333,0.15864,0.140656666666667,0.129305,0.124161666666667,0.109823333333333,0.104623333333333,0.0998583333333333,0.0775633333333333,0.0741666666666667,0.0587866666666667,0.0659216666666667,0.0442016666666667,0.0381633333333333,0.0365783333333333,0.0252266666666667,0.0190616666666667,0.019045,0.0149633333333333,0.0102916666666667,0.00921333333333333,0.00994666666666667,0.00783666666666667,0.00918666666666667,0.00833833333333333,0.00519166666666667,0.006355,0.00505666666666667,0.00378333333333333,0.00379166666666667,0.00255333333333333,0.00228166666666667,0.001455,0.00349833333333333,0.00106,0.00254666666666667,0.00093,0.00232333333333333,0.00151166666666667,0.000386666666666667,0.00123166666666667,0.00126833333333333,0.000641666666666667,0.000696666666666667,0,0,0.00083,0.000413333333333333,0.000758333333333333,0.00101333333333333,0.00108666666666667,0.00116666666666667,0.00125333333333333,0.00134,0.000393333333333333,0,1,0,0,0,0,0,0,1,1,1,1,1,1,1,1,1,1,1,1,1,1,1,1,1,1,1,1,1,1,1,1,1,1,1,1,1,1,1,1,1,1,1,1,1,1,1,1,1,1,1,1,1,1,1,1,1,1,1,1,1,1,1,1,1,1,1,1,1,1,1,1,1,1,1,1,1,1,1,1,0
2026-05-12 14:00:00,58.46325065,0,0,0,0,0,0,0.024745,2.06835833333333,9.59117833333333,13.0242616666667,9.03170333333333,6.41622,4.95945166666667,4.150055,2.58326833333333,0.879425,0.544576666666667,0.38791,0.342406666666667,0.323206666666667,0.357615,0.41403,0.387878333333333,0.34212,0.292723333333333,0.252356666666667,0.230945,0.214005,0.207063333333333,0.210901666666667,0.183046666666667,0.176333333333333,0.171546666666667,0.135076666666667,0.10474,0.100065,0.072765,0.0723683333333333,0.0553783333333333,0.0409516666666667,0.0289233333333333,0.0269233333333333,0.0185933333333333,0.0170233333333333,0.0156066666666667,0.0130633333333333,0.0115716666666667,0.00783333333333333,0.00957166666666667,0.00789,0.00938,0.0112116666666667,0.00583333333333333,0.00508,0.002625,0.00443666666666667,0.00301,0.00152166666666667,0.00157,0.00238833333333333,0.000853333333333333,0.000425,0.000425,0.000385,0.00157833333333333,0.000433333333333333,0.000138333333333333,0.000816666666666667,0.000435,0.000415,0.000986666666666667,0.00114166666666667,0.00139333333333333,0.00150166666666667,0.00161166666666667,0.00172333333333333,0.001835,0.000548333333333333,0,1,0,0,0,0,0,0,1,1,1,1,1,1,1,1,1,1,1,1,1,1,1,1,1,1,1,1,1,1,1,1,1,1,1,1,1,1,1,1,1,1,1,1,1,1,1,1,1,1,1,1,1,1,1,1,1,1,1,1,1,1,1,1,1,1,1,1,1,1,1,1,1,1,1,1,1,1,1,1,0
2026-05-12 15:00:00,52.9152109830508,0,0,0,0,0,0,0.0347016949152542,1.98020338983051,9.44052372881356,11.9641983050847,7.62179661016949,4.83011525423729,3.61571355932203,2.99495084745763,2.1714406779661,0.98155593220339,0.653637288135593,0.463083050847458,0.417325423728814,0.404313559322034,0.411781355932203,0.464206779661017,0.452918644067797,0.409993220338983,0.330803389830508,0.305205084745763,0.281571186440678,0.271338983050847,0.255672881355932,0.238796610169492,0.193584745762712,0.202720338983051,0.178493220338983,0.156745762711864,0.142976271186441,0.118049152542373,0.101033898305085,0.088864406779661,0.0719050847457627,0.0486508474576271,0.0450745762711864,0.0353830508474576,0.0254033898305085,0.0198762711864407,0.0222864406779661,0.0212915254237288,0.0162186440677966,0.0163237288135593,0.00857118644067797,0.00880508474576271,0.00723898305084746,0.00634745762711864,0.00512542372881356,0.00394745762711864,0.00760169491525424,0.00513728813559322,0.00312033898305085,0.00102203389830508,0.00369491525423729,0.0029406779661017,0.00236271186440678,0.00209152542372881,0.00156779661016949,0.00176101694915254,0.000857627118644068,0.000576271186440678,0.00113559322033898,0.000850847457627119,0.00149830508474576,0.000971186440677966,0.000488135593220339,0.000547457627118644,0.00160677966101695,0.00172881355932203,0.00185762711864407,0.00198983050847458,0.0021271186440678,0.000628813559322034,0,1,0,0,0,0,0,0,1,1,1,1,1,1,1,1,1,1,1,1,1,1,1,1,1,1,1,1,1,1,1,1,1,1,1,1,1,1,1,1,1,1,1,1,1,1,1,1,1,1,1,1,1,1,1,1,1,1,1,1,1,1,1,1,1,1,1,1,1,1,1,1,1,1,1,1,1,1,1,1,0
2026-05-12 16:00:00,36.5172529666667,0,0,0,0,0,0,0.0237233333333333,1.443855,6.61875,7.92568166666667,4.79219833333333,2.94910166666667,2.19035333333333,1.855735,1.59285833333333,1.00770833333333,0.631106666666667,0.450341666666667,0.379998333333333,0.363666666666667,0.34307,0.336281666666667,0.352628333333333,0.296133333333333,0.282546666666667,0.246233333333333,0.242805,0.224003333333333,0.2074,0.194755,0.164261666666667,0.178923333333333,0.151806666666667,0.136833333333333,0.115935,0.0957133333333333,0.0781983333333333,0.0667616666666667,0.051045,0.038445,0.0416766666666667,0.0263083333333333,0.0236166666666667,0.016775,0.0146283333333333,0.01507,0.0101116666666667,0.00678,0.011305,0.00904333333333333,0.00520333333333333,0.00585666666666667,0.00544666666666667,0.00235,0.003865,0.00575,0.003125,0.00186333333333333,0.00295333333333333,0.00271666666666667,0.00232333333333333,0.00215833333333333,0.00059,0.00127,0.00123,0.00134,0,0,0.000835,0.000173333333333333,0.000653333333333333,0.00039,0.00114,0.00122333333333333,0.00131333333333333,0.00141,0.00150666666666667,0.000443333333333333,0,1,0,0,0,0,0,0,1,1,1,1,1,1,1,1,1,1,1,1,1,1,1,1,1,1,1,1,1,1,1,1,1,1,1,1,1,1,1,1,1,1,1,1,1,1,1,1,1,1,1,1,1,1,1,1,1,1,1,1,1,1,1,1,1,1,1,1,1,1,1,1,1,1,1,1,1,1,1,1,0
2026-05-12 17:00:00,41.6715628928571,0,0,0,0,0,0,0.0177196428571429,1.53015,7.16200892857143,8.71626785714286,5.46026428571429,3.515,2.67480892857143,2.38299285714286,2.01040714285714,1.25850178571429,0.780967857142857,0.571317857142857,0.46835,0.430055357142857,0.404621428571429,0.435155357142857,0.420796428571429,0.355375,0.325405357142857,0.276041071428571,0.263376785714286,0.248439285714286,0.220625,0.232080357142857,0.193973214285714,0.186260714285714,0.171075,0.161498214285714,0.131353571428571,0.123128571428571,0.101991071428571,0.0942053571428571,0.0797303571428571,0.0547803571428571,0.0408160714285714,0.0293821428571429,0.0335357142857143,0.0249428571428571,0.0186339285714286,0.0187125,0.0119178571428571,0.0100464285714286,0.00697857142857143,0.0102625,0.00598035714285714,0.00803392857142857,0.00583928571428571,0.00317857142857143,0.003925,0.00241964285714286,0.00187321428571429,0.00174821428571429,0.00193928571428571,0.001725,0.000457142857142857,0.000346428571428571,0.00238571428571429,0.000907142857142857,0.000742857142857143,0.000160714285714286,0.00045,0,0.000239285714285714,0.000207142857142857,0.000442857142857143,0.000255357142857143,0.000746428571428571,0.000805357142857143,0.000864285714285714,0.000923214285714286,0.000982142857142857,0.000294642857142857,0,1,0,0,0,0,0,0,1,1,1,1,1,1,1,1,1,1,1,1,1,1,1,1,1,1,1,1,1,1,1,1,1,1,1,1,1,1,1,1,1,1,1,1,1,1,1,1,1,1,1,1,1,1,1,1,1,1,1,1,1,1,1,1,1,1,1,1,1,1,1,1,1,1,1,1,1,1,1,1,0
2026-05-12 18:00:00,36.6640271020408,0,0,0,0,0,0,0.0130224489795918,1.20977551020408,5.55287959183674,6.81354081632653,4.51168163265306,3.14930612244898,2.46732244897959,2.29558979591837,2.01910816326531,1.4167612244898,0.908636734693878,0.600016326530612,0.447859183673469,0.421744897959184,0.405818367346939,0.399695918367347,0.383065306122449,0.348144897959184,0.316520408163265,0.307165306122449,0.259212244897959,0.254991836734694,0.242367346938776,0.21889387755102,0.177222448979592,0.173908163265306,0.164155102040816,0.153422448979592,0.127881632653061,0.108367346938776,0.0807224489795918,0.0807755102040816,0.0574428571428571,0.0480734693877551,0.0432836734693878,0.0393326530612245,0.0270571428571429,0.0200081632653061,0.0165836734693878,0.0137265306122449,0.0111408163265306,0.0109836734693878,0.00838571428571429,0.0105183673469388,0.00874081632653061,0.00415918367346939,0.00385714285714286,0.00391224489795918,0.00285918367346939,0.00484285714285714,0.00442448979591837,0.00224489795918367,0.00342857142857143,0.0013530612244898,0.00104489795918367,0.000520408163265306,0.00156122448979592,0.00197959183673469,0.0011265306122449,0.000346938775510204,0.000683673469387755,0.000512244897959184,0,0.00101632653061224,0,0.000106122448979592,0.000310204081632653,0.00033469387755102,0.000359183673469388,0.000383673469387755,0.000408163265306122,0.000122448979591837,0,1,0,0,0,0,0,0,1,1,1,1,1,1,1,1,1,1,1,1,1,1,1,1,1,1,1,1,1,1,1,1,1,1,1,1,1,1,1,1,1,1,1,1,1,1,1,1,1,1,1,1,1,1,1,1,1,1,1,1,1,1,1,1,1,1,1,1,1,1,1,1,1,1,1,1,1,1,1,1,0
2026-05-12 19:00:00,41.438366195122,0,0,0,0,0,0,0.0188585365853659,1.22391707317073,5.7392,7.27024634146341,4.92139756097561,3.47258536585366,2.96833658536585,2.84569512195122,2.50377804878049,1.69215853658537,1.08229512195122,0.690560975609756,0.57770243902439,0.5064,0.486329268292683,0.501985365853658,0.490856097560976,0.449521951219512,0.382919512195122,0.367568292682927,0.328626829268293,0.313687804878049,0.254931707317073,0.270948780487805,0.240029268292683,0.221773170731707,0.18360487804878,0.158980487804878,0.140687804878049,0.140282926829268,0.125365853658537,0.0864487804878049,0.0638341463414634,0.054890243902439,0.0581487804878049,0.0442487804878049,0.0344707317073171,0.0281804878048781,0.0205219512195122,0.0127658536585366,0.0134365853658537,0.0108170731707317,0.0115170731707317,0.00866585365853659,0.0118390243902439,0.00916829268292683,0.00856829268292683,0.00290975609756098,0.00494634146341463,0.00219756097560976,0.00180487804878049,0.00180487804878049,0.00284390243902439,0.000995121951219512,0.000624390243902439,0.000473170731707317,0.000714634146341463,0.0024780487804878,0.0000560975609756098,0.000617073170731707,0.00122926829268293,0.00061219512195122,0.000609756097560976,0,0,0.0000951219512195122,0.000278048780487805,0.0003,0.000321951219512195,0.00034390243902439,0.000365853658536585,0.000109756097560976,0,3,0,0,0,0,0,0,3,3,3,3,3,3,3,3,3,3,3,3,3,3,3,3,3,3,3,3,3,3,3,3,3,3,3,3,3,3,3,3,3,3,3,3,3,3,3,3,3,3,3,3,3,3,3,3,3,3,3,3,3,3,3,3,3,3,3,3,3,3,3,3,3,3,3,3,3,3,3,3,0
2026-05-12 20:00:00,62.820041195122,0,0,0,0,0,0,0.0247073170731707,1.7712243902439,8.44733902439024,11.1992902439024,7.9395487804878,5.86735853658537,5.0132756097561,4.55128048780488,3.97178292682927,2.89473658536585,1.8851756097561,1.02958536585366,0.772348780487805,0.663336585365854,0.696151219512195,0.691334146341463,0.638460975609756,0.556887804878049,0.470085365853659,0.403775609756098,0.373878048780488,0.342846341463415,0.283112195121951,0.283143902439024,0.261214634146341,0.235982926829268,0.2,0.173882926829268,0.156865853658537,0.124073170731707,0.115024390243902,0.102878048780488,0.088680487804878,0.0476707317073171,0.0489878048780488,0.0430926829268293,0.0302951219512195,0.0220463414634146,0.0135585365853659,0.0130951219512195,0.0188341463414634,0.0148951219512195,0.0117682926829268,0.00757560975609756,0.00790975609756098,0.00426829268292683,0.00478048780487805,0.0026780487804878,0.00207560975609756,0.00330487804878049,0.00268536585365854,0.0022609756097561,0.0011390243902439,0.00261707317073171,0.00311951219512195,0,0,0,0.00112439024390244,0.000109756097560976,0.00122926829268293,0.000582926829268293,0.0000268292682926829,0.000607317073170732,0.000234146341463415,0.000402439024390244,0.0000926829268292683,0.0001,0.000107317073170732,0.000114634146341463,0.000121951219512195,0.0000365853658536585,0,3,0,0,0,0,0,0,3,3,3,3,3,3,3,3,3,3,3,3,3,3,3,3,3,3,3,3,3,3,3,3,3,3,3,3,3,3,3,3,3,3,3,3,3,3,3,3,3,3,3,3,3,3,3,3,3,3,3,3,3,3,3,3,3,3,3,3,3,3,3,3,3,3,3,3,3,3,3,3,0
2026-05-12 21:00:00,63.022011754386,0,0,0,0,0,0,0.0253719298245614,1.76176140350877,8.72313684210526,11.7815350877193,8.20273157894737,5.8277649122807,4.75585614035088,4.33869298245614,3.75879649122807,2.55332456140351,1.7058350877193,0.99520350877193,0.701664912280702,0.670377192982456,0.652117543859649,0.727680701754386,0.739463157894737,0.643975438596491,0.538591228070175,0.471389473684211,0.430531578947368,0.413773684210526,0.371612280701754,0.335171929824561,0.295756140350877,0.288464912280702,0.256526315789474,0.21480350877193,0.185447368421053,0.15930350877193,0.120561403508772,0.108326315789474,0.095659649122807,0.0802175438596491,0.0593315789473684,0.0420771929824561,0.0349859649122807,0.0290842105263158,0.0219017543859649,0.0174789473684211,0.0149929824561404,0.0121894736842105,0.0117491228070175,0.00983333333333333,0.0113578947368421,0.00709824561403509,0.00414035087719298,0.00805789473684211,0.00400350877192982,0.00171929824561404,0.00452631578947368,0.0029,0.00332982456140351,0.00179824561403509,0.000449122807017544,0.000787719298245614,0.000107017543859649,0.000891228070175439,0.000810526315789474,0.000966666666666667,0,0.000880701754385965,0.00087719298245614,0.000873684210526316,0,0.000478947368421053,0.000133333333333333,0.000143859649122807,0.000154385964912281,0.000164912280701754,0.000175438596491228,0.0000526315789473684,0,1,0,0,0,0,0,0,1,1,1,1,1,1,1,1,1,1,1,1,1,1,1,1,1,1,1,1,1,1,1,1,1,1,1,1,1,1,1,1,1,1,1,1,1,1,1,1,1,1,1,1,1,1,1,1,1,1,1,1,1,1,1,1,1,1,1,1,1,1,1,1,1,1,1,1,1,1,1,1,0
2026-05-12 22:00:00,53.3307308166667,0,0,0,0,0,0,0.0197233333333333,1.44095,7.00944,9.48757333333333,6.51667833333333,4.68069333333333,3.87112,3.46634666666667,3.267355,2.15083,1.277495,0.827701666666667,0.597623333333333,0.551923333333333,0.589911666666667,0.631348333333333,0.774503333333333,0.679898333333333,0.583261666666667,0.496421666666667,0.459403333333333,0.427481666666667,0.37833,0.374356666666667,0.322303333333333,0.321435,0.272646666666667,0.22001,0.194511666666667,0.17458,0.143763333333333,0.118805,0.105303333333333,0.0670716666666667,0.0511066666666667,0.0384083333333333,0.033085,0.0317383333333333,0.0278266666666667,0.0231016666666667,0.0187783333333333,0.0161833333333333,0.0128616666666667,0.0106883333333333,0.011845,0.00754166666666667,0.00752666666666667,0.00498,0.00471,0.00324666666666667,0.00143333333333333,0.00277666666666667,0.000833333333333333,0.00392333333333333,0.00213333333333333,0.000425,0.00201,0.000115,0.000423333333333333,0,0.00042,0.000418333333333333,0.00064,0.000781666666666667,0.00024,0.0000866666666666667,0.000253333333333333,0.000273333333333333,0.000293333333333333,0.000313333333333333,0.000333333333333333,0.0001,0,1,0,0,0,0,0,0,1,1,1,1,1,1,1,1,1,1,1,1,1,1,1,1,1,1,1,1,1,1,1,1,1,1,1,1,1,1,1,1,1,1,1,1,1,1,1,1,1,1,1,1,1,1,1,1,1,1,1,1,1,1,1,1,1,1,1,1,1,1,1,1,1,1,1,1,1,1,1,1,0
2026-05-12 23:00:00,50.4831727333333,0,0,0,0,0,0,0.0242666666666667,1.49804833333333,7.00836166666667,9.237775,6.26879666666667,4.33513833333333,3.56177666666667,3.21381833333333,2.93516166666667,1.85547666666667,1.16539333333333,0.775891666666667,0.560501666666667,0.526913333333333,0.573235,0.63696,0.684361666666667,0.596831666666667,0.5385,0.448078333333333,0.439138333333333,0.430103333333333,0.373993333333333,0.36635,0.324146666666667,0.303458333333333,0.26372,0.222451666666667,0.196573333333333,0.171316666666667,0.147583333333333,0.112725,0.0893283333333333,0.0775833333333333,0.06107,0.0434866666666667,0.04186,0.0280083333333333,0.02792,0.0221533333333333,0.013415,0.0171633333333333,0.0125333333333333,0.006925,0.009805,0.00581,0.00753666666666667,0.002155,0.00413166666666667,0.00494666666666667,0.00332833333333333,0.00123166666666667,0.001515,0.00195833333333333,0.00189666666666667,0.000661666666666667,0.00123666666666667,0.00130833333333333,0.00119,0.00134,0.00084,0,0.000833333333333333,0.00083,0,0.000455,0.000126666666666667,0.000136666666666667,0.000146666666666667,0.000156666666666667,0.000166666666666667,0.00005,0,1,0,0,0,0,0,0,1,1,1,1,1,1,1,1,1,1,1,1,1,1,1,1,1,1,1,1,1,1,1,1,1,1,1,1,1,1,1,1,1,1,1,1,1,1,1,1,1,1,1,1,1,1,1,1,1,1,1,1,1,1,1,1,1,1,1,1,1,1,1,1,1,1,1,1,1,1,1,1,0
2026-05-13,52.41620405,0,0,0,0,0,0,0.0245083333333333,1.61155333333333,7.77952333333333,9.98646666666667,6.508415,4.42303333333333,3.48275666666667,3.14262166666667,2.78943333333333,1.70077833333333,1.05362166666667,0.723378333333333,0.575588333333333,0.539813333333333,0.54052,0.61172,0.690621666666667,0.611593333333333,0.557388333333333,0.46771,0.415266666666667,0.443255,0.369476666666667,0.375068333333333,0.326988333333333,0.303975,0.28018,0.23592,0.213638333333333,0.177215,0.152463333333333,0.12664,0.106528333333333,0.0728183333333333,0.0569416666666667,0.045565,0.036065,0.0283133333333333,0.02527,0.02421,0.017695,0.01694,0.0124033333333333,0.01092,0.00972,0.00291666666666667,0.00592833333333333,0.003505,0.00499833333333333,0.00373,0.00315333333333333,0.00186166666666667,0.00295166666666667,0.00186,0.000806666666666667,0.001545,0.000628333333333333,0.00169333333333333,0.000845,0.000421666666666667,0.00042,0.000836666666666667,0,0,0.00016,0.000708333333333333,0.000126666666666667,0.000136666666666667,0.000146666666666667,0.000156666666666667,0.000166666666666667,0.00005,0,1,0,0,0,0,0,0,1,1,1,1,1,1,1,1,1,1,1,1,1,1,1,1,1,1,1,1,1,1,1,1,1,1,1,1,1,1,1,1,1,1,1,1,1,1,1,1,1,1,1,1,1,1,1,1,1,1,1,1,1,1,1,1,1,1,1,1,1,1,1,1,1,1,1,1,1,1,1,1,0
2026-05-13 01:00:00,51.0824568833333,0,0,0,0,0,0,0.02429,1.53491833333333,7.56541,9.85738333333333,6.437665,4.27244833333333,3.38876166666667,3.05527833333333,2.90526666666667,1.87820666666667,1.11169833333333,0.755211666666667,0.579878333333333,0.578223333333333,0.5873,0.66528,0.696055,0.655331666666667,0.537135,0.491243333333333,0.459295,0.432066666666667,0.388913333333333,0.373271666666667,0.310438333333333,0.325046666666667,0.258406666666667,0.23671,0.199486666666667,0.175695,0.149515,0.11368,0.0879316666666667,0.066275,0.0638066666666667,0.0464583333333333,0.0407566666666667,0.0274816666666667,0.02054,0.02173,0.0192283333333333,0.0177266666666667,0.0123783333333333,0.01457,0.010855,0.00744833333333333,0.00511,0.004675,0.00656166666666667,0.00292166666666667,0.00352833333333333,0.00315166666666667,0.00114166666666667,0.002385,0.00147,0.00130833333333333,0.000628333333333333,0.000808333333333333,0.0000383333333333333,0.000421666666666667,0.00042,0.000418333333333333,0.000223333333333333,0.000193333333333333,0.000413333333333333,0.0000433333333333333,0.000126666666666667,0.000136666666666667,0.000146666666666667,0.000156666666666667,0.000166666666666667,0.00005,0,1,0,0,0,0,0,0,1,1,1,1,1,1,1,1,1,1,1,1,1,1,1,1,1,1,1,1,1,1,1,1,1,1,1,1,1,1,1,1,1,1,1,1,1,1,1,1,1,1,1,1,1,1,1,1,1,1,1,1,1,1,1,1,1,1,1,1,1,1,1,1,1,1,1,1,1,1,1,1,0
2026-05-13 02:00:00,57.4823424333333,0,0,0,0,0,0,0.0211783333333333,1.76751,8.32283,10.3805366666667,6.89754166666667,4.67594166666667,3.77539166666667,3.375335,3.35743333333333,2.24911,1.245125,0.876121666666667,0.71535,0.668611666666667,0.689415,0.778063333333333,0.832125,0.736586666666667,0.630775,0.582833333333333,0.52227,0.487406666666667,0.429671666666667,0.441545,0.371026666666667,0.401628333333333,0.316733333333333,0.268765,0.218288333333333,0.210861666666667,0.170293333333333,0.14242,0.107978333333333,0.0887033333333333,0.0724,0.0525133333333333,0.0436933333333333,0.0415783333333333,0.0349516666666667,0.0281583333333333,0.0263933333333333,0.0198233333333333,0.016225,0.0175266666666667,0.0111066666666667,0.00754166666666667,0.00763333333333333,0.00607666666666667,0.00778666666666667,0.00715,0.00573333333333333,0.00387,0.00145,0.00128333333333333,0.00255833333333333,0.000748333333333333,0.000913333333333333,0.000423333333333333,0.00046,0.000421666666666667,0.00042,0,0,0.000415,0,0.000866666666666667,0.000126666666666667,0.000136666666666667,0.000146666666666667,0.000156666666666667,0.000166666666666667,0.00005,0,1,0,0,0,0,0,0,1,1,1,1,1,1,1,1,1,1,1,1,1,1,1,1,1,1,1,1,1,1,1,1,1,1,1,1,1,1,1,1,1,1,1,1,1,1,1,1,1,1,1,1,1,1,1,1,1,1,1,1,1,1,1,1,1,1,1,1,1,1,1,1,1,1,1,1,1,1,1,1,0
2026-05-13 03:00:00,60.4401084333333,0,0,0,0,0,0,0.031995,1.94253833333333,8.75867333333333,10.6121716666667,7.08974,4.833525,4.04696,3.55581833333333,3.46143666666667,2.31848166666667,1.30717833333333,0.938825,0.768145,0.743171666666667,0.801253333333333,0.906376666666667,0.892798333333333,0.826111666666667,0.731091666666667,0.664595,0.613353333333333,0.585958333333333,0.457091666666667,0.473691666666667,0.425345,0.38984,0.351358333333333,0.301086666666667,0.251383333333333,0.235128333333333,0.184173333333333,0.172801666666667,0.148153333333333,0.10544,0.0884516666666667,0.0774733333333333,0.0702233333333333,0.0572066666666667,0.0442533333333333,0.0427533333333333,0.0297583333333333,0.026745,0.022375,0.0181083333333333,0.0154433333333333,0.011255,0.010165,0.00928833333333333,0.00875833333333333,0.00309,0.003755,0.002925,0.00351333333333333,0.00135666666666667,0.00213333333333333,0.000425,0.000773333333333333,0.0005,0.00126833333333333,0.000421666666666667,0.000288333333333333,0.00138666666666667,0.000833333333333333,0,0.00016,0.00034,0.000253333333333333,0.000271666666666667,0.000291666666666667,0.000313333333333333,0.000335,0.0000983333333333333,0,1,0,0,0,0,0,0,1,1,1,1,1,1,1,1,1,1,1,1,1,1,1,1,1,1,1,1,1,1,1,1,1,1,1,1,1,1,1,1,1,1,1,1,1,1,1,1,1,1,1,1,1,1,1,1,1,1,1,1,1,1,1,1,1,1,1,1,1,1,1,1,1,1,1,1,1,1,1,1,0
2026-05-13 04:00:00,42.74458025,0,0,0,0,0,0,0.021775,1.34756333333333,5.8355,7.21323166666667,4.73710833333333,3.301625,2.83537166666667,2.50349833333333,2.45111,1.70321333333333,0.956385,0.709938333333333,0.633626666666667,0.605473333333333,0.652983333333333,0.708441666666667,0.68214,0.643481666666667,0.571148333333333,0.524061666666667,0.474246666666667,0.45611,0.422631666666667,0.379278333333333,0.325103333333333,0.312956666666667,0.277085,0.231365,0.216455,0.178703333333333,0.156168333333333,0.122066666666667,0.0977283333333333,0.090305,0.0691833333333333,0.0594816666666667,0.0424916666666667,0.0344533333333333,0.0351533333333333,0.02639,0.0203666666666667,0.020495,0.0136933333333333,0.00990833333333333,0.008645,0.0072,0.010585,0.004675,0.00369833333333333,0.00228333333333333,0.00212,0.00289666666666667,0.000538333333333333,0,0.000426666666666667,0.000323333333333333,0.000913333333333333,0.000885,0,0.00112666666666667,0.000558333333333333,0,0.00064,0.000193333333333333,0,0.000195,0.00057,0.000611666666666667,0.000656666666666667,0.000705,0.000753333333333333,0.000221666666666667,0,1,0,0,0,0,0,0,1,1,1,1,1,1,1,1,1,1,1,1,1,1,1,1,1,1,1,1,1,1,1,1,1,1,1,1,1,1,1,1,1,1,1,1,1,1,1,1,1,1,1,1,1,1,1,1,1,1,1,1,1,1,1,1,1,1,1,1,1,1,1,1,1,1,1,1,1,1,1,1,0
2026-05-13 05:00:00,19.5034522333333,0,0,0,0,0,0,0.00717333333333333,0.498205,2.38965666666667,3.24744,2.18227,1.653515,1.31058333333333,1.21293833333333,1.22038833333333,0.873385,0.464506666666667,0.36257,0.284051666666667,0.271383333333333,0.285856666666667,0.30508,0.320511666666667,0.288665,0.279196666666667,0.22213,0.227276666666667,0.198681666666667,0.159278333333333,0.152133333333333,0.134755,0.135283333333333,0.10547,0.0951733333333333,0.0845383333333333,0.0678933333333333,0.0528516666666667,0.0508266666666667,0.0336433333333333,0.0294283333333333,0.0251883333333333,0.0235933333333333,0.0204016666666667,0.016245,0.0120083333333333,0.0100033333333333,0.00541666666666667,0.00339,0.00206,0.00360333333333333,0.00165,0.000843333333333333,0.00369833333333333,0.00132833333333333,0.000608333333333333,0,0.00043,0,0.000175,0.000251666666666667,0.000616666666666667,0.00056,0.000101666666666667,0.000423333333333333,0.000421666666666667,0.000843333333333333,0,0,0,0,0.000413333333333333,0,0,0,0,0,0,0,0,1,0,0,0,0,0,0,1,1,1,1,1,1,1,1,1,1,1,1,1,1,1,1,1,1,1,1,1,1,1,1,1,1,1,1,1,1,1,1,1,1,1,1,1,1,1,1,1,1,1,1,1,1,1,1,1,1,1,1,1,1,1,1,1,1,1,1,1,1,1,1,1,1,1,1,1,1,1,1,0
2026-05-13 06:00:00,31.86891265,0,0,0,0,0,0,0.0104616666666667,0.768518333333333,3.60765333333333,4.99274666666667,3.55062,2.70728833333333,2.21742833333333,2.14240833333333,2.03862,1.52435,0.788826666666667,0.569413333333333,0.516883333333333,0.471286666666667,0.453561666666667,0.523061666666667,0.54091,0.517291666666667,0.455196666666667,0.381841666666667,0.354498333333333,0.33012,0.281445,0.2698,0.244496666666667,0.202533333333333,0.19691,0.154956666666667,0.134731666666667,0.114335,0.10577,0.0883,0.0669,0.0546266666666667,0.0484616666666667,0.0361083333333333,0.0327016666666667,0.0228133333333333,0.0163283333333333,0.01504,0.0137816666666667,0.00989333333333333,0.00702833333333333,0.00509333333333333,0.00548833333333333,0.00209666666666667,0.00415666666666667,0.00107333333333333,0.00124166666666667,0.00177166666666667,0.00129,0.002035,0.001395,0.000855,0.00019,0.000236666666666667,0,0,0,0,0,0.000418333333333333,0,0,0,0,0,0,0,0,0,0,0,1,0,0,0,0,0,0,1,1,1,1,1,1,1,1,1,1,1,1,1,1,1,1,1,1,1,1,1,1,1,1,1,1,1,1,1,1,1,1,1,1,1,1,1,1,1,1,1,1,1,1,1,1,1,1,1,1,1,1,1,1,1,1,1,1,1,1,1,1,1,1,1,1,1,1,1,1,1,1,0
2026-05-13 07:00:00,28.94042165,0,0,0,0,0,0,0.010345,0.68788,3.23412,4.492855,3.20168666666667,2.35249833333333,2.02602166666667,1.892155,1.84782333333333,1.40715166666667,0.792416666666667,0.600793333333333,0.493685,0.472333333333333,0.512043333333333,0.535988333333333,0.530823333333333,0.502165,0.446973333333333,0.416985,0.380925,0.348175,0.310435,0.28351,0.225638333333333,0.193306666666667,0.172431666666667,0.151713333333333,0.140298333333333,0.119405,0.0952316666666667,0.0814383333333333,0.060805,0.0550316666666667,0.0378666666666667,0.0370333333333333,0.0280733333333333,0.02337,0.0144083333333333,0.0107133333333333,0.0101983333333333,0.007865,0.00990666666666667,0.003995,0.00603333333333333,0.00718166666666667,0.00317333333333333,0.00226166666666667,0.00179666666666667,0.00102,0.00174833333333333,0.001635,0.000428333333333333,0,0.00104333333333333,0.000236666666666667,0.001275,0.000808333333333333,0.000461666666666667,0.000421666666666667,0,0.000398333333333333,0.0000183333333333333,0.000415,0,0.000065,0.00019,0.000205,0.00022,0.000235,0.00025,0.000075,0,1,0,0,0,0,0,0,1,1,1,1,1,1,1,1,1,1,1,1,1,1,1,1,1,1,1,1,1,1,1,1,1,1,1,1,1,1,1,1,1,1,1,1,1,1,1,1,1,1,1,1,1,1,1,1,1,1,1,1,1,1,1,1,1,1,1,1,1,1,1,1,1,1,1,1,1,1,1,1,0
2026-05-13 08:00:00,19.7878550333333,0,0,0,0,0,0,0.00871833333333333,0.474205,2.25315666666667,2.72728,1.91252166666667,1.43408,1.252245,1.221375,1.24491666666667,0.980995,0.604495,0.445921666666667,0.388123333333333,0.355321666666667,0.370911666666667,0.39777,0.405746666666667,0.357678333333333,0.332481666666667,0.30607,0.269385,0.258146666666667,0.220498333333333,0.21272,0.15847,0.155831666666667,0.137443333333333,0.11416,0.08855,0.0853883333333333,0.0733683333333333,0.0559466666666667,0.0480383333333333,0.040105,0.0374466666666667,0.02899,0.0223216666666667,0.01369,0.0151066666666667,0.00870833333333333,0.00948,0.00866666666666667,0.00715333333333333,0.00578166666666667,0.00175666666666667,0.00207333333333333,0.00326833333333333,0.00184833333333333,0.00472833333333333,0.00148,0.00197833333333333,0.000516666666666667,0.001285,0.000426666666666667,0.000426666666666667,0,0.00119833333333333,0.000923333333333333,0,0.001265,0,0,0.000223333333333333,0.000193333333333333,0,0.000281666666666667,0.000823333333333333,0.000883333333333333,0.000948333333333333,0.00101833333333333,0.00108833333333333,0.00032,0,1,0,0,0,0,0,0,1,1,1,1,1,1,1,1,1,1,1,1,1,1,1,1,1,1,1,1,1,1,1,1,1,1,1,1,1,1,1,1,1,1,1,1,1,1,1,1,1,1,1,1,1,1,1,1,1,1,1,1,1,1,1,1,1,1,1,1,1,1,1,1,1,1,1,1,1,1,1,1,0
2026-05-13 09:00:00,16.2910580666667,0,0,0,0,0,0,0.00785,0.472201666666667,2.08606666666667,2.48031,1.70806333333333,1.24105333333333,1.06827833333333,0.976285,0.928603333333333,0.738505,0.485781666666667,0.322891666666667,0.317943333333333,0.310023333333333,0.327555,0.316223333333333,0.326001666666667,0.288978333333333,0.274236666666667,0.261428333333333,0.20927,0.19424,0.167323333333333,0.159491666666667,0.134468333333333,0.140593333333333,0.101566666666667,0.093035,0.0809083333333333,0.06201,0.056785,0.0488916666666667,0.0396783333333333,0.0312966666666667,0.0212783333333333,0.020325,0.0154183333333333,0.013255,0.0124816666666667,0.00897,0.00657,0.00819166666666667,0.00562666666666667,0.00592166666666667,0.00421166666666667,0.005105,0.00165666666666667,0.00325833333333333,0.00150666666666667,0.000911666666666667,0.00043,0.00086,0.00103166666666667,0.00110666666666667,0.00104333333333333,0.00193666666666667,0.00119833333333333,0.0005,0,0.000421666666666667,0,0,0.000416666666666667,0,0.000826666666666667,0.000585,0.000506666666666667,0.000545,0.000585,0.000626666666666667,0.000668333333333333,0.000198333333333333,0,1,0,0,0,0,0,0,1,1,1,1,1,1,1,1,1,1,1,1,1,1,1,1,1,1,1,1,1,1,1,1,1,1,1,1,1,1,1,1,1,1,1,1,1,1,1,1,1,1,1,1,1,1,1,1,1,1,1,1,1,1,1,1,1,1,1,1,1,1,1,1,1,1,1,1,1,1,1,1,0
2026-05-13 10:00:00,15.8927802166667,0,0,0,0,0,0,0.008385,0.540686666666667,2.30843666666667,2.79371,1.80548166666667,1.19115333333333,1.00536333333333,0.956985,0.916936666666667,0.66741,0.420186666666667,0.29499,0.253568333333333,0.239228333333333,0.238283333333333,0.262608333333333,0.276065,0.229853333333333,0.20399,0.189545,0.172303333333333,0.151418333333333,0.130045,0.129536666666667,0.10875,0.10699,0.0834016666666667,0.0793133333333333,0.065405,0.052475,0.0462633333333333,0.04392,0.03102,0.02157,0.0202583333333333,0.0177033333333333,0.0147166666666667,0.0110166666666667,0.0117116666666667,0.00829,0.00521166666666667,0.00429333333333333,0.00532166666666667,0.00449666666666667,0.00297166666666667,0.00339666666666667,0.00120166666666667,0.00289666666666667,0.00156,0.00131833333333333,0.000831666666666667,0.00166166666666667,0.000055,0.000426666666666667,0.000853333333333333,0.00085,0,0.000385,0.0000383333333333333,0.000566666666666667,0.000276666666666667,0,0,0.000415,0,0.000108333333333333,0.000316666666666667,0.000341666666666667,0.000366666666666667,0.000391666666666667,0.000416666666666667,0.000125,0,1,0,0,0,0,0,0,1,1,1,1,1,1,1,1,1,1,1,1,1,1,1,1,1,1,1,1,1,1,1,1,1,1,1,1,1,1,1,1,1,1,1,1,1,1,1,1,1,1,1,1,1,1,1,1,1,1,1,1,1,1,1,1,1,1,1,1,1,1,1,1,1,1,1,1,1,1,1,1,0
2026-05-13 11:00:00,14.7991584333333,0,0,0,0,0,0,0.00782666666666667,0.541578333333333,2.18344,2.44155,1.56119833333333,1.04403,0.914218333333333,0.837563333333333,0.83132,0.617895,0.396903333333333,0.269666666666667,0.246766666666667,0.223118333333333,0.22316,0.228056666666667,0.224813333333333,0.213621666666667,0.194631666666667,0.175268333333333,0.163678333333333,0.14418,0.128811666666667,0.12596,0.115545,0.0923183333333333,0.09845,0.0735583333333333,0.0596016666666667,0.0572466666666667,0.0435533333333333,0.0375566666666667,0.038025,0.0273716666666667,0.019945,0.01927,0.01111,0.0112366666666667,0.0117716666666667,0.0133716666666667,0.00795666666666667,0.00541833333333333,0.00628833333333333,0.00509333333333333,0.004255,0.005835,0.003885,0.00428,0.00309,0.00182333333333333,0.00163333333333333,0.003095,0.001285,0.000855,0.00298666666666667,0.00202333333333333,0.000526666666666667,0.000385,0.000883333333333333,0.000843333333333333,0.000708333333333333,0.000948333333333333,0.000241666666666667,0.000608333333333333,0.000413333333333333,0.00106,0.000695,0.000748333333333333,0.000803333333333333,0.000861666666666667,0.00092,0.000271666666666667,0,1,0,0,0,0,0,0,1,1,1,1,1,1,1,1,1,1,1,1,1,1,1,1,1,1,1,1,1,1,1,1,1,1,1,1,1,1,1,1,1,1,1,1,1,1,1,1,1,1,1,1,1,1,1,1,1,1,1,1,1,1,1,1,1,1,1,1,1,1,1,1,1,1,1,1,1,1,1,1,0
2026-05-13 12:00:00,17.97341055,0,0,0,0,0,0,0.00944833333333333,0.67741,2.88084666666667,3.116515,1.94810666666667,1.28900166666667,1.07646166666667,0.976935,0.961865,0.712285,0.446873333333333,0.308345,0.250408333333333,0.241931666666667,0.241718333333333,0.281456666666667,0.29281,0.243788333333333,0.210643333333333,0.192405,0.18323,0.147178333333333,0.13774,0.124196666666667,0.120583333333333,0.119943333333333,0.0923983333333333,0.0858783333333333,0.068475,0.063165,0.0502666666666667,0.0382516666666667,0.0355466666666667,0.0259133333333333,0.0214583333333333,0.0187966666666667,0.01436,0.0174816666666667,0.0120083333333333,0.007325,0.00795,0.00916833333333333,0.008555,0.00813,0.005015,0.00376,0.00310333333333333,0.00412833333333333,0.00309,0.00142166666666667,0.00255166666666667,0.00209166666666667,0.00023,0.00239,0.00123333333333333,0.000898333333333333,0,0.000385,0.000385,0.00078,0.000558333333333333,0.001255,0.000416666666666667,0.000173333333333333,0.000653333333333333,0.000758333333333333,0.00101333333333333,0.00109,0.00117,0.00125333333333333,0.00133666666666667,0.000396666666666667,0,1,0,0,0,0,0,0,1,1,1,1,1,1,1,1,1,1,1,1,1,1,1,1,1,1,1,1,1,1,1,1,1,1,1,1,1,1,1,1,1,1,1,1,1,1,1,1,1,1,1,1,1,1,1,1,1,1,1,1,1,1,1,1,1,1,1,1,1,1,1,1,1,1,1,1,1,1,1,1,0
2026-05-13 13:00:00,18.23245755,0,0,0,0,0,0,0.0133016666666667,0.661963333333333,2.72020833333333,3.10871833333333,1.82406166666667,1.25385,1.06748166666667,1.09637166666667,0.951788333333333,0.627225,0.438535,0.322653333333333,0.280995,0.276573333333333,0.292621666666667,0.292788333333333,0.298845,0.272535,0.224676666666667,0.226753333333333,0.22711,0.210923333333333,0.159803333333333,0.172083333333333,0.156746666666667,0.129726666666667,0.112,0.0927883333333333,0.0828783333333333,0.0821533333333333,0.0737666666666667,0.0500583333333333,0.04343,0.0278116666666667,0.0251766666666667,0.0220733333333333,0.0152466666666667,0.019325,0.01542,0.0135083333333333,0.0117783333333333,0.0119266666666667,0.00682166666666667,0.00813,0.00588166666666667,0.00335,0.00494666666666667,0.00235,0.00386666666666667,0.00233833333333333,0.00241,0.00212333333333333,0.00114166666666667,0.000678333333333333,0.00128,0,0.00208666666666667,0.000846666666666667,0.00046,0,0.00112833333333333,0.00134666666666667,0.000676666666666667,0.000193333333333333,0.000413333333333333,0.000236666666666667,0.000695,0.00075,0.000805,0.000861666666666667,0.000918333333333333,0.000273333333333333,0,1,0,0,0,0,0,0,1,1,1,1,1,1,1,1,1,1,1,1,1,1,1,1,1,1,1,1,1,1,1,1,1,1,1,1,1,1,1,1,1,1,1,1,1,1,1,1,1,1,1,1,1,1,1,1,1,1,1,1,1,1,1,1,1,1,1,1,1,1,1,1,1,1,1,1,1,1,1,1,0
2026-05-13 14:00:00,21.8671246166667,0,0,0,0,0,0,0.012555,0.757871666666667,3.606565,4.14254666666667,2.46574,1.588185,1.290475,1.25635166666667,1.09353666666667,0.698423333333333,0.505523333333333,0.352373333333333,0.283625,0.270643333333333,0.266325,0.303206666666667,0.290205,0.252311666666667,0.235921666666667,0.192603333333333,0.183603333333333,0.16842,0.166143333333333,0.171265,0.125283333333333,0.124906666666667,0.0945066666666667,0.08641,0.074685,0.057265,0.0554916666666667,0.0455716666666667,0.0407433333333333,0.0311483333333333,0.0186116666666667,0.0161716666666667,0.017635,0.00940333333333333,0.0116883333333333,0.0100983333333333,0.0130216666666667,0.00764833333333333,0.003225,0.006325,0.00384,0.00417,0.00442333333333333,0.00344166666666667,0.00334666666666667,0.000991666666666667,0.00126166666666667,0.002405,0.00145,0.00128166666666667,0.000426666666666667,0.000323333333333333,0.000488333333333333,0.0000383333333333333,0.000423333333333333,0.000421666666666667,0.000708333333333333,0.000131666666666667,0.00166666666666667,0.000415,0,0.00116833333333333,0.00101166666666667,0.00108833333333333,0.00116833333333333,0.00125333333333333,0.00133833333333333,0.000395,0,1,0,0,0,0,0,0,1,1,1,1,1,1,1,1,1,1,1,1,1,1,1,1,1,1,1,1,1,1,1,1,1,1,1,1,1,1,1,1,1,1,1,1,1,1,1,1,1,1,1,1,1,1,1,1,1,1,1,1,1,1,1,1,1,1,1,1,1,1,1,1,1,1,1,1,1,1,1,1,0
2026-05-13 15:00:00,24.8921169,0,0,0,0,0,0,0.0179416666666667,1.08153166666667,4.25498166666667,4.58642,2.76955333333333,1.82321333333333,1.48103,1.45543833333333,1.25313666666667,0.864721666666667,0.612163333333333,0.414126666666667,0.350533333333333,0.317316666666667,0.335516666666667,0.345535,0.341523333333333,0.329353333333333,0.281178333333333,0.248651666666667,0.24223,0.236073333333333,0.198353333333333,0.189476666666667,0.169141666666667,0.165236666666667,0.13296,0.1255,0.117938333333333,0.0971766666666667,0.0788233333333333,0.06451,0.051685,0.034335,0.0314233333333333,0.031985,0.02168,0.0165233333333333,0.0119083333333333,0.0152566666666667,0.010975,0.00743,0.00870833333333333,0.00657166666666667,0.00675,0.007515,0.00399,0.005925,0.00400666666666667,0.00486666666666667,0.0043,0.004525,0.00192166666666667,0.00417166666666667,0.00189666666666667,0.00173333333333333,0.00229,0.00127,0.000461666666666667,0,0.00154833333333333,0.00055,0.000833333333333333,0.00141833333333333,0.00106666666666667,0.000715,0.000886666666666667,0.000951666666666667,0.00102166666666667,0.00109666666666667,0.00117166666666667,0.000345,0,1,0,0,0,0,0,0,1,1,1,1,1,1,1,1,1,1,1,1,1,1,1,1,1,1,1,1,1,1,1,1,1,1,1,1,1,1,1,1,1,1,1,1,1,1,1,1,1,1,1,1,1,1,1,1,1,1,1,1,1,1,1,1,1,1,1,1,1,1,1,1,1,1,1,1,1,1,1,1,0
2026-05-13 16:00:00,23.6976398958333,0,0,0,0,0,0,0.0154125,0.787375,3.59665833333333,4.3704125,2.73385416666667,1.95132916666667,1.57244166666667,1.48840416666667,1.14331666666667,0.76406875,0.5256,0.38553125,0.313620833333333,0.2913375,0.307891666666667,0.315327083333333,0.300658333333333,0.29501875,0.26603125,0.2273625,0.208704166666667,0.205395833333333,0.183477083333333,0.177714583333333,0.151775,0.170595833333333,0.12809375,0.11646875,0.1108125,0.0730333333333333,0.075575,0.0585645833333333,0.0425208333333333,0.0354104166666667,0.0257541666666667,0.023225,0.01894375,0.0124875,0.0169020833333333,0.00862083333333333,0.0104895833333333,0.00885833333333333,0.00375,0.00899375,0.00908333333333333,0.005725,0.00522291666666667,0.00500833333333333,0.0034875,0.00260833333333333,0.00175625,0.00186458333333333,0.00242916666666667,0.00191458333333333,0.000533333333333333,0.0010625,0.00154583333333333,0.00211666666666667,0.00134791666666667,0.00151666666666667,0.00139583333333333,0.000522916666666667,0.0008,0.00127916666666667,0.000716666666666667,0.0009125,0.0002375,0.00025625,0.000275,0.00029375,0.0003125,0.00009375,0,1,0,0,0,0,0,0,1,1,1,1,1,1,1,1,1,1,1,1,1,1,1,1,1,1,1,1,1,1,1,1,1,1,1,1,1,1,1,1,1,1,1,1,1,1,1,1,1,1,1,1,1,1,1,1,1,1,1,1,1,1,1,1,1,1,1,1,1,1,1,1,1,1,1,1,1,1,1,1,0
2026-05-13 17:00:00,23.96214494,0,0,0,0,0,0,0.0123,0.701744,3.2001,3.811778,2.563446,1.87014,1.684158,1.615684,1.534288,1.058292,0.668462,0.445484,0.383872,0.372998,0.394636,0.413054,0.371774,0.349316,0.291304,0.269718,0.266716,0.237218,0.219598,0.20225,0.170118,0.175884,0.142508,0.118152,0.098912,0.090744,0.078618,0.057804,0.051944,0.039412,0.029856,0.02925,0.021006,0.012512,0.01266,0.019144,0.01048,0.010308,0.007364,0.006244,0.008566,0.002542,0.007382,0.005176,0.002822,0.003316,0.002236,0.001786,0.001514,0.001118,0.000512,0.000388,0.000632,0.000508,0.001938,0.00009,0.000504,0,0,0,0.000192,0.000876,0.000228,0.000246,0.000264,0.000282,0.0003,0.00009,0,1,0,0,0,0,0,0,1,1,1,1,1,1,1,1,1,1,1,1,1,1,1,1,1,1,1,1,1,1,1,1,1,1,1,1,1,1,1,1,1,1,1,1,1,1,1,1,1,1,1,1,1,1,1,1,1,1,1,1,1,1,1,1,1,1,1,1,1,1,1,1,1,1,1,1,1,1,1,1,0
2026-05-13 18:00:00,30.0777977333333,0,0,0,0,0,0,0.01286,1.01502,4.28797,4.82736833333333,3.10897666666667,2.22749833333333,1.965955,1.951825,1.79337333333333,1.22419166666667,0.839956666666667,0.611021666666667,0.482186666666667,0.457481666666667,0.497176666666667,0.507071666666667,0.481205,0.448628333333333,0.376928333333333,0.359635,0.317856666666667,0.330396666666667,0.278926666666667,0.282555,0.23337,0.212443333333333,0.171188333333333,0.159453333333333,0.131118333333333,0.105778333333333,0.0818216666666667,0.0784,0.06294,0.05163,0.0402933333333333,0.0294733333333333,0.0322566666666667,0.0226,0.0203366666666667,0.014295,0.0168466666666667,0.01341,0.00861,0.00845,0.00741333333333333,0.00624333333333333,0.00415333333333333,0.00269333333333333,0.004765,0.001875,0.00189166666666667,0.00234666666666667,0.003405,0.00264166666666667,0.00104333333333333,0.00141,0.000101666666666667,0.000423333333333333,0,0.001265,0.00042,0,0.000416666666666667,0.000415,0,0.000585,0.000506666666666667,0.000546666666666667,0.000586666666666667,0.000626666666666667,0.000666666666666667,0.0002,0,1,0,0,0,0,0,0,1,1,1,1,1,1,1,1,1,1,1,1,1,1,1,1,1,1,1,1,1,1,1,1,1,1,1,1,1,1,1,1,1,1,1,1,1,1,1,1,1,1,1,1,1,1,1,1,1,1,1,1,1,1,1,1,1,1,1,1,1,1,1,1,1,1,1,1,1,1,1,1,0
2026-05-13 19:00:00,36.62189555,0,0,0,0,0,0,0.0229616666666667,1.271995,5.45891166666667,6.23076666666667,3.97576,2.69542,2.26314,2.27286333333333,2.082465,1.42012333333333,0.936556666666667,0.647145,0.533338333333333,0.48667,0.533728333333333,0.55072,0.558848333333333,0.478088333333333,0.442968333333333,0.37941,0.36127,0.364223333333333,0.332121666666667,0.29398,0.255961666666667,0.254346666666667,0.210135,0.158185,0.136413333333333,0.11663,0.108198333333333,0.08097,0.0652883333333333,0.0567316666666667,0.0456166666666667,0.0336483333333333,0.0333216666666667,0.028755,0.0189233333333333,0.01587,0.0181483333333333,0.0138966666666667,0.00899166666666667,0.009525,0.00887333333333333,0.00334833333333333,0.00710666666666667,0.001575,0.00367166666666667,0.00465,0.00372833333333333,0.000803333333333333,0.000055,0.000855,0.000806666666666667,0.00122166666666667,0.000101666666666667,0,0.000421666666666667,0.000283333333333333,0.000138333333333333,0.000418333333333333,0,0.000415,0,0.0000216666666666667,0.0000633333333333333,0.0000683333333333333,0.0000733333333333333,0.0000783333333333333,0.0000833333333333333,0.000025,0,1,0,0,0,0,0,0,1,1,1,1,1,1,1,1,1,1,1,1,1,1,1,1,1,1,1,1,1,1,1,1,1,1,1,1,1,1,1,1,1,1,1,1,1,1,1,1,1,1,1,1,1,1,1,1,1,1,1,1,1,1,1,1,1,1,1,1,1,1,1,1,1,1,1,1,1,1,1,1,0
2026-05-13 20:00:00,33.61507075,0,0,0,0,0,0,0.0143683333333333,1.01413166666667,4.591225,5.50965833333333,3.58845833333333,2.56902166666667,2.16908,2.03910166666667,1.96852333333333,1.43329333333333,0.85753,0.633251666666667,0.532296666666667,0.47214,0.497973333333333,0.530933333333333,0.503573333333333,0.474713333333333,0.405441666666667,0.388126666666667,0.353871666666667,0.336468333333333,0.294363333333333,0.272498333333333,0.231831666666667,0.21802,0.195403333333333,0.163655,0.138481666666667,0.126841666666667,0.107301666666667,0.0872733333333333,0.0814166666666667,0.068235,0.05211,0.0427783333333333,0.036465,0.0250833333333333,0.0205883333333333,0.0171983333333333,0.0146733333333333,0.0134783333333333,0.00892833333333333,0.01027,0.00929166666666667,0.00749833333333333,0.00624166666666667,0.00310666666666667,0.00452666666666667,0.00182833333333333,0.00252333333333333,0.00203333333333333,0.001395,0.000855,0.000806666666666667,0.00122166666666667,0.000101666666666667,0.000846666666666667,0.000421666666666667,0.001265,0.00084,0.000418333333333333,0.000223333333333333,0.000366666666666667,0.000653333333333333,0.0000216666666666667,0.0000633333333333333,0.0000683333333333333,0.0000733333333333333,0.0000783333333333333,0.0000833333333333333,0.000025,0,1,0,0,0,0,0,0,1,1,1,1,1,1,1,1,1,1,1,1,1,1,1,1,1,1,1,1,1,1,1,1,1,1,1,1,1,1,1,1,1,1,1,1,1,1,1,1,1,1,1,1,1,1,1,1,1,1,1,1,1,1,1,1,1,1,1,1,1,1,1,1,1,1,1,1,1,1,1,1,0
2026-05-13 21:00:00,34.8438508666667,0,0,0,0,0,0,0.01229,1.03502,4.675155,5.693505,3.79983166666667,2.61630666666667,2.11499166666667,2.03520166666667,2.02795166666667,1.61182666666667,0.933015,0.696775,0.592721666666667,0.514698333333333,0.544636666666667,0.602403333333333,0.604521666666667,0.566071666666667,0.474748333333333,0.442073333333333,0.419418333333333,0.374176666666667,0.333611666666667,0.316633333333333,0.269856666666667,0.266716666666667,0.2251,0.187656666666667,0.168163333333333,0.162386666666667,0.124058333333333,0.11808,0.0929083333333333,0.0668816666666667,0.0642283333333333,0.0454533333333333,0.0455066666666667,0.03946,0.0331316666666667,0.02618,0.02544,0.0136866666666667,0.0133466666666667,0.0137716666666667,0.0138483333333333,0.00585666666666667,0.00641,0.00332833333333333,0.001885,0.00400166666666667,0.00186333333333333,0.001865,0.00199833333333333,0.001535,0.00170666666666667,0.000425,0.000811666666666667,0.000885,0,0.000421666666666667,0.00084,0.000418333333333333,0,0,0,0.0000216666666666667,0.0000633333333333333,0.0000683333333333333,0.0000733333333333333,0.0000783333333333333,0.0000833333333333333,0.000025,0,1,0,0,0,0,0,0,1,1,1,1,1,1,1,1,1,1,1,1,1,1,1,1,1,1,1,1,1,1,1,1,1,1,1,1,1,1,1,1,1,1,1,1,1,1,1,1,1,1,1,1,1,1,1,1,1,1,1,1,1,1,1,1,1,1,1,1,1,1,1,1,1,1,1,1,1,1,1,1,0
2026-05-13 22:00:00,37.3404623166667,0,0,0,0,0,0,0.0175366666666667,1.07610666666667,5.12036166666667,6.88137833333333,4.71050333333333,3.25412333333333,2.61599,2.344055,2.28624833333333,1.52686666666667,0.798103333333333,0.588971666666667,0.519665,0.44027,0.447943333333333,0.47399,0.490796666666667,0.4368,0.398281666666667,0.356106666666667,0.327543333333333,0.29223,0.291958333333333,0.262961666666667,0.234825,0.194073333333333,0.16497,0.148173333333333,0.124976666666667,0.108006666666667,0.0780666666666667,0.080815,0.0657466666666667,0.0456333333333333,0.0422466666666667,0.0347533333333333,0.0342083333333333,0.020765,0.02182,0.0148383333333333,0.014245,0.0111616666666667,0.00995666666666667,0.006085,0.00625166666666667,0.00378166666666667,0.00713166666666667,0.00200666666666667,0.00334666666666667,0.00236666666666667,0.00220833333333333,0.000258333333333333,0.00035,0.00136,0.00166,0.00122166666666667,0.000951666666666667,0,0,0,0,0,0,0,0,0,0,0,0,0,0,0,0,1,0,0,0,0,0,0,1,1,1,1,1,1,1,1,1,1,1,1,1,1,1,1,1,1,1,1,1,1,1,1,1,1,1,1,1,1,1,1,1,1,1,1,1,1,1,1,1,1,1,1,1,1,1,1,1,1,1,1,1,1,1,1,1,1,1,1,1,1,1,1,1,1,1,1,1,1,1,1,0
2026-05-13 23:00:00,35.5887879,0,0,0,0,0,0,0.0135033333333333,0.97848,4.917135,7.07344666666667,4.98787666666667,3.48545166666667,2.66317166666667,2.22570166666667,2.05089,1.29581166666667,0.621256666666667,0.459178333333333,0.34542,0.31398,0.335821666666667,0.382558333333333,0.368616666666667,0.33501,0.323041666666667,0.263715,0.246851666666667,0.224971666666667,0.199181666666667,0.207328333333333,0.170591666666667,0.159048333333333,0.117565,0.111025,0.0929816666666667,0.0811783333333333,0.0712133333333333,0.0610383333333333,0.04373,0.03567,0.0312,0.0235616666666667,0.0184783333333333,0.0140983333333333,0.0175466666666667,0.0147016666666667,0.008015,0.00819333333333333,0.00725833333333333,0.00555333333333333,0.00689666666666667,0.00414666666666667,0.00530833333333333,0.00207666666666667,0.00248166666666667,0.000103333333333333,0,0.00086,0.000603333333333333,0.00153333333333333,0.000853333333333333,0,0.000386666666666667,0.0000383333333333333,0,0.000421666666666667,0,0.000418333333333333,0,0,0,0,0,0,0,0,0,0,0,1,0,0,0,0,0,0,1,1,1,1,1,1,1,1,1,1,1,1,1,1,1,1,1,1,1,1,1,1,1,1,1,1,1,1,1,1,1,1,1,1,1,1,1,1,1,1,1,1,1,1,1,1,1,1,1,1,1,1,1,1,1,1,1,1,1,1,1,1,1,1,1,1,1,1,1,1,1,1,0
2026-05-14,23.1991468166667,0,0,0,0,0,0,0.0125316666666667,0.755245,3.68348666666667,5.09650666666667,3.567195,2.32590333333333,1.69012,1.31203833333333,1.11858,0.68229,0.32053,0.228348333333333,0.15619,0.14917,0.145353333333333,0.160823333333333,0.178345,0.150286666666667,0.140528333333333,0.125603333333333,0.0962033333333333,0.0974166666666667,0.0831983333333333,0.07696,0.0688833333333333,0.055135,0.052785,0.0388666666666667,0.0360133333333333,0.03136,0.0237016666666667,0.0211133333333333,0.0197133333333333,0.00934,0.0116033333333333,0.00795333333333333,0.008595,0.00622666666666667,0.005805,0.0072,0.00492,0.00348,0.00295333333333333,0.003155,0.00221166666666667,0.00417,0.00215833333333333,0.000501666666666667,0.00124166666666667,0.00051,0.00229333333333333,0.00149,0.000483333333333333,0.000426666666666667,0,0,0,0.000385,0.0000383333333333333,0,0,0,0,0,0,0.0000216666666666667,0.0000633333333333333,0.0000683333333333333,0.0000733333333333333,0.0000783333333333333,0.0000833333333333333,0.000025,0,1,0,0,0,0,0,0,1,1,1,1,1,1,1,1,1,1,1,1,1,1,1,1,1,1,1,1,1,1,1,1,1,1,1,1,1,1,1,1,1,1,1,1,1,1,1,1,1,1,1,1,1,1,1,1,1,1,1,1,1,1,1,1,1,1,1,1,1,1,1,1,1,1,1,1,1,1,1,1,0
2026-05-14 01:00:00,46.3024377666667,0,0,0,0,0,0,0.0216566666666667,1.46376333333333,6.90531166666667,10.091285,7.77787,5.76269333333333,4.390235,3.29999,2.57073,1.11356833333333,0.492638333333333,0.300181666666667,0.183395,0.140175,0.135668333333333,0.165848333333333,0.176835,0.13872,0.117728333333333,0.100093333333333,0.0866433333333333,0.0759366666666667,0.0646683333333333,0.06925,0.05376,0.0501433333333333,0.043285,0.030365,0.03481,0.0239333333333333,0.0189766666666667,0.0158,0.01035,0.00654,0.00612333333333333,0.00454166666666667,0.004585,0.006035,0.00477166666666667,0.004545,0.002525,0.00248333333333333,0.00183333333333333,0.00192666666666667,0.00202166666666667,0.000843333333333333,0.001225,0.00162,0.000176666666666667,0.0000283333333333333,0.000401666666666667,0.000373333333333333,0.000055,0,0.000426666666666667,0,0.000386666666666667,0.0000383333333333333,0,0,0,0,0,0,0,0,0,0,0,0,0,0,0,1,0,0,0,0,0,0,1,1,1,1,1,1,1,1,1,1,1,1,1,1,1,1,1,1,1,1,1,1,1,1,1,1,1,1,1,1,1,1,1,1,1,1,1,1,1,1,1,1,1,1,1,1,1,1,1,1,1,1,1,1,1,1,1,1,1,1,1,1,1,1,1,1,1,1,1,1,1,1,0
2026-05-14 02:00:00,85.99764165,0,0,0,0,0,0,0.031785,2.310775,11.3363916666667,17.3989816666667,14.568535,11.5203116666667,9.46535,7.65773333333333,6.032365,1.983935,0.66348,0.404963333333333,0.286026666666667,0.223793333333333,0.202468333333333,0.234998333333333,0.258616666666667,0.214881666666667,0.18161,0.159798333333333,0.141736666666667,0.124143333333333,0.113018333333333,0.105328333333333,0.088085,0.0887033333333333,0.0748083333333333,0.055685,0.0449933333333333,0.048625,0.0362416666666667,0.023285,0.0204533333333333,0.0185366666666667,0.01008,0.008435,0.007805,0.00529333333333333,0.00911333333333333,0.00636833333333333,0.00513333333333333,0.00451166666666667,0.00226666666666667,0.001885,0.00379666666666667,0.00294,0.00266,0.000863333333333333,0.00253666666666667,0.000481666666666667,0,0.000858333333333333,0.000778333333333333,0.000503333333333333,0,0,0,0,0,0,0,0,0.000416666666666667,0,0,0,0,0,0,0,0,0,0,1,0,0,0,0,0,0,1,1,1,1,1,1,1,1,1,1,1,1,1,1,1,1,1,1,1,1,1,1,1,1,1,1,1,1,1,1,1,1,1,1,1,1,1,1,1,1,1,1,1,1,1,1,1,1,1,1,1,1,1,1,1,1,1,1,1,1,1,1,1,1,1,1,1,1,1,1,1,1,0
2026-05-14 03:00:00,89.7805095166667,0,0,0,0,0,0,0.0381133333333333,2.573215,12.6059716666667,18.5016233333333,14.82216,11.47565,9.49268333333333,7.65230166666667,6.202695,2.05486,0.795745,0.47232,0.322203333333333,0.249811666666667,0.241958333333333,0.25431,0.307165,0.264586666666667,0.219386666666667,0.18086,0.161378333333333,0.139541666666667,0.139725,0.123095,0.104135,0.0942633333333333,0.07536,0.06584,0.0480366666666667,0.0496833333333333,0.036645,0.0321466666666667,0.0182233333333333,0.0162566666666667,0.0137816666666667,0.0103716666666667,0.00737333333333333,0.00712833333333333,0.00677,0.00285,0.00434166666666667,0.00306333333333333,0.00825666666666667,0.00114,0.00202166666666667,0.00125333333333333,0.00211166666666667,0.00162,0.00222833333333333,0.00102,0.002695,0.00111833333333333,0.001285,0.00128333333333333,0.000853333333333333,0,0,0,0.000346666666666667,0.000075,0,0.000418333333333333,0,0,0,0,0,0,0,0,0,0,0,1,0,0,0,0,0,0,1,1,1,1,1,1,1,1,1,1,1,1,1,1,1,1,1,1,1,1,1,1,1,1,1,1,1,1,1,1,1,1,1,1,1,1,1,1,1,1,1,1,1,1,1,1,1,1,1,1,1,1,1,1,1,1,1,1,1,1,1,1,1,1,1,1,1,1,1,1,1,1,0
2026-05-14 04:00:00,89.7433778833333,0,0,0,0,0,0,0.0358016666666667,2.44739,12.0864133333333,17.8759566666667,14.4908966666667,11.3208133333333,9.59386333333333,8.08597833333333,7.042595,2.26026166666667,0.81231,0.489148333333333,0.309528333333333,0.230091666666667,0.21237,0.22813,0.239175,0.201936666666667,0.170536666666667,0.148233333333333,0.114688333333333,0.116385,0.10112,0.087535,0.0796833333333333,0.07148,0.063795,0.052745,0.0397283333333333,0.031255,0.0202483333333333,0.0208666666666667,0.018445,0.0117133333333333,0.0131416666666667,0.00944833333333333,0.0122983333333333,0.00777666666666667,0.00830666666666667,0.00913666666666667,0.00425166666666667,0.00349833333333333,0.00305333333333333,0.003265,0.00251833333333333,0.00212,0.00245,0.00100333333333333,0.000863333333333333,0.00177666666666667,0.002265,0.00154666666666667,0.001285,0.000426666666666667,0.000426666666666667,0.00085,0,0.000846666666666667,0.000421666666666667,0.000283333333333333,0.000138333333333333,0.000398333333333333,0.0000183333333333333,0.000415,0,0,0,0,0,0,0,0,0,1,0,0,0,0,0,0,1,1,1,1,1,1,1,1,1,1,1,1,1,1,1,1,1,1,1,1,1,1,1,1,1,1,1,1,1,1,1,1,1,1,1,1,1,1,1,1,1,1,1,1,1,1,1,1,1,1,1,1,1,1,1,1,1,1,1,1,1,1,1,1,1,1,1,1,1,1,1,1,0
2026-05-14 05:00:00,146.633800383333,0,0,0,0,0,0,0.0467816666666667,3.81035166666667,18.587575,27.8241866666667,23.51649,18.9078216666667,16.6518666666667,14.4360683333333,13.0906616666667,4.262085,1.52474,0.849243333333333,0.551941666666667,0.40364,0.364431666666667,0.382815,0.397755,0.33801,0.28288,0.205255,0.182596666666667,0.17399,0.157166666666667,0.151281666666667,0.134483333333333,0.111995,0.098505,0.084235,0.071925,0.05248,0.04188,0.03316,0.0240116666666667,0.0200733333333333,0.0158766666666667,0.0144783333333333,0.01344,0.01024,0.00927333333333333,0.006735,0.008395,0.00554666666666667,0.00456,0.00409333333333333,0.005575,0.00335,0.00288333333333333,0.00255333333333333,0.000176666666666667,0.00177666666666667,0.001405,0.00192166666666667,0.000911666666666667,0.000853333333333333,0,0.000425,0.000425,0,0,0,0,0,0.000416666666666667,0,0,0,0,0,0,0,0,0,0,1,0,0,0,0,0,0,1,1,1,1,1,1,1,1,1,1,1,1,1,1,1,1,1,1,1,1,1,1,1,1,1,1,1,1,1,1,1,1,1,1,1,1,1,1,1,1,1,1,1,1,1,1,1,1,1,1,1,1,1,1,1,1,1,1,1,1,1,1,1,1,1,1,1,1,1,1,1,1,0
2026-05-14 06:00:00,93.4504594333333,0,0,0,0,0,0,0.0383,2.82829833333333,13.2098883333333,18.3951516666667,14.360465,10.859545,9.13675,7.796435,6.95507166666667,2.714485,1.109535,0.691843333333333,0.478426666666667,0.399816666666667,0.405905,0.423536666666667,0.525875,0.443981666666667,0.375101666666667,0.321275,0.28522,0.268416666666667,0.247413333333333,0.246441666666667,0.194358333333333,0.185926666666667,0.148538333333333,0.118056666666667,0.116275,0.102193333333333,0.0724766666666667,0.0615433333333333,0.0440333333333333,0.0342166666666667,0.0249733333333333,0.0230966666666667,0.0191466666666667,0.0173366666666667,0.0108633333333333,0.0115983333333333,0.00785,0.00887833333333333,0.00404666666666667,0.00638166666666667,0.007245,0.00542333333333333,0.00415166666666667,0.002605,0.00274666666666667,0.00139333333333333,0.000343333333333333,0.00089,0.000911666666666667,0,0.000426666666666667,0,0.00166166666666667,0.000885,0.000346666666666667,0.000358333333333333,0.000138333333333333,0.000418333333333333,0.000416666666666667,0,0,0.000065,0.00019,0.000205,0.00022,0.000235,0.00025,0.000075,0,1,0,0,0,0,0,0,1,1,1,1,1,1,1,1,1,1,1,1,1,1,1,1,1,1,1,1,1,1,1,1,1,1,1,1,1,1,1,1,1,1,1,1,1,1,1,1,1,1,1,1,1,1,1,1,1,1,1,1,1,1,1,1,1,1,1,1,1,1,1,1,1,1,1,1,1,1,1,1,0
2026-05-14 07:00:00,103.819759033333,0,0,0,0,0,0,0.0330616666666667,2.81914666666667,14.392965,21.4488883333333,16.4863083333333,12.431885,10.167925,8.62587166666667,7.40004,2.69007333333333,1.18524166666667,0.70354,0.505945,0.445873333333333,0.45554,0.462986666666667,0.528636666666667,0.397243333333333,0.395393333333333,0.312063333333333,0.292945,0.26159,0.23798,0.240458333333333,0.21947,0.189151666666667,0.177453333333333,0.14634,0.114865,0.102765,0.0752716666666667,0.0550816666666667,0.0448716666666667,0.0388216666666667,0.025945,0.019845,0.0177583333333333,0.0138816666666667,0.00796166666666667,0.00886166666666667,0.01063,0.00692333333333333,0.00794333333333333,0.005595,0.00553333333333333,0.00335,0.00252,0.00516166666666667,0.003435,0.00274,0.00217833333333333,0.000775,0.00171333333333333,0.000855,0.000853333333333333,0.00085,0.000386666666666667,0.000461666666666667,0.000845,0,0.000288333333333333,0.00055,0.00064,0.000193333333333333,0,0,0,0,0,0,0,0,0,1,0,0,0,0,0,0,1,1,1,1,1,1,1,1,1,1,1,1,1,1,1,1,1,1,1,1,1,1,1,1,1,1,1,1,1,1,1,1,1,1,1,1,1,1,1,1,1,1,1,1,1,1,1,1,1,1,1,1,1,1,1,1,1,1,1,1,1,1,1,1,1,1,1,1,1,1,1,1,0
2026-05-14 08:00:00,84.8716770333333,0,0,0,0,0,0,0.0367116666666667,2.60984333333333,12.7122316666667,18.2897633333333,13.2668216666667,9.42596,7.36575166666667,6.00203166666667,5.10700833333333,2.071885,1.01249833333333,0.674001666666667,0.483048333333333,0.436545,0.451608333333333,0.502096666666667,0.529381666666667,0.462718333333333,0.411433333333333,0.339011666666667,0.307631666666667,0.304598333333333,0.250846666666667,0.282288333333333,0.225875,0.21254,0.161606666666667,0.144746666666667,0.133153333333333,0.105371666666667,0.083425,0.0694866666666667,0.0484583333333333,0.040675,0.0249733333333333,0.022665,0.0179583333333333,0.0187666666666667,0.0127433333333333,0.009175,0.00635333333333333,0.00599833333333333,0.00420166666666667,0.005755,0.00346833333333333,0.004215,0.00640666666666667,0.00428,0.00147166666666667,0.00432833333333333,0.00186333333333333,0.00137833333333333,0.00291,0.00110666666666667,0.00123333333333333,0.00197,0.000628333333333333,0.000846666666666667,0.000693333333333333,0.000433333333333333,0.000138333333333333,0,0.000416666666666667,0,0.00032,0.000593333333333333,0.000253333333333333,0.000273333333333333,0.000293333333333333,0.000313333333333333,0.000333333333333333,0.0001,0,1,0,0,0,0,0,0,1,1,1,1,1,1,1,1,1,1,1,1,1,1,1,1,1,1,1,1,1,1,1,1,1,1,1,1,1,1,1,1,1,1,1,1,1,1,1,1,1,1,1,1,1,1,1,1,1,1,1,1,1,1,1,1,1,1,1,1,1,1,1,1,1,1,1,1,1,1,1,1,0
2026-05-14 09:00:00,65.6954948518518,0,0,0,0,0,0,0.0322796296296296,2.47994814814815,10.9691277777778,14.852062962963,10.067,6.81950925925926,4.94854259259259,4.09185,3.15729814814815,1.39237592592593,0.802340740740741,0.555311111111111,0.43272962962963,0.394566666666667,0.437366666666667,0.485353703703704,0.513925925925926,0.399524074074074,0.358109259259259,0.319357407407407,0.300844444444444,0.287268518518519,0.255057407407407,0.253466666666667,0.212201851851852,0.205501851851852,0.189618518518519,0.150722222222222,0.13497037037037,0.118340740740741,0.0929166666666667,0.0741777777777778,0.0589166666666667,0.0304555555555556,0.0274777777777778,0.0230240740740741,0.0194,0.0118259259259259,0.00897592592592593,0.00995,0.00962962962962963,0.00664444444444444,0.00540555555555556,0.00662222222222222,0.00607407407407407,0.0019,0.00610555555555556,0.00427592592592593,0.0028962962962963,0.0017,0.00277222222222222,0.00165925925925926,0.00158518518518519,0.00103333333333333,0.00115925925925926,0.00109444444444444,0.000542592592592593,0.000512962962962963,0.000385185185185185,0.0000833333333333333,0,0,0,0,0,0.0000722222222222222,0.000211111111111111,0.000225925925925926,0.000242592592592593,0.000261111111111111,0.00027962962962963,0.0000814814814814815,0,1,0,0,0,0,0,0,1,1,1,1,1,1,1,1,1,1,1,1,1,1,1,1,1,1,1,1,1,1,1,1,1,1,1,1,1,1,1,1,1,1,1,1,1,1,1,1,1,1,1,1,1,1,1,1,1,1,1,1,1,1,1,1,1,1,1,1,1,1,1,1,1,1,1,1,1,1,1,1,0
2026-05-14 10:00:00,60.2234833269231,0,0,0,0,0,0,0.0331807692307692,2.13116153846154,10.1356326923077,14.0843326923077,9.50336730769231,6.36822884615385,4.66781346153846,3.69892884615385,2.95753076923077,1.22736538461538,0.715355769230769,0.456511538461538,0.340715384615385,0.364157692307692,0.376015384615385,0.473688461538462,0.445142307692308,0.355223076923077,0.311659615384615,0.262488461538462,0.252867307692308,0.241530769230769,0.220542307692308,0.218626923076923,0.186455769230769,0.1637,0.133465384615385,0.133096153846154,0.102323076923077,0.103469230769231,0.0799692307692308,0.0591923076923077,0.0440480769230769,0.0388269230769231,0.0314653846153846,0.0224769230769231,0.0152115384615385,0.00980961538461539,0.0108846153846154,0.0104326923076923,0.00916923076923077,0.00706923076923077,0.00660961538461538,0.00628076923076923,0.00400384615384615,0.00283846153846154,0.00196538461538462,0.00246923076923077,0.00197115384615385,0.00210384615384615,0.000496153846153846,0,0.000494230769230769,0.000494230769230769,0.00147692307692308,0,0,0,0,0,0.000484615384615385,0.000482692307692308,0,0.000478846153846154,0.000184615384615385,0.000442307692307692,0.000438461538461538,0.000471153846153846,0.000505769230769231,0.000542307692307692,0.000578846153846154,0.000171153846153846,0,1,0,0,0,0,0,0,1,1,1,1,1,1,1,1,1,1,1,1,1,1,1,1,1,1,1,1,1,1,1,1,1,1,1,1,1,1,1,1,1,1,1,1,1,1,1,1,1,1,1,1,1,1,1,1,1,1,1,1,1,1,1,1,1,1,1,1,1,1,1,1,1,1,1,1,1,1,1,1,0
2026-05-14 11:00:00,57.6470797333333,0,0,0,0,0,0,0.0208733333333333,1.75749833333333,9.00713333333333,12.9127433333333,9.23825166666667,6.257305,4.61381666666667,3.82512833333333,3.01749333333333,1.325845,0.724611666666667,0.426498333333333,0.320885,0.302638333333333,0.300515,0.382066666666667,0.397723333333333,0.303531666666667,0.287021666666667,0.227361666666667,0.216005,0.20767,0.185475,0.168985,0.143513333333333,0.129263333333333,0.118443333333333,0.0939283333333333,0.0815983333333333,0.075435,0.0653916666666667,0.0503633333333333,0.0375683333333333,0.0250666666666667,0.019265,0.01726,0.0132,0.0121716666666667,0.0115416666666667,0.00891,0.00708666666666667,0.00684833333333333,0.0054,0.00251166666666667,0.00493,0.00291666666666667,0.00124833333333333,0.00229833333333333,0.00124166666666667,0.00134333333333333,0.00103166666666667,0.000688333333333333,0.000856666666666667,0,0.00123333333333333,0.000898333333333333,0.000425,0,0,0.001265,0.00042,0,0.000416666666666667,0,0,0.000108333333333333,0.000316666666666667,0.000341666666666667,0.000366666666666667,0.000391666666666667,0.000416666666666667,0.000125,0,1,0,0,0,0,0,0,1,1,1,1,1,1,1,1,1,1,1,1,1,1,1,1,1,1,1,1,1,1,1,1,1,1,1,1,1,1,1,1,1,1,1,1,1,1,1,1,1,1,1,1,1,1,1,1,1,1,1,1,1,1,1,1,1,1,1,1,1,1,1,1,1,1,1,1,1,1,1,1,0
2026-05-14 12:00:00,83.16485,0,0,0,0,0,0,0.034301724137931,2.66579137931034,13.5118362068966,19.612025862069,14.8273603448276,10.3189310344828,7.70962068965517,6.0212275862069,3.80355344827586,1.29008620689655,0.7041,0.388308620689655,0.253105172413793,0.221470689655172,0.2196,0.254822413793103,0.252336206896552,0.203584482758621,0.17315,0.134065517241379,0.144439655172414,0.150668965517241,0.105403448275862,0.122655172413793,0.0975793103448276,0.0913775862068966,0.0693,0.0685896551724138,0.0502965517241379,0.043798275862069,0.0324896551724138,0.0284672413793103,0.0199189655172414,0.0187689655172414,0.015298275862069,0.0118224137931034,0.0054448275862069,0.0085,0.0089051724137931,0.00616206896551724,0.00575344827586207,0.00558965517241379,0.00250344827586207,0.00335344827586207,0.00518620689655172,0.00129655172413793,0.0030051724137931,0.00174827586206897,0.00096551724137931,0.0015,0.00278793103448276,0.00109655172413793,0.000943103448275862,0.00088448275862069,0.000882758620689655,0.00033448275862069,0.000944827586206896,0.00091551724137931,0.000358620689655172,0.0000775862068965517,0,0,0.000431034482758621,0.000429310344827586,0.00016551724137931,0.000889655172413793,0.000589655172413793,0.000632758620689655,0.000679310344827586,0.000729310344827586,0.000779310344827586,0.000229310344827586,0,1,0,0,0,0,0,0,1,1,1,1,1,1,1,1,1,1,1,1,1,1,1,1,1,1,1,1,1,1,1,1,1,1,1,1,1,1,1,1,1,1,1,1,1,1,1,1,1,1,1,1,1,1,1,1,1,1,1,1,1,1,1,1,1,1,1,1,1,1,1,1,1,1,1,1,1,1,1,1,0
2026-05-14 13:00:00,75.3041157068966,0,0,0,0,0,0,0.0566206896551724,3.27074655172414,14.0446879310345,17.7084068965517,12.5239913793103,8.52854137931035,6.33031551724138,4.85446034482759,3.46048103448276,1.13107931034483,0.563677586206897,0.29833275862069,0.207555172413793,0.183651724137931,0.183681034482759,0.216553448275862,0.20508275862069,0.146844827586207,0.13588275862069,0.109737931034483,0.105625862068966,0.103870689655172,0.0811810344827586,0.093801724137931,0.0611672413793103,0.0653379310344828,0.0537913793103448,0.0418603448275862,0.0357344827586207,0.0248258620689655,0.019951724137931,0.0213327586206897,0.0167120689655172,0.00776206896551724,0.0104086206896552,0.00936034482758621,0.00584827586206897,0.00479827586206897,0.00535344827586207,0.0054551724137931,0.0047,0.00575689655172414,0.00566551724137931,0.00329137931034483,0.0017948275862069,0.00264137931034483,0.00171379310344828,0.00096551724137931,0.00256724137931034,0.00238965517241379,0.00189827586206897,0.000267241379310345,0.00124827586206897,0.00228793103448276,0.000441379310344828,0.00033448275862069,0.000505172413793103,0.000437931034482759,0.000913793103448276,0,0,0,0,0.000429310344827586,0,0.0000448275862068966,0.000131034482758621,0.000141379310344828,0.000151724137931034,0.000162068965517241,0.000172413793103448,0.0000517241379310345,0,1,0,0,0,0,0,0,1,1,1,1,1,1,1,1,1,1,1,1,1,1,1,1,1,1,1,1,1,1,1,1,1,1,1,1,1,1,1,1,1,1,1,1,1,1,1,1,1,1,1,1,1,1,1,1,1,1,1,1,1,1,1,1,1,1,1,1,1,1,1,1,1,1,1,1,1,1,1,1,0
2026-05-14 14:00:00,91.9087502166667,0,0,0,0,0,0,0.0395183333333333,2.88197833333333,13.9162233333333,20.35793,15.597395,11.74001,9.38383666666667,7.55496,5.45044,1.54966166666667,0.735303333333333,0.414578333333333,0.270365,0.222656666666667,0.203131666666667,0.218693333333333,0.220345,0.168518333333333,0.154528333333333,0.116165,0.109948333333333,0.11256,0.08713,0.093615,0.0779166666666667,0.0733016666666667,0.0605866666666667,0.052225,0.04081,0.0385033333333333,0.0308583333333333,0.0232516666666667,0.0227316666666667,0.01285,0.0117083333333333,0.00823666666666667,0.00935,0.0052,0.00607666666666667,0.00454333333333333,0.00643666666666667,0.003355,0.00354,0.00585333333333333,0.00418833333333333,0.00298666666666667,0.00326666666666667,0.00374166666666667,0.000785,0.00346833333333333,0.00298166666666667,0.00043,0.000856666666666667,0.000426666666666667,0.000426666666666667,0,0.000425,0.000846666666666667,0.000843333333333333,0.000705,0.000558333333333333,0,0.000416666666666667,0,0,0.000065,0.00019,0.000205,0.00022,0.000235,0.00025,0.000075,0,1,0,0,0,0,0,0,1,1,1,1,1,1,1,1,1,1,1,1,1,1,1,1,1,1,1,1,1,1,1,1,1,1,1,1,1,1,1,1,1,1,1,1,1,1,1,1,1,1,1,1,1,1,1,1,1,1,1,1,1,1,1,1,1,1,1,1,1,1,1,1,1,1,1,1,1,1,1,1,0
2026-05-14 15:00:00,88.7190776833333,0,0,0,0,0,0,0.05354,3.34110333333333,15.1316383333333,20.2594733333333,14.9445816666667,10.74362,8.095415,6.41079666666667,4.843565,1.64301833333333,0.755918333333333,0.393495,0.242136666666667,0.201866666666667,0.200756666666667,0.213836666666667,0.212161666666667,0.16113,0.149401666666667,0.124886666666667,0.104783333333333,0.110391666666667,0.0848033333333333,0.0782216666666667,0.07054,0.0706666666666667,0.0623416666666667,0.0493033333333333,0.0371466666666667,0.03473,0.026625,0.0272233333333333,0.0202816666666667,0.01808,0.0106433333333333,0.00879833333333333,0.0117583333333333,0.00208833333333333,0.00538333333333333,0.00404666666666667,0.006225,0.00340833333333333,0.00638833333333333,0.00472833333333333,0.00286833333333333,0.00212,0.00151666666666667,0.00141666666666667,0.000951666666666667,0.001375,0.00223666666666667,0.00149,0.00134,0.00171,0,0.00085,0.000811666666666667,0.000885,0.000423333333333333,0.000843333333333333,0,0,0,0,0,0.0000433333333333333,0.000126666666666667,0.000136666666666667,0.000146666666666667,0.000156666666666667,0.000166666666666667,0.00005,0,1,0,0,0,0,0,0,1,1,1,1,1,1,1,1,1,1,1,1,1,1,1,1,1,1,1,1,1,1,1,1,1,1,1,1,1,1,1,1,1,1,1,1,1,1,1,1,1,1,1,1,1,1,1,1,1,1,1,1,1,1,1,1,1,1,1,1,1,1,1,1,1,1,1,1,1,1,1,1,0
2026-05-14 16:00:00,82.03337855,0,0,0,0,0,0,0.0575016666666667,3.63039833333333,15.5473566666667,20.10094,14.1795066666667,9.52109666666667,6.78783166666667,5.02790333333333,3.24699666666667,1.00772,0.546925,0.302188333333333,0.20183,0.183353333333333,0.155586666666667,0.175056666666667,0.179241666666667,0.147501666666667,0.13264,0.0988483333333333,0.0981116666666667,0.0977016666666667,0.0874683333333333,0.0884416666666667,0.0690566666666667,0.0686266666666667,0.049345,0.047415,0.0325983333333333,0.0316866666666667,0.02622,0.02298,0.0160133333333333,0.01293,0.0126983333333333,0.00972333333333333,0.011595,0.00669333333333333,0.00874,0.007605,0.007235,0.00435,0.00300666666666667,0.00266833333333333,0.0031,0.00713166666666667,0.00170333333333333,0.002985,0.00147166666666667,0.00220666666666667,0.001405,0.00111833333333333,0.000428333333333333,0,0.00147,0.000661666666666667,0.000811666666666667,0.000423333333333333,0.0000383333333333333,0.000283333333333333,0.000558333333333333,0,0,0.000415,0.00016,0.000513333333333333,0.00076,0.000816666666666667,0.000876666666666667,0.00094,0.00100333333333333,0.000296666666666667,0,1,0,0,0,0,0,0,1,1,1,1,1,1,1,1,1,1,1,1,1,1,1,1,1,1,1,1,1,1,1,1,1,1,1,1,1,1,1,1,1,1,1,1,1,1,1,1,1,1,1,1,1,1,1,1,1,1,1,1,1,1,1,1,1,1,1,1,1,1,1,1,1,1,1,1,1,1,1,1,0
2026-05-14 17:00:00,29.4894818166667,0,0,0,0,0,0,0.021555,1.29606,5.57756166666667,6.86306666666667,4.60632333333333,3.05257,2.30838333333333,1.81531,1.52616,0.887638333333333,0.442485,0.252056666666667,0.181173333333333,0.12118,0.12147,0.128731666666667,0.126483333333333,0.0839216666666667,0.0750466666666667,0.061765,0.0436,0.046155,0.037185,0.0363533333333333,0.0311266666666667,0.025645,0.0214883333333333,0.01622,0.0160666666666667,0.0162466666666667,0.01046,0.00886166666666667,0.00451333333333333,0.00461,0.0057,0.00324166666666667,0.00615166666666667,0.00367166666666667,0.00206666666666667,0.00308333333333333,0.00238833333333333,0.00308166666666667,0.00361333333333333,0.00495666666666667,0.00297166666666667,0.00123,0.00091,0.000431666666666667,0.000863333333333333,0.00129,0.000601666666666667,0.00111666666666667,0.000175,0.000251666666666667,0.00170666666666667,0.000646666666666667,0.000628333333333333,0.000846666666666667,0.000346666666666667,0.000496666666666667,0.00042,0.000398333333333333,0.0000183333333333333,0,0,0.000411666666666667,0,0,0,0,0,0,0,1,0,0,0,0,0,0,1,1,1,1,1,1,1,1,1,1,1,1,1,1,1,1,1,1,1,1,1,1,1,1,1,1,1,1,1,1,1,1,1,1,1,1,1,1,1,1,1,1,1,1,1,1,1,1,1,1,1,1,1,1,1,1,1,1,1,1,1,1,1,1,1,1,1,1,1,1,1,1,0
2026-05-14 18:00:00,26.8674606,0,0,0,0,0,0,0.016675,0.992583333333333,4.37898,5.59874666666667,4.05075833333333,2.810645,2.26553833333333,1.95882,1.69664666666667,0.959791666666667,0.513533333333333,0.3025,0.175923333333333,0.145675,0.114103333333333,0.126235,0.145841666666667,0.104761666666667,0.06991,0.057495,0.0428683333333333,0.042775,0.0374816666666667,0.03392,0.0300383333333333,0.0267166666666667,0.0228983333333333,0.0163416666666667,0.0137233333333333,0.01436,0.0125233333333333,0.0101566666666667,0.0100683333333333,0.00516666666666667,0.00482,0.00472,0.00412166666666667,0.00161833333333333,0.002665,0.00299,0.00246166666666667,0.00132333333333333,0.00226666666666667,0.00219333333333333,0.00134333333333333,0.00125333333333333,0.00165666666666667,0.00325833333333333,0.001075,0.00142666666666667,0.00137666666666667,0.000686666666666667,0.000856666666666667,0.000853333333333333,0.00166,0.000898333333333333,0.000425,0.000385,0.000461666666666667,0.000705,0.000138333333333333,0.000418333333333333,0,0,0,0.0000433333333333333,0.000126666666666667,0.000136666666666667,0.000146666666666667,0.000156666666666667,0.000166666666666667,0.00005,0,1,0,0,0,0,0,0,1,1,1,1,1,1,1,1,1,1,1,1,1,1,1,1,1,1,1,1,1,1,1,1,1,1,1,1,1,1,1,1,1,1,1,1,1,1,1,1,1,1,1,1,1,1,1,1,1,1,1,1,1,1,1,1,1,1,1,1,1,1,1,1,1,1,1,1,1,1,1,1,0
2026-05-14 19:00:00,25.55796635,0,0,0,0,0,0,0.015035,0.812401666666667,3.71863666666667,5.15503166666667,3.70144666666667,2.77259333333333,2.23517,2.07654333333333,1.806465,1.099635,0.649146666666667,0.365881666666667,0.232171666666667,0.171318333333333,0.150005,0.152925,0.141366666666667,0.101535,0.0845166666666667,0.0583983333333333,0.0442083333333333,0.0405,0.030965,0.0318,0.029025,0.02251,0.0179583333333333,0.0155966666666667,0.009705,0.0133466666666667,0.0104533333333333,0.007565,0.00617333333333333,0.00292666666666667,0.00240833333333333,0.00343166666666667,0.00361,0.00264666666666667,0.001595,0.00143666666666667,0.00231,0.00291833333333333,0.00264666666666667,0.00272166666666667,0.000825,0,0.00281166666666667,0.00184833333333333,0.000466666666666667,0.00134333333333333,0.00086,0.00043,0.00103166666666667,0.00068,0.000853333333333333,0,0,0,0.000423333333333333,0,0,0.000816666666666667,0.000851666666666667,0,0,0,0,0,0,0,0,0,0,1,0,0,0,0,0,0,1,1,1,1,1,1,1,1,1,1,1,1,1,1,1,1,1,1,1,1,1,1,1,1,1,1,1,1,1,1,1,1,1,1,1,1,1,1,1,1,1,1,1,1,1,1,1,1,1,1,1,1,1,1,1,1,1,1,1,1,1,1,1,1,1,1,1,1,1,1,1,1,0
2026-05-14 20:00:00,37.87095335,0,0,0,0,0,0,0.01713,1.10469,5.27687166666667,7.13467,5.381425,3.91018833333333,3.36588,3.07875833333333,2.78440166666667,1.86829333333333,1.01797,0.581206666666667,0.365305,0.247271666666667,0.216688333333333,0.180305,0.182998333333333,0.136303333333333,0.097225,0.0739866666666667,0.0652183333333333,0.0573983333333333,0.0443883333333333,0.040625,0.0331333333333333,0.0305233333333333,0.0212016666666667,0.0169416666666667,0.012015,0.0172283333333333,0.00840333333333333,0.00909666666666667,0.00767333333333333,0.00775666666666667,0.008095,0.00366333333333333,0.00371333333333333,0.00305166666666667,0.00416333333333333,0.00369666666666667,0.00435,0.00235666666666667,0.00239333333333333,0.00231833333333333,0.00249666666666667,0.00209666666666667,0.002135,0.000933333333333333,0.000756666666666667,0.000963333333333333,0.00146166666666667,0.00106,0.000911666666666667,0,0.00019,0.000236666666666667,0,0,0.000346666666666667,0.000075,0.000708333333333333,0.00055,0,0.000173333333333333,0.00024,0,0,0,0,0,0,0,0,1,0,0,0,0,0,0,1,1,1,1,1,1,1,1,1,1,1,1,1,1,1,1,1,1,1,1,1,1,1,1,1,1,1,1,1,1,1,1,1,1,1,1,1,1,1,1,1,1,1,1,1,1,1,1,1,1,1,1,1,1,1,1,1,1,1,1,1,1,1,1,1,1,1,1,1,1,1,1,0
2026-05-14 21:00:00,66.4841103833333,0,0,0,0,0,0,0.0291716666666667,2.119185,10.1028266666667,13.76933,9.951995,7.275135,5.91589166666667,5.05841666666667,4.48983666666667,2.58170833333333,1.47364833333333,0.83019,0.500648333333333,0.371893333333333,0.293915,0.270396666666667,0.259565,0.208088333333333,0.148181666666667,0.109186666666667,0.0891016666666667,0.078775,0.0582933333333333,0.0560333333333333,0.0383866666666667,0.041875,0.0225516666666667,0.0234633333333333,0.0202416666666667,0.0165833333333333,0.0110766666666667,0.0107516666666667,0.00739833333333333,0.00837666666666667,0.00700666666666667,0.00799166666666667,0.00813833333333333,0.00700166666666667,0.00764,0.00408666666666667,0.00658166666666667,0.00406,0.00376833333333333,0.00455,0.00169333333333333,0.00294,0.00315,0.00276333333333333,0.00141833333333333,0.000911666666666667,0.00103166666666667,0.000258333333333333,0,0.000426666666666667,0.00128,0.00107333333333333,0.001015,0.000423333333333333,0.000883333333333333,0,0,0,0.000416666666666667,0,0,0.0000216666666666667,0.0000633333333333333,0.0000683333333333333,0.0000733333333333333,0.0000783333333333333,0.0000833333333333333,0.000025,0,1,0,0,0,0,0,0,1,1,1,1,1,1,1,1,1,1,1,1,1,1,1,1,1,1,1,1,1,1,1,1,1,1,1,1,1,1,1,1,1,1,1,1,1,1,1,1,1,1,1,1,1,1,1,1,1,1,1,1,1,1,1,1,1,1,1,1,1,1,1,1,1,1,1,1,1,1,1,1,0
2026-05-14 22:00:00,71.27007415,0,0,0,0,0,0,0.037775,2.6105,11.8024133333333,15.1826533333333,10.7235683333333,7.61445166666667,6.17820333333333,5.39064833333333,4.82276333333333,2.430775,1.26783333333333,0.74125,0.424466666666667,0.312041666666667,0.277061666666667,0.259861666666667,0.231598333333333,0.16985,0.126178333333333,0.0827383333333333,0.0804166666666667,0.0592,0.054685,0.0478316666666667,0.03595,0.0271016666666667,0.0227566666666667,0.0202483333333333,0.0198666666666667,0.0222033333333333,0.0116366666666667,0.00834833333333333,0.00874,0.00853666666666667,0.00503166666666667,0.00432833333333333,0.00474166666666667,0.00242833333333333,0.00240166666666667,0.00441166666666667,0.00339333333333333,0.003335,0.00338666666666667,0.00288833333333333,0.00330166666666667,0.00207333333333333,0.000478333333333333,0.000863333333333333,0.00156666666666667,0.000155,0.00086,0.00123166666666667,0.00023,0.00068,0.000426666666666667,0.00085,0,0,0,0,0.000288333333333333,0.000131666666666667,0,0,0,0,0,0,0,0,0,0,0,1,0,0,0,0,0,0,1,1,1,1,1,1,1,1,1,1,1,1,1,1,1,1,1,1,1,1,1,1,1,1,1,1,1,1,1,1,1,1,1,1,1,1,1,1,1,1,1,1,1,1,1,1,1,1,1,1,1,1,1,1,1,1,1,1,1,1,1,1,1,1,1,1,1,1,1,1,1,1,0
2026-05-14 23:00:00,51.0258477,0,0,0,0,0,0,0.0299916666666667,2.20819166666667,9.00047166666667,10.9344216666667,7.40572833333333,5.13984333333333,4.19437166666667,3.6037,3.22321166666667,1.746145,1.00161333333333,0.583856666666667,0.331978333333333,0.235583333333333,0.200325,0.209558333333333,0.19608,0.157133333333333,0.1133,0.0786333333333333,0.073135,0.0711333333333333,0.0611633333333333,0.048685,0.0532566666666667,0.0381516666666667,0.0373,0.0311533333333333,0.0256916666666667,0.0202483333333333,0.0156033333333333,0.0139316666666667,0.00949,0.0101233333333333,0.00832333333333333,0.004515,0.00712333333333333,0.00333333333333333,0.00457666666666667,0.00354166666666667,0.00382833333333333,0.00482166666666667,0.000686666666666667,0.00303333333333333,0.00173333333333333,0.00041,0.00197166666666667,0.000985,0.000466666666666667,0.00094,0.00143333333333333,0.000258333333333333,0.000603333333333333,0.000251666666666667,0.000853333333333333,0,0.00085,0,0,0,0,0.000418333333333333,0,0,0,0,0,0,0,0,0,0,0,1,0,0,0,0,0,0,1,1,1,1,1,1,1,1,1,1,1,1,1,1,1,1,1,1,1,1,1,1,1,1,1,1,1,1,1,1,1,1,1,1,1,1,1,1,1,1,1,1,1,1,1,1,1,1,1,1,1,1,1,1,1,1,1,1,1,1,1,1,1,1,1,1,1,1,1,1,1,1,0
2026-05-15,57.7919766666667,0,0,0,0,0,0,0.0394616666666667,2.40201166666667,10.1871316666667,12.2855066666667,8.385315,5.83369333333333,4.41351666666667,3.56936333333333,3.160615,1.89035833333333,1.01550833333333,0.63531,0.395738333333333,0.301998333333333,0.266116666666667,0.273726666666667,0.282381666666667,0.210605,0.198166666666667,0.154348333333333,0.128271666666667,0.121616666666667,0.1145,0.104746666666667,0.09436,0.100855,0.07392,0.0686233333333333,0.05987,0.050945,0.04643,0.0287233333333333,0.024485,0.0181666666666667,0.0127966666666667,0.0147433333333333,0.009205,0.00874833333333333,0.00914,0.00719166666666667,0.008675,0.00558,0.00646666666666667,0.00322333333333333,0.003405,0.00294,0.00338333333333333,0.00100333333333333,0.00253666666666667,0.000911666666666667,0.00103166666666667,0.00283333333333333,0.001285,0.000428333333333333,0.000616666666666667,0.000236666666666667,0.000386666666666667,0.0000383333333333333,0.000423333333333333,0.000283333333333333,0.000138333333333333,0,0,0,0,0.0000433333333333333,0.000126666666666667,0.000136666666666667,0.000146666666666667,0.000156666666666667,0.000166666666666667,0.00005,0,1,0,0,0,0,0,0,1,1,1,1,1,1,1,1,1,1,1,1,1,1,1,1,1,1,1,1,1,1,1,1,1,1,1,1,1,1,1,1,1,1,1,1,1,1,1,1,1,1,1,1,1,1,1,1,1,1,1,1,1,1,1,1,1,1,1,1,1,1,1,1,1,1,1,1,1,1,1,1,0
2026-05-15 01:00:00,181.05679865,0,0,0,0,0,0,0.095545,6.05903166666667,27.4872283333333,37.3212016666667,28.6451933333333,21.6994683333333,17.8225366666667,15.075685,12.9240266666667,5.15536833333333,2.47366333333333,1.34958333333333,0.83005,0.570691666666667,0.479913333333333,0.436591666666667,0.406453333333333,0.297185,0.225088333333333,0.178315,0.144661666666667,0.139175,0.131751666666667,0.105515,0.0919666666666667,0.0773583333333333,0.0628183333333333,0.0527433333333333,0.0509616666666667,0.03713,0.028365,0.023945,0.0245816666666667,0.0192366666666667,0.0163,0.0116983333333333,0.006635,0.00871166666666667,0.00503,0.00605,0.004475,0.00351833333333333,0.00624166666666667,0.00323833333333333,0.00334166666666667,0.00293666666666667,0.00290666666666667,0.00184833333333333,0.00219333333333333,0.00051,0.00212166666666667,0.00166,0.00134,0.000426666666666667,0.00170666666666667,0.000425,0.000425,0.000423333333333333,0,0,0,0.000418333333333333,0,0,0.00016,0.000275,0.0000633333333333333,0.0000683333333333333,0.0000733333333333333,0.0000783333333333333,0.0000833333333333333,0.000025,0,1,0,0,0,0,0,0,1,1,1,1,1,1,1,1,1,1,1,1,1,1,1,1,1,1,1,1,1,1,1,1,1,1,1,1,1,1,1,1,1,1,1,1,1,1,1,1,1,1,1,1,1,1,1,1,1,1,1,1,1,1,1,1,1,1,1,1,1,1,1,1,1,1,1,1,1,1,1,1,0
2026-05-15 02:00:00,185.991278583333,0,0,0,0,0,0,0.0776266666666667,5.22039833333333,24.49914,35.2420083333333,29.0387333333333,23.7063983333333,20.4759516666667,18.004135,15.876405,5.02586333333333,2.250015,1.30154833333333,0.791511666666667,0.573003333333333,0.49824,0.473321666666667,0.486856666666667,0.37034,0.306716666666667,0.220143333333333,0.187926666666667,0.168378333333333,0.157496666666667,0.136956666666667,0.134776666666667,0.107028333333333,0.0870616666666667,0.0705383333333333,0.0722616666666667,0.0511116666666667,0.0417116666666667,0.03138,0.0223166666666667,0.0192266666666667,0.0145716666666667,0.0136333333333333,0.0125883333333333,0.0111133333333333,0.00959333333333333,0.00780666666666667,0.00948,0.00583666666666667,0.004075,0.00158833333333333,0.005945,0.005445,0.00290666666666667,0.00184833333333333,0.00170833333333333,0.001425,0.000745,0.00180666666666667,0.000175,0.000251666666666667,0,0,0,0.000846666666666667,0.000421666666666667,0.000843333333333333,0.000288333333333333,0.00055,0.000416666666666667,0,0,0.0000433333333333333,0.000126666666666667,0.000136666666666667,0.000146666666666667,0.000156666666666667,0.000166666666666667,0.00005,0,1,0,0,0,0,0,0,1,1,1,1,1,1,1,1,1,1,1,1,1,1,1,1,1,1,1,1,1,1,1,1,1,1,1,1,1,1,1,1,1,1,1,1,1,1,1,1,1,1,1,1,1,1,1,1,1,1,1,1,1,1,1,1,1,1,1,1,1,1,1,1,1,1,1,1,1,1,1,1,0
2026-05-15 03:00:00,166.196237916667,0,0,0,0,0,0,0.0849633333333333,5.32578666666667,24.3319183333333,33.4275383333333,26.2070583333333,20.23335,17.0680933333333,14.7558216666667,12.9982583333333,4.38293333333333,1.96027,1.07382166666667,0.662676666666667,0.481538333333333,0.44359,0.436586666666667,0.461043333333333,0.31346,0.283715,0.222431666666667,0.197828333333333,0.198721666666667,0.154498333333333,0.16317,0.142316666666667,0.123286666666667,0.100005,0.0871516666666667,0.0690516666666667,0.0623616666666667,0.0538133333333333,0.0372066666666667,0.0215116666666667,0.02383,0.0237583333333333,0.0175333333333333,0.0106533333333333,0.00883666666666667,0.0109333333333333,0.00691333333333333,0.00643833333333333,0.00686833333333333,0.00585333333333333,0.00375166666666667,0.004295,0.00373666666666667,0.00431666666666667,0.00162,0.00184833333333333,0.000595,0.00195,0.00212166666666667,0.00157,0.00153333333333333,0.000616666666666667,0.00056,0.000951666666666667,0,0.000346666666666667,0.000075,0.00042,0.000418333333333333,0.000223333333333333,0.000608333333333333,0,0,0,0,0,0,0,0,0,1,0,0,0,0,0,0,1,1,1,1,1,1,1,1,1,1,1,1,1,1,1,1,1,1,1,1,1,1,1,1,1,1,1,1,1,1,1,1,1,1,1,1,1,1,1,1,1,1,1,1,1,1,1,1,1,1,1,1,1,1,1,1,1,1,1,1,1,1,1,1,1,1,1,1,1,1,1,1,0
2026-05-15 04:00:00,97.6722473833333,0,0,0,0,0,0,0.0552033333333333,3.65331666666667,15.9234433333333,20.7433983333333,15.0540866666667,10.9967133333333,8.966545,7.575955,6.82296333333333,2.31808166666667,1.15609,0.666625,0.433993333333333,0.337075,0.326788333333333,0.33148,0.351178333333333,0.27083,0.231126666666667,0.183168333333333,0.168838333333333,0.16534,0.156285,0.157893333333333,0.12513,0.127691666666667,0.104478333333333,0.0895116666666667,0.06841,0.0723816666666667,0.04628,0.0428816666666667,0.0279483333333333,0.02146,0.0184083333333333,0.01424,0.0118483333333333,0.0132283333333333,0.010915,0.0103016666666667,0.00829666666666667,0.00659666666666667,0.00508666666666667,0.00563666666666667,0.005405,0.00298666666666667,0.00124833333333333,0.00403333333333333,0.00359333333333333,0.001525,0.000401666666666667,0.00166,0.00023,0.00196,0.000616666666666667,0.000661666666666667,0,0,0.000768333333333333,0.000075,0.00042,0,0,0,0,0.0000433333333333333,0.000126666666666667,0.000136666666666667,0.000146666666666667,0.000156666666666667,0.000166666666666667,0.00005,0,1,0,0,0,0,0,0,1,1,1,1,1,1,1,1,1,1,1,1,1,1,1,1,1,1,1,1,1,1,1,1,1,1,1,1,1,1,1,1,1,1,1,1,1,1,1,1,1,1,1,1,1,1,1,1,1,1,1,1,1,1,1,1,1,1,1,1,1,1,1,1,1,1,1,1,1,1,1,1,0
2026-05-15 05:00:00,137.557625483333,0,0,0,0,0,0,0.073375,4.54569666666667,20.393945,28.199645,21.5192,16.4244216666667,13.6431366666667,11.82513,10.5792766666667,3.39416,1.60620666666667,0.91897,0.573506666666667,0.43335,0.376141666666667,0.360101666666667,0.361363333333333,0.27974,0.224698333333333,0.182893333333333,0.154926666666667,0.142135,0.140195,0.13499,0.113775,0.100318333333333,0.08831,0.0732183333333333,0.05151,0.0526816666666667,0.045875,0.0316616666666667,0.0228666666666667,0.017265,0.01674,0.0114316666666667,0.009735,0.00995833333333333,0.00732,0.00650166666666667,0.004695,0.00440333333333333,0.00680333333333333,0.005405,0.00342833333333333,0.00376,0.00335833333333333,0.00134666666666667,0.00467666666666667,0.000698333333333333,0.00289666666666667,0.00123333333333333,0.000658333333333333,0.00153333333333333,0.000426666666666667,0,0.000425,0,0.000423333333333333,0,0,0,0,0,0,0.000455,0.000126666666666667,0.000136666666666667,0.000146666666666667,0.000156666666666667,0.000166666666666667,0.00005,0,1,0,0,0,0,0,0,1,1,1,1,1,1,1,1,1,1,1,1,1,1,1,1,1,1,1,1,1,1,1,1,1,1,1,1,1,1,1,1,1,1,1,1,1,1,1,1,1,1,1,1,1,1,1,1,1,1,1,1,1,1,1,1,1,1,1,1,1,1,1,1,1,1,1,1,1,1,1,1,0
2026-05-15 06:00:00,61.6434402666667,0,0,0,0,0,0,0.0375866666666667,2.49736666666667,10.73761,13.4218783333333,9.54158333333333,6.6639,5.16113166666667,4.21087833333333,3.45716833333333,2.09805666666667,1.14226166666667,0.610956666666667,0.388823333333333,0.269645,0.219586666666667,0.199706666666667,0.18527,0.150931666666667,0.121108333333333,0.0980316666666667,0.0883533333333333,0.0796233333333333,0.063845,0.0677783333333333,0.0464233333333333,0.0537883333333333,0.036405,0.02713,0.02197,0.0224666666666667,0.0194183333333333,0.0131566666666667,0.010375,0.0111966666666667,0.00668,0.005395,0.00319166666666667,0.00504333333333333,0.00624,0.00452333333333333,0.007165,0.00378666666666667,0.00224,0.00187,0.00126,0.00291666666666667,0.00165666666666667,0.00125833333333333,0.000555,0.0000516666666666667,0,0.000373333333333333,0.00023,0.00068,0,0.000748333333333333,0.000526666666666667,0,0,0,0.000288333333333333,0.000131666666666667,0,0,0,0.0000216666666666667,0.0000633333333333333,0.0000683333333333333,0.0000733333333333333,0.0000783333333333333,0.0000833333333333333,0.000025,0,1,0,0,0,0,0,0,1,1,1,1,1,1,1,1,1,1,1,1,1,1,1,1,1,1,1,1,1,1,1,1,1,1,1,1,1,1,1,1,1,1,1,1,1,1,1,1,1,1,1,1,1,1,1,1,1,1,1,1,1,1,1,1,1,1,1,1,1,1,1,1,1,1,1,1,1,1,1,1,0
2026-05-15 07:00:00,42.6407274666667,0,0,0,0,0,0,0.03374,1.99791333333333,7.99502666666667,9.75042333333333,6.36350166666667,4.28662,3.22002833333333,2.60680833333333,2.194785,1.22547,0.59447,0.363686666666667,0.23844,0.188968333333333,0.160305,0.160846666666667,0.155825,0.149403333333333,0.113485,0.0863283333333333,0.0823633333333333,0.0768016666666667,0.0696966666666667,0.0601983333333333,0.0506433333333333,0.04485,0.0335366666666667,0.0295683333333333,0.0261,0.0238716666666667,0.017145,0.0149216666666667,0.00912666666666667,0.0108066666666667,0.00766666666666667,0.00714666666666667,0.00686,0.00797166666666667,0.003625,0.00497833333333333,0.00483833333333333,0.00308166666666667,0.00196166666666667,0.00110166666666667,0.002825,0.00041,0.00333666666666667,0.00169,0.000608333333333333,0.000888333333333333,0.000831666666666667,0.000858333333333333,0.00120666666666667,0.00135833333333333,0,0.000425,0,0,0.000423333333333333,0.000421666666666667,0.00042,0,0.000416666666666667,0.000415,0,0.0000216666666666667,0.0000633333333333333,0.0000683333333333333,0.0000733333333333333,0.0000783333333333333,0.0000833333333333333,0.000025,0,1,0,0,0,0,0,0,1,1,1,1,1,1,1,1,1,1,1,1,1,1,1,1,1,1,1,1,1,1,1,1,1,1,1,1,1,1,1,1,1,1,1,1,1,1,1,1,1,1,1,1,1,1,1,1,1,1,1,1,1,1,1,1,1,1,1,1,1,1,1,1,1,1,1,1,1,1,1,1,0
2026-05-15 08:00:00,100.518253733333,0,0,0,0,0,0,0.0596866666666667,3.46869,15.48863,19.5399333333333,13.5862,9.39262666666667,7.580445,6.86699333333333,6.50404,5.76787333333333,3.21565833333333,1.74320333333333,1.06666833333333,0.799283333333333,0.766605,0.78573,0.79652,0.6989,0.558868333333333,0.3585,0.269618333333333,0.235941666666667,0.19049,0.18742,0.14934,0.114118333333333,0.087155,0.0613316666666667,0.0608983333333333,0.0366316666666667,0.0285133333333333,0.0248383333333333,0.0190533333333333,0.0136833333333333,0.01302,0.0127733333333333,0.00812166666666667,0.00479,0.00416333333333333,0.00486333333333333,0.003615,0.00514833333333333,0.00514166666666667,0.002425,0.00254,0.00250666666666667,0.00131833333333333,0.00120666666666667,0.00052,0.00043,0.000601666666666667,0.000258333333333333,0.000603333333333333,0.001105,0.00019,0.000236666666666667,0.000425,0.000423333333333333,0.000423333333333333,0,0,0,0,0,0,0.0000216666666666667,0.0000633333333333333,0.0000683333333333333,0.0000733333333333333,0.0000783333333333333,0.0000833333333333333,0.000025,0,1,0,0,0,0,0,0,1,1,1,1,1,1,1,1,1,1,1,1,1,1,1,1,1,1,1,1,1,1,1,1,1,1,1,1,1,1,1,1,1,1,1,1,1,1,1,1,1,1,1,1,1,1,1,1,1,1,1,1,1,1,1,1,1,1,1,1,1,1,1,1,1,1,1,1,1,1,1,1,0
2026-05-15 09:00:00,77.5789948666667,0,0,0,0,0,0,0.0368783333333333,2.56979333333333,11.4913066666667,14.5458283333333,9.983675,7.13894166666667,5.86577833333333,5.51415666666667,5.24535333333333,4.57901333333333,2.75938333333333,1.49677,0.89591,0.660175,0.612083333333333,0.635263333333333,0.651963333333333,0.53764,0.420491666666667,0.295705,0.228056666666667,0.19262,0.180493333333333,0.169745,0.135073333333333,0.117418333333333,0.0931516666666667,0.0735966666666667,0.0712316666666667,0.0607883333333333,0.03369,0.0291266666666667,0.0247716666666667,0.01985,0.0178833333333333,0.0154966666666667,0.0137216666666667,0.009775,0.00764,0.004225,0.004415,0.00527166666666667,0.003715,0.00281666666666667,0.00297166666666667,0.00166333333333333,0.00170333333333333,0.00266,0.00167333333333333,0.00137,0.001605,0.00260666666666667,0.00134,0,0.00019,0.000236666666666667,0.000386666666666667,0.000461666666666667,0.00126666666666667,0.000843333333333333,0.00042,0,0,0.000173333333333333,0.00024,0.000455,0.000126666666666667,0.000136666666666667,0.000146666666666667,0.000156666666666667,0.000166666666666667,0.00005,0,1,0,0,0,0,0,0,1,1,1,1,1,1,1,1,1,1,1,1,1,1,1,1,1,1,1,1,1,1,1,1,1,1,1,1,1,1,1,1,1,1,1,1,1,1,1,1,1,1,1,1,1,1,1,1,1,1,1,1,1,1,1,1,1,1,1,1,1,1,1,1,1,1,1,1,1,1,1,1,0
2026-05-15 10:00:00,40.3588943,0,0,0,0,0,0,0.0271283333333333,1.68404166666667,7.53237,9.14930333333333,6.00279166666667,3.986575,3.04043166666667,2.55495333333333,2.075105,0.986591666666667,0.586691666666667,0.345033333333333,0.238526666666667,0.208508333333333,0.219496666666667,0.222066666666667,0.234456666666667,0.193668333333333,0.146601666666667,0.128316666666667,0.131443333333333,0.122388333333333,0.111878333333333,0.099825,0.104951666666667,0.0902083333333333,0.0801633333333333,0.0608466666666667,0.052205,0.0474683333333333,0.0442316666666667,0.0330783333333333,0.0272716666666667,0.018235,0.0156483333333333,0.009525,0.00883,0.00688,0.0100366666666667,0.00936166666666667,0.00687833333333333,0.00481833333333333,0.00608,0.00469833333333333,0.00557333333333333,0.00164,0.000886666666666667,0.00120666666666667,0.00219333333333333,0.00051,0.00143333333333333,0.00149,0.000055,0.00128333333333333,0.00128,0,0.000425,0,0.000421666666666667,0,0.001285,0.000813333333333333,0,0.000588333333333333,0.00024,0.000173333333333333,0.000506666666666667,0.000545,0.000585,0.000626666666666667,0.000668333333333333,0.000198333333333333,0,1,0,0,0,0,0,0,1,1,1,1,1,1,1,1,1,1,1,1,1,1,1,1,1,1,1,1,1,1,1,1,1,1,1,1,1,1,1,1,1,1,1,1,1,1,1,1,1,1,1,1,1,1,1,1,1,1,1,1,1,1,1,1,1,1,1,1,1,1,1,1,1,1,1,1,1,1,1,1,0
2026-05-15 11:00:00,69.7788582666667,0,0,0,0,0,0,0.040375,2.61818166666667,12.161445,16.7476283333333,11.8747566666667,8.15764166666667,5.93483,4.478435,3.11466666666667,1.04896333333333,0.485251666666667,0.268803333333333,0.179193333333333,0.172255,0.18185,0.2042,0.221383333333333,0.17162,0.152725,0.118643333333333,0.116831666666667,0.1216,0.101598333333333,0.102393333333333,0.0727,0.0828633333333333,0.05998,0.06104,0.0473033333333333,0.0457033333333333,0.03037,0.0306583333333333,0.0242383333333333,0.0189333333333333,0.0162066666666667,0.0148666666666667,0.012205,0.0085,0.00592333333333333,0.0105716666666667,0.00439666666666667,0.00572666666666667,0.00514333333333333,0.00541666666666667,0.00297166666666667,0.00171,0.00295166666666667,0.00214,0.00176166666666667,0.00137,0.00143333333333333,0.00186166666666667,0.000538333333333333,0.000853333333333333,0.000853333333333333,0,0.000425,0.000423333333333333,0.000768333333333333,0.000358333333333333,0.000558333333333333,0,0,0.000173333333333333,0.000813333333333333,0.000838333333333333,0.000506666666666667,0.000545,0.000585,0.000626666666666667,0.000668333333333333,0.000198333333333333,0,1,0,0,0,0,0,0,1,1,1,1,1,1,1,1,1,1,1,1,1,1,1,1,1,1,1,1,1,1,1,1,1,1,1,1,1,1,1,1,1,1,1,1,1,1,1,1,1,1,1,1,1,1,1,1,1,1,1,1,1,1,1,1,1,1,1,1,1,1,1,1,1,1,1,1,1,1,1,1,0
2026-05-15 12:00:00,158.621101166667,0,0,0,0,0,0,0.0887966666666667,6.31166333333333,29.5771766666667,40.8900283333333,29.3143066666667,19.4327583333333,13.48286,8.98821166666667,5.614785,1.58245,0.539348333333333,0.279755,0.187625,0.169188333333333,0.161201666666667,0.185095,0.198398333333333,0.16416,0.140671666666667,0.101381666666667,0.106123333333333,0.104868333333333,0.0999783333333333,0.0929033333333333,0.0702183333333333,0.0607116666666667,0.0638583333333333,0.0555716666666667,0.0451533333333333,0.0367133333333333,0.031875,0.029225,0.0245516666666667,0.02379,0.0144633333333333,0.0133716666666667,0.00877666666666667,0.010335,0.00638833333333333,0.00810333333333333,0.007005,0.00770166666666667,0.00440666666666667,0.00147833333333333,0.00206333333333333,0.00465,0.002695,0.00335333333333333,0.00214,0.000591666666666667,0.00200666666666667,0.001805,0.00171333333333333,0.000855,0.000853333333333333,0.000748333333333333,0.000101666666666667,0,0,0,0.00084,0.000418333333333333,0,0,0.000413333333333333,0.000151666666666667,0.000443333333333333,0.000476666666666667,0.000511666666666667,0.000548333333333333,0.000585,0.000173333333333333,0,1,0,0,0,0,0,0,1,1,1,1,1,1,1,1,1,1,1,1,1,1,1,1,1,1,1,1,1,1,1,1,1,1,1,1,1,1,1,1,1,1,1,1,1,1,1,1,1,1,1,1,1,1,1,1,1,1,1,1,1,1,1,1,1,1,1,1,1,1,1,1,1,1,1,1,1,1,1,1,0
2026-05-15 13:00:00,117.289873266667,0,0,0,0,0,0,0.108611666666667,6.10852,25.8700516666667,31.6691966666667,20.5237316666667,12.3738766666667,7.92089666666667,5.12956,3.25756,1.067345,0.463941666666667,0.251256666666667,0.186795,0.168475,0.171781666666667,0.191238333333333,0.199105,0.1527,0.146926666666667,0.128003333333333,0.113445,0.119355,0.0848783333333333,0.096195,0.0703533333333333,0.0673083333333333,0.054275,0.0553483333333333,0.037405,0.0438483333333333,0.032895,0.0297316666666667,0.01944,0.0178416666666667,0.015555,0.0118783333333333,0.0103933333333333,0.00678666666666667,0.00828333333333333,0.00628333333333333,0.007735,0.00831666666666667,0.00504166666666667,0.006215,0.00258,0.00255333333333333,0.00247333333333333,0.00169,0.00190333333333333,0.000486666666666667,0.00166333333333333,0.00155,0.00119666666666667,0.001105,0.000853333333333333,0.00085,0.00123666666666667,0.000461666666666667,0.00230833333333333,0.000646666666666667,0.000288333333333333,0.000131666666666667,0.00064,0.000193333333333333,0,0.000628333333333333,0.000633333333333333,0.000681666666666667,0.000731666666666667,0.000783333333333333,0.000835,0.000248333333333333,0,1,0,0,0,0,0,0,1,1,1,1,1,1,1,1,1,1,1,1,1,1,1,1,1,1,1,1,1,1,1,1,1,1,1,1,1,1,1,1,1,1,1,1,1,1,1,1,1,1,1,1,1,1,1,1,1,1,1,1,1,1,1,1,1,1,1,1,1,1,1,1,1,1,1,1,1,1,1,1,0
2026-05-15 14:00:00,53.7640087166667,0,0,0,0,0,0,0.063755,3.24352333333333,12.3626233333333,13.6231683333333,8.116035,4.93233166666667,3.41355333333333,2.58608333333333,1.97276,0.863878333333333,0.438448333333333,0.240215,0.170826666666667,0.166516666666667,0.14746,0.182285,0.17883,0.147961666666667,0.13685,0.120426666666667,0.111845,0.108956666666667,0.0771966666666667,0.084025,0.0702683333333333,0.06338,0.0519766666666667,0.0432533333333333,0.0407483333333333,0.0352433333333333,0.036775,0.03168,0.0285166666666667,0.0190916666666667,0.0172933333333333,0.01538,0.0105183333333333,0.009245,0.00820666666666667,0.00879333333333333,0.006645,0.004405,0.00382,0.00145166666666667,0.00425166666666667,0.00419166666666667,0.00290333333333333,0.000641666666666667,0.00124166666666667,0.00268833333333333,0.00123333333333333,0.000803333333333333,0.00134,0,0.00128,0.00234666666666667,0.00147833333333333,0.001655,0.0000383333333333333,0.000566666666666667,0.000276666666666667,0,0,0.000415,0,0.000541666666666667,0.00038,0.00041,0.00044,0.00047,0.0005,0.00015,0,1,0,0,0,0,0,0,1,1,1,1,1,1,1,1,1,1,1,1,1,1,1,1,1,1,1,1,1,1,1,1,1,1,1,1,1,1,1,1,1,1,1,1,1,1,1,1,1,1,1,1,1,1,1,1,1,1,1,1,1,1,1,1,1,1,1,1,1,1,1,1,1,1,1,1,1,1,1,1,0
2026-05-15 15:00:00,54.3941211333333,0,0,0,0,0,0,0.0562083333333333,3.31167,12.3847433333333,13.2133016666667,7.79955666666667,4.8642,3.43169833333333,2.72617333333333,2.09562166666667,1.03146833333333,0.644836666666667,0.342105,0.24873,0.198161666666667,0.195228333333333,0.239408333333333,0.275858333333333,0.19627,0.175431666666667,0.137851666666667,0.134846666666667,0.137075,0.102425,0.0973066666666667,0.0901316666666667,0.08512,0.0711483333333333,0.0701466666666667,0.0557383333333333,0.0505166666666667,0.0437733333333333,0.0355283333333333,0.0335583333333333,0.0218333333333333,0.0221083333333333,0.0149316666666667,0.014475,0.011825,0.00994833333333333,0.00943666666666667,0.00975833333333333,0.00703666666666667,0.00522166666666667,0.00537833333333333,0.00297333333333333,0.00250666666666667,0.000385,0.00300333333333333,0.00295,0.00284833333333333,0.00238,0.00131833333333333,0.00134,0,0.000426666666666667,0.000425,0.00085,0.000846666666666667,0,0.000843333333333333,0.00042,0,0,0.000415,0.000413333333333333,0.000173333333333333,0.000506666666666667,0.000546666666666667,0.000586666666666667,0.000626666666666667,0.000666666666666667,0.0002,0,1,0,0,0,0,0,0,1,1,1,1,1,1,1,1,1,1,1,1,1,1,1,1,1,1,1,1,1,1,1,1,1,1,1,1,1,1,1,1,1,1,1,1,1,1,1,1,1,1,1,1,1,1,1,1,1,1,1,1,1,1,1,1,1,1,1,1,1,1,1,1,1,1,1,1,1,1,1,1,0
2026-05-15 16:00:00,37.4028197166667,0,0,0,0,0,0,0.0341083333333333,1.89989333333333,7.79548833333333,8.67202,5.08009333333333,3.41018,2.524515,2.09491,1.79831833333333,0.893745,0.477645,0.273486666666667,0.190465,0.184303333333333,0.193863333333333,0.235111666666667,0.246421666666667,0.190935,0.170693333333333,0.125386666666667,0.131955,0.118693333333333,0.115983333333333,0.102615,0.08624,0.0817216666666667,0.073015,0.069345,0.0594866666666667,0.053295,0.0425183333333333,0.045465,0.0337766666666667,0.0198733333333333,0.0245066666666667,0.0210733333333333,0.0200333333333333,0.01177,0.011,0.0102516666666667,0.00585166666666667,0.00678,0.00794166666666667,0.00338666666666667,0.00468666666666667,0.00417,0.00345333333333333,0.00257166666666667,0.001815,0.002235,0.00180666666666667,0.00272333333333333,0.00157,0.00068,0,0.000425,0.000386666666666667,0.000846666666666667,0.0000383333333333333,0,0.00042,0.000418333333333333,0.000416666666666667,0.000173333333333333,0.00024,0.000151666666666667,0.000443333333333333,0.000476666666666667,0.000511666666666667,0.000548333333333333,0.000585,0.000173333333333333,0,1,0,0,0,0,0,0,1,1,1,1,1,1,1,1,1,1,1,1,1,1,1,1,1,1,1,1,1,1,1,1,1,1,1,1,1,1,1,1,1,1,1,1,1,1,1,1,1,1,1,1,1,1,1,1,1,1,1,1,1,1,1,1,1,1,1,1,1,1,1,1,1,1,1,1,1,1,1,1,0
2026-05-15 17:00:00,33.7421814313726,0,0,0,0,0,0,0.021843137254902,1.73264901960784,6.91567647058824,7.70542745098039,4.70627058823529,2.95098823529412,2.21797450980392,1.87258431372549,1.60776862745098,0.781809803921569,0.383098039215686,0.233205882352941,0.166456862745098,0.171413725490196,0.184925490196078,0.206429411764706,0.22726862745098,0.180107843137255,0.170096078431373,0.134007843137255,0.117423529411765,0.128923529411765,0.0904078431372549,0.097521568627451,0.0833254901960784,0.085043137254902,0.0634392156862745,0.0679039215686275,0.0553235294117647,0.0541372549019608,0.0437039215686275,0.0372117647058824,0.0376686274509804,0.0233764705882353,0.0226803921568627,0.020043137254902,0.0174352941176471,0.0114627450980392,0.0121607843137255,0.00807647058823529,0.00918823529411765,0.00343333333333333,0.00413333333333333,0.00181960784313725,0.00288823529411765,0.0049843137254902,0.00245490196078431,0.00463137254901961,0.00353333333333333,0.00113333333333333,0.000707843137254902,0.00232352941176471,0.00151176470588235,0,0.00122745098039216,0.00027843137254902,0.000954901960784314,0.000498039215686275,0.0000450980392156863,0.000496078431372549,0,0,0,0,0,0.00112156862745098,0.000447058823529412,0.000482352941176471,0.000517647058823529,0.000552941176470588,0.000588235294117647,0.000176470588235294,0,1,0,0,0,0,0,0,1,1,1,1,1,1,1,1,1,1,1,1,1,1,1,1,1,1,1,1,1,1,1,1,1,1,1,1,1,1,1,1,1,1,1,1,1,1,1,1,1,1,1,1,1,1,1,1,1,1,1,1,1,1,1,1,1,1,1,1,1,1,1,1,1,1,1,1,1,1,1,1,0
2026-05-15 18:00:00,28.0454507096774,0,0,0,0,0,0,0.0162322580645161,1.22457419354839,5.15938387096774,6.18241290322581,3.72289677419355,2.38243548387097,1.82769032258065,1.56835483870968,1.4466,0.724554838709677,0.419770967741936,0.248983870967742,0.19008064516129,0.1705,0.191474193548387,0.212677419354839,0.21198064516129,0.195387096774194,0.161703225806452,0.114590322580645,0.130109677419355,0.105122580645161,0.0969193548387097,0.0896451612903226,0.078041935483871,0.0830838709677419,0.0832193548387097,0.0736193548387097,0.0518290322580645,0.0510838709677419,0.0437225806451613,0.0396806451612903,0.0404838709677419,0.0292258064516129,0.0216387096774194,0.0191774193548387,0.0229064516129032,0.0133064516129032,0.0135096774193548,0.0051258064516129,0.00658387096774194,0.00820967741935484,0.00867096774193548,0.00615806451612903,0.00335806451612903,0.00489677419354839,0.00144516129032258,0.000935483870967742,0.00267741935483871,0.0000548387096774194,0.00244193548387097,0,0.0028258064516129,0.00213870967741935,0.000825806451612903,0,0,0.00163870967741935,0,0,0.000812903225806452,0,0,0,0,0.000796774193548387,0,0,0,0,0,0,0,3,0,0,0,0,0,0,3,3,3,3,3,3,3,3,3,3,3,3,3,3,3,3,3,3,3,3,3,3,3,3,3,3,3,3,3,3,3,3,3,3,3,3,3,3,3,3,3,3,3,3,3,3,3,3,3,3,3,3,3,3,3,3,3,3,3,3,3,3,3,3,3,3,3,3,3,3,3,3,0
2026-05-15 19:00:00,33.2140732,0,0,0,0,0,0,0.0184622222222222,1.16321333333333,5.52243111111111,7.16086666666667,4.54252222222222,3.05746888888889,2.38005777777778,2.04864,1.82287111111111,1.15153111111111,0.657542222222222,0.334071111111111,0.246877777777778,0.190895555555556,0.209397777777778,0.236333333333333,0.234935555555556,0.195606666666667,0.168977777777778,0.114937777777778,0.129626666666667,0.127931111111111,0.11406,0.107908888888889,0.0912688888888889,0.0798244444444444,0.0762222222222222,0.0775577777777778,0.0772111111111111,0.0528644444444444,0.04674,0.0402866666666667,0.0333088888888889,0.0213088888888889,0.02146,0.0155355555555556,0.0134177777777778,0.00643333333333333,0.0108466666666667,0.00902888888888889,0.00664888888888889,0.00490444444444444,0.0056,0.00657333333333333,0.00633111111111111,0.00221777777777778,0.00432666666666667,0.00292222222222222,0.00513111111111111,0.00314444444444444,0.00137555555555556,0.00141555555555556,0.000644444444444444,0.00114222222222222,0.000568888888888889,0.000566666666666667,0,0,0.000564444444444444,0,0,0.000557777777777778,0.000297777777777778,0.000257777777777778,0,0.0000577777777777778,0.000168888888888889,0.000182222222222222,0.000195555555555556,0.000208888888888889,0.000222222222222222,0.0000666666666666667,0,1,0,0,0,0,0,0,1,1,1,1,1,1,1,1,1,1,1,1,1,1,1,1,1,1,1,1,1,1,1,1,1,1,1,1,1,1,1,1,1,1,1,1,1,1,1,1,1,1,1,1,1,1,1,1,1,1,1,1,1,1,1,1,1,1,1,1,1,1,1,1,1,1,1,1,1,1,1,1,0
2026-05-15 20:00:00,43.76593075,0,0,0,0,0,0,0.0215196428571429,1.65762857142857,7.45120178571429,9.75551428571429,6.28862321428571,4.18099285714286,3.23663571428571,2.78161071428571,2.38027857142857,1.52938214285714,0.864878571428571,0.447796428571429,0.272221428571429,0.251069642857143,0.245225,0.293971428571429,0.303671428571429,0.228671428571429,0.215882142857143,0.170323214285714,0.163005357142857,0.158675,0.138014285714286,0.12345,0.119530357142857,0.104041071428571,0.0864392857142857,0.0761267857142857,0.068175,0.0549767857142857,0.0471678571428571,0.0398410714285714,0.0371839285714286,0.0205232142857143,0.0239357142857143,0.0210821428571429,0.0164125,0.0124053571428571,0.00877678571428571,0.0101517857142857,0.00619107142857143,0.00749642857142857,0.00660178571428571,0.00545714285714286,0.00590357142857143,0.00224642857142857,0.0031875,0.001,0.00219821428571429,0.00198392857142857,0.00125892857142857,0.000953571428571429,0.000976785714285714,0.000916071428571429,0.00137142857142857,0.000346428571428571,0.000108928571428571,0.000453571428571429,0.000371428571428571,0.0000803571428571429,0.00045,0.000426785714285714,0.0000196428571428571,0,0,0.0000696428571428571,0.000203571428571429,0.000219642857142857,0.000235714285714286,0.000251785714285714,0.000267857142857143,0.0000803571428571429,0,1,0,0,0,0,0,0,1,1,1,1,1,1,1,1,1,1,1,1,1,1,1,1,1,1,1,1,1,1,1,1,1,1,1,1,1,1,1,1,1,1,1,1,1,1,1,1,1,1,1,1,1,1,1,1,1,1,1,1,1,1,1,1,1,1,1,1,1,1,1,1,1,1,1,1,1,1,1,1,0
2026-05-15 21:00:00,60.6814736551724,0,0,0,0,0,0,0.0348603448275862,2.05501034482759,9.76943448275862,12.864974137931,8.75381034482759,6.0857,4.72024655172414,3.99395862068966,3.64123620689655,2.34168448275862,1.32445862068966,0.701108620689655,0.452758620689655,0.356236206896552,0.357837931034483,0.379739655172414,0.381274137931034,0.296158620689655,0.234755172413793,0.177524137931034,0.170801724137931,0.185631034482759,0.149268965517241,0.140763793103448,0.133255172413793,0.11991724137931,0.0902741379310345,0.0916637931034483,0.07435,0.0700758620689655,0.0619706896551724,0.0504620689655172,0.0293155172413793,0.0267155172413793,0.018698275862069,0.0232448275862069,0.0208258620689655,0.0189586206896552,0.0148103448275862,0.0137086206896552,0.00687413793103448,0.00545689655172414,0.00516034482758621,0.00298448275862069,0.0039948275862069,0.00388793103448276,0.00281034482758621,0.00196551724137931,0.00275172413793103,0.00411034482758621,0.0012448275862069,0.00225344827586207,0.000943103448275862,0.00132413793103448,0.00264827586206897,0.00131896551724138,0.00127931034482759,0.00127413793103448,0.0000793103448275862,0,0,0,0,0,0.000427586206896552,0.0000448275862068966,0.000131034482758621,0.000141379310344828,0.000151724137931034,0.000162068965517241,0.000172413793103448,0.0000517241379310345,0,1,0,0,0,0,0,0,1,1,1,1,1,1,1,1,1,1,1,1,1,1,1,1,1,1,1,1,1,1,1,1,1,1,1,1,1,1,1,1,1,1,1,1,1,1,1,1,1,1,1,1,1,1,1,1,1,1,1,1,1,1,1,1,1,1,1,1,1,1,1,1,1,1,1,1,1,1,1,1,0
2026-05-15 22:00:00,54.2010313833333,0,0,0,0,0,0,0.0273666666666667,1.602925,7.92217,10.9063383333333,7.63458166666667,5.36922,4.27086166666667,3.693755,3.26781333333333,2.10539,1.20071666666667,0.7479,0.45879,0.37309,0.347825,0.390461666666667,0.405583333333333,0.314056666666667,0.27974,0.217146666666667,0.217846666666667,0.203928333333333,0.186271666666667,0.180763333333333,0.141356666666667,0.144728333333333,0.13127,0.120883333333333,0.097265,0.08653,0.0645066666666667,0.0491083333333333,0.0434366666666667,0.0316783333333333,0.026695,0.0292316666666667,0.0182266666666667,0.0110466666666667,0.0176066666666667,0.00845,0.00998666666666667,0.00913666666666667,0.00941666666666667,0.00753333333333333,0.00935166666666667,0.00414666666666667,0.00326666666666667,0.00339833333333333,0.00517833333333333,0.00283833333333333,0.001375,0.00238,0.000713333333333333,0.000251666666666667,0.00208666666666667,0.00122166666666667,0.000101666666666667,0.000808333333333333,0.00046,0,0,0,0.00064,0.000608333333333333,0.000413333333333333,0.0000433333333333333,0.000126666666666667,0.000136666666666667,0.000146666666666667,0.000156666666666667,0.000166666666666667,0.00005,0,1,0,0,0,0,0,0,1,1,1,1,1,1,1,1,1,1,1,1,1,1,1,1,1,1,1,1,1,1,1,1,1,1,1,1,1,1,1,1,1,1,1,1,1,1,1,1,1,1,1,1,1,1,1,1,1,1,1,1,1,1,1,1,1,1,1,1,1,1,1,1,1,1,1,1,1,1,1,1,0
2026-05-15 23:00:00,74.9560720333333,0,0,0,0,0,0,0.0257733333333333,1.999355,10.3470666666667,15.2777866666667,10.9471266666667,7.98099666666667,6.31659833333333,5.46690166666667,4.93191,3.45891666666667,2.05232166666667,1.08937,0.654673333333333,0.47752,0.45424,0.423671666666667,0.467341666666667,0.350035,0.317056666666667,0.255236666666667,0.21607,0.211371666666667,0.196295,0.188096666666667,0.164476666666667,0.152715,0.114631666666667,0.122426666666667,0.0923133333333333,0.0724983333333333,0.06072,0.05987,0.0398316666666667,0.0329466666666667,0.0175433333333333,0.02013,0.0154233333333333,0.017675,0.0177,0.0110283333333333,0.0117766666666667,0.00848166666666667,0.00641833333333333,0.00721833333333333,0.00514166666666667,0.00337333333333333,0.00377,0.00221,0.004245,0.00153,0.002065,0.000428333333333333,0.001285,0,0.00104333333333333,0.000985,0.000101666666666667,0,0,0,0.00042,0,0.000416666666666667,0,0.000413333333333333,0.0000216666666666667,0.0000633333333333333,0.0000683333333333333,0.0000733333333333333,0.0000783333333333333,0.0000833333333333333,0.000025,0,1,0,0,0,0,0,0,1,1,1,1,1,1,1,1,1,1,1,1,1,1,1,1,1,1,1,1,1,1,1,1,1,1,1,1,1,1,1,1,1,1,1,1,1,1,1,1,1,1,1,1,1,1,1,1,1,1,1,1,1,1,1,1,1,1,1,1,1,1,1,1,1,1,1,1,1,1,1,1,0
2026-05-16,60.3732558166667,0,0,0,0,0,0,0.0298716666666667,1.779985,8.97973333333333,12.5899933333333,9.09531,6.34927,4.99999833333333,4.095425,3.64695333333333,2.38759,1.377415,0.746003333333333,0.475781666666667,0.361523333333333,0.355068333333333,0.384543333333333,0.391031666666667,0.291756666666667,0.272651666666667,0.194671666666667,0.186493333333333,0.181155,0.165381666666667,0.165411666666667,0.143775,0.14059,0.112166666666667,0.109236666666667,0.08748,0.0762033333333333,0.063685,0.043235,0.0374516666666667,0.0299233333333333,0.02113,0.02016,0.01983,0.0137866666666667,0.0134133333333333,0.0128166666666667,0.00867166666666667,0.00665333333333333,0.00687333333333333,0.00843833333333333,0.00336333333333333,0.00508166666666667,0.00528333333333333,0.00421666666666667,0.002625,0.00263166666666667,0.00043,0.000856666666666667,0.000428333333333333,0.000426666666666667,0.00170666666666667,0.001275,0,0,0,0.000843333333333333,0,0.000418333333333333,0,0,0,0,0,0,0,0,0,0,0,1,0,0,0,0,0,0,1,1,1,1,1,1,1,1,1,1,1,1,1,1,1,1,1,1,1,1,1,1,1,1,1,1,1,1,1,1,1,1,1,1,1,1,1,1,1,1,1,1,1,1,1,1,1,1,1,1,1,1,1,1,1,1,1,1,1,1,1,1,1,1,1,1,1,1,1,1,1,1,0
2026-05-16 01:00:00,51.1039918333333,0,0,0,0,0,0,0.02147,1.56381833333333,7.80463333333333,11.1071066666667,7.67869666666667,5.30571166666667,4.19461166666667,3.45843666666667,2.998515,2.01024333333333,1.09318166666667,0.583251666666667,0.379498333333333,0.29042,0.260166666666667,0.30394,0.324871666666667,0.241288333333333,0.198821666666667,0.16179,0.155441666666667,0.157136666666667,0.133401666666667,0.142693333333333,0.133601666666667,0.0955183333333333,0.0913166666666667,0.0767916666666667,0.064935,0.0581866666666667,0.0460316666666667,0.036195,0.0253383333333333,0.0218033333333333,0.0214433333333333,0.0147033333333333,0.0170033333333333,0.01074,0.00862833333333333,0.00925,0.005855,0.00763166666666667,0.00572666666666667,0.00330666666666667,0.00468666666666667,0.005515,0.00333666666666667,0.00255333333333333,0.00217333333333333,0.00144666666666667,0.00086,0.000803333333333333,0.00134,0.000426666666666667,0.000426666666666667,0.000323333333333333,0.000951666666666667,0.000385,0.000883333333333333,0,0,0,0,0,0,0,0,0,0,0,0,0,0,1,0,0,0,0,0,0,1,1,1,1,1,1,1,1,1,1,1,1,1,1,1,1,1,1,1,1,1,1,1,1,1,1,1,1,1,1,1,1,1,1,1,1,1,1,1,1,1,1,1,1,1,1,1,1,1,1,1,1,1,1,1,1,1,1,1,1,1,1,1,1,1,1,1,1,1,1,1,1,0
2026-05-16 02:00:00,39.46159225,0,0,0,0,0,0,0.02809,1.79433,7.43726166666667,9.03589833333333,5.79071166666667,3.71089,2.78535,2.32576833333333,1.86859666666667,1.11417666666667,0.623043333333333,0.333725,0.232463333333333,0.179538333333333,0.16963,0.181405,0.209908333333333,0.167766666666667,0.157953333333333,0.118868333333333,0.116175,0.0987883333333333,0.103325,0.104716666666667,0.08487,0.0950766666666667,0.0810233333333333,0.0655883333333333,0.05922,0.0443533333333333,0.0396716666666667,0.0366316666666667,0.0278766666666667,0.0228133333333333,0.0162916666666667,0.00753833333333333,0.0117583333333333,0.007635,0.00857833333333333,0.00428666666666667,0.00433833333333333,0.00569,0.00323333333333333,0.00356166666666667,0.00216833333333333,0.003395,0.00290666666666667,0.00289666666666667,0.00318,0.000103333333333333,0.00120333333333333,0.001375,0,0.00128166666666667,0.00038,0.000898333333333333,0,0.000423333333333333,0.000693333333333333,0.00015,0,0,0.000416666666666667,0,0,0,0,0,0,0,0,0,0,1,0,0,0,0,0,0,1,1,1,1,1,1,1,1,1,1,1,1,1,1,1,1,1,1,1,1,1,1,1,1,1,1,1,1,1,1,1,1,1,1,1,1,1,1,1,1,1,1,1,1,1,1,1,1,1,1,1,1,1,1,1,1,1,1,1,1,1,1,1,1,1,1,1,1,1,1,1,1,0
2026-05-16 03:00:00,41.8363246333333,0,0,0,0,0,0,0.0382933333333333,2.30646333333333,8.98182666666667,10.0699933333333,6.14987,3.91385666666667,2.88457333333333,2.22666166666667,1.74676166666667,0.87843,0.479456666666667,0.279871666666667,0.17014,0.143668333333333,0.145496666666667,0.163043333333333,0.178543333333333,0.152686666666667,0.124721666666667,0.122706666666667,0.103463333333333,0.0991033333333333,0.098665,0.0928466666666667,0.0910766666666667,0.0871216666666667,0.0673366666666667,0.06222,0.052765,0.0462666666666667,0.04218,0.0299916666666667,0.02872,0.0172066666666667,0.0158733333333333,0.0141983333333333,0.011565,0.0110466666666667,0.007455,0.00567666666666667,0.00839833333333333,0.00484,0.00422666666666667,0.002345,0.00295166666666667,0.00209666666666667,0.000886666666666667,0.002325,0.00156,0.0000283333333333333,0.00255166666666667,0,0.000856666666666667,0.000426666666666667,0.000853333333333333,0.000323333333333333,0.000101666666666667,0.000846666666666667,0,0,0,0,0,0,0,0.0000433333333333333,0.000126666666666667,0.000136666666666667,0.000146666666666667,0.000156666666666667,0.000166666666666667,0.00005,0,1,0,0,0,0,0,0,1,1,1,1,1,1,1,1,1,1,1,1,1,1,1,1,1,1,1,1,1,1,1,1,1,1,1,1,1,1,1,1,1,1,1,1,1,1,1,1,1,1,1,1,1,1,1,1,1,1,1,1,1,1,1,1,1,1,1,1,1,1,1,1,1,1,1,1,1,1,1,1,0
2026-05-16 04:00:00,51.1003194833333,0,0,0,0,0,0,0.0443333333333333,2.673695,10.8162466666667,12.5885483333333,7.83749166666667,4.97005833333333,3.66007,2.70441833333333,2.206855,1.04506166666667,0.503503333333333,0.298983333333333,0.196216666666667,0.157653333333333,0.14896,0.158646666666667,0.160486666666667,0.139521666666667,0.117228333333333,0.094325,0.0893733333333333,0.0956616666666667,0.0827833333333333,0.0780283333333333,0.07156,0.0672216666666667,0.0621933333333333,0.055645,0.0485183333333333,0.036555,0.0336733333333333,0.022585,0.0203466666666667,0.01699,0.01215,0.00904833333333333,0.006725,0.00669333333333333,0.00617166666666667,0.00417833333333333,0.00332,0.00453,0.00155333333333333,0.00181666666666667,0.00251666666666667,0.00082,0.000408333333333333,0.000501666666666667,0,0.00086,0.00086,0.000856666666666667,0.000428333333333333,0.000426666666666667,0.000426666666666667,0,0,0.000423333333333333,0,0,0.00084,0,0,0,0.00016,0.000253333333333333,0,0,0,0,0,0,0,1,0,0,0,0,0,0,1,1,1,1,1,1,1,1,1,1,1,1,1,1,1,1,1,1,1,1,1,1,1,1,1,1,1,1,1,1,1,1,1,1,1,1,1,1,1,1,1,1,1,1,1,1,1,1,1,1,1,1,1,1,1,1,1,1,1,1,1,1,1,1,1,1,1,1,1,1,1,1,0
2026-05-16 05:00:00,43.6000346666667,0,0,0,0,0,0,0.0445266666666667,2.32829833333333,9.30619666666667,10.91375,6.72274166666667,4.205285,3.01929666666667,2.35492166666667,1.92236,0.950385,0.447991666666667,0.25245,0.163088333333333,0.126183333333333,0.13207,0.14909,0.15624,0.115476666666667,0.102038333333333,0.0781866666666667,0.079465,0.073715,0.0776933333333333,0.0767283333333333,0.0627966666666667,0.0559616666666667,0.0491916666666667,0.0426416666666667,0.03444,0.0309766666666667,0.02481,0.01787,0.0158116666666667,0.00961333333333333,0.00756166666666667,0.00583,0.00530333333333333,0.00448,0.00697,0.00616333333333333,0.003455,0.00335333333333333,0.00354,0.002345,0.00290833333333333,0,0.001225,0.00127666666666667,0.00052,0,0.00043,0,0.000603333333333333,0.000251666666666667,0.000616666666666667,0.000661666666666667,0,0,0.000423333333333333,0,0,0.000418333333333333,0,0,0,0,0,0,0,0,0,0,0,1,0,0,0,0,0,0,1,1,1,1,1,1,1,1,1,1,1,1,1,1,1,1,1,1,1,1,1,1,1,1,1,1,1,1,1,1,1,1,1,1,1,1,1,1,1,1,1,1,1,1,1,1,1,1,1,1,1,1,1,1,1,1,1,1,1,1,1,1,1,1,1,1,1,1,1,1,1,1,0
2026-05-16 06:00:00,48.4958942,0,0,0,0,0,0,0.0468583333333333,2.69849166666667,10.8189183333333,12.3088333333333,7.47275,4.57901833333333,3.20992833333333,2.40367833333333,1.89537,0.774525,0.373985,0.208808333333333,0.14746,0.11822,0.133355,0.132273333333333,0.14063,0.126251666666667,0.0949883333333333,0.083175,0.0741066666666667,0.09736,0.08361,0.0828133333333333,0.06803,0.0663616666666667,0.0583266666666667,0.0569666666666667,0.0432133333333333,0.0435,0.0416916666666667,0.025715,0.01904,0.0156533333333333,0.01392,0.0109416666666667,0.0134766666666667,0.00491666666666667,0.003435,0.00461333333333333,0.003755,0.00261,0.00211333333333333,0.00395333333333333,0.000866666666666667,0.00129833333333333,0.000431666666666667,0.00120666666666667,0.00160166666666667,0.000665,0.000831666666666667,0.000858333333333333,0.000175,0.000678333333333333,0.000853333333333333,0,0,0.000423333333333333,0,0,0,0,0,0,0,0,0,0,0,0,0,0,0,1,0,0,0,0,0,0,1,1,1,1,1,1,1,1,1,1,1,1,1,1,1,1,1,1,1,1,1,1,1,1,1,1,1,1,1,1,1,1,1,1,1,1,1,1,1,1,1,1,1,1,1,1,1,1,1,1,1,1,1,1,1,1,1,1,1,1,1,1,1,1,1,1,1,1,1,1,1,1,0
2026-05-16 07:00:00,61.7670455833333,0,0,0,0,0,0,0.0508416666666667,3.20455666666667,13.3373666666667,15.4821233333333,9.58432,5.97889833333333,4.36096833333333,3.28361166666667,2.35037666666667,0.84812,0.46725,0.268553333333333,0.19248,0.152693333333333,0.162676666666667,0.171325,0.20773,0.15292,0.13546,0.112781666666667,0.113481666666667,0.11351,0.098405,0.0978033333333333,0.10056,0.0879183333333333,0.0826416666666667,0.0791933333333333,0.0706816666666667,0.0640533333333333,0.0556883333333333,0.0459216666666667,0.0316883333333333,0.02101,0.0206816666666667,0.0132133333333333,0.0131416666666667,0.0117616666666667,0.0104466666666667,0.00625166666666667,0.00555333333333333,0.00783333333333333,0.00695,0.005625,0.00458333333333333,0.00412333333333333,0.00261333333333333,0.00170833333333333,0.000898333333333333,0.0000516666666666667,0.000773333333333333,0.000945,0,0.000426666666666667,0.00104333333333333,0.00215833333333333,0.000203333333333333,0.00077,0.000846666666666667,0.000496666666666667,0.00042,0.000398333333333333,0.0000183333333333333,0,0,0.0000433333333333333,0.000126666666666667,0.000136666666666667,0.000146666666666667,0.000156666666666667,0.000166666666666667,0.00005,0,1,0,0,0,0,0,0,1,1,1,1,1,1,1,1,1,1,1,1,1,1,1,1,1,1,1,1,1,1,1,1,1,1,1,1,1,1,1,1,1,1,1,1,1,1,1,1,1,1,1,1,1,1,1,1,1,1,1,1,1,1,1,1,1,1,1,1,1,1,1,1,1,1,1,1,1,1,1,1,0
2026-05-16 08:00:00,97.0977712166667,0,0,0,0,0,0,0.0548266666666667,3.561725,16.369085,21.5206316666667,14.649475,10.0058583333333,7.79387166666667,6.699045,5.632115,3.62049,1.51735333333333,1.00908666666667,0.555965,0.432768333333333,0.474253333333333,0.473301666666667,0.543625,0.44109,0.319788333333333,0.22781,0.1782,0.179486666666667,0.149651666666667,0.13223,0.129331666666667,0.104055,0.10126,0.0881283333333333,0.073525,0.068495,0.0532966666666667,0.0405366666666667,0.038555,0.0258833333333333,0.018825,0.0192816666666667,0.01698,0.009185,0.0112966666666667,0.00722333333333333,0.00535166666666667,0.00337166666666667,0.00572833333333333,0.00457666666666667,0.00344833333333333,0.00378333333333333,0.001995,0.000985,0.001655,0.001445,0.00103166666666667,0.00111666666666667,0.001285,0,0.00128,0,0.000425,0.000808333333333333,0.0000383333333333333,0,0,0,0,0,0,0.000065,0.00019,0.000205,0.00022,0.000235,0.00025,0.000075,0,1,0,0,0,0,0,0,1,1,1,1,1,1,1,1,1,1,1,1,1,1,1,1,1,1,1,1,1,1,1,1,1,1,1,1,1,1,1,1,1,1,1,1,1,1,1,1,1,1,1,1,1,1,1,1,1,1,1,1,1,1,1,1,1,1,1,1,1,1,1,1,1,1,1,1,1,1,1,1,0
2026-05-16 09:00:00,118.677514833333,0,0,0,0,0,0,0.05987,3.97615333333333,18.962895,27.10514,20.4754616666667,14.620565,11.0432566666667,8.884195,6.40003166666667,2.240205,0.98538,0.59528,0.376831666666667,0.320731666666667,0.284443333333333,0.300608333333333,0.334335,0.27989,0.22745,0.160228333333333,0.154381666666667,0.158355,0.114803333333333,0.131535,0.111071666666667,0.0988983333333333,0.0967183333333333,0.0726233333333333,0.0654333333333333,0.0637883333333333,0.0496566666666667,0.0424883333333333,0.036,0.0237866666666667,0.01926,0.0162,0.015325,0.00766166666666667,0.008135,0.00814666666666667,0.00853666666666667,0.00850333333333333,0.00399333333333333,0.00543166666666667,0.003385,0.00166333333333333,0.00254333333333333,0.00214,0.00224666666666667,0.00174833333333333,0.00126166666666667,0.00209,0.000911666666666667,0.000428333333333333,0.000853333333333333,0.001395,0.000305,0.000423333333333333,0,0,0,0.000398333333333333,0.000435,0,0,0.0000433333333333333,0.000126666666666667,0.000136666666666667,0.000146666666666667,0.000156666666666667,0.000166666666666667,0.00005,0,1,0,0,0,0,0,0,1,1,1,1,1,1,1,1,1,1,1,1,1,1,1,1,1,1,1,1,1,1,1,1,1,1,1,1,1,1,1,1,1,1,1,1,1,1,1,1,1,1,1,1,1,1,1,1,1,1,1,1,1,1,1,1,1,1,1,1,1,1,1,1,1,1,1,1,1,1,1,1,0
2026-05-16 10:00:00,115.26334135,0,0,0,0,0,0,0.0512883333333333,3.80379666666667,17.7288183333333,25.0821966666667,19.544165,14.5052316666667,11.667005,9.38037666666667,7.030885,1.84132166666667,0.82081,0.4508,0.290363333333333,0.226741666666667,0.195295,0.221876666666667,0.217568333333333,0.16483,0.149768333333333,0.12376,0.111695,0.108283333333333,0.100975,0.106471666666667,0.103796666666667,0.0911333333333333,0.0866583333333333,0.0751,0.0595516666666667,0.057955,0.0419,0.0395816666666667,0.0362583333333333,0.0180533333333333,0.0136766666666667,0.0114266666666667,0.0104933333333333,0.00859333333333333,0.00892,0.008645,0.006995,0.006705,0.003235,0.00321166666666667,0.002475,0.000433333333333333,0.000431666666666667,0.00215833333333333,0.00296666666666667,0.00177333333333333,0.000601666666666667,0.00149166666666667,0.00023,0.000251666666666667,0.000426666666666667,0.000425,0.000425,0,0.000346666666666667,0.000496666666666667,0,0,0.000223333333333333,0.000193333333333333,0,0.0000866666666666667,0.000253333333333333,0.000273333333333333,0.000293333333333333,0.000313333333333333,0.000333333333333333,0.0001,0,1,0,0,0,0,0,0,1,1,1,1,1,1,1,1,1,1,1,1,1,1,1,1,1,1,1,1,1,1,1,1,1,1,1,1,1,1,1,1,1,1,1,1,1,1,1,1,1,1,1,1,1,1,1,1,1,1,1,1,1,1,1,1,1,1,1,1,1,1,1,1,1,1,1,1,1,1,1,1,0
2026-05-16 11:00:00,114.0884442,0,0,0,0,0,0,0.0435533333333333,3.29467,16.281755,24.03613,19.588525,15.1269183333333,12.3739966666667,9.97414166666667,7.66081833333333,1.92098333333333,0.762405,0.380478333333333,0.249738333333333,0.183418333333333,0.161148333333333,0.168893333333333,0.168773333333333,0.129491666666667,0.114133333333333,0.0900166666666667,0.0836283333333333,0.102281666666667,0.0835566666666667,0.0880266666666667,0.07517,0.0735533333333333,0.0661416666666667,0.0578033333333333,0.05145,0.040085,0.0353016666666667,0.025225,0.0258716666666667,0.0153733333333333,0.0128033333333333,0.013645,0.00823166666666667,0.00784833333333333,0.00676166666666667,0.00737,0.00701333333333333,0.00264666666666667,0.00277333333333333,0.00272166666666667,0.00171333333333333,0.00506,0.00177333333333333,0.00127666666666667,0.001815,0.000888333333333333,0.00143333333333333,0.000258333333333333,0.00103166666666667,0.001105,0.000426666666666667,0.000425,0.000425,0,0,0,0,0,0,0,0.000413333333333333,0,0,0,0,0,0,0,0,1,0,0,0,0,0,0,1,1,1,1,1,1,1,1,1,1,1,1,1,1,1,1,1,1,1,1,1,1,1,1,1,1,1,1,1,1,1,1,1,1,1,1,1,1,1,1,1,1,1,1,1,1,1,1,1,1,1,1,1,1,1,1,1,1,1,1,1,1,1,1,1,1,1,1,1,1,1,1,0
2026-05-16 12:00:00,163.85931095,0,0,0,0,0,0,0.06654,4.57396,22.227085,33.6320466666667,28.2405133333333,22.3119816666667,18.3500833333333,15.1332116666667,11.726455,2.85881166666667,1.25553333333333,0.61167,0.373401666666667,0.306701666666667,0.266326666666667,0.282908333333333,0.267028333333333,0.20402,0.168615,0.143186666666667,0.123115,0.119093333333333,0.115703333333333,0.117461666666667,0.100391666666667,0.0852533333333333,0.0821233333333333,0.06938,0.0745766666666667,0.06487,0.0555066666666667,0.0389116666666667,0.0326166666666667,0.0244033333333333,0.018495,0.01408,0.0137766666666667,0.0109866666666667,0.0134816666666667,0.00917333333333333,0.00548333333333333,0.00482166666666667,0.00402333333333333,0.00325,0.00344833333333333,0.004215,0.00292833333333333,0.00177833333333333,0.00251833333333333,0.000613333333333333,0.00143333333333333,0.00149,0.000911666666666667,0.00128166666666667,0.000853333333333333,0.000323333333333333,0.000101666666666667,0.000423333333333333,0.000845,0,0.00042,0,0,0,0,0.0000216666666666667,0.0000633333333333333,0.0000683333333333333,0.0000733333333333333,0.0000783333333333333,0.0000833333333333333,0.000025,0,1,0,0,0,0,0,0,1,1,1,1,1,1,1,1,1,1,1,1,1,1,1,1,1,1,1,1,1,1,1,1,1,1,1,1,1,1,1,1,1,1,1,1,1,1,1,1,1,1,1,1,1,1,1,1,1,1,1,1,1,1,1,1,1,1,1,1,1,1,1,1,1,1,1,1,1,1,1,1,0
2026-05-16 13:00:00,132.548722033333,0,0,0,0,0,0,0.0564366666666667,4.20724,20.4894616666667,30.219195,23.2968483333333,16.6161583333333,12.6870683333333,10.1079083333333,7.456795,2.40455833333333,1.21185833333333,0.652078333333333,0.389001666666667,0.282256666666667,0.25685,0.257465,0.256156666666667,0.19175,0.153658333333333,0.125403333333333,0.120751666666667,0.105706666666667,0.102411666666667,0.110368333333333,0.107578333333333,0.116151666666667,0.0828516666666667,0.0738833333333333,0.0672066666666667,0.06123,0.0433883333333333,0.039035,0.0236016666666667,0.027685,0.0225666666666667,0.0155683333333333,0.0146433333333333,0.01124,0.00796166666666667,0.00806333333333333,0.00621333333333333,0.00444166666666667,0.00488666666666667,0.00414666666666667,0.00293166666666667,0.00250666666666667,0.00413,0.00296666666666667,0.00361,0.00142166666666667,0.00186333333333333,0.00149166666666667,0.00126166666666667,0.000931666666666667,0.00128,0.00085,0.000425,0.00077,0.0000766666666666667,0.000283333333333333,0.000138333333333333,0,0,0,0,0.0000866666666666667,0.000253333333333333,0.000273333333333333,0.000293333333333333,0.000313333333333333,0.000333333333333333,0.0001,0,1,0,0,0,0,0,0,1,1,1,1,1,1,1,1,1,1,1,1,1,1,1,1,1,1,1,1,1,1,1,1,1,1,1,1,1,1,1,1,1,1,1,1,1,1,1,1,1,1,1,1,1,1,1,1,1,1,1,1,1,1,1,1,1,1,1,1,1,1,1,1,1,1,1,1,1,1,1,1,0
2026-05-16 14:00:00,91.86025815,0,0,0,0,0,0,0.0670216666666667,3.85112833333333,17.4304866666667,22.882255,15.9887816666667,10.3796283333333,7.36052666666667,5.67357166666667,4.07793833333333,1.48508666666667,0.779571666666667,0.37023,0.22926,0.184725,0.178713333333333,0.165425,0.165466666666667,0.138925,0.111241666666667,0.0918266666666667,0.08587,0.108906666666667,0.078235,0.0918266666666667,0.0849283333333333,0.089375,0.069355,0.0640583333333333,0.049825,0.0442816666666667,0.0338016666666667,0.0344933333333333,0.0201283333333333,0.0154583333333333,0.0132566666666667,0.011885,0.0106733333333333,0.00998833333333333,0.00980666666666667,0.00714833333333333,0.00679833333333333,0.00587333333333333,0.00351333333333333,0.004485,0.00342833333333333,0.00294,0.00252,0.000845,0.000898333333333333,0.00180166666666667,0.00169166666666667,0.00117666666666667,0.000285,0.00110666666666667,0,0.000323333333333333,0.000526666666666667,0.000385,0.0000383333333333333,0.000283333333333333,0.000138333333333333,0,0.000223333333333333,0.000193333333333333,0.000413333333333333,0.0000433333333333333,0.000126666666666667,0.000136666666666667,0.000146666666666667,0.000156666666666667,0.000166666666666667,0.00005,0,1,0,0,0,0,0,0,1,1,1,1,1,1,1,1,1,1,1,1,1,1,1,1,1,1,1,1,1,1,1,1,1,1,1,1,1,1,1,1,1,1,1,1,1,1,1,1,1,1,1,1,1,1,1,1,1,1,1,1,1,1,1,1,1,1,1,1,1,1,1,1,1,1,1,1,1,1,1,1,0
2026-05-16 15:00:00,64.5666917666667,0,0,0,0,0,0,0.0460983333333333,2.71162666666667,12.1119233333333,15.7684116666667,10.840565,7.15210166666667,5.14577833333333,3.94714166666667,2.89270833333333,1.270735,0.704811666666667,0.372085,0.25863,0.180395,0.145388333333333,0.14013,0.145458333333333,0.100623333333333,0.0968483333333333,0.0755783333333333,0.0593983333333333,0.063795,0.0520983333333333,0.0622566666666667,0.0483466666666667,0.04174,0.0415166666666667,0.031855,0.0291,0.0275183333333333,0.0218983333333333,0.0195583333333333,0.0152016666666667,0.0127233333333333,0.00997,0.008435,0.00715,0.005475,0.00419666666666667,0.00595666666666667,0.002085,0.00235666666666667,0.0015,0.000961666666666667,0.00125833333333333,0.000866666666666667,0.00252,0.00118833333333333,0.00104,0.00258,0.00043,0.000803333333333333,0.000483333333333333,0.000426666666666667,0.00104333333333333,0.000236666666666667,0,0,0,0.000283333333333333,0.000138333333333333,0,0,0,0,0.000108333333333333,0.000316666666666667,0.00034,0.000365,0.000391666666666667,0.000418333333333333,0.000123333333333333,0,1,0,0,0,0,0,0,1,1,1,1,1,1,1,1,1,1,1,1,1,1,1,1,1,1,1,1,1,1,1,1,1,1,1,1,1,1,1,1,1,1,1,1,1,1,1,1,1,1,1,1,1,1,1,1,1,1,1,1,1,1,1,1,1,1,1,1,1,1,1,1,1,1,1,1,1,1,1,1,0
2026-05-16 16:00:00,56.2272708474576,0,0,0,0,0,0,0.0289220338983051,1.96198813559322,9.09739661016949,12.9322220338983,9.68940169491525,6.90713389830508,5.27264745762712,4.2117,3.04210338983051,1.22994915254237,0.654618644067797,0.340798305084746,0.21571186440678,0.13888813559322,0.126576271186441,0.123279661016949,0.119740677966102,0.0793423728813559,0.0683932203389831,0.0543050847457627,0.0490186440677966,0.0487949152542373,0.0376779661016949,0.0541254237288136,0.0332847457627119,0.029371186440678,0.0228610169491525,0.0243745762711864,0.0152949152542373,0.0207372881355932,0.0148305084745763,0.0101084745762712,0.0100305084745763,0.0114661016949153,0.00557966101694915,0.00547966101694915,0.00327966101694915,0.0033864406779661,0.00335084745762712,0.00443050847457627,0.00198305084745763,0.00208305084745763,0.00145084745762712,0.000483050847457627,0.00130169491525424,0.000857627118644068,0.00264576271186441,0.00130508474576271,0.000438983050847458,0.00043728813559322,0,0.000379661016949153,0.000927118644067797,0,0.000433898305084746,0,0,0,0,0,0.000720338983050847,0.000133898305084746,0,0,0,0.0000220338983050847,0.0000644067796610169,0.0000694915254237288,0.0000745762711864407,0.0000796610169491525,0.0000847457627118644,0.0000254237288135593,0,1,0,0,0,0,0,0,1,1,1,1,1,1,1,1,1,1,1,1,1,1,1,1,1,1,1,1,1,1,1,1,1,1,1,1,1,1,1,1,1,1,1,1,1,1,1,1,1,1,1,1,1,1,1,1,1,1,1,1,1,1,1,1,1,1,1,1,1,1,1,1,1,1,1,1,1,1,1,1,0
2026-05-16 17:00:00,92.2606994833333,0,0,0,0,0,0,0.046975,3.24066333333333,14.6625783333333,20.262725,15.796615,11.5805466666667,8.86115333333333,7.05228666666667,5.231055,1.84805666666667,0.942201666666667,0.484983333333333,0.294651666666667,0.211141666666667,0.177818333333333,0.162341666666667,0.167295,0.116528333333333,0.100793333333333,0.07133,0.0769583333333333,0.0791533333333333,0.0526333333333333,0.0523666666666667,0.0485016666666667,0.0431433333333333,0.0419416666666667,0.0357516666666667,0.0238683333333333,0.0261883333333333,0.0234833333333333,0.0158366666666667,0.0125533333333333,0.00727666666666667,0.00645666666666667,0.00607333333333333,0.00404333333333333,0.00373833333333333,0.00216166666666667,0.00461333333333333,0.00477333333333333,0.00103333333333333,0.00178,0.000946666666666667,0.00143,0.00417,0.000816666666666667,0.000413333333333333,0.00133,0.00134166666666667,0.00043,0,0.000856666666666667,0,0,0,0,0,0.000423333333333333,0,0.00042,0,0,0,0,0,0,0,0,0,0,0,0,1,0,0,0,0,0,0,1,1,1,1,1,1,1,1,1,1,1,1,1,1,1,1,1,1,1,1,1,1,1,1,1,1,1,1,1,1,1,1,1,1,1,1,1,1,1,1,1,1,1,1,1,1,1,1,1,1,1,1,1,1,1,1,1,1,1,1,1,1,1,1,1,1,1,1,1,1,1,1,0
2026-05-16 18:00:00,98.1589607166667,0,0,0,0,0,0,0.0445316666666667,3.10796666666667,15.0010766666667,21.67141,16.4631833333333,12.0650166666667,9.50693666666667,7.85961833333333,5.88575166666667,1.98975166666667,0.97656,0.536185,0.333366666666667,0.250311666666667,0.207155,0.228763333333333,0.185365,0.13641,0.113115,0.092675,0.0720083333333333,0.0701933333333333,0.0567216666666667,0.0627783333333333,0.052275,0.0489533333333333,0.0396316666666667,0.0402766666666667,0.0371783333333333,0.024795,0.0208166666666667,0.01742,0.0140216666666667,0.00887666666666667,0.007895,0.00643833333333333,0.00416,0.00604166666666667,0.00273666666666667,0.002105,0.00412833333333333,0.00289833333333333,0.00257333333333333,0.00132666666666667,0.000866666666666667,0.00214333333333333,0.00254333333333333,0.00170833333333333,0.00138333333333333,0.0000283333333333333,0.000401666666666667,0.000428333333333333,0.000856666666666667,0.000853333333333333,0,0,0,0,0.000346666666666667,0.000358333333333333,0.000138333333333333,0,0,0.000588333333333333,0.00024,0,0,0,0,0,0,0,0,1,0,0,0,0,0,0,1,1,1,1,1,1,1,1,1,1,1,1,1,1,1,1,1,1,1,1,1,1,1,1,1,1,1,1,1,1,1,1,1,1,1,1,1,1,1,1,1,1,1,1,1,1,1,1,1,1,1,1,1,1,1,1,1,1,1,1,1,1,1,1,1,1,1,1,1,1,1,1,0
2026-05-16 19:00:00,90.0197446666667,0,0,0,0,0,0,0.0444833333333333,2.59613166666667,12.7252183333333,18.3764166666667,14.194525,10.9434016666667,9.339285,8.34515333333333,6.9072,2.31205666666667,1.04500666666667,0.576073333333333,0.335388333333333,0.246675,0.204168333333333,0.228088333333333,0.202856666666667,0.132483333333333,0.116226666666667,0.0781583333333333,0.0810916666666667,0.0654233333333333,0.0600466666666667,0.05687,0.04485,0.039305,0.0311633333333333,0.0290283333333333,0.0244433333333333,0.0201916666666667,0.0142466666666667,0.0162583333333333,0.00982666666666667,0.00697666666666667,0.005915,0.00514166666666667,0.00550333333333333,0.00469833333333333,0.00366166666666667,0.00292,0.00499333333333333,0.00289833333333333,0.00252166666666667,0.00233,0.00123833333333333,0.00125333333333333,0.00147,0.00303666666666667,0.000265,0.00174833333333333,0.000401666666666667,0,0.000175,0.000251666666666667,0.000426666666666667,0,0,0.000423333333333333,0.000421666666666667,0,0,0.000418333333333333,0.000416666666666667,0,0,0.0000216666666666667,0.0000633333333333333,0.0000683333333333333,0.0000733333333333333,0.0000783333333333333,0.0000833333333333333,0.000025,0,1,0,0,0,0,0,0,1,1,1,1,1,1,1,1,1,1,1,1,1,1,1,1,1,1,1,1,1,1,1,1,1,1,1,1,1,1,1,1,1,1,1,1,1,1,1,1,1,1,1,1,1,1,1,1,1,1,1,1,1,1,1,1,1,1,1,1,1,1,1,1,1,1,1,1,1,1,1,1,0
2026-05-16 20:00:00,95.7116316333333,0,0,0,0,0,0,0.041385,2.58404166666667,12.99209,19.1933316666667,14.992425,11.8581983333333,10.262375,9.346085,8.15759333333333,3.071015,1.39076333333333,0.751136666666667,0.467408333333333,0.331701666666667,0.266966666666667,0.278916666666667,0.257221666666667,0.180543333333333,0.149166666666667,0.101285,0.0924416666666667,0.0847083333333333,0.0743383333333333,0.0650366666666667,0.04828,0.0476916666666667,0.041935,0.032925,0.0278333333333333,0.0264616666666667,0.0217416666666667,0.0148366666666667,0.01537,0.0110366666666667,0.00668833333333333,0.00671,0.005145,0.00507166666666667,0.00327333333333333,0.00281166666666667,0.00543333333333333,0.00264666666666667,0.00152666666666667,0.00401,0.003405,0.00214333333333333,0.000431666666666667,0.000863333333333333,0.00124166666666667,0.00137,0.00169166666666667,0.000746666666666667,0.00011,0,0.000853333333333333,0,0.00085,0.000423333333333333,0.000346666666666667,0.000075,0,0,0.000416666666666667,0,0.00016,0.000275,0.0000633333333333333,0.0000683333333333333,0.0000733333333333333,0.0000783333333333333,0.0000833333333333333,0.000025,0,1,0,0,0,0,0,0,1,1,1,1,1,1,1,1,1,1,1,1,1,1,1,1,1,1,1,1,1,1,1,1,1,1,1,1,1,1,1,1,1,1,1,1,1,1,1,1,1,1,1,1,1,1,1,1,1,1,1,1,1,1,1,1,1,1,1,1,1,1,1,1,1,1,1,1,1,1,1,1,0
2026-05-16 21:00:00,58.70207205,0,0,0,0,0,0,0.0175683333333333,1.38493333333333,6.93709833333333,10.8406933333333,8.83550666666667,7.35194,6.535635,5.86728,5.53653333333333,2.29806166666667,0.879131666666667,0.461871666666667,0.265896666666667,0.171171666666667,0.156748333333333,0.150898333333333,0.150093333333333,0.110045,0.08905,0.0736616666666667,0.0661683333333333,0.0627316666666667,0.0520766666666667,0.0529583333333333,0.0453133333333333,0.0393566666666667,0.04095,0.02727,0.0255866666666667,0.01963,0.0184433333333333,0.012825,0.0126833333333333,0.008005,0.00767666666666667,0.00454666666666667,0.004125,0.001745,0.00498166666666667,0.00310666666666667,0.00252833333333333,0.00116,0.00168,0.00191166666666667,0.00204166666666667,0.00125333333333333,0.00163333333333333,0.000571666666666667,0,0.00043,0.00043,0,0,0.000426666666666667,0,0.000425,0,0,0,0,0,0.000418333333333333,0.000416666666666667,0,0,0,0,0,0,0,0,0,0,1,0,0,0,0,0,0,1,1,1,1,1,1,1,1,1,1,1,1,1,1,1,1,1,1,1,1,1,1,1,1,1,1,1,1,1,1,1,1,1,1,1,1,1,1,1,1,1,1,1,1,1,1,1,1,1,1,1,1,1,1,1,1,1,1,1,1,1,1,1,1,1,1,1,1,1,1,1,1,0
2026-05-16 22:00:00,65.0625169166667,0,0,0,0,0,0,0.0274883333333333,1.78589333333333,8.92040333333333,12.8344083333333,9.51926,7.43357833333333,6.57827166666667,6.23168666666667,6.11804666666667,2.39838,1.06806,0.54594,0.30061,0.209425,0.16745,0.147423333333333,0.136815,0.100233333333333,0.0826316666666667,0.0678316666666667,0.04131,0.05979,0.0520816666666667,0.032635,0.0411866666666667,0.0338483333333333,0.0348383333333333,0.0232516666666667,0.0197283333333333,0.016875,0.0135733333333333,0.01012,0.00895333333333333,0.00791,0.00743666666666667,0.00452,0.00532666666666667,0.003235,0.004785,0.002905,0.00332833333333333,0.00264666666666667,0.00155333333333333,0.0000416666666666667,0.00299166666666667,0.00082,0.000478333333333333,0.000343333333333333,0.000951666666666667,0.00086,0.00043,0.00043,0.000428333333333333,0,0,0.000425,0,0,0,0,0,0,0,0,0,0,0,0,0,0,0,0,0,1,0,0,0,0,0,0,1,1,1,1,1,1,1,1,1,1,1,1,1,1,1,1,1,1,1,1,1,1,1,1,1,1,1,1,1,1,1,1,1,1,1,1,1,1,1,1,1,1,1,1,1,1,1,1,1,1,1,1,1,1,1,1,1,1,1,1,1,1,1,1,1,1,1,1,1,1,1,1,0
2026-05-16 23:00:00,77.8543731,0,0,0,0,0,0,0.020395,2.14249166666667,11.2795716666667,16.7996633333333,12.2373816666667,8.75353666666667,7.14495166666667,6.42309833333333,6.51533333333333,2.53093333333333,1.07953166666667,0.57724,0.296728333333333,0.201271666666667,0.177013333333333,0.154743333333333,0.147758333333333,0.0947,0.0769933333333333,0.0526966666666667,0.04913,0.0423316666666667,0.0331633333333333,0.0420316666666667,0.0368733333333333,0.0282216666666667,0.02558,0.0228383333333333,0.017575,0.0127916666666667,0.0113366666666667,0.009115,0.008625,0.00613666666666667,0.00612166666666667,0.00563833333333333,0.002995,0.00248833333333333,0.00146833333333333,0.00274166666666667,0.00158833333333333,0.00116,0.00214,0.00227666666666667,0.000805,0.00125333333333333,0.00124833333333333,0.00118833333333333,0.000176666666666667,0.000888333333333333,0.000401666666666667,0,0.000428333333333333,0,0,0.000748333333333333,0.000101666666666667,0,0,0.000421666666666667,0,0,0,0,0,0,0,0,0,0,0,0,0,1,0,0,0,0,0,0,1,1,1,1,1,1,1,1,1,1,1,1,1,1,1,1,1,1,1,1,1,1,1,1,1,1,1,1,1,1,1,1,1,1,1,1,1,1,1,1,1,1,1,1,1,1,1,1,1,1,1,1,1,1,1,1,1,1,1,1,1,1,1,1,1,1,1,1,1,1,1,1,0
2026-05-17,73.7296135666667,0,0,0,0,0,0,0.0243333333333333,1.84137166666667,9.89446166666667,15.5834766666667,12.0011666666667,9.05520166666667,7.49367,6.44172666666667,5.663455,2.24811166666667,0.981755,0.550206666666667,0.335763333333333,0.240216666666667,0.194681666666667,0.1935,0.186308333333333,0.173853333333333,0.126143333333333,0.108165,0.108925,0.0937766666666667,0.0810483333333333,0.07882,0.06951,0.0630066666666667,0.0547966666666667,0.04515,0.0410583333333333,0.0261966666666667,0.0244033333333333,0.01947,0.0123783333333333,0.01294,0.00864666666666667,0.00366333333333333,0.00654333333333333,0.00327666666666667,0.00459833333333333,0.00399166666666667,0.002745,0.004405,0.00252,0.00136833333333333,0.00219,0.00293833333333333,0.0000233333333333333,0.00293333333333333,0.00133,0.00134166666666667,0.00043,0.000428333333333333,0.000428333333333333,0,0,0,0.000386666666666667,0.0000383333333333333,0,0,0,0,0,0,0,0,0,0,0,0,0,0,0,1,0,0,0,0,0,0,1,1,1,1,1,1,1,1,1,1,1,1,1,1,1,1,1,1,1,1,1,1,1,1,1,1,1,1,1,1,1,1,1,1,1,1,1,1,1,1,1,1,1,1,1,1,1,1,1,1,1,1,1,1,1,1,1,1,1,1,1,1,1,1,1,1,1,1,1,1,1,1,0
2026-05-17 01:00:00,74.2359261833333,0,0,0,0,0,0,0.0222433333333333,1.703315,9.21789,15.1290216666667,12.4306083333333,9.74211333333333,7.68043,6.14608166666667,5.06519666666667,2.29079,0.940883333333333,0.528256666666667,0.347761666666667,0.264801666666667,0.270935,0.273363333333333,0.272065,0.240398333333333,0.210303333333333,0.16873,0.151381666666667,0.143423333333333,0.131623333333333,0.145938333333333,0.109458333333333,0.113005,0.0747983333333333,0.0719116666666667,0.0542033333333333,0.0441966666666667,0.0387133333333333,0.0346883333333333,0.0248816666666667,0.0210066666666667,0.013695,0.00928333333333333,0.0118333333333333,0.00573166666666667,0.00733666666666667,0.00783833333333333,0.00556833333333333,0.00320833333333333,0.00438166666666667,0.00458,0.0033,0.00173333333333333,0.00331333333333333,0.00169,0.000986666666666667,0.00094,0.00126166666666667,0.000428333333333333,0.001285,0.000426666666666667,0.000853333333333333,0,0.000811666666666667,0.0000383333333333333,0,0,0,0,0,0,0,0,0,0,0,0,0,0,0,1,0,0,0,0,0,0,1,1,1,1,1,1,1,1,1,1,1,1,1,1,1,1,1,1,1,1,1,1,1,1,1,1,1,1,1,1,1,1,1,1,1,1,1,1,1,1,1,1,1,1,1,1,1,1,1,1,1,1,1,1,1,1,1,1,1,1,1,1,1,1,1,1,1,1,1,1,1,1,0
2026-05-17 02:00:00,73.6853665666667,0,0,0,0,0,0,0.021415,1.75959,9.42409833333333,15.2818316666667,12.5378,9.784585,7.708685,6.044105,4.92119833333333,2.04080166666667,0.76441,0.455508333333333,0.316136666666667,0.233636666666667,0.23195,0.239293333333333,0.283753333333333,0.22145,0.195761666666667,0.16996,0.146466666666667,0.153166666666667,0.125111666666667,0.137775,0.10798,0.111286666666667,0.090585,0.08533,0.07267,0.0486966666666667,0.0386033333333333,0.0308716666666667,0.0251433333333333,0.01948,0.01194,0.0145166666666667,0.0107916666666667,0.01039,0.008465,0.00462833333333333,0.00528166666666667,0.00411333333333333,0.00634333333333333,0.00200666666666667,0.00421,0.00294,0.00401333333333333,0.0019,0.00185,0.000566666666666667,0.00197833333333333,0.000516666666666667,0.000428333333333333,0,0.00128,0.000425,0,0,0,0,0,0.000398333333333333,0.0000183333333333333,0,0,0.0000433333333333333,0.000126666666666667,0.000136666666666667,0.000146666666666667,0.000156666666666667,0.000166666666666667,0.00005,0,1,0,0,0,0,0,0,1,1,1,1,1,1,1,1,1,1,1,1,1,1,1,1,1,1,1,1,1,1,1,1,1,1,1,1,1,1,1,1,1,1,1,1,1,1,1,1,1,1,1,1,1,1,1,1,1,1,1,1,1,1,1,1,1,1,1,1,1,1,1,1,1,1,1,1,1,1,1,1,0
2026-05-17 03:00:00,69.7076777666667,0,0,0,0,0,0,0.0202166666666667,1.75863666666667,9.24869333333333,14.91007,11.9995,9.067335,7.14486666666667,5.43886833333333,4.4537,1.77304333333333,0.638241666666667,0.35899,0.250928333333333,0.210038333333333,0.199928333333333,0.237548333333333,0.259278333333333,0.23854,0.198145,0.155836666666667,0.145268333333333,0.137138333333333,0.13107,0.128261666666667,0.104625,0.105016666666667,0.0813183333333333,0.0744383333333333,0.0594483333333333,0.0463283333333333,0.040405,0.032515,0.0223933333333333,0.0166366666666667,0.014465,0.0107916666666667,0.0126216666666667,0.00865166666666667,0.00559666666666667,0.00646166666666667,0.00709166666666667,0.00511166666666667,0.00231333333333333,0.004215,0.00455833333333333,0.00173333333333333,0.00158666666666667,0.00203333333333333,0.001885,0.00190833333333333,0.001635,0.00123166666666667,0.000483333333333333,0,0,0.000425,0.000425,0,0.000346666666666667,0.000496666666666667,0,0,0,0,0,0,0,0,0,0,0,0,0,1,0,0,0,0,0,0,1,1,1,1,1,1,1,1,1,1,1,1,1,1,1,1,1,1,1,1,1,1,1,1,1,1,1,1,1,1,1,1,1,1,1,1,1,1,1,1,1,1,1,1,1,1,1,1,1,1,1,1,1,1,1,1,1,1,1,1,1,1,1,1,1,1,1,1,1,1,1,1,0
2026-05-17 04:00:00,66.29402725,0,0,0,0,0,0,0.0269266666666667,1.755205,9.37568,14.2931933333333,11.2597816666667,8.51890166666667,6.68726,5.15267166666667,3.97886166666667,1.62239166666667,0.582165,0.336166666666667,0.23062,0.198423333333333,0.21494,0.220043333333333,0.241745,0.202016666666667,0.192096666666667,0.151511666666667,0.137575,0.121201666666667,0.121786666666667,0.12795,0.0977866666666667,0.094805,0.0785566666666667,0.0706833333333333,0.0586866666666667,0.0459316666666667,0.0442683333333333,0.0240516666666667,0.0240983333333333,0.0157416666666667,0.0160866666666667,0.0109716666666667,0.0126216666666667,0.00728333333333333,0.00446833333333333,0.00605333333333333,0.00534,0.00822833333333333,0.00669333333333333,0.00368333333333333,0.00351333333333333,0.00542333333333333,0.003675,0.00199666666666667,0.000873333333333333,0.00263666666666667,0.00123333333333333,0,0.00214166666666667,0,0.00019,0.000236666666666667,0.000386666666666667,0.000423333333333333,0.0000383333333333333,0,0,0,0,0,0,0,0,0,0,0,0,0,0,1,0,0,0,0,0,0,1,1,1,1,1,1,1,1,1,1,1,1,1,1,1,1,1,1,1,1,1,1,1,1,1,1,1,1,1,1,1,1,1,1,1,1,1,1,1,1,1,1,1,1,1,1,1,1,1,1,1,1,1,1,1,1,1,1,1,1,1,1,1,1,1,1,1,1,1,1,1,1,0
2026-05-17 05:00:00,51.14323565,0,0,0,0,0,0,0.0313816666666667,1.86649333333333,8.766865,11.8157716666667,8.42422666666667,5.777965,4.30886,3.25032166666667,2.55793833333333,1.113195,0.522398333333333,0.332046666666667,0.216306666666667,0.173478333333333,0.166428333333333,0.201515,0.218803333333333,0.178905,0.162316666666667,0.126295,0.130616666666667,0.120025,0.108673333333333,0.114191666666667,0.08644,0.08743,0.0757433333333333,0.0613316666666667,0.0596633333333333,0.0371883333333333,0.03373,0.026955,0.0227466666666667,0.01651,0.0151116666666667,0.0140266666666667,0.0139766666666667,0.00856166666666667,0.005365,0.00715333333333333,0.003815,0.010185,0.00529333333333333,0.002535,0.00330166666666667,0.00207333333333333,0.00120166666666667,0.00100333333333333,0.000863333333333333,0.00272166666666667,0.00261,0.000258333333333333,0.00103166666666667,0.00110666666666667,0.00170666666666667,0,0,0,0,0,0,0,0,0,0.00016,0.000296666666666667,0.000126666666666667,0.000136666666666667,0.000146666666666667,0.000156666666666667,0.000166666666666667,0.00005,0,1,0,0,0,0,0,0,1,1,1,1,1,1,1,1,1,1,1,1,1,1,1,1,1,1,1,1,1,1,1,1,1,1,1,1,1,1,1,1,1,1,1,1,1,1,1,1,1,1,1,1,1,1,1,1,1,1,1,1,1,1,1,1,1,1,1,1,1,1,1,1,1,1,1,1,1,1,1,1,0
2026-05-17 06:00:00,52.3103162,0,0,0,0,0,0,0.0471483333333333,2.64349333333333,10.8143516666667,12.8778683333333,8.03622666666667,4.86094833333333,3.42095333333333,2.522895,1.857315,0.866686666666667,0.447688333333333,0.307381666666667,0.21382,0.212776666666667,0.221996666666667,0.237843333333333,0.256416666666667,0.22422,0.207045,0.179376666666667,0.151841666666667,0.151438333333333,0.129321666666667,0.130146666666667,0.116416666666667,0.103613333333333,0.09217,0.08913,0.0700216666666667,0.05932,0.04551,0.0412083333333333,0.0354516666666667,0.0270616666666667,0.022965,0.0140083333333333,0.0128933333333333,0.0146233333333333,0.0116283333333333,0.011045,0.00634,0.00980333333333333,0.0104166666666667,0.00382,0.00379833333333333,0.00462666666666667,0.00490166666666667,0.00224333333333333,0.00237,0.000968333333333333,0.00157833333333333,0.001805,0.00146,0.001105,0.00128,0,0.000425,0.000423333333333333,0,0.000283333333333333,0.000138333333333333,0.000418333333333333,0.000416666666666667,0,0,0.0000433333333333333,0.000126666666666667,0.000136666666666667,0.000146666666666667,0.000156666666666667,0.000166666666666667,0.00005,0,1,0,0,0,0,0,0,1,1,1,1,1,1,1,1,1,1,1,1,1,1,1,1,1,1,1,1,1,1,1,1,1,1,1,1,1,1,1,1,1,1,1,1,1,1,1,1,1,1,1,1,1,1,1,1,1,1,1,1,1,1,1,1,1,1,1,1,1,1,1,1,1,1,1,1,1,1,1,1,0
2026-05-17 07:00:00,55.4813994333333,0,0,0,0,0,0,0.0417966666666667,2.84730833333333,11.8843583333333,14.022775,8.77183666666667,5.26083666666667,3.52577,2.50332833333333,1.667605,0.812796666666667,0.457571666666667,0.300881666666667,0.270815,0.241586666666667,0.249045,0.268403333333333,0.301025,0.250315,0.217401666666667,0.174201666666667,0.177985,0.175165,0.168065,0.14569,0.127483333333333,0.122685,0.115791666666667,0.0947283333333333,0.0937233333333333,0.0738333333333333,0.06135,0.0473883333333333,0.0355383333333333,0.03058,0.027835,0.024015,0.0188316666666667,0.017615,0.0142066666666667,0.010455,0.0114233333333333,0.00916833333333333,0.00746,0.005485,0.00256166666666667,0.00501333333333333,0.00427166666666667,0.002985,0.00147166666666667,0.00346833333333333,0.002465,0.00137333333333333,0.00188833333333333,0.00153166666666667,0.00128,0.000323333333333333,0.000913333333333333,0.000846666666666667,0.000385,0.000496666666666667,0.00168,0.000418333333333333,0,0,0.000413333333333333,0.0000216666666666667,0.0000633333333333333,0.0000683333333333333,0.0000733333333333333,0.0000783333333333333,0.0000833333333333333,0.000025,0,1,0,0,0,0,0,0,1,1,1,1,1,1,1,1,1,1,1,1,1,1,1,1,1,1,1,1,1,1,1,1,1,1,1,1,1,1,1,1,1,1,1,1,1,1,1,1,1,1,1,1,1,1,1,1,1,1,1,1,1,1,1,1,1,1,1,1,1,1,1,1,1,1,1,1,1,1,1,1,0
2026-05-17 08:00:00,48.2922421166667,0,0,0,0,0,0,0.0440083333333333,2.59628,10.81523,12.7462716666667,7.79544,4.49107666666667,2.84842,1.972465,1.07416833333333,0.610555,0.403718333333333,0.301038333333333,0.253195,0.23641,0.233821666666667,0.254418333333333,0.246698333333333,0.223046666666667,0.185805,0.174983333333333,0.142295,0.15075,0.143388333333333,0.13221,0.108695,0.114175,0.09716,0.097775,0.0700233333333333,0.069095,0.0576233333333333,0.0502933333333333,0.0418433333333333,0.0329666666666667,0.028775,0.02294,0.0232616666666667,0.0126116666666667,0.0123483333333333,0.0142866666666667,0.01128,0.00746833333333333,0.00682166666666667,0.006895,0.00637833333333333,0.00421666666666667,0.00334,0.00229833333333333,0.00205166666666667,0.00142166666666667,0.00263666666666667,0.00232333333333333,0.000516666666666667,0.00221,0.000853333333333333,0.000748333333333333,0.000526666666666667,0,0,0.000283333333333333,0.000138333333333333,0,0,0,0,0.000151666666666667,0.000443333333333333,0.000476666666666667,0.000511666666666667,0.000548333333333333,0.000585,0.000173333333333333,0,1,0,0,0,0,0,0,1,1,1,1,1,1,1,1,1,1,1,1,1,1,1,1,1,1,1,1,1,1,1,1,1,1,1,1,1,1,1,1,1,1,1,1,1,1,1,1,1,1,1,1,1,1,1,1,1,1,1,1,1,1,1,1,1,1,1,1,1,1,1,1,1,1,1,1,1,1,1,1,0
2026-05-17 09:00:00,45.8290530227273,0,0,0,0,0,0,0.042625,2.363775,9.99061818181818,12.2726477272727,7.43620227272727,4.25044545454545,2.75336818181818,1.85299318181818,0.993927272727273,0.530234090909091,0.384822727272727,0.293334090909091,0.234438636363636,0.240890909090909,0.237756818181818,0.226934090909091,0.2444,0.21535,0.178652272727273,0.145740909090909,0.170611363636364,0.132411363636364,0.142120454545455,0.140302272727273,0.125368181818182,0.110313636363636,0.106384090909091,0.0855272727272727,0.0800454545454545,0.079825,0.0676636363636364,0.0458909090909091,0.0421636363636364,0.03355,0.0361227272727273,0.0279704545454545,0.02375,0.0171909090909091,0.0155318181818182,0.0148090909090909,0.00707954545454545,0.0106022727272727,0.00666590909090909,0.00613181818181818,0.00355,0.00282727272727273,0.00275227272727273,0.00419090909090909,0.00174090909090909,0.003075,0,0.000586363636363636,0.00116818181818182,0.000581818181818182,0.00116363636363636,0.00115909090909091,0.000527272727272727,0.0000522727272727273,0,0.00115,0,0,0,0,0,0.0000886363636363636,0.000259090909090909,0.000279545454545455,0.0003,0.000320454545454545,0.000340909090909091,0.000102272727272727,0,3,0,0,0,0,0,0,3,3,3,3,3,3,3,3,3,3,3,3,3,3,3,3,3,3,3,3,3,3,3,3,3,3,3,3,3,3,3,3,3,3,3,3,3,3,3,3,3,3,3,3,3,3,3,3,3,3,3,3,3,3,3,3,3,3,3,3,3,3,3,3,3,3,3,3,3,3,3,3,0
2026-05-17 10:00:00,51.7798419428571,0,0,0,0,0,0,0.0300371428571429,2.1313,10.0537057142857,13.7973114285714,8.86767428571429,5.33916,3.24908,2.25031142857143,1.12630857142857,0.575677142857143,0.427631428571429,0.286514285714286,0.234877142857143,0.235522857142857,0.257882857142857,0.270011428571429,0.254297142857143,0.21414,0.226931428571429,0.181602857142857,0.196708571428571,0.15026,0.151105714285714,0.15708,0.133422857142857,0.1221,0.116557142857143,0.09984,0.0939171428571429,0.0670171428571429,0.0683314285714286,0.0581257142857143,0.0422885714285714,0.0273885714285714,0.0334171428571429,0.0195428571428571,0.0271857142857143,0.0171314285714286,0.0113257142857143,0.00928285714285714,0.00977714285714286,0.00826571428571429,0.00331142857142857,0.00766285714285714,0.00583714285714286,0.00425714285714286,0.00237714285714286,0.00222,0.00286857142857143,0.00234857142857143,0.00142571428571429,0,0,0,0.000731428571428571,0,0,0,0.000594285714285714,0.000128571428571429,0.000494285714285714,0.000225714285714286,0.000714285714285714,0,0,0.0000742857142857143,0.000217142857142857,0.000234285714285714,0.000251428571428571,0.000268571428571429,0.000285714285714286,0.0000857142857142857,0,3,0,0,0,0,0,0,3,3,3,3,3,3,3,3,3,3,3,3,3,3,3,3,3,3,3,3,3,3,3,3,3,3,3,3,3,3,3,3,3,3,3,3,3,3,3,3,3,3,3,3,3,3,3,3,3,3,3,3,3,3,3,3,3,3,3,3,3,3,3,3,3,3,3,3,3,3,3,3,0
2026-05-17 11:00:00,42.0930760212766,0,0,0,0,0,0,0.0257702127659574,1.527,7.5427914893617,10.2446829787234,7.03495957446809,4.57578510638298,3.24191914893617,2.39146595744681,1.41509787234043,0.628897872340425,0.358587234042553,0.252727659574468,0.201525531914894,0.199172340425532,0.204010638297872,0.212834042553191,0.186417021276596,0.170731914893617,0.140187234042553,0.139434042553192,0.114459574468085,0.114004255319149,0.128459574468085,0.109802127659574,0.0919340425531915,0.0876978723404255,0.0705234042553192,0.0662617021276596,0.0626276595744681,0.0543914893617021,0.0540787234042553,0.0350382978723404,0.0314212765957447,0.0206531914893617,0.0233276595744681,0.0123212765957447,0.0130085106382979,0.0100510638297872,0.0136,0.0111468085106383,0.00988085106382979,0.00617872340425532,0.00532765957446809,0.00306170212765957,0.00374042553191489,0.00485744680851064,0.00431914893617021,0.0016063829787234,0.00291063829787234,0.00171276595744681,0,0.000548936170212766,0.00164042553191489,0,0,0.000542553191489362,0,0.00103191489361702,0.000587234042553192,0,0,0,0,0,0,0.000165957446808511,0.000485106382978723,0.000523404255319149,0.000561702127659575,0.0006,0.000638297872340425,0.000191489361702128,0,1,0,0,0,0,0,0,1,1,1,1,1,1,1,1,1,1,1,1,1,1,1,1,1,1,1,1,1,1,1,1,1,1,1,1,1,1,1,1,1,1,1,1,1,1,1,1,1,1,1,1,1,1,1,1,1,1,1,1,1,1,1,1,1,1,1,1,1,1,1,1,1,1,1,1,1,1,1,1,0
2026-05-17 12:00:00,38.8898674545455,0,0,0,0,0,0,0.0162272727272727,1.36893454545455,6.70153818181818,8.98912545454546,6.49799636363636,4.47103090909091,3.21180727272727,2.56875454545455,1.53086545454545,0.76428,0.422514545454545,0.301890909090909,0.206790909090909,0.194025454545455,0.211238181818182,0.224489090909091,0.197765454545455,0.158376363636364,0.140778181818182,0.115890909090909,0.112021818181818,0.111345454545455,0.0898090909090909,0.0996109090909091,0.0836145454545455,0.0769472727272727,0.0682654545454545,0.0630927272727273,0.0486145454545455,0.0540054545454545,0.0416072727272727,0.0352090909090909,0.0275381818181818,0.0197418181818182,0.0174436363636364,0.0193418181818182,0.0113054545454545,0.00855818181818182,0.0104454545454545,0.00348363636363636,0.00640181818181818,0.00423272727272727,0.00594181818181818,0.00447818181818182,0.00468545454545455,0.00365454545454545,0.00324545454545455,0.00148909090909091,0.00359272727272727,0.00113818181818182,0.00184545454545455,0.00168909090909091,0.000563636363636364,0.00148,0,0.000463636363636364,0,0.000881818181818182,0.000798181818181818,0.000163636363636364,0,0.000456363636363636,0.000909090909090909,0,0.000174545454545455,0.000418181818181818,0.000414545454545455,0.000447272727272727,0.00048,0.000512727272727273,0.000545454545454545,0.000163636363636364,0,1,0,0,0,0,0,0,1,1,1,1,1,1,1,1,1,1,1,1,1,1,1,1,1,1,1,1,1,1,1,1,1,1,1,1,1,1,1,1,1,1,1,1,1,1,1,1,1,1,1,1,1,1,1,1,1,1,1,1,1,1,1,1,1,1,1,1,1,1,1,1,1,1,1,1,1,1,1,1,0
2026-05-17 13:00:00,39.6902747333333,0,0,0,0,0,0,0.0198883333333333,1.293295,6.376175,9.21633,6.759745,4.56044666666667,3.19795666666667,2.349775,1.781565,0.923661666666667,0.420048333333333,0.261278333333333,0.199511666666667,0.179416666666667,0.189365,0.182596666666667,0.18444,0.169625,0.146108333333333,0.114976666666667,0.126505,0.112136666666667,0.09854,0.0957116666666667,0.0758,0.0850966666666667,0.0770133333333333,0.0639316666666667,0.0504683333333333,0.0491633333333333,0.0391483333333333,0.03564,0.0294566666666667,0.0236116666666667,0.01446,0.0177583333333333,0.0113433333333333,0.01195,0.00921166666666667,0.00839666666666667,0.00332333333333333,0.00791666666666667,0.00404666666666667,0.00286166666666667,0.00414666666666667,0.00510666666666667,0.00403666666666667,0.001645,0.00172666666666667,0.000888333333333333,0.00100333333333333,0.000631666666666667,0.00066,0.00239,0,0.000748333333333333,0.000101666666666667,0.000385,0.0000383333333333333,0.000705,0.000138333333333333,0,0.000416666666666667,0,0,0.0000216666666666667,0.0000633333333333333,0.0000683333333333333,0.0000733333333333333,0.0000783333333333333,0.0000833333333333333,0.000025,0,1,0,0,0,0,0,0,1,1,1,1,1,1,1,1,1,1,1,1,1,1,1,1,1,1,1,1,1,1,1,1,1,1,1,1,1,1,1,1,1,1,1,1,1,1,1,1,1,1,1,1,1,1,1,1,1,1,1,1,1,1,1,1,1,1,1,1,1,1,1,1,1,1,1,1,1,1,1,1,0
2026-05-17 14:00:00,42.7990043166667,0,0,0,0,0,0,0.025415,1.57169166666667,7.58035333333333,10.3635583333333,7.188735,4.73511833333333,3.151335,2.406725,1.62640333333333,0.830625,0.446135,0.269681666666667,0.202918333333333,0.183235,0.20662,0.193643333333333,0.18795,0.164983333333333,0.132636666666667,0.129066666666667,0.12002,0.112405,0.09845,0.102463333333333,0.095845,0.0822183333333333,0.0735183333333333,0.0653216666666667,0.0670033333333333,0.05768,0.0465583333333333,0.0420083333333333,0.03388,0.024505,0.02321,0.0213383333333333,0.0171166666666667,0.010365,0.01161,0.009405,0.00904166666666667,0.007465,0.00440666666666667,0.00355,0.00208333333333333,0.00212,0.002205,0.002845,0.00303833333333333,0.00147333333333333,0.00126166666666667,0.00043,0.000856666666666667,0,0.000426666666666667,0.000425,0.000425,0.000385,0.000883333333333333,0.000421666666666667,0.00042,0,0.000416666666666667,0,0.000413333333333333,0.0000216666666666667,0.0000633333333333333,0.0000683333333333333,0.0000733333333333333,0.0000783333333333333,0.0000833333333333333,0.000025,0,1,0,0,0,0,0,0,1,1,1,1,1,1,1,1,1,1,1,1,1,1,1,1,1,1,1,1,1,1,1,1,1,1,1,1,1,1,1,1,1,1,1,1,1,1,1,1,1,1,1,1,1,1,1,1,1,1,1,1,1,1,1,1,1,1,1,1,1,1,1,1,1,1,1,1,1,1,1,1,0
2026-05-17 15:00:00,44.3003933275862,0,0,0,0,0,0,0.0223844827586207,1.71952068965517,7.91009310344828,10.5402775862069,7.40235689655172,4.91942413793103,3.4548224137931,2.62329137931034,1.65586379310345,0.812227586206897,0.430246551724138,0.272408620689655,0.220318965517241,0.191520689655172,0.183462068965517,0.201937931034483,0.2021,0.172329310344828,0.144060344827586,0.123974137931034,0.125246551724138,0.102653448275862,0.0996724137931034,0.0918413793103448,0.0738741379310345,0.0787344827586207,0.0705103448275862,0.0616931034482759,0.0466844827586207,0.0549810344827586,0.0501448275862069,0.03395,0.0269068965517241,0.0248068965517241,0.0192379310344828,0.0145568965517241,0.0111534482758621,0.00509310344827586,0.00544310344827586,0.00793793103448276,0.00785862068965517,0.00437068965517241,0.00408275862068965,0.0037551724137931,0.00172931034482759,0.000872413793103448,0.000446551724137931,0.00124827586206897,0.00310689655172414,0.000996551724137931,0.00195689655172414,0.000712068965517241,0.00132931034482759,0.00088448275862069,0.000882758620689655,0.00033448275862069,0.000105172413793103,0,0,0,0,0,0.000431034482758621,0.000429310344827586,0,0.0000448275862068966,0.000131034482758621,0.000141379310344828,0.000151724137931034,0.000162068965517241,0.000172413793103448,0.0000517241379310345,0,1,0,0,0,0,0,0,1,1,1,1,1,1,1,1,1,1,1,1,1,1,1,1,1,1,1,1,1,1,1,1,1,1,1,1,1,1,1,1,1,1,1,1,1,1,1,1,1,1,1,1,1,1,1,1,1,1,1,1,1,1,1,1,1,1,1,1,1,1,1,1,1,1,1,1,1,1,1,1,0
2026-05-17 16:00:00,41.1097460869565,0,0,0,0,0,0,0.0204434782608696,1.56234782608696,7.06181086956522,9.84393260869565,6.84418695652174,4.4452,3.14229347826087,2.39553260869565,1.52895217391304,0.736113043478261,0.447752173913044,0.270684782608696,0.197628260869565,0.185091304347826,0.17744347826087,0.192865217391304,0.188482608695652,0.16445,0.128547826086957,0.113571739130435,0.108317391304348,0.0924978260869565,0.0807478260869565,0.0786217391304348,0.067045652173913,0.0660521739130435,0.0636934782608696,0.0592086956521739,0.0530021739130435,0.0441391304347826,0.0311413043478261,0.0253934782608696,0.0270847826086957,0.0187282608695652,0.00971521739130435,0.00646739130434783,0.0125391304347826,0.00734347826086957,0.0044804347826087,0.00592608695652174,0.00404130434782609,0.00685217391304348,0.00528260869565217,0.00188913043478261,0.00339347826086957,0.00273478260869565,0.00115652173913043,0.00314782608695652,0.0019195652173913,0,0.000560869565217391,0.00104782608695652,0.00118913043478261,0,0.000556521739130435,0.000554347826086957,0.000554347826086957,0.00100434782608696,0.0001,0,0,0.000519565217391304,0.000567391304347826,0,0,0.000621739130434783,0.000247826086956522,0.000265217391304348,0.000284782608695652,0.000306521739130435,0.000328260869565217,0.0000956521739130435,0,1,0,0,0,0,0,0,1,1,1,1,1,1,1,1,1,1,1,1,1,1,1,1,1,1,1,1,1,1,1,1,1,1,1,1,1,1,1,1,1,1,1,1,1,1,1,1,1,1,1,1,1,1,1,1,1,1,1,1,1,1,1,1,1,1,1,1,1,1,1,1,1,1,1,1,1,1,1,1,0
2026-05-17 17:00:00,45.5439756956522,0,0,0,0,0,0,0.0329717391304348,1.89746086956522,8.64990869565217,11.4304717391304,7.51860434782609,4.88474130434783,3.30417391304348,2.5546347826087,1.57929347826087,0.736452173913044,0.44579347826087,0.274669565217391,0.183423913043478,0.159810869565217,0.161271739130435,0.191084782608696,0.171469565217391,0.128971739130435,0.116963043478261,0.0905586956521739,0.0828782608695652,0.0870065217391304,0.0742108695652174,0.0722826086956522,0.055945652173913,0.0535478260869565,0.0514934782608696,0.0470521739130435,0.0486826086956522,0.0391369565217391,0.0303847826086957,0.0236326086956522,0.017754347826087,0.014095652173913,0.0139978260869565,0.0101760869565217,0.00645217391304348,0.00884130434782609,0.0037,0.000830434782608696,0.00236086956521739,0.00283695652173913,0.00169565217391304,0.00226086956521739,0.00226086956521739,0.0010695652173913,0.00118695652173913,0.00225217391304348,0,0,0,0,0.000228260869565217,0.00088695652173913,0.000556521739130435,0.000554347826086957,0,0.000552173913043478,0.000552173913043478,0,0,0,0,0,0,0.00011304347826087,0.000330434782608696,0.000356521739130435,0.000382608695652174,0.000408695652173913,0.000434782608695652,0.000130434782608696,0,1,0,0,0,0,0,0,1,1,1,1,1,1,1,1,1,1,1,1,1,1,1,1,1,1,1,1,1,1,1,1,1,1,1,1,1,1,1,1,1,1,1,1,1,1,1,1,1,1,1,1,1,1,1,1,1,1,1,1,1,1,1,1,1,1,1,1,1,1,1,1,1,1,1,1,1,1,1,1,0
2026-05-17 18:00:00,45.55937245,0,0,0,0,0,0,0.0312983333333333,1.93346,8.52403166666667,11.2251083333333,7.43841333333333,4.83249666666667,3.429435,2.61624666666667,1.663055,0.808398333333333,0.465516666666667,0.2844,0.191901666666667,0.154918333333333,0.17705,0.208833333333333,0.179008333333333,0.141641666666667,0.119193333333333,0.093755,0.0926116666666667,0.08756,0.0671066666666667,0.075835,0.05997,0.058995,0.0533716666666667,0.0387133333333333,0.032575,0.03282,0.0269033333333333,0.0239133333333333,0.0155716666666667,0.0181833333333333,0.0105216666666667,0.01104,0.00849666666666667,0.00815333333333333,0.00557333333333333,0.00324666666666667,0.00368833333333333,0.00339,0.00460833333333333,0.00374,0.00291,0.00164,0.00091,0.00207,0.0000883333333333333,0.00215,0,0.000373333333333333,0.000483333333333333,0.000428333333333333,0.000426666666666667,0,0,0.000423333333333333,0,0,0,0,0.000416666666666667,0.001245,0,0,0,0,0,0,0,0,0,1,0,0,0,0,0,0,1,1,1,1,1,1,1,1,1,1,1,1,1,1,1,1,1,1,1,1,1,1,1,1,1,1,1,1,1,1,1,1,1,1,1,1,1,1,1,1,1,1,1,1,1,1,1,1,1,1,1,1,1,1,1,1,1,1,1,1,1,1,1,1,1,1,1,1,1,1,1,1,0
2026-05-17 19:00:00,34.2726296333333,0,0,0,0,0,0,0.0207083333333333,1.25155666666667,5.71356333333333,7.36842833333333,5.076175,3.49244666666667,2.65069333333333,2.2563,1.873955,1.15459833333333,0.6854,0.359161666666667,0.250418333333333,0.220036666666667,0.178688333333333,0.198126666666667,0.180538333333333,0.15492,0.114295,0.0956766666666667,0.0810916666666667,0.0733133333333333,0.064435,0.0722183333333333,0.0481983333333333,0.0456816666666667,0.03978,0.0250416666666667,0.02442,0.02231,0.0205116666666667,0.0148283333333333,0.0162633333333333,0.00965666666666667,0.008105,0.00688,0.00697166666666667,0.004635,0.00394666666666667,0.0024,0.00310666666666667,0.00262833333333333,0.00180666666666667,0.00057,0.00253833333333333,0.00041,0.001155,0.000571666666666667,0,0.00131833333333333,0.000401666666666667,0.00043,0,0.000426666666666667,0,0,0,0.000423333333333333,0.000846666666666667,0,0.00042,0,0,0.000415,0,0,0,0,0,0,0,0,0,1,0,0,0,0,0,0,1,1,1,1,1,1,1,1,1,1,1,1,1,1,1,1,1,1,1,1,1,1,1,1,1,1,1,1,1,1,1,1,1,1,1,1,1,1,1,1,1,1,1,1,1,1,1,1,1,1,1,1,1,1,1,1,1,1,1,1,1,1,1,1,1,1,1,1,1,1,1,1,0
2026-05-17 20:00:00,47.1493882166667,0,0,0,0,0,0,0.02713,1.633695,7.572065,9.80422,6.836885,4.90197166666667,3.81162,3.22266333333333,2.75159,1.74646666666667,1.015405,0.512763333333333,0.357573333333333,0.25434,0.24869,0.255953333333333,0.241088333333333,0.186358333333333,0.160193333333333,0.129135,0.112091666666667,0.094405,0.0939816666666667,0.0800233333333333,0.0651533333333333,0.0514016666666667,0.0467466666666667,0.030795,0.0315583333333333,0.0291983333333333,0.0190666666666667,0.0151166666666667,0.0108733333333333,0.01029,0.00886666666666667,0.00974833333333333,0.00865833333333333,0.00417333333333333,0.00303166666666667,0.00381333333333333,0.00252833333333333,0.00252,0.00336,0.000528333333333333,0.00346833333333333,0.00082,0,0.000863333333333333,0.00205166666666667,0.000533333333333333,0.00043,0.00043,0.000428333333333333,0.000426666666666667,0.000616666666666667,0.000661666666666667,0,0.000808333333333333,0.0000383333333333333,0,0,0.000418333333333333,0,0,0,0.0000216666666666667,0.0000633333333333333,0.0000683333333333333,0.0000733333333333333,0.0000783333333333333,0.0000833333333333333,0.000025,0,1,0,0,0,0,0,0,1,1,1,1,1,1,1,1,1,1,1,1,1,1,1,1,1,1,1,1,1,1,1,1,1,1,1,1,1,1,1,1,1,1,1,1,1,1,1,1,1,1,1,1,1,1,1,1,1,1,1,1,1,1,1,1,1,1,1,1,1,1,1,1,1,1,1,1,1,1,1,1,0
2026-05-17 21:00:00,91.2715843333333,0,0,0,0,0,0,0.0430416666666667,2.916355,13.9230516666667,19.3030033333333,14.1204566666667,10.4311733333333,8.28363833333333,6.84688333333333,5.88489166666667,3.142825,1.60512833333333,0.792726666666667,0.494783333333333,0.38818,0.351945,0.351326666666667,0.357391666666667,0.280628333333333,0.216223333333333,0.170126666666667,0.15131,0.127393333333333,0.126363333333333,0.10054,0.0968866666666667,0.0750316666666667,0.0626533333333333,0.0558283333333333,0.0460566666666667,0.0389533333333333,0.0326416666666667,0.022855,0.0166866666666667,0.0214433333333333,0.01106,0.00625333333333333,0.00865833333333333,0.008025,0.00684666666666667,0.00347166666666667,0.002455,0.00210333333333333,0.00261833333333333,0.00242833333333333,0.003735,0.00209666666666667,0.00175,0.00318833333333333,0.00145333333333333,0.00139333333333333,0,0.000428333333333333,0.00035,0.00093,0.000853333333333333,0.000425,0,0.000846666666666667,0.00119333333333333,0.000496666666666667,0,0,0,0.000415,0,0.0000216666666666667,0.0000633333333333333,0.0000683333333333333,0.0000733333333333333,0.0000783333333333333,0.0000833333333333333,0.000025,0,1,0,0,0,0,0,0,1,1,1,1,1,1,1,1,1,1,1,1,1,1,1,1,1,1,1,1,1,1,1,1,1,1,1,1,1,1,1,1,1,1,1,1,1,1,1,1,1,1,1,1,1,1,1,1,1,1,1,1,1,1,1,1,1,1,1,1,1,1,1,1,1,1,1,1,1,1,1,1,0
2026-05-17 22:00:00,64.9411290166667,0,0,0,0,0,0,0.034405,2.06805,9.68956166666667,13.6012633333333,9.784135,6.94564833333333,5.47746166666667,4.81961833333333,4.15921666666667,2.52632666666667,1.34667666666667,0.754466666666667,0.483913333333333,0.379693333333333,0.37193,0.366058333333333,0.358028333333333,0.306113333333333,0.238415,0.172076666666667,0.164553333333333,0.142601666666667,0.130311666666667,0.121713333333333,0.105911666666667,0.0811383333333333,0.0709033333333333,0.0587466666666667,0.0516066666666667,0.0362016666666667,0.0293733333333333,0.02754,0.016755,0.01325,0.01543,0.00689666666666667,0.007475,0.00451666666666667,0.00713333333333333,0.00796166666666667,0.00351833333333333,0.00641666666666667,0.00488833333333333,0.00333333333333333,0.0033,0.000843333333333333,0.000455,0.00198166666666667,0.000608333333333333,0.000888333333333333,0.00100333333333333,0.000258333333333333,0.000856666666666667,0,0.00019,0.000236666666666667,0.000425,0.000423333333333333,0,0.000421666666666667,0,0.000418333333333333,0,0,0,0.0000216666666666667,0.0000633333333333333,0.0000683333333333333,0.0000733333333333333,0.0000783333333333333,0.0000833333333333333,0.000025,0,1,0,0,0,0,0,0,1,1,1,1,1,1,1,1,1,1,1,1,1,1,1,1,1,1,1,1,1,1,1,1,1,1,1,1,1,1,1,1,1,1,1,1,1,1,1,1,1,1,1,1,1,1,1,1,1,1,1,1,1,1,1,1,1,1,1,1,1,1,1,1,1,1,1,1,1,1,1,1,0
2026-05-17 23:00:00,76.1529296166667,0,0,0,0,0,0,0.0302766666666667,2.286275,11.4006216666667,16.2976716666667,11.9523333333333,8.65680666666667,6.82448333333333,5.72781,4.84641833333333,2.38067666666667,1.164575,0.666936666666667,0.44687,0.34971,0.355268333333333,0.355596666666667,0.39632,0.324911666666667,0.272675,0.208678333333333,0.195691666666667,0.174988333333333,0.146953333333333,0.140905,0.11823,0.123063333333333,0.09432,0.0853733333333333,0.0661466666666667,0.06266,0.0398933333333333,0.0336816666666667,0.0267616666666667,0.0159016666666667,0.01763,0.01357,0.011905,0.0105216666666667,0.00592333333333333,0.00723333333333333,0.00917666666666667,0.00602166666666667,0.007285,0.00379333333333333,0.00553166666666667,0.00209666666666667,0.00158666666666667,0.00273,0.00118833333333333,0.00188,0.002695,0.00223666666666667,0.000768333333333333,0.00110666666666667,0.00019,0.00056,0.000526666666666667,0,0.000423333333333333,0,0,0.000418333333333333,0,0,0.000413333333333333,0,0,0,0,0,0,0,0,1,0,0,0,0,0,0,1,1,1,1,1,1,1,1,1,1,1,1,1,1,1,1,1,1,1,1,1,1,1,1,1,1,1,1,1,1,1,1,1,1,1,1,1,1,1,1,1,1,1,1,1,1,1,1,1,1,1,1,1,1,1,1,1,1,1,1,1,1,1,1,1,1,1,1,1,1,1,1,0
2026-05-18,70.54045405,0,0,0,0,0,0,0.0323716666666667,2.14472,10.6474616666667,15.3063383333333,10.9588666666667,7.55351333333333,5.93542666666667,4.89378333333333,4.312885,2.24874,1.03761166666667,0.627726666666667,0.446158333333333,0.357236666666667,0.341263333333333,0.364983333333333,0.399091666666667,0.352721666666667,0.310591666666667,0.234785,0.225425,0.212776666666667,0.176335,0.170113333333333,0.151875,0.133258333333333,0.111066666666667,0.0957816666666667,0.0948216666666667,0.0678566666666667,0.0535616666666667,0.0393166666666667,0.02937,0.0288733333333333,0.0223433333333333,0.0129516666666667,0.012855,0.01002,0.00673,0.00707666666666667,0.00469833333333333,0.005185,0.005395,0.00428333333333333,0.003715,0.00330333333333333,0.00211166666666667,0.00221,0.002625,0.00268833333333333,0.00123333333333333,0,0.000856666666666667,0,0.000426666666666667,0.000323333333333333,0.000526666666666667,0,0,0.000283333333333333,0.000138333333333333,0.000418333333333333,0,0,0.000413333333333333,0.0000216666666666667,0.0000633333333333333,0.0000683333333333333,0.0000733333333333333,0.0000783333333333333,0.0000833333333333333,0.000025,0,1,0,0,0,0,0,0,1,1,1,1,1,1,1,1,1,1,1,1,1,1,1,1,1,1,1,1,1,1,1,1,1,1,1,1,1,1,1,1,1,1,1,1,1,1,1,1,1,1,1,1,1,1,1,1,1,1,1,1,1,1,1,1,1,1,1,1,1,1,1,1,1,1,1,1,1,1,1,1,0
2026-05-18 01:00:00,70.9795875,0,0,0,0,0,0,0.0274983333333333,2.20301333333333,11.112565,15.8104583333333,11.3021833333333,7.62634166666667,5.747525,4.48671333333333,4.02659666666667,2.06277,0.922775,0.57211,0.412416666666667,0.356196666666667,0.349398333333333,0.351481666666667,0.421345,0.365268333333333,0.32103,0.273198333333333,0.230805,0.22655,0.194635,0.205606666666667,0.16482,0.164568333333333,0.128483333333333,0.111976666666667,0.08931,0.08959,0.0541816666666667,0.043215,0.0372333333333333,0.0343666666666667,0.0300933333333333,0.0172783333333333,0.0161266666666667,0.017495,0.0104566666666667,0.0106633333333333,0.00852,0.00645166666666667,0.00476166666666667,0.00709666666666667,0.00516,0.00337333333333333,0.001995,0.00184833333333333,0.00224666666666667,0.00258,0.00103166666666667,0.00240666666666667,0,0.00171,0.000853333333333333,0.000425,0,0.000423333333333333,0,0,0,0,0,0,0.000413333333333333,0,0,0,0,0,0,0,0,1,0,0,0,0,0,0,1,1,1,1,1,1,1,1,1,1,1,1,1,1,1,1,1,1,1,1,1,1,1,1,1,1,1,1,1,1,1,1,1,1,1,1,1,1,1,1,1,1,1,1,1,1,1,1,1,1,1,1,1,1,1,1,1,1,1,1,1,1,1,1,1,1,1,1,1,1,1,1,0
2026-05-18 02:00:00,67.9514996333333,0,0,0,0,0,0,0.03131,2.09046666666667,10.3508516666667,14.7441133333333,10.4461716666667,7.3102,5.57093,4.59049833333333,4.235405,2.04476833333333,0.863223333333333,0.564183333333333,0.394045,0.352935,0.351365,0.363375,0.444163333333333,0.378431666666667,0.32717,0.261805,0.246246666666667,0.229228333333333,0.236068333333333,0.215396666666667,0.183325,0.165568333333333,0.13806,0.126771666666667,0.0987466666666667,0.092365,0.0731933333333333,0.0497183333333333,0.04166,0.02975,0.0272816666666667,0.024595,0.016145,0.0150316666666667,0.01248,0.0142116666666667,0.008295,0.00533,0.00880833333333333,0.00386166666666667,0.00590166666666667,0.00544666666666667,0.00524833333333333,0.00273833333333333,0.00229833333333333,0.00236,0.00120333333333333,0.000516666666666667,0,0,0.00142333333333333,0.001135,0,0,0.000421666666666667,0,0,0,0,0,0,0.0000216666666666667,0.0000633333333333333,0.0000683333333333333,0.0000733333333333333,0.0000783333333333333,0.0000833333333333333,0.000025,0,1,0,0,0,0,0,0,1,1,1,1,1,1,1,1,1,1,1,1,1,1,1,1,1,1,1,1,1,1,1,1,1,1,1,1,1,1,1,1,1,1,1,1,1,1,1,1,1,1,1,1,1,1,1,1,1,1,1,1,1,1,1,1,1,1,1,1,1,1,1,1,1,1,1,1,1,1,1,1,0
2026-05-18 03:00:00,93.21793685,0,0,0,0,0,0,0.0407766666666667,3.19759833333333,15.11071,21.2671433333333,15.352685,10.4009566666667,7.72062833333333,5.991045,5.10496666666667,2.32780333333333,0.899156666666667,0.603538333333333,0.422505,0.34738,0.345001666666667,0.397896666666667,0.461835,0.374545,0.338313333333333,0.28577,0.25363,0.24003,0.227393333333333,0.23397,0.191543333333333,0.189468333333333,0.15596,0.134813333333333,0.106856666666667,0.0965033333333333,0.07173,0.0622933333333333,0.04749,0.0349133333333333,0.030665,0.0252733333333333,0.0169216666666667,0.01556,0.017945,0.009495,0.00976666666666667,0.011745,0.012045,0.00954833333333333,0.005555,0.00585666666666667,0.00431666666666667,0.00127666666666667,0.00214,0.000991666666666667,0.00255166666666667,0.000373333333333333,0.000483333333333333,0.00128,0.000616666666666667,0.000236666666666667,0.00085,0,0,0,0,0,0,0.000415,0.000413333333333333,0,0,0,0,0,0,0,0,1,0,0,0,0,0,0,1,1,1,1,1,1,1,1,1,1,1,1,1,1,1,1,1,1,1,1,1,1,1,1,1,1,1,1,1,1,1,1,1,1,1,1,1,1,1,1,1,1,1,1,1,1,1,1,1,1,1,1,1,1,1,1,1,1,1,1,1,1,1,1,1,1,1,1,1,1,1,1,0
2026-05-18 04:00:00,72.85797545,0,0,0,0,0,0,0.042265,2.78396333333333,12.7841,17.2302266666667,11.7407316666667,7.85288166666667,5.67099166666667,4.39767,3.80268666666667,1.71591833333333,0.682455,0.421731666666667,0.324206666666667,0.273445,0.296528333333333,0.333683333333333,0.384973333333333,0.354196666666667,0.290928333333333,0.242511666666667,0.20709,0.21013,0.180983333333333,0.190751666666667,0.15229,0.152498333333333,0.12547,0.120858333333333,0.0826716666666667,0.068365,0.0591816666666667,0.0523783333333333,0.031845,0.0219166666666667,0.0166566666666667,0.0138233333333333,0.012365,0.0141266666666667,0.00981666666666667,0.00619,0.00665333333333333,0.007215,0.00498666666666667,0.00590666666666667,0.00421,0.00378166666666667,0.000501666666666667,0.002845,0.00147166666666667,0,0,0.001175,0.000538333333333333,0.000428333333333333,0.00104333333333333,0.00056,0.000526666666666667,0,0,0.000283333333333333,0.000138333333333333,0,0.000223333333333333,0.000193333333333333,0,0,0,0,0,0,0,0,0,1,0,0,0,0,0,0,1,1,1,1,1,1,1,1,1,1,1,1,1,1,1,1,1,1,1,1,1,1,1,1,1,1,1,1,1,1,1,1,1,1,1,1,1,1,1,1,1,1,1,1,1,1,1,1,1,1,1,1,1,1,1,1,1,1,1,1,1,1,1,1,1,1,1,1,1,1,1,1,0
2026-05-18 05:00:00,44.8769115,0,0,0,0,0,0,0.027095,1.98437333333333,8.252305,10.3047816666667,6.62147333333333,4.30850833333333,3.122175,2.53891333333333,2.390365,1.21381,0.514146666666667,0.333241666666667,0.246738333333333,0.235036666666667,0.245955,0.262786666666667,0.30311,0.273965,0.241961666666667,0.194691666666667,0.176211666666667,0.168483333333333,0.140731666666667,0.14979,0.1236,0.105761666666667,0.0988266666666667,0.0723566666666667,0.0608116666666667,0.057475,0.0475816666666667,0.0366616666666667,0.0249516666666667,0.0186216666666667,0.0148783333333333,0.0116733333333333,0.00863166666666667,0.00700333333333333,0.007445,0.00765833333333333,0.00622166666666667,0.00423833333333333,0.006215,0.001965,0.00251833333333333,0.00209666666666667,0.000886666666666667,0,0.00118833333333333,0.000963333333333333,0.00043,0,0.000603333333333333,0.000251666666666667,0,0.00085,0,0,0.000423333333333333,0,0,0,0.000223333333333333,0.000193333333333333,0,0.0000216666666666667,0.0000633333333333333,0.0000683333333333333,0.0000733333333333333,0.0000783333333333333,0.0000833333333333333,0.000025,0,1,0,0,0,0,0,0,1,1,1,1,1,1,1,1,1,1,1,1,1,1,1,1,1,1,1,1,1,1,1,1,1,1,1,1,1,1,1,1,1,1,1,1,1,1,1,1,1,1,1,1,1,1,1,1,1,1,1,1,1,1,1,1,1,1,1,1,1,1,1,1,1,1,1,1,1,1,1,1,0
2026-05-18 06:00:00,31.8520176,0,0,0,0,0,0,0.0233233333333333,1.315665,5.51298666666667,7.03127833333333,4.41625333333333,2.84913166666667,2.200595,1.829995,1.77646333333333,0.974866666666667,0.37289,0.254721666666667,0.213561666666667,0.201928333333333,0.182986666666667,0.199481666666667,0.247026666666667,0.207431666666667,0.178063333333333,0.141948333333333,0.140235,0.129848333333333,0.120303333333333,0.108886666666667,0.0857116666666667,0.0905883333333333,0.0740016666666667,0.0734333333333333,0.0530983333333333,0.0380166666666667,0.03708,0.02798,0.02138,0.0231116666666667,0.0140133333333333,0.00903833333333333,0.0110566666666667,0.00965166666666667,0.00733166666666667,0.005025,0.00506333333333333,0.00321,0.00183333333333333,0.00271,0.003015,0.00335,0.00170333333333333,0.00222833333333333,0.00210333333333333,0.00177166666666667,0.00043,0.000746666666666667,0.000966666666666667,0.000855,0,0.000425,0.000773333333333333,0.0005,0.000346666666666667,0.000075,0,0,0,0,0,0,0,0,0,0,0,0,0,1,0,0,0,0,0,0,1,1,1,1,1,1,1,1,1,1,1,1,1,1,1,1,1,1,1,1,1,1,1,1,1,1,1,1,1,1,1,1,1,1,1,1,1,1,1,1,1,1,1,1,1,1,1,1,1,1,1,1,1,1,1,1,1,1,1,1,1,1,1,1,1,1,1,1,1,1,1,1,0
2026-05-18 07:00:00,26.1258467833333,0,0,0,0,0,0,0.01434,1.18815833333333,4.816415,5.94451333333333,3.753065,2.40755666666667,1.766255,1.47441,1.37342166666667,0.701968333333333,0.298801666666667,0.215541666666667,0.160286666666667,0.137605,0.159388333333333,0.162776666666667,0.177068333333333,0.170943333333333,0.135058333333333,0.120318333333333,0.117173333333333,0.104115,0.0908883333333333,0.103013333333333,0.0712216666666667,0.0654683333333333,0.05786,0.0452933333333333,0.04878,0.04259,0.0326133333333333,0.025885,0.02203,0.0173166666666667,0.0109583333333333,0.00927,0.01024,0.00815833333333333,0.00669333333333333,0.00702833333333333,0.004325,0.00335333333333333,0.00224166666666667,0.003995,0.00260166666666667,0.00207333333333333,0.00256666666666667,0.00162,0.00104,0.000888333333333333,0.00194833333333333,0.00146166666666667,0,0.00128333333333333,0.000426666666666667,0.00085,0.000811666666666667,0.000461666666666667,0.000423333333333333,0,0,0.000418333333333333,0,0,0.000413333333333333,0.0000866666666666667,0.000253333333333333,0.000273333333333333,0.000293333333333333,0.000313333333333333,0.000333333333333333,0.0001,0,1,0,0,0,0,0,0,1,1,1,1,1,1,1,1,1,1,1,1,1,1,1,1,1,1,1,1,1,1,1,1,1,1,1,1,1,1,1,1,1,1,1,1,1,1,1,1,1,1,1,1,1,1,1,1,1,1,1,1,1,1,1,1,1,1,1,1,1,1,1,1,1,1,1,1,1,1,1,1,0
2026-05-18 08:00:00,26.7317598333333,0,0,0,0,0,0,0.018595,1.316495,5.32382166666667,6.06997,3.61399666666667,2.286075,1.71719833333333,1.42422833333333,1.31474833333333,0.658001666666667,0.300908333333333,0.2108,0.150498333333333,0.147276666666667,0.151146666666667,0.170905,0.171193333333333,0.148065,0.125793333333333,0.12862,0.102418333333333,0.10616,0.106766666666667,0.0714883333333333,0.07659,0.0722283333333333,0.05978,0.0566833333333333,0.04422,0.03083,0.035085,0.0305933333333333,0.0241516666666667,0.0139966666666667,0.0156716666666667,0.0131716666666667,0.008275,0.008055,0.00553333333333333,0.008795,0.00374333333333333,0.004695,0.00284666666666667,0.00234166666666667,0.00171333333333333,0.00166333333333333,0.00091,0.00215833333333333,0.00464166666666667,0.000618333333333333,0.001635,0.00128666666666667,0.000428333333333333,0.000428333333333333,0.000426666666666667,0.000748333333333333,0.000526666666666667,0.000423333333333333,0.000346666666666667,0.000918333333333333,0.00042,0,0.000416666666666667,0.000415,0,0.0000433333333333333,0.000126666666666667,0.000136666666666667,0.000146666666666667,0.000156666666666667,0.000166666666666667,0.00005,0,1,0,0,0,0,0,0,1,1,1,1,1,1,1,1,1,1,1,1,1,1,1,1,1,1,1,1,1,1,1,1,1,1,1,1,1,1,1,1,1,1,1,1,1,1,1,1,1,1,1,1,1,1,1,1,1,1,1,1,1,1,1,1,1,1,1,1,1,1,1,1,1,1,1,1,1,1,1,1,0
2026-05-18 09:00:00,27.8829894333333,0,0,0,0,0,0,0.030795,1.52901166666667,5.970095,6.58183666666667,3.861415,2.44326166666667,1.83856666666667,1.54142833333333,1.32646333333333,0.609913333333333,0.313825,0.218023333333333,0.154193333333333,0.153446666666667,0.158775,0.189236666666667,0.176166666666667,0.14506,0.129593333333333,0.108215,0.09999,0.0984516666666667,0.0903266666666667,0.08437,0.07636,0.07858,0.0677516666666667,0.0474683333333333,0.044505,0.03842,0.03237,0.0298283333333333,0.0176416666666667,0.01444,0.0150116666666667,0.0144816666666667,0.00626,0.00716166666666667,0.00606333333333333,0.00609666666666667,0.002815,0.00496333333333333,0.00404666666666667,0.00413333333333333,0.00293,0.00380333333333333,0.00201833333333333,0.00107333333333333,0.00205166666666667,0.00190833333333333,0.00266666666666667,0.000258333333333333,0.00146,0.000678333333333333,0.000426666666666667,0.001275,0.00085,0.000846666666666667,0,0.000705,0.000138333333333333,0,0,0.00083,0,0.0000433333333333333,0.000126666666666667,0.000135,0.000145,0.000156666666666667,0.000168333333333333,0.0000483333333333333,0,1,0,0,0,0,0,0,1,1,1,1,1,1,1,1,1,1,1,1,1,1,1,1,1,1,1,1,1,1,1,1,1,1,1,1,1,1,1,1,1,1,1,1,1,1,1,1,1,1,1,1,1,1,1,1,1,1,1,1,1,1,1,1,1,1,1,1,1,1,1,1,1,1,1,1,1,1,1,1,0
2026-05-18 10:00:00,31.3823763666667,0,0,0,0,0,0,0.0205416666666667,1.31511833333333,5.79656666666667,7.153325,4.63248,3.08918166666667,2.32442,1.94372166666667,1.68497833333333,0.65664,0.371495,0.227113333333333,0.158736666666667,0.15047,0.154813333333333,0.171345,0.17646,0.143826666666667,0.122391666666667,0.0966533333333333,0.0926316666666667,0.0838216666666667,0.0741133333333333,0.0753616666666667,0.0682866666666667,0.0639233333333333,0.0532983333333333,0.04401,0.047835,0.0391483333333333,0.0283833333333333,0.0267883333333333,0.01592,0.01087,0.0133483333333333,0.00693,0.00725333333333333,0.00566333333333333,0.00519333333333333,0.00239166666666667,0.00144833333333333,0.00116,0.00211333333333333,0.00147833333333333,0.00464166666666667,0.000433333333333333,0.00158666666666667,0.000571666666666667,0.00081,0.00177166666666667,0.00043,0.00043,0.000428333333333333,0.000428333333333333,0.00104333333333333,0.00056,0.000101666666666667,0,0.000346666666666667,0.000496666666666667,0,0,0,0.000173333333333333,0.00024,0.0000433333333333333,0.000126666666666667,0.000136666666666667,0.000146666666666667,0.000156666666666667,0.000166666666666667,0.00005,0,1,0,0,0,0,0,0,1,1,1,1,1,1,1,1,1,1,1,1,1,1,1,1,1,1,1,1,1,1,1,1,1,1,1,1,1,1,1,1,1,1,1,1,1,1,1,1,1,1,1,1,1,1,1,1,1,1,1,1,1,1,1,1,1,1,1,1,1,1,1,1,1,1,1,1,1,1,1,1,0
2026-05-18 11:00:00,32.7371866,0,0,0,0,0,0,0.0217766666666667,1.437305,6.13932166666667,7.65239333333333,4.92711333333333,3.347075,2.55791,2.23544333333333,1.811515,0.691696666666667,0.377275,0.224141666666667,0.154403333333333,0.1392,0.142483333333333,0.152573333333333,0.161578333333333,0.120973333333333,0.101745,0.0825233333333333,0.0756666666666667,0.0776366666666667,0.0546683333333333,0.06835,0.0441683333333333,0.0484533333333333,0.0413383333333333,0.035185,0.02806,0.0258916666666667,0.0225383333333333,0.0145433333333333,0.01463,0.0103083333333333,0.01073,0.00886333333333333,0.00579333333333333,0.00398166666666667,0.00401,0.00167,0.00311,0.00161333333333333,0.00183333333333333,0.000501666666666667,0.002235,0.00246166666666667,0.00247333333333333,0.001435,0.000863333333333333,0,0,0.000428333333333333,0.000175,0.001105,0.000426666666666667,0,0,0.000423333333333333,0,0.000421666666666667,0.00042,0,0,0.000415,0.000413333333333333,0.0000216666666666667,0.0000633333333333333,0.0000683333333333333,0.0000733333333333333,0.0000783333333333333,0.0000833333333333333,0.000025,0,1,0,0,0,0,0,0,1,1,1,1,1,1,1,1,1,1,1,1,1,1,1,1,1,1,1,1,1,1,1,1,1,1,1,1,1,1,1,1,1,1,1,1,1,1,1,1,1,1,1,1,1,1,1,1,1,1,1,1,1,1,1,1,1,1,1,1,1,1,1,1,1,1,1,1,1,1,1,1,0
2026-05-18 12:00:00,23.6039502333333,0,0,0,0,0,0,0.0159016666666667,1.17286666666667,4.73367333333333,5.62810833333333,3.47440333333333,2.382,1.81353,1.48958666666667,1.2209,0.525543333333333,0.287613333333333,0.160423333333333,0.116708333333333,0.0923666666666667,0.0890816666666667,0.108091666666667,0.104113333333333,0.0714133333333333,0.0610283333333333,0.0490116666666667,0.0502483333333333,0.0526983333333333,0.0490266666666667,0.0380333333333333,0.0324566666666667,0.02718,0.0279,0.0267566666666667,0.01715,0.0137933333333333,0.0134733333333333,0.00958,0.010435,0.00683666666666667,0.005365,0.00455166666666667,0.00479166666666667,0.004295,0.00330333333333333,0.00230666666666667,0.00275,0.00161333333333333,0.00183333333333333,0.0000683333333333333,0.00125833333333333,0.000433333333333333,0.001225,0.000413333333333333,0.000466666666666667,0.0000516666666666667,0.000171666666666667,0.000688333333333333,0.000175,0.000678333333333333,0.000853333333333333,0.000425,0,0,0.000423333333333333,0.000421666666666667,0,0.000418333333333333,0,0,0.000413333333333333,0.000108333333333333,0.000316666666666667,0.000341666666666667,0.000366666666666667,0.000391666666666667,0.000416666666666667,0.000125,0,1,0,0,0,0,0,0,1,1,1,1,1,1,1,1,1,1,1,1,1,1,1,1,1,1,1,1,1,1,1,1,1,1,1,1,1,1,1,1,1,1,1,1,1,1,1,1,1,1,1,1,1,1,1,1,1,1,1,1,1,1,1,1,1,1,1,1,1,1,1,1,1,1,1,1,1,1,1,1,0
2026-05-18 13:00:00,25.09913225,0,0,0,0,0,0,0.0234733333333333,1.57179,5.75662,6.07847666666667,3.485245,2.31023166666667,1.68161833333333,1.36874833333333,1.05765333333333,0.428275,0.22677,0.140916666666667,0.0914833333333333,0.08909,0.07397,0.0853766666666667,0.0842133333333333,0.0533566666666667,0.0458033333333333,0.03984,0.0303333333333333,0.0351566666666667,0.025205,0.0301,0.021005,0.0252916666666667,0.0231966666666667,0.0213066666666667,0.0129866666666667,0.0108266666666667,0.0105866666666667,0.00602666666666667,0.00729833333333333,0.00453,0.001425,0.00216833333333333,0.00194333333333333,0.001745,0.002805,0.00194166666666667,0.00122666666666667,0.00119666666666667,0.0015,0.00057,0.00253833333333333,0.00082,0.000455,0.000863333333333333,0.00205166666666667,0.000991666666666667,0.000401666666666667,0,0.000856666666666667,0,0,0,0,0,0.000346666666666667,0.000075,0,0,0,0.000415,0.00016,0.000275,0.0000633333333333333,0.0000683333333333333,0.0000733333333333333,0.0000783333333333333,0.0000833333333333333,0.000025,0,1,0,0,0,0,0,0,1,1,1,1,1,1,1,1,1,1,1,1,1,1,1,1,1,1,1,1,1,1,1,1,1,1,1,1,1,1,1,1,1,1,1,1,1,1,1,1,1,1,1,1,1,1,1,1,1,1,1,1,1,1,1,1,1,1,1,1,1,1,1,1,1,1,1,1,1,1,1,1,0
2026-05-18 14:00:00,33.9500303,0,0,0,0,0,0,0.0404766666666667,1.91273833333333,7.25042666666667,7.920015,4.97352333333333,3.22657833333333,2.51208666666667,1.924585,1.51263,0.633033333333333,0.344438333333333,0.201266666666667,0.14443,0.117636666666667,0.115456666666667,0.12217,0.122093333333333,0.0956033333333333,0.07404,0.0645183333333333,0.0594266666666667,0.0616466666666667,0.0485166666666667,0.05392,0.04259,0.05474,0.0382366666666667,0.027105,0.0279966666666667,0.0237433333333333,0.016425,0.0103116666666667,0.01074,0.00752,0.00689666666666667,0.00710666666666667,0.00696833333333333,0.00457333333333333,0.002325,0.00648666666666667,0.00447833333333333,0.00233833333333333,0.00438166666666667,0.000555,0.00216833333333333,0.00205,0.001295,0.00222833333333333,0.000378333333333333,0.0000516666666666667,0.00043,0,0.000856666666666667,0.000853333333333333,0.000426666666666667,0.000646666666666667,0.000203333333333333,0,0,0.000421666666666667,0,0,0,0,0,0,0,0,0,0,0,0,0,1,0,0,0,0,0,0,1,1,1,1,1,1,1,1,1,1,1,1,1,1,1,1,1,1,1,1,1,1,1,1,1,1,1,1,1,1,1,1,1,1,1,1,1,1,1,1,1,1,1,1,1,1,1,1,1,1,1,1,1,1,1,1,1,1,1,1,1,1,1,1,1,1,1,1,1,1,1,1,0
2026-05-18 15:00:00,36.86924175,0,0,0,0,0,0,0.04321,2.13853333333333,7.54665666666667,8.189845,5.35260166666667,3.74222,2.86761666666667,2.27355333333333,1.78189333333333,0.770183333333333,0.403736666666667,0.218636666666667,0.140965,0.116296666666667,0.123091666666667,0.134885,0.135363333333333,0.088425,0.0893816666666667,0.0636633333333333,0.0629566666666667,0.057785,0.05594,0.0506433333333333,0.05122,0.03668,0.0408916666666667,0.02964,0.027255,0.0201483333333333,0.0204816666666667,0.0158216666666667,0.0104333333333333,0.00568666666666667,0.00557833333333333,0.00455,0.00345,0.004765,0.002325,0.00546,0.001875,0.00204833333333333,0.00137333333333333,0.001395,0.00169166666666667,0.000843333333333333,0.000816666666666667,0.001365,0.000378333333333333,0.000481666666666667,0.00043,0.000803333333333333,0.000483333333333333,0.00170833333333333,0.000426666666666667,0.000425,0,0,0.000423333333333333,0,0,0,0,0,0.00016,0.000253333333333333,0,0,0,0,0,0,0,1,0,0,0,0,0,0,1,1,1,1,1,1,1,1,1,1,1,1,1,1,1,1,1,1,1,1,1,1,1,1,1,1,1,1,1,1,1,1,1,1,1,1,1,1,1,1,1,1,1,1,1,1,1,1,1,1,1,1,1,1,1,1,1,1,1,1,1,1,1,1,1,1,1,1,1,1,1,1,0
2026-05-18 16:00:00,35.1140216,0,0,0,0,0,0,0.02574,1.40719833333333,6.18665833333333,7.76837333333333,5.30008333333333,3.94955166666667,2.96735,2.36559666666667,1.94585,0.835396666666667,0.400836666666667,0.229815,0.149176666666667,0.11226,0.119588333333333,0.135431666666667,0.137938333333333,0.0924616666666667,0.0965516666666667,0.0764083333333333,0.0529933333333333,0.0712783333333333,0.06152,0.0565633333333333,0.0492216666666667,0.0401916666666667,0.0347066666666667,0.0345783333333333,0.0308916666666667,0.0250383333333333,0.0191833333333333,0.0177433333333333,0.010455,0.00961,0.00864166666666667,0.00627166666666667,0.00549833333333333,0.00498,0.004545,0.00324666666666667,0.000791666666666667,0.00281,0.000813333333333333,0.0013,0.00173333333333333,0.000433333333333333,0.00129666666666667,0.000863333333333333,0.000863333333333333,0.000888333333333333,0.00126166666666667,0.00128833333333333,0.000428333333333333,0.000853333333333333,0.000426666666666667,0.000646666666666667,0.00059,0.000423333333333333,0.0000383333333333333,0,0,0,0.000416666666666667,0,0,0.0000216666666666667,0.0000633333333333333,0.0000683333333333333,0.0000733333333333333,0.0000783333333333333,0.0000833333333333333,0.000025,0,1,0,0,0,0,0,0,1,1,1,1,1,1,1,1,1,1,1,1,1,1,1,1,1,1,1,1,1,1,1,1,1,1,1,1,1,1,1,1,1,1,1,1,1,1,1,1,1,1,1,1,1,1,1,1,1,1,1,1,1,1,1,1,1,1,1,1,1,1,1,1,1,1,1,1,1,1,1,1,0
2026-05-18 17:00:00,41.4051763833333,0,0,0,0,0,0,0.028735,1.60239,7.12883333333333,9.032115,6.39811833333333,4.61307833333333,3.68660166666667,3.00263,2.40181,0.949361666666667,0.486371666666667,0.269066666666667,0.167188333333333,0.144283333333333,0.14628,0.156838333333333,0.162325,0.112885,0.09847,0.0671933333333333,0.0673883333333333,0.073005,0.0486083333333333,0.0505516666666667,0.0428483333333333,0.0423083333333333,0.0338716666666667,0.0351066666666667,0.0333983333333333,0.02443,0.017475,0.0144383333333333,0.0131766666666667,0.00981,0.007885,0.006705,0.00322666666666667,0.00454333333333333,0.005675,0.00395333333333333,0.00122666666666667,0.00163166666666667,0.002855,0.00394166666666667,0.000391666666666667,0.0013,0.000863333333333333,0.000431666666666667,0.00081,0.000481666666666667,0,0.000373333333333333,0.000055,0.000855,0,0,0,0,0.000423333333333333,0,0,0,0.000446666666666667,0.000386666666666667,0,0.000455,0.000126666666666667,0.000136666666666667,0.000146666666666667,0.000156666666666667,0.000166666666666667,0.00005,0,1,0,0,0,0,0,0,1,1,1,1,1,1,1,1,1,1,1,1,1,1,1,1,1,1,1,1,1,1,1,1,1,1,1,1,1,1,1,1,1,1,1,1,1,1,1,1,1,1,1,1,1,1,1,1,1,1,1,1,1,1,1,1,1,1,1,1,1,1,1,1,1,1,1,1,1,1,1,1,0
2026-05-18 18:00:00,63.81932875,0,0,0,0,0,0,0.03129,2.220555,10.2957216666667,13.6346466666667,9.90449333333333,7.488715,6.27309833333333,5.52434666666667,4.38451,1.327685,0.709866666666667,0.381765,0.245331666666667,0.197338333333333,0.175828333333333,0.20489,0.20546,0.144531666666667,0.113325,0.0822566666666667,0.0819966666666667,0.0836416666666667,0.0673,0.0748883333333333,0.057395,0.06685,0.0453033333333333,0.036875,0.0292566666666667,0.0309016666666667,0.0281466666666667,0.0203683333333333,0.0189333333333333,0.0143866666666667,0.0100966666666667,0.009465,0.00470333333333333,0.00566333333333333,0.00747666666666667,0.00424833333333333,0.00513333333333333,0.00512833333333333,0.004635,0.002805,0.00249666666666667,0.000843333333333333,0.000723333333333333,0.00203333333333333,0.000265,0.000916666666666667,0.002265,0.00111833333333333,0.000428333333333333,0.000426666666666667,0.00170666666666667,0.000425,0.000425,0,0,0.000283333333333333,0.000138333333333333,0,0,0.00083,0,0.0000866666666666667,0.000253333333333333,0.000273333333333333,0.000293333333333333,0.000313333333333333,0.000333333333333333,0.0001,0,1,0,0,0,0,0,0,1,1,1,1,1,1,1,1,1,1,1,1,1,1,1,1,1,1,1,1,1,1,1,1,1,1,1,1,1,1,1,1,1,1,1,1,1,1,1,1,1,1,1,1,1,1,1,1,1,1,1,1,1,1,1,1,1,1,1,1,1,1,1,1,1,1,1,1,1,1,1,1,0
2026-05-18 19:00:00,78.2865252166667,0,0,0,0,0,0,0.0334833333333333,2.47128166666667,11.516005,16.075325,12.104045,9.515395,8.02631333333333,7.08995333333333,5.68465833333333,1.80287833333333,0.826161666666667,0.504428333333333,0.320011666666667,0.22899,0.231963333333333,0.25079,0.263573333333333,0.20097,0.160846666666667,0.126868333333333,0.115618333333333,0.118165,0.103093333333333,0.0979666666666667,0.0903366666666667,0.0843233333333333,0.0758533333333333,0.0574616666666667,0.0501933333333333,0.0478866666666667,0.03808,0.02728,0.01637,0.0141566666666667,0.0126016666666667,0.00992166666666667,0.00562833333333333,0.00887166666666667,0.00600833333333333,0.00404666666666667,0.00520833333333333,0.007035,0.00346,0.00142166666666667,0.00219,0.00209666666666667,0.00151666666666667,0.00262333333333333,0.00190333333333333,0.000888333333333333,0.000831666666666667,0.000428333333333333,0.000603333333333333,0.000678333333333333,0,0,0.000425,0.000423333333333333,0,0,0,0,0,0,0,0.0000433333333333333,0.000126666666666667,0.000136666666666667,0.000146666666666667,0.000156666666666667,0.000166666666666667,0.00005,0,1,0,0,0,0,0,0,1,1,1,1,1,1,1,1,1,1,1,1,1,1,1,1,1,1,1,1,1,1,1,1,1,1,1,1,1,1,1,1,1,1,1,1,1,1,1,1,1,1,1,1,1,1,1,1,1,1,1,1,1,1,1,1,1,1,1,1,1,1,1,1,1,1,1,1,1,1,1,1,0
2026-05-18 20:00:00,74.51455215,0,0,0,0,0,0,0.023685,1.96985333333333,9.52286833333333,14.47327,11.672495,9.308185,7.72284666666667,6.58245833333333,5.41149166666667,2.28189,0.898181666666667,0.504405,0.316186666666667,0.268971666666667,0.250641666666667,0.275506666666667,0.31486,0.242045,0.204791666666667,0.156715,0.147831666666667,0.144546666666667,0.140253333333333,0.126783333333333,0.115493333333333,0.123073333333333,0.0988083333333333,0.0896016666666667,0.0713416666666667,0.077905,0.057235,0.040475,0.03325,0.0232816666666667,0.021545,0.0141266666666667,0.0133216666666667,0.0104566666666667,0.01208,0.00714833333333333,0.00608166666666667,0.00485833333333333,0.00387,0.00192333333333333,0.003405,0.00209666666666667,0.00163333333333333,0.00100333333333333,0.00124166666666667,0.00008,0.000401666666666667,0.001285,0,0.000855,0.000426666666666667,0,0.000425,0,0,0.000421666666666667,0,0,0,0,0,0,0,0,0,0,0,0,0,1,0,0,0,0,0,0,1,1,1,1,1,1,1,1,1,1,1,1,1,1,1,1,1,1,1,1,1,1,1,1,1,1,1,1,1,1,1,1,1,1,1,1,1,1,1,1,1,1,1,1,1,1,1,1,1,1,1,1,1,1,1,1,1,1,1,1,1,1,1,1,1,1,1,1,1,1,1,1,0
2026-05-18 21:00:00,67.2809498333333,0,0,0,0,0,0,0.0274616666666667,1.64543666666667,8.27480833333333,12.941755,10.6982066666667,8.46485,7.06254833333333,5.91167833333333,4.81191333333333,2.16019666666667,0.772101666666667,0.464815,0.320456666666667,0.24724,0.251711666666667,0.268601666666667,0.320856666666667,0.262661666666667,0.242245,0.17707,0.162075,0.167823333333333,0.164956666666667,0.162763333333333,0.145601666666667,0.132461666666667,0.121416666666667,0.118856666666667,0.100156666666667,0.0795966666666667,0.0693866666666667,0.0584033333333333,0.0485383333333333,0.027435,0.0170916666666667,0.0189616666666667,0.0138683333333333,0.01257,0.0122533333333333,0.007535,0.00585166666666667,0.007465,0.00557333333333333,0.0042,0.00247666666666667,0.00166333333333333,0.00240333333333333,0.001505,0.000863333333333333,0.00086,0.00172,0.00123166666666667,0.00023,0.001105,0,0.000748333333333333,0.000101666666666667,0,0,0.000705,0.000138333333333333,0,0,0,0,0.0000216666666666667,0.0000633333333333333,0.0000683333333333333,0.0000733333333333333,0.0000783333333333333,0.0000833333333333333,0.000025,0,1,0,0,0,0,0,0,1,1,1,1,1,1,1,1,1,1,1,1,1,1,1,1,1,1,1,1,1,1,1,1,1,1,1,1,1,1,1,1,1,1,1,1,1,1,1,1,1,1,1,1,1,1,1,1,1,1,1,1,1,1,1,1,1,1,1,1,1,1,1,1,1,1,1,1,1,1,1,1,0
2026-05-18 22:00:00,63.1759100833333,0,0,0,0,0,0,0.0193383333333333,1.55129,7.82219833333333,12.1734316666667,10.086745,7.8732,6.52288,5.39060666666667,4.54584166666667,1.99945,0.708206666666667,0.39181,0.298003333333333,0.249226666666667,0.263735,0.29694,0.33284,0.283086666666667,0.251688333333333,0.20195,0.19797,0.210146666666667,0.177283333333333,0.188496666666667,0.145963333333333,0.15011,0.134023333333333,0.131411666666667,0.111673333333333,0.0976716666666667,0.08136,0.0600416666666667,0.0389666666666667,0.0305933333333333,0.03272,0.0222316666666667,0.0193516666666667,0.01329,0.0139283333333333,0.0121316666666667,0.00794166666666667,0.00598,0.007465,0.00600166666666667,0.00642333333333333,0.004605,0.00240333333333333,0.00228,0.00133,0.0018,0.00315333333333333,0.00197333333333333,0.000856666666666667,0.000856666666666667,0.000426666666666667,0.00107166666666667,0.00059,0.0000383333333333333,0,0,0.000708333333333333,0.000131666666666667,0,0,0,0.0000216666666666667,0.0000633333333333333,0.0000683333333333333,0.0000733333333333333,0.0000783333333333333,0.0000833333333333333,0.000025,0,1,0,0,0,0,0,0,1,1,1,1,1,1,1,1,1,1,1,1,1,1,1,1,1,1,1,1,1,1,1,1,1,1,1,1,1,1,1,1,1,1,1,1,1,1,1,1,1,1,1,1,1,1,1,1,1,1,1,1,1,1,1,1,1,1,1,1,1,1,1,1,1,1,1,1,1,1,1,1,0
2026-05-18 23:00:00,60.3268958833333,0,0,0,0,0,0,0.0205916666666667,1.41376833333333,7.36158666666667,11.567335,9.42503166666667,7.59223833333333,6.30475333333333,5.24768833333333,4.50866833333333,1.91512166666667,0.61905,0.384753333333333,0.271463333333333,0.225943333333333,0.240965,0.257958333333333,0.298173333333333,0.24703,0.208543333333333,0.168236666666667,0.163923333333333,0.162585,0.144016666666667,0.158716666666667,0.14334,0.129108333333333,0.10333,0.100791666666667,0.0815266666666667,0.074995,0.062365,0.0552533333333333,0.0359083333333333,0.0248566666666667,0.0210033333333333,0.0127383333333333,0.0128383333333333,0.01248,0.01301,0.00657166666666667,0.00592833333333333,0.00527333333333333,0.00504166666666667,0.00964,0.000953333333333333,0.00248333333333333,0.00168,0.00282666666666667,0.00193666666666667,0.000481666666666667,0,0.000856666666666667,0,0.000428333333333333,0.00019,0.00056,0.000488333333333333,0.0000383333333333333,0.000421666666666667,0,0,0,0,0,0,0.0000216666666666667,0.0000633333333333333,0.0000683333333333333,0.0000733333333333333,0.0000783333333333333,0.0000833333333333333,0.000025,0,1,0,0,0,0,0,0,1,1,1,1,1,1,1,1,1,1,1,1,1,1,1,1,1,1,1,1,1,1,1,1,1,1,1,1,1,1,1,1,1,1,1,1,1,1,1,1,1,1,1,1,1,1,1,1,1,1,1,1,1,1,1,1,1,1,1,1,1,1,1,1,1,1,1,1,1,1,1,1,0
2026-05-19,66.11794175,0,0,0,0,0,0,0.0166333333333333,1.55701333333333,8.074935,12.6589516666667,10.4234933333333,8.23212166666667,7.10351,6.18140666666667,5.42327666666667,2.11790166666667,0.674293333333333,0.397328333333333,0.245818333333333,0.200895,0.214813333333333,0.25016,0.29408,0.235646666666667,0.214831666666667,0.163853333333333,0.153035,0.156635,0.134438333333333,0.160336666666667,0.125888333333333,0.124993333333333,0.0989166666666667,0.0990116666666667,0.082795,0.0690066666666667,0.0561966666666667,0.043475,0.0302483333333333,0.0168033333333333,0.0165333333333333,0.0132216666666667,0.00760833333333333,0.00824666666666667,0.00678333333333333,0.00528166666666667,0.00527666666666667,0.004985,0.003795,0.00360333333333333,0.00251666666666667,0.00212,0.00315,0.00155666666666667,0.00176166666666667,0.00137,0.00100333333333333,0.00111666666666667,0.000428333333333333,0.000426666666666667,0.00128,0.000425,0,0,0,0.000421666666666667,0,0,0,0,0,0.0000216666666666667,0.0000633333333333333,0.0000683333333333333,0.0000733333333333333,0.0000783333333333333,0.0000833333333333333,0.000025,0,1,0,0,0,0,0,0,1,1,1,1,1,1,1,1,1,1,1,1,1,1,1,1,1,1,1,1,1,1,1,1,1,1,1,1,1,1,1,1,1,1,1,1,1,1,1,1,1,1,1,1,1,1,1,1,1,1,1,1,1,1,1,1,1,1,1,1,1,1,1,1,1,1,1,1,1,1,1,1,0
2026-05-19 01:00:00,65.63313605,0,0,0,0,0,0,0.0262966666666667,1.96996666666667,9.01283166666667,12.88562,10.0215033333333,8.03185666666667,7.08329333333333,6.14717166666667,5.65488833333333,1.86608833333333,0.54046,0.316423333333333,0.197035,0.162158333333333,0.164618333333333,0.16331,0.200595,0.14704,0.148966666666667,0.110091666666667,0.112208333333333,0.115648333333333,0.100573333333333,0.09122,0.0952233333333333,0.076595,0.0725483333333333,0.05733,0.0449866666666667,0.04798,0.024115,0.020725,0.0128666666666667,0.01115,0.00918833333333333,0.005155,0.00455833333333333,0.00585,0.0029,0.00180166666666667,0.00456,0.00192166666666667,0.00323333333333333,0.00147833333333333,0.002475,0.000843333333333333,0.000816666666666667,0.000413333333333333,0.00224666666666667,0.00258,0.00043,0,0.00103166666666667,0.000678333333333333,0,0.000323333333333333,0.000101666666666667,0,0,0.000421666666666667,0,0,0,0.00083,0,0,0,0,0,0,0,0,0,1,0,0,0,0,0,0,1,1,1,1,1,1,1,1,1,1,1,1,1,1,1,1,1,1,1,1,1,1,1,1,1,1,1,1,1,1,1,1,1,1,1,1,1,1,1,1,1,1,1,1,1,1,1,1,1,1,1,1,1,1,1,1,1,1,1,1,1,1,1,1,1,1,1,1,1,1,1,1,0
2026-05-19 02:00:00,56.6744337666667,0,0,0,0,0,0,0.0318083333333333,1.88108666666667,8.33498333333333,11.26935,8.65970166666667,6.82391333333333,5.88706166666667,5.28003666666667,4.890035,1.63480833333333,0.447103333333333,0.223326666666667,0.14264,0.129038333333333,0.107235,0.118465,0.142951666666667,0.108921666666667,0.0883,0.07677,0.0677766666666667,0.07458,0.0634883333333333,0.059855,0.0547216666666667,0.0523683333333333,0.0423833333333333,0.03668,0.0245783333333333,0.0228283333333333,0.0164716666666667,0.0134516666666667,0.00957333333333333,0.0045,0.0071,0.00174666666666667,0.00318,0.00289333333333333,0.00557833333333333,0.00447333333333333,0.001725,0.00204833333333333,0.00142666666666667,0.00264166666666667,0.00125833333333333,0,0.001225,0.00007,0.000431666666666667,0.00086,0.000601666666666667,0.000258333333333333,0.000603333333333333,0.00196,0.000426666666666667,0,0,0.000423333333333333,0,0.000283333333333333,0.000558333333333333,0,0,0,0,0,0,0,0,0,0,0,0,1,0,0,0,0,0,0,1,1,1,1,1,1,1,1,1,1,1,1,1,1,1,1,1,1,1,1,1,1,1,1,1,1,1,1,1,1,1,1,1,1,1,1,1,1,1,1,1,1,1,1,1,1,1,1,1,1,1,1,1,1,1,1,1,1,1,1,1,1,1,1,1,1,1,1,1,1,1,1,0
2026-05-19 03:00:00,32.1324899166667,0,0,0,0,0,0,0.01678,1.19365833333333,5.16200166666667,6.83089,5.08176833333333,3.79020833333333,3.137945,2.66992666666667,2.3082,0.846918333333333,0.228621666666667,0.115171666666667,0.0863866666666667,0.069465,0.0618116666666667,0.0625633333333333,0.07782,0.0569616666666667,0.0476566666666667,0.0382283333333333,0.0391733333333333,0.047745,0.0307766666666667,0.0329366666666667,0.0335383333333333,0.0299966666666667,0.0254183333333333,0.0146016666666667,0.0158583333333333,0.0136433333333333,0.00972666666666667,0.00762333333333333,0.00527333333333333,0.00472,0.00339333333333333,0.00302666666666667,0.00479166666666667,0.00134,0.00223,0.002485,0.00151833333333333,0.00103333333333333,0.000966666666666667,0.002235,0.002125,0,0.000431666666666667,0.000775,0.00052,0,0.00043,0.00086,0.000428333333333333,0.000426666666666667,0,0.00085,0,0,0.000421666666666667,0,0,0.000836666666666667,0,0,0,0,0,0,0,0,0,0,0,1,0,0,0,0,0,0,1,1,1,1,1,1,1,1,1,1,1,1,1,1,1,1,1,1,1,1,1,1,1,1,1,1,1,1,1,1,1,1,1,1,1,1,1,1,1,1,1,1,1,1,1,1,1,1,1,1,1,1,1,1,1,1,1,1,1,1,1,1,1,1,1,1,1,1,1,1,1,1,0
2026-05-19 04:00:00,17.1953479166667,0,0,0,0,0,0,0.0138333333333333,0.796638333333333,3.14557833333333,3.69717666666667,2.69624166666667,1.96781333333333,1.57620333333333,1.340445,1.14248166666667,0.45371,0.121731666666667,0.0661866666666667,0.04094,0.0419583333333333,0.0363633333333333,0.04129,0.0435233333333333,0.0394733333333333,0.0291183333333333,0.0252866666666667,0.018185,0.02077,0.01975,0.0165633333333333,0.0169933333333333,0.0127233333333333,0.0120933333333333,0.00916333333333333,0.008145,0.0081,0.00377166666666667,0.00403,0.00406833333333333,0.0012,0.00383166666666667,0.00367833333333333,0.00479333333333333,0.00131,0.00296833333333333,0.00301333333333333,0.00144,0.00117833333333333,0.00142666666666667,0.001775,0.00125833333333333,0.000843333333333333,0.00117833333333333,0.00100333333333333,0,0.00043,0,0.00117666666666667,0.00054,0,0,0,0,0.000423333333333333,0,0,0,0,0,0,0,0,0,0,0,0,0,0,0,1,0,0,0,0,0,0,1,1,1,1,1,1,1,1,1,1,1,1,1,1,1,1,1,1,1,1,1,1,1,1,1,1,1,1,1,1,1,1,1,1,1,1,1,1,1,1,1,1,1,1,1,1,1,1,1,1,1,1,1,1,1,1,1,1,1,1,1,1,1,1,1,1,1,1,1,1,1,1,0
2026-05-19 05:00:00,13.1537907333333,0,0,0,0,0,0,0.0178566666666667,0.784451666666667,2.70086,2.88636833333333,1.87341833333333,1.34206666666667,1.04409,0.799268333333333,0.699866666666667,0.307856666666667,0.10582,0.0496366666666667,0.0418616666666667,0.0294383333333333,0.0318583333333333,0.03717,0.0369616666666667,0.0267083333333333,0.0232683333333333,0.0158783333333333,0.01826,0.0146783333333333,0.0120983333333333,0.011265,0.00905,0.0134066666666667,0.00929,0.00871166666666667,0.00844833333333333,0.009855,0.00547666666666667,0.00689833333333333,0.00274166666666667,0.00472,0.00164,0.00236666666666667,0.0034,0.00249333333333333,0.00133666666666667,0.002035,0.002745,0.00161333333333333,0.000126666666666667,0.00216666666666667,0.000476666666666667,0.00166333333333333,0.000816666666666667,0.000845,0.000898333333333333,0.000108333333333333,0.00157666666666667,0.000516666666666667,0.000428333333333333,0.000853333333333333,0.000426666666666667,0,0.000425,0.000423333333333333,0.000423333333333333,0.000421666666666667,0,0,0,0,0,0.0000433333333333333,0.000126666666666667,0.000136666666666667,0.000146666666666667,0.000156666666666667,0.000166666666666667,0.00005,0,1,0,0,0,0,0,0,1,1,1,1,1,1,1,1,1,1,1,1,1,1,1,1,1,1,1,1,1,1,1,1,1,1,1,1,1,1,1,1,1,1,1,1,1,1,1,1,1,1,1,1,1,1,1,1,1,1,1,1,1,1,1,1,1,1,1,1,1,1,1,1,1,1,1,1,1,1,1,1,0
2026-05-19 06:00:00,22.65393705,0,0,0,0,0,0,0.0289616666666667,1.334385,4.54474666666667,5.01268166666667,3.32970666666667,2.34889333333333,1.79530333333333,1.36955,1.04214666666667,0.61164,0.285666666666667,0.170413333333333,0.115471666666667,0.0761733333333333,0.0647833333333333,0.0645333333333333,0.0536583333333333,0.038035,0.0368,0.0255733333333333,0.0221783333333333,0.019625,0.0147483333333333,0.0122816666666667,0.01464,0.0116983333333333,0.00959166666666667,0.00644,0.00645833333333333,0.00791333333333333,0.00787,0.00395666666666667,0.00662,0.00334666666666667,0.00229833333333333,0.00363833333333333,0.00384333333333333,0.00183666666666667,0.00267333333333333,0.002975,0.00195333333333333,0.000725,0.00301,0.00136833333333333,0.00255833333333333,0.000433333333333333,0.000361666666666667,0.00170833333333333,0.00138333333333333,0.000458333333333333,0.000831666666666667,0.00043,0.000428333333333333,0.000426666666666667,0.000426666666666667,0.00085,0.000811666666666667,0.000846666666666667,0.0000383333333333333,0.000421666666666667,0,0,0,0,0,0,0,0,0,0,0,0,0,1,0,0,0,0,0,0,1,1,1,1,1,1,1,1,1,1,1,1,1,1,1,1,1,1,1,1,1,1,1,1,1,1,1,1,1,1,1,1,1,1,1,1,1,1,1,1,1,1,1,1,1,1,1,1,1,1,1,1,1,1,1,1,1,1,1,1,1,1,1,1,1,1,1,1,1,1,1,1,0
2026-05-19 07:00:00,11.5196756333333,0,0,0,0,0,0,0.0111016666666667,0.63606,2.33660833333333,2.56535833333333,1.677105,1.17808833333333,0.934718333333333,0.694105,0.570741666666667,0.316253333333333,0.169805,0.0919433333333333,0.0614033333333333,0.05879,0.0448833333333333,0.048875,0.0465766666666667,0.0301366666666667,0.02794,0.029375,0.022275,0.02156,0.0198466666666667,0.01724,0.01014,0.0144883333333333,0.0124016666666667,0.0138666666666667,0.009355,0.0144383333333333,0.0111983333333333,0.010515,0.00642166666666667,0.00904666666666667,0.005605,0.006025,0.003175,0.00392166666666667,0.00543333333333333,0.00481666666666667,0.00368166666666667,0.00311833333333333,0.00392,0.00226166666666667,0.000846666666666667,0.00168666666666667,0.00297833333333333,0.00196333333333333,0.00102166666666667,0.000561666666666667,0.000745,0.001805,0.002745,0.000678333333333333,0.000853333333333333,0,0,0.000385,0.0000383333333333333,0,0.00042,0.000418333333333333,0,0,0,0,0,0,0,0,0,0,0,1,0,0,0,0,0,0,1,1,1,1,1,1,1,1,1,1,1,1,1,1,1,1,1,1,1,1,1,1,1,1,1,1,1,1,1,1,1,1,1,1,1,1,1,1,1,1,1,1,1,1,1,1,1,1,1,1,1,1,1,1,1,1,1,1,1,1,1,1,1,1,1,1,1,1,1,1,1,1,0
2026-05-19 08:00:00,16.12146345,0,0,0,0,0,0,0.0110783333333333,0.707018333333333,2.846585,3.30172333333333,2.31471666666667,1.59513333333333,1.287525,1.12713,1.00234166666667,0.506106666666667,0.22411,0.147466666666667,0.104118333333333,0.0775533333333333,0.075825,0.0754433333333333,0.085255,0.0716916666666667,0.0523033333333333,0.0368733333333333,0.04073,0.0334016666666667,0.0224466666666667,0.0377583333333333,0.0281883333333333,0.0222083333333333,0.015845,0.0165383333333333,0.0172233333333333,0.01141,0.00914833333333333,0.0124316666666667,0.008145,0.00537333333333333,0.003835,0.003035,0.00443833333333333,0.00401166666666667,0.003705,0.00107166666666667,0.002245,0.000616666666666667,0.00323333333333333,0.000961666666666667,0.00214666666666667,0.00127666666666667,0.00201833333333333,0.000571666666666667,0.00172666666666667,0.00131833333333333,0.000401666666666667,0.000373333333333333,0.000055,0.000426666666666667,0.00128,0,0.000386666666666667,0.0000383333333333333,0,0.000283333333333333,0.000138333333333333,0,0,0,0,0.0000433333333333333,0.000126666666666667,0.000136666666666667,0.000146666666666667,0.000156666666666667,0.000166666666666667,0.00005,0,1,0,0,0,0,0,0,1,1,1,1,1,1,1,1,1,1,1,1,1,1,1,1,1,1,1,1,1,1,1,1,1,1,1,1,1,1,1,1,1,1,1,1,1,1,1,1,1,1,1,1,1,1,1,1,1,1,1,1,1,1,1,1,1,1,1,1,1,1,1,1,1,1,1,1,1,1,1,1,0
2026-05-19 09:00:00,41.2844198166667,0,0,0,0,0,0,0.01667,1.11663833333333,5.355115,7.57894,5.96016666666667,4.48916,3.89126666666667,3.55147333333333,3.24073666666667,1.46458333333333,0.597795,0.365483333333333,0.279176666666667,0.268506666666667,0.266303333333333,0.279331666666667,0.333081666666667,0.258033333333333,0.21908,0.172171666666667,0.161466666666667,0.167606666666667,0.145458333333333,0.11751,0.120398333333333,0.10613,0.088095,0.0754516666666667,0.064555,0.0531233333333333,0.039115,0.0298733333333333,0.0270083333333333,0.0225016666666667,0.01544,0.01234,0.0150116666666667,0.008565,0.006125,0.00682666666666667,0.00541666666666667,0.00262833333333333,0.00603333333333333,0.00327666666666667,0.00253833333333333,0.00252833333333333,0.002205,0.001295,0.00172666666666667,0.000486666666666667,0.00157666666666667,0.00217833333333333,0.00023,0.001535,0.00128,0.000323333333333333,0.000913333333333333,0.000461666666666667,0,0.000705,0.00139833333333333,0,0,0,0,0,0,0,0,0,0,0,0,1,0,0,0,0,0,0,1,1,1,1,1,1,1,1,1,1,1,1,1,1,1,1,1,1,1,1,1,1,1,1,1,1,1,1,1,1,1,1,1,1,1,1,1,1,1,1,1,1,1,1,1,1,1,1,1,1,1,1,1,1,1,1,1,1,1,1,1,1,1,1,1,1,1,1,1,1,1,1,0
2026-05-19 10:00:00,80.0463620666667,0,0,0,0,0,0,0.0301216666666667,2.21316166666667,10.6825833333333,15.775785,11.9374,8.69330333333333,6.92769166666667,5.79071,4.98599333333333,2.576015,1.04982,0.725895,0.641386666666667,0.6225,0.668068333333333,0.721243333333333,0.696461666666667,0.672528333333333,0.58714,0.566438333333333,0.498548333333333,0.464613333333333,0.42518,0.38252,0.354611666666667,0.334661666666667,0.285226666666667,0.262738333333333,0.196793333333333,0.189801666666667,0.141318333333333,0.109311666666667,0.0905316666666667,0.06528,0.0544033333333333,0.0406233333333333,0.031925,0.0275683333333333,0.03246,0.0238183333333333,0.01526,0.01444,0.0121316666666667,0.00873833333333333,0.008505,0.00460333333333333,0.00766666666666667,0.003405,0.00222833333333333,0.00228166666666667,0.00169166666666667,0.00160666666666667,0.00242666666666667,0.000678333333333333,0.00104333333333333,0.000985,0.000526666666666667,0.000423333333333333,0,0.00112666666666667,0.000558333333333333,0.000418333333333333,0.000416666666666667,0,0,0.000065,0.00019,0.000205,0.00022,0.000235,0.00025,0.000075,0,1,0,0,0,0,0,0,1,1,1,1,1,1,1,1,1,1,1,1,1,1,1,1,1,1,1,1,1,1,1,1,1,1,1,1,1,1,1,1,1,1,1,1,1,1,1,1,1,1,1,1,1,1,1,1,1,1,1,1,1,1,1,1,1,1,1,1,1,1,1,1,1,1,1,1,1,1,1,1,0
2026-05-19 11:00:00,94.1036098,0,0,0,0,0,0,0.034525,2.34061333333333,12.2637116666667,19.1661366666667,14.8930383333333,10.71632,8.26925,6.75959,5.68400666666667,2.794975,1.15077166666667,0.809868333333333,0.719373333333333,0.659156666666667,0.685861666666667,0.745915,0.766533333333333,0.723553333333333,0.581783333333333,0.558833333333333,0.519171666666667,0.449455,0.411766666666667,0.402665,0.354951666666667,0.33328,0.297558333333333,0.250951666666667,0.214136666666667,0.170341666666667,0.1431,0.11169,0.09253,0.0697433333333333,0.0521916666666667,0.0414783333333333,0.0392966666666667,0.0269866666666667,0.028865,0.0216916666666667,0.0138533333333333,0.00993166666666667,0.0107516666666667,0.0120683333333333,0.00551166666666667,0.00417,0.00842666666666667,0.00553833333333333,0.00456333333333333,0.00354333333333333,0.000773333333333333,0.000946666666666667,0.0007,0.00186166666666667,0.00213333333333333,0.00117333333333333,0.000526666666666667,0.000385,0.0000383333333333333,0.000421666666666667,0.00042,0.000398333333333333,0.0000183333333333333,0.000173333333333333,0.000653333333333333,0.000065,0.00019,0.000203333333333333,0.000218333333333333,0.000235,0.000251666666666667,0.0000733333333333333,0,1,0,0,0,0,0,0,1,1,1,1,1,1,1,1,1,1,1,1,1,1,1,1,1,1,1,1,1,1,1,1,1,1,1,1,1,1,1,1,1,1,1,1,1,1,1,1,1,1,1,1,1,1,1,1,1,1,1,1,1,1,1,1,1,1,1,1,1,1,1,1,1,1,1,1,1,1,1,1,0
2026-05-19 12:00:00,84.7026261666667,0,0,0,0,0,0,0.0237916666666667,2.17330166666667,11.698195,18.4484633333333,13.8789916666667,9.66927166666667,7.11171833333333,5.76284833333333,4.41680166666667,2.02919666666667,1.00210666666667,0.708873333333333,0.595375,0.564793333333333,0.591868333333333,0.65623,0.662498333333333,0.592156666666667,0.491555,0.452495,0.417375,0.386171666666667,0.347626666666667,0.342771666666667,0.296046666666667,0.27947,0.233246666666667,0.203416666666667,0.168263333333333,0.149295,0.113561666666667,0.0887766666666667,0.0633833333333333,0.0511533333333333,0.03734,0.0339016666666667,0.02353,0.019675,0.0108516666666667,0.0137933333333333,0.013595,0.00918833333333333,0.005095,0.00736166666666667,0.00658,0.00426166666666667,0.00372166666666667,0.004175,0.001865,0.00278666666666667,0.00129,0.00043,0.001285,0.000426666666666667,0.00104333333333333,0.000236666666666667,0,0.000423333333333333,0,0.00112666666666667,0.000138333333333333,0,0.00105666666666667,0.000781666666666667,0.000653333333333333,0.00052,0.000316666666666667,0.000341666666666667,0.000366666666666667,0.000391666666666667,0.000416666666666667,0.000125,0,1,0,0,0,0,0,0,1,1,1,1,1,1,1,1,1,1,1,1,1,1,1,1,1,1,1,1,1,1,1,1,1,1,1,1,1,1,1,1,1,1,1,1,1,1,1,1,1,1,1,1,1,1,1,1,1,1,1,1,1,1,1,1,1,1,1,1,1,1,1,1,1,1,1,1,1,1,1,1,0
2026-05-19 13:00:00,85.3872005666667,0,0,0,0,0,0,0.030725,2.41240166666667,12.6588016666667,19.0260783333333,13.7496333333333,9.3519,6.754815,5.42324833333333,3.47466833333333,1.64474333333333,1.02753666666667,0.766648333333333,0.664126666666667,0.69184,0.694331666666667,0.737713333333333,0.752891666666667,0.69286,0.581085,0.556303333333333,0.50605,0.457413333333333,0.432641666666667,0.419245,0.352528333333333,0.321108333333333,0.296208333333333,0.278205,0.219031666666667,0.182516666666667,0.150455,0.113535,0.0814633333333333,0.0655566666666667,0.048845,0.0371266666666667,0.0239533333333333,0.022685,0.0196166666666667,0.0134383333333333,0.01417,0.009805,0.0103666666666667,0.00595666666666667,0.00479166666666667,0.00544666666666667,0.00433,0.00445333333333333,0.00364666666666667,0.00230666666666667,0.00163333333333333,0.00223666666666667,0.00103166666666667,0.00196166666666667,0.000426666666666667,0.00182166666666667,0.00154166666666667,0.000423333333333333,0.0000383333333333333,0.000283333333333333,0.000558333333333333,0,0.000223333333333333,0.000608333333333333,0.00016,0.000448333333333333,0.00057,0.000615,0.00066,0.000705,0.00075,0.000225,0,1,0,0,0,0,0,0,1,1,1,1,1,1,1,1,1,1,1,1,1,1,1,1,1,1,1,1,1,1,1,1,1,1,1,1,1,1,1,1,1,1,1,1,1,1,1,1,1,1,1,1,1,1,1,1,1,1,1,1,1,1,1,1,1,1,1,1,1,1,1,1,1,1,1,1,1,1,1,1,0
2026-05-19 14:00:00,90.3421661666667,0,0,0,0,0,0,0.04071,2.66437333333333,13.6030133333333,19.72292,14.2851016666667,9.84270166666667,7.26461166666667,6.012725,3.57817833333333,1.53202833333333,1.043075,0.790833333333333,0.714571666666667,0.70037,0.761923333333333,0.833321666666667,0.781816666666667,0.706236666666667,0.62365,0.549468333333333,0.52619,0.497271666666667,0.42623,0.434165,0.389275,0.358535,0.31602,0.258206666666667,0.235713333333333,0.187293333333333,0.160238333333333,0.121748333333333,0.0841033333333333,0.074495,0.057465,0.0353916666666667,0.0361533333333333,0.02515,0.0214616666666667,0.01713,0.014015,0.01366,0.00751666666666667,0.00594833333333333,0.00902333333333333,0.00629,0.00424666666666667,0.00221,0.002245,0.00174833333333333,0.000831666666666667,0.000858333333333333,0.00146,0.00110666666666667,0.00128,0.000425,0.00119833333333333,0.0000766666666666667,0.000845,0,0.00042,0,0,0,0,0.00013,0.00038,0.00041,0.00044,0.00047,0.0005,0.00015,0,1,0,0,0,0,0,0,1,1,1,1,1,1,1,1,1,1,1,1,1,1,1,1,1,1,1,1,1,1,1,1,1,1,1,1,1,1,1,1,1,1,1,1,1,1,1,1,1,1,1,1,1,1,1,1,1,1,1,1,1,1,1,1,1,1,1,1,1,1,1,1,1,1,1,1,1,1,1,1,0
2026-05-19 15:00:00,80.8110765,0,0,0,0,0,0,0.0325233333333333,2.31503,11.8570966666667,17.2863083333333,12.3796633333333,8.43537166666667,6.27315833333333,5.253685,4.05748833333333,1.96817166666667,1.114065,0.779266666666667,0.691966666666667,0.657236666666667,0.726973333333333,0.810455,0.823491666666667,0.707661666666667,0.627156666666667,0.5663,0.503076666666667,0.501811666666667,0.445466666666667,0.416828333333333,0.364831666666667,0.358881666666667,0.296018333333333,0.242706666666667,0.217931666666667,0.169506666666667,0.137441666666667,0.106258333333333,0.0876,0.0508483333333333,0.0407183333333333,0.0302,0.0291966666666667,0.0196383333333333,0.0227966666666667,0.00949333333333333,0.00932833333333333,0.00790166666666667,0.00728166666666667,0.00486833333333333,0.00536833333333333,0.00419333333333333,0.00347666666666667,0.00259,0.000756666666666667,0.00188166666666667,0.001835,0.001435,0.000636666666666667,0.00160833333333333,0.00104333333333333,0.000985,0.000101666666666667,0.000385,0.000385,0.000358333333333333,0.000138333333333333,0,0,0,0,0,0,0,0,0,0,0,0,1,0,0,0,0,0,0,1,1,1,1,1,1,1,1,1,1,1,1,1,1,1,1,1,1,1,1,1,1,1,1,1,1,1,1,1,1,1,1,1,1,1,1,1,1,1,1,1,1,1,1,1,1,1,1,1,1,1,1,1,1,1,1,1,1,1,1,1,1,1,1,1,1,1,1,1,1,1,1,0
2026-05-19 16:00:00,53.8075311833333,0,0,0,0,0,0,0.02485,1.69394666666667,8.49422833333333,11.5386,7.819725,5.21997,3.8333,3.14961333333333,2.39363333333333,1.335755,0.782113333333333,0.571621666666667,0.499668333333333,0.496581666666667,0.560691666666667,0.525798333333333,0.568493333333333,0.485766666666667,0.453258333333333,0.41413,0.377716666666667,0.349056666666667,0.3369,0.315151666666667,0.27243,0.251891666666667,0.23305,0.187228333333333,0.1643,0.120806666666667,0.11299,0.0865116666666667,0.069525,0.049645,0.046405,0.0326283333333333,0.02614,0.0183883333333333,0.014105,0.013665,0.0107066666666667,0.00758,0.00893333333333333,0.01,0.006665,0.00378333333333333,0.00451666666666667,0.00579333333333333,0.00382333333333333,0.00153,0.001635,0.00128833333333333,0.000428333333333333,0.00170833333333333,0.000853333333333333,0.000646666666666667,0.00059,0.0000383333333333333,0.00126666666666667,0,0,0,0.000416666666666667,0.000415,0.00016,0.000296666666666667,0.000126666666666667,0.000136666666666667,0.000146666666666667,0.000156666666666667,0.000166666666666667,0.00005,0,1,0,0,0,0,0,0,1,1,1,1,1,1,1,1,1,1,1,1,1,1,1,1,1,1,1,1,1,1,1,1,1,1,1,1,1,1,1,1,1,1,1,1,1,1,1,1,1,1,1,1,1,1,1,1,1,1,1,1,1,1,1,1,1,1,1,1,1,1,1,1,1,1,1,1,1,1,1,1,0
2026-05-19 17:00:00,47.2300648166667,0,0,0,0,0,0,0.028625,1.717065,7.876895,9.95540166666667,6.63121333333333,4.38142,3.25924,2.82254833333333,1.71392166666667,0.9994,0.71687,0.514036666666667,0.49417,0.453976666666667,0.463973333333333,0.490355,0.464666666666667,0.413195,0.367893333333333,0.370766666666667,0.327398333333333,0.319741666666667,0.276693333333333,0.269888333333333,0.249021666666667,0.227836666666667,0.189583333333333,0.17245,0.155006666666667,0.127793333333333,0.101951666666667,0.0786366666666667,0.060045,0.0530083333333333,0.0490316666666667,0.0297783333333333,0.0247466666666667,0.0155966666666667,0.0190683333333333,0.015155,0.0104116666666667,0.007775,0.0122066666666667,0.00900833333333333,0.00592333333333333,0.00503666666666667,0.00708166666666667,0.00405833333333333,0.00266,0.00182666666666667,0.00146166666666667,0.00260666666666667,0.00193333333333333,0.000855,0.00170666666666667,0.00117333333333333,0.000101666666666667,0.00119333333333333,0.0000766666666666667,0.000421666666666667,0.00042,0.000398333333333333,0.000658333333333333,0.000193333333333333,0,0.000065,0.00019,0.000205,0.00022,0.000235,0.00025,0.000075,0,1,0,0,0,0,0,0,1,1,1,1,1,1,1,1,1,1,1,1,1,1,1,1,1,1,1,1,1,1,1,1,1,1,1,1,1,1,1,1,1,1,1,1,1,1,1,1,1,1,1,1,1,1,1,1,1,1,1,1,1,1,1,1,1,1,1,1,1,1,1,1,1,1,1,1,1,1,1,1,0
2026-05-19 18:00:00,64.8710967,0,0,0,0,0,0,0.0257666666666667,2.09154833333333,10.0540816666667,13.2633066666667,9.19057833333333,6.27944833333333,4.88561333333333,4.336035,2.97439,1.49624166666667,1.029125,0.720656666666667,0.623273333333333,0.586941666666667,0.614053333333333,0.666706666666667,0.654965,0.564901666666667,0.497191666666667,0.426941666666667,0.431751666666667,0.4026,0.337436666666667,0.346005,0.305343333333333,0.276988333333333,0.231933333333333,0.214441666666667,0.197906666666667,0.17185,0.124753333333333,0.105158333333333,0.0754516666666667,0.05041,0.0547,0.0361733333333333,0.0266683333333333,0.027015,0.0182316666666667,0.0123083333333333,0.01433,0.00993333333333333,0.00991333333333333,0.00605833333333333,0.00542833333333333,0.00542166666666667,0.00335833333333333,0.003575,0.00224666666666667,0.001805,0.00180666666666667,0.00111666666666667,0.000856666666666667,0.000428333333333333,0.000426666666666667,0.000425,0.001275,0.000808333333333333,0.0000383333333333333,0.000421666666666667,0,0.000418333333333333,0.000416666666666667,0,0,0.000411666666666667,0,0,0,0,0,0,0,1,0,0,0,0,0,0,1,1,1,1,1,1,1,1,1,1,1,1,1,1,1,1,1,1,1,1,1,1,1,1,1,1,1,1,1,1,1,1,1,1,1,1,1,1,1,1,1,1,1,1,1,1,1,1,1,1,1,1,1,1,1,1,1,1,1,1,1,1,1,1,1,1,1,1,1,1,1,1,0
2026-05-19 19:00:00,63.47686815,0,0,0,0,0,0,0.0292333333333333,1.91170166666667,9.22072166666667,12.679665,8.942185,6.18183666666667,5.000015,4.37280333333333,3.662145,1.92535333333333,1.13823333333333,0.81439,0.670481666666667,0.56592,0.57025,0.622561666666667,0.606626666666667,0.52856,0.448341666666667,0.392881666666667,0.383461666666667,0.362648333333333,0.303933333333333,0.27788,0.248948333333333,0.241328333333333,0.198781666666667,0.163128333333333,0.153616666666667,0.112901666666667,0.104278333333333,0.072695,0.0464566666666667,0.0485316666666667,0.0349,0.0244133333333333,0.0225433333333333,0.0127016666666667,0.0140133333333333,0.00960833333333333,0.00852666666666667,0.00835333333333333,0.00697333333333333,0.00509333333333333,0.00423166666666667,0.00376,0.001225,0.00307333333333333,0.00133,0.00228666666666667,0.001205,0.00043,0.001285,0,0.000853333333333333,0,0,0.000808333333333333,0.0000383333333333333,0.000705,0.000138333333333333,0,0,0,0,0.0000216666666666667,0.0000633333333333333,0.0000683333333333333,0.0000733333333333333,0.0000783333333333333,0.0000833333333333333,0.000025,0,1,0,0,0,0,0,0,1,1,1,1,1,1,1,1,1,1,1,1,1,1,1,1,1,1,1,1,1,1,1,1,1,1,1,1,1,1,1,1,1,1,1,1,1,1,1,1,1,1,1,1,1,1,1,1,1,1,1,1,1,1,1,1,1,1,1,1,1,1,1,1,1,1,1,1,1,1,1,1,0
2026-05-19 20:00:00,58.0633791666667,0,0,0,0,0,0,0.0249966666666667,1.52287666666667,7.633495,10.7323883333333,7.87138,5.75215666666667,4.65711,4.188675,3.72015333333333,2.17130666666667,1.24213166666667,0.850425,0.658731666666667,0.580045,0.63214,0.627928333333333,0.587876666666667,0.554055,0.475871666666667,0.420625,0.3982,0.369191666666667,0.324346666666667,0.304825,0.24727,0.245123333333333,0.210451666666667,0.187288333333333,0.165545,0.131041666666667,0.101776666666667,0.0755833333333333,0.072895,0.0518083333333333,0.042465,0.0303016666666667,0.02686,0.02225,0.0215533333333333,0.0196633333333333,0.01315,0.0115783333333333,0.0114833333333333,0.007115,0.007425,0.0026,0.003605,0.003125,0.00266,0.00274,0.003125,0.000258333333333333,0.00146,0.000251666666666667,0.000426666666666667,0.000425,0.00123666666666667,0.000423333333333333,0.000461666666666667,0.000705,0.000978333333333333,0,0,0,0,0,0,0,0,0,0,0,0,1,0,0,0,0,0,0,1,1,1,1,1,1,1,1,1,1,1,1,1,1,1,1,1,1,1,1,1,1,1,1,1,1,1,1,1,1,1,1,1,1,1,1,1,1,1,1,1,1,1,1,1,1,1,1,1,1,1,1,1,1,1,1,1,1,1,1,1,1,1,1,1,1,1,1,1,1,1,1,0
2026-05-19 21:00:00,42.5539538833333,0,0,0,0,0,0,0.0125266666666667,0.876101666666667,4.65593166666667,6.88883333333333,4.84685,3.44345666666667,2.84522333333333,2.60375666666667,2.44584,1.80061166666667,1.13058,0.821388333333333,0.71135,0.68627,0.747121666666667,0.761056666666667,0.771421666666667,0.71079,0.642401666666667,0.588968333333333,0.559208333333333,0.550735,0.480495,0.436053333333333,0.375038333333333,0.399791666666667,0.319513333333333,0.272048333333333,0.232711666666667,0.20811,0.166663333333333,0.13254,0.111701666666667,0.0823233333333333,0.070605,0.05974,0.0475216666666667,0.03887,0.0339433333333333,0.0170816666666667,0.0229983333333333,0.0166016666666667,0.0134683333333333,0.0109616666666667,0.00798833333333333,0.00665333333333333,0.00497,0.00492166666666667,0.00471,0.00152666666666667,0.00452833333333333,0.00183666666666667,0.00246833333333333,0.00228833333333333,0.00128,0.00182,0.001155,0.000423333333333333,0,0.000843333333333333,0.000288333333333333,0.000131666666666667,0.000416666666666667,0,0,0.000498333333333333,0.000253333333333333,0.000273333333333333,0.000293333333333333,0.000313333333333333,0.000333333333333333,0.0001,0,1,0,0,0,0,0,0,1,1,1,1,1,1,1,1,1,1,1,1,1,1,1,1,1,1,1,1,1,1,1,1,1,1,1,1,1,1,1,1,1,1,1,1,1,1,1,1,1,1,1,1,1,1,1,1,1,1,1,1,1,1,1,1,1,1,1,1,1,1,1,1,1,1,1,1,1,1,1,1,0
2026-05-19 22:00:00,44.4532003166667,0,0,0,0,0,0,0.0136183333333333,0.878138333333333,4.60615833333333,6.61104333333333,4.567415,3.38931333333333,2.742785,2.68402,2.70256833333333,2.00538,1.251735,0.936155,0.804128333333333,0.799368333333333,0.86877,0.90969,0.915516666666667,0.842543333333333,0.770128333333333,0.711798333333333,0.656381666666667,0.604041666666667,0.56206,0.511433333333333,0.460333333333333,0.441005,0.377266666666667,0.31114,0.285623333333333,0.240008333333333,0.199921666666667,0.158151666666667,0.13766,0.0929783333333333,0.0803666666666667,0.06197,0.0508233333333333,0.036135,0.0286666666666667,0.025205,0.0193633333333333,0.0168133333333333,0.0121466666666667,0.0109083333333333,0.009245,0.004625,0.004445,0.00483333333333333,0.00307333333333333,0.00152666666666667,0.000745,0.00126333333333333,0.00131666666666667,0.000503333333333333,0,0.000646666666666667,0.000203333333333333,0.000808333333333333,0.000461666666666667,0,0,0.000398333333333333,0.0000183333333333333,0,0,0,0,0,0,0,0,0,0,1,0,0,0,0,0,0,1,1,1,1,1,1,1,1,1,1,1,1,1,1,1,1,1,1,1,1,1,1,1,1,1,1,1,1,1,1,1,1,1,1,1,1,1,1,1,1,1,1,1,1,1,1,1,1,1,1,1,1,1,1,1,1,1,1,1,1,1,1,1,1,1,1,1,1,1,1,1,1,0
2026-05-19 23:00:00,46.98606335,0,0,0,0,0,0,0.0118383333333333,0.958911666666667,5.067925,7.42356333333333,5.027245,3.57120833333333,3.018425,2.88498166666667,2.80679333333333,2.071795,1.248,0.915558333333333,0.815365,0.811693333333333,0.829506666666667,0.900608333333333,0.954193333333333,0.883476666666667,0.800141666666667,0.716063333333333,0.688216666666667,0.641155,0.556563333333333,0.527183333333333,0.436451666666667,0.403785,0.35037,0.327371666666667,0.274921666666667,0.215868333333333,0.195351666666667,0.151893333333333,0.131701666666667,0.0847366666666667,0.07314,0.0604183333333333,0.0488083333333333,0.031155,0.0321866666666667,0.0249783333333333,0.0183333333333333,0.01546,0.010365,0.009465,0.005595,0.00539833333333333,0.00345333333333333,0.00341666666666667,0.002985,0.00158166666666667,0.001635,0.00214833333333333,0.00120666666666667,0.00093,0,0,0,0,0,0,0,0.000398333333333333,0.0000183333333333333,0.000173333333333333,0.00024,0,0,0,0,0,0,0,0,1,0,0,0,0,0,0,1,1,1,1,1,1,1,1,1,1,1,1,1,1,1,1,1,1,1,1,1,1,1,1,1,1,1,1,1,1,1,1,1,1,1,1,1,1,1,1,1,1,1,1,1,1,1,1,1,1,1,1,1,1,1,1,1,1,1,1,1,1,1,1,1,1,1,1,1,1,1,1,0
2026-05-20,49.0141933,0,0,0,0,0,0,0.014595,0.98825,5.130415,7.54376166666667,5.20479666666667,3.67581833333333,3.09208833333333,3.11755333333333,2.96806833333333,2.23036166666667,1.32058666666667,0.970198333333333,0.90037,0.826251666666667,0.887391666666667,1.016395,1.01408333333333,0.941853333333333,0.85912,0.755978333333333,0.70654,0.65485,0.54404,0.551948333333333,0.461795,0.425223333333333,0.368766666666667,0.313988333333333,0.265285,0.229755,0.18831,0.146256666666667,0.118658333333333,0.086195,0.0654766666666667,0.0525283333333333,0.038655,0.0269233333333333,0.02044,0.019575,0.0151683333333333,0.0142283333333333,0.0117633333333333,0.00527166666666667,0.007205,0.00501333333333333,0.00379166666666667,0.00212166666666667,0.00433166666666667,0.00150166666666667,0.001405,0.000258333333333333,0.000428333333333333,0.000426666666666667,0,0.000425,0,0,0,0,0,0.000418333333333333,0,0,0,0,0,0,0,0,0,0,0,1,0,0,0,0,0,0,1,1,1,1,1,1,1,1,1,1,1,1,1,1,1,1,1,1,1,1,1,1,1,1,1,1,1,1,1,1,1,1,1,1,1,1,1,1,1,1,1,1,1,1,1,1,1,1,1,1,1,1,1,1,1,1,1,1,1,1,1,1,1,1,1,1,1,1,1,1,1,1,0
2026-05-20 01:00:00,45.48451555,0,0,0,0,0,0,0.00978333333333333,0.854135,4.384595,6.383525,4.43205666666667,3.310065,2.83669166666667,2.94261333333333,2.92875833333333,2.21752833333333,1.31692333333333,1.033665,0.90696,0.847238333333333,0.926471666666667,1.006165,1.023055,1.00311166666667,0.87698,0.784473333333333,0.722991666666667,0.692216666666667,0.638338333333333,0.588398333333333,0.465933333333333,0.456185,0.412295,0.322405,0.286965,0.240961666666667,0.19986,0.158693333333333,0.141543333333333,0.112858333333333,0.0886333333333333,0.0611766666666667,0.0560383333333333,0.0385533333333333,0.035075,0.0344333333333333,0.027085,0.0153633333333333,0.0163833333333333,0.0104566666666667,0.00811333333333333,0.00542333333333333,0.003395,0.00529833333333333,0.00206166666666667,0.00145166666666667,0.00166333333333333,0.00086,0.000603333333333333,0.00110666666666667,0,0.00085,0,0.000385,0.0000383333333333333,0,0.00042,0,0,0,0.00016,0.000253333333333333,0,0,0,0,0,0,0,1,0,0,0,0,0,0,1,1,1,1,1,1,1,1,1,1,1,1,1,1,1,1,1,1,1,1,1,1,1,1,1,1,1,1,1,1,1,1,1,1,1,1,1,1,1,1,1,1,1,1,1,1,1,1,1,1,1,1,1,1,1,1,1,1,1,1,1,1,1,1,1,1,1,1,1,1,1,1,0
2026-05-20 02:00:00,41.4955605333333,0,0,0,0,0,0,0.00850333333333333,0.744215,3.76563166666667,5.65921833333333,4.085365,3.06423333333333,2.66772166666667,2.78641166666667,2.77677666666667,2.041475,1.256185,0.911175,0.80614,0.806911666666667,0.83348,0.882788333333333,0.910583333333333,0.851641666666667,0.765376666666667,0.683568333333333,0.646796666666667,0.604768333333333,0.513951666666667,0.518581666666667,0.434043333333333,0.41403,0.369628333333333,0.300458333333333,0.263506666666667,0.218955,0.17844,0.142186666666667,0.113068333333333,0.0944516666666667,0.0713616666666667,0.0706966666666667,0.0478816666666667,0.0322416666666667,0.0270416666666667,0.0237666666666667,0.0188466666666667,0.0119083333333333,0.00954166666666667,0.00935,0.0102716666666667,0.00702333333333333,0.007105,0.00355666666666667,0.00481833333333333,0.000991666666666667,0.00100333333333333,0.000631666666666667,0.00023,0.00110666666666667,0.000853333333333333,0.000425,0,0,0.000421666666666667,0,0,0,0,0,0,0,0,0,0,0,0,0,0,1,0,0,0,0,0,0,1,1,1,1,1,1,1,1,1,1,1,1,1,1,1,1,1,1,1,1,1,1,1,1,1,1,1,1,1,1,1,1,1,1,1,1,1,1,1,1,1,1,1,1,1,1,1,1,1,1,1,1,1,1,1,1,1,1,1,1,1,1,1,1,1,1,1,1,1,1,1,1,0
2026-05-20 03:00:00,40.5591484833333,0,0,0,0,0,0,0.00893166666666667,0.766576666666667,4.06199,6.224995,4.56674666666667,3.38930166666667,2.83457,2.74291333333333,2.65304333333333,1.86648833333333,1.027025,0.76887,0.691486666666667,0.696503333333333,0.700473333333333,0.769425,0.780743333333333,0.763825,0.678413333333333,0.605108333333333,0.569868333333333,0.53275,0.443173333333333,0.441516666666667,0.376106666666667,0.339793333333333,0.299816666666667,0.261395,0.212793333333333,0.179571666666667,0.15861,0.133698333333333,0.0930933333333333,0.08701,0.0725916666666667,0.064295,0.0433433333333333,0.0328566666666667,0.0282583333333333,0.0168566666666667,0.0190333333333333,0.0144033333333333,0.01364,0.0118783333333333,0.007595,0.00506,0.006175,0.00535333333333333,0.00190333333333333,0.00172,0.00189166666666667,0.000688333333333333,0,0.000428333333333333,0.000806666666666667,0.00122166666666667,0.000101666666666667,0,0,0,0.00042,0,0.000223333333333333,0.000193333333333333,0.000413333333333333,0.0000433333333333333,0.000126666666666667,0.000135,0.000145,0.000156666666666667,0.000168333333333333,0.0000483333333333333,0,1,0,0,0,0,0,0,1,1,1,1,1,1,1,1,1,1,1,1,1,1,1,1,1,1,1,1,1,1,1,1,1,1,1,1,1,1,1,1,1,1,1,1,1,1,1,1,1,1,1,1,1,1,1,1,1,1,1,1,1,1,1,1,1,1,1,1,1,1,1,1,1,1,1,1,1,1,1,1,0
2026-05-20 04:00:00,37.9514377166667,0,0,0,0,0,0,0.00728,0.724521666666667,3.812965,5.83612333333333,4.36576833333333,3.21569166666667,2.75507833333333,2.641655,2.56631833333333,1.68627,0.911046666666667,0.655828333333333,0.54956,0.576813333333333,0.592063333333333,0.636861666666667,0.664906666666667,0.619885,0.55951,0.53705,0.469645,0.425286666666667,0.356763333333333,0.366471666666667,0.308596666666667,0.299741666666667,0.25822,0.219075,0.184973333333333,0.158381666666667,0.1388,0.10427,0.0859366666666667,0.0642283333333333,0.062045,0.0451716666666667,0.038045,0.03019,0.02348,0.0190883333333333,0.01416,0.0122,0.00915833333333333,0.00743833333333333,0.00714,0.00631166666666667,0.00394333333333333,0.00221666666666667,0.00248333333333333,0.00185166666666667,0.002035,0.00174833333333333,0.00194333333333333,0.001105,0.000853333333333333,0.00085,0,0.000423333333333333,0,0,0.000288333333333333,0.000131666666666667,0,0,0.000413333333333333,0.0000216666666666667,0.0000633333333333333,0.0000683333333333333,0.0000733333333333333,0.0000783333333333333,0.0000833333333333333,0.000025,0,1,0,0,0,0,0,0,1,1,1,1,1,1,1,1,1,1,1,1,1,1,1,1,1,1,1,1,1,1,1,1,1,1,1,1,1,1,1,1,1,1,1,1,1,1,1,1,1,1,1,1,1,1,1,1,1,1,1,1,1,1,1,1,1,1,1,1,1,1,1,1,1,1,1,1,1,1,1,1,0
2026-05-20 05:00:00,39.0386982666667,0,0,0,0,0,0,0.012315,0.757815,4.23929666666667,6.48631166666667,4.80651,3.64632833333333,3.05972666666667,2.801945,2.79982833333333,1.68310833333333,0.823568333333333,0.590425,0.509443333333333,0.508661666666667,0.530098333333333,0.574961666666667,0.57885,0.558583333333333,0.503921666666667,0.462168333333333,0.420568333333333,0.376408333333333,0.363695,0.335288333333333,0.284321666666667,0.259171666666667,0.219208333333333,0.187723333333333,0.173405,0.153331666666667,0.118808333333333,0.096495,0.0804716666666667,0.0614933333333333,0.049475,0.0352466666666667,0.0315866666666667,0.0226666666666667,0.020785,0.0136933333333333,0.0133683333333333,0.0123416666666667,0.0112,0.00823,0.00563666666666667,0.00544666666666667,0.00463166666666667,0.00331,0.001595,0.00225833333333333,0.00329666666666667,0.00265833333333333,0.00103166666666667,0.00068,0.000426666666666667,0.000425,0.000386666666666667,0.000423333333333333,0.000808333333333333,0.000075,0,0,0,0,0,0.0000216666666666667,0.0000633333333333333,0.0000683333333333333,0.0000733333333333333,0.0000783333333333333,0.0000833333333333333,0.000025,0,1,0,0,0,0,0,0,1,1,1,1,1,1,1,1,1,1,1,1,1,1,1,1,1,1,1,1,1,1,1,1,1,1,1,1,1,1,1,1,1,1,1,1,1,1,1,1,1,1,1,1,1,1,1,1,1,1,1,1,1,1,1,1,1,1,1,1,1,1,1,1,1,1,1,1,1,1,1,1,0
2026-05-20 06:00:00,42.2602721166667,0,0,0,0,0,0,0.0110916666666667,0.869173333333333,4.51463666666667,6.98535666666667,5.32185333333333,4.07032166666667,3.47973,3.263115,3.18359166666667,1.824435,0.796911666666667,0.573596666666667,0.500248333333333,0.438191666666667,0.485268333333333,0.524475,0.55788,0.515956666666667,0.448011666666667,0.419496666666667,0.401106666666667,0.36594,0.313661666666667,0.31349,0.294741666666667,0.27427,0.241563333333333,0.192058333333333,0.163923333333333,0.146381666666667,0.114316666666667,0.0902,0.0896566666666667,0.0604366666666667,0.05677,0.036685,0.0364333333333333,0.0314633333333333,0.0252316666666667,0.0143966666666667,0.0143216666666667,0.0123016666666667,0.0118966666666667,0.00986666666666667,0.00732333333333333,0.00631333333333333,0.00390833333333333,0.00264166666666667,0.00343333333333333,0.00190833333333333,0.00283833333333333,0.001375,0.00103166666666667,0.000251666666666667,0.000616666666666667,0.00120666666666667,0.00158,0,0.000768333333333333,0.000918333333333333,0,0,0.000223333333333333,0.000193333333333333,0,0.0000216666666666667,0.0000633333333333333,0.0000683333333333333,0.0000733333333333333,0.0000783333333333333,0.0000833333333333333,0.000025,0,1,0,0,0,0,0,0,1,1,1,1,1,1,1,1,1,1,1,1,1,1,1,1,1,1,1,1,1,1,1,1,1,1,1,1,1,1,1,1,1,1,1,1,1,1,1,1,1,1,1,1,1,1,1,1,1,1,1,1,1,1,1,1,1,1,1,1,1,1,1,1,1,1,1,1,1,1,1,1,0
2026-05-20 07:00:00,43.4940267666667,0,0,0,0,0,0,0.0123283333333333,0.811076666666667,4.44132166666667,7.11821,5.79908333333333,4.58092833333333,3.99033333333333,3.71571,3.470635,1.76986833333333,0.727631666666667,0.476221666666667,0.431055,0.404435,0.448836666666667,0.490196666666667,0.454603333333333,0.434866666666667,0.444535,0.372745,0.3583,0.319721666666667,0.276501666666667,0.291175,0.234005,0.21533,0.194406666666667,0.172076666666667,0.15289,0.131853333333333,0.104946666666667,0.10059,0.0669866666666667,0.0537133333333333,0.051445,0.0396616666666667,0.0338466666666667,0.02779,0.0184883333333333,0.0153433333333333,0.0105433333333333,0.0171416666666667,0.012625,0.00848,0.006665,0.00426333333333333,0.00763333333333333,0.00221,0.00376,0.00155333333333333,0.003125,0.00111666666666667,0.00206333333333333,0.00178666666666667,0.00294,0.000473333333333333,0.000773333333333333,0.0005,0.000346666666666667,0.000075,0,0,0.000833333333333333,0,0,0.000216666666666667,0.000633333333333333,0.000681666666666667,0.000731666666666667,0.000783333333333333,0.000835,0.000248333333333333,0,1,0,0,0,0,0,0,1,1,1,1,1,1,1,1,1,1,1,1,1,1,1,1,1,1,1,1,1,1,1,1,1,1,1,1,1,1,1,1,1,1,1,1,1,1,1,1,1,1,1,1,1,1,1,1,1,1,1,1,1,1,1,1,1,1,1,1,1,1,1,1,1,1,1,1,1,1,1,1,0
2026-05-20 08:00:00,51.1391040666667,0,0,0,0,0,0,0.0127266666666667,1.15337333333333,6.21948833333333,9.454915,7.29296166666667,5.631595,4.82111,4.47691833333333,3.332555,1.55555,0.682595,0.484001666666667,0.393056666666667,0.411511666666667,0.39385,0.425455,0.433243333333333,0.41585,0.420736666666667,0.35508,0.332508333333333,0.30322,0.263433333333333,0.25279,0.226381666666667,0.230235,0.187355,0.156386666666667,0.156113333333333,0.127963333333333,0.104366666666667,0.0884616666666667,0.0729,0.054695,0.0570933333333333,0.0364733333333333,0.03338,0.028195,0.0211016666666667,0.01795,0.01314,0.0138666666666667,0.006895,0.0101483333333333,0.00662333333333333,0.00335,0.00336,0.00255333333333333,0.00443833333333333,0.00263166666666667,0.00120333333333333,0.00175,0.000483333333333333,0.000855,0.00128,0,0,0,0.000846666666666667,0.000421666666666667,0.000288333333333333,0.000131666666666667,0.000416666666666667,0,0,0.000108333333333333,0.000316666666666667,0.000341666666666667,0.000366666666666667,0.000391666666666667,0.000416666666666667,0.000125,0,1,0,0,0,0,0,0,1,1,1,1,1,1,1,1,1,1,1,1,1,1,1,1,1,1,1,1,1,1,1,1,1,1,1,1,1,1,1,1,1,1,1,1,1,1,1,1,1,1,1,1,1,1,1,1,1,1,1,1,1,1,1,1,1,1,1,1,1,1,1,1,1,1,1,1,1,1,1,1,0
2026-05-20 09:00:00,59.4379309,0,0,0,0,0,0,0.0134766666666667,1.344115,7.4192,11.5432616666667,9.06267833333333,6.86436833333333,5.71523,5.16779,3.69849,1.65036333333333,0.710056666666667,0.443598333333333,0.377293333333333,0.360255,0.379243333333333,0.419183333333333,0.41694,0.353876666666667,0.303595,0.275375,0.287188333333333,0.25689,0.234573333333333,0.229405,0.206931666666667,0.206208333333333,0.156403333333333,0.15309,0.120525,0.113798333333333,0.0923316666666667,0.0617366666666667,0.0542416666666667,0.0442566666666667,0.0346016666666667,0.02716,0.0245733333333333,0.017335,0.0180016666666667,0.01358,0.0122883333333333,0.0110533333333333,0.00746166666666667,0.00561,0.00763666666666667,0.00542333333333333,0.00350166666666667,0.00170833333333333,0.00257166666666667,0.00107666666666667,0.00160666666666667,0.00086,0.000525,0.00118166666666667,0.000426666666666667,0,0.000425,0.000423333333333333,0,0.000421666666666667,0.000288333333333333,0.000131666666666667,0,0.000415,0.00016,0.000708333333333333,0.000126666666666667,0.000136666666666667,0.000146666666666667,0.000156666666666667,0.000166666666666667,0.00005,0,1,0,0,0,0,0,0,1,1,1,1,1,1,1,1,1,1,1,1,1,1,1,1,1,1,1,1,1,1,1,1,1,1,1,1,1,1,1,1,1,1,1,1,1,1,1,1,1,1,1,1,1,1,1,1,1,1,1,1,1,1,1,1,1,1,1,1,1,1,1,1,1,1,1,1,1,1,1,1,0
2026-05-20 10:00:00,40.0648077833333,0,0,0,0,0,0,0.0126483333333333,0.854715,4.68984,7.46398,5.81484666666667,4.44195166666667,3.77293666666667,3.47122833333333,2.78917666666667,1.34695166666667,0.611691666666667,0.377641666666667,0.306146666666667,0.291766666666667,0.307875,0.329431666666667,0.342885,0.286645,0.266333333333333,0.237705,0.209875,0.226143333333333,0.191896666666667,0.17044,0.147305,0.131343333333333,0.120908333333333,0.0989933333333333,0.0897,0.0770333333333333,0.0517316666666667,0.0448866666666667,0.037105,0.031915,0.0256166666666667,0.018565,0.0155216666666667,0.0143233333333333,0.0104916666666667,0.00773666666666667,0.00969166666666667,0.00475,0.00544833333333333,0.00458,0.00516333333333333,0.00542333333333333,0.003815,0.00332833333333333,0.00150666666666667,0.00177166666666667,0.00172,0,0.00146,0.001105,0.00104333333333333,0.000883333333333333,0.00144,0.0000383333333333333,0,0,0,0.000418333333333333,0,0.000588333333333333,0.0004,0.000773333333333333,0.000316666666666667,0.000341666666666667,0.000366666666666667,0.000391666666666667,0.000416666666666667,0.000125,0,1,0,0,0,0,0,0,1,1,1,1,1,1,1,1,1,1,1,1,1,1,1,1,1,1,1,1,1,1,1,1,1,1,1,1,1,1,1,1,1,1,1,1,1,1,1,1,1,1,1,1,1,1,1,1,1,1,1,1,1,1,1,1,1,1,1,1,1,1,1,1,1,1,1,1,1,1,1,1,0
2026-05-20 11:00:00,41.5067948333333,0,0,0,0,0,0,0.0162433333333333,0.945965,5.287865,8.12449333333333,6.07173833333333,4.29581833333333,3.37942,3.01565333333333,2.11361833333333,1.34807,0.771545,0.454938333333333,0.365666666666667,0.356186666666667,0.349215,0.389226666666667,0.386103333333333,0.339238333333333,0.286295,0.27058,0.257903333333333,0.240505,0.21733,0.195968333333333,0.189705,0.18047,0.150825,0.135555,0.121155,0.100815,0.079565,0.0671416666666667,0.0587633333333333,0.044565,0.0360933333333333,0.0241883333333333,0.01868,0.0185483333333333,0.0117,0.00971,0.01035,0.00576333333333333,0.007995,0.00523333333333333,0.00842,0.00417,0.006475,0.00421,0.00179666666666667,0.00139333333333333,0.00120333333333333,0.000946666666666667,0.00035,0.00178833333333333,0.000853333333333333,0.002025,0.000913333333333333,0.000808333333333333,0.000498333333333333,0,0.000708333333333333,0.000968333333333333,0,0,0.000413333333333333,0.000541666666666667,0.00038,0.000408333333333333,0.000438333333333333,0.00047,0.000501666666666667,0.000148333333333333,0,1,0,0,0,0,0,0,1,1,1,1,1,1,1,1,1,1,1,1,1,1,1,1,1,1,1,1,1,1,1,1,1,1,1,1,1,1,1,1,1,1,1,1,1,1,1,1,1,1,1,1,1,1,1,1,1,1,1,1,1,1,1,1,1,1,1,1,1,1,1,1,1,1,1,1,1,1,1,1,0
2026-05-20 12:00:00,53.3212072833333,0,0,0,0,0,0,0.0196166666666667,1.35508666666667,7.46957666666667,11.49944,8.51588166666667,5.75436333333333,4.09672666666667,3.40138333333333,2.33669333333333,1.13630166666667,0.700921666666667,0.511116666666667,0.42809,0.431773333333333,0.45786,0.50685,0.523491666666667,0.460933333333333,0.41139,0.384181666666667,0.364208333333333,0.331433333333333,0.311455,0.273865,0.242685,0.225765,0.207015,0.180775,0.144841666666667,0.119865,0.115741666666667,0.08446,0.0772566666666667,0.056225,0.0386816666666667,0.03562,0.03027,0.0181416666666667,0.0254016666666667,0.01582,0.0142483333333333,0.00837,0.00878666666666667,0.00838833333333333,0.008465,0.00621833333333333,0.002765,0.00431333333333333,0.003215,0.00365166666666667,0.003985,0.000258333333333333,0.00206333333333333,0.000931666666666667,0.00128,0.00149666666666667,0.000628333333333333,0.000423333333333333,0,0.000283333333333333,0.000978333333333333,0.000418333333333333,0.000833333333333333,0,0.00016,0.000383333333333333,0.00038,0.00041,0.00044,0.00047,0.0005,0.00015,0,1,0,0,0,0,0,0,1,1,1,1,1,1,1,1,1,1,1,1,1,1,1,1,1,1,1,1,1,1,1,1,1,1,1,1,1,1,1,1,1,1,1,1,1,1,1,1,1,1,1,1,1,1,1,1,1,1,1,1,1,1,1,1,1,1,1,1,1,1,1,1,1,1,1,1,1,1,1,1,0
2026-05-20 13:00:00,78.0128229666667,0,0,0,0,0,0,0.0323833333333333,2.21896166666667,11.4991733333333,16.6210833333333,11.4769866666667,7.62373166666667,5.79127833333333,5.20424166666667,3.76504166666667,2.75851166666667,1.62136333333333,1.03968166666667,0.854951666666667,0.797188333333333,0.812476666666667,0.840343333333333,0.850876666666667,0.745548333333333,0.698993333333333,0.608795,0.561948333333333,0.542478333333333,0.48066,0.492463333333333,0.418365,0.422415,0.346183333333333,0.312926666666667,0.25429,0.250935,0.191151666666667,0.171848333333333,0.133378333333333,0.0974383333333333,0.090275,0.063565,0.048765,0.0445966666666667,0.0368666666666667,0.0317016666666667,0.0226683333333333,0.018315,0.017985,0.00866166666666667,0.0130216666666667,0.0109116666666667,0.0133216666666667,0.00862833333333333,0.00237833333333333,0.00653166666666667,0.00169166666666667,0.000803333333333333,0.004085,0.001105,0.00038,0.002395,0.000203333333333333,0,0,0.000566666666666667,0.000696666666666667,0,0,0,0.00032,0.000636666666666667,0.00038,0.000408333333333333,0.000438333333333333,0.00047,0.000501666666666667,0.000148333333333333,0,1,0,0,0,0,0,0,1,1,1,1,1,1,1,1,1,1,1,1,1,1,1,1,1,1,1,1,1,1,1,1,1,1,1,1,1,1,1,1,1,1,1,1,1,1,1,1,1,1,1,1,1,1,1,1,1,1,1,1,1,1,1,1,1,1,1,1,1,1,1,1,1,1,1,1,1,1,1,1,0
2026-05-20 14:00:00,74.1369226166667,0,0,0,0,0,0,0.033685,2.407005,12.1256783333333,16.520285,11.241535,7.22093666666667,5.30993,4.43856166666667,2.684,1.33773,0.87464,0.643848333333333,0.587525,0.609738333333333,0.63265,0.723926666666667,0.669388333333333,0.605781666666667,0.530828333333333,0.479526666666667,0.433438333333333,0.443788333333333,0.380035,0.388938333333333,0.31727,0.329053333333333,0.295666666666667,0.266133333333333,0.225176666666667,0.210333333333333,0.187995,0.145056666666667,0.10818,0.08597,0.0830033333333333,0.05822,0.0506133333333333,0.0346033333333333,0.0289,0.02653,0.0237866666666667,0.0190466666666667,0.020835,0.015265,0.0113933333333333,0.00836333333333333,0.00777666666666667,0.00626333333333333,0.007475,0.004135,0.001405,0.00197666666666667,0.00317333333333333,0.00110833333333333,0.002085,0.00122166666666667,0.00218833333333333,0.000423333333333333,0.000731666666666667,0.000433333333333333,0.000846666666666667,0.000131666666666667,0.000416666666666667,0,0,0.000151666666666667,0.000443333333333333,0.000478333333333333,0.000513333333333333,0.000548333333333333,0.000583333333333333,0.000175,0,1,0,0,0,0,0,0,1,1,1,1,1,1,1,1,1,1,1,1,1,1,1,1,1,1,1,1,1,1,1,1,1,1,1,1,1,1,1,1,1,1,1,1,1,1,1,1,1,1,1,1,1,1,1,1,1,1,1,1,1,1,1,1,1,1,1,1,1,1,1,1,1,1,1,1,1,1,1,1,0
2026-05-20 15:00:00,71.79300465,0,0,0,0,0,0,0.031765,2.45139,12.1465266666667,16.4015016666667,11.0592166666667,7.20858666666667,5.30237,4.54198833333333,2.742745,1.11840833333333,0.676048333333333,0.458873333333333,0.443466666666667,0.442725,0.515771666666667,0.611126666666667,0.572275,0.460068333333333,0.39586,0.346568333333333,0.335028333333333,0.334856666666667,0.283255,0.272806666666667,0.254356666666667,0.256651666666667,0.224801666666667,0.193316666666667,0.177723333333333,0.154516666666667,0.11877,0.0998983333333333,0.0804516666666667,0.0546133333333333,0.0461633333333333,0.030655,0.0288283333333333,0.0304616666666667,0.0238866666666667,0.01698,0.0136566666666667,0.0106516666666667,0.009425,0.00520333333333333,0.00549333333333333,0.00581166666666667,0.003955,0.00266,0.00329333333333333,0.001015,0.00275166666666667,0.00234833333333333,0.00219666666666667,0.00128333333333333,0.000853333333333333,0,0.000425,0,0.000346666666666667,0.000075,0.00042,0.000418333333333333,0.000446666666666667,0.00056,0.000653333333333333,0.000108333333333333,0.000316666666666667,0.000341666666666667,0.000366666666666667,0.000391666666666667,0.000416666666666667,0.000125,0,1,0,0,0,0,0,0,1,1,1,1,1,1,1,1,1,1,1,1,1,1,1,1,1,1,1,1,1,1,1,1,1,1,1,1,1,1,1,1,1,1,1,1,1,1,1,1,1,1,1,1,1,1,1,1,1,1,1,1,1,1,1,1,1,1,1,1,1,1,1,1,1,1,1,1,1,1,1,1,0
2026-05-20 16:00:00,83.9464942166667,0,0,0,0,0,0,0.042995,2.99969,14.6297483333333,19.9295266666667,13.151595,8.67201166666667,6.44175833333333,5.66189333333333,3.68547333333333,1.354335,0.820441666666667,0.534298333333333,0.442768333333333,0.435665,0.480955,0.511568333333333,0.474795,0.4325,0.351303333333333,0.309671666666667,0.277928333333333,0.279683333333333,0.249788333333333,0.230233333333333,0.214073333333333,0.223293333333333,0.169751666666667,0.153846666666667,0.121561666666667,0.1112,0.0892666666666667,0.0726583333333333,0.0654433333333333,0.0463516666666667,0.04388,0.0279083333333333,0.0273666666666667,0.0197583333333333,0.0180983333333333,0.0131333333333333,0.013305,0.00858666666666667,0.00751666666666667,0.01049,0.00660333333333333,0.00335,0.00240333333333333,0.002535,0.00318,0.00271166666666667,0.00186333333333333,0.001005,0.00114333333333333,0.00153333333333333,0.000426666666666667,0.001275,0,0.000808333333333333,0.000885,0.000421666666666667,0.00084,0.000418333333333333,0,0.000415,0.000413333333333333,0.0000866666666666667,0.000253333333333333,0.000273333333333333,0.000293333333333333,0.000313333333333333,0.000333333333333333,0.0001,0,1,0,0,0,0,0,0,1,1,1,1,1,1,1,1,1,1,1,1,1,1,1,1,1,1,1,1,1,1,1,1,1,1,1,1,1,1,1,1,1,1,1,1,1,1,1,1,1,1,1,1,1,1,1,1,1,1,1,1,1,1,1,1,1,1,1,1,1,1,1,1,1,1,1,1,1,1,1,1,0
2026-05-20 17:00:00,88.8624309666667,0,0,0,0,0,0,0.0394483333333333,2.79106333333333,14.1407416666667,20.625135,14.8103183333333,10.08904,7.76649833333333,6.84280333333333,4.57866333333333,1.46528166666667,0.846695,0.491011666666667,0.392275,0.339833333333333,0.357443333333333,0.39497,0.381573333333333,0.319726666666667,0.272528333333333,0.205073333333333,0.197445,0.191811666666667,0.160311666666667,0.169803333333333,0.133658333333333,0.130968333333333,0.12048,0.0897883333333333,0.0741366666666667,0.0672466666666667,0.06277,0.0493183333333333,0.0352416666666667,0.0240633333333333,0.0213433333333333,0.0177633333333333,0.0171766666666667,0.0119866666666667,0.01057,0.00973333333333333,0.00772666666666667,0.006105,0.00790666666666667,0.00366,0.00373333333333333,0.001275,0.00413166666666667,0.00193666666666667,0.00296833333333333,0.00266166666666667,0.00143333333333333,0.00106,0.00023,0.00068,0,0,0.000811666666666667,0.0000383333333333333,0.000423333333333333,0.000421666666666667,0.00042,0.000418333333333333,0,0,0.000573333333333333,0.000296666666666667,0.000126666666666667,0.000136666666666667,0.000146666666666667,0.000156666666666667,0.000166666666666667,0.00005,0,1,0,0,0,0,0,0,1,1,1,1,1,1,1,1,1,1,1,1,1,1,1,1,1,1,1,1,1,1,1,1,1,1,1,1,1,1,1,1,1,1,1,1,1,1,1,1,1,1,1,1,1,1,1,1,1,1,1,1,1,1,1,1,1,1,1,1,1,1,1,1,1,1,1,1,1,1,1,1,0
2026-05-20 18:00:00,94.0780774666667,0,0,0,0,0,0,0.0347033333333333,2.92750333333333,14.5764116666667,21.2682966666667,15.4194416666667,10.9319433333333,8.226715,6.53211,5.01913333333333,2.08587166666667,0.767298333333333,0.495676666666667,0.418583333333333,0.39015,0.411876666666667,0.449301666666667,0.466523333333333,0.399901666666667,0.364281666666667,0.308828333333333,0.309363333333333,0.278403333333333,0.241565,0.233228333333333,0.201223333333333,0.210186666666667,0.17241,0.15362,0.131441666666667,0.109491666666667,0.0917783333333333,0.0688933333333333,0.0528816666666667,0.040925,0.03915,0.0261183333333333,0.0193366666666667,0.0133533333333333,0.0113183333333333,0.011475,0.00614,0.00906166666666667,0.00649333333333333,0.00579666666666667,0.00518166666666667,0.00294,0.00168,0.00214,0.002675,0.00220666666666667,0.001835,0.000631666666666667,0.00108666666666667,0.00196166666666667,0.000426666666666667,0.00085,0,0.000423333333333333,0,0.000421666666666667,0,0.000418333333333333,0.000416666666666667,0.000173333333333333,0.00024,0.0000216666666666667,0.0000633333333333333,0.0000683333333333333,0.0000733333333333333,0.0000783333333333333,0.0000833333333333333,0.000025,0,1,0,0,0,0,0,0,1,1,1,1,1,1,1,1,1,1,1,1,1,1,1,1,1,1,1,1,1,1,1,1,1,1,1,1,1,1,1,1,1,1,1,1,1,1,1,1,1,1,1,1,1,1,1,1,1,1,1,1,1,1,1,1,1,1,1,1,1,1,1,1,1,1,1,1,1,1,1,1,0
2026-05-20 19:00:00,107.344046283333,0,0,0,0,0,0,0.0587266666666667,4.21547666666667,18.9975616666667,25.1473866666667,17.07525,11.3266266666667,8.08306666666667,6.16026166666667,4.45310166666667,1.83289666666667,0.913855,0.651055,0.56695,0.514168333333333,0.586358333333333,0.609148333333333,0.649351666666667,0.589578333333333,0.501016666666667,0.472828333333333,0.455613333333333,0.430156666666667,0.363135,0.367671666666667,0.327931666666667,0.324755,0.283253333333333,0.26131,0.208626666666667,0.185553333333333,0.16086,0.11584,0.0991933333333333,0.0778683333333333,0.0644916666666667,0.044665,0.042055,0.0314566666666667,0.0218733333333333,0.020065,0.017145,0.0147516666666667,0.013175,0.0116766666666667,0.00544833333333333,0.00294,0.007805,0.00567833333333333,0.00451,0.002795,0.00209333333333333,0.00086,0,0,0.00189666666666667,0.000883333333333333,0.000203333333333333,0,0.00077,0.000918333333333333,0,0,0,0,0,0.0000216666666666667,0.0000633333333333333,0.0000683333333333333,0.0000733333333333333,0.0000783333333333333,0.0000833333333333333,0.000025,0,1,0,0,0,0,0,0,1,1,1,1,1,1,1,1,1,1,1,1,1,1,1,1,1,1,1,1,1,1,1,1,1,1,1,1,1,1,1,1,1,1,1,1,1,1,1,1,1,1,1,1,1,1,1,1,1,1,1,1,1,1,1,1,1,1,1,1,1,1,1,1,1,1,1,1,1,1,1,1,0
2026-05-20 20:00:00,111.3717209,0,0,0,0,0,0,0.0551533333333333,3.67248166666667,18.168475,25.31416,17.7384383333333,11.8619316666667,8.74785833333333,7.12262666666667,5.30957833333333,2.30320833333333,1.24787833333333,0.7884,0.641906666666667,0.596913333333333,0.585088333333333,0.647403333333333,0.652115,0.575601666666667,0.53148,0.474885,0.448836666666667,0.41316,0.392186666666667,0.373501666666667,0.298985,0.307545,0.269848333333333,0.251845,0.190255,0.182846666666667,0.149621666666667,0.1222,0.08764,0.0757716666666667,0.050805,0.0399316666666667,0.0471933333333333,0.0202033333333333,0.0200166666666667,0.0215566666666667,0.0151116666666667,0.0107666666666667,0.0106133333333333,0.00802833333333333,0.00442166666666667,0.00330333333333333,0.00333666666666667,0.0048,0.00267666666666667,0.00215,0.000601666666666667,0.00111666666666667,0.000428333333333333,0.000426666666666667,0.00104333333333333,0.00141,0.000526666666666667,0,0.000423333333333333,0,0.00042,0,0.000416666666666667,0,0,0,0,0,0,0,0,0,0,1,0,0,0,0,0,0,1,1,1,1,1,1,1,1,1,1,1,1,1,1,1,1,1,1,1,1,1,1,1,1,1,1,1,1,1,1,1,1,1,1,1,1,1,1,1,1,1,1,1,1,1,1,1,1,1,1,1,1,1,1,1,1,1,1,1,1,1,1,1,1,1,1,1,1,1,1,1,1,0
2026-05-20 21:00:00,112.0765877,0,0,0,0,0,0,0.043865,3.37526,17.52743,25.48983,18.2891766666667,12.474065,9.37612333333333,7.49971,5.518215,2.06980166666667,1.097065,0.686331666666667,0.534353333333333,0.501426666666667,0.536618333333333,0.584943333333333,0.601063333333333,0.563343333333333,0.480096666666667,0.438466666666667,0.405986666666667,0.395848333333333,0.345015,0.314408333333333,0.277725,0.279055,0.246951666666667,0.223413333333333,0.183491666666667,0.153651666666667,0.14209,0.119468333333333,0.0874766666666667,0.06982,0.0452,0.0446516666666667,0.0350166666666667,0.0242733333333333,0.0172916666666667,0.0139916666666667,0.01694,0.0102883333333333,0.0112316666666667,0.00512,0.00516333333333333,0.00458,0.00170333333333333,0.00214,0.00267833333333333,0.000888333333333333,0.00186333333333333,0.000258333333333333,0.000603333333333333,0.00068,0.000426666666666667,0.000323333333333333,0.000526666666666667,0.000385,0.0000383333333333333,0.000283333333333333,0.000138333333333333,0,0,0,0.00016,0.000708333333333333,0.000126666666666667,0.000135,0.000145,0.000156666666666667,0.000168333333333333,0.0000483333333333333,0,1,0,0,0,0,0,0,1,1,1,1,1,1,1,1,1,1,1,1,1,1,1,1,1,1,1,1,1,1,1,1,1,1,1,1,1,1,1,1,1,1,1,1,1,1,1,1,1,1,1,1,1,1,1,1,1,1,1,1,1,1,1,1,1,1,1,1,1,1,1,1,1,1,1,1,1,1,1,1,0
2026-05-20 22:00:00,121.771830616667,0,0,0,0,0,0,0.0411416666666667,3.50462333333333,18.5516133333333,27.935065,20.1345,13.833645,10.5578883333333,8.52560333333333,6.25954833333333,2.333165,1.21363166666667,0.791446666666667,0.625105,0.57797,0.631106666666667,0.673281666666667,0.690518333333333,0.629766666666667,0.52962,0.497001666666667,0.452336666666667,0.439685,0.378576666666667,0.387996666666667,0.33579,0.326941666666667,0.272175,0.233483333333333,0.215371666666667,0.179048333333333,0.157733333333333,0.106385,0.0944116666666667,0.0606383333333333,0.0539483333333333,0.0425216666666667,0.0329166666666667,0.0250533333333333,0.0176083333333333,0.02038,0.0146666666666667,0.013135,0.0107716666666667,0.00788333333333333,0.005925,0.00628833333333333,0.00426833333333333,0.00332833333333333,0.00274666666666667,0.00188,0.00209333333333333,0.00128833333333333,0.000428333333333333,0.000856666666666667,0.000426666666666667,0.00085,0.000386666666666667,0.000423333333333333,0.000461666666666667,0.000421666666666667,0,0.000816666666666667,0.0000183333333333333,0.000415,0.00016,0.000296666666666667,0.000126666666666667,0.000136666666666667,0.000146666666666667,0.000156666666666667,0.000166666666666667,0.00005,0,1,0,0,0,0,0,0,1,1,1,1,1,1,1,1,1,1,1,1,1,1,1,1,1,1,1,1,1,1,1,1,1,1,1,1,1,1,1,1,1,1,1,1,1,1,1,1,1,1,1,1,1,1,1,1,1,1,1,1,1,1,1,1,1,1,1,1,1,1,1,1,1,1,1,1,1,1,1,1,0
2026-05-20 23:00:00,116.408197766667,0,0,0,0,0,0,0.045595,3.35860166666667,17.7437316666667,26.5195183333333,18.9901983333333,13.1675583333333,9.925455,7.94353333333333,6.16254333333333,2.20899333333333,1.056705,0.689173333333333,0.539498333333333,0.51806,0.5884,0.645226666666667,0.67032,0.594156666666667,0.539391666666667,0.477781666666667,0.455265,0.428223333333333,0.373496666666667,0.390743333333333,0.3134,0.304458333333333,0.273426666666667,0.229321666666667,0.203236666666667,0.179278333333333,0.155328333333333,0.11341,0.0853033333333333,0.0761233333333333,0.0504883333333333,0.0431383333333333,0.0390766666666667,0.0317116666666667,0.0214816666666667,0.0190333333333333,0.01344,0.0143483333333333,0.0107716666666667,0.005705,0.00852833333333333,0.007475,0.00469833333333333,0.00435,0.00276666666666667,0.00432833333333333,0.002035,0.00223166666666667,0.000603333333333333,0.000678333333333333,0.000853333333333333,0,0.000425,0.000423333333333333,0.001615,0.00134,0,0.000418333333333333,0.000833333333333333,0.000173333333333333,0.000653333333333333,0.000411666666666667,0,0,0,0,0,0,0,1,0,0,0,0,0,0,1,1,1,1,1,1,1,1,1,1,1,1,1,1,1,1,1,1,1,1,1,1,1,1,1,1,1,1,1,1,1,1,1,1,1,1,1,1,1,1,1,1,1,1,1,1,1,1,1,1,1,1,1,1,1,1,1,1,1,1,1,1,1,1,1,1,1,1,1,1,1,1,0
2026-05-21,115.936883,0,0,0,0,0,0,0.0412083333333333,3.17133,16.8632583333333,25.8082933333333,18.9825333333333,13.5189433333333,10.062435,8.20609666666667,6.20305666666667,2.183195,1.001295,0.676321666666667,0.520433333333333,0.512878333333333,0.577136666666667,0.61391,0.694228333333333,0.593906666666667,0.53119,0.458783333333333,0.434875,0.396356666666667,0.362636666666667,0.349625,0.31015,0.287423333333333,0.250748333333333,0.233981666666667,0.185553333333333,0.187776666666667,0.147733333333333,0.111735,0.0861833333333333,0.0749183333333333,0.06064,0.04968,0.035325,0.0253066666666667,0.0248183333333333,0.0182666666666667,0.012065,0.0130466666666667,0.00947166666666667,0.00952166666666667,0.004645,0.00503666666666667,0.00288166666666667,0.00314333333333333,0.00170666666666667,0.00185333333333333,0.00186333333333333,0.00192,0.000911666666666667,0.00128166666666667,0.000426666666666667,0.00117333333333333,0.000101666666666667,0,0.000768333333333333,0.000496666666666667,0,0,0,0,0.00032,0.000528333333333333,0.0000633333333333333,0.0000683333333333333,0.0000733333333333333,0.0000783333333333333,0.0000833333333333333,0.000025,0,1,0,0,0,0,0,0,1,1,1,1,1,1,1,1,1,1,1,1,1,1,1,1,1,1,1,1,1,1,1,1,1,1,1,1,1,1,1,1,1,1,1,1,1,1,1,1,1,1,1,1,1,1,1,1,1,1,1,1,1,1,1,1,1,1,1,1,1,1,1,1,1,1,1,1,1,1,1,1,0
2026-05-21 01:00:00,114.648712266667,0,0,0,0,0,0,0.0367883333333333,3.03690166666667,16.4182733333333,25.660455,19.08059,13.2955233333333,10.1027566666667,8.14378666666667,6.13922,2.2246,0.992928333333333,0.655766666666667,0.517405,0.487731666666667,0.520825,0.617605,0.653788333333333,0.582461666666667,0.516486666666667,0.479795,0.41322,0.41035,0.376375,0.380536666666667,0.329846666666667,0.313355,0.26109,0.229105,0.200573333333333,0.178403333333333,0.143551666666667,0.119771666666667,0.0880016666666667,0.0659183333333333,0.056545,0.0367133333333333,0.033815,0.0225916666666667,0.0244366666666667,0.0148916666666667,0.0158416666666667,0.00833166666666667,0.007715,0.00872666666666667,0.00714166666666667,0.00547,0.004445,0.00155666666666667,0.004245,0.00190333333333333,0.00143333333333333,0.00106,0.000833333333333333,0.000503333333333333,0,0.001275,0,0.000423333333333333,0.000421666666666667,0,0.000288333333333333,0.000131666666666667,0.000416666666666667,0,0,0.0000216666666666667,0.0000633333333333333,0.0000683333333333333,0.0000733333333333333,0.0000783333333333333,0.0000833333333333333,0.000025,0,1,0,0,0,0,0,0,1,1,1,1,1,1,1,1,1,1,1,1,1,1,1,1,1,1,1,1,1,1,1,1,1,1,1,1,1,1,1,1,1,1,1,1,1,1,1,1,1,1,1,1,1,1,1,1,1,1,1,1,1,1,1,1,1,1,1,1,1,1,1,1,1,1,1,1,1,1,1,1,0
2026-05-21 02:00:00,133.736758133333,0,0,0,0,0,0,0.0533516666666667,3.80869166666667,19.3519883333333,28.719715,21.5865366666667,15.2024816666667,11.8705633333333,9.49591333333333,7.85819333333333,3.23090333333333,1.24893166666667,0.798556666666667,0.621703333333333,0.572285,0.629945,0.688333333333333,0.823811666666667,0.75791,0.652551666666667,0.541191666666667,0.51422,0.537995,0.483466666666667,0.472778333333333,0.391126666666667,0.389233333333333,0.335135,0.321876666666667,0.258453333333333,0.219951666666667,0.175005,0.140071666666667,0.108861666666667,0.0693766666666667,0.0671583333333333,0.0471533333333333,0.0377533333333333,0.0303133333333333,0.026405,0.02278,0.018785,0.011075,0.0133983333333333,0.00709166666666667,0.00877333333333333,0.00754333333333333,0.00545,0.006225,0.00425166666666667,0.00279166666666667,0.00209333333333333,0.000373333333333333,0.001515,0.001105,0.000616666666666667,0.000661666666666667,0,0.000385,0.000461666666666667,0.000843333333333333,0.000996666666666667,0.000263333333333333,0,0,0,0,0,0,0,0,0,0,0,1,0,0,0,0,0,0,1,1,1,1,1,1,1,1,1,1,1,1,1,1,1,1,1,1,1,1,1,1,1,1,1,1,1,1,1,1,1,1,1,1,1,1,1,1,1,1,1,1,1,1,1,1,1,1,1,1,1,1,1,1,1,1,1,1,1,1,1,1,1,1,1,1,1,1,1,1,1,1,0
2026-05-21 03:00:00,130.7377675,0,0,0,0,0,0,0.0585483333333333,3.81581,19.09068,28.014555,21.0782583333333,14.7470533333333,11.3211533333333,9.20202166666667,7.71345166666667,3.341975,1.203435,0.774505,0.601828333333333,0.612195,0.584028333333333,0.678455,0.782753333333333,0.69609,0.636111666666667,0.55548,0.507008333333333,0.514481666666667,0.47458,0.44174,0.40953,0.372285,0.324676666666667,0.282486666666667,0.230356666666667,0.197985,0.172413333333333,0.127868333333333,0.0997316666666667,0.0730516666666667,0.0621566666666667,0.0486233333333333,0.0354266666666667,0.02979,0.0223366666666667,0.0159566666666667,0.021545,0.0106183333333333,0.0104733333333333,0.00815333333333333,0.00600833333333333,0.00332666666666667,0.00464333333333333,0.00167833333333333,0.002175,0.00279166666666667,0.00166333333333333,0.00123333333333333,0.00176833333333333,0,0.000853333333333333,0.000425,0,0.000423333333333333,0.000346666666666667,0.000075,0.00084,0,0,0,0,0,0,0,0,0,0,0,0,1,0,0,0,0,0,0,1,1,1,1,1,1,1,1,1,1,1,1,1,1,1,1,1,1,1,1,1,1,1,1,1,1,1,1,1,1,1,1,1,1,1,1,1,1,1,1,1,1,1,1,1,1,1,1,1,1,1,1,1,1,1,1,1,1,1,1,1,1,1,1,1,1,1,1,1,1,1,1,0
2026-05-21 04:00:00,124.632987883333,0,0,0,0,0,0,0.0477733333333333,3.56931833333333,18.3139633333333,27.1673883333333,20.5838133333333,14.4562833333333,11.1079,8.67306,7.28873833333333,3.20817666666667,1.09123333333333,0.703348333333333,0.579043333333333,0.545913333333333,0.599073333333333,0.704158333333333,0.786636666666667,0.717341666666667,0.609823333333333,0.555276666666667,0.534218333333333,0.512593333333333,0.464178333333333,0.447485,0.409145,0.389786666666667,0.350363333333333,0.270103333333333,0.250003333333333,0.201381666666667,0.166746666666667,0.132618333333333,0.102523333333333,0.07065,0.0582733333333333,0.04802,0.039105,0.027265,0.0295766666666667,0.01689,0.0166316666666667,0.0134383333333333,0.0114133333333333,0.006895,0.006335,0.00378166666666667,0.00431833333333333,0.00300333333333333,0.00127666666666667,0.000991666666666667,0.00177666666666667,0.000773333333333333,0.000856666666666667,0,0,0.000425,0.000425,0.000385,0.00046,0.000283333333333333,0.000138333333333333,0.000398333333333333,0.0000183333333333333,0,0,0,0,0,0,0,0,0,0,1,0,0,0,0,0,0,1,1,1,1,1,1,1,1,1,1,1,1,1,1,1,1,1,1,1,1,1,1,1,1,1,1,1,1,1,1,1,1,1,1,1,1,1,1,1,1,1,1,1,1,1,1,1,1,1,1,1,1,1,1,1,1,1,1,1,1,1,1,1,1,1,1,1,1,1,1,1,1,0
2026-05-21 05:00:00,123.6805612,0,0,0,0,0,0,0.0405566666666667,3.29241,17.4123883333333,26.4688333333333,20.4088733333333,14.4758816666667,10.92116,8.554065,7.04509166666667,3.05971166666667,1.02165,0.689543333333333,0.610741666666667,0.544593333333333,0.608976666666667,0.707138333333333,0.798626666666667,0.757235,0.646666666666667,0.587605,0.550596666666667,0.541386666666667,0.471821666666667,0.492713333333333,0.419105,0.42041,0.351543333333333,0.312178333333333,0.261025,0.243466666666667,0.186053333333333,0.140763333333333,0.107888333333333,0.0842583333333333,0.0535283333333333,0.0446,0.030915,0.0241483333333333,0.0207383333333333,0.012855,0.01323,0.0125233333333333,0.00651333333333333,0.00903833333333333,0.00666333333333333,0.00168666666666667,0.00326666666666667,0.00262333333333333,0.00405833333333333,0.00177666666666667,0.001405,0.000688333333333333,0.000428333333333333,0.000426666666666667,0.00128,0,0,0,0,0.000566666666666667,0.000276666666666667,0,0,0,0,0.0000866666666666667,0.000253333333333333,0.000273333333333333,0.000293333333333333,0.000313333333333333,0.000333333333333333,0.0001,0,1,0,0,0,0,0,0,1,1,1,1,1,1,1,1,1,1,1,1,1,1,1,1,1,1,1,1,1,1,1,1,1,1,1,1,1,1,1,1,1,1,1,1,1,1,1,1,1,1,1,1,1,1,1,1,1,1,1,1,1,1,1,1,1,1,1,1,1,1,1,1,1,1,1,1,1,1,1,1,0
2026-05-21 06:00:00,115.864090183333,0,0,0,0,0,0,0.0379516666666667,2.98493,15.590835,24.2154,19.11153,14.0719133333333,10.84565,8.65570333333333,7.10523333333333,2.87823166666667,0.969786666666667,0.669206666666667,0.534493333333333,0.489625,0.544955,0.637441666666667,0.712066666666667,0.619098333333333,0.575565,0.480571666666667,0.4797,0.475283333333333,0.425858333333333,0.431431666666667,0.384851666666667,0.354525,0.314023333333333,0.265413333333333,0.232381666666667,0.211191666666667,0.146875,0.122708333333333,0.0858366666666667,0.068225,0.0477133333333333,0.0334766666666667,0.0266066666666667,0.0161633333333333,0.0190616666666667,0.015665,0.01243,0.011725,0.00717833333333333,0.00471333333333333,0.00512166666666667,0.00458,0.00131833333333333,0.00214,0.00327333333333333,0.00154833333333333,0.000601666666666667,0.00309166666666667,0.001625,0.000678333333333333,0.00128,0.00085,0.00166166666666667,0.0000383333333333333,0,0,0,0.000398333333333333,0.0000183333333333333,0,0.00016,0.000275,0.0000633333333333333,0.0000683333333333333,0.0000733333333333333,0.0000783333333333333,0.0000833333333333333,0.000025,0,1,0,0,0,0,0,0,1,1,1,1,1,1,1,1,1,1,1,1,1,1,1,1,1,1,1,1,1,1,1,1,1,1,1,1,1,1,1,1,1,1,1,1,1,1,1,1,1,1,1,1,1,1,1,1,1,1,1,1,1,1,1,1,1,1,1,1,1,1,1,1,1,1,1,1,1,1,1,1,0
2026-05-21 07:00:00,111.910845083333,0,0,0,0,0,0,0.0269883333333333,2.49891833333333,13.6786666666667,22.135235,18.5352066666667,13.8933983333333,11.1667716666667,9.21915333333333,7.79553,2.94260333333333,1.00932,0.659881666666667,0.487805,0.503703333333333,0.509088333333333,0.577978333333333,0.686463333333333,0.578356666666667,0.515696666666667,0.437001666666667,0.419643333333333,0.38863,0.38892,0.375821666666667,0.327705,0.32788,0.274548333333333,0.236493333333333,0.212618333333333,0.18257,0.125488333333333,0.115268333333333,0.0772066666666667,0.047985,0.043785,0.0328283333333333,0.0249716666666667,0.0209366666666667,0.0146416666666667,0.011325,0.007375,0.006255,0.00661333333333333,0.001585,0.00381833333333333,0.00248333333333333,0.00259,0.000413333333333333,0.00127666666666667,0.003545,0.00043,0.000428333333333333,0.000856666666666667,0.000426666666666667,0.000426666666666667,0.000425,0,0,0,0,0,0,0.000416666666666667,0,0,0,0,0,0,0,0,0,0,1,0,0,0,0,0,0,1,1,1,1,1,1,1,1,1,1,1,1,1,1,1,1,1,1,1,1,1,1,1,1,1,1,1,1,1,1,1,1,1,1,1,1,1,1,1,1,1,1,1,1,1,1,1,1,1,1,1,1,1,1,1,1,1,1,1,1,1,1,1,1,1,1,1,1,1,1,1,1,0
2026-05-21 08:00:00,107.143745683333,0,0,0,0,0,0,0.0341216666666667,2.332775,12.86906,21.0857116666667,17.8195333333333,13.5430283333333,11.15532,9.179885,7.59591333333333,2.93459333333333,0.950031666666667,0.58555,0.455408333333333,0.423225,0.477176666666667,0.544381666666667,0.620595,0.509226666666667,0.458751666666667,0.387965,0.3679,0.374443333333333,0.35714,0.337935,0.30331,0.313606666666667,0.237743333333333,0.214306666666667,0.189931666666667,0.167125,0.14109,0.0942683333333333,0.07164,0.051795,0.0384166666666667,0.0291283333333333,0.02123,0.0186083333333333,0.0134433333333333,0.007805,0.00570833333333333,0.00655666666666667,0.004915,0.00339,0.00458166666666667,0.00250666666666667,0.00355833333333333,0.00328333333333333,0.00133,0.00183,0.00166333333333333,0.000428333333333333,0.00120666666666667,0.000503333333333333,0.00147,0.000661666666666667,0,0,0.000421666666666667,0.000283333333333333,0.000558333333333333,0.000418333333333333,0.000416666666666667,0,0,0.000498333333333333,0.000253333333333333,0.000273333333333333,0.000293333333333333,0.000313333333333333,0.000333333333333333,0.0001,0,1,0,0,0,0,0,0,1,1,1,1,1,1,1,1,1,1,1,1,1,1,1,1,1,1,1,1,1,1,1,1,1,1,1,1,1,1,1,1,1,1,1,1,1,1,1,1,1,1,1,1,1,1,1,1,1,1,1,1,1,1,1,1,1,1,1,1,1,1,1,1,1,1,1,1,1,1,1,1,0
2026-05-21 09:00:00,102.698382866667,0,0,0,0,0,0,0.0260966666666667,2.19710166666667,11.9157683333333,19.530865,16.8848933333333,13.3727166666667,11.0890266666667,9.18422666666667,7.73173333333333,2.90422833333333,0.94856,0.577216666666667,0.42157,0.396058333333333,0.405203333333333,0.474173333333333,0.537498333333333,0.415581666666667,0.378058333333333,0.308811666666667,0.292735,0.303178333333333,0.28039,0.280883333333333,0.251386666666667,0.231835,0.19192,0.179156666666667,0.148081666666667,0.12374,0.103315,0.0775166666666667,0.0637116666666667,0.0364016666666667,0.0286783333333333,0.0186166666666667,0.015545,0.0113616666666667,0.012295,0.00875166666666667,0.00975666666666667,0.007175,0.00310666666666667,0.00445833333333333,0.00290833333333333,0.00296333333333333,0.00281166666666667,0.00320333333333333,0.000961666666666667,0.000515,0.00197833333333333,0.00132,0.000911666666666667,0,0.00128,0.00085,0.00085,0.000423333333333333,0,0.000566666666666667,0.000985,0.000131666666666667,0,0.000415,0.00016,0.000275,0.0000633333333333333,0.0000683333333333333,0.0000733333333333333,0.0000783333333333333,0.0000833333333333333,0.000025,0,1,0,0,0,0,0,0,1,1,1,1,1,1,1,1,1,1,1,1,1,1,1,1,1,1,1,1,1,1,1,1,1,1,1,1,1,1,1,1,1,1,1,1,1,1,1,1,1,1,1,1,1,1,1,1,1,1,1,1,1,1,1,1,1,1,1,1,1,1,1,1,1,1,1,1,1,1,1,1,0
2026-05-21 10:00:00,94.2070575666667,0,0,0,0,0,0,0.030965,2.11739166666667,11.172375,17.9451466666667,15.42502,12.3874116666667,10.6416066666667,9.01955833333333,7.355975,2.65024666666667,0.910105,0.497855,0.369681666666667,0.313061666666667,0.343396666666667,0.389786666666667,0.45057,0.337983333333333,0.29749,0.241448333333333,0.235771666666667,0.254175,0.221113333333333,0.21211,0.194251666666667,0.17693,0.133555,0.120446666666667,0.102965,0.0799283333333333,0.0698566666666667,0.0579116666666667,0.0396683333333333,0.0244166666666667,0.022115,0.0127283333333333,0.0165383333333333,0.01127,0.006935,0.00609666666666667,0.00527666666666667,0.00572666666666667,0.00557333333333333,0.003725,0.00340666666666667,0.00373666666666667,0.00225166666666667,0.00250166666666667,0.001815,0.000458333333333333,0.00143333333333333,0.00106166666666667,0.000658333333333333,0.000678333333333333,0.000853333333333333,0,0.00166166666666667,0.00130833333333333,0.000346666666666667,0.000075,0.00042,0.000418333333333333,0,0.000415,0.000413333333333333,0.000433333333333333,0.0000633333333333333,0.0000683333333333333,0.0000733333333333333,0.0000783333333333333,0.0000833333333333333,0.000025,0,1,0,0,0,0,0,0,1,1,1,1,1,1,1,1,1,1,1,1,1,1,1,1,1,1,1,1,1,1,1,1,1,1,1,1,1,1,1,1,1,1,1,1,1,1,1,1,1,1,1,1,1,1,1,1,1,1,1,1,1,1,1,1,1,1,1,1,1,1,1,1,1,1,1,1,1,1,1,1,0
2026-05-21 11:00:00,89.9440877666667,0,0,0,0,0,0,0.035525,2.13083,10.5982416666667,16.6155283333333,14.2612966666667,12.0271733333333,10.4717533333333,9.06558,7.051325,2.226155,0.865715,0.47641,0.334241666666667,0.274583333333333,0.293335,0.293991666666667,0.342783333333333,0.258125,0.224711666666667,0.183966666666667,0.18796,0.190145,0.15898,0.153271666666667,0.132493333333333,0.118483333333333,0.110093333333333,0.0865933333333333,0.0810383333333333,0.0621933333333333,0.053365,0.0408833333333333,0.033695,0.0184516666666667,0.0165433333333333,0.012315,0.008885,0.00721833333333333,0.0076,0.004465,0.00586,0.00291833333333333,0.00638666666666667,0.00509,0.00208333333333333,0.00209666666666667,0.00295166666666667,0.00289666666666667,0.00280166666666667,0.00137,0.00100333333333333,0.00143333333333333,0.000538333333333333,0.000428333333333333,0.000853333333333333,0.000425,0,0.000808333333333333,0.00165333333333333,0.00078,0.000558333333333333,0,0.000416666666666667,0.000415,0,0,0,0,0,0,0,0,0,1,0,0,0,0,0,0,1,1,1,1,1,1,1,1,1,1,1,1,1,1,1,1,1,1,1,1,1,1,1,1,1,1,1,1,1,1,1,1,1,1,1,1,1,1,1,1,1,1,1,1,1,1,1,1,1,1,1,1,1,1,1,1,1,1,1,1,1,1,1,1,1,1,1,1,1,1,1,1,0
2026-05-21 12:00:00,77.6327197166667,0,0,0,0,0,0,0.03365,2.09250666666667,9.867835,14.5570016666667,12.3986583333333,10.41643,9.45157166666667,8.555195,6.02943166666667,1.32661666666667,0.617861666666667,0.328673333333333,0.201583333333333,0.210206666666667,0.193968333333333,0.214265,0.234735,0.181431666666667,0.158593333333333,0.129696666666667,0.117433333333333,0.125946666666667,0.0980666666666667,0.112375,0.0911266666666667,0.090445,0.074875,0.0590466666666667,0.058225,0.0490316666666667,0.0317583333333333,0.0236183333333333,0.01958,0.013175,0.009415,0.00859333333333333,0.00852833333333333,0.00326833333333333,0.00586,0.00403,0.006295,0.002665,0.00249333333333333,0.00191166666666667,0.00119666666666667,0.00125333333333333,0.00175,0.001295,0.000756666666666667,0.00317166666666667,0.00123333333333333,0.00117666666666667,0.001395,0,0.000616666666666667,0.000236666666666667,0.000386666666666667,0.000885,0.000421666666666667,0.000421666666666667,0.00042,0,0,0,0.000413333333333333,0.000498333333333333,0.000253333333333333,0.000273333333333333,0.000293333333333333,0.000313333333333333,0.000333333333333333,0.0001,0,1,0,0,0,0,0,0,1,1,1,1,1,1,1,1,1,1,1,1,1,1,1,1,1,1,1,1,1,1,1,1,1,1,1,1,1,1,1,1,1,1,1,1,1,1,1,1,1,1,1,1,1,1,1,1,1,1,1,1,1,1,1,1,1,1,1,1,1,1,1,1,1,1,1,1,1,1,1,1,0
2026-05-21 13:00:00,94.7847436333333,0,0,0,0,0,0,0.031625,2.526335,12.2157766666667,17.6695316666667,15.0569583333333,12.6736783333333,11.3602183333333,10.40805,7.09571166666667,1.50909,0.717868333333333,0.392568333333333,0.26982,0.23628,0.239548333333333,0.280798333333333,0.260333333333333,0.22502,0.175298333333333,0.152545,0.144911666666667,0.169476666666667,0.13392,0.148865,0.118338333333333,0.110675,0.0896883333333333,0.0939366666666667,0.0806883333333333,0.0610116666666667,0.0527466666666667,0.0486866666666667,0.0240533333333333,0.01959,0.0137966666666667,0.0151516666666667,0.00875333333333333,0.00601,0.00847833333333333,0.00706,0.00535,0.005545,0.00656833333333333,0.00243666666666667,0.00217,0.00291666666666667,0.00247333333333333,0.000571666666666667,0.00167333333333333,0.0018,0.00186333333333333,0.00111666666666667,0.00103166666666667,0.000251666666666667,0.000426666666666667,0,0.000425,0,0.000423333333333333,0.000421666666666667,0.00042,0,0,0.000415,0,0.00052,0.000316666666666667,0.000341666666666667,0.000366666666666667,0.000391666666666667,0.000416666666666667,0.000125,0,1,0,0,0,0,0,0,1,1,1,1,1,1,1,1,1,1,1,1,1,1,1,1,1,1,1,1,1,1,1,1,1,1,1,1,1,1,1,1,1,1,1,1,1,1,1,1,1,1,1,1,1,1,1,1,1,1,1,1,1,1,1,1,1,1,1,1,1,1,1,1,1,1,1,1,1,1,1,1,0
2026-05-21 14:00:00,108.087602816667,0,0,0,0,0,0,0.043995,2.91999166666667,13.6466166666667,19.9805566666667,17.1938216666667,14.730185,13.495915,12.5597266666667,7.32108666666667,1.52066,0.739958333333333,0.387083333333333,0.27801,0.270543333333333,0.260013333333333,0.33092,0.298343333333333,0.235118333333333,0.187291666666667,0.169275,0.171155,0.194635,0.138595,0.171076666666667,0.13757,0.141133333333333,0.114641666666667,0.110415,0.106641666666667,0.07829,0.06187,0.0554983333333333,0.0380033333333333,0.0351833333333333,0.0282433333333333,0.02197,0.0237883333333333,0.0180266666666667,0.01135,0.00981166666666667,0.0100433333333333,0.00629166666666667,0.00680166666666667,0.00497166666666667,0.00384,0.00412333333333333,0.00475,0.00436,0.00295833333333333,0.00193166666666667,0.00157666666666667,0.000516666666666667,0.000603333333333333,0.000678333333333333,0.00128,0.00107166666666667,0.00105333333333333,0.000423333333333333,0,0.000421666666666667,0.00084,0,0,0,0,0.000108333333333333,0.000316666666666667,0.000341666666666667,0.000366666666666667,0.000391666666666667,0.000416666666666667,0.000125,0,1,0,0,0,0,0,0,1,1,1,1,1,1,1,1,1,1,1,1,1,1,1,1,1,1,1,1,1,1,1,1,1,1,1,1,1,1,1,1,1,1,1,1,1,1,1,1,1,1,1,1,1,1,1,1,1,1,1,1,1,1,1,1,1,1,1,1,1,1,1,1,1,1,1,1,1,1,1,1,0
2026-05-21 15:00:00,110.7561127,0,0,0,0,0,0,0.0389566666666667,2.76909833333333,13.730295,20.5607766666667,17.470125,15.044345,13.9937583333333,13.5049,7.42695666666667,1.59674666666667,0.76916,0.41585,0.28328,0.262213333333333,0.265503333333333,0.323701666666667,0.280451666666667,0.247078333333333,0.195853333333333,0.160996666666667,0.165331666666667,0.170861666666667,0.147578333333333,0.171048333333333,0.111793333333333,0.137646666666667,0.11504,0.109655,0.0976416666666667,0.07111,0.061115,0.0427033333333333,0.03647,0.034275,0.0305433333333333,0.0194433333333333,0.0160866666666667,0.0159616666666667,0.01424,0.0121316666666667,0.00996333333333333,0.0110916666666667,0.010265,0.00636333333333333,0.00607,0.00455666666666667,0.00515833333333333,0.00531166666666667,0.00254333333333333,0.00263166666666667,0.00232166666666667,0.00186333333333333,0.00225333333333333,0.000855,0.000996666666666667,0.001985,0.00166166666666667,0.0000383333333333333,0.000843333333333333,0.000705,0.000138333333333333,0,0.000416666666666667,0,0.00016,0.000448333333333333,0.00057,0.000613333333333333,0.000658333333333333,0.000705,0.000751666666666667,0.000223333333333333,0,1,0,0,0,0,0,0,1,1,1,1,1,1,1,1,1,1,1,1,1,1,1,1,1,1,1,1,1,1,1,1,1,1,1,1,1,1,1,1,1,1,1,1,1,1,1,1,1,1,1,1,1,1,1,1,1,1,1,1,1,1,1,1,1,1,1,1,1,1,1,1,1,1,1,1,1,1,1,1,0
2026-05-21 16:00:00,113.9118022,0,0,0,0,0,0,0.0284183333333333,2.59531166666667,13.482625,21.044365,17.9127516666667,15.5804633333333,14.290445,13.6845833333333,7.925205,1.80867,0.794996666666667,0.407833333333333,0.267928333333333,0.248975,0.251536666666667,0.316306666666667,0.287368333333333,0.25413,0.174433333333333,0.164855,0.179703333333333,0.176376666666667,0.140843333333333,0.164861666666667,0.106638333333333,0.12752,0.107608333333333,0.100055,0.0805233333333333,0.0879666666666667,0.06249,0.0581516666666667,0.0472633333333333,0.0322233333333333,0.0267033333333333,0.0211783333333333,0.019305,0.0129766666666667,0.01813,0.0106633333333333,0.0104066666666667,0.00991166666666667,0.00921833333333333,0.0106083333333333,0.009245,0.00592666666666667,0.00581333333333333,0.00683333333333333,0.00488666666666667,0.004135,0.002265,0.00191833333333333,0.00176833333333333,0.000855,0.00128,0.00085,0.001275,0,0.000845,0,0,0,0.000223333333333333,0.000608333333333333,0.000413333333333333,0.000065,0.00019,0.000205,0.00022,0.000235,0.00025,0.000075,0,1,0,0,0,0,0,0,1,1,1,1,1,1,1,1,1,1,1,1,1,1,1,1,1,1,1,1,1,1,1,1,1,1,1,1,1,1,1,1,1,1,1,1,1,1,1,1,1,1,1,1,1,1,1,1,1,1,1,1,1,1,1,1,1,1,1,1,1,1,1,1,1,1,1,1,1,1,1,1,0
2026-05-21 17:00:00,119.311178016667,0,0,0,0,0,0,0.0329566666666667,2.55063,13.4331466666667,21.7656133333333,18.7268383333333,16.5982333333333,15.329265,15.0949116666667,8.46589166666667,1.996745,0.94526,0.52203,0.356303333333333,0.333561666666667,0.335933333333333,0.412021666666667,0.37285,0.300523333333333,0.266286666666667,0.224216666666667,0.22895,0.204976666666667,0.186488333333333,0.202036666666667,0.14796,0.176038333333333,0.126503333333333,0.12411,0.116288333333333,0.1011,0.0913216666666667,0.0705733333333333,0.050745,0.035575,0.0316133333333333,0.01875,0.0194633333333333,0.0136366666666667,0.0157233333333333,0.0133083333333333,0.0115616666666667,0.0105333333333333,0.01034,0.0084,0.00976333333333333,0.00802333333333333,0.00324333333333333,0.00546,0.00339833333333333,0.00228833333333333,0.00326833333333333,0.001375,0.001285,0.000426666666666667,0.00213333333333333,0.00117333333333333,0.000526666666666667,0.000423333333333333,0,0.000283333333333333,0.000558333333333333,0,0,0,0,0.000455,0.000126666666666667,0.000136666666666667,0.000146666666666667,0.000156666666666667,0.000166666666666667,0.00005,0,1,0,0,0,0,0,0,1,1,1,1,1,1,1,1,1,1,1,1,1,1,1,1,1,1,1,1,1,1,1,1,1,1,1,1,1,1,1,1,1,1,1,1,1,1,1,1,1,1,1,1,1,1,1,1,1,1,1,1,1,1,1,1,1,1,1,1,1,1,1,1,1,1,1,1,1,1,1,1,0
2026-05-21 18:00:00,109.177480266667,0,0,0,0,0,0,0.0343283333333333,2.38956333333333,12.5925716666667,20.291875,17.3713116666667,15.1356233333333,13.637565,12.92512,7.685815,1.94149833333333,0.862551666666667,0.457241666666667,0.323376666666667,0.281921666666667,0.287361666666667,0.353325,0.32718,0.28612,0.230195,0.195056666666667,0.20329,0.194381666666667,0.173018333333333,0.178713333333333,0.129198333333333,0.145028333333333,0.108853333333333,0.116611666666667,0.096495,0.07909,0.0731033333333333,0.069825,0.0458283333333333,0.0288,0.020825,0.0185783333333333,0.0160883333333333,0.00956166666666667,0.0117716666666667,0.0104783333333333,0.00722333333333333,0.00612666666666667,0.00618833333333333,0.00541666666666667,0.00251666666666667,0.00212,0.00177333333333333,0.00482666666666667,0.00289,0.00139833333333333,0.00286666666666667,0.00217666666666667,0.00229333333333333,0.00246666666666667,0.000996666666666667,0.001985,0.000425,0.000846666666666667,0,0,0.00084,0,0.00105666666666667,0.000193333333333333,0.000413333333333333,0.000411666666666667,0,0,0,0,0,0,0,1,0,0,0,0,0,0,1,1,1,1,1,1,1,1,1,1,1,1,1,1,1,1,1,1,1,1,1,1,1,1,1,1,1,1,1,1,1,1,1,1,1,1,1,1,1,1,1,1,1,1,1,1,1,1,1,1,1,1,1,1,1,1,1,1,1,1,1,1,1,1,1,1,1,1,1,1,1,1,0
2026-05-21 19:00:00,123.718699,0,0,0,0,0,0,0.0417716666666667,2.67337833333333,14.0626016666667,22.4858733333333,19.1359366666667,16.2267333333333,14.6732866666667,13.5913583333333,9.21809,3.570565,1.93549666666667,0.85869,0.509765,0.400805,0.392543333333333,0.446551666666667,0.405938333333333,0.32096,0.24622,0.2043,0.205968333333333,0.218201666666667,0.174181666666667,0.173895,0.139155,0.137848333333333,0.111795,0.10027,0.0828216666666667,0.0762283333333333,0.0645333333333333,0.0585283333333333,0.0479116666666667,0.026765,0.0198216666666667,0.0168216666666667,0.0123616666666667,0.01391,0.0116183333333333,0.015205,0.00836666666666667,0.007865,0.00578333333333333,0.00239833333333333,0.00290833333333333,0.00383,0.00338333333333333,0.00203333333333333,0.00231666666666667,0.00403,0.000976666666666667,0.00111666666666667,0.00206333333333333,0.00093,0.000616666666666667,0.000985,0.000526666666666667,0,0,0,0.00042,0.000418333333333333,0,0,0,0,0,0,0,0,0,0,0,1,0,0,0,0,0,0,1,1,1,1,1,1,1,1,1,1,1,1,1,1,1,1,1,1,1,1,1,1,1,1,1,1,1,1,1,1,1,1,1,1,1,1,1,1,1,1,1,1,1,1,1,1,1,1,1,1,1,1,1,1,1,1,1,1,1,1,1,1,1,1,1,1,1,1,1,1,1,1,0
2026-05-21 20:00:00,164.26116665,0,0,0,0,0,0,0.0448283333333333,3.48833,18.34775,28.96997,24.48844,20.96683,19.105735,18.1483166666667,14.0948233333333,6.42164833333333,3.364555,1.40704833333333,0.835965,0.628411666666667,0.546706666666667,0.591103333333333,0.54501,0.412076666666667,0.318615,0.244878333333333,0.233895,0.248415,0.191166666666667,0.22738,0.161856666666667,0.15913,0.118776666666667,0.12258,0.0958433333333333,0.100816666666667,0.077595,0.0601233333333333,0.0484733333333333,0.03781,0.026945,0.0235133333333333,0.021395,0.015815,0.01113,0.0104633333333333,0.00960666666666667,0.009025,0.007845,0.00558,0.006355,0.005105,0.00172666666666667,0.00325833333333333,0.00312666666666667,0.000185,0.00186333333333333,0.00186166666666667,0.000713333333333333,0.00195833333333333,0.000616666666666667,0.000661666666666667,0.00123666666666667,0.00169333333333333,0.000461666666666667,0,0.00042,0.000836666666666667,0,0.000415,0,0.000065,0.00019,0.000205,0.00022,0.000235,0.00025,0.000075,0,1,0,0,0,0,0,0,1,1,1,1,1,1,1,1,1,1,1,1,1,1,1,1,1,1,1,1,1,1,1,1,1,1,1,1,1,1,1,1,1,1,1,1,1,1,1,1,1,1,1,1,1,1,1,1,1,1,1,1,1,1,1,1,1,1,1,1,1,1,1,1,1,1,1,1,1,1,1,1,0
2026-05-21 21:00:00,199.566689333333,0,0,0,0,0,0,0.0631516666666667,4.86628166666667,23.6525683333333,34.9310733333333,29.1319616666667,24.345815,22.4622333333333,20.5524166666667,17.3530783333333,8.06306166666667,3.97078333333333,1.765195,1.07817,0.862251666666667,0.746405,0.786895,0.765015,0.567846666666667,0.432801666666667,0.328886666666667,0.288148333333333,0.289935,0.231381666666667,0.229468333333333,0.20855,0.184063333333333,0.153641666666667,0.143588333333333,0.103603333333333,0.0957083333333333,0.07339,0.06976,0.043615,0.0329983333333333,0.02397,0.0142066666666667,0.0198766666666667,0.0169933333333333,0.0184816666666667,0.0120233333333333,0.00881166666666667,0.00975,0.0102366666666667,0.00281666666666667,0.00477,0.00547,0.003745,0.00555666666666667,0.00388333333333333,0.003785,0.00309666666666667,0.00261166666666667,0.00236166666666667,0.00128333333333333,0.00128,0.000748333333333333,0.000101666666666667,0.000385,0.000883333333333333,0.000421666666666667,0.000288333333333333,0.00053,0.0000183333333333333,0.000415,0,0.000065,0.00019,0.000205,0.00022,0.000235,0.00025,0.000075,0,1,0,0,0,0,0,0,1,1,1,1,1,1,1,1,1,1,1,1,1,1,1,1,1,1,1,1,1,1,1,1,1,1,1,1,1,1,1,1,1,1,1,1,1,1,1,1,1,1,1,1,1,1,1,1,1,1,1,1,1,1,1,1,1,1,1,1,1,1,1,1,1,1,1,1,1,1,1,1,0
2026-05-21 22:00:00,173.250082366667,0,0,0,0,0,0,0.05704,4.16104166666667,20.15878,30.325935,26.06574,21.8459916666667,19.7132916666667,17.8898416666667,15.44731,7.20400166666667,3.24913166666667,1.50941833333333,0.891201666666667,0.714888333333333,0.661778333333333,0.724243333333333,0.743665,0.54348,0.42801,0.331968333333333,0.3155,0.289356666666667,0.247351666666667,0.263311666666667,0.218573333333333,0.192303333333333,0.146915,0.139178333333333,0.115441666666667,0.110456666666667,0.0795433333333333,0.0627016666666667,0.0484383333333333,0.030905,0.024625,0.0247,0.013105,0.00787333333333333,0.01393,0.01204,0.0109166666666667,0.00925833333333333,0.00641666666666667,0.00499833333333333,0.00425166666666667,0.007155,0.003185,0.00482833333333333,0.00240333333333333,0.00185333333333333,0.000831666666666667,0.000858333333333333,0.00103166666666667,0.00153333333333333,0.00189666666666667,0.00108666666666667,0.000425,0.000423333333333333,0.000421666666666667,0.000421666666666667,0.000576666666666667,0.000263333333333333,0,0,0,0.000433333333333333,0.0000633333333333333,0.0000683333333333333,0.0000733333333333333,0.0000783333333333333,0.0000833333333333333,0.000025,0,1,0,0,0,0,0,0,1,1,1,1,1,1,1,1,1,1,1,1,1,1,1,1,1,1,1,1,1,1,1,1,1,1,1,1,1,1,1,1,1,1,1,1,1,1,1,1,1,1,1,1,1,1,1,1,1,1,1,1,1,1,1,1,1,1,1,1,1,1,1,1,1,1,1,1,1,1,1,1,0
2026-05-21 23:00:00,133.460435166667,0,0,0,0,0,0,0.0452983333333333,3.02519,15.335135,24.365065,21.2802033333333,17.49693,15.0425933333333,12.6958566666667,10.33958,4.42425833333333,1.64951166666667,0.834116666666667,0.582465,0.480123333333333,0.463191666666667,0.548613333333333,0.576093333333333,0.491128333333333,0.37627,0.303861666666667,0.30316,0.306971666666667,0.260986666666667,0.27476,0.235198333333333,0.234483333333333,0.18104,0.174113333333333,0.149505,0.123611666666667,0.109428333333333,0.0791616666666667,0.0575866666666667,0.04849,0.036585,0.0228716666666667,0.0205283333333333,0.01777,0.0164316666666667,0.0154966666666667,0.012225,0.00837333333333333,0.009625,0.00257333333333333,0.00546666666666667,0.00164,0.00369833333333333,0.00191833333333333,0.00160166666666667,0.00235666666666667,0.002665,0.00195,0.000285,0.000678333333333333,0.000426666666666667,0.000425,0.000386666666666667,0.000846666666666667,0.00165333333333333,0.000075,0.00042,0.000398333333333333,0.0000183333333333333,0,0,0.000411666666666667,0,0,0,0,0,0,0,1,0,0,0,0,0,0,1,1,1,1,1,1,1,1,1,1,1,1,1,1,1,1,1,1,1,1,1,1,1,1,1,1,1,1,1,1,1,1,1,1,1,1,1,1,1,1,1,1,1,1,1,1,1,1,1,1,1,1,1,1,1,1,1,1,1,1,1,1,1,1,1,1,1,1,1,1,1,1,0
2026-05-22,128.642011116667,0,0,0,0,0,0,0.0286166666666667,2.840745,14.665895,23.50579,20.79385,16.7095733333333,14.3285533333333,12.024395,9.79428666666667,4.51062166666667,1.55073,0.883953333333333,0.568091666666667,0.471351666666667,0.48203,0.533571666666667,0.60364,0.4864,0.424045,0.319268333333333,0.330663333333333,0.327475,0.284456666666667,0.290703333333333,0.252441666666667,0.209103333333333,0.187933333333333,0.152768333333333,0.145673333333333,0.132513333333333,0.111921666666667,0.0925816666666667,0.0603783333333333,0.044105,0.034045,0.0210883333333333,0.0252566666666667,0.01793,0.011995,0.01149,0.00808833333333333,0.008645,0.00496666666666667,0.00493333333333333,0.00423166666666667,0.00332666666666667,0.00460833333333333,0.00141666666666667,0.00213833333333333,0.00271166666666667,0.00177666666666667,0.00163333333333333,0.000856666666666667,0.00128166666666667,0.000806666666666667,0.000473333333333333,0,0.000423333333333333,0,0.000283333333333333,0.00139833333333333,0,0,0.000415,0,0.0000216666666666667,0.0000633333333333333,0.0000683333333333333,0.0000733333333333333,0.0000783333333333333,0.0000833333333333333,0.000025,0,1,0,0,0,0,0,0,1,1,1,1,1,1,1,1,1,1,1,1,1,1,1,1,1,1,1,1,1,1,1,1,1,1,1,1,1,1,1,1,1,1,1,1,1,1,1,1,1,1,1,1,1,1,1,1,1,1,1,1,1,1,1,1,1,1,1,1,1,1,1,1,1,1,1,1,1,1,1,1,0
2026-05-22 01:00:00,119.53709735,0,0,0,0,0,0,0.0412216666666667,2.57540333333333,13.8569916666667,21.891855,19.0261033333333,15.6665633333333,13.4045583333333,11.2467133333333,9.35467833333333,4.27717833333333,1.43577,0.697745,0.476358333333333,0.417411666666667,0.410191666666667,0.475271666666667,0.517376666666667,0.409208333333333,0.406748333333333,0.315148333333333,0.292181666666667,0.310688333333333,0.283531666666667,0.270848333333333,0.232985,0.222076666666667,0.185771666666667,0.158448333333333,0.14221,0.13953,0.090725,0.0827766666666667,0.0651533333333333,0.0493066666666667,0.0400483333333333,0.0270366666666667,0.02388,0.021385,0.0161566666666667,0.014995,0.0101666666666667,0.00923833333333333,0.00842833333333333,0.00715,0.00399166666666667,0.00665333333333333,0.00802833333333333,0.00492,0.00668166666666667,0.00464,0.00186333333333333,0.00154666666666667,0.00181,0.00289,0.00019,0.000661666666666667,0.00247333333333333,0.000461666666666667,0.000883333333333333,0,0,0.000816666666666667,0.000435,0.000415,0,0.0000216666666666667,0.0000633333333333333,0.0000683333333333333,0.0000733333333333333,0.0000783333333333333,0.0000833333333333333,0.000025,0,1,0,0,0,0,0,0,1,1,1,1,1,1,1,1,1,1,1,1,1,1,1,1,1,1,1,1,1,1,1,1,1,1,1,1,1,1,1,1,1,1,1,1,1,1,1,1,1,1,1,1,1,1,1,1,1,1,1,1,1,1,1,1,1,1,1,1,1,1,1,1,1,1,1,1,1,1,1,1,0
2026-05-22 02:00:00,119.115960666667,0,0,0,0,0,0,0.0448733333333333,3.14965166666667,16.0131333333333,24.4417233333333,19.5879733333333,15.16342,12.3989533333333,10.1245916666667,7.941155,2.972875,1.20001833333333,0.612733333333333,0.431343333333333,0.359133333333333,0.373146666666667,0.438916666666667,0.462466666666667,0.373186666666667,0.335766666666667,0.252471666666667,0.24824,0.248535,0.221905,0.225048333333333,0.186468333333333,0.173666666666667,0.155828333333333,0.142855,0.135643333333333,0.106361666666667,0.0947966666666667,0.0789883333333333,0.0571466666666667,0.0392766666666667,0.0346733333333333,0.0216033333333333,0.0237533333333333,0.0202583333333333,0.01963,0.0157383333333333,0.0141466666666667,0.0121583333333333,0.00939666666666667,0.00726,0.00819666666666667,0.00672166666666667,0.00742166666666667,0.00352,0.00407666666666667,0.005315,0.00146166666666667,0.00347,0.002965,0.00281833333333333,0.00232333333333333,0.000661666666666667,0.000811666666666667,0.0000383333333333333,0,0.000843333333333333,0,0,0,0.000588333333333333,0.00024,0.0000433333333333333,0.000126666666666667,0.000136666666666667,0.000146666666666667,0.000156666666666667,0.000166666666666667,0.00005,0,1,0,0,0,0,0,0,1,1,1,1,1,1,1,1,1,1,1,1,1,1,1,1,1,1,1,1,1,1,1,1,1,1,1,1,1,1,1,1,1,1,1,1,1,1,1,1,1,1,1,1,1,1,1,1,1,1,1,1,1,1,1,1,1,1,1,1,1,1,1,1,1,1,1,1,1,1,1,1,0
2026-05-22 03:00:00,124.5449935,0,0,0,0,0,0,0.0440566666666667,3.35035166666667,17.126615,25.6252883333333,20.60785,15.6726883333333,12.54376,10.131305,8.25731666666667,3.51324666666667,1.30217,0.667226666666667,0.45671,0.386413333333333,0.39964,0.456515,0.472048333333333,0.391836666666667,0.345358333333333,0.274476666666667,0.277263333333333,0.277226666666667,0.260216666666667,0.24459,0.215678333333333,0.188428333333333,0.161676666666667,0.15454,0.132523333333333,0.112555,0.092765,0.0851983333333333,0.0725183333333333,0.0555116666666667,0.051755,0.0387983333333333,0.0374533333333333,0.0270166666666667,0.0219733333333333,0.0239866666666667,0.0222733333333333,0.02313,0.01859,0.0163333333333333,0.0129033333333333,0.0108683333333333,0.010735,0.00684,0.00804,0.00698166666666667,0.00495833333333333,0.00433,0.00572,0.00289166666666667,0.00208666666666667,0.00229333333333333,0.00111666666666667,0.000846666666666667,0.001155,0.00015,0.00168,0.000816666666666667,0.0000183333333333333,0.000415,0,0.0000433333333333333,0.000126666666666667,0.000136666666666667,0.000146666666666667,0.000156666666666667,0.000166666666666667,0.00005,0,1,0,0,0,0,0,0,1,1,1,1,1,1,1,1,1,1,1,1,1,1,1,1,1,1,1,1,1,1,1,1,1,1,1,1,1,1,1,1,1,1,1,1,1,1,1,1,1,1,1,1,1,1,1,1,1,1,1,1,1,1,1,1,1,1,1,1,1,1,1,1,1,1,1,1,1,1,1,1,0
2026-05-22 04:00:00,147.194680533333,0,0,0,0,0,0,0.0558233333333333,3.72471333333333,18.8871283333333,28.8907166666667,23.4748266666667,18.062955,15.0405466666667,12.48311,10.64367,5.16086,1.82829666666667,0.962706666666667,0.699666666666667,0.545555,0.525538333333333,0.57617,0.623521666666667,0.47049,0.430526666666667,0.350596666666667,0.305846666666667,0.308845,0.268018333333333,0.279835,0.21066,0.215365,0.185935,0.143295,0.126311666666667,0.120785,0.089895,0.07049,0.0564533333333333,0.0359383333333333,0.031965,0.0241766666666667,0.027245,0.019675,0.0206333333333333,0.0152666666666667,0.0111316666666667,0.0107766666666667,0.00891833333333333,0.00861666666666667,0.00843833333333333,0.00674333333333333,0.00478333333333333,0.00358166666666667,0.00448166666666667,0.00415666666666667,0.001175,0.00309166666666667,0.00120666666666667,0.00178333333333333,0.000853333333333333,0.000748333333333333,0.000526666666666667,0.00127,0,0.000421666666666667,0.00168,0.000836666666666667,0,0,0,0.0000433333333333333,0.000126666666666667,0.000136666666666667,0.000146666666666667,0.000156666666666667,0.000166666666666667,0.00005,0,1,0,0,0,0,0,0,1,1,1,1,1,1,1,1,1,1,1,1,1,1,1,1,1,1,1,1,1,1,1,1,1,1,1,1,1,1,1,1,1,1,1,1,1,1,1,1,1,1,1,1,1,1,1,1,1,1,1,1,1,1,1,1,1,1,1,1,1,1,1,1,1,1,1,1,1,1,1,1,0
2026-05-22 05:00:00,154.03065055,0,0,0,0,0,0,0.0542733333333333,4.12739166666667,20.609915,30.827545,25.183585,19.4053666666667,15.9522633333333,13.08717,10.7262283333333,4.194125,1.4607,0.812583333333333,0.517303333333333,0.463911666666667,0.454013333333333,0.513931666666667,0.590153333333333,0.449501666666667,0.397773333333333,0.310695,0.305248333333333,0.308233333333333,0.270026666666667,0.288335,0.243766666666667,0.20284,0.180871666666667,0.173728333333333,0.153203333333333,0.111491666666667,0.0963266666666667,0.0803833333333333,0.06593,0.0326433333333333,0.029685,0.0263416666666667,0.0223733333333333,0.0139766666666667,0.0145033333333333,0.0160166666666667,0.0143866666666667,0.008395,0.007715,0.00572333333333333,0.00617,0.004965,0.00215833333333333,0.00134666666666667,0.00224666666666667,0.00174833333333333,0.00255166666666667,0.00043,0.00249166666666667,0.00135833333333333,0.000853333333333333,0.00085,0.000425,0,0.000346666666666667,0.000075,0.00042,0,0.000833333333333333,0.000173333333333333,0.00024,0.0000216666666666667,0.0000633333333333333,0.0000683333333333333,0.0000733333333333333,0.0000783333333333333,0.0000833333333333333,0.000025,0,1,0,0,0,0,0,0,1,1,1,1,1,1,1,1,1,1,1,1,1,1,1,1,1,1,1,1,1,1,1,1,1,1,1,1,1,1,1,1,1,1,1,1,1,1,1,1,1,1,1,1,1,1,1,1,1,1,1,1,1,1,1,1,1,1,1,1,1,1,1,1,1,1,1,1,1,1,1,1,0
2026-05-22 06:00:00,165.702557216667,0,0,0,0,0,0,0.0704533333333333,4.44354666666667,22.3373766666667,33.3663266666667,27.46462,21.5662733333333,18.0085583333333,15.1601333333333,11.41575,3.160785,1.44941333333333,0.746743333333333,0.522166666666667,0.452316666666667,0.456945,0.52938,0.591795,0.46145,0.398575,0.311831666666667,0.318528333333333,0.341818333333333,0.28457,0.312881666666667,0.270068333333333,0.249321666666667,0.205163333333333,0.191296666666667,0.153921666666667,0.14663,0.128265,0.101501666666667,0.0783,0.055105,0.0410366666666667,0.0279033333333333,0.0252483333333333,0.0219016666666667,0.0248683333333333,0.0150416666666667,0.0144533333333333,0.011075,0.01115,0.00748,0.00762,0.00624333333333333,0.00399166666666667,0.00576666666666667,0.00242166666666667,0.00131833333333333,0.00143333333333333,0.00191833333333333,0.00143833333333333,0.002895,0.000853333333333333,0.00234833333333333,0.00105333333333333,0.000423333333333333,0.000846666666666667,0.00127166666666667,0.000415,0.000418333333333333,0.000416666666666667,0,0.000413333333333333,0.00013,0.00038,0.00041,0.00044,0.00047,0.0005,0.00015,0,1,0,0,0,0,0,0,1,1,1,1,1,1,1,1,1,1,1,1,1,1,1,1,1,1,1,1,1,1,1,1,1,1,1,1,1,1,1,1,1,1,1,1,1,1,1,1,1,1,1,1,1,1,1,1,1,1,1,1,1,1,1,1,1,1,1,1,1,1,1,1,1,1,1,1,1,1,1,1,0
2026-05-22 07:00:00,171.261395516667,0,0,0,0,0,0,0.0628,4.461095,22.2625516666667,33.973245,28.18778,22.650355,18.9956766666667,16.36094,11.62256,2.90302833333333,1.38116666666667,0.73217,0.564516666666667,0.509123333333333,0.510128333333333,0.594405,0.61525,0.504018333333333,0.465796666666667,0.367558333333333,0.372585,0.371185,0.3434,0.355655,0.274806666666667,0.319396666666667,0.259438333333333,0.241916666666667,0.20852,0.191485,0.145125,0.116441666666667,0.0877133333333333,0.0555783333333333,0.04803,0.0293683333333333,0.0334816666666667,0.032415,0.0239266666666667,0.0255366666666667,0.018995,0.0150966666666667,0.01488,0.0112583333333333,0.0128166666666667,0.00708333333333333,0.00758333333333333,0.00604,0.00407833333333333,0.00365166666666667,0.00243666666666667,0.00378166666666667,0.00291,0.00153333333333333,0.00123166666666667,0.002515,0.00251833333333333,0.000961666666666667,0.000845,0.00112666666666667,0.000558333333333333,0.000816666666666667,0.000435,0.000415,0.00124,0.00108333333333333,0.00076,0.00082,0.00088,0.00094,0.001,0.0003,0,1,0,0,0,0,0,0,1,1,1,1,1,1,1,1,1,1,1,1,1,1,1,1,1,1,1,1,1,1,1,1,1,1,1,1,1,1,1,1,1,1,1,1,1,1,1,1,1,1,1,1,1,1,1,1,1,1,1,1,1,1,1,1,1,1,1,1,1,1,1,1,1,1,1,1,1,1,1,1,0
2026-05-22 08:00:00,181.284119183333,0,0,0,0,0,0,0.0688483333333333,4.57838666666667,22.849025,34.7804533333333,29.66814,24.247875,21.0350416666667,18.512875,12.4196333333333,2.91518166666667,1.37323166666667,0.749758333333333,0.548515,0.511893333333333,0.49088,0.622843333333333,0.671353333333333,0.514035,0.451366666666667,0.376471666666667,0.403588333333333,0.428653333333333,0.348451666666667,0.391308333333333,0.307405,0.333246666666667,0.290791666666667,0.235355,0.217641666666667,0.220388333333333,0.17053,0.137568333333333,0.11574,0.0683433333333333,0.0473916666666667,0.0370666666666667,0.0357433333333333,0.0295433333333333,0.0272083333333333,0.03065,0.015075,0.0181433333333333,0.0164033333333333,0.0129383333333333,0.01135,0.00968166666666667,0.0105466666666667,0.00773666666666667,0.006325,0.00414,0.00435833333333333,0.00389833333333333,0.00339333333333333,0.00409833333333333,0.00426666666666667,0.00182,0.00073,0.00119333333333333,0.00238166666666667,0.000225,0,0.000418333333333333,0.00064,0.000366666666666667,0.00106666666666667,0.000108333333333333,0.000316666666666667,0.000341666666666667,0.000366666666666667,0.000391666666666667,0.000416666666666667,0.000125,0,1,0,0,0,0,0,0,1,1,1,1,1,1,1,1,1,1,1,1,1,1,1,1,1,1,1,1,1,1,1,1,1,1,1,1,1,1,1,1,1,1,1,1,1,1,1,1,1,1,1,1,1,1,1,1,1,1,1,1,1,1,1,1,1,1,1,1,1,1,1,1,1,1,1,1,1,1,1,1,0
2026-05-22 09:00:00,192.7558777,0,0,0,0,0,0,0.0737166666666667,4.85602,24.3318583333333,36.5136283333333,31.43825,26.3493516666667,23.09734,20.2904333333333,12.7693716666667,2.97255333333333,1.432345,0.764696666666667,0.586126666666667,0.526211666666667,0.542988333333333,0.679505,0.637756666666667,0.531375,0.461841666666667,0.390875,0.416468333333333,0.449986666666667,0.371943333333333,0.39413,0.317235,0.346821666666667,0.263101666666667,0.266515,0.236651666666667,0.201858333333333,0.161965,0.153996666666667,0.111275,0.0754883333333333,0.060875,0.0503816666666667,0.0420333333333333,0.02988,0.0241033333333333,0.0195816666666667,0.0176916666666667,0.0179966666666667,0.014015,0.008825,0.0130833333333333,0.00833833333333333,0.006195,0.00738666666666667,0.00368166666666667,0.004565,0.00458666666666667,0.00249333333333333,0.00334,0.00153166666666667,0.00142333333333333,0.00273333333333333,0.00215,0.00257833333333333,0.000385,0.001485,0.000696666666666667,0.000418333333333333,0.000833333333333333,0.00083,0.000413333333333333,0.000563333333333333,0.000443333333333333,0.000478333333333333,0.000513333333333333,0.000548333333333333,0.000583333333333333,0.000175,0,1,0,0,0,0,0,0,1,1,1,1,1,1,1,1,1,1,1,1,1,1,1,1,1,1,1,1,1,1,1,1,1,1,1,1,1,1,1,1,1,1,1,1,1,1,1,1,1,1,1,1,1,1,1,1,1,1,1,1,1,1,1,1,1,1,1,1,1,1,1,1,1,1,1,1,1,1,1,1,0
2026-05-22 10:00:00,187.334299783333,0,0,0,0,0,0,0.0624883333333333,4.355105,22.2161816666667,34.2999166666667,30.3695683333333,26.16325,23.3361166666667,20.6608966666667,11.4968216666667,2.70253,1.282075,0.734996666666667,0.530538333333333,0.504268333333333,0.572081666666667,0.688711666666667,0.651583333333333,0.562651666666667,0.456475,0.41093,0.424625,0.436031666666667,0.359276666666667,0.437841666666667,0.314691666666667,0.366001666666667,0.279363333333333,0.269741666666667,0.260676666666667,0.182811666666667,0.160281666666667,0.150755,0.123385,0.08941,0.0667516666666667,0.0521083333333333,0.0424033333333333,0.0293183333333333,0.03041,0.0265483333333333,0.02378,0.015495,0.0197416666666667,0.013315,0.0128,0.00925166666666667,0.00773666666666667,0.00693833333333333,0.00641,0.00758166666666667,0.00521666666666667,0.00556333333333333,0.00422666666666667,0.00246333333333333,0.00298666666666667,0.002025,0.00222666666666667,0.000423333333333333,0.00315166666666667,0.00149,0.00042,0.000398333333333333,0.000851666666666667,0.000415,0,0.000325,0.00095,0.00102333333333333,0.00109833333333333,0.001175,0.00125166666666667,0.000373333333333333,0,1,0,0,0,0,0,0,1,1,1,1,1,1,1,1,1,1,1,1,1,1,1,1,1,1,1,1,1,1,1,1,1,1,1,1,1,1,1,1,1,1,1,1,1,1,1,1,1,1,1,1,1,1,1,1,1,1,1,1,1,1,1,1,1,1,1,1,1,1,1,1,1,1,1,1,1,1,1,1,0
2026-05-22 11:00:00,188.270772316667,0,0,0,0,0,0,0.0654583333333333,4.16037833333333,21.923225,34.3643916666667,29.940695,26.350455,24.0775016666667,21.9721033333333,12.1028083333333,2.78871833333333,1.28354,0.704923333333333,0.517031666666667,0.500998333333333,0.5562,0.691865,0.634808333333333,0.551526666666667,0.457583333333333,0.369415,0.431698333333333,0.441468333333333,0.346313333333333,0.413703333333333,0.328463333333333,0.344136666666667,0.267783333333333,0.272383333333333,0.24531,0.20304,0.210565,0.154128333333333,0.106343333333333,0.08253,0.0573516666666667,0.048055,0.0395833333333333,0.03607,0.035285,0.0232666666666667,0.0224783333333333,0.0174016666666667,0.01398,0.0154616666666667,0.0104233333333333,0.00922833333333333,0.0104666666666667,0.007475,0.00795833333333333,0.00499833333333333,0.00324,0.00453,0.00311833333333333,0.00314333333333333,0.00336666666666667,0.00462166666666667,0.00215,0.00130833333333333,0.00130666666666667,0.00210833333333333,0.00154833333333333,0.000968333333333333,0.00125,0.000415,0.00032,0.000851666666666667,0.00101166666666667,0.00109,0.00117,0.00125333333333333,0.00133666666666667,0.000396666666666667,0,1,0,0,0,0,0,0,1,1,1,1,1,1,1,1,1,1,1,1,1,1,1,1,1,1,1,1,1,1,1,1,1,1,1,1,1,1,1,1,1,1,1,1,1,1,1,1,1,1,1,1,1,1,1,1,1,1,1,1,1,1,1,1,1,1,1,1,1,1,1,1,1,1,1,1,1,1,1,1,0
2026-05-22 12:00:00,171.995458716667,0,0,0,0,0,0,0.0554933333333333,3.87881333333333,20.3797483333333,32.028495,27.4865483333333,24.13762,21.816175,20.24112,11.4524083333333,2.70853166666667,1.11914833333333,0.627068333333333,0.458308333333333,0.4428,0.462828333333333,0.62459,0.54539,0.471323333333333,0.39636,0.348331666666667,0.369593333333333,0.376846666666667,0.307556666666667,0.369903333333333,0.26625,0.313886666666667,0.241405,0.224185,0.201403333333333,0.189226666666667,0.150148333333333,0.122201666666667,0.115823333333333,0.0682,0.0534283333333333,0.0472733333333333,0.0391583333333333,0.0312116666666667,0.0341316666666667,0.019945,0.019065,0.0187733333333333,0.0189216666666667,0.0162233333333333,0.00989166666666667,0.01479,0.00581,0.00826,0.00990666666666667,0.004805,0.00450166666666667,0.00453,0.00362333333333333,0.00434833333333333,0.00275,0.00353666666666667,0.000913333333333333,0.000885,0.00169166666666667,0.002535,0.00225166666666667,0.00108,0.00126833333333333,0.000588333333333333,0.00272166666666667,0.000303333333333333,0.000886666666666667,0.000951666666666667,0.00102166666666667,0.00109666666666667,0.00117166666666667,0.000345,0,1,0,0,0,0,0,0,1,1,1,1,1,1,1,1,1,1,1,1,1,1,1,1,1,1,1,1,1,1,1,1,1,1,1,1,1,1,1,1,1,1,1,1,1,1,1,1,1,1,1,1,1,1,1,1,1,1,1,1,1,1,1,1,1,1,1,1,1,1,1,1,1,1,1,1,1,1,1,1,0
2026-05-22 13:00:00,145.176858016667,0,0,0,0,0,0,0.0509616666666667,3.36446166666667,17.4428883333333,27.3109416666667,22.98968,19.58075,18.0428416666667,16.658675,11.0593333333333,2.82827333333333,1.03706166666667,0.550336666666667,0.400965,0.376245,0.377461666666667,0.459978333333333,0.453628333333333,0.357448333333333,0.312111666666667,0.254231666666667,0.263711666666667,0.284588333333333,0.220068333333333,0.2484,0.178808333333333,0.210431666666667,0.154381666666667,0.15124,0.149551666666667,0.122876666666667,0.109323333333333,0.086235,0.07389,0.04084,0.04433,0.0276783333333333,0.0245416666666667,0.0268,0.0214916666666667,0.018855,0.013585,0.0156366666666667,0.0118666666666667,0.00916833333333333,0.00601,0.0113483333333333,0.00703666666666667,0.00661166666666667,0.00623666666666667,0.00798166666666667,0.00266666666666667,0.00421666666666667,0.00325,0.00264,0.00147,0.00193833333333333,0.00162333333333333,0.000923333333333333,0.00153833333333333,0.00198166666666667,0.002245,0.000948333333333333,0.000658333333333333,0.000781666666666667,0.00138666666666667,0.00115666666666667,0.000696666666666667,0.000751666666666667,0.000806666666666667,0.000861666666666667,0.000916666666666667,0.000275,0,1,0,0,0,0,0,0,1,1,1,1,1,1,1,1,1,1,1,1,1,1,1,1,1,1,1,1,1,1,1,1,1,1,1,1,1,1,1,1,1,1,1,1,1,1,1,1,1,1,1,1,1,1,1,1,1,1,1,1,1,1,1,1,1,1,1,1,1,1,1,1,1,1,1,1,1,1,1,1,0
2026-05-22 14:00:00,133.8052731,0,0,0,0,0,0,0.0461933333333333,3.11836,16.4546866666667,25.27216,20.7312,17.557045,15.7799583333333,14.297165,10.907595,3.31960833333333,1.10921,0.583163333333333,0.390588333333333,0.30766,0.33036,0.361918333333333,0.417435,0.314136666666667,0.276643333333333,0.216693333333333,0.19302,0.227166666666667,0.19367,0.21205,0.143766666666667,0.163963333333333,0.133898333333333,0.114256666666667,0.11102,0.08674,0.0762116666666667,0.068805,0.0441666666666667,0.041025,0.0276966666666667,0.0224366666666667,0.0238033333333333,0.0176166666666667,0.0148216666666667,0.017,0.0141083333333333,0.013175,0.0119733333333333,0.0143466666666667,0.00764166666666667,0.005015,0.00718,0.005125,0.00566166666666667,0.00413333333333333,0.00243666666666667,0.00426666666666667,0.00174666666666667,0.003065,0.00398333333333333,0.00156,0.00286,0.00173166666666667,0.001615,0.00015,0.00112833333333333,0.00136666666666667,0.000851666666666667,0.000588333333333333,0.00056,0.00195833333333333,0.000633333333333333,0.00068,0.00073,0.000783333333333333,0.000836666666666667,0.000246666666666667,0,1,0,0,0,0,0,0,1,1,1,1,1,1,1,1,1,1,1,1,1,1,1,1,1,1,1,1,1,1,1,1,1,1,1,1,1,1,1,1,1,1,1,1,1,1,1,1,1,1,1,1,1,1,1,1,1,1,1,1,1,1,1,1,1,1,1,1,1,1,1,1,1,1,1,1,1,1,1,1,0
2026-05-22 15:00:00,109.006449816667,0,0,0,0,0,0,0.0436683333333333,3.00391,14.5226583333333,20.91303,16.6322566666667,13.6705566666667,12.14952,10.91458,8.94515166666667,3.29034166666667,0.93786,0.435971666666667,0.285585,0.232201666666667,0.228351666666667,0.253941666666667,0.299998333333333,0.221416666666667,0.198206666666667,0.144701666666667,0.149683333333333,0.159791666666667,0.123155,0.134216666666667,0.10213,0.116218333333333,0.0895316666666667,0.085915,0.0800633333333333,0.06822,0.0545083333333333,0.04602,0.040005,0.026925,0.0242083333333333,0.0218416666666667,0.0222416666666667,0.0158733333333333,0.01321,0.01103,0.00940666666666667,0.00868,0.00852666666666667,0.01011,0.00838,0.00708666666666667,0.00944,0.0058,0.00530166666666667,0.00469666666666667,0.00378333333333333,0.00461333333333333,0.00268,0.00171,0.00232333333333333,0.00290666666666667,0.00409166666666667,0.001655,0.00196333333333333,0.000646666666666667,0.00112833333333333,0.000948333333333333,0.00149166666666667,0.001785,0.00121333333333333,0.00109,0.000506666666666667,0.000543333333333333,0.000583333333333333,0.000626666666666667,0.00067,0.000196666666666667,0,1,0,0,0,0,0,0,1,1,1,1,1,1,1,1,1,1,1,1,1,1,1,1,1,1,1,1,1,1,1,1,1,1,1,1,1,1,1,1,1,1,1,1,1,1,1,1,1,1,1,1,1,1,1,1,1,1,1,1,1,1,1,1,1,1,1,1,1,1,1,1,1,1,1,1,1,1,1,1,0
2026-05-22 16:00:00,98.46435485,0,0,0,0,0,0,0.0422666666666667,2.78095166666667,13.1704133333333,18.8044333333333,14.948315,12.2116333333333,10.7787633333333,9.70577333333333,8.158955,3.382415,0.981385,0.466846666666667,0.29716,0.249396666666667,0.24313,0.24717,0.260283333333333,0.198143333333333,0.177545,0.137348333333333,0.13405,0.128906666666667,0.110535,0.115508333333333,0.0966666666666667,0.0957116666666667,0.0767683333333333,0.0718166666666667,0.0623566666666667,0.0504,0.0415533333333333,0.04576,0.03159,0.0258833333333333,0.0210083333333333,0.0153633333333333,0.0159466666666667,0.0121733333333333,0.0105933333333333,0.00874,0.0101216666666667,0.00857166666666667,0.00983166666666667,0.00476666666666667,0.00379833333333333,0.00412333333333333,0.004025,0.005435,0.00438166666666667,0.00405833333333333,0.005935,0.003755,0.00380833333333333,0.004,0.00298666666666667,0.00202333333333333,0.00137666666666667,0.00365666666666667,0.000921666666666667,0.00120166666666667,0.000846666666666667,0.000928333333333333,0.00128666666666667,0.000346666666666667,0.000893333333333333,0.001885,0.000696666666666667,0.000751666666666667,0.000806666666666667,0.000861666666666667,0.000916666666666667,0.000275,0,1,0,0,0,0,0,0,1,1,1,1,1,1,1,1,1,1,1,1,1,1,1,1,1,1,1,1,1,1,1,1,1,1,1,1,1,1,1,1,1,1,1,1,1,1,1,1,1,1,1,1,1,1,1,1,1,1,1,1,1,1,1,1,1,1,1,1,1,1,1,1,1,1,1,1,1,1,1,1,0
2026-05-22 17:00:00,84.7327472666667,0,0,0,0,0,0,0.0449666666666667,2.45511,11.5911333333333,16.2393466666667,13.0119883333333,10.42284,8.92989166666667,7.71914333333333,6.53661833333333,3.15343166666667,0.904546666666667,0.458683333333333,0.292003333333333,0.247681666666667,0.218375,0.208116666666667,0.229735,0.175655,0.142088333333333,0.112951666666667,0.102931666666667,0.102856666666667,0.0895516666666667,0.0975883333333333,0.0848966666666667,0.0834333333333333,0.063975,0.0642516666666667,0.0619133333333333,0.0384333333333333,0.03758,0.0372433333333333,0.028455,0.0232,0.02038,0.0140433333333333,0.01441,0.0118866666666667,0.01196,0.0106966666666667,0.0111333333333333,0.00996833333333333,0.005855,0.00784833333333333,0.007945,0.00717833333333333,0.00399,0.00249,0.003435,0.00231166666666667,0.001835,0.00137833333333333,0.00368833333333333,0.00374666666666667,0.000616666666666667,0.00151166666666667,0.00166166666666667,0.00127,0.00199666666666667,0.00127666666666667,0.001975,0.00106,0.00195666666666667,0.00116833333333333,0.00106666666666667,0.00082,0.0012,0.00129166666666667,0.00138666666666667,0.00148833333333333,0.00159,0.000468333333333333,0,1,0,0,0,0,0,0,1,1,1,1,1,1,1,1,1,1,1,1,1,1,1,1,1,1,1,1,1,1,1,1,1,1,1,1,1,1,1,1,1,1,1,1,1,1,1,1,1,1,1,1,1,1,1,1,1,1,1,1,1,1,1,1,1,1,1,1,1,1,1,1,1,1,1,1,1,1,1,1,0
2026-05-22 18:00:00,86.5662124333333,0,0,0,0,0,0,0.0395216666666667,2.52101666666667,11.8277266666667,16.561735,13.2845916666667,10.6370133333333,9.06377833333333,7.85701333333333,6.64560333333333,3.39665166666667,0.98889,0.505955,0.322576666666667,0.259383333333333,0.234428333333333,0.251995,0.262065,0.19354,0.167791666666667,0.133971666666667,0.113086666666667,0.119953333333333,0.104115,0.09785,0.0838683333333333,0.087885,0.07077,0.0536666666666667,0.06238,0.0493516666666667,0.0384266666666667,0.0317333333333333,0.0275883333333333,0.026645,0.0156516666666667,0.0168666666666667,0.01703,0.013725,0.00955833333333333,0.01078,0.011575,0.0101816666666667,0.00845166666666667,0.00823666666666667,0.00458166666666667,0.00419333333333333,0.00612666666666667,0.00464833333333333,0.00376,0.00201166666666667,0.00301333333333333,0.00367,0.003205,0.00246166666666667,0,0.00212666666666667,0.00085,0.00331,0.00203833333333333,0.00211833333333333,0.001975,0.00193666666666667,0.00105666666666667,0.00102333333333333,0.00181333333333333,0.000535,0.000823333333333333,0.000886666666666667,0.000951666666666667,0.00101833333333333,0.001085,0.000323333333333333,0,1,0,0,0,0,0,0,1,1,1,1,1,1,1,1,1,1,1,1,1,1,1,1,1,1,1,1,1,1,1,1,1,1,1,1,1,1,1,1,1,1,1,1,1,1,1,1,1,1,1,1,1,1,1,1,1,1,1,1,1,1,1,1,1,1,1,1,1,1,1,1,1,1,1,1,1,1,1,1,0
2026-05-22 19:00:00,98.9827044666667,0,0,0,0,0,0,0.038005,2.61257166666667,12.74163,18.9857866666667,15.4392816666667,12.401,10.77087,9.666945,7.77071833333333,3.92971166666667,1.26647833333333,0.61548,0.388648333333333,0.311,0.278881666666667,0.310378333333333,0.310706666666667,0.255815,0.193341666666667,0.165671666666667,0.169181666666667,0.152371666666667,0.125195,0.12948,0.106033333333333,0.101276666666667,0.090425,0.080675,0.0653633333333333,0.0546733333333333,0.0510666666666667,0.0382616666666667,0.032665,0.03073,0.02322,0.017255,0.0100016666666667,0.0155266666666667,0.00777,0.0102533333333333,0.010055,0.009605,0.005375,0.00843833333333333,0.00516166666666667,0.00717666666666667,0.00218166666666667,0.002395,0.00398666666666667,0.00368166666666667,0.00223666666666667,0.00266666666666667,0.00334,0.001105,0.000426666666666667,0.0017,0.000425,0.001655,0.001155,0.00198166666666667,0.000985,0.00053,0.00149166666666667,0.000193333333333333,0.0014,0.000448333333333333,0.00057,0.000615,0.00066,0.000705,0.00075,0.000225,0,1,0,0,0,0,0,0,1,1,1,1,1,1,1,1,1,1,1,1,1,1,1,1,1,1,1,1,1,1,1,1,1,1,1,1,1,1,1,1,1,1,1,1,1,1,1,1,1,1,1,1,1,1,1,1,1,1,1,1,1,1,1,1,1,1,1,1,1,1,1,1,1,1,1,1,1,1,1,1,0
2026-05-22 20:00:00,131.64449055,0,0,0,0,0,0,0.0397233333333333,3.18564833333333,16.1505716666667,24.4855066666667,19.856105,16.2777833333333,14.3303583333333,13.0626233333333,10.682255,5.49492,1.89977166666667,0.940213333333333,0.603703333333333,0.48091,0.42642,0.466533333333333,0.441206666666667,0.352315,0.257406666666667,0.219973333333333,0.196715,0.202836666666667,0.162455,0.165153333333333,0.132675,0.128155,0.102363333333333,0.0974716666666667,0.0861133333333333,0.07431,0.0645966666666667,0.0610016666666667,0.0441433333333333,0.03161,0.02649,0.0165883333333333,0.0185283333333333,0.020355,0.00893,0.0141283333333333,0.00752166666666667,0.00846,0.01095,0.00866666666666667,0.00730833333333333,0.005855,0.00247333333333333,0.00383,0.00274833333333333,0.00317,0.00200666666666667,0.001375,0.001635,0.00178666666666667,0.00128,0.00117333333333333,0.000488333333333333,0.000885,0.000845,0.00183166666666667,0.000276666666666667,0.00163333333333333,0.00151,0.000193333333333333,0.000826666666666667,0.000173333333333333,0.000506666666666667,0.000546666666666667,0.000586666666666667,0.000626666666666667,0.000666666666666667,0.0002,0,1,0,0,0,0,0,0,1,1,1,1,1,1,1,1,1,1,1,1,1,1,1,1,1,1,1,1,1,1,1,1,1,1,1,1,1,1,1,1,1,1,1,1,1,1,1,1,1,1,1,1,1,1,1,1,1,1,1,1,1,1,1,1,1,1,1,1,1,1,1,1,1,1,1,1,1,1,1,1,0
2026-05-22 21:00:00,139.268704066667,0,0,0,0,0,0,0.0448983333333333,3.33621,16.9042916666667,25.869705,20.9874883333333,17.1887933333333,15.17904,14.0807833333333,11.51546,5.66329833333333,1.92498333333333,0.930768333333333,0.603316666666667,0.472963333333333,0.446343333333333,0.48807,0.495101666666667,0.365478333333333,0.278113333333333,0.224258333333333,0.20961,0.209973333333333,0.162541666666667,0.179975,0.130445,0.135345,0.10304,0.09918,0.07794,0.08559,0.07197,0.0493666666666667,0.0457,0.0315233333333333,0.0219,0.019785,0.0179833333333333,0.0173316666666667,0.0133833333333333,0.008605,0.0104133333333333,0.011415,0.005475,0.00952833333333333,0.00707833333333333,0.00547,0.00540166666666667,0.00407666666666667,0.00375833333333333,0.00238666666666667,0.00306833333333333,0.00195,0.00235,0.00118166666666667,0,0.000425,0.000811666666666667,0.00130833333333333,0,0.000421666666666667,0.00168,0.000418333333333333,0.00064,0.00119666666666667,0.00106666666666667,0.000173333333333333,0.000506666666666667,0.000545,0.000585,0.000626666666666667,0.000668333333333333,0.000198333333333333,0,1,0,0,0,0,0,0,1,1,1,1,1,1,1,1,1,1,1,1,1,1,1,1,1,1,1,1,1,1,1,1,1,1,1,1,1,1,1,1,1,1,1,1,1,1,1,1,1,1,1,1,1,1,1,1,1,1,1,1,1,1,1,1,1,1,1,1,1,1,1,1,1,1,1,1,1,1,1,1,0
2026-05-22 22:00:00,136.688337616667,0,0,0,0,0,0,0.04368,3.24751666666667,16.61586,25.1766016666667,20.7382316666667,17.1308416666667,15.1675933333333,13.8315083333333,11.4030766666667,5.47771333333333,1.75625333333333,0.85568,0.51606,0.409136666666667,0.418821666666667,0.446658333333333,0.444496666666667,0.330353333333333,0.273053333333333,0.211166666666667,0.205023333333333,0.182958333333333,0.158648333333333,0.188418333333333,0.126525,0.148101666666667,0.123105,0.09719,0.0955516666666667,0.08587,0.0624733333333333,0.05454,0.0383633333333333,0.0262866666666667,0.0271416666666667,0.017185,0.0180866666666667,0.0114566666666667,0.01092,0.012625,0.00953666666666667,0.00859166666666667,0.00804,0.00691,0.00843833333333333,0.00294,0.00439833333333333,0.00464833333333333,0.00305666666666667,0.00182833333333333,0.00183666666666667,0.00352666666666667,0.00162666666666667,0.00110666666666667,0.00189666666666667,0.00193666666666667,0,0,0.001115,0.000855,0.000138333333333333,0.000816666666666667,0.000435,0.00117666666666667,0.00105333333333333,0.00047,0.000633333333333333,0.000681666666666667,0.000731666666666667,0.000783333333333333,0.000835,0.000248333333333333,0,1,0,0,0,0,0,0,1,1,1,1,1,1,1,1,1,1,1,1,1,1,1,1,1,1,1,1,1,1,1,1,1,1,1,1,1,1,1,1,1,1,1,1,1,1,1,1,1,1,1,1,1,1,1,1,1,1,1,1,1,1,1,1,1,1,1,1,1,1,1,1,1,1,1,1,1,1,1,1,0
2026-05-22 23:00:00,142.38065785,0,0,0,0,0,0,0.04648,3.15969166666667,16.846645,26.2649,21.664185,17.89042,16.0565416666667,15.1502966666667,11.8531666666667,5.12878333333333,1.65484,0.851165,0.513335,0.395833333333333,0.434363333333333,0.447808333333333,0.424293333333333,0.331346666666667,0.272431666666667,0.219773333333333,0.195253333333333,0.198535,0.165888333333333,0.196458333333333,0.134223333333333,0.146651666666667,0.122735,0.117396666666667,0.0939516666666667,0.0830883333333333,0.0671916666666667,0.0619116666666667,0.0463066666666667,0.03174,0.0279183333333333,0.0242766666666667,0.0150733333333333,0.0131933333333333,0.01272,0.0153166666666667,0.0104,0.00819166666666667,0.00636333333333333,0.00878,0.007055,0.00291333333333333,0.00621666666666667,0.00353833333333333,0.00436833333333333,0.00166666666666667,0.00456,0.002035,0.00303,0.00178833333333333,0.00104333333333333,0.00108666666666667,0.00123666666666667,0.001655,0.0000766666666666667,0.00112666666666667,0.000558333333333333,0,0.000416666666666667,0.000173333333333333,0.000813333333333333,0.000491666666666667,0.000696666666666667,0.000751666666666667,0.000806666666666667,0.000861666666666667,0.000916666666666667,0.000275,0,1,0,0,0,0,0,0,1,1,1,1,1,1,1,1,1,1,1,1,1,1,1,1,1,1,1,1,1,1,1,1,1,1,1,1,1,1,1,1,1,1,1,1,1,1,1,1,1,1,1,1,1,1,1,1,1,1,1,1,1,1,1,1,1,1,1,1,1,1,1,1,1,1,1,1,1,1,1,1,0
2026-05-23,150.81783345,0,0,0,0,0,0,0.0543666666666667,3.88723,18.9800683333333,28.0871283333333,23.0608416666667,19.0584566666667,17.3599233333333,15.9803916666667,12.6355916666667,4.448575,1.65383,0.797643333333333,0.515803333333333,0.419456666666667,0.391253333333333,0.430985,0.432658333333333,0.329928333333333,0.286596666666667,0.227188333333333,0.197055,0.19403,0.176293333333333,0.187676666666667,0.144578333333333,0.15386,0.126446666666667,0.115361666666667,0.104043333333333,0.0825366666666667,0.0691683333333333,0.0627183333333333,0.04965,0.0272266666666667,0.0224416666666667,0.0185916666666667,0.0144483333333333,0.00899166666666667,0.0127833333333333,0.00863166666666667,0.0106983333333333,0.0104016666666667,0.00972833333333333,0.00731666666666667,0.00759333333333333,0.00380666666666667,0.00487666666666667,0.00336166666666667,0.003735,0.00190333333333333,0.00126166666666667,0.00123166666666667,0.001515,0.001535,0.00275,0.000883333333333333,0.000628333333333333,0.000423333333333333,0.001115,0.000571666666666667,0.00042,0.000398333333333333,0.000851666666666667,0.000415,0,0.000065,0.00019,0.000203333333333333,0.000218333333333333,0.000235,0.000251666666666667,0.0000733333333333333,0,1,0,0,0,0,0,0,1,1,1,1,1,1,1,1,1,1,1,1,1,1,1,1,1,1,1,1,1,1,1,1,1,1,1,1,1,1,1,1,1,1,1,1,1,1,1,1,1,1,1,1,1,1,1,1,1,1,1,1,1,1,1,1,1,1,1,1,1,1,1,1,1,1,1,1,1,1,1,1,0
2026-05-23 01:00:00,158.902504783333,0,0,0,0,0,0,0.0566683333333333,4.30958833333333,20.488355,29.678,24.4571716666667,20.0041433333333,17.9393133333333,16.4746583333333,13.19602,4.50693,1.73318666666667,0.854125,0.531683333333333,0.403608333333333,0.39796,0.456248333333333,0.441258333333333,0.329105,0.292331666666667,0.225826666666667,0.219246666666667,0.227546666666667,0.175803333333333,0.19276,0.163855,0.165766666666667,0.138061666666667,0.119298333333333,0.107126666666667,0.0925633333333333,0.07609,0.071965,0.050375,0.032585,0.0259333333333333,0.0182616666666667,0.0160333333333333,0.0207,0.0153066666666667,0.0157516666666667,0.0151016666666667,0.00915333333333333,0.00750833333333333,0.00913333333333333,0.00933,0.00583333333333333,0.00391833333333333,0.004885,0.00407666666666667,0.00190333333333333,0.002895,0.00089,0.00211833333333333,0.00221166666666667,0.000806666666666667,0.00207166666666667,0.000526666666666667,0.000423333333333333,0.00077,0.000075,0.00084,0,0,0,0,0.00013,0.00038,0.00041,0.00044,0.00047,0.0005,0.00015,0,1,0,0,0,0,0,0,1,1,1,1,1,1,1,1,1,1,1,1,1,1,1,1,1,1,1,1,1,1,1,1,1,1,1,1,1,1,1,1,1,1,1,1,1,1,1,1,1,1,1,1,1,1,1,1,1,1,1,1,1,1,1,1,1,1,1,1,1,1,1,1,1,1,1,1,1,1,1,1,0
2026-05-23 02:00:00,178.11867215,0,0,0,0,0,0,0.0641633333333333,3.98903333333333,19.8309383333333,29.4471566666667,25.003845,21.428575,21.0347216666667,21.41687,18.8144733333333,5.71073166666667,2.22581333333333,1.12865666666667,0.671748333333333,0.55657,0.522355,0.537605,0.529208333333333,0.399715,0.338536666666667,0.24895,0.254338333333333,0.276163333333333,0.224911666666667,0.240615,0.215411666666667,0.180926666666667,0.169615,0.156768333333333,0.15004,0.122811666666667,0.0957333333333333,0.0717366666666667,0.0558933333333333,0.03997,0.033165,0.0220483333333333,0.0178916666666667,0.0134133333333333,0.01953,0.0146583333333333,0.0109733333333333,0.01214,0.00794333333333333,0.00572,0.005885,0.0067,0.00374666666666667,0.00141666666666667,0.00435166666666667,0.003605,0.00332666666666667,0.00171833333333333,0.00231666666666667,0.00153333333333333,0.00170666666666667,0,0.00119833333333333,0.000923333333333333,0.000768333333333333,0.00134,0.00112833333333333,0.00055,0,0.000173333333333333,0.000653333333333333,0.000455,0.000126666666666667,0.000136666666666667,0.000146666666666667,0.000156666666666667,0.000166666666666667,0.00005,0,1,0,0,0,0,0,0,1,1,1,1,1,1,1,1,1,1,1,1,1,1,1,1,1,1,1,1,1,1,1,1,1,1,1,1,1,1,1,1,1,1,1,1,1,1,1,1,1,1,1,1,1,1,1,1,1,1,1,1,1,1,1,1,1,1,1,1,1,1,1,1,1,1,1,1,1,1,1,1,0
2026-05-23 03:00:00,159.886344683333,0,0,0,0,0,0,0.0463266666666667,2.96098166666667,15.2163733333333,24.0205266666667,20.9970816666667,18.558025,18.78388,20.2289133333333,21.13325,7.77846,2.585695,1.26647333333333,0.741786666666667,0.56541,0.517795,0.535778333333333,0.562523333333333,0.341328333333333,0.301995,0.233496666666667,0.237973333333333,0.229116666666667,0.220413333333333,0.208923333333333,0.206426666666667,0.16354,0.162961666666667,0.155293333333333,0.14127,0.104243333333333,0.095485,0.0730133333333333,0.0494516666666667,0.0318,0.025625,0.0196783333333333,0.01661,0.0113616666666667,0.0133033333333333,0.00784333333333333,0.00694,0.00688666666666667,0.00815166666666667,0.00565166666666667,0.00579666666666667,0.00291666666666667,0.00384,0.00255333333333333,0.00141833333333333,0.00134166666666667,0.00086,0.00160666666666667,0.00114166666666667,0.00196,0,0.00107166666666667,0.001015,0.000461666666666667,0.000423333333333333,0.000421666666666667,0,0.000398333333333333,0.000435,0.000588333333333333,0.00024,0.000065,0.00019,0.000205,0.00022,0.000235,0.00025,0.000075,0,1,0,0,0,0,0,0,1,1,1,1,1,1,1,1,1,1,1,1,1,1,1,1,1,1,1,1,1,1,1,1,1,1,1,1,1,1,1,1,1,1,1,1,1,1,1,1,1,1,1,1,1,1,1,1,1,1,1,1,1,1,1,1,1,1,1,1,1,1,1,1,1,1,1,1,1,1,1,1,0
2026-05-23 04:00:00,114.196739983333,0,0,0,0,0,0,0.029765,2.147705,11.2424983333333,17.8461733333333,15.4657983333333,13.189675,13.0354483333333,13.2679,14.4599766666667,6.93174166666667,1.84075833333333,0.910405,0.504668333333333,0.373638333333333,0.286663333333333,0.33118,0.361923333333333,0.234688333333333,0.18372,0.131663333333333,0.148026666666667,0.151311666666667,0.136928333333333,0.128481666666667,0.11936,0.115905,0.093135,0.0838883333333333,0.0708183333333333,0.067185,0.0533666666666667,0.0386416666666667,0.0254216666666667,0.02138,0.0145483333333333,0.0142616666666667,0.01049,0.0100216666666667,0.00765333333333333,0.00754333333333333,0.0049,0.00589166666666667,0.00274666666666667,0.00581166666666667,0.00254,0.00294,0.00211166666666667,0.00170833333333333,0.001815,0.00217833333333333,0.001605,0.000946666666666667,0.000428333333333333,0,0,0,0.000425,0,0.000346666666666667,0.000075,0,0,0.00064,0.000193333333333333,0,0.0000433333333333333,0.000126666666666667,0.000136666666666667,0.000146666666666667,0.000156666666666667,0.000166666666666667,0.00005,0,1,0,0,0,0,0,0,1,1,1,1,1,1,1,1,1,1,1,1,1,1,1,1,1,1,1,1,1,1,1,1,1,1,1,1,1,1,1,1,1,1,1,1,1,1,1,1,1,1,1,1,1,1,1,1,1,1,1,1,1,1,1,1,1,1,1,1,1,1,1,1,1,1,1,1,1,1,1,1,0
2026-05-23 05:00:00,406.0953425,0,0,0,0,0,0,0.0699,5.32248,28.9555683333333,50.7675283333333,51.2065516666667,49.4460883333333,49.2862333333333,46.7267966666667,42.4449,31.4506983333333,19.9440666666667,10.1199166666667,5.68336166666667,3.52734833333333,2.33565666666667,1.65326833333333,1.18284333333333,0.77145,0.546116666666667,0.361493333333333,0.259925,0.184123333333333,0.145571666666667,0.129831666666667,0.0920016666666667,0.096795,0.0663033333333333,0.05522,0.041755,0.034265,0.03078,0.0233783333333333,0.01553,0.0167216666666667,0.00877,0.0105733333333333,0.005295,0.00479,0.005905,0.00232333333333333,0.00238833333333333,0.00146833333333333,0.00056,0.00268333333333333,0.00251666666666667,0.00257666666666667,0.00175,0.001295,0.00124166666666667,0.0000516666666666667,0,0,0.00035,0.00135666666666667,0.000426666666666667,0.000425,0.000425,0.000423333333333333,0.000421666666666667,0,0.000708333333333333,0.000131666666666667,0.000223333333333333,0.000193333333333333,0,0.000065,0.00019,0.000205,0.00022,0.000235,0.00025,0.000075,0,1,0,0,0,0,0,0,1,1,1,1,1,1,1,1,1,1,1,1,1,1,1,1,1,1,1,1,1,1,1,1,1,1,1,1,1,1,1,1,1,1,1,1,1,1,1,1,1,1,1,1,1,1,1,1,1,1,1,1,1,1,1,1,1,1,1,1,1,1,1,1,1,1,1,1,1,1,1,1,0
2026-05-23 06:00:00,725.651635316667,0,0,0,0,0,0,0.168646666666667,12.056305,61.6529833333333,102.110026666667,97.01825,88.343845,83.5053716666667,76.71077,68.2468166666667,49.2240616666667,32.9732966666667,18.008575,10.087335,6.33301833333333,4.26394333333333,3.12677666666667,2.29837666666667,1.55953333333333,1.06461833333333,0.804863333333333,0.571005,0.449906666666667,0.361243333333333,0.300121666666667,0.215368333333333,0.186761666666667,0.148301666666667,0.124485,0.0984266666666667,0.083895,0.0575983333333333,0.046245,0.0379283333333333,0.021675,0.023005,0.0198716666666667,0.0128983333333333,0.00657166666666667,0.00784,0.00804,0.00389833333333333,0.00395,0.00448166666666667,0.00669,0.00344833333333333,0.00380666666666667,0.00147,0.000711666666666667,0.000863333333333333,0.00129,0.00043,0,0,0.000426666666666667,0.000853333333333333,0.00085,0.000425,0,0.00077,0.000918333333333333,0.00042,0,0,0,0.00016,0.000686666666666667,0.0000633333333333333,0.0000683333333333333,0.0000733333333333333,0.0000783333333333333,0.0000833333333333333,0.000025,0,1,0,0,0,0,0,0,1,1,1,1,1,1,1,1,1,1,1,1,1,1,1,1,1,1,1,1,1,1,1,1,1,1,1,1,1,1,1,1,1,1,1,1,1,1,1,1,1,1,1,1,1,1,1,1,1,1,1,1,1,1,1,1,1,1,1,1,1,1,1,1,1,1,1,1,1,1,1,1,0
2026-05-23 07:00:00,132.555068933333,0,0,0,0,0,0,0.0422083333333333,2.580675,13.2010016666667,20.9410433333333,18.768925,16.4954183333333,15.62112,15.5205283333333,13.1719083333333,7.16161333333333,4.90594166666667,2.957455,1.648865,1.04783666666667,0.77242,0.637771666666667,0.483423333333333,0.323011666666667,0.255343333333333,0.187811666666667,0.147148333333333,0.131536666666667,0.0952183333333333,0.0955616666666667,0.0710283333333333,0.0755033333333333,0.0571766666666667,0.036655,0.0326516666666667,0.031325,0.02547,0.023155,0.0141166666666667,0.0126733333333333,0.009425,0.00778,0.00649333333333333,0.00566833333333333,0.00363,0.00459,0.00405,0.00261,0.00298,0.001995,0.00328,0.00123,0.002065,0.001435,0.000431666666666667,0.000458333333333333,0.000916666666666667,0.001205,0.000175,0.000251666666666667,0,0.000323333333333333,0.000526666666666667,0.00123166666666667,0.000385,0.000075,0.000288333333333333,0.000131666666666667,0,0,0,0.000195,0.00057,0.000615,0.00066,0.000705,0.00075,0.000225,0,1,0,0,0,0,0,0,1,1,1,1,1,1,1,1,1,1,1,1,1,1,1,1,1,1,1,1,1,1,1,1,1,1,1,1,1,1,1,1,1,1,1,1,1,1,1,1,1,1,1,1,1,1,1,1,1,1,1,1,1,1,1,1,1,1,1,1,1,1,1,1,1,1,1,1,1,1,1,1,0
2026-05-23 08:00:00,60.2362483333333,0,0,0,0,0,0,0.030285,1.67140666666667,7.939755,11.6253083333333,9.23953166666667,7.53532333333333,6.94450833333333,7.01150333333333,4.49977333333333,1.3527,0.74183,0.357518333333333,0.239723333333333,0.184231666666667,0.150365,0.149666666666667,0.108965,0.0766616666666667,0.0716216666666667,0.051245,0.0463066666666667,0.0427683333333333,0.0356816666666667,0.0349683333333333,0.0320533333333333,0.0241083333333333,0.0259683333333333,0.0255166666666667,0.0209166666666667,0.0177333333333333,0.0157733333333333,0.00964666666666667,0.0111766666666667,0.00632,0.00526166666666667,0.004775,0.003095,0.00616,0.003335,0.00310666666666667,0.00369,0.00223,0.00124666666666667,0.00476666666666667,0.00173333333333333,0.00212,0.00127166666666667,0.000501666666666667,0.00253666666666667,0.00008,0.00169166666666667,0.00123166666666667,0.000055,0.000426666666666667,0.00019,0.000236666666666667,0,0,0.000346666666666667,0.000496666666666667,0.00084,0.000816666666666667,0.0000183333333333333,0,0,0.000108333333333333,0.000316666666666667,0.000341666666666667,0.000366666666666667,0.000391666666666667,0.000416666666666667,0.000125,0,1,0,0,0,0,0,0,1,1,1,1,1,1,1,1,1,1,1,1,1,1,1,1,1,1,1,1,1,1,1,1,1,1,1,1,1,1,1,1,1,1,1,1,1,1,1,1,1,1,1,1,1,1,1,1,1,1,1,1,1,1,1,1,1,1,1,1,1,1,1,1,1,1,1,1,1,1,1,1,0
2026-05-23 09:00:00,50.3158710833333,0,0,0,0,0,0,0.0282133333333333,1.836615,7.673605,10.0488516666667,7.88499166666667,6.141355,5.38423833333333,5.30555,3.26886333333333,0.921473333333333,0.459463333333333,0.227906666666667,0.169311666666667,0.118065,0.0958466666666667,0.108621666666667,0.0705316666666667,0.0538683333333333,0.036755,0.0429033333333333,0.0286266666666667,0.0293383333333333,0.02623,0.025175,0.0168416666666667,0.022555,0.018755,0.0191916666666667,0.016555,0.00899166666666667,0.00939166666666667,0.00742833333333333,0.00627,0.00535666666666667,0.00437666666666667,0.00454333333333333,0.00589166666666667,0.00302,0.00327166666666667,0.00230833333333333,0.00303666666666667,0.00262833333333333,0.00183333333333333,0.00136833333333333,0.000846666666666667,0.000843333333333333,0.000863333333333333,0.000775,0.0000883333333333333,0.00172,0.00120333333333333,0.00126333333333333,0.000713333333333333,0.001105,0.00128,0.000425,0.00119833333333333,0.0000766666666666667,0.000843333333333333,0,0.00084,0.000398333333333333,0.000851666666666667,0,0.000826666666666667,0.0000433333333333333,0.000126666666666667,0.000136666666666667,0.000146666666666667,0.000156666666666667,0.000166666666666667,0.00005,0,1,0,0,0,0,0,0,1,1,1,1,1,1,1,1,1,1,1,1,1,1,1,1,1,1,1,1,1,1,1,1,1,1,1,1,1,1,1,1,1,1,1,1,1,1,1,1,1,1,1,1,1,1,1,1,1,1,1,1,1,1,1,1,1,1,1,1,1,1,1,1,1,1,1,1,1,1,1,1,0
2026-05-23 10:00:00,43.1421361,0,0,0,0,0,0,0.024935,1.797025,7.31545333333333,8.82147666666667,6.46535666666667,5.15442166666667,4.41843,4.35796666666667,2.449265,0.690811666666667,0.329938333333333,0.17234,0.115136666666667,0.09024,0.0847383333333333,0.0895833333333333,0.06641,0.0567916666666667,0.0378033333333333,0.030945,0.02505,0.03048,0.0301233333333333,0.0171283333333333,0.0195966666666667,0.0303433333333333,0.016895,0.0151116666666667,0.016865,0.00834333333333333,0.00784333333333333,0.00954833333333333,0.006675,0.00406333333333333,0.00537333333333333,0.00319666666666667,0.00385833333333333,0.00208833333333333,0.00277333333333333,0.00187166666666667,0.00202333333333333,0.00264666666666667,0.00274666666666667,0.00144833333333333,0.000846666666666667,0.000843333333333333,0.00208833333333333,0.00162,0.00185,0.000481666666666667,0.000945,0.00163333333333333,0,0,0,0.000748333333333333,0.000526666666666667,0.000423333333333333,0.000346666666666667,0.000075,0.00042,0.000398333333333333,0.000658333333333333,0.000608333333333333,0.000413333333333333,0.0000866666666666667,0.000253333333333333,0.000273333333333333,0.000293333333333333,0.000313333333333333,0.000333333333333333,0.0001,0,1,0,0,0,0,0,0,1,1,1,1,1,1,1,1,1,1,1,1,1,1,1,1,1,1,1,1,1,1,1,1,1,1,1,1,1,1,1,1,1,1,1,1,1,1,1,1,1,1,1,1,1,1,1,1,1,1,1,1,1,1,1,1,1,1,1,1,1,1,1,1,1,1,1,1,1,1,1,1,0
2026-05-23 11:00:00,44.5627637833333,0,0,0,0,0,0,0.0287016666666667,1.86515166666667,7.822155,9.19702333333333,6.61701833333333,5.30946333333333,4.739165,4.74446166666667,2.46294166666667,0.748918333333333,0.350221666666667,0.169663333333333,0.121538333333333,0.0826183333333333,0.0812633333333333,0.0831033333333333,0.0747916666666667,0.0562133333333333,0.0452233333333333,0.0290266666666667,0.0326216666666667,0.0317716666666667,0.0268,0.0308233333333333,0.016315,0.0217833333333333,0.01928,0.0206566666666667,0.0105216666666667,0.0106483333333333,0.00885333333333333,0.00874166666666667,0.00604,0.00415666666666667,0.00448,0.00193833333333333,0.00304666666666667,0.002615,0.001935,0.00150666666666667,0.00094,0.001305,0.00170666666666667,0.000501666666666667,0.00214666666666667,0.00164,0.001295,0.00170833333333333,0.00127666666666667,0.000131666666666667,0.000401666666666667,0.000428333333333333,0.00035,0.000503333333333333,0.00104333333333333,0.000661666666666667,0.000811666666666667,0.0000383333333333333,0.000423333333333333,0.000283333333333333,0.000558333333333333,0,0.000416666666666667,0,0,0.000455,0.000126666666666667,0.000136666666666667,0.000146666666666667,0.000156666666666667,0.000166666666666667,0.00005,0,1,0,0,0,0,0,0,1,1,1,1,1,1,1,1,1,1,1,1,1,1,1,1,1,1,1,1,1,1,1,1,1,1,1,1,1,1,1,1,1,1,1,1,1,1,1,1,1,1,1,1,1,1,1,1,1,1,1,1,1,1,1,1,1,1,1,1,1,1,1,1,1,1,1,1,1,1,1,1,0
2026-05-23 12:00:00,46.2680105333333,0,0,0,0,0,0,0.0368983333333333,2.19981,8.85421333333333,10.1382266666667,6.886905,5.236155,4.586665,4.38089166666667,2.37302333333333,0.695866666666667,0.307878333333333,0.161738333333333,0.105488333333333,0.07768,0.0786083333333333,0.0845233333333333,0.0636516666666667,0.04381,0.03796,0.0291116666666667,0.03209,0.0267416666666667,0.021735,0.021705,0.019265,0.01624,0.0125383333333333,0.0128616666666667,0.0097,0.0102666666666667,0.009335,0.00838,0.00612,0.00264666666666667,0.003505,0.00301166666666667,0.00327666666666667,0.002585,0.00213166666666667,0.00207333333333333,0.001945,0.002175,0.00206,0.00144833333333333,0.00169166666666667,0,0.00151666666666667,0.00141666666666667,0.0000883333333333333,0.00043,0.000601666666666667,0.000686666666666667,0,0.000856666666666667,0,0.000425,0.000425,0,0,0,0,0,0,0,0,0.000108333333333333,0.000316666666666667,0.000341666666666667,0.000366666666666667,0.000391666666666667,0.000416666666666667,0.000125,0,1,0,0,0,0,0,0,1,1,1,1,1,1,1,1,1,1,1,1,1,1,1,1,1,1,1,1,1,1,1,1,1,1,1,1,1,1,1,1,1,1,1,1,1,1,1,1,1,1,1,1,1,1,1,1,1,1,1,1,1,1,1,1,1,1,1,1,1,1,1,1,1,1,1,1,1,1,1,1,0
2026-05-23 13:00:00,44.6571555833333,0,0,0,0,0,0,0.0399483333333333,2.434825,8.93494,9.371325,6.29643666666667,4.90428833333333,4.25292,3.99563333333333,2.399325,0.786951666666667,0.387118333333333,0.186911666666667,0.124693333333333,0.09129,0.088035,0.0996016666666667,0.0826416666666667,0.0701716666666667,0.0558166666666667,0.0416383333333333,0.0362016666666667,0.03734,0.0288966666666667,0.03072,0.0235383333333333,0.0298716666666667,0.0189483333333333,0.0153616666666667,0.01603,0.0142166666666667,0.0103783333333333,0.0103483333333333,0.008865,0.00518333333333333,0.00558,0.004115,0.00348333333333333,0.002615,0.00296833333333333,0.00381333333333333,0.00252833333333333,0.00438333333333333,0.00152666666666667,0.00145166666666667,0.002085,0.00166333333333333,0.003045,0,0.00124166666666667,0.00263333333333333,0.000171666666666667,0.000631666666666667,0.000658333333333333,0.000251666666666667,0.000426666666666667,0,0,0.000423333333333333,0.000421666666666667,0.000283333333333333,0.000138333333333333,0.000418333333333333,0,0,0,0.000065,0.00019,0.000205,0.00022,0.000235,0.00025,0.000075,0,1,0,0,0,0,0,0,1,1,1,1,1,1,1,1,1,1,1,1,1,1,1,1,1,1,1,1,1,1,1,1,1,1,1,1,1,1,1,1,1,1,1,1,1,1,1,1,1,1,1,1,1,1,1,1,1,1,1,1,1,1,1,1,1,1,1,1,1,1,1,1,1,1,1,1,1,1,1,1,0
2026-05-23 14:00:00,44.0696706833333,0,0,0,0,0,0,0.0454816666666667,2.49434666666667,9.15281,9.3295,6.156315,4.75746666666667,4.06256666666667,3.58864333333333,2.23929166666667,0.747791666666667,0.371478333333333,0.16629,0.12934,0.0993216666666667,0.08705,0.09583,0.0911483333333333,0.0653566666666667,0.0553283333333333,0.0452816666666667,0.0402433333333333,0.0433383333333333,0.0392683333333333,0.0419016666666667,0.028175,0.0293966666666667,0.0206283333333333,0.0136433333333333,0.0204533333333333,0.016395,0.0134583333333333,0.00887166666666667,0.00807,0.00444,0.006015,0.00455166666666667,0.00554,0.00224166666666667,0.003195,0.003355,0.00181,0.00161333333333333,0.0014,0.002235,0.00132333333333333,0.00250666666666667,0.00204166666666667,0.00134666666666667,0.000898333333333333,0.00051,0.000573333333333333,0.000686666666666667,0.000428333333333333,0,0.000806666666666667,0.000473333333333333,0.000425,0.000385,0.0000383333333333333,0.000421666666666667,0,0,0.00147333333333333,0.000193333333333333,0,0.00125666666666667,0.0000633333333333333,0.0000683333333333333,0.0000733333333333333,0.0000783333333333333,0.0000833333333333333,0.000025,0,1,0,0,0,0,0,0,1,1,1,1,1,1,1,1,1,1,1,1,1,1,1,1,1,1,1,1,1,1,1,1,1,1,1,1,1,1,1,1,1,1,1,1,1,1,1,1,1,1,1,1,1,1,1,1,1,1,1,1,1,1,1,1,1,1,1,1,1,1,1,1,1,1,1,1,1,1,1,1,0
2026-05-23 15:00:00,37.4285300666667,0,0,0,0,0,0,0.03337,2.13942666666667,7.71834333333333,7.96150666666667,5.16218666666667,3.94973333333333,3.42622166666667,3.01981833333333,1.85769,0.62044,0.285151666666667,0.137523333333333,0.09364,0.07205,0.0802166666666667,0.0869433333333333,0.0882816666666667,0.0730283333333333,0.0541366666666667,0.0444216666666667,0.0406816666666667,0.0358916666666667,0.0303283333333333,0.0316083333333333,0.0304933333333333,0.02903,0.0220683333333333,0.017505,0.0128966666666667,0.0144083333333333,0.0104566666666667,0.00886666666666667,0.009585,0.00465333333333333,0.00647166666666667,0.00475333333333333,0.00204833333333333,0.00183666666666667,0.00310833333333333,0.0016,0.00260166666666667,0.00262833333333333,0.000993333333333333,0.0000416666666666667,0.000846666666666667,0.000843333333333333,0.000431666666666667,0,0,0.00215,0.000601666666666667,0.000258333333333333,0.000603333333333333,0.000251666666666667,0,0.000748333333333333,0.000526666666666667,0.000385,0.0000383333333333333,0.000705,0.000138333333333333,0.000418333333333333,0.000416666666666667,0,0.000413333333333333,0.00132166666666667,0.000253333333333333,0.000273333333333333,0.000293333333333333,0.000313333333333333,0.000333333333333333,0.0001,0,1,0,0,0,0,0,0,1,1,1,1,1,1,1,1,1,1,1,1,1,1,1,1,1,1,1,1,1,1,1,1,1,1,1,1,1,1,1,1,1,1,1,1,1,1,1,1,1,1,1,1,1,1,1,1,1,1,1,1,1,1,1,1,1,1,1,1,1,1,1,1,1,1,1,1,1,1,1,1,0
2026-05-23 16:00:00,37.57291435,0,0,0,0,0,0,0.03062,1.94245166666667,7.50782666666667,7.85318,5.36660333333333,4.11443,3.45041666666667,3.18388833333333,1.97344833333333,0.692123333333333,0.335986666666667,0.169508333333333,0.112271666666667,0.0796166666666667,0.0960583333333333,0.095635,0.09419,0.0718583333333333,0.0619216666666667,0.0483983333333333,0.0487866666666667,0.044985,0.0347366666666667,0.0447966666666667,0.02701,0.0269866666666667,0.021125,0.023265,0.021945,0.0180716666666667,0.013305,0.0100716666666667,0.00687333333333333,0.00877,0.002975,0.00537333333333333,0.00632166666666667,0.00479333333333333,0.00213,0.00257833333333333,0.001445,0.003535,0.00121833333333333,0.00192666666666667,0.002,0.00207333333333333,0.000886666666666667,0.00170833333333333,0.00214,0.00228166666666667,0.00169166666666667,0.001175,0.000713333333333333,0.000251666666666667,0.00019,0.000985,0.000101666666666667,0.000423333333333333,0,0,0.00042,0,0,0,0,0.000476666666666667,0.00019,0.000205,0.00022,0.000235,0.00025,0.000075,0,1,0,0,0,0,0,0,1,1,1,1,1,1,1,1,1,1,1,1,1,1,1,1,1,1,1,1,1,1,1,1,1,1,1,1,1,1,1,1,1,1,1,1,1,1,1,1,1,1,1,1,1,1,1,1,1,1,1,1,1,1,1,1,1,1,1,1,1,1,1,1,1,1,1,1,1,1,1,1,0
2026-05-23 17:00:00,44.4505077333333,0,0,0,0,0,0,0.0371516666666667,2.02989666666667,7.982685,8.84917666666667,6.20036166666667,4.99355333333333,4.350835,3.99019166666667,2.54652333333333,1.10285333333333,0.607151666666667,0.31726,0.222228333333333,0.171973333333333,0.161841666666667,0.171045,0.160415,0.123943333333333,0.0924333333333333,0.0664333333333333,0.0574766666666667,0.0576883333333333,0.048035,0.0530733333333333,0.0373633333333333,0.0445083333333333,0.032485,0.0281366666666667,0.0272316666666667,0.024365,0.016375,0.0139633333333333,0.00963333333333333,0.00898666666666667,0.00842333333333333,0.00582333333333333,0.00504166666666667,0.004355,0.00400166666666667,0.00488666666666667,0.00476833333333333,0.00395166666666667,0.00193333333333333,0.00147833333333333,0.00160833333333333,0.00127666666666667,0.000746666666666667,0.002465,0.000696666666666667,0.00172,0.001805,0.000775,0.000428333333333333,0.000856666666666667,0.000426666666666667,0,0.000811666666666667,0.000461666666666667,0.000346666666666667,0.000075,0.00042,0,0.000416666666666667,0,0.000826666666666667,0.0000433333333333333,0.000126666666666667,0.000136666666666667,0.000146666666666667,0.000156666666666667,0.000166666666666667,0.00005,0,1,0,0,0,0,0,0,1,1,1,1,1,1,1,1,1,1,1,1,1,1,1,1,1,1,1,1,1,1,1,1,1,1,1,1,1,1,1,1,1,1,1,1,1,1,1,1,1,1,1,1,1,1,1,1,1,1,1,1,1,1,1,1,1,1,1,1,1,1,1,1,1,1,1,1,1,1,1,1,0
2026-05-23 18:00:00,45.2881878833333,0,0,0,0,0,0,0.0331783333333333,1.97385166666667,8.05305,9.18622166666667,6.493205,5.10643333333333,4.47187,4.29383833333333,2.40901833333333,1.01466333333333,0.531356666666667,0.278773333333333,0.172996666666667,0.139781666666667,0.12321,0.142711666666667,0.133503333333333,0.104425,0.08669,0.0557366666666667,0.0561616666666667,0.0569616666666667,0.04508,0.0536083333333333,0.03072,0.0325283333333333,0.02817,0.0297816666666667,0.0332333333333333,0.02774,0.0181816666666667,0.0135066666666667,0.0105866666666667,0.00511,0.00897166666666667,0.00541833333333333,0.00335833333333333,0.00311,0.0045,0.00248666666666667,0.00209666666666667,0.00219333333333333,0.00224,0.00147833333333333,0.00293,0.00294,0.00252,0.00186666666666667,0.00124166666666667,0.000968333333333333,0.000803333333333333,0.00123166666666667,0.00169,0.000931666666666667,0,0.000646666666666667,0.000203333333333333,0.000385,0.000808333333333333,0.000358333333333333,0.00139833333333333,0,0.000416666666666667,0,0,0.000065,0.00019,0.000205,0.00022,0.000235,0.00025,0.000075,0,1,0,0,0,0,0,0,1,1,1,1,1,1,1,1,1,1,1,1,1,1,1,1,1,1,1,1,1,1,1,1,1,1,1,1,1,1,1,1,1,1,1,1,1,1,1,1,1,1,1,1,1,1,1,1,1,1,1,1,1,1,1,1,1,1,1,1,1,1,1,1,1,1,1,1,1,1,1,1,0
2026-05-23 19:00:00,44.7983820666667,0,0,0,0,0,0,0.0231083333333333,1.56552666666667,7.27874333333333,9.272935,6.615685,5.19386,4.52268166666667,4.18311166666667,2.47052666666667,1.10571333333333,0.544318333333333,0.29602,0.195916666666667,0.149185,0.147206666666667,0.155036666666667,0.125218333333333,0.110931666666667,0.0713266666666667,0.06346,0.058795,0.0474566666666667,0.042515,0.0421216666666667,0.027685,0.0305883333333333,0.0316,0.0236933333333333,0.019685,0.0148316666666667,0.0141183333333333,0.01783,0.014845,0.0107133333333333,0.00634833333333333,0.00236833333333333,0.00538333333333333,0.0042,0.00514333333333333,0.00316833333333333,0.00244666666666667,0.00175833333333333,0.00478833333333333,0.00235666666666667,0.00386,0.00205,0.000863333333333333,0.00127666666666667,0.000466666666666667,0.00137,0.00126166666666667,0.00043,0.000175,0.001105,0.000853333333333333,0.000646666666666667,0.00105333333333333,0,0.000846666666666667,0.000421666666666667,0,0,0.000416666666666667,0.000415,0.00016,0.000275,0.0000633333333333333,0.0000683333333333333,0.0000733333333333333,0.0000783333333333333,0.0000833333333333333,0.000025,0,1,0,0,0,0,0,0,1,1,1,1,1,1,1,1,1,1,1,1,1,1,1,1,1,1,1,1,1,1,1,1,1,1,1,1,1,1,1,1,1,1,1,1,1,1,1,1,1,1,1,1,1,1,1,1,1,1,1,1,1,1,1,1,1,1,1,1,1,1,1,1,1,1,1,1,1,1,1,1,0
2026-05-23 20:00:00,63.29531685,0,0,0,0,0,0,0.0260633333333333,1.84576833333333,8.51832166666667,11.8923683333333,9.07694666666667,7.20060833333333,6.49905833333333,6.17166166666667,4.59312833333333,2.32477666666667,1.08655333333333,0.518096666666667,0.302423333333333,0.264933333333333,0.232321666666667,0.25295,0.22967,0.179266666666667,0.124753333333333,0.105556666666667,0.0890816666666667,0.09216,0.0545666666666667,0.078165,0.0547666666666667,0.0545766666666667,0.0389733333333333,0.0538083333333333,0.0379883333333333,0.0311366666666667,0.0226116666666667,0.0185433333333333,0.0122616666666667,0.0113066666666667,0.0107416666666667,0.00708333333333333,0.00995833333333333,0.00719,0.00885833333333333,0.004575,0.00441166666666667,0.00609166666666667,0.00315,0.00275166666666667,0.00420833333333333,0.00168666666666667,0.00436333333333333,0.003365,0.00214,0.002685,0.00103166666666667,0.00106166666666667,0.000055,0.000853333333333333,0.000853333333333333,0,0.000425,0.000385,0.000881666666666667,0.000843333333333333,0.00042,0.000796666666666667,0.0000366666666666667,0.000415,0.000413333333333333,0.0000216666666666667,0.0000633333333333333,0.0000683333333333333,0.0000733333333333333,0.0000783333333333333,0.0000833333333333333,0.000025,0,1,0,0,0,0,0,0,1,1,1,1,1,1,1,1,1,1,1,1,1,1,1,1,1,1,1,1,1,1,1,1,1,1,1,1,1,1,1,1,1,1,1,1,1,1,1,1,1,1,1,1,1,1,1,1,1,1,1,1,1,1,1,1,1,1,1,1,1,1,1,1,1,1,1,1,1,1,1,1,0
2026-05-23 21:00:00,95.0360534166667,0,0,0,0,0,0,0.029405,2.065215,10.4315933333333,16.0616333333333,13.6258333333333,11.4965033333333,11.07569,10.9326483333333,7.82496166666667,3.76789833333333,1.89817166666667,0.950991666666667,0.586781666666667,0.461396666666667,0.425753333333333,0.431035,0.403525,0.312806666666667,0.241435,0.193358333333333,0.17495,0.17511,0.123848333333333,0.141763333333333,0.112188333333333,0.107383333333333,0.08507,0.0854166666666667,0.083645,0.058,0.0524116666666667,0.0407383333333333,0.0339366666666667,0.0231816666666667,0.0182816666666667,0.0153766666666667,0.0140533333333333,0.0137566666666667,0.008205,0.00893333333333333,0.00810166666666667,0.00472833333333333,0.00708166666666667,0.00463666666666667,0.006315,0.00291666666666667,0.002135,0.00507333333333333,0.002985,0.001955,0.000831666666666667,0.00166166666666667,0.000483333333333333,0,0.00147,0.000236666666666667,0.000425,0,0.000693333333333333,0.000571666666666667,0,0.001255,0.000416666666666667,0.000173333333333333,0.00024,0.0000866666666666667,0.000253333333333333,0.000273333333333333,0.000293333333333333,0.000313333333333333,0.000333333333333333,0.0001,0,1,0,0,0,0,0,0,1,1,1,1,1,1,1,1,1,1,1,1,1,1,1,1,1,1,1,1,1,1,1,1,1,1,1,1,1,1,1,1,1,1,1,1,1,1,1,1,1,1,1,1,1,1,1,1,1,1,1,1,1,1,1,1,1,1,1,1,1,1,1,1,1,1,1,1,1,1,1,1,0
2026-05-23 22:00:00,141.120069133333,0,0,0,0,0,0,0.0544566666666667,3.56330833333333,16.7102133333333,23.9251916666667,19.9708333333333,16.96468,15.4894583333333,14.628295,11.5697583333333,6.17484166666667,3.600165,1.850085,1.17242333333333,0.849763333333333,0.672633333333333,0.640313333333333,0.581598333333333,0.427691666666667,0.322736666666667,0.24076,0.222135,0.201576666666667,0.165435,0.15664,0.120233333333333,0.11192,0.105458333333333,0.0915683333333333,0.07215,0.0649233333333333,0.053355,0.0471133333333333,0.0309583333333333,0.026255,0.0214433333333333,0.01989,0.01557,0.006565,0.0111783333333333,0.00872166666666667,0.00549333333333333,0.00513,0.00336166666666667,0.007545,0.00386166666666667,0.00373666666666667,0.00497,0.00355666666666667,0.00400833333333333,0.00220166666666667,0.00086,0.00197833333333333,0.00230666666666667,0.000855,0.00019,0.00141,0.000526666666666667,0.000423333333333333,0.00126833333333333,0,0,0,0,0,0,0.0000433333333333333,0.000126666666666667,0.000136666666666667,0.000146666666666667,0.000156666666666667,0.000166666666666667,0.00005,0,1,0,0,0,0,0,0,1,1,1,1,1,1,1,1,1,1,1,1,1,1,1,1,1,1,1,1,1,1,1,1,1,1,1,1,1,1,1,1,1,1,1,1,1,1,1,1,1,1,1,1,1,1,1,1,1,1,1,1,1,1,1,1,1,1,1,1,1,1,1,1,1,1,1,1,1,1,1,1,0
2026-05-23 23:00:00,90.7262963666667,0,0,0,0,0,0,0.0455233333333333,2.507505,11.1144966666667,15.4665616666667,12.75364,10.74668,10.1175966666667,9.76464166666667,7.47129333333333,3.79087166666667,1.99828,0.918153333333333,0.553558333333333,0.39983,0.349023333333333,0.336868333333333,0.326661666666667,0.239751666666667,0.21249,0.154416666666667,0.121258333333333,0.124043333333333,0.103545,0.115496666666667,0.0899233333333333,0.0866966666666667,0.0668533333333333,0.0627966666666667,0.0522866666666667,0.04225,0.035925,0.0274216666666667,0.017895,0.01465,0.0121616666666667,0.0129083333333333,0.00878666666666667,0.00497666666666667,0.00692333333333333,0.00517166666666667,0.005565,0.00569166666666667,0.00361333333333333,0.00318166666666667,0.00214666666666667,0.00209666666666667,0.00350166666666667,0.00198166666666667,0.00141833333333333,0.000911666666666667,0.000171666666666667,0.00111833333333333,0,0.000426666666666667,0.00128,0.00117333333333333,0.000526666666666667,0,0.000768333333333333,0.000918333333333333,0.00042,0.000418333333333333,0,0,0,0.0000433333333333333,0.000126666666666667,0.000136666666666667,0.000146666666666667,0.000156666666666667,0.000166666666666667,0.00005,0,1,0,0,0,0,0,0,1,1,1,1,1,1,1,1,1,1,1,1,1,1,1,1,1,1,1,1,1,1,1,1,1,1,1,1,1,1,1,1,1,1,1,1,1,1,1,1,1,1,1,1,1,1,1,1,1,1,1,1,1,1,1,1,1,1,1,1,1,1,1,1,1,1,1,1,1,1,1,1,0
2026-05-24,85.2287412166667,0,0,0,0,0,0,0.0358266666666667,2.32665,10.5579666666667,14.74638,12.155395,9.939475,9.23152666666667,9.13837166666667,6.99721,3.698665,2.25145833333333,1.051745,0.541581666666667,0.422576666666667,0.384891666666667,0.346845,0.308043333333333,0.251365,0.164586666666667,0.13847,0.116735,0.11217,0.0946883333333333,0.0930566666666667,0.069595,0.0812766666666667,0.0526533333333333,0.0447133333333333,0.0409383333333333,0.040225,0.030435,0.0228216666666667,0.0147266666666667,0.0159133333333333,0.0118383333333333,0.0136383333333333,0.00599166666666667,0.00404666666666667,0.00811166666666667,0.00573166666666667,0.001445,0.004585,0.00320833333333333,0.00401,0.00427166666666667,0.00125333333333333,0.00168,0.000501666666666667,0.00118833333333333,0.000533333333333333,0.00043,0.000858333333333333,0.000856666666666667,0.000426666666666667,0.000426666666666667,0,0,0,0,0,0,0,0.000223333333333333,0.000608333333333333,0,0,0,0,0,0,0,0,0,1,0,0,0,0,0,0,1,1,1,1,1,1,1,1,1,1,1,1,1,1,1,1,1,1,1,1,1,1,1,1,1,1,1,1,1,1,1,1,1,1,1,1,1,1,1,1,1,1,1,1,1,1,1,1,1,1,1,1,1,1,1,1,1,1,1,1,1,1,1,1,1,1,1,1,1,1,1,1,0
2026-05-24 01:00:00,74.9401558833333,0,0,0,0,0,0,0.0231733333333333,1.605385,8.01101833333333,12.3276933333333,10.4324716666667,8.72365,8.264425,8.37360166666667,6.32083833333333,3.36834166666667,2.16682,1.12051166666667,0.696136666666667,0.532953333333333,0.425865,0.407421666666667,0.354203333333333,0.270713333333333,0.200743333333333,0.137678333333333,0.116836666666667,0.118788333333333,0.0909233333333333,0.0865333333333333,0.06211,0.0712433333333333,0.052795,0.0507683333333333,0.0382416666666667,0.0339916666666667,0.0350566666666667,0.0276116666666667,0.0207283333333333,0.0146066666666667,0.00985166666666667,0.00772333333333333,0.0085,0.00460833333333333,0.00520833333333333,0.00345,0.004485,0.00378833333333333,0.00394666666666667,0.00103,0.00169333333333333,0.00123,0.00117833333333333,0.00186666666666667,0.00162,0.002685,0.00043,0.000428333333333333,0,0.000856666666666667,0.000853333333333333,0.000748333333333333,0.000101666666666667,0,0,0,0,0,0,0,0,0,0,0,0,0,0,0,0,1,0,0,0,0,0,0,1,1,1,1,1,1,1,1,1,1,1,1,1,1,1,1,1,1,1,1,1,1,1,1,1,1,1,1,1,1,1,1,1,1,1,1,1,1,1,1,1,1,1,1,1,1,1,1,1,1,1,1,1,1,1,1,1,1,1,1,1,1,1,1,1,1,1,1,1,1,1,1,0
2026-05-24 02:00:00,99.5086399166667,0,0,0,0,0,0,0.0264516666666667,1.99782833333333,10.53602,16.5900266666667,14.2754483333333,11.9110883333333,11.047245,10.8447216666667,9.75997166666667,5.04878666666667,2.52089333333333,1.320145,0.83022,0.570353333333333,0.461598333333333,0.442825,0.390193333333333,0.261311666666667,0.196888333333333,0.14347,0.11116,0.112001666666667,0.08671,0.084455,0.0698366666666667,0.071535,0.0627483333333333,0.0523283333333333,0.0424216666666667,0.0317316666666667,0.02984,0.0286133333333333,0.0186716666666667,0.01106,0.011165,0.00735,0.00874166666666667,0.005195,0.00359833333333333,0.00372,0.004775,0.003115,0.00267333333333333,0.00315833333333333,0.00427333333333333,0.00419166666666667,0.00165666666666667,0.001435,0.00129333333333333,0.00129,0.000601666666666667,0.000258333333333333,0.001285,0.000426666666666667,0.00019,0.000661666666666667,0,0,0,0,0,0.000418333333333333,0,0,0,0,0,0,0,0,0,0,0,1,0,0,0,0,0,0,1,1,1,1,1,1,1,1,1,1,1,1,1,1,1,1,1,1,1,1,1,1,1,1,1,1,1,1,1,1,1,1,1,1,1,1,1,1,1,1,1,1,1,1,1,1,1,1,1,1,1,1,1,1,1,1,1,1,1,1,1,1,1,1,1,1,1,1,1,1,1,1,0
2026-05-24 03:00:00,128.00678935,0,0,0,0,0,0,0.0358433333333333,2.56414833333333,13.493045,21.47148,18.6135116666667,15.32331,13.88026,12.87675,11.7960383333333,7.14843666666667,3.43033833333333,1.89084833333333,1.126895,0.771565,0.62301,0.53939,0.470851666666667,0.347803333333333,0.256978333333333,0.19772,0.174676666666667,0.145208333333333,0.110928333333333,0.113365,0.0859133333333333,0.07511,0.0561533333333333,0.0524633333333333,0.0542333333333333,0.0442583333333333,0.03872,0.030935,0.0249083333333333,0.01738,0.0116316666666667,0.0118383333333333,0.00790333333333333,0.00606833333333333,0.00651166666666667,0.00555333333333333,0.00310666666666667,0.005545,0.00274666666666667,0.00153166666666667,0.002475,0.0013,0.001295,0.00120666666666667,0.003055,0.00223,0.00169166666666667,0.000801666666666667,0.000055,0,0,0.000323333333333333,0.000101666666666667,0,0.000843333333333333,0,0,0,0,0,0,0.000845,0.0000633333333333333,0.0000683333333333333,0.0000733333333333333,0.0000783333333333333,0.0000833333333333333,0.000025,0,1,0,0,0,0,0,0,1,1,1,1,1,1,1,1,1,1,1,1,1,1,1,1,1,1,1,1,1,1,1,1,1,1,1,1,1,1,1,1,1,1,1,1,1,1,1,1,1,1,1,1,1,1,1,1,1,1,1,1,1,1,1,1,1,1,1,1,1,1,1,1,1,1,1,1,1,1,1,1,0
2026-05-24 04:00:00,128.43252955,0,0,0,0,0,0,0.0351033333333333,2.90367,14.2138533333333,20.5667666666667,17.27469,14.326055,12.78913,11.5928466666667,11.52463,7.91916833333333,3.73921166666667,2.41843666666667,1.88412333333333,1.54589,1.11955333333333,0.923801666666667,0.782055,0.610061666666667,0.45504,0.339,0.26171,0.198776666666667,0.156705,0.132661666666667,0.102825,0.0842683333333333,0.071075,0.0628366666666667,0.0583016666666667,0.0418116666666667,0.0289616666666667,0.02912,0.0233683333333333,0.01403,0.0160916666666667,0.0138016666666667,0.00838,0.00675833333333333,0.00661,0.00669833333333333,0.00353833333333333,0.00424333333333333,0.00524166666666667,0.00467166666666667,0.00509666666666667,0.00383,0.00358166666666667,0.00146833333333333,0.00190333333333333,0.00086,0,0.00326833333333333,0.00102333333333333,0.000426666666666667,0,0.000425,0.000811666666666667,0.0000383333333333333,0.000421666666666667,0.000843333333333333,0,0.000418333333333333,0.000416666666666667,0,0,0,0,0,0,0,0,0,0,1,0,0,0,0,0,0,1,1,1,1,1,1,1,1,1,1,1,1,1,1,1,1,1,1,1,1,1,1,1,1,1,1,1,1,1,1,1,1,1,1,1,1,1,1,1,1,1,1,1,1,1,1,1,1,1,1,1,1,1,1,1,1,1,1,1,1,1,1,1,1,1,1,1,1,1,1,1,1,0
2026-05-24 05:00:00,110.192992033333,0,0,0,0,0,0,0.0366666666666667,2.55022666666667,12.00853,17.258535,14.35154,11.9801766666667,11.0583666666667,10.4995683333333,9.604215,6.09538333333333,3.15068666666667,2.22258666666667,1.93081333333333,1.60538,1.31813333333333,1.08433,0.899273333333333,0.680391666666667,0.496808333333333,0.354066666666667,0.292571666666667,0.230561666666667,0.15615,0.138108333333333,0.100186666666667,0.0971016666666667,0.0713616666666667,0.0551733333333333,0.049685,0.043905,0.03608,0.0302233333333333,0.0223866666666667,0.0161366666666667,0.0124733333333333,0.0125283333333333,0.0117516666666667,0.006285,0.00472666666666667,0.00239166666666667,0.00492333333333333,0.00630833333333333,0.005115,0.00410166666666667,0.00344666666666667,0.00246,0.00256666666666667,0.00212166666666667,0.001365,0.00102,0.00123333333333333,0.000373333333333333,0.000658333333333333,0.001105,0.000853333333333333,0,0.000425,0,0,0,0,0,0,0,0,0,0,0,0,0,0,0,0,1,0,0,0,0,0,0,1,1,1,1,1,1,1,1,1,1,1,1,1,1,1,1,1,1,1,1,1,1,1,1,1,1,1,1,1,1,1,1,1,1,1,1,1,1,1,1,1,1,1,1,1,1,1,1,1,1,1,1,1,1,1,1,1,1,1,1,1,1,1,1,1,1,1,1,1,1,1,1,0
2026-05-24 06:00:00,130.756260083333,0,0,0,0,0,0,0.0386666666666667,2.73707833333333,13.9034783333333,21.1904833333333,18.04754,15.2235216666667,14.4749833333333,14.4215433333333,11.0723766666667,5.47934666666667,3.33327833333333,2.13366,1.61909666666667,1.298405,1.05008833333333,0.89563,0.768366666666667,0.588631666666667,0.454051666666667,0.348186666666667,0.279888333333333,0.220661666666667,0.176623333333333,0.139876666666667,0.1216,0.105081666666667,0.0935666666666667,0.0759883333333333,0.066275,0.0472233333333333,0.0451966666666667,0.035715,0.02656,0.0194616666666667,0.0137983333333333,0.010165,0.0112766666666667,0.00463666666666667,0.00800166666666667,0.00570333333333333,0.0068,0.00340833333333333,0.00522,0.00455333333333333,0.00423166666666667,0.00378333333333333,0.00084,0.00127666666666667,0.00262333333333333,0.00220166666666667,0.000945,0.00157833333333333,0.000483333333333333,0,0,0,0.000425,0.000846666666666667,0,0.000421666666666667,0,0,0.000416666666666667,0,0,0.000065,0.00019,0.000205,0.00022,0.000235,0.00025,0.000075,0,1,0,0,0,0,0,0,1,1,1,1,1,1,1,1,1,1,1,1,1,1,1,1,1,1,1,1,1,1,1,1,1,1,1,1,1,1,1,1,1,1,1,1,1,1,1,1,1,1,1,1,1,1,1,1,1,1,1,1,1,1,1,1,1,1,1,1,1,1,1,1,1,1,1,1,1,1,1,1,0
2026-05-24 07:00:00,98.4869799666667,0,0,0,0,0,0,0.0269833333333333,2.06027833333333,10.5987766666667,16.1346916666667,13.84784,11.5170966666667,10.5023683333333,10.1219016666667,8.50809833333333,5.30403,2.52051333333333,1.54833833333333,1.12734833333333,0.841836666666667,0.718001666666667,0.619196666666667,0.520603333333333,0.38607,0.308103333333333,0.237416666666667,0.18334,0.156693333333333,0.130016666666667,0.11472,0.0850683333333333,0.0826116666666667,0.0669533333333333,0.063895,0.04469,0.0424583333333333,0.0382766666666667,0.02203,0.0200083333333333,0.0156666666666667,0.0133416666666667,0.00997833333333333,0.0105766666666667,0.00594666666666667,0.00781666666666667,0.00308333333333333,0.00412333333333333,0.00351666666666667,0.00236833333333333,0.00416166666666667,0.00330166666666667,0.00125333333333333,0.00231,0.00148666666666667,0.000466666666666667,0.000538333333333333,0.000975,0.00111666666666667,0.000428333333333333,0.000426666666666667,0.00019,0.00173333333333333,0.00059,0.00130833333333333,0.000346666666666667,0.000496666666666667,0.00042,0,0.000416666666666667,0,0.00016,0.000275,0.0000633333333333333,0.0000683333333333333,0.0000733333333333333,0.0000783333333333333,0.0000833333333333333,0.000025,0,1,0,0,0,0,0,0,1,1,1,1,1,1,1,1,1,1,1,1,1,1,1,1,1,1,1,1,1,1,1,1,1,1,1,1,1,1,1,1,1,1,1,1,1,1,1,1,1,1,1,1,1,1,1,1,1,1,1,1,1,1,1,1,1,1,1,1,1,1,1,1,1,1,1,1,1,1,1,1,0
2026-05-24 08:00:00,68.09418445,0,0,0,0,0,0,0.0197933333333333,1.5687,7.63138333333333,11.4531283333333,9.67731333333333,8.30164333333333,7.94247333333333,8.11101833333333,6.33906,3.16447333333333,1.15882833333333,0.573856666666667,0.323276666666667,0.2504,0.22065,0.230233333333333,0.207333333333333,0.159183333333333,0.124496666666667,0.09707,0.086015,0.092415,0.0881383333333333,0.0856566666666667,0.05642,0.0652916666666667,0.0515966666666667,0.0385683333333333,0.0489033333333333,0.03555,0.035715,0.0252266666666667,0.0261916666666667,0.0132366666666667,0.00854666666666667,0.00904666666666667,0.0103466666666667,0.00663166666666667,0.00502166666666667,0.006205,0.00469833333333333,0.00463833333333333,0.00170666666666667,0.00180166666666667,0.00214666666666667,0.00171,0.003315,0.00255333333333333,0.00185,0.00185666666666667,0.001205,0.000746666666666667,0.000966666666666667,0,0.000853333333333333,0,0.000811666666666667,0.00173166666666667,0.000768333333333333,0.000075,0.00042,0,0.00064,0.000608333333333333,0,0.0000216666666666667,0.0000633333333333333,0.0000683333333333333,0.0000733333333333333,0.0000783333333333333,0.0000833333333333333,0.000025,0,1,0,0,0,0,0,0,1,1,1,1,1,1,1,1,1,1,1,1,1,1,1,1,1,1,1,1,1,1,1,1,1,1,1,1,1,1,1,1,1,1,1,1,1,1,1,1,1,1,1,1,1,1,1,1,1,1,1,1,1,1,1,1,1,1,1,1,1,1,1,1,1,1,1,1,1,1,1,1,0
2026-05-24 09:00:00,67.8021666,0,0,0,0,0,0,0.020445,1.63449333333333,8.03251833333333,11.4859116666667,9.54687833333333,7.96447,7.49316333333333,7.47258833333333,6.42667166666667,3.64442166666667,1.16128333333333,0.577405,0.330898333333333,0.25361,0.219256666666667,0.218981666666667,0.224648333333333,0.168721666666667,0.121803333333333,0.0928633333333333,0.100451666666667,0.0846933333333333,0.0824216666666667,0.0727333333333333,0.0601016666666667,0.0602066666666667,0.0527633333333333,0.0418033333333333,0.0373766666666667,0.0464283333333333,0.034835,0.0275183333333333,0.01585,0.0178933333333333,0.007785,0.007955,0.00851166666666667,0.00504,0.00664333333333333,0.00125,0.00376166666666667,0.00175833333333333,0.00310833333333333,0.002695,0.00260166666666667,0.00125333333333333,0.00165666666666667,0.000933333333333333,0.000378333333333333,0.000911666666666667,0.00103166666666667,0.000258333333333333,0.000856666666666667,0.00128,0.000853333333333333,0.000425,0,0.000423333333333333,0.000421666666666667,0,0.000288333333333333,0.000131666666666667,0,0,0.00016,0.000253333333333333,0,0,0,0,0,0,0,1,0,0,0,0,0,0,1,1,1,1,1,1,1,1,1,1,1,1,1,1,1,1,1,1,1,1,1,1,1,1,1,1,1,1,1,1,1,1,1,1,1,1,1,1,1,1,1,1,1,1,1,1,1,1,1,1,1,1,1,1,1,1,1,1,1,1,1,1,1,1,1,1,1,1,1,1,1,1,0
2026-05-24 10:00:00,55.8264269166667,0,0,0,0,0,0,0.020605,1.44755333333333,6.90875166666667,10.00499,7.88425166666667,6.42503833333333,5.897265,5.70066333333333,5.43939666666667,3.31739,0.921263333333333,0.443061666666667,0.250393333333333,0.198143333333333,0.166811666666667,0.17052,0.162768333333333,0.134525,0.108195,0.0791,0.0628066666666667,0.069755,0.0598766666666667,0.0615966666666667,0.0419716666666667,0.0475583333333333,0.0391383333333333,0.034115,0.0306116666666667,0.0330883333333333,0.0210216666666667,0.017535,0.010235,0.0133166666666667,0.00580666666666667,0.011505,0.00434666666666667,0.00485666666666667,0.00446,0.005475,0.000648333333333333,0.00320833333333333,0.00183333333333333,0.00219333333333333,0.00262166666666667,0.00207333333333333,0.00172666666666667,0.00170833333333333,0.000951666666666667,0.000458333333333333,0.000401666666666667,0.00123166666666667,0.000055,0,0.00208666666666667,0.000473333333333333,0.00085,0.000423333333333333,0,0.00085,0.000703333333333333,0.00053,0.000435,0.00083,0,0.0000433333333333333,0.000126666666666667,0.000136666666666667,0.000146666666666667,0.000156666666666667,0.000166666666666667,0.00005,0,1,0,0,0,0,0,0,1,1,1,1,1,1,1,1,1,1,1,1,1,1,1,1,1,1,1,1,1,1,1,1,1,1,1,1,1,1,1,1,1,1,1,1,1,1,1,1,1,1,1,1,1,1,1,1,1,1,1,1,1,1,1,1,1,1,1,1,1,1,1,1,1,1,1,1,1,1,1,1,0
2026-05-24 11:00:00,32.3128742666667,0,0,0,0,0,0,0.0106366666666667,0.859648333333333,4.12753333333333,5.79349166666667,4.54179166666667,3.52862333333333,3.17918833333333,2.95979666666667,2.97545666666667,2.09829166666667,0.581016666666667,0.275773333333333,0.1552,0.113021666666667,0.0863566666666667,0.0959516666666667,0.0994433333333333,0.0829016666666667,0.055795,0.04223,0.0447716666666667,0.0328516666666667,0.03156,0.0300983333333333,0.0272983333333333,0.0227316666666667,0.0202366666666667,0.0256116666666667,0.0173016666666667,0.0156466666666667,0.013815,0.00801,0.007275,0.00376666666666667,0.00437166666666667,0.00435,0.00397,0.00187,0.00446833333333333,0.005825,0.00296333333333333,0.002465,0.004635,0.00316666666666667,0.00218833333333333,0.00164,0.000933333333333333,0.00163833333333333,0.00052,0,0.00172,0.000373333333333333,0.000483333333333333,0,0,0.000425,0.000811666666666667,0.000885,0,0,0.00084,0,0,0,0,0.000455,0.000126666666666667,0.000136666666666667,0.000146666666666667,0.000156666666666667,0.000166666666666667,0.00005,0,1,0,0,0,0,0,0,1,1,1,1,1,1,1,1,1,1,1,1,1,1,1,1,1,1,1,1,1,1,1,1,1,1,1,1,1,1,1,1,1,1,1,1,1,1,1,1,1,1,1,1,1,1,1,1,1,1,1,1,1,1,1,1,1,1,1,1,1,1,1,1,1,1,1,1,1,1,1,1,0
2026-05-24 12:00:00,24.3151291833333,0,0,0,0,0,0,0.0109016666666667,0.631141666666667,3.20764666666667,4.50761166666667,3.51659,2.73054333333333,2.37748333333333,2.16511166666667,2.109725,1.40953833333333,0.413491666666667,0.213228333333333,0.103708333333333,0.0893566666666667,0.0728666666666667,0.0784233333333333,0.08413,0.0637116666666667,0.04211,0.0420583333333333,0.0340833333333333,0.0290516666666667,0.0239316666666667,0.0254183333333333,0.0187383333333333,0.0200116666666667,0.017305,0.01269,0.00611166666666667,0.0108816666666667,0.00703833333333333,0.00738666666666667,0.00789166666666667,0.00384666666666667,0.00557666666666667,0.00426666666666667,0.00398833333333333,0.00308,0.00261,0.002035,0.00245333333333333,0.002465,0.00254833333333333,0.000486666666666667,0.000866666666666667,0.000866666666666667,0.00252,0.000413333333333333,0.00138333333333333,0.00134666666666667,0.00166333333333333,0.00043,0.000603333333333333,0.000251666666666667,0.00019,0.000236666666666667,0,0.00123166666666667,0.0000383333333333333,0,0,0,0,0,0,0.00013,0.00038,0.00041,0.00044,0.00047,0.0005,0.00015,0,1,0,0,0,0,0,0,1,1,1,1,1,1,1,1,1,1,1,1,1,1,1,1,1,1,1,1,1,1,1,1,1,1,1,1,1,1,1,1,1,1,1,1,1,1,1,1,1,1,1,1,1,1,1,1,1,1,1,1,1,1,1,1,1,1,1,1,1,1,1,1,1,1,1,1,1,1,1,1,0
2026-05-24 13:00:00,32.8991968333333,0,0,0,0,0,0,0.0112,0.71988,3.64432166666667,5.04359166666667,4.00454166666667,3.11316166666667,2.83614833333333,2.72305833333333,2.821315,2.58084666666667,1.17280833333333,0.55102,0.343003333333333,0.278795,0.24734,0.262785,0.322591666666667,0.285771666666667,0.213805,0.170833333333333,0.121588333333333,0.10822,0.0930383333333333,0.0878883333333333,0.073025,0.062695,0.0548533333333333,0.037475,0.0248516666666667,0.020885,0.01326,0.0133383333333333,0.00841666666666667,0.00727333333333333,0.00711666666666667,0.00691,0.00532333333333333,0.00572833333333333,0.00311833333333333,0.00259333333333333,0.00209666666666667,0.00163166666666667,0.002855,0.00220833333333333,0.00214666666666667,0.00166166666666667,0.00127166666666667,0.00007,0.00081,0.000911666666666667,0.000171666666666667,0.000258333333333333,0.00103166666666667,0.000251666666666667,0.00128,0,0,0,0,0,0,0,0.000416666666666667,0,0.000413333333333333,0.000065,0.00019,0.000205,0.00022,0.000235,0.00025,0.000075,0,1,0,0,0,0,0,0,1,1,1,1,1,1,1,1,1,1,1,1,1,1,1,1,1,1,1,1,1,1,1,1,1,1,1,1,1,1,1,1,1,1,1,1,1,1,1,1,1,1,1,1,1,1,1,1,1,1,1,1,1,1,1,1,1,1,1,1,1,1,1,1,1,1,1,1,1,1,1,1,0
2026-05-24 14:00:00,33.2236116166667,0,0,0,0,0,0,0.0132533333333333,0.807921666666667,4.00008333333333,5.73862,4.547705,3.542815,3.16153,3.02692333333333,3.07892666666667,2.55087166666667,0.849028333333333,0.391716666666667,0.23067,0.158368333333333,0.135536666666667,0.148893333333333,0.144241666666667,0.12132,0.096775,0.0644116666666667,0.0595733333333333,0.0442783333333333,0.0361333333333333,0.0315016666666667,0.0262733333333333,0.02574,0.0184366666666667,0.0155383333333333,0.0156,0.00940333333333333,0.007655,0.00688666666666667,0.00449,0.00352,0.00679666666666667,0.00518833333333333,0.00395333333333333,0.00168,0.00283666666666667,0.00187166666666667,0.00188,0.00322666666666667,0.00242,0.00346666666666667,0.000866666666666667,0,0.000863333333333333,0.00163833333333333,0.001655,0.00147333333333333,0.00126166666666667,0.000801666666666667,0.00126166666666667,0.000503333333333333,0,0,0.000386666666666667,0.0000383333333333333,0,0,0.000288333333333333,0.000131666666666667,0.00064,0.000366666666666667,0.00024,0.000455,0.000126666666666667,0.000136666666666667,0.000146666666666667,0.000156666666666667,0.000166666666666667,0.00005,0,1,0,0,0,0,0,0,1,1,1,1,1,1,1,1,1,1,1,1,1,1,1,1,1,1,1,1,1,1,1,1,1,1,1,1,1,1,1,1,1,1,1,1,1,1,1,1,1,1,1,1,1,1,1,1,1,1,1,1,1,1,1,1,1,1,1,1,1,1,1,1,1,1,1,1,1,1,1,1,0
2026-05-24 15:00:00,30.9451087166667,0,0,0,0,0,0,0.0141433333333333,0.877711666666667,3.99349833333333,5.43138166666667,4.17312333333333,3.25754833333333,2.90569,2.85972166666667,2.840335,2.35399833333333,0.69553,0.306843333333333,0.181803333333333,0.1201,0.117213333333333,0.122786666666667,0.1187,0.07798,0.0696366666666667,0.04588,0.040415,0.03628,0.0270816666666667,0.02525,0.0196766666666667,0.0172766666666667,0.01144,0.0125483333333333,0.00870333333333333,0.00788333333333333,0.00789166666666667,0.004375,0.00473,0.00488666666666667,0.00328333333333333,0.00238166666666667,0.00222333333333333,0.00317666666666667,0.00299833333333333,0.00207333333333333,0.00282,0.000435,0,0.00173333333333333,0.00134333333333333,0.00125333333333333,0.00281166666666667,0.000985,0.00138333333333333,0.000486666666666667,0.00166333333333333,0.000801666666666667,0.000911666666666667,0,0.00019,0.000236666666666667,0.00123666666666667,0.0000383333333333333,0,0,0,0,0,0,0.000413333333333333,0.00013,0.00038,0.00041,0.00044,0.00047,0.0005,0.00015,0,1,0,0,0,0,0,0,1,1,1,1,1,1,1,1,1,1,1,1,1,1,1,1,1,1,1,1,1,1,1,1,1,1,1,1,1,1,1,1,1,1,1,1,1,1,1,1,1,1,1,1,1,1,1,1,1,1,1,1,1,1,1,1,1,1,1,1,1,1,1,1,1,1,1,1,1,1,1,1,0
2026-05-24 16:00:00,26.3169376833333,0,0,0,0,0,0,0.014515,0.795046666666667,3.63507,4.85202166666667,3.62121,2.82374833333333,2.46814166666667,2.35708166666667,2.39005333333333,1.74125166666667,0.531143333333333,0.2575,0.128585,0.108216666666667,0.0805666666666667,0.08165,0.0864333333333333,0.064115,0.0490366666666667,0.0346783333333333,0.0335966666666667,0.02808,0.0218766666666667,0.01826,0.0170683333333333,0.0178533333333333,0.0164316666666667,0.0121283333333333,0.00836833333333333,0.00950833333333333,0.00621666666666667,0.00659166666666667,0.00624666666666667,0.00568333333333333,0.00558666666666667,0.006495,0.00701333333333333,0.00237166666666667,0.003675,0.00253166666666667,0.00237166666666667,0.00337166666666667,0.00239333333333333,0.000543333333333333,0.00214833333333333,0.00250666666666667,0.00175,0.00111833333333333,0.000986666666666667,0.00139833333333333,0.001405,0.00149166666666667,0.001515,0.00110833333333333,0.000426666666666667,0.00117333333333333,0.00137666666666667,0.000808333333333333,0.000731666666666667,0.000855,0.000138333333333333,0.000418333333333333,0.000416666666666667,0.000173333333333333,0.00122666666666667,0.00112,0.000126666666666667,0.000136666666666667,0.000146666666666667,0.000156666666666667,0.000166666666666667,0.00005,0,1,0,0,0,0,0,0,1,1,1,1,1,1,1,1,1,1,1,1,1,1,1,1,1,1,1,1,1,1,1,1,1,1,1,1,1,1,1,1,1,1,1,1,1,1,1,1,1,1,1,1,1,1,1,1,1,1,1,1,1,1,1,1,1,1,1,1,1,1,1,1,1,1,1,1,1,1,1,1,0
2026-05-24 17:00:00,37.47321975,0,0,0,0,0,0,0.01591,1.13984166666667,5.21758833333333,6.96340333333333,5.14930166666667,4.07543333333333,3.459065,3.28440166666667,3.348885,2.18634666666667,0.687043333333333,0.33581,0.179386666666667,0.141928333333333,0.120791666666667,0.1202,0.0977266666666667,0.07955,0.0620566666666667,0.03938,0.0402683333333333,0.035295,0.03482,0.0267866666666667,0.0253183333333333,0.030375,0.0210616666666667,0.0181016666666667,0.01853,0.0143216666666667,0.006155,0.00718333333333333,0.00862,0.00542,0.011605,0.00604666666666667,0.00720166666666667,0.00641,0.003585,0.00369,0.00317666666666667,0.00293666666666667,0.00282833333333333,0.00396833333333333,0.0018,0.00289333333333333,0.00117833333333333,0.00229833333333333,0.00167333333333333,0.00309,0.00186333333333333,0.000686666666666667,0.001285,0,0.000853333333333333,0.000748333333333333,0.000951666666666667,0.000385,0.000881666666666667,0,0.00084,0.000398333333333333,0.000688333333333333,0.00058,0.000986666666666667,0.000296666666666667,0.000126666666666667,0.000136666666666667,0.000146666666666667,0.000156666666666667,0.000166666666666667,0.00005,0,1,0,0,0,0,0,0,1,1,1,1,1,1,1,1,1,1,1,1,1,1,1,1,1,1,1,1,1,1,1,1,1,1,1,1,1,1,1,1,1,1,1,1,1,1,1,1,1,1,1,1,1,1,1,1,1,1,1,1,1,1,1,1,1,1,1,1,1,1,1,1,1,1,1,1,1,1,1,1,0
2026-05-24 18:00:00,53.9723351166667,0,0,0,0,0,0,0.0311433333333333,1.66046166666667,7.54966833333333,9.90373833333333,7.44074833333333,5.74651333333333,5.12654833333333,4.94524666666667,4.89505166666667,3.02923,1.01642333333333,0.463825,0.267156666666667,0.20812,0.183748333333333,0.170838333333333,0.180433333333333,0.126785,0.0883333333333333,0.0617216666666667,0.0493933333333333,0.048295,0.0392483333333333,0.0361433333333333,0.03391,0.027175,0.0252116666666667,0.0249316666666667,0.0134416666666667,0.018045,0.01567,0.00956333333333333,0.00906833333333333,0.0104916666666667,0.005695,0.00687166666666667,0.00739666666666667,0.00504166666666667,0.00520666666666667,0.00548333333333333,0.00419,0.003535,0.00119333333333333,0.00360333333333333,0.001715,0.00123,0.00288166666666667,0.00177833333333333,0.00133,0.00139833333333333,0.001405,0.000258333333333333,0.000778333333333333,0.00349666666666667,0.003175,0.00141,0.000951666666666667,0.00127,0.000423333333333333,0.001265,0.00084,0,0.000416666666666667,0.000415,0.00016,0.000361666666666667,0.000316666666666667,0.000341666666666667,0.000366666666666667,0.000391666666666667,0.000416666666666667,0.000125,0,1,0,0,0,0,0,0,1,1,1,1,1,1,1,1,1,1,1,1,1,1,1,1,1,1,1,1,1,1,1,1,1,1,1,1,1,1,1,1,1,1,1,1,1,1,1,1,1,1,1,1,1,1,1,1,1,1,1,1,1,1,1,1,1,1,1,1,1,1,1,1,1,1,1,1,1,1,1,1,0
2026-05-24 19:00:00,65.0173590166667,0,0,0,0,0,0,0.0220016666666667,1.70426166666667,8.33822666666667,11.4639533333333,8.80048166666667,6.84987,6.23647333333333,5.93024833333333,5.66331166666667,4.00961166666667,1.82846166666667,0.933991666666667,0.57576,0.438226666666667,0.377483333333333,0.350635,0.2922,0.209558333333333,0.1587,0.114336666666667,0.103148333333333,0.06378,0.0581333333333333,0.0496916666666667,0.04218,0.0363333333333333,0.0337333333333333,0.0263333333333333,0.025485,0.02572,0.021985,0.0164766666666667,0.0168883333333333,0.01115,0.00766333333333333,0.00971166666666667,0.00947166666666667,0.00538666666666667,0.00892666666666667,0.00578666666666667,0.00288833333333333,0.00543666666666667,0.00302666666666667,0.00618833333333333,0.00132333333333333,0.00503666666666667,0.00456333333333333,0.00235,0.00133,0.00137,0.00100333333333333,0.00261166666666667,0.001855,0.000503333333333333,0.00147,0.001835,0.000101666666666667,0.000423333333333333,0.000421666666666667,0,0.00042,0,0.000223333333333333,0.000193333333333333,0.000413333333333333,0.0000433333333333333,0.000126666666666667,0.000136666666666667,0.000146666666666667,0.000156666666666667,0.000166666666666667,0.00005,0,1,0,0,0,0,0,0,1,1,1,1,1,1,1,1,1,1,1,1,1,1,1,1,1,1,1,1,1,1,1,1,1,1,1,1,1,1,1,1,1,1,1,1,1,1,1,1,1,1,1,1,1,1,1,1,1,1,1,1,1,1,1,1,1,1,1,1,1,1,1,1,1,1,1,1,1,1,1,1,0
2026-05-24 20:00:00,68.9899644333333,0,0,0,0,0,0,0.0292683333333333,1.842555,9.09305166666667,12.71346,9.68434,7.33361166666667,6.42045333333333,6.18682166666667,5.95615833333333,4.13583,1.57360166666667,0.779595,0.48321,0.347633333333333,0.316891666666667,0.281476666666667,0.260156666666667,0.18982,0.148453333333333,0.103005,0.0878133333333333,0.0639866666666667,0.0498,0.0515966666666667,0.0448183333333333,0.0373583333333333,0.0331116666666667,0.0273516666666667,0.0301016666666667,0.0233283333333333,0.02232,0.0180733333333333,0.0177533333333333,0.0145416666666667,0.0105116666666667,0.00672166666666667,0.00852833333333333,0.00709333333333333,0.006565,0.00797,0.00440166666666667,0.00618166666666667,0.00396833333333333,0.003375,0.00596666666666667,0.00412333333333333,0.00492333333333333,0.003715,0.00122333333333333,0.00150166666666667,0.00286666666666667,0.001375,0.000428333333333333,0.00128166666666667,0.000806666666666667,0.00207166666666667,0.000101666666666667,0.000808333333333333,0.000808333333333333,0.000496666666666667,0.00042,0,0.00064,0.000608333333333333,0,0.000411666666666667,0,0,0,0,0,0,0,1,0,0,0,0,0,0,1,1,1,1,1,1,1,1,1,1,1,1,1,1,1,1,1,1,1,1,1,1,1,1,1,1,1,1,1,1,1,1,1,1,1,1,1,1,1,1,1,1,1,1,1,1,1,1,1,1,1,1,1,1,1,1,1,1,1,1,1,1,1,1,1,1,1,1,1,1,1,1,0
2026-05-24 21:00:00,87.4110386,0,0,0,0,0,0,0.0352716666666667,2.36095166666667,11.6981316666667,16.5991516666667,12.687115,9.38472166666667,8.02138833333333,7.42875,7.17356166666667,5.181115,2.1457,0.957596666666667,0.507851666666667,0.366515,0.308116666666667,0.303813333333333,0.287836666666667,0.215273333333333,0.15517,0.107941666666667,0.09012,0.0829433333333333,0.060725,0.0549783333333333,0.0472766666666667,0.0377666666666667,0.03281,0.0337983333333333,0.020495,0.01858,0.0180883333333333,0.01612,0.0158166666666667,0.0123333333333333,0.00855166666666667,0.0120616666666667,0.009875,0.00865166666666667,0.00496666666666667,0.00518,0.00896666666666667,0.00455,0.00425333333333333,0.00405166666666667,0.00204166666666667,0.0013,0.00245,0.00324,0.00245833333333333,0.000968333333333333,0.00217833333333333,0.00195,0.00199833333333333,0.001535,0.000853333333333333,0.000748333333333333,0.000488333333333333,0.000846666666666667,0.00207666666666667,0.00106333333333333,0.000696666666666667,0.000418333333333333,0.000416666666666667,0,0,0,0,0,0,0,0,0,0,1,0,0,0,0,0,0,1,1,1,1,1,1,1,1,1,1,1,1,1,1,1,1,1,1,1,1,1,1,1,1,1,1,1,1,1,1,1,1,1,1,1,1,1,1,1,1,1,1,1,1,1,1,1,1,1,1,1,1,1,1,1,1,1,1,1,1,1,1,1,1,1,1,1,1,1,1,1,1,0
2026-05-24 22:00:00,128.238248316667,0,0,0,0,0,0,0.048525,3.34303333333333,16.5977633333333,23.95009,18.5061533333333,13.9930333333333,11.9054516666667,10.988765,10.7193466666667,7.97827666666667,3.66888833333333,1.57556333333333,0.892365,0.608471666666667,0.546778333333333,0.514091666666667,0.480393333333333,0.366526666666667,0.23526,0.171791666666667,0.140258333333333,0.109538333333333,0.0943366666666667,0.0773616666666667,0.073085,0.055145,0.045015,0.04209,0.0315733333333333,0.0261566666666667,0.0218466666666667,0.0188683333333333,0.0127666666666667,0.01003,0.011825,0.00688333333333333,0.00929,0.00856,0.00836,0.006385,0.00607166666666667,0.0106366666666667,0.005475,0.003865,0.00709666666666667,0.00296333333333333,0.00724666666666667,0.00324,0.001595,0.00177166666666667,0.00146166666666667,0.00154333333333333,0.000778333333333333,0.000503333333333333,0.000426666666666667,0.000425,0,0,0.000845,0.000283333333333333,0.000558333333333333,0,0.000223333333333333,0.000193333333333333,0.000573333333333333,0.000686666666666667,0.0000633333333333333,0.0000683333333333333,0.0000733333333333333,0.0000783333333333333,0.0000833333333333333,0.000025,0,1,0,0,0,0,0,0,1,1,1,1,1,1,1,1,1,1,1,1,1,1,1,1,1,1,1,1,1,1,1,1,1,1,1,1,1,1,1,1,1,1,1,1,1,1,1,1,1,1,1,1,1,1,1,1,1,1,1,1,1,1,1,1,1,1,1,1,1,1,1,1,1,1,1,1,1,1,1,1,0
2026-05-24 23:00:00,189.49545975,0,0,0,0,0,0,0.0737233333333333,4.97067333333333,24.4815816666667,35.026535,27.2110033333333,20.7066966666667,17.9197616666667,16.5065,16.45898,10.79822,5.06970333333333,2.31389,1.305575,0.984485,0.83346,0.806063333333333,0.769258333333333,0.512955,0.364181666666667,0.236753333333333,0.19148,0.149155,0.12696,0.122363333333333,0.0818633333333333,0.0683866666666667,0.05521,0.0479933333333333,0.0448483333333333,0.034765,0.02475,0.02792,0.0201766666666667,0.0194816666666667,0.016315,0.0216233333333333,0.0160666666666667,0.0123933333333333,0.00781166666666667,0.00825666666666667,0.00781333333333333,0.00928,0.00689333333333333,0.005945,0.005595,0.00458,0.00340666666666667,0.00307333333333333,0.004245,0.00408166666666667,0.002265,0.00235166666666667,0.001945,0.001535,0.000616666666666667,0.001835,0.000101666666666667,0.00119333333333333,0.00127,0.000358333333333333,0.000426666666666667,0.000131666666666667,0,0,0,0.0000433333333333333,0.000126666666666667,0.000136666666666667,0.000146666666666667,0.000156666666666667,0.000166666666666667,0.00005,0,1,0,0,0,0,0,0,1,1,1,1,1,1,1,1,1,1,1,1,1,1,1,1,1,1,1,1,1,1,1,1,1,1,1,1,1,1,1,1,1,1,1,1,1,1,1,1,1,1,1,1,1,1,1,1,1,1,1,1,1,1,1,1,1,1,1,1,1,1,1,1,1,1,1,1,1,1,1,1,0
2026-05-25,271.806696566667,0,0,0,0,0,0,0.117818333333333,7.4584,34.3880533333333,47.773885,37.7219483333333,29.6338133333333,26.0294566666667,24.5299066666667,25.3737683333333,16.0030383333333,8.31188833333333,3.825755,2.21551166666667,1.65721333333333,1.39599666666667,1.38620666666667,1.28246833333333,0.843956666666667,0.576615,0.392201666666667,0.274248333333333,0.235383333333333,0.189031666666667,0.146561666666667,0.123291666666667,0.0940833333333333,0.07289,0.0751533333333333,0.05491,0.050415,0.0411666666666667,0.0313966666666667,0.0269966666666667,0.0243766666666667,0.021575,0.018515,0.0190566666666667,0.01534,0.0135983333333333,0.0125283333333333,0.01135,0.0101116666666667,0.0119083333333333,0.0100916666666667,0.00844,0.006335,0.00398833333333333,0.00292166666666667,0.00429666666666667,0.00317,0.00157666666666667,0.002235,0.000856666666666667,0.00171,0.000853333333333333,0.000425,0,0.001655,0.00046,0,0.00042,0.000418333333333333,0.000223333333333333,0.000608333333333333,0,0.000433333333333333,0.0000633333333333333,0.0000683333333333333,0.0000733333333333333,0.0000783333333333333,0.0000833333333333333,0.000025,0,1,0,0,0,0,0,0,1,1,1,1,1,1,1,1,1,1,1,1,1,1,1,1,1,1,1,1,1,1,1,1,1,1,1,1,1,1,1,1,1,1,1,1,1,1,1,1,1,1,1,1,1,1,1,1,1,1,1,1,1,1,1,1,1,1,1,1,1,1,1,1,1,1,1,1,1,1,1,1,0
2026-05-25 01:00:00,300.896745783333,0,0,0,0,0,0,0.130355,8.340655,38.661155,53.3480616666667,41.814625,32.7080733333333,28.0970616666667,25.6409433333333,25.5486966666667,18.916475,10.0151683333333,4.49913166666667,2.58025333333333,1.82767666666667,1.50929,1.41147,1.28518666666667,0.931188333333333,0.628686666666667,0.425948333333333,0.325858333333333,0.252415,0.208001666666667,0.154068333333333,0.14911,0.111711666666667,0.09902,0.0862166666666667,0.0609566666666667,0.059885,0.04203,0.0400616666666667,0.0312816666666667,0.0308833333333333,0.0290166666666667,0.02441,0.0241033333333333,0.024985,0.0208183333333333,0.01324,0.0104633333333333,0.016275,0.00983,0.0125316666666667,0.00891666666666667,0.00978,0.00597333333333333,0.00694833333333333,0.00554666666666667,0.00187666666666667,0.00189166666666667,0.001005,0.00192,0.00332,0.000426666666666667,0.00149666666666667,0.00190333333333333,0.00169333333333333,0.000423333333333333,0,0,0,0,0.000415,0,0.0000433333333333333,0.000126666666666667,0.000136666666666667,0.000146666666666667,0.000156666666666667,0.000166666666666667,0.00005,0,1,0,0,0,0,0,0,1,1,1,1,1,1,1,1,1,1,1,1,1,1,1,1,1,1,1,1,1,1,1,1,1,1,1,1,1,1,1,1,1,1,1,1,1,1,1,1,1,1,1,1,1,1,1,1,1,1,1,1,1,1,1,1,1,1,1,1,1,1,1,1,1,1,1,1,1,1,1,1,0
2026-05-25 02:00:00,239.0527873,0,0,0,0,0,0,0.111641666666667,7.28744833333333,33.1775166666667,44.8873,34.3829966666667,26.1707333333333,21.87011,19.4046066666667,18.897905,13.7182483333333,7.05576833333333,3.07449166666667,1.77134666666667,1.23468166666667,1.02735333333333,0.917315,0.810021666666667,0.64694,0.420641666666667,0.31843,0.247496666666667,0.194016666666667,0.15706,0.136068333333333,0.107765,0.0950616666666667,0.0765883333333333,0.0790283333333333,0.0672333333333333,0.0499766666666667,0.04062,0.034615,0.0336366666666667,0.033245,0.0314016666666667,0.022165,0.0262066666666667,0.0200483333333333,0.0219516666666667,0.0160666666666667,0.014435,0.01504,0.0104383333333333,0.008945,0.00760166666666667,0.0117366666666667,0.005205,0.00574166666666667,0.00589166666666667,0.00502833333333333,0.0039,0.00149,0.00229333333333333,0.00203833333333333,0.00128,0.000748333333333333,0.000526666666666667,0,0.000846666666666667,0.000421666666666667,0,0.000836666666666667,0,0.000415,0,0.000866666666666667,0.000126666666666667,0.000136666666666667,0.000146666666666667,0.000156666666666667,0.000166666666666667,0.00005,0,1,0,0,0,0,0,0,1,1,1,1,1,1,1,1,1,1,1,1,1,1,1,1,1,1,1,1,1,1,1,1,1,1,1,1,1,1,1,1,1,1,1,1,1,1,1,1,1,1,1,1,1,1,1,1,1,1,1,1,1,1,1,1,1,1,1,1,1,1,1,1,1,1,1,1,1,1,1,1,0
2026-05-25 03:00:00,196.1373774,0,0,0,0,0,0,0.0818666666666667,5.99853166666667,27.2148733333333,36.7399566666667,28.1001383333333,21.521575,18.0258266666667,16.10231,15.552155,11.7046116666667,5.63283166666667,2.54848833333333,1.4275,0.975718333333333,0.832126666666667,0.783135,0.686896666666667,0.538071666666667,0.37245,0.260128333333333,0.19245,0.15659,0.123703333333333,0.108585,0.084375,0.0825783333333333,0.053585,0.0506566666666667,0.0482633333333333,0.0370866666666667,0.0363883333333333,0.04022,0.0337233333333333,0.023465,0.0254983333333333,0.0188116666666667,0.019425,0.016465,0.01651,0.0127016666666667,0.0138266666666667,0.00975166666666667,0.0121233333333333,0.0065,0.00564166666666667,0.007975,0.00757333333333333,0.00397666666666667,0.00395333333333333,0.00145,0.00286666666666667,0.00243833333333333,0.00125166666666667,0.000251666666666667,0.000616666666666667,0.00108666666666667,0.00123666666666667,0.000461666666666667,0.000423333333333333,0.000843333333333333,0.000288333333333333,0.00053,0.000658333333333333,0.000193333333333333,0,0,0,0,0,0,0,0,0,1,0,0,0,0,0,0,1,1,1,1,1,1,1,1,1,1,1,1,1,1,1,1,1,1,1,1,1,1,1,1,1,1,1,1,1,1,1,1,1,1,1,1,1,1,1,1,1,1,1,1,1,1,1,1,1,1,1,1,1,1,1,1,1,1,1,1,1,1,1,1,1,1,1,1,1,1,1,1,0
2026-05-25 04:00:00,158.751517,0,0,0,0,0,0,0.08208,4.957455,22.898865,30.436535,23.2489116666667,17.4271316666667,14.41531,12.74102,12.3499416666667,8.91805166666667,3.95617,1.75632333333333,1.008155,0.69157,0.581485,0.562158333333333,0.472518333333333,0.340243333333333,0.250705,0.179541666666667,0.142855,0.112236666666667,0.0818316666666667,0.0786533333333333,0.061445,0.0585733333333333,0.05315,0.0430216666666667,0.0403016666666667,0.0360183333333333,0.0324683333333333,0.0287183333333333,0.0211433333333333,0.0194033333333333,0.0168716666666667,0.0146983333333333,0.0180033333333333,0.01363,0.0137183333333333,0.00956833333333333,0.0107733333333333,0.00951166666666667,0.00781666666666667,0.00767833333333333,0.00397166666666667,0.00957,0.00372166666666667,0.00544166666666667,0.00257166666666667,0.00231,0.001835,0.001115,0.00103166666666667,0.001105,0.000426666666666667,0.00085,0.000811666666666667,0.000423333333333333,0.0000383333333333333,0,0,0.000796666666666667,0.0000366666666666667,0,0,0.000433333333333333,0.0000633333333333333,0.0000683333333333333,0.0000733333333333333,0.0000783333333333333,0.0000833333333333333,0.000025,0,1,0,0,0,0,0,0,1,1,1,1,1,1,1,1,1,1,1,1,1,1,1,1,1,1,1,1,1,1,1,1,1,1,1,1,1,1,1,1,1,1,1,1,1,1,1,1,1,1,1,1,1,1,1,1,1,1,1,1,1,1,1,1,1,1,1,1,1,1,1,1,1,1,1,1,1,1,1,1,0
2026-05-25 05:00:00,170.29381435,0,0,0,0,0,0,0.0938166666666667,5.48797,24.6005733333333,32.7609016666667,24.9151266666667,18.803115,15.5551933333333,13.7176666666667,13.1807966666667,9.18703166666667,4.27017666666667,1.82608833333333,1.018305,0.744281666666667,0.616005,0.56213,0.53304,0.380818333333333,0.268803333333333,0.195808333333333,0.142448333333333,0.121583333333333,0.099025,0.0848716666666667,0.0733383333333333,0.0531266666666667,0.0481533333333333,0.0473283333333333,0.0367966666666667,0.032315,0.0325516666666667,0.0238616666666667,0.0227833333333333,0.0194983333333333,0.0118283333333333,0.012995,0.0145566666666667,0.00880833333333333,0.0101516666666667,0.00765833333333333,0.00824333333333333,0.00761166666666667,0.00774333333333333,0.00259166666666667,0.00542833333333333,0.00335,0.00326666666666667,0.00228,0.00122333333333333,0.001075,0.001835,0.000258333333333333,0.00146,0.00153333333333333,0.000853333333333333,0.00149833333333333,0.00059,0.000461666666666667,0.000768333333333333,0.000358333333333333,0.000138333333333333,0.000418333333333333,0.000416666666666667,0.000415,0,0.0000433333333333333,0.000126666666666667,0.000136666666666667,0.000146666666666667,0.000156666666666667,0.000166666666666667,0.00005,0,1,0,0,0,0,0,0,1,1,1,1,1,1,1,1,1,1,1,1,1,1,1,1,1,1,1,1,1,1,1,1,1,1,1,1,1,1,1,1,1,1,1,1,1,1,1,1,1,1,1,1,1,1,1,1,1,1,1,1,1,1,1,1,1,1,1,1,1,1,1,1,1,1,1,1,1,1,1,1,0
2026-05-25 06:00:00,154.934801933333,0,0,0,0,0,0,0.0725216666666667,4.96984833333333,22.5262133333333,29.9089883333333,22.557555,16.9882133333333,14.2288383333333,12.953845,12.32695,7.60520333333333,3.50115333333333,1.56800166666667,0.922163333333333,0.64785,0.569643333333333,0.549343333333333,0.544598333333333,0.403501666666667,0.295876666666667,0.213921666666667,0.17962,0.153695,0.120726666666667,0.121541666666667,0.102335,0.09003,0.0720583333333333,0.0621033333333333,0.0548516666666667,0.0530733333333333,0.0443383333333333,0.0321383333333333,0.0321333333333333,0.0260733333333333,0.025285,0.0244016666666667,0.0244216666666667,0.0157783333333333,0.0170666666666667,0.0140116666666667,0.013015,0.0111833333333333,0.00967333333333333,0.01161,0.00949833333333333,0.00749666666666667,0.00631333333333333,0.005195,0.00523,0.00201166666666667,0.00223666666666667,0.001975,0.00360166666666667,0.00153666666666667,0.00189666666666667,0.002685,0.00137666666666667,0.00127,0.00161333333333333,0.00078,0.000846666666666667,0.00055,0.000833333333333333,0.000415,0.000826666666666667,0.000108333333333333,0.000316666666666667,0.000341666666666667,0.000366666666666667,0.000391666666666667,0.000416666666666667,0.000125,0,1,0,0,0,0,0,0,1,1,1,1,1,1,1,1,1,1,1,1,1,1,1,1,1,1,1,1,1,1,1,1,1,1,1,1,1,1,1,1,1,1,1,1,1,1,1,1,1,1,1,1,1,1,1,1,1,1,1,1,1,1,1,1,1,1,1,1,1,1,1,1,1,1,1,1,1,1,1,1,0
2026-05-25 07:00:00,173.552802233333,0,0,0,0,0,0,0.097515,6.015295,26.3070766666667,33.6969583333333,25.05275,18.780945,15.6583,14.2456383333333,13.3584983333333,7.98543,3.35388333333333,1.52066333333333,0.934101666666667,0.710515,0.625278333333333,0.668656666666667,0.640193333333333,0.468333333333333,0.354283333333333,0.268146666666667,0.243688333333333,0.23588,0.187796666666667,0.18973,0.142798333333333,0.142426666666667,0.114505,0.104796666666667,0.0913533333333333,0.077995,0.0619566666666667,0.0557066666666667,0.051735,0.042675,0.0419283333333333,0.0331516666666667,0.03187,0.0325483333333333,0.0300616666666667,0.0292866666666667,0.0176966666666667,0.0170716666666667,0.0162433333333333,0.0180583333333333,0.013195,0.010755,0.0118783333333333,0.0115266666666667,0.00903333333333333,0.00556666666666667,0.00711,0.005415,0.00386333333333333,0.00613333333333333,0.00526166666666667,0.00348166666666667,0.003565,0.00365666666666667,0.00242333333333333,0.00198666666666667,0.00309666666666667,0.0011,0.00064,0.00161166666666667,0.00138666666666667,0.00141666666666667,0.000253333333333333,0.000273333333333333,0.000293333333333333,0.000313333333333333,0.000333333333333333,0.0001,0,1,0,0,0,0,0,0,1,1,1,1,1,1,1,1,1,1,1,1,1,1,1,1,1,1,1,1,1,1,1,1,1,1,1,1,1,1,1,1,1,1,1,1,1,1,1,1,1,1,1,1,1,1,1,1,1,1,1,1,1,1,1,1,1,1,1,1,1,1,1,1,1,1,1,1,1,1,1,1,0
2026-05-25 08:00:00,140.198170583333,0,0,0,0,0,0,0.08376,5.25686333333333,22.4865216666667,27.849645,20.2462033333333,14.8732066666667,12.3141466666667,11.117775,10.3662683333333,6.16309166666667,2.10058666666667,1.01416833333333,0.641753333333333,0.50527,0.46737,0.489298333333333,0.468508333333333,0.378445,0.329405,0.253133333333333,0.214833333333333,0.230136666666667,0.176806666666667,0.189156666666667,0.138688333333333,0.150678333333333,0.132025,0.110953333333333,0.10199,0.0952133333333333,0.0887716666666667,0.0776983333333333,0.0606916666666667,0.0508066666666667,0.05246,0.0583033333333333,0.0534083333333333,0.0380533333333333,0.0375166666666667,0.031985,0.0359183333333333,0.0299,0.0286633333333333,0.0249516666666667,0.02031,0.0198183333333333,0.0135266666666667,0.0177883333333333,0.0171866666666667,0.0123183333333333,0.008575,0.00845333333333333,0.00545,0.00563166666666667,0.005025,0.00286833333333333,0.00310166666666667,0.00542666666666667,0.00169166666666667,0.001835,0.00154833333333333,0.00132666666666667,0.00297166666666667,0.00141833333333333,0.00189333333333333,0.000585,0.000506666666666667,0.000545,0.000585,0.000626666666666667,0.000668333333333333,0.000198333333333333,0,1,0,0,0,0,0,0,1,1,1,1,1,1,1,1,1,1,1,1,1,1,1,1,1,1,1,1,1,1,1,1,1,1,1,1,1,1,1,1,1,1,1,1,1,1,1,1,1,1,1,1,1,1,1,1,1,1,1,1,1,1,1,1,1,1,1,1,1,1,1,1,1,1,1,1,1,1,1,1,0
2026-05-25 09:00:00,136.207678716667,0,0,0,0,0,0,0.0917316666666667,5.26075666666667,22.1304683333333,27.1036683333333,19.4468383333333,14.3445216666667,11.928435,10.747795,10.47167,5.47042333333333,1.61943666666667,0.811841666666667,0.547605,0.452133333333333,0.418228333333333,0.42685,0.398863333333333,0.338361666666667,0.309986666666667,0.27838,0.241756666666667,0.237466666666667,0.207326666666667,0.221843333333333,0.179838333333333,0.1741,0.173168333333333,0.15297,0.139386666666667,0.1298,0.123296666666667,0.112473333333333,0.108836666666667,0.097915,0.0952383333333333,0.09288,0.081745,0.0653483333333333,0.0690683333333333,0.057025,0.0480116666666667,0.0417233333333333,0.0395116666666667,0.0384166666666667,0.033745,0.0243083333333333,0.02478,0.0173283333333333,0.018,0.0208516666666667,0.0120416666666667,0.00668166666666667,0.00997166666666667,0.00699,0.00754,0.00791833333333333,0.004865,0.00304,0.002345,0.00106833333333333,0.002545,0.00202833333333333,0.00170333333333333,0.002905,0.000413333333333333,0.00106166666666667,0.000696666666666667,0.00075,0.000805,0.000861666666666667,0.000918333333333333,0.000273333333333333,0,1,0,0,0,0,0,0,1,1,1,1,1,1,1,1,1,1,1,1,1,1,1,1,1,1,1,1,1,1,1,1,1,1,1,1,1,1,1,1,1,1,1,1,1,1,1,1,1,1,1,1,1,1,1,1,1,1,1,1,1,1,1,1,1,1,1,1,1,1,1,1,1,1,1,1,1,1,1,1,0
2026-05-25 10:00:00,150.20399715,0,0,0,0,0,0,0.08905,5.41742166666667,23.6265383333333,29.4317483333333,21.3834666666667,15.8532266666667,13.3485116666667,12.1856033333333,11.74866,5.75689666666667,1.80715,0.918693333333333,0.637403333333333,0.537788333333333,0.480028333333333,0.504133333333333,0.491243333333333,0.451155,0.367286666666667,0.352411666666667,0.3275,0.296685,0.280286666666667,0.283361666666667,0.236691666666667,0.2397,0.218695,0.212393333333333,0.183223333333333,0.167748333333333,0.179815,0.14511,0.138945,0.134608333333333,0.115728333333333,0.109048333333333,0.106718333333333,0.0945116666666667,0.0867466666666667,0.07788,0.06304,0.0530916666666667,0.063765,0.0504583333333333,0.0450216666666667,0.027955,0.0302833333333333,0.0247116666666667,0.02311,0.0143033333333333,0.012985,0.0126316666666667,0.0108983333333333,0.0109916666666667,0.008865,0.00649,0.00543,0.00739,0.00542,0.00220666666666667,0.00324,0.00244666666666667,0.00170333333333333,0.00166,0.00197333333333333,0.00156833333333333,0.000696666666666667,0.000751666666666667,0.000806666666666667,0.000861666666666667,0.000916666666666667,0.000275,0,1,0,0,0,0,0,0,1,1,1,1,1,1,1,1,1,1,1,1,1,1,1,1,1,1,1,1,1,1,1,1,1,1,1,1,1,1,1,1,1,1,1,1,1,1,1,1,1,1,1,1,1,1,1,1,1,1,1,1,1,1,1,1,1,1,1,1,1,1,1,1,1,1,1,1,1,1,1,1,0
2026-05-25 11:00:00,104.937950083333,0,0,0,0,0,0,0.0611083333333333,3.700845,15.739415,19.6383333333333,14.15776,10.26833,8.547385,7.46332833333333,7.29204833333333,4.36346833333333,1.50375,0.948266666666667,0.744741666666667,0.675476666666667,0.619416666666667,0.641836666666667,0.644351666666667,0.563865,0.520021666666667,0.501436666666667,0.486108333333333,0.44928,0.41643,0.385973333333333,0.349575,0.361845,0.32016,0.273071666666667,0.269383333333333,0.296535,0.269753333333333,0.21559,0.229315,0.206025,0.192063333333333,0.173321666666667,0.165663333333333,0.13388,0.13048,0.11482,0.108606666666667,0.105593333333333,0.0926583333333333,0.0823316666666667,0.068545,0.0639183333333333,0.0500316666666667,0.0475283333333333,0.03365,0.02829,0.022825,0.0182383333333333,0.0233983333333333,0.0178066666666667,0.013845,0.0110266666666667,0.00884833333333333,0.00938666666666667,0.00791833333333333,0.00685,0.004365,0.00421666666666667,0.00279833333333333,0.00119666666666667,0.00196,0.00305666666666667,0.000696666666666667,0.000748333333333333,0.000803333333333333,0.000861666666666667,0.00092,0.000271666666666667,0,1,0,0,0,0,0,0,1,1,1,1,1,1,1,1,1,1,1,1,1,1,1,1,1,1,1,1,1,1,1,1,1,1,1,1,1,1,1,1,1,1,1,1,1,1,1,1,1,1,1,1,1,1,1,1,1,1,1,1,1,1,1,1,1,1,1,1,1,1,1,1,1,1,1,1,1,1,1,1,0
2026-05-25 12:00:00,105.638679283333,0,0,0,0,0,0,0.0602283333333333,3.62804666666667,15.6183233333333,19.577985,13.951875,10.3858716666667,8.44367333333333,7.357775,7.00816333333333,4.538655,1.608425,1.008865,0.815555,0.721816666666667,0.72648,0.72507,0.750223333333333,0.67295,0.613816666666667,0.552821666666667,0.526928333333333,0.502691666666667,0.463895,0.437155,0.394788333333333,0.401086666666667,0.375681666666667,0.338298333333333,0.311748333333333,0.310926666666667,0.295991666666667,0.2837,0.266545,0.219953333333333,0.21884,0.204161666666667,0.199478333333333,0.164036666666667,0.167106666666667,0.143111666666667,0.123055,0.121708333333333,0.114986666666667,0.083565,0.0888566666666667,0.0745183333333333,0.0665316666666667,0.0511333333333333,0.0423916666666667,0.0386183333333333,0.030715,0.0273133333333333,0.0234233333333333,0.0180616666666667,0.0167333333333333,0.013365,0.0125533333333333,0.01066,0.007265,0.007925,0.00617166666666667,0.00742666666666667,0.0043,0.00409333333333333,0.00165333333333333,0.00026,0.00076,0.000815,0.000875,0.00094,0.001005,0.000295,0,1,0,0,0,0,0,0,1,1,1,1,1,1,1,1,1,1,1,1,1,1,1,1,1,1,1,1,1,1,1,1,1,1,1,1,1,1,1,1,1,1,1,1,1,1,1,1,1,1,1,1,1,1,1,1,1,1,1,1,1,1,1,1,1,1,1,1,1,1,1,1,1,1,1,1,1,1,1,1,0
2026-05-25 13:00:00,134.997844966667,0,0,0,0,0,0,0.078655,4.76849333333333,20.8894066666667,26.3465033333333,18.9427233333333,13.81523,11.3489283333333,9.83243833333333,9.39212166666667,5.60149166666667,1.72528333333333,1.00356333333333,0.760893333333333,0.67229,0.666271666666667,0.674415,0.654195,0.59213,0.53426,0.510323333333333,0.469131666666667,0.445081666666667,0.425751666666667,0.393731666666667,0.34482,0.342113333333333,0.324661666666667,0.319346666666667,0.288785,0.286045,0.281006666666667,0.257635,0.215621666666667,0.213106666666667,0.209243333333333,0.172571666666667,0.17425,0.146531666666667,0.147723333333333,0.112903333333333,0.108235,0.100903333333333,0.0880433333333333,0.07263,0.0753483333333333,0.064855,0.05579,0.04702,0.0449266666666667,0.0335533333333333,0.026445,0.0233216666666667,0.0180916666666667,0.0193233333333333,0.0146483333333333,0.0138316666666667,0.00783333333333333,0.0131616666666667,0.009455,0.00799666666666667,0.00827833333333333,0.00557833333333333,0.003455,0.001805,0.0018,0.000875,0.00107666666666667,0.00116,0.001245,0.00133166666666667,0.00141833333333333,0.000423333333333333,0,1,0,0,0,0,0,0,1,1,1,1,1,1,1,1,1,1,1,1,1,1,1,1,1,1,1,1,1,1,1,1,1,1,1,1,1,1,1,1,1,1,1,1,1,1,1,1,1,1,1,1,1,1,1,1,1,1,1,1,1,1,1,1,1,1,1,1,1,1,1,1,1,1,1,1,1,1,1,1,0
2026-05-25 14:00:00,139.63003985,0,0,0,0,0,0,0.0753216666666667,4.76634666666667,21.2230766666667,27.0945983333333,19.68421,14.453,11.722425,10.279555,9.89108166666667,5.712515,1.65981166666667,1.01777833333333,0.802105,0.687508333333333,0.62909,0.65693,0.619426666666667,0.58228,0.57292,0.516385,0.486156666666667,0.459936666666667,0.401855,0.409271666666667,0.35218,0.33568,0.307028333333333,0.304811666666667,0.290236666666667,0.285446666666667,0.253955,0.243441666666667,0.222165,0.215698333333333,0.196896666666667,0.19169,0.186746666666667,0.146171666666667,0.139993333333333,0.116558333333333,0.110628333333333,0.095565,0.0820966666666667,0.08198,0.0719683333333333,0.0640333333333333,0.0647383333333333,0.0465766666666667,0.0417166666666667,0.0355966666666667,0.036965,0.0292866666666667,0.0194283333333333,0.019905,0.0243116666666667,0.01452,0.0135483333333333,0.0115066666666667,0.0100233333333333,0.00453833333333333,0.00407,0.00438666666666667,0.003865,0.00419833333333333,0.00244,0.00138833333333333,0.000633333333333333,0.000683333333333333,0.000733333333333333,0.000783333333333333,0.000833333333333333,0.00025,0,1,0,0,0,0,0,0,1,1,1,1,1,1,1,1,1,1,1,1,1,1,1,1,1,1,1,1,1,1,1,1,1,1,1,1,1,1,1,1,1,1,1,1,1,1,1,1,1,1,1,1,1,1,1,1,1,1,1,1,1,1,1,1,1,1,1,1,1,1,1,1,1,1,1,1,1,1,1,1,0
2026-05-25 15:00:00,165.490966516667,0,0,0,0,0,0,0.0901183333333333,5.87996166666667,25.878825,32.6413766666667,23.5621416666667,17.2571033333333,14.3547,12.643605,11.9304183333333,6.89898333333333,1.94095833333333,1.11532333333333,0.805961666666667,0.720448333333333,0.66491,0.709238333333333,0.683945,0.594531666666667,0.577453333333333,0.539168333333333,0.479463333333333,0.47727,0.443735,0.41428,0.361355,0.376416666666667,0.337901666666667,0.320423333333333,0.31742,0.292766666666667,0.26651,0.24695,0.2384,0.219296666666667,0.209846666666667,0.201588333333333,0.180135,0.157868333333333,0.155441666666667,0.127121666666667,0.1216,0.112121666666667,0.09217,0.081655,0.08205,0.059115,0.065615,0.047205,0.0397366666666667,0.0342083333333333,0.0384566666666667,0.02428,0.0188433333333333,0.0175333333333333,0.0169266666666667,0.0149783333333333,0.0109033333333333,0.012085,0.0124466666666667,0.00637166666666667,0.0042,0.00589333333333333,0.00393333333333333,0.00382333333333333,0.00402666666666667,0.00192833333333333,0.00101333333333333,0.00109,0.00117,0.00125333333333333,0.00133666666666667,0.000396666666666667,0,1,0,0,0,0,0,0,1,1,1,1,1,1,1,1,1,1,1,1,1,1,1,1,1,1,1,1,1,1,1,1,1,1,1,1,1,1,1,1,1,1,1,1,1,1,1,1,1,1,1,1,1,1,1,1,1,1,1,1,1,1,1,1,1,1,1,1,1,1,1,1,1,1,1,1,1,1,1,1,0
2026-05-25 16:00:00,174.843931033333,0,0,0,0,0,0,0.110358333333333,6.12094666666667,27.238805,34.3809516666667,24.8140516666667,18.2488833333333,14.9595066666667,13.1341533333333,12.7000033333333,7.86162,2.11619666666667,1.17176833333333,0.820436666666667,0.734596666666667,0.72033,0.677588333333333,0.665251666666667,0.612808333333333,0.57366,0.53119,0.498471666666667,0.467675,0.423425,0.411355,0.389666666666667,0.384195,0.348938333333333,0.312756666666667,0.304926666666667,0.296445,0.269198333333333,0.264875,0.254133333333333,0.246545,0.20574,0.184108333333333,0.18447,0.143311666666667,0.157258333333333,0.136136666666667,0.13862,0.110065,0.0978883333333333,0.08115,0.070595,0.0662283333333333,0.0628866666666667,0.04586,0.04974,0.0393583333333333,0.0340766666666667,0.0289816666666667,0.0246,0.022145,0.0208066666666667,0.0148983333333333,0.0129866666666667,0.00969833333333333,0.00907,0.00968,0.00589333333333333,0.005845,0.004695,0.00342666666666667,0.00278666666666667,0.000693333333333333,0.000823333333333333,0.000888333333333333,0.000953333333333333,0.00101833333333333,0.00108333333333333,0.000325,0,1,0,0,0,0,0,0,1,1,1,1,1,1,1,1,1,1,1,1,1,1,1,1,1,1,1,1,1,1,1,1,1,1,1,1,1,1,1,1,1,1,1,1,1,1,1,1,1,1,1,1,1,1,1,1,1,1,1,1,1,1,1,1,1,1,1,1,1,1,1,1,1,1,1,1,1,1,1,1,0
2026-05-25 17:00:00,171.770368233333,0,0,0,0,0,0,0.0935783333333333,5.82089166666667,26.2085683333333,33.18056,23.8519033333333,17.6570516666667,14.3504516666667,12.8217783333333,12.2282916666667,7.64726833333333,2.21068166666667,1.25539166666667,0.904575,0.825566666666667,0.81219,0.812106666666667,0.781475,0.700836666666667,0.645285,0.594565,0.540776666666667,0.501793333333333,0.465101666666667,0.46883,0.411958333333333,0.420006666666667,0.411548333333333,0.356293333333333,0.338783333333333,0.31134,0.326118333333333,0.31072,0.27756,0.25825,0.230275,0.215661666666667,0.21506,0.165796666666667,0.176418333333333,0.148856666666667,0.131276666666667,0.114676666666667,0.103178333333333,0.0950166666666667,0.0925883333333333,0.082335,0.0588916666666667,0.05407,0.0525166666666667,0.0444466666666667,0.0358433333333333,0.0340983333333333,0.0278733333333333,0.0227766666666667,0.02081,0.0214216666666667,0.0103783333333333,0.013705,0.0109166666666667,0.00855666666666667,0.00489166666666667,0.00345833333333333,0.00341166666666667,0.00278166666666667,0.00213333333333333,0.00116833333333333,0.00101166666666667,0.00109,0.00117,0.00125333333333333,0.00133666666666667,0.000396666666666667,0,1,0,0,0,0,0,0,1,1,1,1,1,1,1,1,1,1,1,1,1,1,1,1,1,1,1,1,1,1,1,1,1,1,1,1,1,1,1,1,1,1,1,1,1,1,1,1,1,1,1,1,1,1,1,1,1,1,1,1,1,1,1,1,1,1,1,1,1,1,1,1,1,1,1,1,1,1,1,1,0
2026-05-25 18:00:00,183.095032483333,0,0,0,0,0,0,0.104518333333333,6.11544,27.8303066666667,35.487855,25.7424366666667,18.8341166666667,15.64997,13.9457416666667,13.381175,8.192675,2.30546666666667,1.29272333333333,0.97268,0.896278333333333,0.833575,0.842828333333333,0.806798333333333,0.709598333333333,0.662063333333333,0.575233333333333,0.562116666666667,0.563266666666667,0.481108333333333,0.477786666666667,0.42881,0.466405,0.427383333333333,0.376788333333333,0.344701666666667,0.354756666666667,0.312128333333333,0.291675,0.261841666666667,0.240548333333333,0.241041666666667,0.223063333333333,0.20771,0.173238333333333,0.164053333333333,0.156133333333333,0.127416666666667,0.122943333333333,0.107486666666667,0.103526666666667,0.09916,0.0728133333333333,0.0806816666666667,0.0572916666666667,0.055965,0.0413816666666667,0.03693,0.0301183333333333,0.0228433333333333,0.0187466666666667,0.0219933333333333,0.00925666666666667,0.0128833333333333,0.008355,0.0101433333333333,0.00574166666666667,0.00364333333333333,0.00342166666666667,0.00319666666666667,0.000608333333333333,0.000986666666666667,0.000361666666666667,0.000316666666666667,0.00034,0.000365,0.000391666666666667,0.000418333333333333,0.000123333333333333,0,1,0,0,0,0,0,0,1,1,1,1,1,1,1,1,1,1,1,1,1,1,1,1,1,1,1,1,1,1,1,1,1,1,1,1,1,1,1,1,1,1,1,1,1,1,1,1,1,1,1,1,1,1,1,1,1,1,1,1,1,1,1,1,1,1,1,1,1,1,1,1,1,1,1,1,1,1,1,1,0
2026-05-25 19:00:00,226.703681933333,0,0,0,0,0,0,0.137331666666667,8.02732,35.5190866666667,44.7756633333333,32.1133383333333,23.7048283333333,19.5591533333333,17.4396833333333,16.80511,10.0347883333333,2.94153333333333,1.55922,1.0573,0.956951666666667,0.918075,0.900391666666667,0.894516666666667,0.755508333333333,0.658555,0.578541666666667,0.56433,0.519651666666667,0.471318333333333,0.465928333333333,0.416686666666667,0.400695,0.411556666666667,0.339428333333333,0.325505,0.334341666666667,0.306763333333333,0.282378333333333,0.25057,0.23373,0.220163333333333,0.185938333333333,0.184163333333333,0.162941666666667,0.151118333333333,0.128861666666667,0.123768333333333,0.106266666666667,0.09687,0.0907116666666667,0.07805,0.0684866666666667,0.0569583333333333,0.0509666666666667,0.0404916666666667,0.0226333333333333,0.0324066666666667,0.0234833333333333,0.0221066666666667,0.017285,0.0145516666666667,0.00773,0.008265,0.01278,0.009375,0.005305,0.00393833333333333,0.002865,0.000453333333333333,0.001245,0.00156,0.00104833333333333,0.00038,0.00041,0.00044,0.00047,0.0005,0.00015,0,1,0,0,0,0,0,0,1,1,1,1,1,1,1,1,1,1,1,1,1,1,1,1,1,1,1,1,1,1,1,1,1,1,1,1,1,1,1,1,1,1,1,1,1,1,1,1,1,1,1,1,1,1,1,1,1,1,1,1,1,1,1,1,1,1,1,1,1,1,1,1,1,1,1,1,1,1,1,1,0
2026-05-25 20:00:00,263.881165833333,0,0,0,0,0,0,0.139396666666667,9.41527833333333,41.76182,52.7923433333333,37.6487516666667,27.4864416666667,22.7878333333333,20.437,19.4655466666667,11.304925,3.31537,1.80744,1.23745,1.07130833333333,1.01051333333333,1.01666333333333,0.966175,0.825451666666667,0.688091666666667,0.62359,0.582048333333333,0.550016666666667,0.47394,0.477676666666667,0.391375,0.409895,0.353298333333333,0.342661666666667,0.310248333333333,0.301546666666667,0.283818333333333,0.256196666666667,0.240925,0.224783333333333,0.203638333333333,0.189783333333333,0.168058333333333,0.1479,0.136368333333333,0.131095,0.103995,0.0995033333333333,0.0942766666666667,0.0747533333333333,0.0806033333333333,0.0522383333333333,0.0568066666666667,0.0452133333333333,0.0452366666666667,0.0290316666666667,0.02368,0.0229733333333333,0.0189466666666667,0.009165,0.0103366666666667,0.00982333333333333,0.00794,0.003615,0.00249833333333333,0.0029,0.00211333333333333,0.00147833333333333,0.00173333333333333,0.001805,0.00106666666666667,0.000065,0.00019,0.000205,0.00022,0.000235,0.00025,0.000075,0,1,0,0,0,0,0,0,1,1,1,1,1,1,1,1,1,1,1,1,1,1,1,1,1,1,1,1,1,1,1,1,1,1,1,1,1,1,1,1,1,1,1,1,1,1,1,1,1,1,1,1,1,1,1,1,1,1,1,1,1,1,1,1,1,1,1,1,1,1,1,1,1,1,1,1,1,1,1,1,0
2026-05-25 21:00:00,286.82332715,0,0,0,0,0,0,0.159038333333333,10.0409983333333,44.8822216666667,57.7990766666667,41.9261283333333,30.4734283333333,24.8487016666667,21.881275,20.383495,13.0775466666667,4.20861166666667,2.14818166666667,1.38751666666667,1.10540666666667,1.07031,1.06412666666667,1.05716333333333,0.858846666666667,0.692635,0.606116666666667,0.572516666666667,0.528685,0.485245,0.463645,0.403431666666667,0.411096666666667,0.37481,0.324858333333333,0.301871666666667,0.288448333333333,0.26905,0.26599,0.210455,0.199276666666667,0.19452,0.183628333333333,0.162288333333333,0.142498333333333,0.132755,0.118221666666667,0.0994933333333333,0.1002,0.099625,0.06226,0.06973,0.05276,0.03997,0.0388416666666667,0.034145,0.0241466666666667,0.0186366666666667,0.01503,0.013025,0.00912666666666667,0.007585,0.00799,0.00764333333333333,0.006735,0.00169166666666667,0.002195,0.00294666666666667,0.000968333333333333,0.00064,0.000608333333333333,0.000413333333333333,0.000065,0.00019,0.000205,0.00022,0.000235,0.00025,0.000075,0,1,0,0,0,0,0,0,1,1,1,1,1,1,1,1,1,1,1,1,1,1,1,1,1,1,1,1,1,1,1,1,1,1,1,1,1,1,1,1,1,1,1,1,1,1,1,1,1,1,1,1,1,1,1,1,1,1,1,1,1,1,1,1,1,1,1,1,1,1,1,1,1,1,1,1,1,1,1,1,0
2026-05-25 22:00:00,301.040884533333,0,0,0,0,0,0,0.158725,9.95658,45.3589083333333,59.442735,43.53883,32.31055,26.4306316666667,23.62875,22.1707033333333,15.170345,5.57215333333333,2.59767666666667,1.63433666666667,1.27091166666667,1.07072666666667,1.121625,1.03888166666667,0.882946666666667,0.748001666666667,0.627185,0.557256666666667,0.485418333333333,0.478941666666667,0.452116666666667,0.383775,0.38534,0.354578333333333,0.307798333333333,0.301978333333333,0.288038333333333,0.268966666666667,0.236071666666667,0.20645,0.191115,0.177828333333333,0.157023333333333,0.15853,0.136061666666667,0.129516666666667,0.11576,0.0997,0.0899616666666667,0.07342,0.0685683333333333,0.05699,0.0542183333333333,0.0417266666666667,0.033755,0.0316916666666667,0.0230016666666667,0.0157083333333333,0.0149783333333333,0.0153383333333333,0.0102883333333333,0.00696666666666667,0.005525,0.00368666666666667,0.00500333333333333,0.002385,0.00205666666666667,0.00255666666666667,0.00271,0.00173333333333333,0.00204666666666667,0.000986666666666667,0.000361666666666667,0.000316666666666667,0.00034,0.000365,0.000391666666666667,0.000418333333333333,0.000123333333333333,0,1,0,0,0,0,0,0,1,1,1,1,1,1,1,1,1,1,1,1,1,1,1,1,1,1,1,1,1,1,1,1,1,1,1,1,1,1,1,1,1,1,1,1,1,1,1,1,1,1,1,1,1,1,1,1,1,1,1,1,1,1,1,1,1,1,1,1,1,1,1,1,1,1,1,1,1,1,1,1,0
2026-05-25 23:00:00,335.573981233333,0,0,0,0,0,0,0.15233,10.7835633333333,50.1164383333333,65.8687366666667,48.80628,36.314395,29.9692,26.5603666666667,25.376665,17.19785,6.14160666666667,2.92339,1.76184333333333,1.38060666666667,1.21339333333333,1.20312166666667,1.180095,0.947813333333333,0.764351666666667,0.604513333333333,0.567856666666667,0.513816666666667,0.456385,0.457118333333333,0.399625,0.376981666666667,0.347543333333333,0.32093,0.30702,0.278146666666667,0.249966666666667,0.25224,0.217603333333333,0.18333,0.188041666666667,0.162096666666667,0.16217,0.124043333333333,0.122303333333333,0.109495,0.0921083333333333,0.089405,0.08156,0.0589633333333333,0.0555083333333333,0.04261,0.0379783333333333,0.0320433333333333,0.0277983333333333,0.02657,0.0181516666666667,0.0135616666666667,0.01167,0.009805,0.00777666666666667,0.00672666666666667,0.00373,0.00334833333333333,0.00384666666666667,0.00317166666666667,0.00111666666666667,0.001655,0.000851666666666667,0.00100333333333333,0.0004,0.000253333333333333,0,0,0,0,0,0,0,1,0,0,0,0,0,0,1,1,1,1,1,1,1,1,1,1,1,1,1,1,1,1,1,1,1,1,1,1,1,1,1,1,1,1,1,1,1,1,1,1,1,1,1,1,1,1,1,1,1,1,1,1,1,1,1,1,1,1,1,1,1,1,1,1,1,1,1,1,1,1,1,1,1,1,1,1,1,1,0
2026-05-26,283.140317766667,0,0,0,0,0,0,0.130706666666667,9.45267666666667,43.715625,56.935985,41.7426916666667,30.747975,25.3782866666667,22.1487933333333,20.7706833333333,12.924115,4.21522833333333,2.05790666666667,1.311465,1.04681333333333,0.997216666666667,0.951123333333333,0.95382,0.751801666666667,0.64541,0.577585,0.525791666666667,0.514388333333333,0.459426666666667,0.43862,0.38363,0.381563333333333,0.34899,0.315778333333333,0.291256666666667,0.2753,0.265213333333333,0.246733333333333,0.230946666666667,0.189996666666667,0.18651,0.164845,0.168993333333333,0.137413333333333,0.116286666666667,0.10771,0.0924216666666667,0.086305,0.068815,0.060455,0.0658116666666667,0.0453466666666667,0.0428316666666667,0.0311633333333333,0.0281683333333333,0.022235,0.0252033333333333,0.0187366666666667,0.00985666666666667,0.00953166666666667,0.00862833333333333,0.008125,0.00531,0.00465666666666667,0.00295666666666667,0.00162333333333333,0.001555,0.0011,0.00208333333333333,0,0.000413333333333333,0.000455,0.000126666666666667,0.000136666666666667,0.000146666666666667,0.000156666666666667,0.000166666666666667,0.00005,0,1,0,0,0,0,0,0,1,1,1,1,1,1,1,1,1,1,1,1,1,1,1,1,1,1,1,1,1,1,1,1,1,1,1,1,1,1,1,1,1,1,1,1,1,1,1,1,1,1,1,1,1,1,1,1,1,1,1,1,1,1,1,1,1,1,1,1,1,1,1,1,1,1,1,1,1,1,1,1,0
2026-05-26 01:00:00,455.004990083333,0,0,0,0,0,0,0.173895,12.0363333333333,56.75651,78.915945,62.5090133333333,49.8900216666667,42.8802566666667,37.8937533333333,35.8498116666667,24.474695,12.7076566666667,7.69299166666667,5.32163833333333,3.949405,3.19436166666667,2.76152166666667,2.38272166666667,1.91176833333333,1.53832666666667,1.177305,1.02585666666667,0.902593333333333,0.757566666666667,0.694711666666667,0.602683333333333,0.534108333333333,0.479351666666667,0.42468,0.399318333333333,0.357416666666667,0.338083333333333,0.278153333333333,0.277716666666667,0.214415,0.211725,0.184605,0.183421666666667,0.152361666666667,0.151163333333333,0.139263333333333,0.0955783333333333,0.08961,0.0876733333333333,0.077845,0.0608483333333333,0.0584033333333333,0.0485116666666667,0.0398516666666667,0.0331366666666667,0.02492,0.0171466666666667,0.0168066666666667,0.017615,0.00935833333333333,0.00839,0.00889,0.00435833333333333,0.00411833333333333,0.00103833333333333,0.00141,0.00281833333333333,0.00206833333333333,0.000863333333333333,0.000386666666666667,0.000413333333333333,0.0000433333333333333,0.000126666666666667,0.000136666666666667,0.000146666666666667,0.000156666666666667,0.000166666666666667,0.00005,0,1,0,0,0,0,0,0,1,1,1,1,1,1,1,1,1,1,1,1,1,1,1,1,1,1,1,1,1,1,1,1,1,1,1,1,1,1,1,1,1,1,1,1,1,1,1,1,1,1,1,1,1,1,1,1,1,1,1,1,1,1,1,1,1,1,1,1,1,1,1,1,1,1,1,1,1,1,1,1,0
2026-05-26 02:00:00,330.400951116667,0,0,0,0,0,0,0.144538333333333,10.0987183333333,47.026145,63.872915,48.0384583333333,36.61887,30.4736116666667,26.5868183333333,25.6182516666667,14.928815,6.48806333333333,3.51693333333333,2.43012666666667,1.92362,1.59519333333333,1.44038166666667,1.376275,1.09343333333333,0.901951666666667,0.752626666666667,0.6657,0.608798333333333,0.511498333333333,0.503828333333333,0.433871666666667,0.40982,0.36933,0.33314,0.311388333333333,0.28863,0.268533333333333,0.256866666666667,0.224296666666667,0.194688333333333,0.198853333333333,0.162696666666667,0.167173333333333,0.137806666666667,0.124983333333333,0.114536666666667,0.095115,0.0946783333333333,0.08045,0.0701266666666667,0.053615,0.052695,0.044575,0.034245,0.026455,0.0198633333333333,0.0152833333333333,0.0191616666666667,0.0139733333333333,0.007825,0.00758166666666667,0.00456833333333333,0.00561333333333333,0.004695,0.003805,0.004015,0.001405,0.001785,0.00126833333333333,0.000173333333333333,0.00106666666666667,0.000476666666666667,0.00019,0.000205,0.00022,0.000235,0.00025,0.000075,0,1,0,0,0,0,0,0,1,1,1,1,1,1,1,1,1,1,1,1,1,1,1,1,1,1,1,1,1,1,1,1,1,1,1,1,1,1,1,1,1,1,1,1,1,1,1,1,1,1,1,1,1,1,1,1,1,1,1,1,1,1,1,1,1,1,1,1,1,1,1,1,1,1,1,1,1,1,1,1,0
2026-05-26 03:00:00,222.276431183333,0,0,0,0,0,0,0.113956666666667,7.43636666666667,33.73789,44.230255,31.90541,23.5287633333333,19.491825,17.3123133333333,16.4873233333333,9.19509666666667,2.98677833333333,1.54073333333333,1.08329166666667,0.93495,0.862563333333333,0.835601666666667,0.84223,0.71738,0.639525,0.531636666666667,0.538783333333333,0.519095,0.470221666666667,0.450488333333333,0.35785,0.370726666666667,0.35038,0.310701666666667,0.291905,0.281813333333333,0.255643333333333,0.240325,0.232555,0.20539,0.195851666666667,0.169165,0.141541666666667,0.126473333333333,0.125946666666667,0.10674,0.0858133333333333,0.081705,0.0786266666666667,0.0609833333333333,0.0493316666666667,0.04366,0.042215,0.032575,0.0231533333333333,0.023305,0.0169516666666667,0.0127466666666667,0.00854333333333333,0.00596,0.00673333333333333,0.00586166666666667,0.00555666666666667,0.00427166666666667,0.00376666666666667,0.00198166666666667,0.002245,0.001765,0.00109333333333333,0.000193333333333333,0,0.000411666666666667,0,0,0,0,0,0,0,1,0,0,0,0,0,0,1,1,1,1,1,1,1,1,1,1,1,1,1,1,1,1,1,1,1,1,1,1,1,1,1,1,1,1,1,1,1,1,1,1,1,1,1,1,1,1,1,1,1,1,1,1,1,1,1,1,1,1,1,1,1,1,1,1,1,1,1,1,1,1,1,1,1,1,1,1,1,1,0
2026-05-26 04:00:00,223.616412616667,0,0,0,0,0,0,0.123236666666667,7.62526166666667,34.5581516666667,44.9306016666667,32.7980283333333,24.0259333333333,19.9747283333333,17.636865,17.1606716666667,8.11689166666667,2.68934166666667,1.43022833333333,0.981736666666667,0.833861666666667,0.855053333333333,0.802088333333333,0.777758333333333,0.702083333333333,0.607498333333333,0.53914,0.471376666666667,0.461278333333333,0.421865,0.413495,0.354283333333333,0.359818333333333,0.335163333333333,0.290641666666667,0.290926666666667,0.26289,0.242055,0.226285,0.202598333333333,0.191745,0.174428333333333,0.15238,0.15179,0.122521666666667,0.111155,0.098385,0.08727,0.075835,0.0671683333333333,0.0628766666666667,0.0442566666666667,0.04516,0.0407516666666667,0.02941,0.0209083333333333,0.017735,0.01502,0.01351,0.00973,0.00392333333333333,0.00777666666666667,0.00480666666666667,0.002715,0.00381,0.00192166666666667,0.00135166666666667,0.00126666666666667,0.00055,0.000416666666666667,0.000588333333333333,0.000653333333333333,0.0000433333333333333,0.000126666666666667,0.000136666666666667,0.000146666666666667,0.000156666666666667,0.000166666666666667,0.00005,0,1,0,0,0,0,0,0,1,1,1,1,1,1,1,1,1,1,1,1,1,1,1,1,1,1,1,1,1,1,1,1,1,1,1,1,1,1,1,1,1,1,1,1,1,1,1,1,1,1,1,1,1,1,1,1,1,1,1,1,1,1,1,1,1,1,1,1,1,1,1,1,1,1,1,1,1,1,1,1,0
2026-05-26 05:00:00,249.054478216667,0,0,0,0,0,0,0.119506666666667,8.00273,37.9463483333333,50.3039533333333,36.8081683333333,27.2893583333333,22.5724616666667,19.8369216666667,19.5555333333333,9.22953,3.25998,1.70757833333333,1.14756,0.977585,0.938258333333333,0.914163333333333,0.88212,0.780145,0.668508333333333,0.562795,0.51168,0.494626666666667,0.440093333333333,0.430393333333333,0.370365,0.364573333333333,0.339203333333333,0.290035,0.263628333333333,0.260691666666667,0.246253333333333,0.217543333333333,0.195341666666667,0.178668333333333,0.16554,0.140416666666667,0.127763333333333,0.119335,0.104516666666667,0.0917033333333333,0.0805,0.0664983333333333,0.0573466666666667,0.053935,0.05422,0.0334466666666667,0.02963,0.0279933333333333,0.0230283333333333,0.0140716666666667,0.00917166666666667,0.01089,0.00534666666666667,0.00664,0.00616333333333333,0.00408,0.00334333333333333,0.00161666666666667,0.00138166666666667,0.000421666666666667,0.00042,0.000418333333333333,0.000416666666666667,0.000415,0.000573333333333333,0.00034,0.000253333333333333,0.000271666666666667,0.000291666666666667,0.000313333333333333,0.000335,0.0000983333333333333,0,1,0,0,0,0,0,0,1,1,1,1,1,1,1,1,1,1,1,1,1,1,1,1,1,1,1,1,1,1,1,1,1,1,1,1,1,1,1,1,1,1,1,1,1,1,1,1,1,1,1,1,1,1,1,1,1,1,1,1,1,1,1,1,1,1,1,1,1,1,1,1,1,1,1,1,1,1,1,1,0
2026-05-26 06:00:00,248.5135208,0,0,0,0,0,0,0.120105,8.41107,38.5880683333333,50.514545,36.5973183333333,26.8797866666667,22.3769983333333,19.8829616666667,18.8595433333333,9.87376,3.08496833333333,1.58967833333333,1.03901666666667,0.932625,0.843241666666667,0.817966666666667,0.780841666666667,0.657268333333333,0.628788333333333,0.50341,0.516381666666667,0.44891,0.423806666666667,0.407638333333333,0.372168333333333,0.357768333333333,0.33803,0.308356666666667,0.291935,0.268638333333333,0.254098333333333,0.235848333333333,0.222406666666667,0.184338333333333,0.17918,0.16511,0.133521666666667,0.12177,0.108061666666667,0.0888016666666667,0.08796,0.0808633333333333,0.0637916666666667,0.0574466666666667,0.0497533333333333,0.0457216666666667,0.0397016666666667,0.0328183333333333,0.0257983333333333,0.0254666666666667,0.0223716666666667,0.0167183333333333,0.00989333333333333,0.00877666666666667,0.010525,0.00611333333333333,0.00492833333333333,0.005235,0.00349833333333333,0.00240833333333333,0.00112833333333333,0.003,0.00261666666666667,0.000773333333333333,0.000413333333333333,0.0000866666666666667,0.000253333333333333,0.000273333333333333,0.000293333333333333,0.000313333333333333,0.000333333333333333,0.0001,0,1,0,0,0,0,0,0,1,1,1,1,1,1,1,1,1,1,1,1,1,1,1,1,1,1,1,1,1,1,1,1,1,1,1,1,1,1,1,1,1,1,1,1,1,1,1,1,1,1,1,1,1,1,1,1,1,1,1,1,1,1,1,1,1,1,1,1,1,1,1,1,1,1,1,1,1,1,1,1,0
2026-05-26 07:00:00,265.812224533333,0,0,0,0,0,0,0.155976666666667,9.42735833333333,41.8473716666667,54.2194233333333,39.3001016666667,28.8038166666667,23.887065,21.2631783333333,19.9056033333333,10.7275166666667,3.06066166666667,1.53463833333333,0.997006666666667,0.763968333333333,0.751888333333333,0.764878333333333,0.714621666666667,0.594041666666667,0.552466666666667,0.484951666666667,0.470243333333333,0.428095,0.381765,0.385863333333333,0.338356666666667,0.34011,0.3102,0.293315,0.263405,0.251201666666667,0.230938333333333,0.208926666666667,0.210105,0.176201666666667,0.16234,0.144398333333333,0.144851666666667,0.115075,0.106448333333333,0.0938033333333333,0.092295,0.0778,0.07132,0.0567,0.0505766666666667,0.04684,0.0403483333333333,0.0321766666666667,0.0328733333333333,0.0236733333333333,0.01669,0.0157466666666667,0.012935,0.00996833333333333,0.0122766666666667,0.00691666666666667,0.007015,0.00473333333333333,0.00461,0.00254166666666667,0.00210666666666667,0.000948333333333333,0.00193833333333333,0.00058,0,0.00177666666666667,0.00038,0.000408333333333333,0.000438333333333333,0.00047,0.000501666666666667,0.000148333333333333,0,1,0,0,0,0,0,0,1,1,1,1,1,1,1,1,1,1,1,1,1,1,1,1,1,1,1,1,1,1,1,1,1,1,1,1,1,1,1,1,1,1,1,1,1,1,1,1,1,1,1,1,1,1,1,1,1,1,1,1,1,1,1,1,1,1,1,1,1,1,1,1,1,1,1,1,1,1,1,1,0
2026-05-26 08:00:00,264.494309233333,0,0,0,0,0,0,0.143076666666667,9.555125,41.75863,53.1642466666667,38.5814533333333,28.2186183333333,23.540785,21.2629816666667,20.1340883333333,11.6045683333333,3.57843833333333,1.72884666666667,1.08961333333333,0.889563333333333,0.775638333333333,0.775275,0.72382,0.639635,0.56895,0.483096666666667,0.438921666666667,0.402738333333333,0.393373333333333,0.38714,0.318046666666667,0.341298333333333,0.277363333333333,0.285995,0.260025,0.253683333333333,0.230473333333333,0.206381666666667,0.197188333333333,0.178181666666667,0.166263333333333,0.146375,0.147691666666667,0.118473333333333,0.101813333333333,0.0986683333333333,0.0808683333333333,0.0772783333333333,0.07409,0.0626083333333333,0.0621816666666667,0.0454766666666667,0.0451633333333333,0.023455,0.0272466666666667,0.0247816666666667,0.0148266666666667,0.0153216666666667,0.013625,0.0111416666666667,0.0105716666666667,0.00712333333333333,0.00893666666666667,0.00388666666666667,0.00392166666666667,0.00324,0.00336,0.00218333333333333,0.00087,0.00183333333333333,0.00148,0.0000866666666666667,0.000253333333333333,0.000273333333333333,0.000293333333333333,0.000313333333333333,0.000333333333333333,0.0001,0,1,0,0,0,0,0,0,1,1,1,1,1,1,1,1,1,1,1,1,1,1,1,1,1,1,1,1,1,1,1,1,1,1,1,1,1,1,1,1,1,1,1,1,1,1,1,1,1,1,1,1,1,1,1,1,1,1,1,1,1,1,1,1,1,1,1,1,1,1,1,1,1,1,1,1,1,1,1,1,0
2026-05-26 09:00:00,269.781369983333,0,0,0,0,0,0,0.158561666666667,10.027925,44.28584,56.4628383333333,39.76944,28.7980833333333,23.58989,20.89268,19.7712233333333,10.246405,2.763045,1.38602833333333,0.869101666666667,0.738245,0.687616666666667,0.67861,0.648248333333333,0.524968333333333,0.477368333333333,0.441326666666667,0.416378333333333,0.397133333333333,0.374238333333333,0.370683333333333,0.311193333333333,0.306285,0.298293333333333,0.259105,0.261563333333333,0.252236666666667,0.223963333333333,0.224503333333333,0.203151666666667,0.173043333333333,0.158858333333333,0.142611666666667,0.146413333333333,0.125411666666667,0.117508333333333,0.0935666666666667,0.0881116666666667,0.0776883333333333,0.0828383333333333,0.0626633333333333,0.05209,0.0546066666666667,0.0360966666666667,0.032685,0.0283583333333333,0.0234616666666667,0.01924,0.0160133333333333,0.0153883333333333,0.0116,0.00862666666666667,0.00982333333333333,0.00685666666666667,0.00765833333333333,0.00545333333333333,0.00557333333333333,0.00280833333333333,0.00193666666666667,0.00314,0.00410166666666667,0.00138666666666667,0.001915,0.000506666666666667,0.000545,0.000585,0.000626666666666667,0.000668333333333333,0.000198333333333333,0,1,0,0,0,0,0,0,1,1,1,1,1,1,1,1,1,1,1,1,1,1,1,1,1,1,1,1,1,1,1,1,1,1,1,1,1,1,1,1,1,1,1,1,1,1,1,1,1,1,1,1,1,1,1,1,1,1,1,1,1,1,1,1,1,1,1,1,1,1,1,1,1,1,1,1,1,1,1,1,0
2026-05-26 10:00:00,316.230252066667,0,0,0,0,0,0,0.17086,11.51653,51.953015,67.0199566666667,48.1583166666667,34.6685566666667,27.9102533333333,24.2953166666667,23.0512716666667,12.1395333333333,3.03903833333333,1.47065333333333,0.909178333333333,0.72373,0.690598333333333,0.678285,0.659228333333333,0.587523333333333,0.517721666666667,0.466243333333333,0.42097,0.393033333333333,0.372805,0.377728333333333,0.317376666666667,0.343545,0.286086666666667,0.283093333333333,0.265903333333333,0.239061666666667,0.24016,0.21288,0.18246,0.173496666666667,0.161108333333333,0.149691666666667,0.14894,0.107558333333333,0.12358,0.111158333333333,0.0835066666666667,0.0850316666666667,0.06872,0.05276,0.0616866666666667,0.046085,0.0503516666666667,0.0322816666666667,0.0394516666666667,0.03067,0.01947,0.018295,0.0129433333333333,0.010565,0.011425,0.007465,0.00724333333333333,0.00734833333333333,0.00430833333333333,0.00481166666666667,0.00379166666666667,0.00353,0.00154666666666667,0.00137,0.00162666666666667,0.00280333333333333,0.000696666666666667,0.000751666666666667,0.000806666666666667,0.000861666666666667,0.000916666666666667,0.000275,0,1,0,0,0,0,0,0,1,1,1,1,1,1,1,1,1,1,1,1,1,1,1,1,1,1,1,1,1,1,1,1,1,1,1,1,1,1,1,1,1,1,1,1,1,1,1,1,1,1,1,1,1,1,1,1,1,1,1,1,1,1,1,1,1,1,1,1,1,1,1,1,1,1,1,1,1,1,1,1,0
2026-05-26 11:00:00,358.9630468,0,0,0,0,0,0,0.202521666666667,12.2571366666667,57.6593716666667,75.7241866666667,55.769355,40.7245516666667,32.776975,28.933605,27.4177416666667,12.35891,3.27824,1.51551666666667,0.920135,0.698001666666667,0.651395,0.629386666666667,0.618658333333333,0.54103,0.459963333333333,0.40915,0.365441666666667,0.378353333333333,0.3455,0.322051666666667,0.281048333333333,0.285916666666667,0.262148333333333,0.252673333333333,0.242501666666667,0.226196666666667,0.210753333333333,0.179841666666667,0.158651666666667,0.16173,0.155568333333333,0.139735,0.121226666666667,0.0974416666666667,0.10651,0.094325,0.0845916666666667,0.07833,0.0735766666666667,0.06324,0.0476983333333333,0.0361783333333333,0.0411016666666667,0.0308183333333333,0.0290566666666667,0.0275516666666667,0.0189266666666667,0.0173466666666667,0.01355,0.0132083333333333,0.0102883333333333,0.00912333333333333,0.00725666666666667,0.00554166666666667,0.00519666666666667,0.00589166666666667,0.002515,0.00287,0.003645,0.002345,0.0032,0.001125,0.000885,0.000955,0.001025,0.00109666666666667,0.00116833333333333,0.000348333333333333,0,1,0,0,0,0,0,0,1,1,1,1,1,1,1,1,1,1,1,1,1,1,1,1,1,1,1,1,1,1,1,1,1,1,1,1,1,1,1,1,1,1,1,1,1,1,1,1,1,1,1,1,1,1,1,1,1,1,1,1,1,1,1,1,1,1,1,1,1,1,1,1,1,1,1,1,1,1,1,1,0
2026-05-26 12:00:00,355.88892165,0,0,0,0,0,0,0.196035,11.6976983333333,55.5621966666667,74.9466566666667,55.958845,41.2220716666667,34.160985,30.0491916666667,29.0802183333333,10.0741133333333,3.02232833333333,1.38740833333333,0.868838333333333,0.67949,0.587155,0.596976666666667,0.575676666666667,0.460656666666667,0.411993333333333,0.39429,0.336748333333333,0.348341666666667,0.312016666666667,0.294505,0.290313333333333,0.259216666666667,0.249698333333333,0.242941666666667,0.211073333333333,0.20983,0.184493333333333,0.180523333333333,0.16606,0.15039,0.146626666666667,0.117845,0.120588333333333,0.102656666666667,0.09303,0.0918016666666667,0.0725416666666667,0.07485,0.0651083333333333,0.042515,0.0500233333333333,0.0440866666666667,0.0325866666666667,0.029615,0.0236316666666667,0.0200883333333333,0.0204466666666667,0.0189916666666667,0.0128616666666667,0.0145,0.00967,0.008805,0.00768833333333333,0.00677333333333333,0.00457333333333333,0.00312,0.00367333333333333,0.00191333333333333,0.00147333333333333,0.00102333333333333,0.000826666666666667,0.00164666666666667,0.00120333333333333,0.00129666666666667,0.00139166666666667,0.00148833333333333,0.001585,0.000473333333333333,0,1,0,0,0,0,0,0,1,1,1,1,1,1,1,1,1,1,1,1,1,1,1,1,1,1,1,1,1,1,1,1,1,1,1,1,1,1,1,1,1,1,1,1,1,1,1,1,1,1,1,1,1,1,1,1,1,1,1,1,1,1,1,1,1,1,1,1,1,1,1,1,1,1,1,1,1,1,1,1,0
2026-05-26 13:00:00,351.326994266667,0,0,0,0,0,0,0.177876666666667,11.1921133333333,54.2083966666667,73.7201533333333,55.496475,41.2156283333333,34.2543716666667,30.2625766666667,29.426005,9.571955,2.927975,1.36218166666667,0.802383333333333,0.627626666666667,0.606958333333333,0.592143333333333,0.524741666666667,0.430086666666667,0.418046666666667,0.338405,0.341551666666667,0.304575,0.293708333333333,0.284323333333333,0.24876,0.26258,0.237321666666667,0.222093333333333,0.214038333333333,0.19538,0.197073333333333,0.180401666666667,0.154953333333333,0.144023333333333,0.126393333333333,0.109601666666667,0.113553333333333,0.100183333333333,0.0889366666666667,0.075605,0.076375,0.065125,0.0582466666666667,0.0525933333333333,0.0467166666666667,0.0376566666666667,0.029235,0.0280066666666667,0.0236816666666667,0.017465,0.012015,0.014095,0.0128533333333333,0.0104866666666667,0.008155,0.008495,0.007035,0.00681166666666667,0.007685,0.00481166666666667,0.00127333333333333,0.00315166666666667,0.00195666666666667,0.00158333333333333,0.00148,0.000281666666666667,0.000823333333333333,0.000886666666666667,0.000951666666666667,0.00101833333333333,0.001085,0.000323333333333333,0,1,0,0,0,0,0,0,1,1,1,1,1,1,1,1,1,1,1,1,1,1,1,1,1,1,1,1,1,1,1,1,1,1,1,1,1,1,1,1,1,1,1,1,1,1,1,1,1,1,1,1,1,1,1,1,1,1,1,1,1,1,1,1,1,1,1,1,1,1,1,1,1,1,1,1,1,1,1,1,0
2026-05-26 14:00:00,351.06861725,0,0,0,0,0,0,0.182865,11.18693,53.7738316666667,73.1068,55.3166266666667,41.3910266666667,34.4320516666667,30.5280683333333,29.2621733333333,9.70309833333333,2.94012666666667,1.30592833333333,0.743971666666667,0.580523333333333,0.495355,0.503171666666667,0.453026666666667,0.373906666666667,0.342761666666667,0.285525,0.286796666666667,0.2742,0.23716,0.240505,0.238401666666667,0.210466666666667,0.210091666666667,0.181361666666667,0.176468333333333,0.170513333333333,0.164986666666667,0.150815,0.12414,0.125696666666667,0.111093333333333,0.0963466666666667,0.0879483333333333,0.072665,0.06822,0.0613266666666667,0.0573366666666667,0.0546383333333333,0.0514166666666667,0.039515,0.0383766666666667,0.0285016666666667,0.0314083333333333,0.0226666666666667,0.0237566666666667,0.0192816666666667,0.008915,0.0119416666666667,0.0110683333333333,0.00910833333333333,0.00711333333333333,0.00686166666666667,0.00638166666666667,0.00373333333333333,0.00422833333333333,0.00422833333333333,0.00181833333333333,0.000836666666666667,0.000416666666666667,0.000415,0.000413333333333333,0.00179833333333333,0.000443333333333333,0.000478333333333333,0.000513333333333333,0.000548333333333333,0.000583333333333333,0.000175,0,1,0,0,0,0,0,0,1,1,1,1,1,1,1,1,1,1,1,1,1,1,1,1,1,1,1,1,1,1,1,1,1,1,1,1,1,1,1,1,1,1,1,1,1,1,1,1,1,1,1,1,1,1,1,1,1,1,1,1,1,1,1,1,1,1,1,1,1,1,1,1,1,1,1,1,1,1,1,1,0
2026-05-26 15:00:00,333.021899883333,0,0,0,0,0,0,0.15677,10.7571716666667,50.896565,69.7186383333333,53.023145,39.350305,32.582735,28.593325,27.9082616666667,10.853,2.79398166666667,1.14447166666667,0.601596666666667,0.436463333333333,0.380753333333333,0.34702,0.343988333333333,0.271696666666667,0.221968333333333,0.180553333333333,0.167765,0.16459,0.150513333333333,0.157955,0.141045,0.143965,0.113485,0.100975,0.102768333333333,0.0981483333333333,0.0857333333333333,0.06788,0.07304,0.0720266666666667,0.0592083333333333,0.0534616666666667,0.0442266666666667,0.0343933333333333,0.04111,0.0330916666666667,0.0317983333333333,0.0269233333333333,0.0277033333333333,0.0202666666666667,0.0224933333333333,0.0156533333333333,0.0192016666666667,0.0158383333333333,0.0104033333333333,0.0109883333333333,0.007455,0.00796166666666667,0.0074,0.00528,0.005925,0.00623833333333333,0.00312166666666667,0.00296333333333333,0.00046,0.002115,0.00322333333333333,0.00053,0.000658333333333333,0.00268333333333333,0.000573333333333333,0.000816666666666667,0.000443333333333333,0.000476666666666667,0.000511666666666667,0.000548333333333333,0.000585,0.000173333333333333,0,1,0,0,0,0,0,0,1,1,1,1,1,1,1,1,1,1,1,1,1,1,1,1,1,1,1,1,1,1,1,1,1,1,1,1,1,1,1,1,1,1,1,1,1,1,1,1,1,1,1,1,1,1,1,1,1,1,1,1,1,1,1,1,1,1,1,1,1,1,1,1,1,1,1,1,1,1,1,1,0
2026-05-26 16:00:00,310.597442166667,0,0,0,0,0,0,0.158098333333333,10.1120833333333,48.833325,66.0626916666667,49.6831433333333,36.36456,29.86283,25.9419966666667,25.2974583333333,10.656875,2.52249833333333,1.07565,0.511821666666667,0.355251666666667,0.333545,0.310175,0.306391666666667,0.235731666666667,0.180686666666667,0.15347,0.143538333333333,0.141336666666667,0.133781666666667,0.117975,0.113731666666667,0.103391666666667,0.0972183333333333,0.0888016666666667,0.0890933333333333,0.07586,0.07969,0.0619533333333333,0.0616083333333333,0.0620966666666667,0.05169,0.04479,0.044,0.040205,0.0405166666666667,0.0324583333333333,0.0273683333333333,0.0285433333333333,0.020605,0.0151733333333333,0.0171383333333333,0.0190533333333333,0.014385,0.0123966666666667,0.00830166666666667,0.00918833333333333,0.00688166666666667,0.00652666666666667,0.00548,0.00537333333333333,0.00384,0.00469666666666667,0.00291833333333333,0.00169333333333333,0.001305,0.00141,0.000276666666666667,0.00165333333333333,0.00129833333333333,0.00139,0.000653333333333333,0.000108333333333333,0.000316666666666667,0.000341666666666667,0.000366666666666667,0.000391666666666667,0.000416666666666667,0.000125,0,1,0,0,0,0,0,0,1,1,1,1,1,1,1,1,1,1,1,1,1,1,1,1,1,1,1,1,1,1,1,1,1,1,1,1,1,1,1,1,1,1,1,1,1,1,1,1,1,1,1,1,1,1,1,1,1,1,1,1,1,1,1,1,1,1,1,1,1,1,1,1,1,1,1,1,1,1,1,1,0
2026-05-26 17:00:00,342.6413915,0,0,0,0,0,0,0.176046666666667,11.28019,53.7370466666667,73.3090533333333,54.8051016666667,40.4623216666667,32.9178983333333,28.67304,27.1931633333333,10.692095,2.81804166666667,1.18663833333333,0.611495,0.456263333333333,0.409513333333333,0.35928,0.333738333333333,0.257695,0.231366666666667,0.207763333333333,0.179823333333333,0.169758333333333,0.149326666666667,0.139151666666667,0.137573333333333,0.127511666666667,0.120836666666667,0.110698333333333,0.100215,0.105626666666667,0.0899416666666667,0.07834,0.0758,0.0691566666666667,0.0634833333333333,0.0565366666666667,0.0440283333333333,0.0369733333333333,0.0444516666666667,0.0453933333333333,0.0290366666666667,0.031525,0.0314916666666667,0.0212766666666667,0.0147083333333333,0.0184066666666667,0.0183733333333333,0.0138333333333333,0.015995,0.00696666666666667,0.00942833333333333,0.005705,0.00563166666666667,0.00271833333333333,0.00417333333333333,0.00276666666666667,0.002005,0.00207833333333333,0.000731666666666667,0.00183666666666667,0.00042,0.001215,0.000676666666666667,0.00161166666666667,0.00122666666666667,0.000816666666666667,0.000443333333333333,0.000478333333333333,0.000513333333333333,0.000548333333333333,0.000583333333333333,0.000175,0,1,0,0,0,0,0,0,1,1,1,1,1,1,1,1,1,1,1,1,1,1,1,1,1,1,1,1,1,1,1,1,1,1,1,1,1,1,1,1,1,1,1,1,1,1,1,1,1,1,1,1,1,1,1,1,1,1,1,1,1,1,1,1,1,1,1,1,1,1,1,1,1,1,1,1,1,1,1,1,0
2026-05-26 18:00:00,383.567463666667,0,0,0,0,0,0,0.19888,12.672075,60.0939166666667,81.69794,61.8037233333333,45.813755,37.85885,33.0130516666667,30.0111716666667,10.7335983333333,3.20313833333333,1.349995,0.75402,0.576673333333333,0.478408333333333,0.43412,0.389245,0.295545,0.240251666666667,0.223935,0.18607,0.17692,0.150195,0.166786666666667,0.132385,0.124091666666667,0.126588333333333,0.103461666666667,0.106393333333333,0.101303333333333,0.0919616666666667,0.087115,0.0844116666666667,0.0657783333333333,0.06374,0.0575233333333333,0.051465,0.0485466666666667,0.0464733333333333,0.04171,0.034625,0.025945,0.0270783333333333,0.016675,0.016555,0.0121416666666667,0.01787,0.0109983333333333,0.00917833333333333,0.0133033333333333,0.00757166666666667,0.00950666666666667,0.005415,0.00385166666666667,0.005925,0.00197,0.00182666666666667,0.00176833333333333,0.00119,0.00402,0.00210833333333333,0.00191666666666667,0.000881666666666667,0.000386666666666667,0.000413333333333333,0.0000866666666666667,0.000253333333333333,0.000273333333333333,0.000293333333333333,0.000313333333333333,0.000333333333333333,0.0001,0,1,0,0,0,0,0,0,1,1,1,1,1,1,1,1,1,1,1,1,1,1,1,1,1,1,1,1,1,1,1,1,1,1,1,1,1,1,1,1,1,1,1,1,1,1,1,1,1,1,1,1,1,1,1,1,1,1,1,1,1,1,1,1,1,1,1,1,1,1,1,1,1,1,1,1,1,1,1,1,0
2026-05-26 19:00:00,373.168891366667,0,0,0,0,0,0,0.197656666666667,12.8347716666667,58.8482,79.3952533333333,58.9286216666667,44.2702333333333,36.7660166666667,32.759085,28.0180816666667,9.709825,3.43052,1.49993166666667,0.911648333333333,0.715,0.62826,0.617953333333333,0.56098,0.427243333333333,0.369586666666667,0.297735,0.293203333333333,0.27746,0.249173333333333,0.24614,0.228375,0.228796666666667,0.194323333333333,0.176181666666667,0.185595,0.147171666666667,0.14813,0.126548333333333,0.122711666666667,0.0910516666666667,0.104175,0.0802733333333333,0.0788016666666667,0.0686866666666667,0.0667783333333333,0.0634083333333333,0.042755,0.04898,0.041045,0.041415,0.037135,0.0317966666666667,0.022425,0.02027,0.01741,0.01514,0.0124966666666667,0.00944833333333333,0.00938166666666667,0.0106133333333333,0.00507333333333333,0.00538833333333333,0.004745,0.00588833333333333,0.00218833333333333,0.00247333333333333,0.00391333333333333,0.00165333333333333,0.00216,0.00195166666666667,0.000481666666666667,0.00194333333333333,0.00208166666666667,0.002235,0.00240166666666667,0.00258333333333333,0.00277,0.000808333333333333,0,1,0,0,0,0,0,0,1,1,1,1,1,1,1,1,1,1,1,1,1,1,1,1,1,1,1,1,1,1,1,1,1,1,1,1,1,1,1,1,1,1,1,1,1,1,1,1,1,1,1,1,1,1,1,1,1,1,1,1,1,1,1,1,1,1,1,1,1,1,1,1,1,1,1,1,1,1,1,1,0
2026-05-26 20:00:00,305.805254133333,0,0,0,0,0,0,0.14529,10.02312,47.223905,64.254165,48.3494133333333,35.953925,30.04646,26.6105066666667,24.697195,7.93680166666667,2.92131166666667,1.37894166666667,0.839266666666667,0.651938333333333,0.619001666666667,0.61572,0.531655,0.443555,0.368466666666667,0.313008333333333,0.285903333333333,0.293013333333333,0.25524,0.254921666666667,0.217163333333333,0.214921666666667,0.184103333333333,0.170686666666667,0.167753333333333,0.15462,0.141831666666667,0.120315,0.106496666666667,0.103825,0.0859683333333333,0.0887,0.090485,0.0653216666666667,0.0661116666666667,0.049885,0.0537216666666667,0.0415766666666667,0.0473933333333333,0.03267,0.0249933333333333,0.0197766666666667,0.0179566666666667,0.016255,0.0106083333333333,0.0113766666666667,0.008,0.00624666666666667,0.00637833333333333,0.00186166666666667,0.00142333333333333,0.00263166666666667,0.00182666666666667,0.002925,0.000958333333333333,0.001265,0.001705,0.000395,0.00064,0.000366666666666667,0.00106666666666667,0.0000866666666666667,0.000253333333333333,0.000273333333333333,0.000293333333333333,0.000313333333333333,0.000333333333333333,0.0001,0,1,0,0,0,0,0,0,1,1,1,1,1,1,1,1,1,1,1,1,1,1,1,1,1,1,1,1,1,1,1,1,1,1,1,1,1,1,1,1,1,1,1,1,1,1,1,1,1,1,1,1,1,1,1,1,1,1,1,1,1,1,1,1,1,1,1,1,1,1,1,1,1,1,1,1,1,1,1,1,0
2026-05-26 21:00:00,284.676012733333,0,0,0,0,0,0,0.120308333333333,9.22788,43.0832783333333,57.8522733333333,43.365325,32.60171,27.68471,25.0911683333333,24.766355,8.57876333333333,2.95065,1.367255,0.784818333333333,0.59896,0.537316666666667,0.541906666666667,0.524143333333333,0.355223333333333,0.308543333333333,0.244603333333333,0.216871666666667,0.231813333333333,0.193411666666667,0.215608333333333,0.185058333333333,0.176655,0.15857,0.135726666666667,0.120311666666667,0.122778333333333,0.115055,0.101261666666667,0.0814116666666667,0.0695283333333333,0.074205,0.0614933333333333,0.056725,0.0524433333333333,0.043725,0.04785,0.0353166666666667,0.0347,0.0337033333333333,0.0327516666666667,0.0207433333333333,0.0226916666666667,0.0146866666666667,0.013515,0.00788833333333333,0.009,0.00903333333333333,0.00595666666666667,0.00391833333333333,0.00357333333333333,0.00606833333333333,0.00523166666666667,0.00182666666666667,0.00173166666666667,0.00284333333333333,0.00254166666666667,0.001555,0.00151833333333333,0.00166666666666667,0.00100333333333333,0.000813333333333333,0.000816666666666667,0.000443333333333333,0.000478333333333333,0.000513333333333333,0.000548333333333333,0.000583333333333333,0.000175,0,1,0,0,0,0,0,0,1,1,1,1,1,1,1,1,1,1,1,1,1,1,1,1,1,1,1,1,1,1,1,1,1,1,1,1,1,1,1,1,1,1,1,1,1,1,1,1,1,1,1,1,1,1,1,1,1,1,1,1,1,1,1,1,1,1,1,1,1,1,1,1,1,1,1,1,1,1,1,1,0
2026-05-26 22:00:00,233.76073355,0,0,0,0,0,0,0.118758333333333,7.80091833333333,35.6970633333333,47.1900166666667,35.2809233333333,26.58339,22.9776783333333,21.4127516666667,20.9455366666667,6.995195,2.61149333333333,1.21083166666667,0.713286666666667,0.506603333333333,0.43903,0.447981666666667,0.424158333333333,0.302985,0.243948333333333,0.20113,0.185031666666667,0.17399,0.178518333333333,0.170258333333333,0.1406,0.139931666666667,0.12472,0.12231,0.105078333333333,0.108376666666667,0.101841666666667,0.0926133333333333,0.0768616666666667,0.0595366666666667,0.0586883333333333,0.0527283333333333,0.0535866666666667,0.0386216666666667,0.0362366666666667,0.0343816666666667,0.0400433333333333,0.0279166666666667,0.0262766666666667,0.021975,0.0229533333333333,0.0189133333333333,0.017965,0.0156766666666667,0.00906833333333333,0.0103216666666667,0.00912,0.00639,0.00805,0.00842666666666667,0.00275,0.00505166666666667,0.00531,0.00250166666666667,0.001305,0.00246666666666667,0.00226333333333333,0.003285,0.0009,0.00139,0.00106666666666667,0.0000866666666666667,0.000253333333333333,0.000273333333333333,0.000293333333333333,0.000313333333333333,0.000333333333333333,0.0001,0,1,0,0,0,0,0,0,1,1,1,1,1,1,1,1,1,1,1,1,1,1,1,1,1,1,1,1,1,1,1,1,1,1,1,1,1,1,1,1,1,1,1,1,1,1,1,1,1,1,1,1,1,1,1,1,1,1,1,1,1,1,1,1,1,1,1,1,1,1,1,1,1,1,1,1,1,1,1,1,0
2026-05-26 23:00:00,151.314178233333,0,0,0,0,0,0,0.0847166666666667,5.29442166666667,23.372885,30.94434,22.8494116666667,17.2698933333333,14.905695,13.915555,12.8209766666667,3.95472166666667,1.525925,0.731803333333333,0.446396666666667,0.340075,0.290868333333333,0.291631666666667,0.268965,0.186571666666667,0.172228333333333,0.145125,0.142081666666667,0.131666666666667,0.127983333333333,0.12726,0.106968333333333,0.105663333333333,0.090675,0.0915716666666667,0.0823583333333333,0.0681716666666667,0.0694133333333333,0.0517866666666667,0.052575,0.048525,0.03636,0.033485,0.0309466666666667,0.02913,0.0303133333333333,0.0246966666666667,0.0218966666666667,0.0220316666666667,0.0203,0.0166983333333333,0.0107366666666667,0.0117116666666667,0.00987333333333333,0.00880333333333333,0.005875,0.007255,0.00547666666666667,0.00412666666666667,0.00411833333333333,0.00332166666666667,0.004455,0.00215833333333333,0.00140166666666667,0.00207833333333333,0.00157666666666667,0.000508333333333333,0.000978333333333333,0,0.00233666666666667,0.00282833333333333,0.0004,0.000773333333333333,0.000316666666666667,0.000341666666666667,0.000366666666666667,0.000391666666666667,0.000416666666666667,0.000125,0,1,0,0,0,0,0,0,1,1,1,1,1,1,1,1,1,1,1,1,1,1,1,1,1,1,1,1,1,1,1,1,1,1,1,1,1,1,1,1,1,1,1,1,1,1,1,1,1,1,1,1,1,1,1,1,1,1,1,1,1,1,1,1,1,1,1,1,1,1,1,1,1,1,1,1,1,1,1,1,0
2026-05-27,156.638783483333,0,0,0,0,0,0,0.0839283333333333,5.68828333333333,25.4341033333333,32.869525,23.81627,17.5186183333333,14.963665,14.1019466666667,12.88958,3.80001,1.53682166666667,0.71251,0.399011666666667,0.317573333333333,0.296555,0.279426666666667,0.269866666666667,0.179426666666667,0.155781666666667,0.118746666666667,0.11265,0.11734,0.100513333333333,0.0965133333333333,0.08885,0.086055,0.0778633333333333,0.071975,0.0650466666666667,0.0507416666666667,0.0498,0.04578,0.034655,0.0313033333333333,0.0286833333333333,0.0248133333333333,0.0241666666666667,0.0245566666666667,0.019705,0.0155666666666667,0.0143766666666667,0.0112316666666667,0.01463,0.0148616666666667,0.0114766666666667,0.0113,0.009535,0.008215,0.00730666666666667,0.00373333333333333,0.0043,0.0035,0.00490833333333333,0.00221166666666667,0.00256,0.000425,0.00204833333333333,0.00257833333333333,0.00122833333333333,0.000075,0.00112833333333333,0.00055,0.00105666666666667,0.00102333333333333,0.00032,0.00107,0.000443333333333333,0.000476666666666667,0.000511666666666667,0.000548333333333333,0.000585,0.000173333333333333,0,1,0,0,0,0,0,0,1,1,1,1,1,1,1,1,1,1,1,1,1,1,1,1,1,1,1,1,1,1,1,1,1,1,1,1,1,1,1,1,1,1,1,1,1,1,1,1,1,1,1,1,1,1,1,1,1,1,1,1,1,1,1,1,1,1,1,1,1,1,1,1,1,1,1,1,1,1,1,1,0
2026-05-27 01:00:00,188.24759695,0,0,0,0,0,0,0.0987116666666667,7.23842166666667,32.078245,40.7419983333333,28.8063783333333,21.17044,17.501785,16.17393,14.7292133333333,4.16589,1.86130666666667,0.908811666666667,0.506286666666667,0.362326666666667,0.296305,0.291146666666667,0.26846,0.192805,0.150048333333333,0.102688333333333,0.0918816666666667,0.094845,0.09156,0.0979483333333333,0.0714333333333333,0.0624266666666667,0.0688083333333333,0.0603933333333333,0.0683766666666667,0.0546266666666667,0.0445466666666667,0.0350183333333333,0.040345,0.03166,0.0169666666666667,0.0135733333333333,0.0154066666666667,0.016585,0.0123183333333333,0.014295,0.0124916666666667,0.01247,0.0112316666666667,0.00966333333333333,0.00714333333333333,0.00877166666666667,0.00549333333333333,0.00528333333333333,0.00557333333333333,0.00330166666666667,0.00223666666666667,0.00229,0.000888333333333333,0.00221166666666667,0.00147,0.00226,0.00261333333333333,0.001655,0.000498333333333333,0.000705,0.000978333333333333,0.000836666666666667,0.00064,0.000193333333333333,0,0.0000433333333333333,0.000126666666666667,0.000136666666666667,0.000146666666666667,0.000156666666666667,0.000166666666666667,0.00005,0,1,0,0,0,0,0,0,1,1,1,1,1,1,1,1,1,1,1,1,1,1,1,1,1,1,1,1,1,1,1,1,1,1,1,1,1,1,1,1,1,1,1,1,1,1,1,1,1,1,1,1,1,1,1,1,1,1,1,1,1,1,1,1,1,1,1,1,1,1,1,1,1,1,1,1,1,1,1,1,0
2026-05-27 02:00:00,234.423796883333,0,0,0,0,0,0,0.116638333333333,8.63602166666667,39.0630366666667,51.314895,36.70135,26.372935,22.24339,20.2359466666667,18.5622966666667,5.14595333333333,2.36019,1.09671666666667,0.653983333333333,0.433495,0.371343333333333,0.32952,0.314316666666667,0.190281666666667,0.152678333333333,0.112335,0.119411666666667,0.108711666666667,0.0989866666666667,0.109373333333333,0.0832716666666667,0.0800383333333333,0.0734666666666667,0.0740816666666667,0.0780383333333333,0.0594716666666667,0.05147,0.0461916666666667,0.0365716666666667,0.0228716666666667,0.016965,0.0207866666666667,0.016075,0.011515,0.0125666666666667,0.009195,0.00860833333333333,0.00991,0.00937833333333333,0.00603166666666667,0.00800666666666667,0.00417,0.00319666666666667,0.002675,0.00274833333333333,0.00231,0.002695,0.00315,0.00199833333333333,0.001965,0.000853333333333333,0.00149666666666667,0.00105333333333333,0.00119333333333333,0.000498333333333333,0.001265,0.00042,0,0.00125,0.000415,0.000413333333333333,0.000931666666666667,0.000316666666666667,0.000341666666666667,0.000366666666666667,0.000391666666666667,0.000416666666666667,0.000125,0,1,0,0,0,0,0,0,1,1,1,1,1,1,1,1,1,1,1,1,1,1,1,1,1,1,1,1,1,1,1,1,1,1,1,1,1,1,1,1,1,1,1,1,1,1,1,1,1,1,1,1,1,1,1,1,1,1,1,1,1,1,1,1,1,1,1,1,1,1,1,1,1,1,1,1,1,1,1,1,0
2026-05-27 03:00:00,255.949064083333,0,0,0,0,0,0,0.119533333333333,8.43705,39.7035916666667,53.1640583333333,39.5022433333333,29.620945,25.1190783333333,23.3636766666667,21.8814583333333,6.066845,2.850165,1.42428166666667,0.777078333333333,0.518801666666667,0.44717,0.447563333333333,0.386288333333333,0.222828333333333,0.168033333333333,0.12242,0.115345,0.124856666666667,0.116365,0.110175,0.0969716666666667,0.107466666666667,0.0991866666666667,0.098425,0.077275,0.0755683333333333,0.0719016666666667,0.06327,0.0441866666666667,0.0306266666666667,0.0259583333333333,0.0208983333333333,0.0185566666666667,0.0109266666666667,0.010625,0.0138883333333333,0.01033,0.0118316666666667,0.00700333333333333,0.00554166666666667,0.00507833333333333,0.00414666666666667,0.00340666666666667,0.00186666666666667,0.00253666666666667,0.00142666666666667,0.00413,0.00169166666666667,0.00199833333333333,0.000678333333333333,0.00147,0.00108666666666667,0.001275,0.000385,0.000808333333333333,0.000918333333333333,0,0.000418333333333333,0.000416666666666667,0,0,0.000065,0.00019,0.000205,0.00022,0.000235,0.00025,0.000075,0,1,0,0,0,0,0,0,1,1,1,1,1,1,1,1,1,1,1,1,1,1,1,1,1,1,1,1,1,1,1,1,1,1,1,1,1,1,1,1,1,1,1,1,1,1,1,1,1,1,1,1,1,1,1,1,1,1,1,1,1,1,1,1,1,1,1,1,1,1,1,1,1,1,1,1,1,1,1,1,0
2026-05-27 04:00:00,251.1587929,0,0,0,0,0,0,0.111681666666667,8.12235833333333,37.6893316666667,50.9866016666667,38.0906083333333,28.702465,24.750575,23.4007866666667,22.616725,6.70707333333333,3.33172833333333,1.687815,0.93067,0.634531666666667,0.541048333333333,0.518815,0.433948333333333,0.244091666666667,0.199506666666667,0.142845,0.143686666666667,0.147691666666667,0.141535,0.134541666666667,0.126425,0.127958333333333,0.122348333333333,0.111473333333333,0.100428333333333,0.09491,0.0841683333333333,0.0646316666666667,0.0489033333333333,0.038105,0.0305566666666667,0.022235,0.0183716666666667,0.0144133333333333,0.013225,0.01354,0.0103316666666667,0.00796,0.00896,0.00470166666666667,0.005035,0.00556166666666667,0.000746666666666667,0.00332833333333333,0.00193666666666667,0.00266,0.00169166666666667,0.00209166666666667,0.00134,0.00128166666666667,0.00142333333333333,0.00220666666666667,0.000976666666666667,0.00211666666666667,0.0005,0.000705,0.000426666666666667,0.000928333333333333,0.0000366666666666667,0,0.000413333333333333,0.0000216666666666667,0.0000633333333333333,0.0000683333333333333,0.0000733333333333333,0.0000783333333333333,0.0000833333333333333,0.000025,0,1,0,0,0,0,0,0,1,1,1,1,1,1,1,1,1,1,1,1,1,1,1,1,1,1,1,1,1,1,1,1,1,1,1,1,1,1,1,1,1,1,1,1,1,1,1,1,1,1,1,1,1,1,1,1,1,1,1,1,1,1,1,1,1,1,1,1,1,1,1,1,1,1,1,1,1,1,1,1,0
2026-05-27 05:00:00,243.232921783333,0,0,0,0,0,0,0.113163333333333,8.40678,37.9116016666667,50.0345216666667,36.25556,26.9091533333333,23.139145,21.7134616666667,21.7062966666667,6.67593166666667,3.29132,1.62892833333333,0.885083333333333,0.64982,0.502891666666667,0.511215,0.440795,0.259786666666667,0.210405,0.155251666666667,0.16707,0.172391666666667,0.156016666666667,0.159191666666667,0.163073333333333,0.148266666666667,0.139088333333333,0.122778333333333,0.121261666666667,0.110106666666667,0.0839333333333333,0.0786216666666667,0.0628466666666667,0.0346483333333333,0.0364616666666667,0.0338233333333333,0.0263983333333333,0.0230983333333333,0.0161066666666667,0.0120333333333333,0.0109933333333333,0.00823,0.0100583333333333,0.00963166666666667,0.00720666666666667,0.00749833333333333,0.00592666666666667,0.00278166666666667,0.005865,0.004615,0.00209333333333333,0.00208833333333333,0.002975,0.001785,0.00189666666666667,0.00130833333333333,0.00140166666666667,0.00130833333333333,0.00046,0.000421666666666667,0.001705,0.000395,0.000416666666666667,0.000415,0,0.001365,0.00038,0.00041,0.00044,0.00047,0.0005,0.00015,0,1,0,0,0,0,0,0,1,1,1,1,1,1,1,1,1,1,1,1,1,1,1,1,1,1,1,1,1,1,1,1,1,1,1,1,1,1,1,1,1,1,1,1,1,1,1,1,1,1,1,1,1,1,1,1,1,1,1,1,1,1,1,1,1,1,1,1,1,1,1,1,1,1,1,1,1,1,1,1,0
2026-05-27 06:00:00,241.181308,0,0,0,0,0,0,0.126918333333333,8.79142666666667,39.0923866666667,50.4083216666667,36.1446666666667,26.3782616666667,22.4532733333333,20.8553266666667,20.4063133333333,6.03495333333333,2.99199166666667,1.45610833333333,0.776023333333333,0.577168333333333,0.499915,0.472093333333333,0.422688333333333,0.252368333333333,0.221796666666667,0.168285,0.180601666666667,0.173326666666667,0.167795,0.159475,0.163315,0.142556666666667,0.148558333333333,0.131955,0.127031666666667,0.119146666666667,0.09338,0.0744033333333333,0.0666166666666667,0.0429866666666667,0.0364433333333333,0.0290266666666667,0.0198933333333333,0.021505,0.0223766666666667,0.01848,0.02075,0.01455,0.0116066666666667,0.0114783333333333,0.00911833333333333,0.0067,0.00436333333333333,0.00376,0.00588,0.00393833333333333,0.0037,0.00137666666666667,0.000603333333333333,0.001105,0.000853333333333333,0.00319666666666667,0.00190333333333333,0.00127,0.000423333333333333,0.000421666666666667,0.000288333333333333,0.00138666666666667,0.00064,0.00143833333333333,0.000986666666666667,0.000383333333333333,0.00038,0.00041,0.00044,0.00047,0.0005,0.00015,0,1,0,0,0,0,0,0,1,1,1,1,1,1,1,1,1,1,1,1,1,1,1,1,1,1,1,1,1,1,1,1,1,1,1,1,1,1,1,1,1,1,1,1,1,1,1,1,1,1,1,1,1,1,1,1,1,1,1,1,1,1,1,1,1,1,1,1,1,1,1,1,1,1,1,1,1,1,1,1,0
2026-05-27 07:00:00,227.761642416667,0,0,0,0,0,0,0.12019,8.693435,38.610075,49.509235,34.4755083333333,24.8088966666667,20.5473033333333,19.2053366666667,17.5294933333333,4.95374833333333,2.41966,1.08088,0.646353333333333,0.467635,0.418871666666667,0.440258333333333,0.372091666666667,0.24713,0.216335,0.169716666666667,0.194461666666667,0.191515,0.169013333333333,0.196473333333333,0.161515,0.16332,0.141731666666667,0.13735,0.128651666666667,0.126345,0.110893333333333,0.09413,0.06101,0.0453333333333333,0.0414683333333333,0.033765,0.02364,0.01942,0.0214666666666667,0.0196433333333333,0.01467,0.0137866666666667,0.0125266666666667,0.00715333333333333,0.0106083333333333,0.00594833333333333,0.00403666666666667,0.00614666666666667,0.00390166666666667,0.00585833333333333,0.00375666666666667,0.00315666666666667,0.00302,0.00281666666666667,0.00170666666666667,0.00182,0.00158,0.00077,0.000423333333333333,0.00120166666666667,0.000846666666666667,0.000131666666666667,0.00147333333333333,0.000608333333333333,0.000826666666666667,0.000975,0.000443333333333333,0.000476666666666667,0.000511666666666667,0.000548333333333333,0.000585,0.000173333333333333,0,1,0,0,0,0,0,0,1,1,1,1,1,1,1,1,1,1,1,1,1,1,1,1,1,1,1,1,1,1,1,1,1,1,1,1,1,1,1,1,1,1,1,1,1,1,1,1,1,1,1,1,1,1,1,1,1,1,1,1,1,1,1,1,1,1,1,1,1,1,1,1,1,1,1,1,1,1,1,1,0
2026-05-27 08:00:00,258.802456683333,0,0,0,0,0,0,0.131796666666667,10.0483483333333,44.464185,57.9735366666667,40.5705783333333,28.569285,23.4262416666667,21.76145,17.4466,4.666815,2.40069666666667,1.08744666666667,0.650536666666667,0.528748333333333,0.451608333333333,0.473215,0.38679,0.280015,0.252725,0.200138333333333,0.20549,0.215466666666667,0.183951666666667,0.20796,0.180806666666667,0.184775,0.167713333333333,0.150858333333333,0.146923333333333,0.126218333333333,0.117491666666667,0.088405,0.0710233333333333,0.05607,0.047515,0.037515,0.034045,0.0296233333333333,0.0265616666666667,0.02301,0.0185683333333333,0.0147733333333333,0.012325,0.011825,0.0119933333333333,0.01005,0.00645166666666667,0.00710666666666667,0.00427,0.00656166666666667,0.00475833333333333,0.00467166666666667,0.00227333333333333,0.00196,0.00308166666666667,0.00353,0.00190333333333333,0.00284833333333333,0.00123166666666667,0.00142166666666667,0.00112333333333333,0.00134666666666667,0.00128666666666667,0.000346666666666667,0.00188,0.000468333333333333,0.000633333333333333,0.000681666666666667,0.000731666666666667,0.000783333333333333,0.000835,0.000248333333333333,0,1,0,0,0,0,0,0,1,1,1,1,1,1,1,1,1,1,1,1,1,1,1,1,1,1,1,1,1,1,1,1,1,1,1,1,1,1,1,1,1,1,1,1,1,1,1,1,1,1,1,1,1,1,1,1,1,1,1,1,1,1,1,1,1,1,1,1,1,1,1,1,1,1,1,1,1,1,1,1,0
2026-05-27 09:00:00,250.005554683333,0,0,0,0,0,0,0.14439,10.4225166666667,45.622735,56.7842166666667,38.4329,26.97002,22.1555583333333,21.2176466666667,15.9321016666667,4.47146666666667,2.26759333333333,1.05144333333333,0.620631666666667,0.493188333333333,0.45605,0.520053333333333,0.39577,0.301601666666667,0.266331666666667,0.214875,0.24199,0.224555,0.195913333333333,0.238646666666667,0.194745,0.218823333333333,0.170095,0.172551666666667,0.17425,0.148598333333333,0.125666666666667,0.109308333333333,0.080205,0.0610816666666667,0.0548233333333333,0.0446616666666667,0.0488716666666667,0.0374983333333333,0.024715,0.0207866666666667,0.02118,0.01689,0.0160483333333333,0.0159633333333333,0.0113333333333333,0.0125983333333333,0.00982333333333333,0.00802833333333333,0.00621666666666667,0.00642333333333333,0.00639333333333333,0.00570333333333333,0.003315,0.00246666666666667,0.00317666666666667,0.003655,0.00168166666666667,0.00119333333333333,0.00169,0.002045,0.00139833333333333,0.00163333333333333,0.00192666666666667,0.00119666666666667,0.000655,0.000736666666666667,0.00095,0.00102333333333333,0.00109833333333333,0.001175,0.00125166666666667,0.000373333333333333,0,1,0,0,0,0,0,0,1,1,1,1,1,1,1,1,1,1,1,1,1,1,1,1,1,1,1,1,1,1,1,1,1,1,1,1,1,1,1,1,1,1,1,1,1,1,1,1,1,1,1,1,1,1,1,1,1,1,1,1,1,1,1,1,1,1,1,1,1,1,1,1,1,1,1,1,1,1,1,1,0
2026-05-27 10:00:00,228.871820366667,0,0,0,0,0,0,0.136355,9.75246,42.97528,52.628315,35.1728583333333,24.29865,20.0137266666667,19.6203033333333,12.76846,3.664985,1.90074166666667,0.891643333333333,0.561246666666667,0.454806666666667,0.426253333333333,0.469488333333333,0.349763333333333,0.305845,0.2357,0.205803333333333,0.229036666666667,0.234015,0.195993333333333,0.235478333333333,0.19448,0.213066666666667,0.171471666666667,0.179671666666667,0.154133333333333,0.132435,0.135393333333333,0.104005,0.0770266666666667,0.0542483333333333,0.0425133333333333,0.0455633333333333,0.040165,0.037195,0.0263733333333333,0.0281733333333333,0.024785,0.020675,0.0186733333333333,0.0148716666666667,0.0108216666666667,0.0121433333333333,0.00607666666666667,0.00693666666666667,0.009975,0.00926666666666667,0.00728333333333333,0.00641833333333333,0.003195,0.00392333333333333,0.00403,0.00193833333333333,0.00247333333333333,0.00331,0.00380166666666667,0.00198166666666667,0.00224333333333333,0.001805,0.00230833333333333,0.000781666666666667,0.00148,0.001625,0.00114,0.00122833333333333,0.00131833333333333,0.00141,0.00150166666666667,0.000448333333333333,0,1,0,0,0,0,0,0,1,1,1,1,1,1,1,1,1,1,1,1,1,1,1,1,1,1,1,1,1,1,1,1,1,1,1,1,1,1,1,1,1,1,1,1,1,1,1,1,1,1,1,1,1,1,1,1,1,1,1,1,1,1,1,1,1,1,1,1,1,1,1,1,1,1,1,1,1,1,1,1,0
2026-05-27 11:00:00,266.17533365,0,0,0,0,0,0,0.163205,11.15623,48.791695,61.41625,41.6136083333333,28.918865,23.627795,22.4904066666667,13.6394783333333,4.28192833333333,2.09076833333333,0.942336666666667,0.571791666666667,0.493901666666667,0.42826,0.475016666666667,0.366486666666667,0.307563333333333,0.240796666666667,0.198473333333333,0.223483333333333,0.229475,0.193355,0.21105,0.16096,0.19338,0.16483,0.148905,0.135616666666667,0.120823333333333,0.10576,0.08285,0.0792133333333333,0.0614683333333333,0.0575733333333333,0.0403,0.0350866666666667,0.0284183333333333,0.0310366666666667,0.0203016666666667,0.0204666666666667,0.0234466666666667,0.0153833333333333,0.0161,0.015975,0.00998,0.0131516666666667,0.01219,0.00846166666666667,0.00794333333333333,0.00702333333333333,0.00954,0.00590666666666667,0.00571166666666667,0.00417333333333333,0.00468833333333333,0.00263333333333333,0.00334833333333333,0.00369,0.00169833333333333,0.000846666666666667,0.001805,0.000863333333333333,0.00239333333333333,0.00172,0.000671666666666667,0.00076,0.000818333333333333,0.000878333333333333,0.00094,0.00100166666666667,0.000298333333333333,0,1,0,0,0,0,0,0,1,1,1,1,1,1,1,1,1,1,1,1,1,1,1,1,1,1,1,1,1,1,1,1,1,1,1,1,1,1,1,1,1,1,1,1,1,1,1,1,1,1,1,1,1,1,1,1,1,1,1,1,1,1,1,1,1,1,1,1,1,1,1,1,1,1,1,1,1,1,1,1,0
2026-05-27 12:00:00,253.164244316667,0,0,0,0,0,0,0.169866666666667,10.7300566666667,47.0665716666667,58.3058833333333,39.0727433333333,27.2761966666667,22.2709733333333,21.354345,14.40133,4.32921,2.04867,0.984605,0.608366666666667,0.502981666666667,0.453435,0.479511666666667,0.370635,0.270386666666667,0.258876666666667,0.193178333333333,0.19896,0.206726666666667,0.170296666666667,0.227635,0.160023333333333,0.167035,0.150528333333333,0.139025,0.1451,0.115131666666667,0.11434,0.100991666666667,0.0707316666666667,0.0556683333333333,0.0480916666666667,0.0388216666666667,0.0317283333333333,0.0255783333333333,0.0246533333333333,0.016555,0.02033,0.0179716666666667,0.0161433333333333,0.0188716666666667,0.018225,0.0150583333333333,0.00815166666666667,0.00879833333333333,0.01065,0.00911166666666667,0.00650833333333333,0.00708166666666667,0.00383666666666667,0.00468,0.00440833333333333,0.00667833333333333,0.00168166666666667,0.00161666666666667,0.000846666666666667,0.000075,0.00154833333333333,0.00264166666666667,0.00189,0.00137,0.00162666666666667,0.00200166666666667,0.00076,0.000818333333333333,0.000878333333333333,0.00094,0.00100166666666667,0.000298333333333333,0,1,0,0,0,0,0,0,1,1,1,1,1,1,1,1,1,1,1,1,1,1,1,1,1,1,1,1,1,1,1,1,1,1,1,1,1,1,1,1,1,1,1,1,1,1,1,1,1,1,1,1,1,1,1,1,1,1,1,1,1,1,1,1,1,1,1,1,1,1,1,1,1,1,1,1,1,1,1,1,0
2026-05-27 13:00:00,227.74942625,0,0,0,0,0,0,0.121453333333333,8.57486666666667,39.879565,52.6003316666667,35.4583666666667,24.866515,20.7923416666667,19.6307983333333,14.238765,4.15113666666667,1.91727166666667,0.902393333333333,0.54528,0.482391666666667,0.396111666666667,0.430078333333333,0.355973333333333,0.29015,0.222603333333333,0.189695,0.20537,0.195823333333333,0.167653333333333,0.207523333333333,0.166935,0.184661666666667,0.165293333333333,0.149305,0.142025,0.130991666666667,0.11334,0.0969183333333333,0.094415,0.0723516666666667,0.0613166666666667,0.045775,0.0460683333333333,0.036065,0.033505,0.0264033333333333,0.0297833333333333,0.0295866666666667,0.0177416666666667,0.016595,0.0191966666666667,0.0150566666666667,0.0143366666666667,0.01363,0.0104033333333333,0.00885,0.0120216666666667,0.008345,0.008995,0.007595,0.00379166666666667,0.002395,0.00426166666666667,0.00269333333333333,0.00276666666666667,0.00149,0.00280833333333333,0.001745,0.00216833333333333,0.00204833333333333,0.00124,0.000606666666666667,0.00057,0.000615,0.00066,0.000705,0.00075,0.000225,0,1,0,0,0,0,0,0,1,1,1,1,1,1,1,1,1,1,1,1,1,1,1,1,1,1,1,1,1,1,1,1,1,1,1,1,1,1,1,1,1,1,1,1,1,1,1,1,1,1,1,1,1,1,1,1,1,1,1,1,1,1,1,1,1,1,1,1,1,1,1,1,1,1,1,1,1,1,1,1,0
2026-05-27 14:00:00,191.228925833333,0,0,0,0,0,0,0.101585,6.74766,32.291275,43.5552116666667,29.8364783333333,21.0149316666667,17.2408916666667,16.2037633333333,12.800985,4.11365333333333,1.66813333333333,0.782171666666667,0.468173333333333,0.38814,0.338988333333333,0.385043333333333,0.346221666666667,0.282735,0.215761666666667,0.18169,0.198703333333333,0.20882,0.16966,0.200793333333333,0.148478333333333,0.194373333333333,0.165023333333333,0.143726666666667,0.133871666666667,0.128356666666667,0.113446666666667,0.110566666666667,0.091245,0.0675633333333333,0.0683883333333333,0.049085,0.0454916666666667,0.03401,0.031345,0.03289,0.02731,0.0266516666666667,0.0264116666666667,0.02114,0.0247833333333333,0.0168333333333333,0.017625,0.01499,0.0145366666666667,0.009835,0.0100083333333333,0.00598833333333333,0.00637833333333333,0.00614333333333333,0.00948166666666667,0.00620166666666667,0.00387,0.001655,0.003155,0.00551166666666667,0.00294666666666667,0.00233666666666667,0.00399166666666667,0.000781666666666667,0.00164,0.002745,0.00126666666666667,0.001365,0.001465,0.00156666666666667,0.00166833333333333,0.000498333333333333,0,1,0,0,0,0,0,0,1,1,1,1,1,1,1,1,1,1,1,1,1,1,1,1,1,1,1,1,1,1,1,1,1,1,1,1,1,1,1,1,1,1,1,1,1,1,1,1,1,1,1,1,1,1,1,1,1,1,1,1,1,1,1,1,1,1,1,1,1,1,1,1,1,1,1,1,1,1,1,1,0
2026-05-27 15:00:00,175.532555683333,0,0,0,0,0,0,0.0798916666666667,5.92170166666667,29.0051733333333,39.48702,27.19907,19.5033433333333,15.8879666666667,14.81232,11.8811316666667,4.17262166666667,1.58923666666667,0.745183333333333,0.501101666666667,0.38363,0.373351666666667,0.400365,0.365008333333333,0.280101666666667,0.223586666666667,0.193866666666667,0.207371666666667,0.21196,0.196056666666667,0.193606666666667,0.163761666666667,0.178596666666667,0.151975,0.13646,0.133791666666667,0.138353333333333,0.134731666666667,0.109978333333333,0.0838966666666667,0.0702533333333333,0.06633,0.0541833333333333,0.0487416666666667,0.0343883333333333,0.0404816666666667,0.040875,0.0302133333333333,0.03234,0.02557,0.0237616666666667,0.0178566666666667,0.0189083333333333,0.0171616666666667,0.010945,0.00865833333333333,0.0101916666666667,0.0082,0.00770666666666667,0.006875,0.00537666666666667,0.00606833333333333,0.00460166666666667,0.00423166666666667,0.00254,0.003845,0.00277166666666667,0.00252166666666667,0.00134666666666667,0.00151,0.0022,0.00245333333333333,0.00169833333333333,0.00107666666666667,0.00115833333333333,0.00124333333333333,0.00133166666666667,0.00142,0.000421666666666667,0,1,0,0,0,0,0,0,1,1,1,1,1,1,1,1,1,1,1,1,1,1,1,1,1,1,1,1,1,1,1,1,1,1,1,1,1,1,1,1,1,1,1,1,1,1,1,1,1,1,1,1,1,1,1,1,1,1,1,1,1,1,1,1,1,1,1,1,1,1,1,1,1,1,1,1,1,1,1,1,0
2026-05-27 16:00:00,171.69418585,0,0,0,0,0,0,0.0733133333333333,5.45573333333333,26.8717883333333,37.4596933333333,26.3442733333333,19.1010733333333,15.81165,14.744665,12.1158283333333,4.33429333333333,1.62687833333333,0.768543333333333,0.509836666666667,0.416765,0.390876666666667,0.413688333333333,0.355198333333333,0.305385,0.25777,0.214878333333333,0.23889,0.225376666666667,0.187738333333333,0.21889,0.175703333333333,0.188423333333333,0.166335,0.143496666666667,0.148005,0.129776666666667,0.126336666666667,0.095125,0.082755,0.0692916666666667,0.0540883333333333,0.052335,0.0461233333333333,0.0375933333333333,0.0339216666666667,0.0360183333333333,0.0275883333333333,0.02919,0.023035,0.01848,0.0208916666666667,0.0184766666666667,0.0149416666666667,0.0108383333333333,0.0135283333333333,0.00896333333333333,0.00834333333333333,0.00463833333333333,0.00635666666666667,0.00749166666666667,0.00630666666666667,0.00628666666666667,0.00308333333333333,0.00381,0.00211,0.002335,0.00392,0.002165,0.00258666666666667,0.00156333333333333,0.00213333333333333,0.000736666666666667,0.00095,0.001025,0.0011,0.001175,0.00125,0.000375,0,1,0,0,0,0,0,0,1,1,1,1,1,1,1,1,1,1,1,1,1,1,1,1,1,1,1,1,1,1,1,1,1,1,1,1,1,1,1,1,1,1,1,1,1,1,1,1,1,1,1,1,1,1,1,1,1,1,1,1,1,1,1,1,1,1,1,1,1,1,1,1,1,1,1,1,1,1,1,1,0
2026-05-27 17:00:00,160.169428766667,0,0,0,0,0,0,0.0638083333333333,4.45085,22.98414,33.2157033333333,24.6401233333333,18.9093516666667,16.752545,16.02395,10.515435,3.67806,1.506665,0.772138333333333,0.524771666666667,0.424426666666667,0.453418333333333,0.519015,0.471205,0.395771666666667,0.334638333333333,0.272378333333333,0.299126666666667,0.302563333333333,0.275911666666667,0.288378333333333,0.217895,0.250678333333333,0.206988333333333,0.199473333333333,0.212015,0.186635,0.140393333333333,0.136008333333333,0.110301666666667,0.0779083333333333,0.071105,0.0478066666666667,0.0443983333333333,0.0284416666666667,0.0295666666666667,0.027185,0.0197016666666667,0.0229933333333333,0.0249416666666667,0.0190516666666667,0.0133366666666667,0.01342,0.01098,0.00927,0.00799166666666667,0.00795,0.00696666666666667,0.00638666666666667,0.007525,0.00468,0.006305,0.00361666666666667,0.0039,0.00146166666666667,0.00242333333333333,0.002265,0.00309166666666667,0.00147833333333333,0.00279,0.000995,0.00181333333333333,0.00135833333333333,0.000823333333333333,0.000885,0.00095,0.00101833333333333,0.00108666666666667,0.000321666666666667,0,1,0,0,0,0,0,0,1,1,1,1,1,1,1,1,1,1,1,1,1,1,1,1,1,1,1,1,1,1,1,1,1,1,1,1,1,1,1,1,1,1,1,1,1,1,1,1,1,1,1,1,1,1,1,1,1,1,1,1,1,1,1,1,1,1,1,1,1,1,1,1,1,1,1,1,1,1,1,1,0
2026-05-27 18:00:00,146.19133405,0,0,0,0,0,0,0.0518633333333333,3.574165,18.991905,29.05813,22.566705,17.8990033333333,15.8795666666667,14.9746916666667,9.04820166666667,3.26060833333333,1.40326,0.793253333333333,0.566833333333333,0.518206666666667,0.51683,0.603081666666667,0.552415,0.487941666666667,0.423955,0.374885,0.378278333333333,0.412118333333333,0.340308333333333,0.390515,0.31429,0.355225,0.287903333333333,0.262916666666667,0.250101666666667,0.210893333333333,0.198261666666667,0.156171666666667,0.131286666666667,0.0941016666666667,0.0722966666666667,0.05896,0.047515,0.04067,0.0302266666666667,0.0298566666666667,0.0226883333333333,0.0237166666666667,0.0260283333333333,0.01458,0.0172966666666667,0.0158366666666667,0.0142633333333333,0.00894333333333333,0.009645,0.00394666666666667,0.00536166666666667,0.00641,0.00406166666666667,0.00802833333333333,0.00469333333333333,0.00277166666666667,0.003565,0.00284833333333333,0.002615,0.00246666666666667,0.00210666666666667,0.00055,0.000833333333333333,0.00141833333333333,0.0018,0.00176166666666667,0.001265,0.00136166666666667,0.00146166666666667,0.00156666666666667,0.00167166666666667,0.000495,0,1,0,0,0,0,0,0,1,1,1,1,1,1,1,1,1,1,1,1,1,1,1,1,1,1,1,1,1,1,1,1,1,1,1,1,1,1,1,1,1,1,1,1,1,1,1,1,1,1,1,1,1,1,1,1,1,1,1,1,1,1,1,1,1,1,1,1,1,1,1,1,1,1,1,1,1,1,1,1,0
2026-05-27 19:00:00,131.9218852,0,0,0,0,0,0,0.0458566666666667,2.87445666666667,15.4265083333333,24.6648566666667,20.2092866666667,16.9121183333333,14.9096716666667,13.6462266666667,8.68496166666667,3.63298833333333,1.486385,0.861838333333333,0.623555,0.568603333333333,0.562875,0.63799,0.571918333333333,0.536226666666667,0.456801666666667,0.399165,0.390988333333333,0.430235,0.380408333333333,0.3966,0.320571666666667,0.378146666666667,0.290271666666667,0.284375,0.261603333333333,0.240635,0.196616666666667,0.172288333333333,0.134261666666667,0.0983416666666667,0.081415,0.0507766666666667,0.0501966666666667,0.04058,0.0370483333333333,0.0299016666666667,0.031435,0.0248433333333333,0.0208366666666667,0.0107233333333333,0.0118533333333333,0.0131033333333333,0.01006,0.00629666666666667,0.00668166666666667,0.0112366666666667,0.00653666666666667,0.00584833333333333,0.008565,0.00503,0.00512,0.00255166666666667,0.00378666666666667,0.00173166666666667,0.00315166666666667,0.00177333333333333,0.001555,0.00191666666666667,0.000851666666666667,0.00141833333333333,0.00024,0.000216666666666667,0.000633333333333333,0.000683333333333333,0.000733333333333333,0.000783333333333333,0.000833333333333333,0.00025,0,1,0,0,0,0,0,0,1,1,1,1,1,1,1,1,1,1,1,1,1,1,1,1,1,1,1,1,1,1,1,1,1,1,1,1,1,1,1,1,1,1,1,1,1,1,1,1,1,1,1,1,1,1,1,1,1,1,1,1,1,1,1,1,1,1,1,1,1,1,1,1,1,1,1,1,1,1,1,1,0
2026-05-27 20:00:00,128.213864033333,0,0,0,0,0,0,0.0327683333333333,2.61998333333333,14.30808,23.13429,19.5603683333333,16.4959816666667,14.4755083333333,12.8244383333333,9.14791666666667,4.431945,1.727835,0.967656666666667,0.722171666666667,0.654271666666667,0.610283333333333,0.639385,0.65117,0.566616666666667,0.486096666666667,0.416693333333333,0.404035,0.435215,0.387178333333333,0.383333333333333,0.328571666666667,0.350025,0.310855,0.267785,0.256931666666667,0.227176666666667,0.187685,0.15396,0.130915,0.0795266666666667,0.0738533333333333,0.0490266666666667,0.041005,0.032175,0.0352766666666667,0.0275666666666667,0.02804,0.0242833333333333,0.0197416666666667,0.0142766666666667,0.0136016666666667,0.0129433333333333,0.00933166666666667,0.00721166666666667,0.00671666666666667,0.006985,0.00473333333333333,0.004385,0.00522666666666667,0.00392166666666667,0.00104333333333333,0.00236166666666667,0.00204833333333333,0.00211666666666667,0.00211166666666667,0.000918333333333333,0.00126,0.001255,0.000416666666666667,0.00083,0.00114666666666667,0.001525,0.00057,0.000613333333333333,0.000658333333333333,0.000705,0.000751666666666667,0.000223333333333333,0,1,0,0,0,0,0,0,1,1,1,1,1,1,1,1,1,1,1,1,1,1,1,1,1,1,1,1,1,1,1,1,1,1,1,1,1,1,1,1,1,1,1,1,1,1,1,1,1,1,1,1,1,1,1,1,1,1,1,1,1,1,1,1,1,1,1,1,1,1,1,1,1,1,1,1,1,1,1,1,0
2026-05-27 21:00:00,103.409000633333,0,0,0,0,0,0,0.0311433333333333,2.21507333333333,11.950165,19.3209383333333,16.0856866666667,12.9835183333333,10.9636316666667,9.255795,7.260535,3.964055,1.61845666666667,0.910805,0.622895,0.546361666666667,0.515805,0.540726666666667,0.52603,0.468903333333333,0.402951666666667,0.335578333333333,0.349908333333333,0.33721,0.305018333333333,0.32826,0.266963333333333,0.279803333333333,0.234695,0.178426666666667,0.183323333333333,0.173971666666667,0.15276,0.122461666666667,0.107956666666667,0.0771883333333333,0.048915,0.0395533333333333,0.0360233333333333,0.0298383333333333,0.0282033333333333,0.0264433333333333,0.0183266666666667,0.02007,0.0163733333333333,0.0116533333333333,0.0116983333333333,0.00756333333333333,0.00917166666666667,0.00920166666666667,0.00839166666666667,0.00666666666666667,0.002695,0.003955,0.00205333333333333,0.001535,0.00294,0.00314333333333333,0.00192833333333333,0.002155,0.00130333333333333,0.00197,0.00168666666666667,0.00216333333333333,0.001305,0.000346666666666667,0.00172,0.000541666666666667,0.00038,0.00041,0.00044,0.00047,0.0005,0.00015,0,1,0,0,0,0,0,0,1,1,1,1,1,1,1,1,1,1,1,1,1,1,1,1,1,1,1,1,1,1,1,1,1,1,1,1,1,1,1,1,1,1,1,1,1,1,1,1,1,1,1,1,1,1,1,1,1,1,1,1,1,1,1,1,1,1,1,1,1,1,1,1,1,1,1,1,1,1,1,1,0
2026-05-27 22:00:00,72.2159409298246,0,0,0,0,0,0,0.0179894736842105,1.59123684210526,8.42781754385965,13.4649859649123,11.3415473684211,9.01689298245614,7.37384561403509,5.92375964912281,4.52217894736842,2.58058947368421,1.18318421052632,0.741491228070175,0.5147,0.415777192982456,0.423726315789474,0.445070175438597,0.409473684210526,0.401850877192982,0.36680350877193,0.294285964912281,0.307910526315789,0.297936842105263,0.264682456140351,0.284587719298246,0.24759298245614,0.230236842105263,0.198449122807018,0.198747368421053,0.171105263157895,0.135217543859649,0.139321052631579,0.110812280701754,0.0833456140350877,0.0595631578947368,0.0484947368421053,0.0425035087719298,0.0339368421052632,0.0228350877192982,0.0238263157894737,0.0203473684210526,0.0226701754385965,0.0161421052631579,0.0146684210526316,0.0143157894736842,0.00840701754385965,0.00618771929824561,0.00738245614035088,0.00616315789473684,0.00490175438596491,0.00392280701754386,0.0024140350877193,0.00196140350877193,0.00427719298245614,0.00214561403508772,0.00129824561403509,0.00139298245614035,0.000894736842105263,0.00214736842105263,0.00177894736842105,0.00126491228070175,0.00102982456140351,0,0.000673684210526316,0.000203508771929825,0.000435087719298246,0.000159649122807018,0.000466666666666667,0.000503508771929825,0.000540350877192983,0.00057719298245614,0.000614035087719298,0.000184210526315789,0,1,0,0,0,0,0,0,1,1,1,1,1,1,1,1,1,1,1,1,1,1,1,1,1,1,1,1,1,1,1,1,1,1,1,1,1,1,1,1,1,1,1,1,1,1,1,1,1,1,1,1,1,1,1,1,1,1,1,1,1,1,1,1,1,1,1,1,1,1,1,1,1,1,1,1,1,1,1,1,0
2026-05-27 23:00:00,54.2230783728814,0,0,0,0,0,0,0.0132813559322034,1.19566610169492,6.50099152542373,10.2840474576271,8.66832881355932,6.73196440677966,5.31852881355932,4.17735423728814,3.06803389830508,1.8556406779661,0.914103389830508,0.582720338983051,0.396494915254237,0.359620338983051,0.3281,0.357186440677966,0.363172881355932,0.328840677966102,0.28715593220339,0.248537288135593,0.275537288135593,0.270959322033898,0.222561016949153,0.232506779661017,0.208103389830508,0.18758813559322,0.159716949152542,0.155886440677966,0.144683050847458,0.12868813559322,0.113466101694915,0.0847016949152542,0.067128813559322,0.0518254237288136,0.0408728813559322,0.0324389830508475,0.0320322033898305,0.021871186440678,0.018364406779661,0.0131440677966102,0.0107237288135593,0.0154661016949153,0.0126203389830508,0.00541864406779661,0.00979830508474576,0.00597966101694915,0.00644237288135593,0.00457627118644068,0.00383220338983051,0.00201694915254237,0.00212881355932203,0.00125254237288136,0.00223389830508475,0.0021728813559322,0.00279661016949153,0.0026271186440678,0.000638983050847458,0.00125254237288136,0.000469491525423729,0.000716949152542373,0.000567796610169492,0,0,0,0,0.0000220338983050847,0.0000644067796610169,0.0000694915254237288,0.0000745762711864407,0.0000796610169491525,0.0000847457627118644,0.0000254237288135593,0,1,0,0,0,0,0,0,1,1,1,1,1,1,1,1,1,1,1,1,1,1,1,1,1,1,1,1,1,1,1,1,1,1,1,1,1,1,1,1,1,1,1,1,1,1,1,1,1,1,1,1,1,1,1,1,1,1,1,1,1,1,1,1,1,1,1,1,1,1,1,1,1,1,1,1,1,1,1,1,0
2026-05-28,55.5184356,0,0,0,0,0,0,0.0210633333333333,1.19277333333333,6.61332,10.216875,8.57013666666667,6.67870833333333,5.56737,4.40726166666667,2.65276833333333,1.47132166666667,0.701208333333333,0.497335,0.375641666666667,0.329235,0.364861666666667,0.413436666666667,0.403228333333333,0.360561666666667,0.32825,0.300996666666667,0.294991666666667,0.316511666666667,0.278263333333333,0.267568333333333,0.22763,0.251846666666667,0.222863333333333,0.19947,0.1817,0.163578333333333,0.134578333333333,0.118101666666667,0.0837716666666667,0.0674383333333333,0.0577816666666667,0.04667,0.04314,0.0263316666666667,0.0303533333333333,0.0250333333333333,0.0206083333333333,0.018825,0.012955,0.00942166666666667,0.0116566666666667,0.00966,0.00506333333333333,0.00742333333333333,0.00237,0.00311833333333333,0.00192,0.00317666666666667,0.00249166666666667,0.00221333333333333,0.00294,0.00259833333333333,0.00251166666666667,0.00331,0.00180333333333333,0.00253666666666667,0.00112333333333333,0.00093,0.001705,0.000588333333333333,0.00122666666666667,0.00116333333333333,0.000253333333333333,0.000273333333333333,0.000293333333333333,0.000313333333333333,0.000333333333333333,0.0001,0,1,0,0,0,0,0,0,1,1,1,1,1,1,1,1,1,1,1,1,1,1,1,1,1,1,1,1,1,1,1,1,1,1,1,1,1,1,1,1,1,1,1,1,1,1,1,1,1,1,1,1,1,1,1,1,1,1,1,1,1,1,1,1,1,1,1,1,1,1,1,1,1,1,1,1,1,1,1,1,0
2026-05-28 01:00:00,85.76833965,0,0,0,0,0,0,0.0202683333333333,1.52694833333333,8.90630833333333,15.27899,13.5711633333333,11.1364933333333,9.31836833333333,7.744275,5.04324166666667,1.80345,0.958366666666667,0.616773333333333,0.513785,0.500921666666667,0.540891666666667,0.674235,0.747083333333333,0.626496666666667,0.578891666666667,0.45167,0.466328333333333,0.475176666666667,0.44439,0.463315,0.397675,0.366291666666667,0.31274,0.294671666666667,0.254971666666667,0.236496666666667,0.199173333333333,0.148745,0.113295,0.072765,0.0533216666666667,0.0408283333333333,0.0328533333333333,0.0365216666666667,0.0222466666666667,0.0203083333333333,0.0163233333333333,0.0126516666666667,0.0123816666666667,0.0100266666666667,0.009655,0.00963833333333333,0.008015,0.00454166666666667,0.00533666666666667,0.00164666666666667,0.00636833333333333,0.00180666666666667,0.00187833333333333,0.00213833333333333,0.00402833333333333,0.00173333333333333,0.001015,0.000461666666666667,0.000845,0.000421666666666667,0,0.001255,0,0,0.00016,0.000686666666666667,0.0000633333333333333,0.0000683333333333333,0.0000733333333333333,0.0000783333333333333,0.0000833333333333333,0.000025,0,1,0,0,0,0,0,0,1,1,1,1,1,1,1,1,1,1,1,1,1,1,1,1,1,1,1,1,1,1,1,1,1,1,1,1,1,1,1,1,1,1,1,1,1,1,1,1,1,1,1,1,1,1,1,1,1,1,1,1,1,1,1,1,1,1,1,1,1,1,1,1,1,1,1,1,1,1,1,1,0
2026-05-28 02:00:00,104.549058416667,0,0,0,0,0,0,0.0219616666666667,1.86788166666667,10.6166833333333,18.14629,16.444655,13.811335,11.9496216666667,10.1225883333333,7.14004166666667,2.15061166666667,1.01569666666667,0.684831666666667,0.546685,0.541275,0.590963333333333,0.743755,0.88124,0.707071666666667,0.662403333333333,0.50585,0.528836666666667,0.524833333333333,0.488933333333333,0.504166666666667,0.47988,0.411216666666667,0.359085,0.306695,0.293101666666667,0.228038333333333,0.174738333333333,0.133478333333333,0.096115,0.0635483333333333,0.0511216666666667,0.0375766666666667,0.02727,0.0199466666666667,0.0154866666666667,0.0180583333333333,0.011555,0.0117266666666667,0.00557333333333333,0.00722166666666667,0.00507833333333333,0.00506,0.00465666666666667,0.00177833333333333,0.00219333333333333,0.00139833333333333,0.00252333333333333,0.00043,0.00103166666666667,0.00153333333333333,0,0.000425,0.000425,0.00169333333333333,0.000346666666666667,0.000496666666666667,0,0.000418333333333333,0,0,0,0.000411666666666667,0,0,0,0,0,0,0,1,0,0,0,0,0,0,1,1,1,1,1,1,1,1,1,1,1,1,1,1,1,1,1,1,1,1,1,1,1,1,1,1,1,1,1,1,1,1,1,1,1,1,1,1,1,1,1,1,1,1,1,1,1,1,1,1,1,1,1,1,1,1,1,1,1,1,1,1,1,1,1,1,1,1,1,1,1,1,0
2026-05-28 03:00:00,124.304032116667,0,0,0,0,0,0,0.0360816666666667,2.36529666666667,12.59861,21.1000366666667,18.977735,16.6543666666667,15.2298616666667,13.6265866666667,10.6155783333333,2.54613666666667,1.201205,0.759571666666667,0.59353,0.579218333333333,0.604816666666667,0.674463333333333,0.78131,0.640883333333333,0.591091666666667,0.474655,0.491615,0.491358333333333,0.425168333333333,0.447408333333333,0.401038333333333,0.377091666666667,0.321701666666667,0.271653333333333,0.23097,0.205725,0.152403333333333,0.111383333333333,0.0753866666666667,0.0493633333333333,0.0375583333333333,0.029595,0.02396,0.0158366666666667,0.01502,0.014285,0.010695,0.0104783333333333,0.00827833333333333,0.00523,0.00588166666666667,0.00465,0.00351166666666667,0.00317666666666667,0.00469333333333333,0.00203,0.00129,0.00283833333333333,0.000593333333333333,0,0,0.000748333333333333,0.00168666666666667,0.000536666666666667,0,0.000566666666666667,0.000696666666666667,0.000418333333333333,0.000833333333333333,0,0.000826666666666667,0,0,0,0,0,0,0,0,1,0,0,0,0,0,0,1,1,1,1,1,1,1,1,1,1,1,1,1,1,1,1,1,1,1,1,1,1,1,1,1,1,1,1,1,1,1,1,1,1,1,1,1,1,1,1,1,1,1,1,1,1,1,1,1,1,1,1,1,1,1,1,1,1,1,1,1,1,1,1,1,1,1,1,1,1,1,1,0
2026-05-28 04:00:00,140.798105816667,0,0,0,0,0,0,0.0375633333333333,2.91596,15.2684233333333,24.4901033333333,21.218245,17.9936583333333,16.606495,15.81405,13.766795,3.67482666666667,1.47517166666667,0.843233333333333,0.6119,0.541071666666667,0.547833333333333,0.585381666666667,0.683915,0.49423,0.471463333333333,0.382941666666667,0.384241666666667,0.406215,0.3745,0.349221666666667,0.354591666666667,0.280918333333333,0.273693333333333,0.233491666666667,0.202705,0.166016666666667,0.139296666666667,0.114016666666667,0.09,0.0501433333333333,0.0438066666666667,0.0382616666666667,0.0272416666666667,0.02154,0.0196766666666667,0.02239,0.01219,0.0162183333333333,0.0101583333333333,0.00749166666666667,0.00764,0.00718,0.00574,0.00595333333333333,0.004645,0.00279833333333333,0.00349833333333333,0.00180666666666667,0.00240333333333333,0.00203666666666667,0.00104333333333333,0.00141,0.000526666666666667,0.000808333333333333,0.00157666666666667,0.000855,0.000138333333333333,0,0.000416666666666667,0.000588333333333333,0.00024,0.000065,0.00019,0.000205,0.00022,0.000235,0.00025,0.000075,0,1,0,0,0,0,0,0,1,1,1,1,1,1,1,1,1,1,1,1,1,1,1,1,1,1,1,1,1,1,1,1,1,1,1,1,1,1,1,1,1,1,1,1,1,1,1,1,1,1,1,1,1,1,1,1,1,1,1,1,1,1,1,1,1,1,1,1,1,1,1,1,1,1,1,1,1,1,1,1,0
2026-05-28 05:00:00,133.739511233333,0,0,0,0,0,0,0.0367183333333333,2.70376166666667,14.1272016666667,23.1609583333333,20.3632916666667,17.4450983333333,15.693385,14.3189266666667,12.514165,3.43084833333333,1.38546333333333,0.820155,0.554796666666667,0.5043,0.514236666666667,0.579121666666667,0.705056666666667,0.520498333333333,0.472431666666667,0.408633333333333,0.384898333333333,0.407813333333333,0.401278333333333,0.386476666666667,0.372663333333333,0.314881666666667,0.301318333333333,0.26206,0.223753333333333,0.212391666666667,0.16307,0.124781666666667,0.0996366666666667,0.0592933333333333,0.0472066666666667,0.0364966666666667,0.0299066666666667,0.0178916666666667,0.0166416666666667,0.0210416666666667,0.0211166666666667,0.0121433333333333,0.0134216666666667,0.00903833333333333,0.0100933333333333,0.00920166666666667,0.00845833333333333,0.00559666666666667,0.00289,0.003635,0.00493166666666667,0.002065,0.00222833333333333,0.00264,0.00213333333333333,0.000425,0.0017,0,0.000846666666666667,0.000705,0.000138333333333333,0,0,0,0,0.0000433333333333333,0.000126666666666667,0.000136666666666667,0.000146666666666667,0.000156666666666667,0.000166666666666667,0.00005,0,1,0,0,0,0,0,0,1,1,1,1,1,1,1,1,1,1,1,1,1,1,1,1,1,1,1,1,1,1,1,1,1,1,1,1,1,1,1,1,1,1,1,1,1,1,1,1,1,1,1,1,1,1,1,1,1,1,1,1,1,1,1,1,1,1,1,1,1,1,1,1,1,1,1,1,1,1,1,1,0
2026-05-28 06:00:00,117.080981033333,0,0,0,0,0,0,0.0289066666666667,2.2423,12.465895,20.7709283333333,18.2193083333333,15.1037133333333,13.3503816666667,11.8148316666667,9.68714166666667,2.619805,1.148115,0.752945,0.552381666666667,0.505463333333333,0.529533333333333,0.61558,0.740425,0.557653333333333,0.540135,0.447413333333333,0.43645,0.487438333333333,0.457651666666667,0.42922,0.426578333333333,0.387535,0.373485,0.311211666666667,0.271045,0.278506666666667,0.207318333333333,0.167845,0.12077,0.09286,0.061515,0.04625,0.0448066666666667,0.027545,0.0292766666666667,0.017815,0.0161916666666667,0.01312,0.0125233333333333,0.00809166666666667,0.00922833333333333,0.009665,0.00655666666666667,0.00351166666666667,0.00248333333333333,0.0032,0.00240833333333333,0.00174833333333333,0.000658333333333333,0.00452333333333333,0,0.000748333333333333,0.000526666666666667,0,0.000768333333333333,0.000075,0,0.000418333333333333,0.00105666666666667,0.000366666666666667,0.00024,0.000065,0.00019,0.000205,0.00022,0.000235,0.00025,0.000075,0,1,0,0,0,0,0,0,1,1,1,1,1,1,1,1,1,1,1,1,1,1,1,1,1,1,1,1,1,1,1,1,1,1,1,1,1,1,1,1,1,1,1,1,1,1,1,1,1,1,1,1,1,1,1,1,1,1,1,1,1,1,1,1,1,1,1,1,1,1,1,1,1,1,1,1,1,1,1,1,0
2026-05-28 07:00:00,122.06660195,0,0,0,0,0,0,0.0335733333333333,2.40849833333333,13.055395,21.7566433333333,18.9676033333333,15.7259333333333,13.986005,12.55183,9.39904833333333,2.32523166666667,1.202225,0.710865,0.519985,0.540148333333333,0.544091666666667,0.666735,0.749853333333333,0.545983333333333,0.557295,0.436236666666667,0.451361666666667,0.508955,0.480013333333333,0.46732,0.44326,0.414743333333333,0.388916666666667,0.347088333333333,0.296703333333333,0.271258333333333,0.22165,0.178115,0.129373333333333,0.080765,0.0677283333333333,0.0577483333333333,0.0441983333333333,0.0341383333333333,0.0286216666666667,0.0256083333333333,0.0253,0.014065,0.014135,0.01062,0.00905333333333333,0.00918833333333333,0.006745,0.00538,0.00573,0.00466833333333333,0.00261,0.00361166666666667,0.00248166666666667,0.002815,0.00208666666666667,0.00302333333333333,0.00123666666666667,0.000885,0.000845,0.00197,0.000978333333333333,0,0,0.000588333333333333,0.0004,0.000426666666666667,0.000506666666666667,0.000545,0.000585,0.000626666666666667,0.000668333333333333,0.000198333333333333,0,1,0,0,0,0,0,0,1,1,1,1,1,1,1,1,1,1,1,1,1,1,1,1,1,1,1,1,1,1,1,1,1,1,1,1,1,1,1,1,1,1,1,1,1,1,1,1,1,1,1,1,1,1,1,1,1,1,1,1,1,1,1,1,1,1,1,1,1,1,1,1,1,1,1,1,1,1,1,1,0
2026-05-28 08:00:00,152.01975035,0,0,0,0,0,0,0.04313,2.99666666666667,16.0335516666667,25.8975816666667,22.9394416666667,19.6055433333333,18.108555,17.1035416666667,12.7869433333333,3.03459166666667,1.59321833333333,0.956255,0.657601666666667,0.601325,0.664011666666667,0.767345,0.771001666666667,0.629186666666667,0.537816666666667,0.46199,0.492825,0.550166666666667,0.46051,0.511081666666667,0.460323333333333,0.469158333333333,0.393321666666667,0.386181666666667,0.362925,0.276663333333333,0.245035,0.198023333333333,0.137551666666667,0.101756666666667,0.0811316666666667,0.0601633333333333,0.0569133333333333,0.0363533333333333,0.0290266666666667,0.0318916666666667,0.0205066666666667,0.0218716666666667,0.017915,0.0122133333333333,0.0133716666666667,0.009615,0.0102316666666667,0.00818666666666667,0.00764333333333333,0.00614166666666667,0.00515833333333333,0.003665,0.00423666666666667,0.00229,0.00298666666666667,0.00267,0.00239166666666667,0.00127,0.00173166666666667,0.000843333333333333,0.00042,0.000418333333333333,0.000223333333333333,0.000955,0.00064,0.000405,0.000443333333333333,0.000476666666666667,0.000511666666666667,0.000548333333333333,0.000585,0.000173333333333333,0,1,0,0,0,0,0,0,1,1,1,1,1,1,1,1,1,1,1,1,1,1,1,1,1,1,1,1,1,1,1,1,1,1,1,1,1,1,1,1,1,1,1,1,1,1,1,1,1,1,1,1,1,1,1,1,1,1,1,1,1,1,1,1,1,1,1,1,1,1,1,1,1,1,1,1,1,1,1,1,0
2026-05-28 09:00:00,196.616786233333,0,0,0,0,0,0,0.061795,4.417955,21.7688483333333,33.698965,29.392245,24.9462966666667,23.1707116666667,22.6602466666667,17.4564633333333,4.27056,2.12033166666667,1.18893333333333,0.767333333333333,0.719928333333333,0.716236666666667,0.813685,0.788448333333333,0.621486666666667,0.549328333333333,0.455288333333333,0.46546,0.524445,0.478973333333333,0.515031666666667,0.416906666666667,0.462201666666667,0.374938333333333,0.381286666666667,0.333366666666667,0.293385,0.247326666666667,0.20589,0.154248333333333,0.117978333333333,0.08347,0.05313,0.05819,0.04186,0.0478433333333333,0.034815,0.0279,0.0239666666666667,0.0219833333333333,0.0142233333333333,0.0131916666666667,0.00923166666666667,0.0123,0.00861833333333333,0.008505,0.00671333333333333,0.00846,0.00307,0.003195,0.00264,0.00317666666666667,0.00493333333333333,0.00249333333333333,0.00296333333333333,0.00207666666666667,0.00120166666666667,0.000978333333333333,0.001255,0.000833333333333333,0,0.000986666666666667,0.000795,0.00038,0.00041,0.00044,0.00047,0.0005,0.00015,0,1,0,0,0,0,0,0,1,1,1,1,1,1,1,1,1,1,1,1,1,1,1,1,1,1,1,1,1,1,1,1,1,1,1,1,1,1,1,1,1,1,1,1,1,1,1,1,1,1,1,1,1,1,1,1,1,1,1,1,1,1,1,1,1,1,1,1,1,1,1,1,1,1,1,1,1,1,1,1,0
2026-05-28 10:00:00,228.862358833333,0,0,0,0,0,0,0.083495,5.49279666666667,26.8363083333333,40.4554716666667,33.828815,28.7389066666667,26.93184,26.56462,20.21412,4.96807166666667,2.39940833333333,1.27050333333333,0.86883,0.709221666666667,0.718535,0.88175,0.774241666666667,0.634383333333333,0.494475,0.45491,0.476228333333333,0.506433333333333,0.413965,0.519385,0.420028333333333,0.479065,0.379676666666667,0.368063333333333,0.358256666666667,0.298731666666667,0.25776,0.210648333333333,0.164575,0.103486666666667,0.0864383333333333,0.0621916666666667,0.056515,0.0503833333333333,0.0512333333333333,0.0350316666666667,0.0310066666666667,0.0225616666666667,0.0198883333333333,0.01776,0.01237,0.0124883333333333,0.012345,0.010925,0.00890833333333333,0.00822166666666667,0.00347,0.0057,0.007015,0.00518333333333333,0.00507166666666667,0.00282,0.00105333333333333,0.00323333333333333,0.000575,0,0.00126,0.001235,0.00213166666666667,0.00121666666666667,0.000573333333333333,0.00129333333333333,0.000633333333333333,0.000683333333333333,0.000733333333333333,0.000783333333333333,0.000833333333333333,0.00025,0,1,0,0,0,0,0,0,1,1,1,1,1,1,1,1,1,1,1,1,1,1,1,1,1,1,1,1,1,1,1,1,1,1,1,1,1,1,1,1,1,1,1,1,1,1,1,1,1,1,1,1,1,1,1,1,1,1,1,1,1,1,1,1,1,1,1,1,1,1,1,1,1,1,1,1,1,1,1,1,0
2026-05-28 11:00:00,259.691091366667,0,0,0,0,0,0,0.092765,6.55693833333333,32.4193833333333,48.2083766666667,39.3614066666667,32.6201966666667,30.003785,29.0508916666667,21.4665933333333,5.72283,2.56061833333333,1.33654666666667,0.873135,0.720945,0.69899,0.83117,0.703098333333333,0.558998333333333,0.471848333333333,0.387543333333333,0.424116666666667,0.4506,0.378968333333333,0.459591666666667,0.369123333333333,0.423768333333333,0.361061666666667,0.357591666666667,0.331378333333333,0.295145,0.26044,0.21432,0.161685,0.128861666666667,0.0931816666666667,0.073315,0.0608816666666667,0.0466516666666667,0.04743,0.0327516666666667,0.0281783333333333,0.0224566666666667,0.0220433333333333,0.0200733333333333,0.0110416666666667,0.0134416666666667,0.0160066666666667,0.00889166666666667,0.00891,0.005,0.00504666666666667,0.00610333333333333,0.00325,0.00349833333333333,0.00317666666666667,0.00141,0.00497166666666667,0.00261666666666667,0.00184333333333333,0.00253,0.00112833333333333,0.00134666666666667,0.00170333333333333,0.000415,0.000573333333333333,0.00127166666666667,0.00057,0.000613333333333333,0.000658333333333333,0.000705,0.000751666666666667,0.000223333333333333,0,1,0,0,0,0,0,0,1,1,1,1,1,1,1,1,1,1,1,1,1,1,1,1,1,1,1,1,1,1,1,1,1,1,1,1,1,1,1,1,1,1,1,1,1,1,1,1,1,1,1,1,1,1,1,1,1,1,1,1,1,1,1,1,1,1,1,1,1,1,1,1,1,1,1,1,1,1,1,1,0
2026-05-28 12:00:00,300.065639266667,0,0,0,0,0,0,0.120221666666667,7.93330166666667,39.0179816666667,57.27534,46.4733716666667,37.9381983333333,33.9516916666667,32.1309866666667,24.60014,7.11911333333333,2.86837833333333,1.41709333333333,0.899235,0.729853333333333,0.677851666666667,0.80661,0.649326666666667,0.495271666666667,0.42496,0.366091666666667,0.378741666666667,0.379465,0.340038333333333,0.389315,0.293946666666667,0.357795,0.284295,0.297005,0.274011666666667,0.251641666666667,0.21298,0.184145,0.153021666666667,0.123531666666667,0.0836483333333333,0.0621816666666667,0.055745,0.0499866666666667,0.0383533333333333,0.0398766666666667,0.0284133333333333,0.0270383333333333,0.029205,0.025135,0.025555,0.0196166666666667,0.01147,0.01203,0.00936,0.00647666666666667,0.00561833333333333,0.00616,0.006125,0.005535,0.004645,0.00612,0.00189,0.00211666666666667,0.00311666666666667,0.00234666666666667,0.00168666666666667,0.00055,0.00166833333333333,0.000588333333333333,0.000653333333333333,0.000756666666666667,0.00101166666666667,0.00109166666666667,0.00117166666666667,0.00125333333333333,0.001335,0.000398333333333333,0,1,0,0,0,0,0,0,1,1,1,1,1,1,1,1,1,1,1,1,1,1,1,1,1,1,1,1,1,1,1,1,1,1,1,1,1,1,1,1,1,1,1,1,1,1,1,1,1,1,1,1,1,1,1,1,1,1,1,1,1,1,1,1,1,1,1,1,1,1,1,1,1,1,1,1,1,1,1,1,0
2026-05-28 13:00:00,333.901854916667,0,0,0,0,0,0,0.14432,9.17734,44.9265533333333,65.2363716666667,51.8658466666667,41.8529033333333,36.769155,34.2943116666667,27.8356466666667,8.24039666666667,3.02235833333333,1.42577333333333,0.857888333333333,0.67085,0.620443333333333,0.654321666666667,0.545376666666667,0.436731666666667,0.35109,0.319308333333333,0.335685,0.320401666666667,0.267676666666667,0.322,0.233563333333333,0.257836666666667,0.234686666666667,0.209108333333333,0.199946666666667,0.189146666666667,0.165751666666667,0.149395,0.121196666666667,0.10099,0.0836,0.0649833333333333,0.0670766666666667,0.0514683333333333,0.0449733333333333,0.0398416666666667,0.0377283333333333,0.0347,0.028305,0.0222533333333333,0.0193916666666667,0.0176566666666667,0.019635,0.01314,0.011205,0.00810333333333333,0.00971833333333333,0.00819333333333333,0.00605,0.00759333333333333,0.00298666666666667,0.00352333333333333,0.00482666666666667,0.00585,0.001845,0.00261166666666667,0.00196333333333333,0.00298,0.00346666666666667,0.00229666666666667,0.00401333333333333,0.00142166666666667,0.00101166666666667,0.00109,0.00117,0.00125333333333333,0.00133666666666667,0.000396666666666667,0,1,0,0,0,0,0,0,1,1,1,1,1,1,1,1,1,1,1,1,1,1,1,1,1,1,1,1,1,1,1,1,1,1,1,1,1,1,1,1,1,1,1,1,1,1,1,1,1,1,1,1,1,1,1,1,1,1,1,1,1,1,1,1,1,1,1,1,1,1,1,1,1,1,1,1,1,1,1,1,0
2026-05-28 14:00:00,312.0187652,0,0,0,0,0,0,0.126951666666667,8.994875,43.60988,62.4373816666667,48.7715433333333,38.2335,32.7368616666667,29.3238016666667,26.0326133333333,10.8384833333333,2.88262833333333,1.33086,0.761401666666667,0.576346666666667,0.496156666666667,0.520815,0.489775,0.387875,0.333753333333333,0.268775,0.263835,0.259016666666667,0.215661666666667,0.248738333333333,0.207165,0.23098,0.17259,0.156661666666667,0.170921666666667,0.140733333333333,0.124483333333333,0.110021666666667,0.105186666666667,0.080355,0.0841116666666667,0.0608533333333333,0.0644866666666667,0.047555,0.0446183333333333,0.0475666666666667,0.0398966666666667,0.0355466666666667,0.033395,0.0329833333333333,0.0230533333333333,0.0231033333333333,0.0250616666666667,0.018585,0.0136866666666667,0.0141383333333333,0.00895333333333333,0.00596333333333333,0.01027,0.00493166666666667,0.00417333333333333,0.00511333333333333,0.004915,0.00477166666666667,0.00268666666666667,0.00141,0.00295166666666667,0.00269333333333333,0.00260333333333333,0.000733333333333333,0.00153333333333333,0.003115,0.00133,0.00143166666666667,0.00153666666666667,0.001645,0.00175333333333333,0.000521666666666667,0,1,0,0,0,0,0,0,1,1,1,1,1,1,1,1,1,1,1,1,1,1,1,1,1,1,1,1,1,1,1,1,1,1,1,1,1,1,1,1,1,1,1,1,1,1,1,1,1,1,1,1,1,1,1,1,1,1,1,1,1,1,1,1,1,1,1,1,1,1,1,1,1,1,1,1,1,1,1,1,0
2026-05-28 15:00:00,257.307788316667,0,0,0,0,0,0,0.115275,7.37793,35.5411716666667,51.0831866666667,40.2352633333333,31.21563,26.1772083333333,22.8941466666667,20.8794633333333,12.023695,2.64689333333333,1.21404833333333,0.669228333333333,0.509748333333333,0.453453333333333,0.483496666666667,0.437578333333333,0.36575,0.296293333333333,0.253898333333333,0.232871666666667,0.234581666666667,0.197513333333333,0.219905,0.176225,0.180575,0.158233333333333,0.13885,0.14367,0.138321666666667,0.123478333333333,0.110243333333333,0.0803566666666667,0.0719016666666667,0.077905,0.0634416666666667,0.059825,0.0493866666666667,0.0535416666666667,0.0387733333333333,0.04223,0.042285,0.034325,0.0239683333333333,0.0267966666666667,0.021735,0.0231683333333333,0.0122816666666667,0.01325,0.0110216666666667,0.01121,0.00943333333333333,0.00876666666666667,0.00809833333333333,0.00654333333333333,0.00475833333333333,0.003565,0.00450333333333333,0.00334333333333333,0.002755,0.003805,0.00368166666666667,0.003225,0.00241333333333333,0.00361333333333333,0.00201666666666667,0.00126666666666667,0.00136333333333333,0.00146333333333333,0.00156666666666667,0.00167,0.000496666666666667,0,1,0,0,0,0,0,0,1,1,1,1,1,1,1,1,1,1,1,1,1,1,1,1,1,1,1,1,1,1,1,1,1,1,1,1,1,1,1,1,1,1,1,1,1,1,1,1,1,1,1,1,1,1,1,1,1,1,1,1,1,1,1,1,1,1,1,1,1,1,1,1,1,1,1,1,1,1,1,1,0
2026-05-28 16:00:00,254.6365893,0,0,0,0,0,0,0.114531666666667,7.29347166666667,35.1286683333333,50.3822333333333,39.334365,30.722475,25.7657583333333,22.3312416666667,20.3467066666667,12.5142633333333,2.69666666666667,1.21174,0.708753333333333,0.5344,0.47891,0.478778333333333,0.431386666666667,0.389673333333333,0.330636666666667,0.277115,0.238328333333333,0.23873,0.211216666666667,0.22741,0.180518333333333,0.178158333333333,0.163131666666667,0.153105,0.141978333333333,0.14014,0.108803333333333,0.103773333333333,0.0841916666666667,0.0844933333333333,0.0763083333333333,0.0656483333333333,0.0633733333333333,0.0528966666666667,0.0492783333333333,0.0462816666666667,0.0368333333333333,0.039845,0.03008,0.03529,0.0267466666666667,0.0193,0.0208683333333333,0.0183833333333333,0.0183166666666667,0.01716,0.01104,0.00833833333333333,0.008675,0.00594333333333333,0.00867666666666667,0.00477666666666667,0.00401,0.00488833333333333,0.004265,0.00395166666666667,0.00492833333333333,0.003415,0.0034,0.00222,0.000973333333333333,0.0025,0.00101333333333333,0.00109166666666667,0.00117166666666667,0.00125333333333333,0.001335,0.000398333333333333,0,1,0,0,0,0,0,0,1,1,1,1,1,1,1,1,1,1,1,1,1,1,1,1,1,1,1,1,1,1,1,1,1,1,1,1,1,1,1,1,1,1,1,1,1,1,1,1,1,1,1,1,1,1,1,1,1,1,1,1,1,1,1,1,1,1,1,1,1,1,1,1,1,1,1,1,1,1,1,1,0
2026-05-28 17:00:00,251.292332683333,0,0,0,0,0,0,0.115551666666667,7.04711833333333,34.434435,49.54641,39.0296916666667,30.120685,25.4519233333333,22.2882233333333,20.3420316666667,12.7438566666667,2.68124,1.19298166666667,0.674585,0.532521666666667,0.443653333333333,0.445911666666667,0.431621666666667,0.33551,0.292911666666667,0.252223333333333,0.230703333333333,0.233865,0.191856666666667,0.19289,0.175231666666667,0.17273,0.159363333333333,0.146363333333333,0.12892,0.124646666666667,0.119033333333333,0.105366666666667,0.084685,0.072335,0.0708233333333333,0.0652116666666667,0.0623316666666667,0.0470816666666667,0.0512183333333333,0.0440733333333333,0.0369766666666667,0.0327766666666667,0.0365383333333333,0.030265,0.0233316666666667,0.022965,0.0244966666666667,0.0173533333333333,0.0122083333333333,0.0120716666666667,0.0135283333333333,0.00914333333333333,0.00786166666666667,0.00664,0.00777333333333333,0.00545166666666667,0.00662833333333333,0.00304,0.002655,0.00545166666666667,0.00266666666666667,0.00315166666666667,0.00192666666666667,0.000366666666666667,0.00148166666666667,0.00125666666666667,0.00126666666666667,0.00136333333333333,0.00146333333333333,0.00156666666666667,0.00167,0.000496666666666667,0,1,0,0,0,0,0,0,1,1,1,1,1,1,1,1,1,1,1,1,1,1,1,1,1,1,1,1,1,1,1,1,1,1,1,1,1,1,1,1,1,1,1,1,1,1,1,1,1,1,1,1,1,1,1,1,1,1,1,1,1,1,1,1,1,1,1,1,1,1,1,1,1,1,1,1,1,1,1,1,0
2026-05-28 18:00:00,239.43969905,0,0,0,0,0,0,0.091055,6.64406833333333,32.0723183333333,47.4046933333333,37.5377283333333,29.0846116666667,24.399135,21.3990166666667,19.3359633333333,12.43506,2.704765,1.20882666666667,0.68077,0.512941666666667,0.453983333333333,0.44416,0.434666666666667,0.32437,0.26799,0.25082,0.224418333333333,0.212808333333333,0.190265,0.18977,0.168575,0.170698333333333,0.147703333333333,0.135263333333333,0.126821666666667,0.123368333333333,0.106651666666667,0.100731666666667,0.0953216666666667,0.0692533333333333,0.0653516666666667,0.0610966666666667,0.056455,0.0487316666666667,0.0452766666666667,0.045245,0.03409,0.0345866666666667,0.028525,0.02548,0.0279316666666667,0.025105,0.0226,0.0215483333333333,0.01369,0.0138483333333333,0.0141433333333333,0.0106583333333333,0.00530833333333333,0.00930166666666667,0.0105733333333333,0.00531666666666667,0.004865,0.00589,0.00303666666666667,0.00288666666666667,0.002945,0.001765,0.00109333333333333,0.00119666666666667,0.00246666666666667,0.00211666666666667,0.00183666666666667,0.00197,0.002115,0.00227166666666667,0.00242833333333333,0.000713333333333333,0,1,0,0,0,0,0,0,1,1,1,1,1,1,1,1,1,1,1,1,1,1,1,1,1,1,1,1,1,1,1,1,1,1,1,1,1,1,1,1,1,1,1,1,1,1,1,1,1,1,1,1,1,1,1,1,1,1,1,1,1,1,1,1,1,1,1,1,1,1,1,1,1,1,1,1,1,1,1,1,0
2026-05-28 19:00:00,244.0480514,0,0,0,0,0,0,0.076575,6.04221833333333,31.4580633333333,48.4109833333333,38.4693716666667,30.1408983333333,25.4053,22.3313333333333,20.1854316666667,11.8957983333333,2.70160833333333,1.22024833333333,0.675691666666667,0.521133333333333,0.447001666666667,0.491311666666667,0.452325,0.361313333333333,0.297985,0.240033333333333,0.235708333333333,0.23375,0.187415,0.210433333333333,0.187813333333333,0.191651666666667,0.165733333333333,0.15737,0.123098333333333,0.11714,0.0956566666666667,0.0894416666666667,0.087975,0.0779083333333333,0.05692,0.0521216666666667,0.0484083333333333,0.0425416666666667,0.0473916666666667,0.0382566666666667,0.031865,0.0350616666666667,0.0267416666666667,0.024815,0.0257583333333333,0.019275,0.0172166666666667,0.0190316666666667,0.0148333333333333,0.0077,0.00960666666666667,0.0108566666666667,0.00794166666666667,0.00784,0.00635333333333333,0.00314333333333333,0.004015,0.003425,0.00457,0.00353666666666667,0.00251,0.00161333333333333,0.001945,0.003445,0.00213333333333333,0.00166833333333333,0.00126666666666667,0.00136333333333333,0.00146333333333333,0.00156666666666667,0.00167,0.000496666666666667,0,1,0,0,0,0,0,0,1,1,1,1,1,1,1,1,1,1,1,1,1,1,1,1,1,1,1,1,1,1,1,1,1,1,1,1,1,1,1,1,1,1,1,1,1,1,1,1,1,1,1,1,1,1,1,1,1,1,1,1,1,1,1,1,1,1,1,1,1,1,1,1,1,1,1,1,1,1,1,1,0
2026-05-28 20:00:00,272.8977456,0,0,0,0,0,0,0.0800766666666667,6.754155,34.531825,53.483995,42.8316433333333,34.0684216666667,29.3919816666667,26.9757166666667,22.4499116666667,11.4615566666667,2.98955166666667,1.392395,0.83761,0.634701666666667,0.555521666666667,0.578363333333333,0.520131666666667,0.397173333333333,0.321483333333333,0.280855,0.259266666666667,0.242433333333333,0.207965,0.215195,0.174551666666667,0.191968333333333,0.160386666666667,0.1496,0.138495,0.133985,0.118175,0.105656666666667,0.0858183333333333,0.06634,0.0760833333333333,0.0541466666666667,0.0437583333333333,0.0403616666666667,0.0377533333333333,0.0394266666666667,0.03381,0.0301233333333333,0.0248533333333333,0.0168716666666667,0.0259683333333333,0.0171333333333333,0.015425,0.0124733333333333,0.0140933333333333,0.00805333333333333,0.0111816666666667,0.01398,0.00602833333333333,0.00425,0.0046,0.00532,0.00320333333333333,0.00381,0.00245833333333333,0.00198333333333333,0.00111666666666667,0,0.00128,0.000801666666666667,0.000826666666666667,0.000195,0.00057,0.000615,0.00066,0.000705,0.00075,0.000225,0,1,0,0,0,0,0,0,1,1,1,1,1,1,1,1,1,1,1,1,1,1,1,1,1,1,1,1,1,1,1,1,1,1,1,1,1,1,1,1,1,1,1,1,1,1,1,1,1,1,1,1,1,1,1,1,1,1,1,1,1,1,1,1,1,1,1,1,1,1,1,1,1,1,1,1,1,1,1,1,0
2026-05-28 21:00:00,264.782434833333,0,0,0,0,0,0,0.0655883333333333,5.87504333333333,31.280275,50.3868933333333,41.1184633333333,33.546185,30.3799233333333,30.049885,23.07708,8.52784833333333,3.28397666666667,1.57279,0.9565,0.757683333333333,0.682368333333333,0.708673333333333,0.574521666666667,0.39718,0.295573333333333,0.232305,0.220461666666667,0.233955,0.184215,0.202561666666667,0.154743333333333,0.181043333333333,0.145241666666667,0.140133333333333,0.123116666666667,0.117526666666667,0.095555,0.08025,0.0713016666666667,0.0568816666666667,0.05418,0.044295,0.0400033333333333,0.035385,0.0312383333333333,0.02601,0.024805,0.0260566666666667,0.0209183333333333,0.0219833333333333,0.0124783333333333,0.0137183333333333,0.0138983333333333,0.0101166666666667,0.0110733333333333,0.00707833333333333,0.00441333333333333,0.00641666666666667,0.00387666666666667,0.00282,0.005025,0.00383833333333333,0.00383166666666667,0.00130833333333333,0.00123,0.000358333333333333,0.00139833333333333,0.001635,0.001735,0.00363833333333333,0.00130666666666667,0.000585,0.000506666666666667,0.000546666666666667,0.000586666666666667,0.000626666666666667,0.000666666666666667,0.0002,0,1,0,0,0,0,0,0,1,1,1,1,1,1,1,1,1,1,1,1,1,1,1,1,1,1,1,1,1,1,1,1,1,1,1,1,1,1,1,1,1,1,1,1,1,1,1,1,1,1,1,1,1,1,1,1,1,1,1,1,1,1,1,1,1,1,1,1,1,1,1,1,1,1,1,1,1,1,1,1,0
2026-05-28 22:00:00,200.144539416667,0,0,0,0,0,0,0.0555766666666667,3.859915,21.4049383333333,35.7129466666667,29.8933966666667,25.0178133333333,23.3261466666667,23.4782866666667,19.03949,6.88745833333333,3.15133666666667,1.7031,1.080415,0.825891666666667,0.725763333333333,0.731581666666667,0.611233333333333,0.394008333333333,0.299546666666667,0.228868333333333,0.207805,0.205121666666667,0.17936,0.180731666666667,0.136775,0.146035,0.132468333333333,0.116491666666667,0.109606666666667,0.100656666666667,0.0841483333333333,0.0705816666666667,0.06284,0.0442233333333333,0.0514383333333333,0.043135,0.0416133333333333,0.0351933333333333,0.0283283333333333,0.0253466666666667,0.0276916666666667,0.0165116666666667,0.0182433333333333,0.020945,0.0138466666666667,0.0105733333333333,0.013455,0.01022,0.0115766666666667,0.00382833333333333,0.00261166666666667,0.00556,0.00422833333333333,0.00289,0.00270333333333333,0.00273333333333333,0.000875,0.000461666666666667,0.00269333333333333,0.000583333333333333,0.00168666666666667,0.00055,0.00125,0.00083,0.000826666666666667,0.001365,0.00038,0.000408333333333333,0.000438333333333333,0.00047,0.000501666666666667,0.000148333333333333,0,1,0,0,0,0,0,0,1,1,1,1,1,1,1,1,1,1,1,1,1,1,1,1,1,1,1,1,1,1,1,1,1,1,1,1,1,1,1,1,1,1,1,1,1,1,1,1,1,1,1,1,1,1,1,1,1,1,1,1,1,1,1,1,1,1,1,1,1,1,1,1,1,1,1,1,1,1,1,1,0
2026-05-28 23:00:00,163.753056866667,0,0,0,0,0,0,0.0348816666666667,3.36800833333333,17.8439933333333,29.4965516666667,24.3189266666667,20.42205,18.70393,18.8618116666667,15.5061366666667,5.60180166666667,2.48164833333333,1.29207166666667,0.849611666666667,0.650385,0.58152,0.56067,0.51756,0.360005,0.259948333333333,0.215951666666667,0.204733333333333,0.190216666666667,0.16061,0.181186666666667,0.15665,0.147295,0.13366,0.119651666666667,0.110938333333333,0.0972266666666667,0.0900483333333333,0.0847816666666667,0.0783316666666667,0.0516666666666667,0.04924,0.0418266666666667,0.0375416666666667,0.0302516666666667,0.0355433333333333,0.02781,0.0260833333333333,0.02062,0.0219333333333333,0.0166033333333333,0.0154766666666667,0.0133033333333333,0.012505,0.0129166666666667,0.00443666666666667,0.008255,0.006165,0.00459,0.00253666666666667,0.00367333333333333,0.00251333333333333,0.00197,0.00147833333333333,0.002925,0.000883333333333333,0.000705,0.000138333333333333,0.000418333333333333,0,0.000588333333333333,0.000653333333333333,0.000065,0.00019,0.000205,0.00022,0.000235,0.00025,0.000075,0,1,0,0,0,0,0,0,1,1,1,1,1,1,1,1,1,1,1,1,1,1,1,1,1,1,1,1,1,1,1,1,1,1,1,1,1,1,1,1,1,1,1,1,1,1,1,1,1,1,1,1,1,1,1,1,1,1,1,1,1,1,1,1,1,1,1,1,1,1,1,1,1,1,1,1,1,1,1,1,0
2026-05-29,138.270627216667,0,0,0,0,0,0,0.0343583333333333,2.99548,16.0342316666667,25.6708883333333,20.59472,16.8155766666667,15.0578833333333,14.6153616666667,12.43295,4.904795,1.98832666666667,1.02329333333333,0.659148333333333,0.50131,0.48424,0.45317,0.401893333333333,0.290093333333333,0.247748333333333,0.182126666666667,0.198348333333333,0.17172,0.162513333333333,0.159061666666667,0.126356666666667,0.139436666666667,0.116916666666667,0.111816666666667,0.109718333333333,0.102116666666667,0.08503,0.0834033333333333,0.0650433333333333,0.05474,0.0405366666666667,0.04534,0.0415433333333333,0.0307566666666667,0.0307866666666667,0.0328966666666667,0.0324433333333333,0.0213666666666667,0.019665,0.0206266666666667,0.014525,0.0124616666666667,0.00979,0.00884,0.004835,0.00384166666666667,0.006135,0.00355,0.00383166666666667,0.00136,0.00274833333333333,0.00215833333333333,0.000628333333333333,0.00119333333333333,0.002035,0.000571666666666667,0.000576666666666667,0.000681666666666667,0.000416666666666667,0.000415,0.000413333333333333,0,0,0,0,0,0,0,0,1,0,0,0,0,0,0,1,1,1,1,1,1,1,1,1,1,1,1,1,1,1,1,1,1,1,1,1,1,1,1,1,1,1,1,1,1,1,1,1,1,1,1,1,1,1,1,1,1,1,1,1,1,1,1,1,1,1,1,1,1,1,1,1,1,1,1,1,1,1,1,1,1,1,1,1,1,1,1,0
2026-05-29 01:00:00,138.822934766667,0,0,0,0,0,0,0.0348766666666667,2.88819166666667,15.63476,25.4140916666667,20.5953983333333,16.47617,14.7037766666667,13.921085,13.4549966666667,6.755675,2.173885,1.16620833333333,0.698225,0.51799,0.44188,0.447506666666667,0.402535,0.30989,0.232213333333333,0.189616666666667,0.183326666666667,0.168118333333333,0.169461666666667,0.142775,0.134396666666667,0.129516666666667,0.113833333333333,0.0909283333333333,0.0994116666666667,0.09065,0.0732333333333333,0.0702166666666667,0.0630033333333333,0.04676,0.0530683333333333,0.04129,0.0405933333333333,0.0304066666666667,0.0292783333333333,0.0292183333333333,0.0199233333333333,0.02292,0.0164,0.0195216666666667,0.0147766666666667,0.00884,0.0102683333333333,0.00976166666666667,0.00553666666666667,0.00611833333333333,0.005905,0.005305,0.00302,0.00281666666666667,0.00170666666666667,0.00159833333333333,0.000913333333333333,0.0000383333333333333,0.000346666666666667,0.00162333333333333,0.001555,0.000263333333333333,0.00125,0.000588333333333333,0.00024,0,0,0,0,0,0,0,0,1,0,0,0,0,0,0,1,1,1,1,1,1,1,1,1,1,1,1,1,1,1,1,1,1,1,1,1,1,1,1,1,1,1,1,1,1,1,1,1,1,1,1,1,1,1,1,1,1,1,1,1,1,1,1,1,1,1,1,1,1,1,1,1,1,1,1,1,1,1,1,1,1,1,1,1,1,1,1,0
2026-05-29 02:00:00,147.849808233333,0,0,0,0,0,0,0.04077,2.96801,16.03627,26.0948216666667,21.44181,17.3524833333333,15.4706783333333,14.4397933333333,14.9224433333333,8.668035,2.607255,1.36029,0.774405,0.574805,0.513416666666667,0.493871666666667,0.474581666666667,0.357365,0.262481666666667,0.18797,0.199066666666667,0.190763333333333,0.180168333333333,0.162975,0.129893333333333,0.152788333333333,0.130005,0.117715,0.104751666666667,0.094315,0.07823,0.0698966666666667,0.0598783333333333,0.0574866666666667,0.0461066666666667,0.0463583333333333,0.0404666666666667,0.034395,0.0304733333333333,0.0262,0.0259483333333333,0.0241283333333333,0.0145166666666667,0.0133866666666667,0.0156866666666667,0.01173,0.01083,0.00795833333333333,0.00778,0.00517333333333333,0.002465,0.00217666666666667,0.00219666666666667,0.002135,0.00232333333333333,0.001835,0.00137666666666667,0.00119333333333333,0.000923333333333333,0.000421666666666667,0,0.000418333333333333,0.000223333333333333,0.000193333333333333,0,0.0000216666666666667,0.0000633333333333333,0.0000683333333333333,0.0000733333333333333,0.0000783333333333333,0.0000833333333333333,0.000025,0,1,0,0,0,0,0,0,1,1,1,1,1,1,1,1,1,1,1,1,1,1,1,1,1,1,1,1,1,1,1,1,1,1,1,1,1,1,1,1,1,1,1,1,1,1,1,1,1,1,1,1,1,1,1,1,1,1,1,1,1,1,1,1,1,1,1,1,1,1,1,1,1,1,1,1,1,1,1,1,0
2026-05-29 03:00:00,146.31513345,0,0,0,0,0,0,0.033395,2.99826,16.14083,26.530195,21.6559383333333,17.3866516666667,15.2268933333333,14.266785,14.4158283333333,8.81974166666667,2.83623,1.39573666666667,0.835236666666667,0.648601666666667,0.549348333333333,0.519933333333333,0.49509,0.35993,0.28701,0.255113333333333,0.19849,0.19293,0.168026666666667,0.165561666666667,0.137031666666667,0.141985,0.126071666666667,0.112965,0.104765,0.10159,0.08174,0.0663183333333333,0.058995,0.042485,0.0437616666666667,0.0379716666666667,0.03196,0.0334833333333333,0.0331133333333333,0.0189033333333333,0.0230483333333333,0.0230116666666667,0.015385,0.0111666666666667,0.016595,0.00992833333333333,0.0104216666666667,0.00511333333333333,0.00609333333333333,0.006345,0.00324,0.00255,0.00328333333333333,0.000678333333333333,0.00128,0.00340166666666667,0.000425,0.00161666666666667,0.0000766666666666667,0.000705,0.000558333333333333,0.000398333333333333,0.000435,0.000415,0,0.0000216666666666667,0.0000633333333333333,0.0000683333333333333,0.0000733333333333333,0.0000783333333333333,0.0000833333333333333,0.000025,0,1,0,0,0,0,0,0,1,1,1,1,1,1,1,1,1,1,1,1,1,1,1,1,1,1,1,1,1,1,1,1,1,1,1,1,1,1,1,1,1,1,1,1,1,1,1,1,1,1,1,1,1,1,1,1,1,1,1,1,1,1,1,1,1,1,1,1,1,1,1,1,1,1,1,1,1,1,1,1,0
2026-05-29 04:00:00,124.4801995,0,0,0,0,0,0,0.0212866666666667,2.465215,13.877315,23.3027483333333,18.95106,15.068825,13.1113883333333,11.9229,11.936355,6.6877,1.88678,0.911066666666667,0.562196666666667,0.426331666666667,0.372786666666667,0.373795,0.35033,0.266855,0.221923333333333,0.177361666666667,0.160591666666667,0.145465,0.132203333333333,0.137433333333333,0.134391666666667,0.12798,0.111518333333333,0.0952916666666667,0.0815616666666667,0.0799833333333333,0.0719233333333333,0.0696933333333333,0.0549733333333333,0.0502383333333333,0.049885,0.0365566666666667,0.0357016666666667,0.0284783333333333,0.0295233333333333,0.0183266666666667,0.0195216666666667,0.01113,0.0143433333333333,0.0152766666666667,0.0095,0.00922833333333333,0.00943,0.00781166666666667,0.00759666666666667,0.00628166666666667,0.00103166666666667,0.00432666666666667,0.00271166666666667,0.00093,0.000853333333333333,0.00159833333333333,0.000951666666666667,0.00127,0.00119333333333333,0.000075,0.000708333333333333,0.000131666666666667,0,0.000415,0,0.0000433333333333333,0.000126666666666667,0.000136666666666667,0.000146666666666667,0.000156666666666667,0.000166666666666667,0.00005,0,1,0,0,0,0,0,0,1,1,1,1,1,1,1,1,1,1,1,1,1,1,1,1,1,1,1,1,1,1,1,1,1,1,1,1,1,1,1,1,1,1,1,1,1,1,1,1,1,1,1,1,1,1,1,1,1,1,1,1,1,1,1,1,1,1,1,1,1,1,1,1,1,1,1,1,1,1,1,1,0
2026-05-29 05:00:00,133.069670483333,0,0,0,0,0,0,0.0258766666666667,2.27370833333333,12.922745,22.54746,19.5244616666667,16.398755,15.0423733333333,14.179065,14.464535,8.2315,2.13217666666667,1.05221,0.552111666666667,0.42714,0.362603333333333,0.362271666666667,0.330423333333333,0.245396666666667,0.20475,0.166181666666667,0.155568333333333,0.155245,0.123536666666667,0.140885,0.116136666666667,0.118305,0.116145,0.09559,0.0817216666666667,0.087075,0.0752866666666667,0.06659,0.0620833333333333,0.0505916666666667,0.04173,0.0363933333333333,0.0370683333333333,0.0266416666666667,0.0242416666666667,0.021585,0.023935,0.0187783333333333,0.010545,0.012755,0.014865,0.0108483333333333,0.00809833333333333,0.009755,0.00297833333333333,0.00357666666666667,0.00447,0.00532333333333333,0.00188833333333333,0.00110666666666667,0.00104333333333333,0.000883333333333333,0.001015,0.000846666666666667,0.000881666666666667,0.000283333333333333,0.000426666666666667,0.000131666666666667,0,0,0.000413333333333333,0.0000433333333333333,0.000126666666666667,0.000136666666666667,0.000146666666666667,0.000156666666666667,0.000166666666666667,0.00005,0,1,0,0,0,0,0,0,1,1,1,1,1,1,1,1,1,1,1,1,1,1,1,1,1,1,1,1,1,1,1,1,1,1,1,1,1,1,1,1,1,1,1,1,1,1,1,1,1,1,1,1,1,1,1,1,1,1,1,1,1,1,1,1,1,1,1,1,1,1,1,1,1,1,1,1,1,1,1,1,0
2026-05-29 06:00:00,127.17160855,0,0,0,0,0,0,0.0186866666666667,1.938185,11.8243766666667,20.934605,19.0578433333333,16.2517233333333,14.89646,14.1306333333333,13.8020583333333,7.25429,1.91999833333333,0.958301666666667,0.567898333333333,0.431763333333333,0.362166666666667,0.367761666666667,0.330505,0.276563333333333,0.219841666666667,0.187276666666667,0.165966666666667,0.16143,0.14476,0.1541,0.14034,0.143871666666667,0.116941666666667,0.101448333333333,0.0951933333333333,0.084395,0.0839566666666667,0.067445,0.0539,0.0402283333333333,0.03878,0.0306783333333333,0.02652,0.0268866666666667,0.0215383333333333,0.022915,0.0168916666666667,0.0152233333333333,0.01294,0.00861333333333333,0.00737333333333333,0.00874666666666667,0.007515,0.00801333333333333,0.007195,0.00297666666666667,0.00241,0.00217666666666667,0.00365666666666667,0.00196,0.00208666666666667,0.000898333333333333,0.00204833333333333,0.000461666666666667,0.000461666666666667,0,0,0,0,0,0,0.000065,0.00019,0.000205,0.00022,0.000235,0.00025,0.000075,0,1,0,0,0,0,0,0,1,1,1,1,1,1,1,1,1,1,1,1,1,1,1,1,1,1,1,1,1,1,1,1,1,1,1,1,1,1,1,1,1,1,1,1,1,1,1,1,1,1,1,1,1,1,1,1,1,1,1,1,1,1,1,1,1,1,1,1,1,1,1,1,1,1,1,1,1,1,1,1,0
2026-05-29 07:00:00,114.248002366667,0,0,0,0,0,0,0.0154466666666667,1.63203166666667,10.08942,18.5341216666667,17.069715,15.3364416666667,14.40389,13.972955,11.6531266666667,5.335565,1.45669666666667,0.750468333333333,0.430675,0.330436666666667,0.29675,0.293756666666667,0.292195,0.218711666666667,0.18008,0.154306666666667,0.157618333333333,0.15666,0.14338,0.14729,0.122568333333333,0.115865,0.1068,0.0971766666666667,0.0843983333333333,0.0824233333333333,0.0843183333333333,0.06963,0.050015,0.0391283333333333,0.0338183333333333,0.034105,0.0239433333333333,0.02172,0.0191366666666667,0.0184066666666667,0.01053,0.0125533333333333,0.0150283333333333,0.0124216666666667,0.0105033333333333,0.00542333333333333,0.00592666666666667,0.00251833333333333,0.00402333333333333,0.00152666666666667,0.00143333333333333,0.003955,0.00205333333333333,0.00153333333333333,0.00189666666666667,0.000985,0.000526666666666667,0.000846666666666667,0.000843333333333333,0,0,0,0,0,0,0.000065,0.00019,0.000205,0.00022,0.000235,0.00025,0.000075,0,1,0,0,0,0,0,0,1,1,1,1,1,1,1,1,1,1,1,1,1,1,1,1,1,1,1,1,1,1,1,1,1,1,1,1,1,1,1,1,1,1,1,1,1,1,1,1,1,1,1,1,1,1,1,1,1,1,1,1,1,1,1,1,1,1,1,1,1,1,1,1,1,1,1,1,1,1,1,1,0
2026-05-29 08:00:00,97.6893920166667,0,0,0,0,0,0,0.0151266666666667,1.36005166666667,8.42695833333333,15.487325,14.7223066666667,13.8321733333333,13.754755,14.3032433333333,7.983885,2.446255,0.995816666666667,0.514566666666667,0.350691666666667,0.274785,0.274855,0.288673333333333,0.252503333333333,0.209971666666667,0.176973333333333,0.14094,0.145685,0.14288,0.127985,0.13514,0.11898,0.118253333333333,0.118666666666667,0.104778333333333,0.0833133333333333,0.074105,0.0663983333333333,0.0575433333333333,0.0408866666666667,0.03614,0.03348,0.02461,0.022345,0.0173116666666667,0.0163466666666667,0.0182566666666667,0.0181316666666667,0.0191566666666667,0.00964833333333333,0.00864333333333333,0.00763666666666667,0.00549166666666667,0.00567166666666667,0.00188166666666667,0.00112833333333333,0.00258,0.00189166666666667,0.00111666666666667,0.00257,0.000428333333333333,0.000616666666666667,0.00056,0.000913333333333333,0.000461666666666667,0,0.000566666666666667,0.000696666666666667,0.001255,0,0,0.00016,0.00112,0.000126666666666667,0.000136666666666667,0.000146666666666667,0.000156666666666667,0.000166666666666667,0.00005,0,1,0,0,0,0,0,0,1,1,1,1,1,1,1,1,1,1,1,1,1,1,1,1,1,1,1,1,1,1,1,1,1,1,1,1,1,1,1,1,1,1,1,1,1,1,1,1,1,1,1,1,1,1,1,1,1,1,1,1,1,1,1,1,1,1,1,1,1,1,1,1,1,1,1,1,1,1,1,1,0
2026-05-29 09:00:00,90.27676985,0,0,0,0,0,0,0.0115433333333333,1.27777666666667,7.653715,14.1554583333333,13.4616783333333,12.9356183333333,13.01738,13.851645,7.35254,1.876705,0.90708,0.462558333333333,0.31396,0.282718333333333,0.247856666666667,0.259383333333333,0.235046666666667,0.20143,0.164866666666667,0.132446666666667,0.155901666666667,0.163451666666667,0.133218333333333,0.130806666666667,0.108506666666667,0.120345,0.10245,0.0972116666666667,0.084155,0.0718516666666667,0.0605383333333333,0.0527716666666667,0.0414783333333333,0.0298416666666667,0.0357933333333333,0.023495,0.0253766666666667,0.0163966666666667,0.01638,0.016565,0.0108333333333333,0.00886166666666667,0.007485,0.00491,0.0117816666666667,0.00588,0.003,0.00221,0.002895,0.001095,0.001175,0.001805,0.000603333333333333,0.00110666666666667,0.00128,0.00159833333333333,0.000526666666666667,0.00127,0,0.00168666666666667,0.000288333333333333,0.000928333333333333,0.000453333333333333,0,0,0.000476666666666667,0.00019,0.000205,0.00022,0.000235,0.00025,0.000075,0,1,0,0,0,0,0,0,1,1,1,1,1,1,1,1,1,1,1,1,1,1,1,1,1,1,1,1,1,1,1,1,1,1,1,1,1,1,1,1,1,1,1,1,1,1,1,1,1,1,1,1,1,1,1,1,1,1,1,1,1,1,1,1,1,1,1,1,1,1,1,1,1,1,1,1,1,1,1,1,0
2026-05-29 10:00:00,76.51338725,0,0,0,0,0,0,0.00833166666666667,1.06358833333333,6.50594833333333,11.5725233333333,11.2265583333333,10.81363,11.3230633333333,12.2251766666667,6.19903666666667,1.44316166666667,0.761458333333333,0.409136666666667,0.280521666666667,0.23323,0.249461666666667,0.268273333333333,0.24786,0.206566666666667,0.175861666666667,0.148793333333333,0.155185,0.153211666666667,0.13655,0.151285,0.122788333333333,0.118448333333333,0.10214,0.09222,0.0871716666666667,0.0904316666666667,0.0591033333333333,0.048215,0.0408483333333333,0.0358166666666667,0.0206216666666667,0.016845,0.0193333333333333,0.0210116666666667,0.011545,0.00869833333333333,0.0110633333333333,0.00947833333333333,0.00802333333333333,0.00631,0.003125,0.00585833333333333,0.00204166666666667,0.001945,0.00283666666666667,0.00228166666666667,0.00126166666666667,0.00112,0.000945,0.00135666666666667,0.00128,0.000323333333333333,0.000913333333333333,0.000423333333333333,0.000883333333333333,0.000421666666666667,0,0.000398333333333333,0.000658333333333333,0.00161166666666667,0.0004,0.000275,0.0000633333333333333,0.0000683333333333333,0.0000733333333333333,0.0000783333333333333,0.0000833333333333333,0.000025,0,1,0,0,0,0,0,0,1,1,1,1,1,1,1,1,1,1,1,1,1,1,1,1,1,1,1,1,1,1,1,1,1,1,1,1,1,1,1,1,1,1,1,1,1,1,1,1,1,1,1,1,1,1,1,1,1,1,1,1,1,1,1,1,1,1,1,1,1,1,1,1,1,1,1,1,1,1,1,1,0
2026-05-29 11:00:00,66.5469155666667,0,0,0,0,0,0,0.0112216666666667,1.001045,5.7967,10.050735,9.34579166666667,9.17613833333333,9.66071333333333,11.0425516666667,4.98529166666667,1.22791166666667,0.630545,0.335026666666667,0.236886666666667,0.226623333333333,0.232303333333333,0.28046,0.231,0.216843333333333,0.176296666666667,0.155891666666667,0.160615,0.162816666666667,0.135191666666667,0.148661666666667,0.123111666666667,0.123018333333333,0.11086,0.105343333333333,0.0940133333333333,0.0688633333333333,0.075125,0.0537033333333333,0.0503666666666667,0.0305216666666667,0.0234233333333333,0.02012,0.020015,0.018175,0.01339,0.0134633333333333,0.00866,0.005585,0.00687333333333333,0.008225,0.00757333333333333,0.00465,0.00322,0.00303666666666667,0.00226333333333333,0.001875,0.001805,0.00114833333333333,0.00108666666666667,0.00110833333333333,0.00123333333333333,0.000796666666666667,0.000526666666666667,0.00127,0,0.00112666666666667,0.000138333333333333,0.000816666666666667,0.00149166666666667,0.00161166666666667,0.000653333333333333,0.00052,0.000316666666666667,0.000341666666666667,0.000366666666666667,0.000391666666666667,0.000416666666666667,0.000125,0,1,0,0,0,0,0,0,1,1,1,1,1,1,1,1,1,1,1,1,1,1,1,1,1,1,1,1,1,1,1,1,1,1,1,1,1,1,1,1,1,1,1,1,1,1,1,1,1,1,1,1,1,1,1,1,1,1,1,1,1,1,1,1,1,1,1,1,1,1,1,1,1,1,1,1,1,1,1,1,0
2026-05-29 12:00:00,65.2738821833333,0,0,0,0,0,0,0.0110516666666667,1.02055666666667,6.01222166666667,10.0282583333333,9.16967833333333,8.75900833333333,9.170225,10.8218016666667,4.42582,1.25854833333333,0.649443333333333,0.308916666666667,0.248978333333333,0.24759,0.240366666666667,0.308,0.243998333333333,0.220508333333333,0.174596666666667,0.16366,0.186393333333333,0.171258333333333,0.146801666666667,0.175955,0.139906666666667,0.14755,0.115235,0.0988066666666667,0.100755,0.0882266666666667,0.0764416666666667,0.0586916666666667,0.0514666666666667,0.0334083333333333,0.0302333333333333,0.02698,0.0174383333333333,0.0161216666666667,0.01161,0.0105566666666667,0.00817833333333333,0.008665,0.00628833333333333,0.003265,0.00427333333333333,0.00250666666666667,0.00333666666666667,0.00316166666666667,0.004535,0.00235833333333333,0.00086,0.00123166666666667,0.001515,0.00153333333333333,0.000616666666666667,0.00173333333333333,0.000203333333333333,0.001155,0.000115,0,0.00126,0.00165333333333333,0.00126833333333333,0.001245,0,0.00052,0.000316666666666667,0.000341666666666667,0.000366666666666667,0.000391666666666667,0.000416666666666667,0.000125,0,1,0,0,0,0,0,0,1,1,1,1,1,1,1,1,1,1,1,1,1,1,1,1,1,1,1,1,1,1,1,1,1,1,1,1,1,1,1,1,1,1,1,1,1,1,1,1,1,1,1,1,1,1,1,1,1,1,1,1,1,1,1,1,1,1,1,1,1,1,1,1,1,1,1,1,1,1,1,1,0
2026-05-29 13:00:00,55.7653261525424,0,0,0,0,0,0,0.0106305084745763,0.967310169491525,5.37659661016949,8.95728474576271,8.40383220338983,7.7133186440678,7.50823728813559,7.64374915254237,3.15898305084746,0.973550847457627,0.520276271186441,0.331566101694915,0.253147457627119,0.22811186440678,0.263440677966102,0.330727118644068,0.291066101694915,0.267503389830508,0.217240677966102,0.210401694915254,0.212022033898305,0.19914406779661,0.171561016949153,0.17161186440678,0.145115254237288,0.131261016949153,0.116227118644068,0.105293220338983,0.0992050847457627,0.0842338983050848,0.0792406779661017,0.0732610169491525,0.0508525423728814,0.0404610169491525,0.0297254237288136,0.0272728813559322,0.0207169491525424,0.0176915254237288,0.0121542372881356,0.0114152542372881,0.0112423728813559,0.0107847457627119,0.00890677966101695,0.00441016949152542,0.00772203389830508,0.006,0.00495932203389831,0.00568474576271186,0.00467457627118644,0.00333389830508475,0.00390677966101695,0.00492542372881356,0.00345423728813559,0.00112542372881356,0.00236271186440678,0.00209152542372881,0.00152881355932203,0.0000779661016949153,0.000857627118644068,0.000716949152542373,0.00227627118644068,0.000830508474576271,0.000866101694915254,0.000598305084745763,0.000989830508474576,0.00115423728813559,0.000644067796610169,0.000694915254237288,0.000745762711864407,0.000796610169491525,0.000847457627118644,0.000254237288135593,0,1,0,0,0,0,0,0,1,1,1,1,1,1,1,1,1,1,1,1,1,1,1,1,1,1,1,1,1,1,1,1,1,1,1,1,1,1,1,1,1,1,1,1,1,1,1,1,1,1,1,1,1,1,1,1,1,1,1,1,1,1,1,1,1,1,1,1,1,1,1,1,1,1,1,1,1,1,1,1,0
2026-05-29 14:00:00,52.05976425,0,0,0,0,0,0,0.00706333333333333,0.925973333333333,5.20403833333333,8.84453833333333,8.21412833333333,7.27489,6.80061333333333,6.07692666666667,2.87259333333333,0.85133,0.387515,0.253968333333333,0.219615,0.244998333333333,0.249685,0.28652,0.26897,0.248656666666667,0.226311666666667,0.194791666666667,0.184923333333333,0.16327,0.146508333333333,0.161645,0.129816666666667,0.120615,0.107133333333333,0.0978666666666667,0.07743,0.0952016666666667,0.08044,0.0738283333333333,0.0544883333333333,0.0496083333333333,0.0396233333333333,0.0289133333333333,0.0217116666666667,0.0168983333333333,0.0147666666666667,0.0105233333333333,0.00990666666666667,0.01006,0.00794166666666667,0.00573166666666667,0.00675,0.00547,0.00552,0.00436833333333333,0.00219333333333333,0.00137,0.00186333333333333,0.00191833333333333,0.000658333333333333,0.001105,0.00189666666666667,0.00290666666666667,0.00154166666666667,0.000846666666666667,0.00157666666666667,0.000433333333333333,0.000558333333333333,0.000418333333333333,0.000416666666666667,0.00100333333333333,0.000653333333333333,0.000498333333333333,0.000253333333333333,0.000273333333333333,0.000293333333333333,0.000313333333333333,0.000333333333333333,0.0001,0,1,0,0,0,0,0,0,1,1,1,1,1,1,1,1,1,1,1,1,1,1,1,1,1,1,1,1,1,1,1,1,1,1,1,1,1,1,1,1,1,1,1,1,1,1,1,1,1,1,1,1,1,1,1,1,1,1,1,1,1,1,1,1,1,1,1,1,1,1,1,1,1,1,1,1,1,1,1,1,0
2026-05-29 15:00:00,49.4524421666667,0,0,0,0,0,0,0.0113283333333333,1.069675,5.856105,9.62068333333333,8.42933166666667,7.07986166666667,5.922475,4.48726,1.99497333333333,0.67206,0.362463333333333,0.26299,0.26069,0.252616666666667,0.280551666666667,0.284125,0.28312,0.248553333333333,0.2189,0.202876666666667,0.180251666666667,0.167026666666667,0.1491,0.145406666666667,0.130255,0.132126666666667,0.122433333333333,0.11122,0.0940516666666667,0.094875,0.0894383333333333,0.075805,0.0689616666666667,0.0598916666666667,0.0404966666666667,0.0315033333333333,0.0204683333333333,0.0148466666666667,0.0139016666666667,0.0100833333333333,0.0112083333333333,0.00922166666666667,0.0120183333333333,0.00707,0.00503666666666667,0.00371333333333333,0.00622,0.003195,0.00190333333333333,0.00258,0.000171666666666667,0.00148833333333333,0.000658333333333333,0.000678333333333333,0.00147,0.00108666666666667,0.000773333333333333,0.00257833333333333,0.00257166666666667,0.00141,0.00169166666666667,0.000681666666666667,0.00128,0.00121666666666667,0.000573333333333333,0.000296666666666667,0.000126666666666667,0.000136666666666667,0.000146666666666667,0.000156666666666667,0.000166666666666667,0.00005,0,1,0,0,0,0,0,0,1,1,1,1,1,1,1,1,1,1,1,1,1,1,1,1,1,1,1,1,1,1,1,1,1,1,1,1,1,1,1,1,1,1,1,1,1,1,1,1,1,1,1,1,1,1,1,1,1,1,1,1,1,1,1,1,1,1,1,1,1,1,1,1,1,1,1,1,1,1,1,1,0
2026-05-29 16:00:00,44.6699998666667,0,0,0,0,0,0,0.014195,1.19835666666667,6.37205333333333,9.72578833333333,7.88320666666667,5.79533166666667,4.17433833333333,2.84128666666667,1.47757666666667,0.756678333333333,0.415595,0.333621666666667,0.27893,0.263518333333333,0.275171666666667,0.2715,0.277173333333333,0.23913,0.214371666666667,0.193693333333333,0.171776666666667,0.164873333333333,0.15392,0.153448333333333,0.133698333333333,0.146286666666667,0.126178333333333,0.112195,0.09236,0.104123333333333,0.091915,0.082455,0.0592933333333333,0.0474483333333333,0.042365,0.0296466666666667,0.0221166666666667,0.01028,0.0168633333333333,0.0143466666666667,0.0122133333333333,0.00748666666666667,0.00662166666666667,0.00619,0.00260166666666667,0.00419333333333333,0.00376833333333333,0.003055,0.00276666666666667,0.000888333333333333,0.00100333333333333,0.00186333333333333,0.000713333333333333,0.001105,0.00104333333333333,0.000883333333333333,0.00182666666666667,0.00173166666666667,0.0000383333333333333,0.000705,0.00181833333333333,0.001255,0.00166666666666667,0.000173333333333333,0.00024,0.000195,0.00057,0.000611666666666667,0.000656666666666667,0.000705,0.000753333333333333,0.000221666666666667,0,1,0,0,0,0,0,0,1,1,1,1,1,1,1,1,1,1,1,1,1,1,1,1,1,1,1,1,1,1,1,1,1,1,1,1,1,1,1,1,1,1,1,1,1,1,1,1,1,1,1,1,1,1,1,1,1,1,1,1,1,1,1,1,1,1,1,1,1,1,1,1,1,1,1,1,1,1,1,1,0
2026-05-29 17:00:00,40.8850877333333,0,0,0,0,0,0,0.0131716666666667,1.237595,6.41241166666667,9.49079666666667,7.01627833333333,4.88474666666667,3.23234166666667,2.17107833333333,1.291295,0.717746666666667,0.432626666666667,0.289345,0.291365,0.245241666666667,0.252506666666667,0.277218333333333,0.277966666666667,0.24258,0.223198333333333,0.199108333333333,0.169813333333333,0.174158333333333,0.157946666666667,0.15177,0.13497,0.130393333333333,0.134075,0.121828333333333,0.121946666666667,0.103333333333333,0.0824416666666667,0.0741383333333333,0.063455,0.0447516666666667,0.0301283333333333,0.024845,0.0230966666666667,0.0163333333333333,0.010795,0.0125533333333333,0.0101816666666667,0.007575,0.00584833333333333,0.00871166666666667,0.00625333333333333,0.00421666666666667,0.00295166666666667,0.001435,0.002915,0.00156333333333333,0.00361333333333333,0.00169333333333333,0.00157,0.00238666666666667,0.00165833333333333,0.000796666666666667,0.000913333333333333,0.000461666666666667,0.000421666666666667,0.000705,0.000138333333333333,0,0.00105666666666667,0.000608333333333333,0.000413333333333333,0.0000433333333333333,0.000126666666666667,0.000136666666666667,0.000146666666666667,0.000156666666666667,0.000166666666666667,0.00005,0,1,0,0,0,0,0,0,1,1,1,1,1,1,1,1,1,1,1,1,1,1,1,1,1,1,1,1,1,1,1,1,1,1,1,1,1,1,1,1,1,1,1,1,1,1,1,1,1,1,1,1,1,1,1,1,1,1,1,1,1,1,1,1,1,1,1,1,1,1,1,1,1,1,1,1,1,1,1,1,0
2026-05-29 18:00:00,36.4085119833333,0,0,0,0,0,0,0.0167,1.11443333333333,5.64326833333333,7.95049666666667,5.74001666666667,3.850565,2.75617333333333,2.11671666666667,1.51603,0.906255,0.550961666666667,0.359636666666667,0.315656666666667,0.271588333333333,0.252305,0.287416666666667,0.289438333333333,0.265291666666667,0.218273333333333,0.192066666666667,0.183915,0.179436666666667,0.161395,0.157466666666667,0.142145,0.132128333333333,0.122108333333333,0.113623333333333,0.102126666666667,0.0960233333333333,0.074385,0.0679483333333333,0.0548133333333333,0.0414733333333333,0.0345,0.0298333333333333,0.0255733333333333,0.0171433333333333,0.010435,0.016135,0.009395,0.0105316666666667,0.00611,0.01081,0.00592666666666667,0.005015,0.00439833333333333,0.00412833333333333,0.00141833333333333,0.00177333333333333,0.00129,0.00315333333333333,0.00156,0,0.000853333333333333,0.001275,0.00085,0.00161666666666667,0.000498333333333333,0.000843333333333333,0.00084,0,0.00125,0,0.000413333333333333,0.000498333333333333,0.000253333333333333,0.000273333333333333,0.000293333333333333,0.000313333333333333,0.000333333333333333,0.0001,0,1,0,0,0,0,0,0,1,1,1,1,1,1,1,1,1,1,1,1,1,1,1,1,1,1,1,1,1,1,1,1,1,1,1,1,1,1,1,1,1,1,1,1,1,1,1,1,1,1,1,1,1,1,1,1,1,1,1,1,1,1,1,1,1,1,1,1,1,1,1,1,1,1,1,1,1,1,1,1,0
2026-05-29 19:00:00,33.0736033157895,0,0,0,0,0,0,0.0107491228070175,0.984242105263158,4.86598947368421,6.71556666666667,4.83232631578947,3.39197719298246,2.58771403508772,2.20267192982456,1.74447368421053,1.1460298245614,0.69070350877193,0.449757894736842,0.324991228070175,0.284194736842105,0.289431578947368,0.295961403508772,0.288549122807018,0.233236842105263,0.207557894736842,0.165668421052632,0.1616,0.155312280701754,0.147656140350877,0.150736842105263,0.124535087719298,0.116540350877193,0.0992087719298246,0.0996877192982456,0.0874649122807018,0.0774508771929825,0.0657859649122807,0.0567912280701754,0.0367228070175439,0.0425438596491228,0.0304473684210526,0.0232315789473684,0.0160263157894737,0.0132368421052632,0.0103877192982456,0.0111122807017544,0.0119701754385965,0.00675087719298246,0.0109982456140351,0.00724210526315789,0.00534385964912281,0.00393333333333333,0.00444561403508772,0.0024,0.000547368421052632,0.00277543859649123,0.00175087719298246,0.000903508771929825,0.0010859649122807,0.000714035087719298,0.000649122807017544,0.00103684210526316,0.00189649122807018,0.00133684210526316,0.000887719298245614,0.000742105263157895,0.000587719298245614,0.000419298245614035,0.000457894736842105,0.000436842105263158,0.000168421052631579,0.000403508771929825,0.0004,0.000431578947368421,0.000463157894736842,0.000494736842105263,0.000526315789473684,0.000157894736842105,0,1,0,0,0,0,0,0,1,1,1,1,1,1,1,1,1,1,1,1,1,1,1,1,1,1,1,1,1,1,1,1,1,1,1,1,1,1,1,1,1,1,1,1,1,1,1,1,1,1,1,1,1,1,1,1,1,1,1,1,1,1,1,1,1,1,1,1,1,1,1,1,1,1,1,1,1,1,1,1,0
2026-05-29 20:00:00,34.3859746964286,0,0,0,0,0,0,0.0092125,0.951051785714286,4.73243214285714,6.4106875,4.5116625,3.2563625,2.66716607142857,2.33164285714286,2.13896607142857,1.53640714285714,0.986703571428571,0.579666071428571,0.372594642857143,0.3241875,0.321103571428571,0.347557142857143,0.344451785714286,0.2999375,0.265635714285714,0.215325,0.192216071428571,0.186658928571429,0.161928571428571,0.177005357142857,0.133391071428571,0.122439285714286,0.112589285714286,0.0970821428571429,0.0890982142857143,0.0788785714285714,0.0695660714285714,0.0526142857142857,0.0411964285714286,0.0334178571428571,0.0254785714285714,0.0268857142857143,0.0207589285714286,0.0144142857142857,0.0111321428571429,0.0114214285714286,0.006425,0.00706607142857143,0.00919821428571429,0.00401964285714286,0.00504285714285714,0.00498214285714286,0.0038375,0.00369642857142857,0.00170892857142857,0.00192857142857143,0.00171964285714286,0.001875,0.00143571428571429,0.001375,0.001575,0.00242321428571429,0.00143392857142857,0.0000410714285714286,0,0.000755357142857143,0.000148214285714286,0,0,0,0,0.0000928571428571429,0.000271428571428571,0.000292857142857143,0.000314285714285714,0.000335714285714286,0.000357142857142857,0.000107142857142857,0,1,0,0,0,0,0,0,1,1,1,1,1,1,1,1,1,1,1,1,1,1,1,1,1,1,1,1,1,1,1,1,1,1,1,1,1,1,1,1,1,1,1,1,1,1,1,1,1,1,1,1,1,1,1,1,1,1,1,1,1,1,1,1,1,1,1,1,1,1,1,1,1,1,1,1,1,1,1,1,0
2026-05-29 21:00:00,70.1126474285714,0,0,0,0,0,0,0.0215857142857143,1.77940714285714,8.87641607142857,12.705525,9.54360714285714,7.06727857142857,5.82194285714286,5.27209464285714,4.91373571428571,3.67033035714286,2.27305892857143,1.20436428571429,0.792107142857143,0.664935714285714,0.582357142857143,0.581819642857143,0.574503571428571,0.4921125,0.435807142857143,0.341492857142857,0.280076785714286,0.273623214285714,0.240389285714286,0.243007142857143,0.183980357142857,0.189501785714286,0.162189285714286,0.1472875,0.118826785714286,0.112101785714286,0.0838535714285714,0.0695589285714286,0.0596285714285714,0.0428178571428571,0.0324892857142857,0.0237982142857143,0.0249232142857143,0.0262446428571429,0.0166035714285714,0.0148232142857143,0.0120035714285714,0.00769107142857143,0.00640892857142857,0.0115375,0.0077625,0.00725,0.00578928571428571,0.00215,0.00358571428571429,0.0038875,0.0022125,0.00218035714285714,0.00103571428571429,0.00320357142857143,0.000457142857142857,0.000692857142857143,0.0010875,0.00185535714285714,0.000453571428571429,0.00105892857142857,0.00105535714285714,0.0010375,0.000239285714285714,0.000651785714285714,0,0.0000928571428571429,0.000271428571428571,0.000291071428571429,0.0003125,0.000335714285714286,0.000358928571428571,0.000105357142857143,0,1,0,0,0,0,0,0,1,1,1,1,1,1,1,1,1,1,1,1,1,1,1,1,1,1,1,1,1,1,1,1,1,1,1,1,1,1,1,1,1,1,1,1,1,1,1,1,1,1,1,1,1,1,1,1,1,1,1,1,1,1,1,1,1,1,1,1,1,1,1,1,1,1,1,1,1,1,1,1,0
2026-05-29 22:00:00,70.2720418596491,0,0,0,0,0,0,0.0217929824561404,1.81762105263158,9.04910701754386,12.8553666666667,9.50144210526316,7.04093157894737,5.8133,5.11970877192982,4.83817192982456,3.62080877192982,2.20246842105263,1.17164561403509,0.820668421052632,0.679312280701754,0.592243859649123,0.631815789473684,0.599231578947368,0.506449122807018,0.413736842105263,0.380071929824561,0.352473684210526,0.31969649122807,0.278194736842105,0.2757,0.219052631578947,0.217552631578947,0.188675438596491,0.154194736842105,0.137733333333333,0.117884210526316,0.101363157894737,0.0766859649122807,0.0540333333333333,0.0432228070175439,0.0436736842105263,0.0322701754385965,0.0278298245614035,0.0231631578947368,0.0186035087719298,0.0123456140350877,0.00927894736842105,0.00927368421052632,0.012440350877193,0.00852280701754386,0.00470175438596491,0.0101473684210526,0.00882105263157895,0.00744210526315789,0.00337368421052632,0.00195964912280702,0.00247543859649123,0.00313684210526316,0.00318947368421053,0.00188070175438596,0.00109824561403509,0.00114385964912281,0.000894736842105263,0.00174210526315789,0.00194385964912281,0.000912280701754386,0.000594736842105263,0.000578947368421053,0.000470175438596491,0.000407017543859649,0.000870175438596491,0.0000684210526315789,0.0002,0.000215789473684211,0.000231578947368421,0.000247368421052632,0.000263157894736842,0.0000789473684210526,0,1,0,0,0,0,0,0,1,1,1,1,1,1,1,1,1,1,1,1,1,1,1,1,1,1,1,1,1,1,1,1,1,1,1,1,1,1,1,1,1,1,1,1,1,1,1,1,1,1,1,1,1,1,1,1,1,1,1,1,1,1,1,1,1,1,1,1,1,1,1,1,1,1,1,1,1,1,1,1,0
2026-05-29 23:00:00,67.9654290833333,0,0,0,0,0,0,0.0196983333333333,1.72905666666667,8.76132166666667,12.418055,9.27481166666667,6.90856,5.66430333333333,5.04736166666667,4.60398,3.46854,2.076725,1.108355,0.761305,0.62626,0.58046,0.582443333333333,0.55607,0.4433,0.363651666666667,0.309145,0.297255,0.291676666666667,0.256856666666667,0.247313333333333,0.2013,0.189765,0.157178333333333,0.147991666666667,0.133208333333333,0.102558333333333,0.0967133333333333,0.0813416666666667,0.0545183333333333,0.0499683333333333,0.0397016666666667,0.0252616666666667,0.0266183333333333,0.018585,0.015845,0.0173,0.0119933333333333,0.00917,0.012275,0.00883333333333333,0.00714333333333333,0.00417166666666667,0.00127166666666667,0.00300333333333333,0.000951666666666667,0.00131833333333333,0.00143333333333333,0.00149166666666667,0.000658333333333333,0.00153166666666667,0.00104333333333333,0.000661666666666667,0,0.000808333333333333,0.00123166666666667,0.000496666666666667,0,0.000418333333333333,0,0,0,0.0000216666666666667,0.0000633333333333333,0.0000683333333333333,0.0000733333333333333,0.0000783333333333333,0.0000833333333333333,0.000025,0,1,0,0,0,0,0,0,1,1,1,1,1,1,1,1,1,1,1,1,1,1,1,1,1,1,1,1,1,1,1,1,1,1,1,1,1,1,1,1,1,1,1,1,1,1,1,1,1,1,1,1,1,1,1,1,1,1,1,1,1,1,1,1,1,1,1,1,1,1,1,1,1,1,1,1,1,1,1,1,0
2026-05-30,39.2270621666667,0,0,0,0,0,0,0.0147962962962963,1.04022777777778,5.18168888888889,6.99955925925926,4.87840740740741,3.57306666666667,2.98094814814815,2.72662407407407,2.47987407407407,2.05566481481481,1.36195740740741,0.799705555555556,0.512,0.413168518518518,0.408018518518519,0.435064814814815,0.436462962962963,0.365166666666667,0.310627777777778,0.260655555555556,0.258733333333333,0.226809259259259,0.201290740740741,0.197224074074074,0.160142592592593,0.155455555555556,0.133512962962963,0.120151851851852,0.101557407407407,0.0819574074074074,0.0697518518518519,0.0586222222222222,0.0494407407407407,0.0384722222222222,0.0292333333333333,0.0244462962962963,0.0191444444444444,0.013412962962963,0.0103444444444444,0.00915925925925926,0.00908333333333333,0.00241666666666667,0.00328148148148148,0.00648703703703704,0.00279814814814815,0.00278518518518519,0.00333148148148148,0.00189814814814815,0.00147777777777778,0.00152407407407407,0.000827777777777778,0.00152777777777778,0.000475925925925926,0.00095,0,0.000831481481481481,0.000112962962962963,0,0,0,0.000466666666666667,0.00137222222222222,0.0000203703703703704,0.000461111111111111,0,0.0000481481481481481,0.000140740740740741,0.000151851851851852,0.000162962962962963,0.000174074074074074,0.000185185185185185,0.0000555555555555556,0,1,0,0,0,0,0,0,1,1,1,1,1,1,1,1,1,1,1,1,1,1,1,1,1,1,1,1,1,1,1,1,1,1,1,1,1,1,1,1,1,1,1,1,1,1,1,1,1,1,1,1,1,1,1,1,1,1,1,1,1,1,1,1,1,1,1,1,1,1,1,1,1,1,1,1,1,1,1,1,0
2026-05-30 01:00:00,25.5661428035714,0,0,0,0,0,0,0.00779821428571429,0.790157142857143,3.7513125,4.73408571428571,3.20295892857143,2.24484107142857,1.84068392857143,1.66865892857143,1.42683571428571,1.11126785714286,0.686778571428571,0.414505357142857,0.309321428571429,0.271342857142857,0.278333928571429,0.297685714285714,0.295339285714286,0.257676785714286,0.2131875,0.172903571428571,0.1763125,0.164326785714286,0.138467857142857,0.149348214285714,0.1240625,0.105308928571429,0.0939428571428571,0.0992053571428571,0.0792732142857143,0.0783767857142857,0.0641678571428571,0.0459178571428571,0.0377821428571429,0.0350553571428571,0.0259107142857143,0.015725,0.0240785714285714,0.0141160714285714,0.00956071428571429,0.01245,0.00743035714285714,0.00640714285714286,0.00392857142857143,0.00669107142857143,0.00183928571428571,0.00485535714285714,0.00275,0.000980357142857143,0.00194464285714286,0.00144285714285714,0.000860714285714286,0.000460714285714286,0.00129285714285714,0.000539285714285714,0,0,0,0.000453571428571429,0.000823214285714286,0.0000803571428571429,0.00045,0,0.000446428571428571,0,0,0.0000232142857142857,0.0000678571428571429,0.0000732142857142857,0.0000785714285714286,0.0000839285714285714,0.0000892857142857143,0.0000267857142857143,0,1,0,0,0,0,0,0,1,1,1,1,1,1,1,1,1,1,1,1,1,1,1,1,1,1,1,1,1,1,1,1,1,1,1,1,1,1,1,1,1,1,1,1,1,1,1,1,1,1,1,1,1,1,1,1,1,1,1,1,1,1,1,1,1,1,1,1,1,1,1,1,1,1,1,1,1,1,1,1,0
2026-05-30 02:00:00,22.2914021016949,0,0,0,0,0,0,0.00497457627118644,0.607815254237288,3.08875593220339,4.22581694915254,2.79493050847458,1.97375423728814,1.57434406779661,1.45460169491525,1.27051525423729,0.936208474576271,0.541661016949153,0.348159322033898,0.27495593220339,0.28043220338983,0.269654237288136,0.282262711864407,0.283649152542373,0.223998305084746,0.218162711864407,0.174981355932203,0.161827118644068,0.162216949152542,0.152218644067797,0.141191525423729,0.122030508474576,0.122027118644068,0.10248813559322,0.097435593220339,0.0854559322033898,0.0799,0.0642661016949153,0.0558033898305085,0.0486,0.0323694915254237,0.0271508474576271,0.0182559322033898,0.0183813559322034,0.0166491525423729,0.010164406779661,0.00786779661016949,0.00794237288135593,0.00833220338983051,0.00608135593220339,0.00725593220338983,0.00350508474576271,0.00254915254237288,0.00263389830508475,0.00226610169491525,0.000384745762711864,0.000489830508474576,0.000611864406779661,0.00145762711864407,0.00195254237288136,0.00207118644067797,0.000433898305084746,0,0,0.000430508474576271,0,0,0.00128135593220339,0,0,0,0,0,0,0,0,0,0,0,0,1,0,0,0,0,0,0,1,1,1,1,1,1,1,1,1,1,1,1,1,1,1,1,1,1,1,1,1,1,1,1,1,1,1,1,1,1,1,1,1,1,1,1,1,1,1,1,1,1,1,1,1,1,1,1,1,1,1,1,1,1,1,1,1,1,1,1,1,1,1,1,1,1,1,1,1,1,1,1,0
2026-05-30 03:00:00,32.44032185,0,0,0,0,0,0,0.00968,1.000025,4.81394833333333,6.45173333333333,4.49696666666667,3.14251166666667,2.46048833333333,2.074895,1.79679,1.26906,0.780013333333333,0.469935,0.342625,0.293585,0.307506666666667,0.311585,0.302941666666667,0.276278333333333,0.213381666666667,0.167743333333333,0.164045,0.165575,0.158845,0.135286666666667,0.123475,0.120216666666667,0.0988366666666667,0.0916566666666667,0.07924,0.06903,0.0596983333333333,0.047495,0.0419166666666667,0.0314683333333333,0.0200433333333333,0.0166333333333333,0.0156,0.01385,0.0108666666666667,0.0110066666666667,0.00888833333333333,0.00780833333333333,0.00470666666666667,0.00571333333333333,0.00309833333333333,0.00339666666666667,0.00295166666666667,0.00170833333333333,0.002625,0.000995,0.00223833333333333,0.00229333333333333,0.000888333333333333,0.00093,0.000616666666666667,0.000883333333333333,0.001015,0.000461666666666667,0,0,0,0,0.000416666666666667,0,0,0,0,0,0,0,0,0,0,1,0,0,0,0,0,0,1,1,1,1,1,1,1,1,1,1,1,1,1,1,1,1,1,1,1,1,1,1,1,1,1,1,1,1,1,1,1,1,1,1,1,1,1,1,1,1,1,1,1,1,1,1,1,1,1,1,1,1,1,1,1,1,1,1,1,1,1,1,1,1,1,1,1,1,1,1,1,1,0
2026-05-30 04:00:00,42.17165525,0,0,0,0,0,0,0.0116366666666667,1.21441,5.97706,8.20687,5.91572666666667,4.19103,3.28217833333333,2.890725,2.63404833333333,1.95998666666667,1.079795,0.591123333333333,0.405981666666667,0.346836666666667,0.339411666666667,0.380193333333333,0.340005,0.272486666666667,0.238306666666667,0.216975,0.175088333333333,0.181596666666667,0.15528,0.15568,0.12394,0.125251666666667,0.111451666666667,0.09555,0.07936,0.0756566666666667,0.061975,0.0511633333333333,0.0342,0.0253966666666667,0.0193816666666667,0.0186616666666667,0.0126733333333333,0.0101116666666667,0.010055,0.00736333333333333,0.006225,0.003535,0.00634166666666667,0.00318166666666667,0.00128,0.00166333333333333,0.00134166666666667,0.001295,0.001295,0.000458333333333333,0.00126166666666667,0.00117666666666667,0.000966666666666667,0.000855,0.000426666666666667,0,0.000425,0.00123166666666667,0.0000383333333333333,0.000283333333333333,0.000715,0.000263333333333333,0,0,0,0.0000216666666666667,0.0000633333333333333,0.0000683333333333333,0.0000733333333333333,0.0000783333333333333,0.0000833333333333333,0.000025,0,1,0,0,0,0,0,0,1,1,1,1,1,1,1,1,1,1,1,1,1,1,1,1,1,1,1,1,1,1,1,1,1,1,1,1,1,1,1,1,1,1,1,1,1,1,1,1,1,1,1,1,1,1,1,1,1,1,1,1,1,1,1,1,1,1,1,1,1,1,1,1,1,1,1,1,1,1,1,1,0
2026-05-30 05:00:00,161.92586405,0,0,0,0,0,0,0.02175,1.88223666666667,9.66356333333333,14.1273666666667,11.4859866666667,9.76154,10.14818,11.357065,12.4039416666667,12.5585483333333,9.41591666666667,6.706935,5.51286333333333,4.77468833333333,4.50214,4.398495,4.262935,3.89932666666667,3.48688,2.982685,2.60649333333333,2.42118166666667,2.14559166666667,2.05886,1.718435,1.53564166666667,1.23638,0.976301666666667,0.71688,0.48994,0.365041666666667,0.256328333333333,0.20386,0.139048333333333,0.115868333333333,0.0866783333333333,0.075455,0.0511283333333333,0.0374466666666667,0.03018,0.0234116666666667,0.014205,0.0119633333333333,0.0101466666666667,0.00887333333333333,0.00629,0.00489833333333333,0.00249,0.00257166666666667,0.000103333333333333,0.000171666666666667,0.00106166666666667,0.00023,0.001105,0.000853333333333333,0.000323333333333333,0.000526666666666667,0,0,0,0,0,0.000833333333333333,0,0,0.0000216666666666667,0.0000633333333333333,0.0000683333333333333,0.0000733333333333333,0.0000783333333333333,0.0000833333333333333,0.000025,0,1,0,0,0,0,0,0,1,1,1,1,1,1,1,1,1,1,1,1,1,1,1,1,1,1,1,1,1,1,1,1,1,1,1,1,1,1,1,1,1,1,1,1,1,1,1,1,1,1,1,1,1,1,1,1,1,1,1,1,1,1,1,1,1,1,1,1,1,1,1,1,1,1,1,1,1,1,1,1,0
2026-05-30 06:00:00,75.756522875,0,0,0,0,0,0,0.015225,1.3312375,6.30539642857143,8.934225,6.75393214285714,5.61212321428571,5.37748392857143,5.52903392857143,5.61861607142857,5.6445375,4.28129285714286,2.93002857142857,2.27992142857143,1.87600357142857,1.75238214285714,1.7356375,1.67485535714286,1.55114642857143,1.28773392857143,1.10678214285714,0.944446428571429,0.873844642857143,0.758480357142857,0.678853571428571,0.579935714285714,0.530026785714286,0.426257142857143,0.338910714285714,0.262576785714286,0.219751785714286,0.153592857142857,0.106417857142857,0.0914767857142857,0.0619267857142857,0.0490214285714286,0.0387375,0.0335339285714286,0.0226839285714286,0.0187714285714286,0.0147392857142857,0.0121642857142857,0.0117642857142857,0.00717321428571429,0.00677678571428571,0.00323214285714286,0.00400357142857143,0.002675,0.0024625,0.00173571428571429,0.00198392857142857,0.001075,0.0015375,0.000117857142857143,0,0,0,0,0.00131964285714286,0.0000410714285714286,0.000303571428571429,0.000148214285714286,0,0,0,0,0,0,0,0,0,0,0,0,1,0,0,0,0,0,0,1,1,1,1,1,1,1,1,1,1,1,1,1,1,1,1,1,1,1,1,1,1,1,1,1,1,1,1,1,1,1,1,1,1,1,1,1,1,1,1,1,1,1,1,1,1,1,1,1,1,1,1,1,1,1,1,1,1,1,1,1,1,1,1,1,1,1,1,1,1,1,1,0
2026-05-30 07:00:00,35.1909117166667,0,0,0,0,0,0,0.01393,1.00675666666667,4.99647,6.64109166666667,4.70534,3.41677833333333,2.698745,2.29603166666667,2.01733166666667,1.538075,1.02652333333333,0.620046666666667,0.418521666666667,0.375926666666667,0.339988333333333,0.356921666666667,0.326953333333333,0.292826666666667,0.256173333333333,0.221676666666667,0.214663333333333,0.193931666666667,0.157925,0.150203333333333,0.145695,0.140203333333333,0.118761666666667,0.105138333333333,0.0890033333333333,0.0865416666666667,0.0775383333333333,0.0693116666666667,0.0424966666666667,0.04092,0.0332633333333333,0.0297833333333333,0.0275283333333333,0.0129533333333333,0.0129333333333333,0.0127133333333333,0.009455,0.0102416666666667,0.00743333333333333,0.00519166666666667,0.00540666666666667,0.00287,0.00204166666666667,0.00271166666666667,0.0000883333333333333,0.00172,0.000601666666666667,0.00111666666666667,0.00103166666666667,0.000678333333333333,0.000853333333333333,0.00117333333333333,0.000913333333333333,0.0000383333333333333,0,0.000421666666666667,0.00042,0,0,0,0.000573333333333333,0.000253333333333333,0,0,0,0,0,0,0,1,0,0,0,0,0,0,1,1,1,1,1,1,1,1,1,1,1,1,1,1,1,1,1,1,1,1,1,1,1,1,1,1,1,1,1,1,1,1,1,1,1,1,1,1,1,1,1,1,1,1,1,1,1,1,1,1,1,1,1,1,1,1,1,1,1,1,1,1,1,1,1,1,1,1,1,1,1,1,0
2026-05-30 08:00:00,30.3159481333333,0,0,0,0,0,0,0.00892,0.932545,4.48607166666667,5.90395,4.189615,2.91792166666667,2.271905,1.86154166666667,1.64441833333333,1.23122,0.693891666666667,0.413185,0.306526666666667,0.263578333333333,0.257221666666667,0.283685,0.278333333333333,0.239055,0.21775,0.1776,0.183035,0.168318333333333,0.143043333333333,0.137643333333333,0.128933333333333,0.125128333333333,0.11068,0.103428333333333,0.08719,0.077305,0.0652566666666667,0.0574383333333333,0.042855,0.0312683333333333,0.0284616666666667,0.0231666666666667,0.0122833333333333,0.011705,0.00858333333333333,0.012055,0.00548333333333333,0.00761166666666667,0.00511666666666667,0.00626833333333333,0.00392333333333333,0.00207333333333333,0.003045,0.00120666666666667,0.000951666666666667,0.00129,0.00189166666666667,0.00111666666666667,0.000603333333333333,0.000678333333333333,0.000426666666666667,0.000323333333333333,0.000101666666666667,0.00119333333333333,0.0000766666666666667,0,0.00042,0,0,0.000415,0,0.0000433333333333333,0.000126666666666667,0.000136666666666667,0.000146666666666667,0.000156666666666667,0.000166666666666667,0.00005,0,1,0,0,0,0,0,0,1,1,1,1,1,1,1,1,1,1,1,1,1,1,1,1,1,1,1,1,1,1,1,1,1,1,1,1,1,1,1,1,1,1,1,1,1,1,1,1,1,1,1,1,1,1,1,1,1,1,1,1,1,1,1,1,1,1,1,1,1,1,1,1,1,1,1,1,1,1,1,1,0
2026-05-30 09:00:00,24.3187415,0,0,0,0,0,0,0.00748,0.775473333333333,3.68922166666667,4.99119666666667,3.47654,2.42408,1.84549333333333,1.47644666666667,1.21617666666667,0.865096666666667,0.377645,0.243138333333333,0.194685,0.179086666666667,0.182376666666667,0.216695,0.214278333333333,0.181838333333333,0.157583333333333,0.147695,0.13721,0.126625,0.122643333333333,0.115823333333333,0.106148333333333,0.105451666666667,0.0833783333333333,0.0849116666666667,0.0662866666666667,0.0660183333333333,0.0563333333333333,0.0437666666666667,0.0353166666666667,0.0245216666666667,0.0237666666666667,0.0227066666666667,0.0140333333333333,0.0145616666666667,0.00929,0.00560666666666667,0.00310666666666667,0.00436833333333333,0.003055,0.00720666666666667,0.00421,0.00337333333333333,0.00299833333333333,0.00257166666666667,0.00052,0.00258,0.00163333333333333,0.00303666666666667,0.000833333333333333,0.00135833333333333,0.000853333333333333,0.001275,0.001585,0.0005,0.000883333333333333,0,0,0.000398333333333333,0.0000183333333333333,0.000415,0.000413333333333333,0.000476666666666667,0.00019,0.000205,0.00022,0.000235,0.00025,0.000075,0,1,0,0,0,0,0,0,1,1,1,1,1,1,1,1,1,1,1,1,1,1,1,1,1,1,1,1,1,1,1,1,1,1,1,1,1,1,1,1,1,1,1,1,1,1,1,1,1,1,1,1,1,1,1,1,1,1,1,1,1,1,1,1,1,1,1,1,1,1,1,1,1,1,1,1,1,1,1,1,0
2026-05-30 10:00:00,31.7177660833333,0,0,0,0,0,0,0.0152716666666667,0.951973333333333,4.90156666666667,6.83363833333333,4.90608,3.40763166666667,2.47803,1.931715,1.57701333333333,1.08993833333333,0.525703333333333,0.31964,0.2385,0.205356666666667,0.219675,0.22956,0.232123333333333,0.198483333333333,0.184991666666667,0.152548333333333,0.16039,0.170446666666667,0.135576666666667,0.157208333333333,0.141323333333333,0.133858333333333,0.108095,0.091115,0.0769233333333333,0.0680633333333333,0.06604,0.053285,0.0523966666666667,0.034835,0.025315,0.0248216666666667,0.0156316666666667,0.0139116666666667,0.012145,0.011355,0.0110033333333333,0.00715833333333333,0.00667166666666667,0.00696333333333333,0.005015,0.00508166666666667,0.00315,0.001125,0.00376,0.00327666666666667,0.00346833333333333,0.00200833333333333,0.000055,0.000855,0.000853333333333333,0.00117333333333333,0.000951666666666667,0.000846666666666667,0.00119,0.000496666666666667,0.00042,0.000418333333333333,0,0,0.000413333333333333,0.000866666666666667,0.000126666666666667,0.000136666666666667,0.000146666666666667,0.000156666666666667,0.000166666666666667,0.00005,0,1,0,0,0,0,0,0,1,1,1,1,1,1,1,1,1,1,1,1,1,1,1,1,1,1,1,1,1,1,1,1,1,1,1,1,1,1,1,1,1,1,1,1,1,1,1,1,1,1,1,1,1,1,1,1,1,1,1,1,1,1,1,1,1,1,1,1,1,1,1,1,1,1,1,1,1,1,1,1,0
2026-05-30 11:00:00,41.8224718333333,0,0,0,0,0,0,0.013185,1.22130666666667,6.39575166666667,8.908385,6.46064666666667,4.46511666666667,3.32135,2.55875666666667,2.04967333333333,1.31726,0.596931666666667,0.347966666666667,0.28714,0.252331666666667,0.2656,0.285393333333333,0.284116666666667,0.290266666666667,0.233693333333333,0.214151666666667,0.2057,0.197668333333333,0.182538333333333,0.18369,0.160931666666667,0.171456666666667,0.141228333333333,0.142933333333333,0.118485,0.097795,0.08243,0.0722116666666667,0.058195,0.0430783333333333,0.0336183333333333,0.026415,0.0220383333333333,0.014445,0.0183633333333333,0.0156283333333333,0.01048,0.01013,0.01314,0.00667833333333333,0.00579666666666667,0.00426,0.004445,0.00242,0.00219333333333333,0.00357666666666667,0.001635,0.002465,0.001065,0.00118333333333333,0.000426666666666667,0.00182,0.00196666666666667,0.000885,0.00126833333333333,0.000421666666666667,0.000708333333333333,0.000968333333333333,0.000893333333333333,0.000773333333333333,0.000413333333333333,0.000065,0.00019,0.000205,0.00022,0.000235,0.00025,0.000075,0,1,0,0,0,0,0,0,1,1,1,1,1,1,1,1,1,1,1,1,1,1,1,1,1,1,1,1,1,1,1,1,1,1,1,1,1,1,1,1,1,1,1,1,1,1,1,1,1,1,1,1,1,1,1,1,1,1,1,1,1,1,1,1,1,1,1,1,1,1,1,1,1,1,1,1,1,1,1,1,0
2026-05-30 12:00:00,35.2331440833333,0,0,0,0,0,0,0.01109,1.08125833333333,5.41250166666667,7.45685833333333,5.540315,3.83195666666667,2.75525333333333,2.173795,1.731685,1.13506,0.486525,0.312943333333333,0.238028333333333,0.213493333333333,0.190986666666667,0.220746666666667,0.232205,0.20261,0.186633333333333,0.151408333333333,0.150868333333333,0.144303333333333,0.139376666666667,0.148928333333333,0.121263333333333,0.119383333333333,0.113208333333333,0.0945433333333333,0.0927866666666667,0.0757383333333333,0.0618683333333333,0.0536666666666667,0.0401533333333333,0.0360666666666667,0.025595,0.0230933333333333,0.0160966666666667,0.0131016666666667,0.0121316666666667,0.011385,0.007145,0.00688833333333333,0.00698333333333333,0.00617666666666667,0.00342666666666667,0.00207333333333333,0.002065,0.002555,0.00222666666666667,0.00145,0.001405,0.00106,0.000658333333333333,0.000678333333333333,0.000426666666666667,0,0.000811666666666667,0.0000383333333333333,0.000423333333333333,0.00112666666666667,0.000978333333333333,0.000398333333333333,0.0000183333333333333,0,0.000413333333333333,0.0000216666666666667,0.0000633333333333333,0.0000683333333333333,0.0000733333333333333,0.0000783333333333333,0.0000833333333333333,0.000025,0,1,0,0,0,0,0,0,1,1,1,1,1,1,1,1,1,1,1,1,1,1,1,1,1,1,1,1,1,1,1,1,1,1,1,1,1,1,1,1,1,1,1,1,1,1,1,1,1,1,1,1,1,1,1,1,1,1,1,1,1,1,1,1,1,1,1,1,1,1,1,1,1,1,1,1,1,1,1,1,0
2026-05-30 13:00:00,28.0468209,0,0,0,0,0,0,0.0111966666666667,0.882231666666667,4.23631666666667,6.06399166666667,4.245785,2.95383666666667,2.18260166666667,1.790675,1.50453333333333,1.01741,0.454968333333333,0.243038333333333,0.176881666666667,0.166488333333333,0.15551,0.16978,0.1707,0.152988333333333,0.127216666666667,0.118511666666667,0.121898333333333,0.107855,0.096695,0.110351666666667,0.087975,0.0843133333333333,0.0744833333333333,0.064765,0.057045,0.0514983333333333,0.0496783333333333,0.0367733333333333,0.028245,0.01945,0.0178433333333333,0.0146933333333333,0.013305,0.0103316666666667,0.00549666666666667,0.009025,0.00527,0.00645166666666667,0.003485,0.00273666666666667,0.00214833333333333,0.00291666666666667,0.00285833333333333,0.00244666666666667,0.00418333333333333,0.000968333333333333,0.00140666666666667,0.00111833333333333,0,0.000426666666666667,0.000806666666666667,0.00132333333333333,0.000386666666666667,0.0000383333333333333,0.00077,0.000075,0,0.000418333333333333,0.000416666666666667,0.00083,0.000413333333333333,0.000108333333333333,0.000316666666666667,0.00034,0.000365,0.000391666666666667,0.000418333333333333,0.000123333333333333,0,1,0,0,0,0,0,0,1,1,1,1,1,1,1,1,1,1,1,1,1,1,1,1,1,1,1,1,1,1,1,1,1,1,1,1,1,1,1,1,1,1,1,1,1,1,1,1,1,1,1,1,1,1,1,1,1,1,1,1,1,1,1,1,1,1,1,1,1,1,1,1,1,1,1,1,1,1,1,1,0
2026-05-30 14:00:00,26.6808754666667,0,0,0,0,0,0,0.0131,0.781756666666667,4.091145,5.81664333333333,4.10756166666667,2.86811333333333,2.146915,1.74294333333333,1.42686333333333,0.957031666666667,0.375305,0.212928333333333,0.171828333333333,0.148885,0.15082,0.155595,0.15685,0.134296666666667,0.116201666666667,0.112385,0.101325,0.0986933333333333,0.08477,0.0965266666666667,0.0663,0.0749916666666667,0.0689883333333333,0.06007,0.0509816666666667,0.0430966666666667,0.03787,0.0383133333333333,0.029525,0.0204933333333333,0.0142483333333333,0.0144483333333333,0.00980666666666667,0.00980166666666667,0.00567333333333333,0.00454333333333333,0.00426,0.00396833333333333,0.00330666666666667,0.002315,0.00219,0.00250666666666667,0.00124833333333333,0.00205166666666667,0.00141833333333333,0.000911666666666667,0.00043,0.001175,0.00199833333333333,0.000678333333333333,0.000616666666666667,0.000661666666666667,0.001275,0,0.000846666666666667,0,0.00042,0.00161333333333333,0.000471666666666667,0.000588333333333333,0.00024,0.000151666666666667,0.000443333333333333,0.000478333333333333,0.000513333333333333,0.000548333333333333,0.000583333333333333,0.000175,0,1,0,0,0,0,0,0,1,1,1,1,1,1,1,1,1,1,1,1,1,1,1,1,1,1,1,1,1,1,1,1,1,1,1,1,1,1,1,1,1,1,1,1,1,1,1,1,1,1,1,1,1,1,1,1,1,1,1,1,1,1,1,1,1,1,1,1,1,1,1,1,1,1,1,1,1,1,1,1,0
2026-05-30 15:00:00,26.0810347,0,0,0,0,0,0,0.0111316666666667,0.789605,3.94055,5.60865333333333,3.98492,2.6986,2.086375,1.70762333333333,1.469715,0.883713333333333,0.371848333333333,0.228361666666667,0.174536666666667,0.144256666666667,0.14341,0.156025,0.153966666666667,0.120408333333333,0.120131666666667,0.104023333333333,0.0964033333333333,0.0883666666666667,0.0942183333333333,0.0846783333333333,0.07186,0.061095,0.0543183333333333,0.0473633333333333,0.0402416666666667,0.0432666666666667,0.0340866666666667,0.0255,0.0253616666666667,0.0202283333333333,0.015875,0.0134083333333333,0.00709333333333333,0.0061,0.0113916666666667,0.00527333333333333,0.00382166666666667,0.00293666666666667,0.00236833333333333,0.00191166666666667,0.00340666666666667,0.00253,0.001225,0.000501666666666667,0.002105,0.00139833333333333,0.001405,0.000688333333333333,0.000175,0.001105,0,0,0.000811666666666667,0.000423333333333333,0.0000383333333333333,0.000566666666666667,0.000565,0.00053,0.000435,0,0.000573333333333333,0.000773333333333333,0.000316666666666667,0.000341666666666667,0.000366666666666667,0.000391666666666667,0.000416666666666667,0.000125,0,1,0,0,0,0,0,0,1,1,1,1,1,1,1,1,1,1,1,1,1,1,1,1,1,1,1,1,1,1,1,1,1,1,1,1,1,1,1,1,1,1,1,1,1,1,1,1,1,1,1,1,1,1,1,1,1,1,1,1,1,1,1,1,1,1,1,1,1,1,1,1,1,1,1,1,1,1,1,1,0
2026-05-30 16:00:00,24.3051861833333,0,0,0,0,0,0,0.00716,0.730713333333333,3.77451666666667,5.17791333333333,3.54089333333333,2.51890833333333,1.92189666666667,1.52271666666667,1.36698333333333,0.88006,0.379671666666667,0.229473333333333,0.167235,0.139876666666667,0.139391666666667,0.137278333333333,0.148645,0.11708,0.116233333333333,0.0948416666666667,0.09753,0.0830883333333333,0.0701866666666667,0.092215,0.064635,0.06598,0.0599416666666667,0.0480233333333333,0.0393383333333333,0.0345416666666667,0.0292966666666667,0.0250633333333333,0.02305,0.02032,0.0143283333333333,0.01492,0.0119866666666667,0.00967833333333333,0.00732166666666667,0.00627833333333333,0.00491666666666667,0.00553,0.00221333333333333,0.00272166666666667,0.00260166666666667,0.00250666666666667,0.00113166666666667,0.001505,0.000863333333333333,0.000888333333333333,0.00126166666666667,0,0,0.000853333333333333,0.000426666666666667,0.001175,0.00133833333333333,0.000885,0.000845,0,0.000288333333333333,0.000928333333333333,0.00151,0.000193333333333333,0.000413333333333333,0.000476666666666667,0.00019,0.000205,0.00022,0.000235,0.00025,0.000075,0,1,0,0,0,0,0,0,1,1,1,1,1,1,1,1,1,1,1,1,1,1,1,1,1,1,1,1,1,1,1,1,1,1,1,1,1,1,1,1,1,1,1,1,1,1,1,1,1,1,1,1,1,1,1,1,1,1,1,1,1,1,1,1,1,1,1,1,1,1,1,1,1,1,1,1,1,1,1,1,0
2026-05-30 17:00:00,28.6991183666667,0,0,0,0,0,0,0.01474,0.933546666666667,4.70248166666667,6.24829833333333,4.261415,2.933655,2.26335333333333,1.89384166666667,1.57814666666667,1.03538833333333,0.497676666666667,0.272701666666667,0.202055,0.179588333333333,0.181876666666667,0.185403333333333,0.189905,0.147273333333333,0.123018333333333,0.09929,0.101351666666667,0.0922066666666667,0.0985183333333333,0.0845066666666667,0.073165,0.0714366666666667,0.0720933333333333,0.058235,0.04309,0.03658,0.0394666666666667,0.0331133333333333,0.0201983333333333,0.0230966666666667,0.01806,0.009915,0.00765166666666667,0.0112316666666667,0.007445,0.00758833333333333,0.00541833333333333,0.00516833333333333,0.00494166666666667,0.00180166666666667,0.000846666666666667,0.00125333333333333,0.00204166666666667,0.001435,0.000431666666666667,0.000916666666666667,0.000803333333333333,0.00166,0.00108666666666667,0.000251666666666667,0.000616666666666667,0.000883333333333333,0.00144,0.000885,0.000845,0,0,0,0.000416666666666667,0,0,0.000455,0.000126666666666667,0.000136666666666667,0.000146666666666667,0.000156666666666667,0.000166666666666667,0.00005,0,1,0,0,0,0,0,0,1,1,1,1,1,1,1,1,1,1,1,1,1,1,1,1,1,1,1,1,1,1,1,1,1,1,1,1,1,1,1,1,1,1,1,1,1,1,1,1,1,1,1,1,1,1,1,1,1,1,1,1,1,1,1,1,1,1,1,1,1,1,1,1,1,1,1,1,1,1,1,1,0
2026-05-30 18:00:00,31.8227664833333,0,0,0,0,0,0,0.0134066666666667,1.01923166666667,5.16364833333333,6.999325,4.865685,3.37989666666667,2.53343166666667,2.15778,1.57890666666667,0.907015,0.49987,0.273976666666667,0.198915,0.169246666666667,0.15867,0.195488333333333,0.17943,0.15228,0.13317,0.11811,0.105848333333333,0.108646666666667,0.0895216666666667,0.1048,0.083315,0.0822783333333333,0.0647583333333333,0.0619,0.0511016666666667,0.056075,0.04709,0.0358916666666667,0.0241266666666667,0.0209566666666667,0.015335,0.0177483333333333,0.0120733333333333,0.0116033333333333,0.00823833333333333,0.00616833333333333,0.00651666666666667,0.00498333333333333,0.00504,0.00374,0.00416666666666667,0.00041,0.00326666666666667,0.00400666666666667,0.00295,0.000613333333333333,0.00229333333333333,0.000631666666666667,0.00219666666666667,0.000855,0.00147,0.00151166666666667,0.00085,0,0.00077,0.000358333333333333,0.000138333333333333,0.000398333333333333,0.000851666666666667,0.00083,0,0.00013,0.00038,0.000406666666666667,0.000436666666666667,0.00047,0.000503333333333333,0.000146666666666667,0,1,0,0,0,0,0,0,1,1,1,1,1,1,1,1,1,1,1,1,1,1,1,1,1,1,1,1,1,1,1,1,1,1,1,1,1,1,1,1,1,1,1,1,1,1,1,1,1,1,1,1,1,1,1,1,1,1,1,1,1,1,1,1,1,1,1,1,1,1,1,1,1,1,1,1,1,1,1,1,0
2026-05-30 19:00:00,36.0278069166667,0,0,0,0,0,0,0.011225,1.14502166666667,5.67396833333333,7.70274333333333,5.37979166666667,3.71216666666667,2.91371333333333,2.45727833333333,1.86393166666667,1.16507,0.613318333333333,0.320306666666667,0.244711666666667,0.197321666666667,0.205361666666667,0.228721666666667,0.2016,0.162453333333333,0.144536666666667,0.122396666666667,0.116343333333333,0.11997,0.0902933333333333,0.108445,0.0736433333333333,0.0903133333333333,0.0710083333333333,0.0630183333333333,0.0560916666666667,0.0516483333333333,0.04602,0.0392933333333333,0.0349366666666667,0.0220133333333333,0.0170933333333333,0.0171283333333333,0.013845,0.00952833333333333,0.00419,0.008295,0.00801833333333333,0.00641666666666667,0.00732833333333333,0.00440166666666667,0.00369166666666667,0.000843333333333333,0.00161,0.00169,0.00228166666666667,0.00137,0.00143333333333333,0.00106,0.000055,0.00298833333333333,0.00104333333333333,0.000661666666666667,0.000386666666666667,0.000846666666666667,0.00123,0.000918333333333333,0,0,0.000833333333333333,0,0.000413333333333333,0.0000216666666666667,0.0000633333333333333,0.0000683333333333333,0.0000733333333333333,0.0000783333333333333,0.0000833333333333333,0.000025,0,1,0,0,0,0,0,0,1,1,1,1,1,1,1,1,1,1,1,1,1,1,1,1,1,1,1,1,1,1,1,1,1,1,1,1,1,1,1,1,1,1,1,1,1,1,1,1,1,1,1,1,1,1,1,1,1,1,1,1,1,1,1,1,1,1,1,1,1,1,1,1,1,1,1,1,1,1,1,1,0
2026-05-30 20:00:00,73.0602156140351,0,0,0,0,0,0,0.0240561403508772,1.92420877192982,9.91918070175439,14.1398719298246,10.4083736842105,7.78255614035088,6.39131228070175,5.63943684210526,4.97459298245614,3.57020350877193,2.26808596491228,1.12247368421053,0.630587719298246,0.464438596491228,0.406654385964912,0.431364912280702,0.391549122807018,0.298789473684211,0.234157894736842,0.170852631578947,0.166859649122807,0.13930701754386,0.102094736842105,0.128035087719298,0.0954701754385965,0.092780701754386,0.0919631578947368,0.0795877192982456,0.0608017543859649,0.0529771929824561,0.0466228070175439,0.0406543859649123,0.0323473684210526,0.0307017543859649,0.0190140350877193,0.0161087719298246,0.0133070175438596,0.0128421052631579,0.011159649122807,0.00949122807017544,0.00797543859649123,0.00602982456140351,0.00755438596491228,0.00282456140350877,0.00527894736842105,0.00489473684210526,0.00248070175438596,0.00347543859649123,0.00221578947368421,0.00331228070175439,0.00190175438596491,0.00111578947368421,0.00249649122807018,0.00116315789473684,0.000649122807017544,0.000249122807017544,0.000407017543859649,0.0000403508771929825,0,0.000443859649122807,0.000303508771929825,0.00013859649122807,0,0.000436842105263158,0.000603508771929825,0.000335087719298246,0.0002,0.000215789473684211,0.000231578947368421,0.000247368421052632,0.000263157894736842,0.0000789473684210526,0,1,0,0,0,0,0,0,1,1,1,1,1,1,1,1,1,1,1,1,1,1,1,1,1,1,1,1,1,1,1,1,1,1,1,1,1,1,1,1,1,1,1,1,1,1,1,1,1,1,1,1,1,1,1,1,1,1,1,1,1,1,1,1,1,1,1,1,1,1,1,1,1,1,1,1,1,1,1,1,0
2026-05-30 21:00:00,146.414565188679,0,0,0,0,0,0,0.0368528301886792,3.42548490566038,17.9319509433962,26.785979245283,21.3131264150943,16.5902867924528,14.1965603773585,12.3285867924528,10.6837377358491,7.99760566037736,4.86151509433962,2.43226981132075,1.37023962264151,0.912045283018868,0.730203773584906,0.673815094339623,0.578588679245283,0.469456603773585,0.362132075471698,0.271466037735849,0.229650943396226,0.199879245283019,0.165067924528302,0.166832075471698,0.143230188679245,0.137564150943396,0.118722641509434,0.10751320754717,0.0836415094339623,0.0766641509433962,0.0649603773584906,0.0424132075471698,0.0387792452830189,0.0376566037735849,0.0247811320754717,0.0166509433962264,0.0178471698113208,0.0150150943396226,0.011677358490566,0.0111245283018868,0.00802075471698113,0.00933396226415094,0.0121132075471698,0.00562452830188679,0.00395094339622641,0.00567547169811321,0.00552264150943396,0.00487358490566038,0.000428301886792453,0.00252452830188679,0.000941509433962264,0.000486792452830189,0.000969811320754717,0.00144905660377358,0.00193207547169811,0.00169433962264151,0.000711320754716981,0.00139433962264151,0.000435849056603774,0.000562264150943396,0,0.00135283018867925,0.0000622641509433962,0,0,0.0000981132075471698,0.000286792452830189,0.000309433962264151,0.000332075471698113,0.000354716981132075,0.000377358490566038,0.000113207547169811,0,1,0,0,0,0,0,0,1,1,1,1,1,1,1,1,1,1,1,1,1,1,1,1,1,1,1,1,1,1,1,1,1,1,1,1,1,1,1,1,1,1,1,1,1,1,1,1,1,1,1,1,1,1,1,1,1,1,1,1,1,1,1,1,1,1,1,1,1,1,1,1,1,1,1,1,1,1,1,1,0
2026-05-30 22:00:00,128.53023225,0,0,0,0,0,0,0.028455,3.07274833333333,16.591795,25.4551683333333,20.6685016666667,16.30984,14.1173766666667,12.8716333333333,6.710725,3.16846333333333,1.65953666666667,0.816866666666667,0.509685,0.443171666666667,0.436505,0.475686666666667,0.436791666666667,0.365221666666667,0.316085,0.281903333333333,0.264356666666667,0.263791666666667,0.209155,0.25881,0.198805,0.203785,0.164445,0.15602,0.161363333333333,0.131048333333333,0.126561666666667,0.0960016666666667,0.0804416666666667,0.0596233333333333,0.0402816666666667,0.0288916666666667,0.028545,0.02291,0.0142566666666667,0.0140633333333333,0.01096,0.0118183333333333,0.0112216666666667,0.0084,0.005365,0.00460333333333333,0.004855,0.00369666666666667,0.00508833333333333,0.002035,0.00157666666666667,0.00324166666666667,0.00156,0.00170833333333333,0.00128,0.00117333333333333,0.000913333333333333,0.00204,0.000536666666666667,0.000421666666666667,0.000708333333333333,0.000131666666666667,0.00189,0.000608333333333333,0,0.000455,0.000126666666666667,0.000136666666666667,0.000146666666666667,0.000156666666666667,0.000166666666666667,0.00005,0,1,0,0,0,0,0,0,1,1,1,1,1,1,1,1,1,1,1,1,1,1,1,1,1,1,1,1,1,1,1,1,1,1,1,1,1,1,1,1,1,1,1,1,1,1,1,1,1,1,1,1,1,1,1,1,1,1,1,1,1,1,1,1,1,1,1,1,1,1,1,1,1,1,1,1,1,1,1,1,0
2026-05-30 23:00:00,129.500516383333,0,0,0,0,0,0,0.0335016666666667,3.11151,17.16093,26.9318183333333,21.73579,16.9626483333333,14.295045,12.3871616666667,6.75219,2.83612,1.618715,0.802665,0.521046666666667,0.427828333333333,0.439148333333333,0.50265,0.451176666666667,0.382228333333333,0.321543333333333,0.277303333333333,0.260126666666667,0.287858333333333,0.247608333333333,0.294816666666667,0.226951666666667,0.213498333333333,0.187881666666667,0.185936666666667,0.147418333333333,0.132476666666667,0.108625,0.0947416666666667,0.0713866666666667,0.052445,0.0442183333333333,0.0363066666666667,0.0276316666666667,0.0215383333333333,0.015925,0.0150316666666667,0.012565,0.00991,0.0113333333333333,0.00667833333333333,0.007075,0.00296166666666667,0.00252166666666667,0.00289666666666667,0.00523166666666667,0.00235666666666667,0.00129,0.00123333333333333,0.00169,0.00306833333333333,0.00189666666666667,0.000236666666666667,0.00085,0.000808333333333333,0.000461666666666667,0,0.00084,0.000398333333333333,0.0000183333333333333,0,0,0.000433333333333333,0.0000633333333333333,0.0000683333333333333,0.0000733333333333333,0.0000783333333333333,0.0000833333333333333,0.000025,0,1,0,0,0,0,0,0,1,1,1,1,1,1,1,1,1,1,1,1,1,1,1,1,1,1,1,1,1,1,1,1,1,1,1,1,1,1,1,1,1,1,1,1,1,1,1,1,1,1,1,1,1,1,1,1,1,1,1,1,1,1,1,1,1,1,1,1,1,1,1,1,1,1,1,1,1,1,1,1,0
2026-05-31,104.368185,0,0,0,0,0,0,0.02483,2.33455833333333,13.417095,21.726465,17.8196316666667,14.0570983333333,11.7828116666667,10.088225,5.04532,1.74336333333333,0.969801666666667,0.536475,0.385965,0.355536666666667,0.359336666666667,0.45966,0.39614,0.340873333333333,0.317615,0.26636,0.247293333333333,0.270146666666667,0.234788333333333,0.246068333333333,0.209571666666667,0.228185,0.172646666666667,0.151538333333333,0.142366666666667,0.1225,0.0984366666666667,0.0816783333333333,0.0548566666666667,0.0374433333333333,0.0403716666666667,0.02226,0.0263516666666667,0.0202333333333333,0.017755,0.0129816666666667,0.0107,0.0113983333333333,0.005675,0.00631,0.00214833333333333,0.00417,0.002835,0.00235,0.00251833333333333,0.001445,0.00215,0.000858333333333333,0.00171333333333333,0.00128166666666667,0.000806666666666667,0.000898333333333333,0.000425,0.000423333333333333,0,0.000283333333333333,0.000845,0.000131666666666667,0.000416666666666667,0,0,0.0000866666666666667,0.000253333333333333,0.000271666666666667,0.000291666666666667,0.000313333333333333,0.000335,0.0000983333333333333,0,1,0,0,0,0,0,0,1,1,1,1,1,1,1,1,1,1,1,1,1,1,1,1,1,1,1,1,1,1,1,1,1,1,1,1,1,1,1,1,1,1,1,1,1,1,1,1,1,1,1,1,1,1,1,1,1,1,1,1,1,1,1,1,1,1,1,1,1,1,1,1,1,1,1,1,1,1,1,1,0
2026-05-31 01:00:00,95.20325785,0,0,0,0,0,0,0.02699,2.11763666666667,12.0383283333333,19.7316916666667,15.9057733333333,12.7288966666667,10.5258316666667,9.11408333333333,4.62688833333333,1.60455666666667,0.838356666666667,0.46496,0.348353333333333,0.323813333333333,0.337965,0.395605,0.393668333333333,0.320723333333333,0.27292,0.2348,0.256505,0.253046666666667,0.217746666666667,0.224768333333333,0.193706666666667,0.189283333333333,0.155145,0.142233333333333,0.125603333333333,0.109935,0.0975816666666667,0.0716416666666667,0.0662566666666667,0.048725,0.03907,0.0281516666666667,0.0207016666666667,0.0179283333333333,0.0159966666666667,0.01315,0.01013,0.00820666666666667,0.009225,0.006705,0.00388333333333333,0.00455666666666667,0.00333666666666667,0.00184833333333333,0.00127666666666667,0.00188,0.00166333333333333,0.00086,0.002745,0.000678333333333333,0.00128,0,0,0,0,0.000283333333333333,0.000558333333333333,0,0,0,0,0.0000433333333333333,0.000126666666666667,0.000136666666666667,0.000146666666666667,0.000156666666666667,0.000166666666666667,0.00005,0,1,0,0,0,0,0,0,1,1,1,1,1,1,1,1,1,1,1,1,1,1,1,1,1,1,1,1,1,1,1,1,1,1,1,1,1,1,1,1,1,1,1,1,1,1,1,1,1,1,1,1,1,1,1,1,1,1,1,1,1,1,1,1,1,1,1,1,1,1,1,1,1,1,1,1,1,1,1,1,0
2026-05-31 02:00:00,94.3263494333333,0,0,0,0,0,0,0.0226266666666667,2.21336333333333,11.9969383333333,19.736675,15.8744,12.3374616666667,10.245065,8.74713,5.30878333333333,1.89578666666667,0.814851666666667,0.467315,0.354221666666667,0.309381666666667,0.322646666666667,0.378073333333333,0.409351666666667,0.33417,0.28213,0.24481,0.232628333333333,0.232696666666667,0.229156666666667,0.237045,0.173421666666667,0.179166666666667,0.148881666666667,0.134273333333333,0.134078333333333,0.107033333333333,0.08574,0.0646383333333333,0.0553266666666667,0.0465866666666667,0.034805,0.0221983333333333,0.0202283333333333,0.0171816666666667,0.0144783333333333,0.009975,0.00917333333333333,0.00907833333333333,0.00578333333333333,0.00546166666666667,0.00375666666666667,0.00378333333333333,0.00588,0.00141666666666667,0.001655,0.00196,0.001205,0.000858333333333333,0,0.000426666666666667,0.000426666666666667,0.00117333333333333,0.000913333333333333,0.000423333333333333,0.0000383333333333333,0,0.000708333333333333,0.000131666666666667,0,0,0,0,0,0,0,0,0,0,0,1,0,0,0,0,0,0,1,1,1,1,1,1,1,1,1,1,1,1,1,1,1,1,1,1,1,1,1,1,1,1,1,1,1,1,1,1,1,1,1,1,1,1,1,1,1,1,1,1,1,1,1,1,1,1,1,1,1,1,1,1,1,1,1,1,1,1,1,1,1,1,1,1,1,1,1,1,1,1,0
2026-05-31 03:00:00,51.8012435,0,0,0,0,0,0,0.0172083333333333,1.34518333333333,7.52354833333333,11.672745,8.91594666666667,6.259715,4.82940666666667,3.958965,2.093355,0.828486666666667,0.476291666666667,0.338996666666667,0.254808333333333,0.2404,0.247815,0.291473333333333,0.292438333333333,0.258485,0.22001,0.18512,0.184795,0.196815,0.173248333333333,0.163733333333333,0.147815,0.146328333333333,0.121718333333333,0.107456666666667,0.09318,0.0779,0.0716833333333333,0.0613,0.053735,0.0323683333333333,0.0316266666666667,0.0266,0.0159216666666667,0.0118583333333333,0.012305,0.0109866666666667,0.00845166666666667,0.008665,0.00504,0.00620333333333333,0.00297166666666667,0.00125333333333333,0.00124833333333333,0.00377833333333333,0.000608333333333333,0.00172,0.00086,0.00209166666666667,0.000405,0.000931666666666667,0,0.000748333333333333,0.000488333333333333,0.000461666666666667,0,0.000421666666666667,0,0,0.000416666666666667,0,0,0.0000216666666666667,0.0000633333333333333,0.0000683333333333333,0.0000733333333333333,0.0000783333333333333,0.0000833333333333333,0.000025,0,1,0,0,0,0,0,0,1,1,1,1,1,1,1,1,1,1,1,1,1,1,1,1,1,1,1,1,1,1,1,1,1,1,1,1,1,1,1,1,1,1,1,1,1,1,1,1,1,1,1,1,1,1,1,1,1,1,1,1,1,1,1,1,1,1,1,1,1,1,1,1,1,1,1,1,1,1,1,1,0
2026-05-31 04:00:00,50.4743381333333,0,0,0,0,0,0,0.0132616666666667,1.210045,6.87381,11.11722,8.54760833333333,6.18542333333333,4.68114333333333,3.57709166666667,2.27036,1.1616,0.610418333333333,0.396073333333333,0.312768333333333,0.283813333333333,0.303291666666667,0.294188333333333,0.303713333333333,0.267133333333333,0.22102,0.194766666666667,0.183748333333333,0.17348,0.152011666666667,0.158451666666667,0.14147,0.124571666666667,0.111456666666667,0.0944816666666667,0.08587,0.0808283333333333,0.0629283333333333,0.0577316666666667,0.0378616666666667,0.029455,0.0229966666666667,0.0242933333333333,0.0140033333333333,0.010085,0.0107433333333333,0.0102766666666667,0.00584666666666667,0.00742833333333333,0.00402166666666667,0.00415833333333333,0.002085,0.00380666666666667,0.00091,0.00163833333333333,0.00127666666666667,0.000533333333333333,0.000773333333333333,0.00137333333333333,0.000428333333333333,0,0.00019,0.00108666666666667,0,0.000385,0.0000383333333333333,0,0,0,0,0,0,0.0000216666666666667,0.0000633333333333333,0.0000683333333333333,0.0000733333333333333,0.0000783333333333333,0.0000833333333333333,0.000025,0,1,0,0,0,0,0,0,1,1,1,1,1,1,1,1,1,1,1,1,1,1,1,1,1,1,1,1,1,1,1,1,1,1,1,1,1,1,1,1,1,1,1,1,1,1,1,1,1,1,1,1,1,1,1,1,1,1,1,1,1,1,1,1,1,1,1,1,1,1,1,1,1,1,1,1,1,1,1,1,0
2026-05-31 05:00:00,37.7672712333333,0,0,0,0,0,0,0.0115583333333333,1.10337166666667,5.61380833333333,8.25693166666667,6.11861,4.41747666666667,3.28580333333333,2.58249166666667,2.07158833333333,1.03193333333333,0.400256666666667,0.254326666666667,0.182045,0.178155,0.175061666666667,0.20142,0.2141,0.185416666666667,0.147121666666667,0.144835,0.12694,0.12655,0.107731666666667,0.0978033333333333,0.09941,0.08774,0.0798533333333333,0.0673166666666667,0.0649033333333333,0.057525,0.042485,0.037975,0.0295266666666667,0.01819,0.0164133333333333,0.00776833333333333,0.00778333333333333,0.007095,0.00424666666666667,0.0057,0.00491666666666667,0.00362333333333333,0.00425666666666667,0.00198,0.003365,0.00164,0.00117833333333333,0.001435,0.00081,0.000481666666666667,0.00043,0.000746666666666667,0.00011,0,0,0.000748333333333333,0.000488333333333333,0.0000383333333333333,0,0,0,0,0.000416666666666667,0.000415,0,0.0000433333333333333,0.000126666666666667,0.000136666666666667,0.000146666666666667,0.000156666666666667,0.000166666666666667,0.00005,0,1,0,0,0,0,0,0,1,1,1,1,1,1,1,1,1,1,1,1,1,1,1,1,1,1,1,1,1,1,1,1,1,1,1,1,1,1,1,1,1,1,1,1,1,1,1,1,1,1,1,1,1,1,1,1,1,1,1,1,1,1,1,1,1,1,1,1,1,1,1,1,1,1,1,1,1,1,1,1,0
2026-05-31 06:00:00,41.6921611833333,0,0,0,0,0,0,0.017835,1.25554333333333,6.29795166666667,9.02538333333333,6.89604166666667,4.96762833333333,3.89204,3.143995,2.060055,0.89623,0.42404,0.246751666666667,0.169776666666667,0.186076666666667,0.189443333333333,0.227081666666667,0.218581666666667,0.181225,0.140068333333333,0.124013333333333,0.12231,0.12639,0.108238333333333,0.109743333333333,0.0945666666666667,0.0901916666666667,0.0806633333333333,0.068855,0.05788,0.05216,0.0428516666666667,0.0352666666666667,0.0259966666666667,0.0222066666666667,0.0190466666666667,0.01473,0.00817166666666667,0.00874166666666667,0.00548833333333333,0.005195,0.004695,0.00322666666666667,0.00356,0.00249333333333333,0.00249833333333333,0.00207333333333333,0.00124833333333333,0.00127666666666667,0.000951666666666667,0.00301166666666667,0,0.000373333333333333,0.000911666666666667,0.000853333333333333,0,0.00085,0,0.000423333333333333,0,0,0.00084,0.000816666666666667,0.000851666666666667,0.000415,0,0.000065,0.00019,0.000205,0.00022,0.000235,0.00025,0.000075,0,1,0,0,0,0,0,0,1,1,1,1,1,1,1,1,1,1,1,1,1,1,1,1,1,1,1,1,1,1,1,1,1,1,1,1,1,1,1,1,1,1,1,1,1,1,1,1,1,1,1,1,1,1,1,1,1,1,1,1,1,1,1,1,1,1,1,1,1,1,1,1,1,1,1,1,1,1,1,1,0
2026-05-31 07:00:00,33.2369098666667,0,0,0,0,0,0,0.0115183333333333,0.954753333333333,4.60725,6.70762166666667,5.35587,4.10012833333333,3.58851833333333,3.469275,1.56768666666667,0.521751666666667,0.29223,0.17213,0.127131666666667,0.115961666666667,0.135086666666667,0.158951666666667,0.130156666666667,0.11769,0.094435,0.07004,0.0702583333333333,0.077295,0.0628033333333333,0.0629333333333333,0.056185,0.0578633333333333,0.0482416666666667,0.0359,0.03583,0.0289516666666667,0.0261216666666667,0.0140216666666667,0.0143783333333333,0.0136266666666667,0.011065,0.0108183333333333,0.00659833333333333,0.00448666666666667,0.00379333333333333,0.00472166666666667,0.00476833333333333,0.00438666666666667,0.00239333333333333,0.00357666666666667,0.00208333333333333,0.00166333333333333,0.00222833333333333,0.000343333333333333,0.0000883333333333333,0.00043,0,0.00171666666666667,0.000603333333333333,0.000678333333333333,0.000426666666666667,0.00159833333333333,0.000951666666666667,0.000846666666666667,0.000845,0,0,0,0.000416666666666667,0.000415,0.000413333333333333,0.00112666666666667,0.000886666666666667,0.000951666666666667,0.00102166666666667,0.00109666666666667,0.00117166666666667,0.000345,0,1,0,0,0,0,0,0,1,1,1,1,1,1,1,1,1,1,1,1,1,1,1,1,1,1,1,1,1,1,1,1,1,1,1,1,1,1,1,1,1,1,1,1,1,1,1,1,1,1,1,1,1,1,1,1,1,1,1,1,1,1,1,1,1,1,1,1,1,1,1,1,1,1,1,1,1,1,1,1,0
2026-05-31 08:00:00,48.3174023,0,0,0,0,0,0,0.0147033333333333,1.28758666666667,6.61026166666667,9.68546833333333,7.402205,5.89477333333333,5.32621,5.55335333333333,2.44156666666667,0.664231666666667,0.375263333333333,0.243091666666667,0.203641666666667,0.199876666666667,0.211553333333333,0.240095,0.23368,0.207855,0.163866666666667,0.155715,0.132851666666667,0.130008333333333,0.1253,0.128885,0.0971766666666667,0.099825,0.0889016666666667,0.0785183333333333,0.0648383333333333,0.058425,0.0496933333333333,0.0441416666666667,0.0305933333333333,0.0196133333333333,0.0189466666666667,0.0177066666666667,0.01184,0.0101816666666667,0.01019,0.00634666666666667,0.00766333333333333,0.00556333333333333,0.00368666666666667,0.00410166666666667,0.00346833333333333,0.00168666666666667,0.00158666666666667,0.00177833333333333,0.001815,0.000945,0.001635,0.000803333333333333,0.000055,0,0,0.00085,0.00085,0,0.000421666666666667,0.00112666666666667,0.000846666666666667,0.00055,0,0,0.000413333333333333,0.000151666666666667,0.000443333333333333,0.000476666666666667,0.000511666666666667,0.000548333333333333,0.000585,0.000173333333333333,0,1,0,0,0,0,0,0,1,1,1,1,1,1,1,1,1,1,1,1,1,1,1,1,1,1,1,1,1,1,1,1,1,1,1,1,1,1,1,1,1,1,1,1,1,1,1,1,1,1,1,1,1,1,1,1,1,1,1,1,1,1,1,1,1,1,1,1,1,1,1,1,1,1,1,1,1,1,1,1,0
2026-05-31 09:00:00,57.0146898666667,0,0,0,0,0,0,0.0146616666666667,1.35700833333333,7.68617166666667,11.8536816666667,8.81516,6.96341333333333,6.22719166666667,6.375685,2.44057666666667,0.719171666666667,0.392885,0.266105,0.235488333333333,0.245408333333333,0.258876666666667,0.321108333333333,0.271636666666667,0.231298333333333,0.211863333333333,0.186631666666667,0.190046666666667,0.183121666666667,0.14639,0.146393333333333,0.124941666666667,0.135748333333333,0.115016666666667,0.1032,0.079495,0.07396,0.0604583333333333,0.0519283333333333,0.041115,0.02641,0.02932,0.02046,0.015045,0.0100816666666667,0.0101116666666667,0.0101583333333333,0.00714,0.00424166666666667,0.00670333333333333,0.00277833333333333,0.003385,0.00168666666666667,0.003745,0.00212166666666667,0.00185,0.00094,0.00143333333333333,0.000258333333333333,0.000778333333333333,0.00136,0.000426666666666667,0.000748333333333333,0.000526666666666667,0.000808333333333333,0.0000383333333333333,0.000705,0.000978333333333333,0,0,0.00083,0,0.000541666666666667,0.00038,0.00041,0.00044,0.00047,0.0005,0.00015,0,1,0,0,0,0,0,0,1,1,1,1,1,1,1,1,1,1,1,1,1,1,1,1,1,1,1,1,1,1,1,1,1,1,1,1,1,1,1,1,1,1,1,1,1,1,1,1,1,1,1,1,1,1,1,1,1,1,1,1,1,1,1,1,1,1,1,1,1,1,1,1,1,1,1,1,1,1,1,1,0
2026-05-31 10:00:00,56.7332992333333,0,0,0,0,0,0,0.0129183333333333,1.30258666666667,7.523885,11.7944483333333,9.249795,7.28810833333333,6.36341666666667,6.08129,2.14032166666667,0.715671666666667,0.403805,0.243708333333333,0.216018333333333,0.243893333333333,0.273593333333333,0.33098,0.27842,0.257895,0.207091666666667,0.187243333333333,0.210968333333333,0.213211666666667,0.16675,0.19047,0.142986666666667,0.138191666666667,0.126161666666667,0.10339,0.0975816666666667,0.0841033333333333,0.0642516666666667,0.059125,0.04044,0.03057,0.0176466666666667,0.0210066666666667,0.0146316666666667,0.013195,0.00679333333333333,0.00947666666666667,0.00664166666666667,0.00879333333333333,0.00534666666666667,0.00156166666666667,0.003735,0.00168666666666667,0.001225,0.000933333333333333,0.000431666666666667,0.00134666666666667,0.000803333333333333,0,0.000856666666666667,0.000426666666666667,0,0,0.001275,0.000423333333333333,0.000346666666666667,0.00134,0.00042,0,0.00064,0.000366666666666667,0.00024,0.000065,0.00019,0.000205,0.00022,0.000235,0.00025,0.000075,0,1,0,0,0,0,0,0,1,1,1,1,1,1,1,1,1,1,1,1,1,1,1,1,1,1,1,1,1,1,1,1,1,1,1,1,1,1,1,1,1,1,1,1,1,1,1,1,1,1,1,1,1,1,1,1,1,1,1,1,1,1,1,1,1,1,1,1,1,1,1,1,1,1,1,1,1,1,1,1,0
2026-05-31 11:00:00,42.9066366333333,0,0,0,0,0,0,0.00913166666666667,1.045705,5.98981166666667,9.333595,7.25345666666667,5.482915,4.45918833333333,3.722265,1.21985166666667,0.48932,0.318096666666667,0.226101666666667,0.21063,0.217071666666667,0.232706666666667,0.281238333333333,0.237731666666667,0.231528333333333,0.201178333333333,0.182133333333333,0.183446666666667,0.17889,0.159576666666667,0.164071666666667,0.130995,0.126076666666667,0.110743333333333,0.08939,0.0991483333333333,0.07525,0.0706683333333333,0.060945,0.0426533333333333,0.02996,0.0234333333333333,0.02317,0.0185533333333333,0.0161866666666667,0.00743166666666667,0.0109,0.00859333333333333,0.00551,0.00466333333333333,0.002915,0.00369166666666667,0.00212,0.00263833333333333,0.00241333333333333,0.00141666666666667,0.000968333333333333,0.00123333333333333,0,0.002745,0.00238833333333333,0.000426666666666667,0.000748333333333333,0.000101666666666667,0,0.00077,0.000075,0.00042,0.00163333333333333,0.00128666666666667,0,0,0.0000866666666666667,0.000253333333333333,0.000273333333333333,0.000293333333333333,0.000313333333333333,0.000333333333333333,0.0001,0,1,0,0,0,0,0,0,1,1,1,1,1,1,1,1,1,1,1,1,1,1,1,1,1,1,1,1,1,1,1,1,1,1,1,1,1,1,1,1,1,1,1,1,1,1,1,1,1,1,1,1,1,1,1,1,1,1,1,1,1,1,1,1,1,1,1,1,1,1,1,1,1,1,1,1,1,1,1,1,0
2026-05-31 12:00:00,39.3240560833333,0,0,0,0,0,0,0.00955833333333333,1.064615,5.611175,8.612555,6.65553,4.981845,3.80488,2.97116166666667,1.14740166666667,0.516598333333333,0.36152,0.259925,0.24296,0.248953333333333,0.259225,0.27054,0.242291666666667,0.218678333333333,0.210953333333333,0.185115,0.170441666666667,0.17429,0.143165,0.153143333333333,0.139371666666667,0.142116666666667,0.123191666666667,0.104711666666667,0.09364,0.0793616666666667,0.06169,0.0575316666666667,0.04899,0.0365983333333333,0.0343316666666667,0.0220833333333333,0.0154083333333333,0.0140983333333333,0.01151,0.01037,0.007805,0.00455,0.005855,0.00340166666666667,0.00416833333333333,0.00207333333333333,0.00120166666666667,0.00100333333333333,0.00205,0.00142166666666667,0.000831666666666667,0.00166166666666667,0.000658333333333333,0.00110833333333333,0.000426666666666667,0.000425,0,0.000423333333333333,0,0.000421666666666667,0,0.000836666666666667,0,0.001245,0,0.000065,0.00019,0.000205,0.00022,0.000235,0.00025,0.000075,0,1,0,0,0,0,0,0,1,1,1,1,1,1,1,1,1,1,1,1,1,1,1,1,1,1,1,1,1,1,1,1,1,1,1,1,1,1,1,1,1,1,1,1,1,1,1,1,1,1,1,1,1,1,1,1,1,1,1,1,1,1,1,1,1,1,1,1,1,1,1,1,1,1,1,1,1,1,1,1,0
2026-05-31 13:00:00,38.77111235,0,0,0,0,0,0,0.0101433333333333,1.019735,5.412505,8.46748666666667,6.58051166666667,4.90059166666667,3.78175333333333,2.87902666666667,0.962113333333333,0.49578,0.32919,0.235716666666667,0.254391666666667,0.236495,0.263125,0.292915,0.268603333333333,0.232651666666667,0.205076666666667,0.18516,0.180575,0.156488333333333,0.155315,0.149301666666667,0.132175,0.133835,0.1261,0.101833333333333,0.0936833333333333,0.0904816666666667,0.0725633333333333,0.058965,0.0498916666666667,0.0267916666666667,0.028795,0.0254716666666667,0.018885,0.0144416666666667,0.0146866666666667,0.00853666666666667,0.00715333333333333,0.00364333333333333,0.00473333333333333,0.00305166666666667,0.00454,0.00376,0.00216,0.001365,0.000863333333333333,0.00131833333333333,0.000401666666666667,0.000801666666666667,0.000405,0.00135666666666667,0,0,0,0,0.000421666666666667,0.000421666666666667,0.00042,0.000796666666666667,0.00128666666666667,0.000415,0,0.000065,0.00019,0.000205,0.00022,0.000235,0.00025,0.000075,0,1,0,0,0,0,0,0,1,1,1,1,1,1,1,1,1,1,1,1,1,1,1,1,1,1,1,1,1,1,1,1,1,1,1,1,1,1,1,1,1,1,1,1,1,1,1,1,1,1,1,1,1,1,1,1,1,1,1,1,1,1,1,1,1,1,1,1,1,1,1,1,1,1,1,1,1,1,1,1,0
2026-05-31 14:00:00,40.01395025,0,0,0,0,0,0,0.00947833333333333,1.03512833333333,5.58921666666667,8.694365,7.03515166666667,5.121735,3.80844666666667,2.79226333333333,1.00815333333333,0.53597,0.365435,0.2574,0.233006666666667,0.245493333333333,0.27518,0.322545,0.269338333333333,0.264158333333333,0.225888333333333,0.213436666666667,0.211845,0.199423333333333,0.17763,0.190691666666667,0.158095,0.15137,0.132986666666667,0.113175,0.104401666666667,0.0775716666666667,0.0642683333333333,0.0599066666666667,0.0491033333333333,0.0404066666666667,0.03206,0.01925,0.0209583333333333,0.01167,0.0104683333333333,0.00626666666666667,0.00679166666666667,0.00554666666666667,0.00486,0.00496833333333333,0.00481166666666667,0.00544666666666667,0.00254166666666667,0.00316166666666667,0.001295,0.00217833333333333,0.000401666666666667,0.00128666666666667,0.000428333333333333,0,0.000426666666666667,0.000323333333333333,0.000526666666666667,0.00119333333333333,0.0005,0.000843333333333333,0,0,0,0.000346666666666667,0.00048,0,0,0,0,0,0,0,0,1,0,0,0,0,0,0,1,1,1,1,1,1,1,1,1,1,1,1,1,1,1,1,1,1,1,1,1,1,1,1,1,1,1,1,1,1,1,1,1,1,1,1,1,1,1,1,1,1,1,1,1,1,1,1,1,1,1,1,1,1,1,1,1,1,1,1,1,1,1,1,1,1,1,1,1,1,1,1,0
2026-05-31 15:00:00,47.7103495166667,0,0,0,0,0,0,0.0151383333333333,1.35632333333333,7.24971,10.7387983333333,7.98315833333333,5.599945,3.92578666666667,2.81680833333333,1.17092,0.657793333333333,0.453951666666667,0.352201666666667,0.303588333333333,0.3163,0.33812,0.395673333333333,0.353786666666667,0.317245,0.267233333333333,0.254783333333333,0.235815,0.234196666666667,0.20988,0.209598333333333,0.215033333333333,0.181581666666667,0.153568333333333,0.136183333333333,0.121865,0.121893333333333,0.09296,0.0861566666666667,0.0644066666666667,0.0484166666666667,0.0286716666666667,0.0293783333333333,0.02689,0.0127883333333333,0.0163166666666667,0.0102316666666667,0.00846666666666667,0.01011,0.00837833333333333,0.00767833333333333,0.00249666666666667,0.00212,0.000816666666666667,0.00377833333333333,0.00141833333333333,0.00134166666666667,0.00043,0.000858333333333333,0.00292,0.000503333333333333,0.000616666666666667,0.000236666666666667,0.000425,0,0.000768333333333333,0.00106333333333333,0.000276666666666667,0,0.000223333333333333,0.000193333333333333,0.000573333333333333,0.00073,0.00019,0.000205,0.00022,0.000235,0.00025,0.000075,0,1,0,0,0,0,0,0,1,1,1,1,1,1,1,1,1,1,1,1,1,1,1,1,1,1,1,1,1,1,1,1,1,1,1,1,1,1,1,1,1,1,1,1,1,1,1,1,1,1,1,1,1,1,1,1,1,1,1,1,1,1,1,1,1,1,1,1,1,1,1,1,1,1,1,1,1,1,1,1,0
2026-05-31 16:00:00,40.8816241666667,0,0,0,0,0,0,0.0202816666666667,1.35030333333333,6.65674333333333,9.526155,6.53726833333333,4.39999666666667,3.12482333333333,2.40982,1.148035,0.665035,0.454156666666667,0.359271666666667,0.320375,0.304615,0.30586,0.34022,0.304085,0.28763,0.269558333333333,0.227103333333333,0.224205,0.207796666666667,0.185673333333333,0.186866666666667,0.150385,0.173,0.138375,0.125711666666667,0.106485,0.10512,0.08166,0.07606,0.0637933333333333,0.0502816666666667,0.0388533333333333,0.0296583333333333,0.0230583333333333,0.0129516666666667,0.0147833333333333,0.01101,0.00859,0.00743166666666667,0.00488833333333333,0.00393333333333333,0.00842,0.00289333333333333,0.00285833333333333,0.00228,0.00052,0.00043,0.00086,0.00123,0.00108666666666667,0.000678333333333333,0.000426666666666667,0.00085,0.000811666666666667,0.000885,0,0.000421666666666667,0.00042,0.000398333333333333,0.000435,0,0,0.0000433333333333333,0.000126666666666667,0.000136666666666667,0.000146666666666667,0.000156666666666667,0.000166666666666667,0.00005,0,1,0,0,0,0,0,0,1,1,1,1,1,1,1,1,1,1,1,1,1,1,1,1,1,1,1,1,1,1,1,1,1,1,1,1,1,1,1,1,1,1,1,1,1,1,1,1,1,1,1,1,1,1,1,1,1,1,1,1,1,1,1,1,1,1,1,1,1,1,1,1,1,1,1,1,1,1,1,1,0
2026-05-31 17:00:00,41.4345190363636,0,0,0,0,0,0,0.0155309090909091,1.38516909090909,6.78495636363636,9.46746909090909,6.5681,4.27220545454545,3.17487636363636,2.36388,1.09566363636364,0.666254545454545,0.441807272727273,0.339056363636364,0.287581818181818,0.318967272727273,0.309852727272727,0.38876,0.350803636363636,0.324541818181818,0.270054545454545,0.249518181818182,0.280278181818182,0.257505454545455,0.229347272727273,0.23882,0.187063636363636,0.178767272727273,0.167425454545455,0.151261818181818,0.125250909090909,0.121390909090909,0.100776363636364,0.0811254545454545,0.0550563636363636,0.0458654545454545,0.0403781818181818,0.0287618181818182,0.0243472727272727,0.0181309090909091,0.0173290909090909,0.00823636363636364,0.00504545454545455,0.00926909090909091,0.00441272727272727,0.00634,0.00416545454545455,0.00368,0.00272363636363636,0.00146909090909091,0.00239272727272727,0.000556363636363636,0.00137636363636364,0.00134545454545455,0.00146181818181818,0.000465454545454545,0.000465454545454545,0.00116909090909091,0.000221818181818182,0,0.000921818181818182,0,0.000458181818181818,0,0,0.000452727272727273,0.000901818181818182,0.000590909090909091,0.000414545454545455,0.000447272727272727,0.00048,0.000512727272727273,0.000545454545454545,0.000163636363636364,0,1,0,0,0,0,0,0,1,1,1,1,1,1,1,1,1,1,1,1,1,1,1,1,1,1,1,1,1,1,1,1,1,1,1,1,1,1,1,1,1,1,1,1,1,1,1,1,1,1,1,1,1,1,1,1,1,1,1,1,1,1,1,1,1,1,1,1,1,1,1,1,1,1,1,1,1,1,1,1,0
2026-05-31 18:00:00,34.8348076481481,0,0,0,0,0,0,0.013937037037037,1.18352592592593,5.69750555555556,7.71156666666667,5.52979074074074,3.66915925925926,2.68073333333333,2.26161481481481,1.07396481481481,0.584285185185185,0.397094444444444,0.277390740740741,0.256914814814815,0.245177777777778,0.273912962962963,0.314861111111111,0.281361111111111,0.237524074074074,0.223194444444444,0.192842592592593,0.202194444444444,0.211451851851852,0.185877777777778,0.194472222222222,0.168175925925926,0.172194444444444,0.148283333333333,0.120768518518519,0.120811111111111,0.0944148148148148,0.0797148148148148,0.0629907407407407,0.0574833333333333,0.0429759259259259,0.0294111111111111,0.0254814814814815,0.0218944444444444,0.0126962962962963,0.0114518518518519,0.0101222222222222,0.00730925925925926,0.00618333333333333,0.00746481481481481,0.00311296296296296,0.00151851851851852,0.00655925925925926,0.00197037037037037,0.00143888888888889,0.0009,0.000535185185185185,0.000190740740740741,0.000764814814814815,0.00142777777777778,0.000475925925925926,0,0,0.000901851851851852,0.00047037037037037,0.000981481481481481,0,0.000933333333333333,0,0.000462962962962963,0.000192592592592593,0.000266666666666667,0.0000240740740740741,0.0000703703703703704,0.0000759259259259259,0.0000814814814814815,0.000087037037037037,0.0000925925925925926,0.0000277777777777778,0,1,0,0,0,0,0,0,1,1,1,1,1,1,1,1,1,1,1,1,1,1,1,1,1,1,1,1,1,1,1,1,1,1,1,1,1,1,1,1,1,1,1,1,1,1,1,1,1,1,1,1,1,1,1,1,1,1,1,1,1,1,1,1,1,1,1,1,1,1,1,1,1,1,1,1,1,1,1,1,0
2026-05-31 19:00:00,37.0710329333333,0,0,0,0,0,0,0.0126333333333333,1.08888,5.74478833333333,7.92447666666667,5.71917,3.95368166666667,3.14133,2.66520666666667,1.47054666666667,0.877296666666667,0.553063333333333,0.340368333333333,0.263725,0.251811666666667,0.28196,0.361316666666667,0.307893333333333,0.294283333333333,0.22834,0.202115,0.203363333333333,0.183976666666667,0.172395,0.184106666666667,0.14657,0.143346666666667,0.1294,0.100236666666667,0.0948166666666667,0.0837866666666667,0.0689133333333333,0.05368,0.0413366666666667,0.0286566666666667,0.0293033333333333,0.0168616666666667,0.0179066666666667,0.0112633333333333,0.01109,0.007635,0.00723666666666667,0.00687,0.00666833333333333,0.00549666666666667,0.00381666666666667,0.00209666666666667,0.00179666666666667,0.00250166666666667,0.00295,0.00193,0.001665,0.000373333333333333,0.000913333333333333,0.000428333333333333,0.00147,0.000661666666666667,0.00085,0.000385,0.000885,0.000421666666666667,0,0.000418333333333333,0.000416666666666667,0,0,0.000433333333333333,0.0000633333333333333,0.0000683333333333333,0.0000733333333333333,0.0000783333333333333,0.0000833333333333333,0.000025,0,1,0,0,0,0,0,0,1,1,1,1,1,1,1,1,1,1,1,1,1,1,1,1,1,1,1,1,1,1,1,1,1,1,1,1,1,1,1,1,1,1,1,1,1,1,1,1,1,1,1,1,1,1,1,1,1,1,1,1,1,1,1,1,1,1,1,1,1,1,1,1,1,1,1,1,1,1,1,1,0
2026-05-31 20:00:00,37.31018115,0,0,0,0,0,0,0.00914166666666667,1.06216333333333,5.65827,7.71590166666667,5.558185,3.82452666666667,3.02708666666667,2.61534,1.72017333333333,1.09391666666667,0.713078333333333,0.418196666666667,0.323736666666667,0.29302,0.31758,0.393778333333333,0.338446666666667,0.289745,0.246746666666667,0.203336666666667,0.20025,0.189885,0.165708333333333,0.167843333333333,0.133575,0.145661666666667,0.120408333333333,0.100568333333333,0.0912083333333333,0.0752183333333333,0.0596033333333333,0.0435533333333333,0.0409566666666667,0.0291733333333333,0.0293266666666667,0.019745,0.0163683333333333,0.0100283333333333,0.0089,0.010005,0.00454166666666667,0.00903833333333333,0.00417333333333333,0.00559833333333333,0.00633833333333333,0.0054,0.00254333333333333,0.00221,0.001815,0.00174833333333333,0.00100333333333333,0.000258333333333333,0.000778333333333333,0.000503333333333333,0.00189666666666667,0.00056,0.000101666666666667,0.000385,0.0000383333333333333,0.000421666666666667,0.000288333333333333,0.000131666666666667,0,0,0.000413333333333333,0.000455,0.000126666666666667,0.000136666666666667,0.000146666666666667,0.000156666666666667,0.000166666666666667,0.00005,0,1,0,0,0,0,0,0,1,1,1,1,1,1,1,1,1,1,1,1,1,1,1,1,1,1,1,1,1,1,1,1,1,1,1,1,1,1,1,1,1,1,1,1,1,1,1,1,1,1,1,1,1,1,1,1,1,1,1,1,1,1,1,1,1,1,1,1,1,1,1,1,1,1,1,1,1,1,1,1,0
2026-05-31 21:00:00,54.6688440333333,0,0,0,0,0,0,0.017065,1.53093,7.53069666666667,10.894375,8.16614166666667,5.88087166666667,4.77219666666667,4.23249,3.12476,2.17197666666667,1.30241,0.680893333333333,0.474475,0.394421666666667,0.371025,0.39329,0.391506666666667,0.31066,0.256958333333333,0.216131666666667,0.198055,0.176735,0.159846666666667,0.162625,0.123783333333333,0.132721666666667,0.11027,0.08516,0.0865916666666667,0.0645666666666667,0.063415,0.0453783333333333,0.0368983333333333,0.023855,0.0192733333333333,0.0196933333333333,0.0135616666666667,0.0121733333333333,0.0107583333333333,0.0108216666666667,0.00483,0.00594666666666667,0.00565,0.0055,0.002955,0.00414833333333333,0.00247333333333333,0.00296666666666667,0.00193666666666667,0.00177166666666667,0.000601666666666667,0.00111666666666667,0.001285,0.000853333333333333,0.00147,0.00056,0.0013,0.000461666666666667,0.000881666666666667,0,0.00112833333333333,0.00055,0,0.000173333333333333,0.00024,0,0,0,0,0,0,0,0,1,0,0,0,0,0,0,1,1,1,1,1,1,1,1,1,1,1,1,1,1,1,1,1,1,1,1,1,1,1,1,1,1,1,1,1,1,1,1,1,1,1,1,1,1,1,1,1,1,1,1,1,1,1,1,1,1,1,1,1,1,1,1,1,1,1,1,1,1,1,1,1,1,1,1,1,1,1,1,0
2026-05-31 22:00:00,51.6208583,0,0,0,0,0,0,0.0169933333333333,1.38867166666667,7.25507166666667,10.64317,7.79630166666667,5.68323833333333,4.44836333333333,3.81460166666667,2.840855,1.98447,1.223925,0.666558333333333,0.443596666666667,0.373348333333333,0.368858333333333,0.392443333333333,0.372831666666667,0.330185,0.265318333333333,0.236756666666667,0.222865,0.20443,0.161143333333333,0.14853,0.147701666666667,0.12968,0.115525,0.106626666666667,0.09095,0.0666883333333333,0.0491366666666667,0.0455916666666667,0.036395,0.0262766666666667,0.02398,0.0203116666666667,0.0164583333333333,0.0114233333333333,0.01131,0.00844666666666667,0.004325,0.005455,0.00784166666666667,0.00375166666666667,0.00555166666666667,0.00207333333333333,0.00336,0.000915,0.00132833333333333,0.00137,0.00143333333333333,0.000688333333333333,0.000428333333333333,0.000855,0.000426666666666667,0.000425,0.000425,0,0,0,0,0,0,0,0,0.00052,0.000316666666666667,0.000341666666666667,0.000366666666666667,0.000391666666666667,0.000416666666666667,0.000125,0,1,0,0,0,0,0,0,1,1,1,1,1,1,1,1,1,1,1,1,1,1,1,1,1,1,1,1,1,1,1,1,1,1,1,1,1,1,1,1,1,1,1,1,1,1,1,1,1,1,1,1,1,1,1,1,1,1,1,1,1,1,1,1,1,1,1,1,1,1,1,1,1,1,1,1,1,1,1,1,0
2026-05-31 23:00:00,48.3967680833333,0,0,0,0,0,0,0.01445,1.327245,7.10725,10.5380416666667,7.505855,5.25418,3.90151166666667,3.2416,2.02862166666667,1.13714166666667,0.734685,0.476553333333333,0.370275,0.337173333333333,0.379331666666667,0.387466666666667,0.387325,0.346621666666667,0.3161,0.269431666666667,0.264286666666667,0.226886666666667,0.224545,0.230143333333333,0.193498333333333,0.171431666666667,0.160531666666667,0.130611666666667,0.117656666666667,0.0966616666666667,0.0824066666666667,0.068815,0.0508783333333333,0.0403883333333333,0.0322733333333333,0.0244666666666667,0.01917,0.0163683333333333,0.016525,0.0105016666666667,0.00968166666666667,0.00436666666666667,0.0107033333333333,0.00528333333333333,0.00759333333333333,0.00337166666666667,0.00545,0.00348666666666667,0.00104,0.00172,0.00189166666666667,0.00106,0.00134,0,0.000853333333333333,0.000425,0,0,0.000421666666666667,0.000566666666666667,0.00111666666666667,0,0.000416666666666667,0.000415,0,0.0000433333333333333,0.000126666666666667,0.000136666666666667,0.000146666666666667,0.000156666666666667,0.000166666666666667,0.00005,0,1,0,0,0,0,0,0,1,1,1,1,1,1,1,1,1,1,1,1,1,1,1,1,1,1,1,1,1,1,1,1,1,1,1,1,1,1,1,1,1,1,1,1,1,1,1,1,1,1,1,1,1,1,1,1,1,1,1,1,1,1,1,1,1,1,1,1,1,1,1,1,1,1,1,1,1,1,1,1,0
